id,place_name,category_name,category_group_code,address_name,road_address_name,phone,place_url,lat,lon
20848368,1100고지휴게소 주차장,"교통,수송 > 교통시설 > 주차장",PK6,제주특별자치도 서귀포시 색달동 산 1-3,제주특별자치도 서귀포시 1100로 1555,,http://place.map.kakao.com/20848368,33.3576858,126.4627980
933185851,1호광장주차장,"교통,수송 > 교통시설 > 주차장 > 공영주차장",PK6,제주특별자치도 서귀포시 서귀동 298-2,제주특별자치도 서귀포시 서문로 7,,http://place.map.kakao.com/933185851,33.2516804,126.5604897
806693800,4.3유적지섯알오름학살터 주차장,"교통,수송 > 교통시설 > 주차장",PK6,제주특별자치도 서귀포시 대정읍 상모리 1607-11,,,http://place.map.kakao.com/806693800,33.2048887,126.2776091
225783009,9.81파크 주차장,"교통,수송 > 교통시설 > 주차장",PK6,제주특별자치도 제주시 애월읍 어음리 3916,제주특별자치도 제주시 애월읍 천덕로 880-24,,http://place.map.kakao.com/225783009,33.3909016,126.3655289
1844590956,BMW차징스테이션 제주신화월드메리어트호텔A주차장 by코오롱모터스 전기차충전소,"교통,수송 > 자동차 > 전기차 충전소",,제주특별자치도 서귀포시 안덕면 서광리 산 24,제주특별자치도 서귀포시 안덕면 신화역사로304번길 38,,http://place.map.kakao.com/1844590956,33.3049730,126.3163520
740596899,BMW차징스테이션 제주신화월드메리어트호텔B주차장 by코오롱모터스 전기차충전소,"교통,수송 > 자동차 > 전기차 충전소",,제주특별자치도 서귀포시 안덕면 서광리 산 24,제주특별자치도 서귀포시 안덕면 신화역사로304번길 38,,http://place.map.kakao.com/740596899,33.3049730,126.3163520
27424503,EV충전소 안덕면사무소 주차장,"교통,수송 > 교통시설 > 주차장",PK6,제주특별자치도 서귀포시 안덕면 화순리 1961-1,제주특별자치도 서귀포시 안덕면 화순서서로 74,064-794-9001,http://place.map.kakao.com/27424503,33.2575410,126.3307478
608088553,G car zone 삼성혈 주차장,"교통,수송 > 교통시설 > 카셰어링 > G car zone",,제주특별자치도 제주시 이도일동 1313,제주특별자치도 제주시 삼성로 22,,http://place.map.kakao.com/608088553,33.5052364,126.5289363
1059761211,G car zone 연동 88주차장,"교통,수송 > 교통시설 > 카셰어링 > G car zone",,제주특별자치도 제주시 연동 310-2,,,http://place.map.kakao.com/1059761211,33.4929982,126.4977160
33008768,IBK기업은행365 천지연주차장,"금융,보험 > 금융서비스 > 은행 > ATM",BK9,제주특별자치도 서귀포시 서홍동 666-1,제주특별자치도 서귀포시 남성중로 2-15,,http://place.map.kakao.com/33008768,33.2447205,126.5596704
17932567,ICC제주국제컨벤션센터 주차장,"교통,수송 > 교통시설 > 주차장",PK6,제주특별자치도 서귀포시 중문동 2700,제주특별자치도 서귀포시 중문관광로 224,,http://place.map.kakao.com/17932567,33.2420885,126.4247117
17932566,ICC주차장1,"교통,수송 > 교통시설 > 주차장",PK6,제주특별자치도 서귀포시 중문동 2695-1,,,http://place.map.kakao.com/17932566,33.2425753,126.4239145
611278128,JDC공영주차장 전기차충전소,"교통,수송 > 자동차 > 전기차 충전소",,제주특별자치도 제주시 영평동 2191-1,제주특별자치도 제주시 첨단로8길 92,,http://place.map.kakao.com/611278128,33.4444650,126.5698101
34463187,JDC제주첨단리슈빌아파트 지하주차장,"교통,수송 > 교통시설 > 주차장",PK6,제주특별자치도 제주시 월평동 717,제주특별자치도 제주시 첨단로동길 24,,http://place.map.kakao.com/34463187,33.4574317,126.5747348
803933257,JIBS 사옥 주차장 전기차충전소,"교통,수송 > 자동차 > 전기차 충전소",,제주특별자치도 제주시 오라삼동 2750,제주특별자치도 제주시 연삼로 95,1670-2690,http://place.map.kakao.com/803933257,33.4935147,126.5023724
711909254,JW메리어트제주 주차장,"교통,수송 > 교통시설 > 주차장",PK6,제주특별자치도 서귀포시 호근동 441,,,http://place.map.kakao.com/711909254,33.2433657,126.5381465
109321886,KBS 사옥 주차장 전기차충전소,"교통,수송 > 자동차 > 전기차 충전소",,제주특별자치도 제주시 도남동 668,제주특별자치도 제주시 복지로1길 8,1670-2690,http://place.map.kakao.com/109321886,33.4891220,126.5189994
1934394089,KB국민은행 서귀포지점 고객주차장,"교통,수송 > 교통시설 > 주차장",PK6,제주특별자치도 서귀포시 서귀동 293-17,제주특별자치도 서귀포시 중정로 55,,http://place.map.kakao.com/1934394089,33.2478619,126.5622558
816973284,KCC스위첸 동측 공영주차장 전기차충전소,"교통,수송 > 자동차 > 전기차 충전소",,제주특별자치도 제주시 아라일동 6093-4,제주특별자치도 제주시 아란5길 31-12,,http://place.map.kakao.com/816973284,33.4736785,126.5447733
125980040,M1971 요트투어 주차장,"교통,수송 > 교통시설 > 주차장",PK6,제주특별자치도 서귀포시 대정읍 하모리 646-20,,,http://place.map.kakao.com/125980040,33.2105021,126.2570769
23445950,MG제주연수원 주차장,"교통,수송 > 교통시설 > 주차장",PK6,제주특별자치도 제주시 애월읍 소길리 155-18,제주특별자치도 제주시 애월읍 평화로 2175,,http://place.map.kakao.com/23445950,33.4124518,126.3947966
8220617,NH농협은행 제주시지부,"금융,보험 > 금융서비스 > 은행 > NH농협은행",BK9,제주특별자치도 제주시 연동 303-1,제주특별자치도 제주시 신대로 110,064-746-1117,http://place.map.kakao.com/8220617,33.4874635,126.4961996
1389156438,SK제1주차장,"교통,수송 > 교통시설 > 주차장",PK6,제주특별자치도 제주시 용담이동 724-1,,,http://place.map.kakao.com/1389156438,33.5036514,126.5008346
1976229056,SK핀크스(직원주차장) 전기차충전소,"교통,수송 > 자동차 > 전기차 충전소",,제주특별자치도 서귀포시 안덕면 상천리 산 62-3,제주특별자치도 서귀포시 안덕면 산록남로 863,,http://place.map.kakao.com/1976229056,33.3053600,126.3936852
1957615895,SK핀크스(후생관 주차장) 전기차충전소,"교통,수송 > 자동차 > 전기차 충전소",,제주특별자치도 서귀포시 안덕면 상천리 산 62-3,제주특별자치도 서귀포시 안덕면 산록남로 863,,http://place.map.kakao.com/1957615895,33.3053600,126.3936852
877499418,Y식자재마트 제주삼화점 주차장,"교통,수송 > 교통시설 > 주차장",PK6,제주특별자치도 제주시 도련일동 1937-1,제주특별자치도 제주시 건주로 27,,http://place.map.kakao.com/877499418,33.5170897,126.5814298
1257236053,가람돌솥밥 주차장,"교통,수송 > 교통시설 > 주차장",PK6,제주특별자치도 서귀포시 대포동 747-3,,,http://place.map.kakao.com/1257236053,33.2497855,126.4311329
667140514,가오리 공영주차장 전기차충전소,"교통,수송 > 자동차 > 전기차 충전소",,제주특별자치도 제주시 조천읍 선흘리 1854-8,제주특별자치도 제주시 조천읍 번영로 1656,,http://place.map.kakao.com/667140514,33.4547968,126.7060857
18104438,감귤박물관 1주차장,"교통,수송 > 교통시설 > 주차장",PK6,제주특별자치도 서귀포시 신효동 1-2,,,http://place.map.kakao.com/18104438,33.2721593,126.6083101
1636495806,강정마을회관 무료주차장,"교통,수송 > 교통시설 > 주차장",PK6,제주특별자치도 서귀포시 강정동 4353,,,http://place.map.kakao.com/1636495806,33.2379890,126.4759449
17932757,강창학종합경기장 2주차장,"교통,수송 > 교통시설 > 주차장",PK6,제주특별자치도 서귀포시 강정동 1517,,,http://place.map.kakao.com/17932757,33.2612608,126.5016039
17575165,강창학종합경기장 주차장1,"교통,수송 > 교통시설 > 주차장",PK6,제주특별자치도 서귀포시 강정동 1475,제주특별자치도 서귀포시 중산간서로 97-40,,http://place.map.kakao.com/17575165,33.2596263,126.4978183
1537748973,개똥이동물원 주차장,"교통,수송 > 교통시설 > 주차장",PK6,제주특별자치도 제주시 조천읍 와흘리 2160-3,,,http://place.map.kakao.com/1537748973,33.4949436,126.6228971
625423142,거로 공영주차장,"교통,수송 > 교통시설 > 주차장 > 공영주차장",PK6,제주특별자치도 제주시 화북이동 3491-2,,,http://place.map.kakao.com/625423142,33.5100971,126.5626630
20512978,거린사슴전망대주차장,"교통,수송 > 교통시설 > 주차장",PK6,제주특별자치도 서귀포시 대포동 산 2-11,제주특별자치도 서귀포시 1100로 823,,http://place.map.kakao.com/20512978,33.3074168,126.4544174
20595342,거마가든 주차장,"교통,수송 > 교통시설 > 주차장",PK6,제주특별자치도 제주시 아라이동 987-1,제주특별자치도 제주시 금월길 105,,http://place.map.kakao.com/20595342,33.4801729,126.5540072
574534528,거멍국수 주차장,"교통,수송 > 교통시설 > 주차장",PK6,제주특별자치도 서귀포시 안덕면 사계리 522-1,제주특별자치도 서귀포시 안덕면 사계로114번길 53-14,,http://place.map.kakao.com/574534528,33.2444858,126.3043337
788380491,거문오름주차장,"교통,수송 > 교통시설 > 주차장",PK6,제주특별자치도 제주시 조천읍 선흘리 478,제주특별자치도 제주시 조천읍 선교로 569-36,,http://place.map.kakao.com/788380491,33.4571204,126.7146237
786275823,거슨세미오름 주차장,"교통,수송 > 교통시설 > 주차장",PK6,제주특별자치도 제주시 구좌읍 송당리 산 145,,,http://place.map.kakao.com/786275823,33.4457247,126.7572827
17577519,건강과성박물관 주차장,"교통,수송 > 교통시설 > 주차장",PK6,제주특별자치도 서귀포시 안덕면 감산리 1736,제주특별자치도 서귀포시 안덕면 일주서로 1611,,http://place.map.kakao.com/17577519,33.2547882,126.3454491
20513007,건업동현대지하주차장,"교통,수송 > 교통시설 > 주차장",PK6,제주특별자치도 제주시 건입동 940-3,제주특별자치도 제주시 만덕로3길 26,,http://place.map.kakao.com/20513007,33.5172167,126.5341455
1184267864,건입동무료주차장,"교통,수송 > 교통시설 > 주차장 > 공영주차장",PK6,제주특별자치도 제주시 건입동 1042-2,,,http://place.map.kakao.com/1184267864,33.5162514,126.5354380
1673811734,걸매생태공원 공영주차장,"교통,수송 > 교통시설 > 주차장 > 공영주차장",PK6,제주특별자치도 서귀포시 서홍동 477-1,,,http://place.map.kakao.com/1673811734,33.2503794,126.5546823
17562427,걸매생태공원 주차장1,"교통,수송 > 교통시설 > 주차장",PK6,제주특별자치도 서귀포시 서홍동 1194-4,제주특별자치도 서귀포시 서홍로 40,,http://place.map.kakao.com/17562427,33.2516708,126.5537507
17558916,걸매생태공원 주차장2,"교통,수송 > 교통시설 > 주차장",PK6,제주특별자치도 서귀포시 서홍동 1209,,,http://place.map.kakao.com/17558916,33.2517265,126.5541882
17556929,걸매생태공원 주차장3,"교통,수송 > 교통시설 > 주차장",PK6,제주특별자치도 서귀포시 서홍동 477-4,제주특별자치도 서귀포시 서홍로 4-26,,http://place.map.kakao.com/17556929,33.2492658,126.5539132
5951698,게스트하우스빅썸 주차장,"교통,수송 > 교통시설 > 주차장",PK6,제주특별자치도 서귀포시 남원읍 태흥리 373,,,http://place.map.kakao.com/5951698,33.2881606,126.7497219
1932532096,고근산 주차장,"교통,수송 > 교통시설 > 주차장",PK6,제주특별자치도 서귀포시 서호동 1433,,,http://place.map.kakao.com/1932532096,33.2637654,126.5111114
1950460435,고내리주차장,"교통,수송 > 교통시설 > 주차장 > 공영주차장",PK6,제주특별자치도 제주시 애월읍 고내리 461-1,,,http://place.map.kakao.com/1950460435,33.4701496,126.3409473
394972175,고내봉 주차장,"교통,수송 > 교통시설 > 주차장",PK6,제주특별자치도 제주시 애월읍 고내리 764-5,,,http://place.map.kakao.com/394972175,33.4563742,126.3377322
511870711,고등어쌈밥 주차장,"교통,수송 > 교통시설 > 주차장",PK6,제주특별자치도 서귀포시 성산읍 고성리 232,,,http://place.map.kakao.com/511870711,33.4494586,126.9206230
20513224,고산동산 공영주차장,"교통,수송 > 교통시설 > 주차장 > 공영주차장",PK6,제주특별자치도 제주시 이도이동 1012-10,,,http://place.map.kakao.com/20513224,33.4956655,126.5314158
1280487542,고산동산공영주차장 전기차충전소,"교통,수송 > 자동차 > 전기차 충전소",,제주특별자치도 제주시 이도이동 1012-10,,1899-8852,http://place.map.kakao.com/1280487542,33.4956646,126.5314158
1191815829,고성리 구)보건지소 공영주차장,"교통,수송 > 교통시설 > 주차장 > 공영주차장",PK6,제주특별자치도 서귀포시 성산읍 고성리 1192-2,,,http://place.map.kakao.com/1191815829,33.4509146,126.9137273
1275709804,고성리 회전교차로 공영주차장,"교통,수송 > 교통시설 > 주차장 > 공영주차장",PK6,제주특별자치도 서귀포시 성산읍 고성리 346-2,제주특별자치도 서귀포시 성산읍 고성오조로 42,,http://place.map.kakao.com/1275709804,33.4465558,126.9157493
756387552,고성오일장옆 공영주차장,"교통,수송 > 교통시설 > 주차장 > 공영주차장",PK6,제주특별자치도 서귀포시 성산읍 고성리 1180-34,제주특별자치도 서귀포시 성산읍 고성오조로 93,,http://place.map.kakao.com/756387552,33.4520470,126.9137778
1616644056,고집돌우럭 중문점 주차장,"교통,수송 > 교통시설 > 주차장",PK6,제주특별자치도 서귀포시 색달동 2351,,,http://place.map.kakao.com/1616644056,33.2580216,126.4168762
127706287,고흐의정원 주차장,"교통,수송 > 교통시설 > 주차장",PK6,제주특별자치도 서귀포시 성산읍 삼달리 1182,제주특별자치도 서귀포시 성산읍 삼달신풍로 132,,http://place.map.kakao.com/127706287,33.3734205,126.8435775
2122082687,골막식당 주차장,"교통,수송 > 교통시설 > 주차장",PK6,제주특별자치도 제주시 이도이동 362-2,,,http://place.map.kakao.com/2122082687,33.5024902,126.5385184
20519499,골프존카운티 오라 주차장,"교통,수송 > 교통시설 > 주차장",PK6,제주특별자치도 제주시 오라이동 289-3,제주특별자치도 제주시 오라남로 130-16,,http://place.map.kakao.com/20519499,33.4481911,126.5145534
1322579901,곰막식당 주차장,"교통,수송 > 교통시설 > 주차장",PK6,제주특별자치도 제주시 구좌읍 동복리 667-1,제주특별자치도 제주시 구좌읍 구좌해안로 64,,http://place.map.kakao.com/1322579901,33.5568777,126.7205225
396707233,공관어린이집남측공영주차장,"교통,수송 > 교통시설 > 주차장 > 공영주차장",PK6,제주특별자치도 제주시 연동 291-21,,,http://place.map.kakao.com/396707233,33.4906411,126.4954043
1492552184,공백B주차장,"교통,수송 > 교통시설 > 주차장",PK6,제주특별자치도 제주시 구좌읍 동복리 1374,,,http://place.map.kakao.com/1492552184,33.5524025,126.7150969
167117983,공영무료주차장,"교통,수송 > 교통시설 > 주차장 > 공영주차장",PK6,제주특별자치도 제주시 도남동 916-10,,,http://place.map.kakao.com/167117983,33.4980696,126.5263149
1003902949,공영주차장,"교통,수송 > 교통시설 > 주차장 > 공영주차장",PK6,제주특별자치도 제주시 한경면 조수리 418,제주특별자치도 제주시 한경면 홍수암로 565,,http://place.map.kakao.com/1003902949,33.3371731,126.2282050
1092422095,공영주차장,"교통,수송 > 교통시설 > 주차장 > 공영주차장",PK6,제주특별자치도 제주시 삼양일동 1581-1,,,http://place.map.kakao.com/1092422095,33.5282409,126.5901507
1100921182,공영주차장,"교통,수송 > 교통시설 > 주차장 > 공영주차장",PK6,제주특별자치도 제주시 용담이동 928-89,,,http://place.map.kakao.com/1100921182,33.5121638,126.5043246
1102162496,공영주차장,"교통,수송 > 교통시설 > 주차장 > 공영주차장",PK6,제주특별자치도 제주시 건입동 1077-24,,,http://place.map.kakao.com/1102162496,33.5146318,126.5343789
1197086449,공영주차장,"교통,수송 > 교통시설 > 주차장 > 공영주차장",PK6,제주특별자치도 제주시 삼도일동 522-9,,,http://place.map.kakao.com/1197086449,33.5013594,126.5187972
1203041160,공영주차장,"교통,수송 > 교통시설 > 주차장 > 공영주차장",PK6,제주특별자치도 제주시 이도이동 1992-7,,,http://place.map.kakao.com/1203041160,33.4916217,126.5378508
1218742918,공영주차장,"교통,수송 > 교통시설 > 주차장 > 공영주차장",PK6,제주특별자치도 서귀포시 동홍동 87-3,,,http://place.map.kakao.com/1218742918,33.2580989,126.5710262
1332148210,공영주차장,"교통,수송 > 교통시설 > 주차장 > 공영주차장",PK6,제주특별자치도 서귀포시 동홍동 473-5,,,http://place.map.kakao.com/1332148210,33.2556498,126.5746118
1381109584,공영주차장,"교통,수송 > 교통시설 > 주차장 > 공영주차장",PK6,제주특별자치도 제주시 연동 290-21,,,http://place.map.kakao.com/1381109584,33.4928926,126.4945777
1396243368,공영주차장,"교통,수송 > 교통시설 > 주차장 > 공영주차장",PK6,제주특별자치도 제주시 이도일동 1949-1,,,http://place.map.kakao.com/1396243368,33.5097735,126.5238209
1434587426,공영주차장,"교통,수송 > 교통시설 > 주차장 > 공영주차장",PK6,제주특별자치도 제주시 노형동 3786-4,,,http://place.map.kakao.com/1434587426,33.4835264,126.4785704
1435630326,공영주차장,"교통,수송 > 교통시설 > 주차장 > 공영주차장",PK6,제주특별자치도 제주시 조천읍 신촌리 2415-1,,,http://place.map.kakao.com/1435630326,33.5368653,126.6142261
1438990808,공영주차장,"교통,수송 > 교통시설 > 주차장 > 공영주차장",PK6,제주특별자치도 제주시 한림읍 협재리 2516,,,http://place.map.kakao.com/1438990808,33.3929421,126.2408036
1506357874,공영주차장,"교통,수송 > 교통시설 > 주차장 > 공영주차장",PK6,제주특별자치도 제주시 노형동 726-3,,,http://place.map.kakao.com/1506357874,33.4815829,126.4868753
1581262762,공영주차장,"교통,수송 > 교통시설 > 주차장 > 공영주차장",PK6,제주특별자치도 서귀포시 서호동 356-5,,,http://place.map.kakao.com/1581262762,33.2576199,126.5234259
1674455604,공영주차장,"교통,수송 > 교통시설 > 주차장 > 공영주차장",PK6,제주특별자치도 제주시 조천읍 함덕리 1252-41,,,http://place.map.kakao.com/1674455604,33.5429799,126.6643403
1716600295,공영주차장,"교통,수송 > 교통시설 > 주차장 > 공영주차장",PK6,제주특별자치도 제주시 구좌읍 동복리 1530,,,http://place.map.kakao.com/1716600295,33.5532615,126.7126820
1744768093,공영주차장,"교통,수송 > 교통시설 > 주차장 > 공영주차장",PK6,제주특별자치도 서귀포시 동홍동 110-1,,,http://place.map.kakao.com/1744768093,33.2571437,126.5711704
17562282,공영주차장,"교통,수송 > 교통시설 > 주차장 > 공영주차장",PK6,제주특별자치도 제주시 건입동 697-1,,,http://place.map.kakao.com/17562282,33.5154659,126.5424169
1783396630,공영주차장,"교통,수송 > 교통시설 > 주차장 > 공영주차장",PK6,제주특별자치도 제주시 애월읍 신엄리 2069-2,,,http://place.map.kakao.com/1783396630,33.4472897,126.3713027
1940301822,공영주차장,"교통,수송 > 교통시설 > 주차장 > 공영주차장",PK6,제주특별자치도 서귀포시 서홍동 1223-13,,,http://place.map.kakao.com/1940301822,33.2539527,126.5534687
1979456123,공영주차장,"교통,수송 > 교통시설 > 주차장 > 공영주차장",PK6,제주특별자치도 제주시 이호일동 1759-1,,,http://place.map.kakao.com/1979456123,33.4960567,126.4502176
1985894027,공영주차장,"교통,수송 > 교통시설 > 주차장 > 공영주차장",PK6,제주특별자치도 제주시 아라일동 6044-2,,,http://place.map.kakao.com/1985894027,33.4768060,126.5415594
2017009899,공영주차장,"교통,수송 > 교통시설 > 주차장 > 공영주차장",PK6,제주특별자치도 제주시 구좌읍 종달리 153,,064-728-7764,http://place.map.kakao.com/2017009899,33.5096237,126.9040170
2024504017,공영주차장,"교통,수송 > 교통시설 > 주차장 > 공영주차장",PK6,제주특별자치도 제주시 용담이동 774-5,,,http://place.map.kakao.com/2024504017,33.5050815,126.5069501
2049415379,공영주차장,"교통,수송 > 교통시설 > 주차장 > 공영주차장",PK6,제주특별자치도 제주시 구좌읍 세화리 1515-2,,,http://place.map.kakao.com/2049415379,33.5244485,126.8547070
20581001,공영주차장,"교통,수송 > 교통시설 > 주차장 > 공영주차장",PK6,제주특별자치도 제주시 한림읍 금능리 1428,,,http://place.map.kakao.com/20581001,33.3888912,126.2318581
20581052,공영주차장,"교통,수송 > 교통시설 > 주차장 > 공영주차장",PK6,제주특별자치도 제주시 삼양일동 1579-1,,,http://place.map.kakao.com/20581052,33.5295500,126.5934300
20581110,공영주차장,"교통,수송 > 교통시설 > 주차장 > 공영주차장",PK6,제주특별자치도 제주시 연동 311-34,제주특별자치도 제주시 귀아랑2길 15,,http://place.map.kakao.com/20581110,33.4916334,126.4990872
2100531851,공영주차장,"교통,수송 > 교통시설 > 주차장 > 공영주차장",PK6,제주특별자치도 제주시 구좌읍 세화리 1501,,,http://place.map.kakao.com/2100531851,33.5251897,126.8571656
23579535,공영주차장,"교통,수송 > 교통시설 > 주차장 > 공영주차장",PK6,제주특별자치도 제주시 노형동 940-11,,,http://place.map.kakao.com/23579535,33.4855583,126.4858533
240505706,공영주차장,"교통,수송 > 교통시설 > 주차장 > 공영주차장",PK6,제주특별자치도 제주시 건입동 1003-7,,,http://place.map.kakao.com/240505706,33.5158598,126.5329516
295699311,공영주차장,"교통,수송 > 교통시설 > 주차장 > 공영주차장",PK6,제주특별자치도 제주시 이도이동 1977-7,,,http://place.map.kakao.com/295699311,33.4911523,126.5408382
348081799,공영주차장,"교통,수송 > 교통시설 > 주차장 > 공영주차장",PK6,제주특별자치도 서귀포시 동홍동 86-5,,,http://place.map.kakao.com/348081799,33.2581636,126.5714874
387109495,공영주차장,"교통,수송 > 교통시설 > 주차장 > 공영주차장",PK6,제주특별자치도 제주시 한림읍 한림리 1377-48,,,http://place.map.kakao.com/387109495,33.4101078,126.2586071
407150767,공영주차장,"교통,수송 > 교통시설 > 주차장 > 공영주차장",PK6,제주특별자치도 서귀포시 동홍동 108-2,,,http://place.map.kakao.com/407150767,33.2570672,126.5725337
439505974,공영주차장,"교통,수송 > 교통시설 > 주차장 > 공영주차장",PK6,제주특별자치도 제주시 연동 1370-2,,,http://place.map.kakao.com/439505974,33.4816001,126.4879748
523706988,공영주차장,"교통,수송 > 교통시설 > 주차장 > 공영주차장",PK6,제주특별자치도 제주시 외도일동 635-7,,,http://place.map.kakao.com/523706988,33.4851245,126.4299489
598877548,공영주차장,"교통,수송 > 교통시설 > 주차장 > 공영주차장",PK6,제주특별자치도 제주시 노형동 3792,,,http://place.map.kakao.com/598877548,33.4830203,126.4778548
632721694,공영주차장,"교통,수송 > 교통시설 > 주차장 > 공영주차장",PK6,제주특별자치도 제주시 도남동 689-7,,,http://place.map.kakao.com/632721694,33.4882623,126.5212121
681837785,공영주차장,"교통,수송 > 교통시설 > 주차장 > 공영주차장",PK6,제주특별자치도 제주시 화북일동 1984-1,,,http://place.map.kakao.com/681837785,33.5192458,126.5645405
767971381,공영주차장,"교통,수송 > 교통시설 > 주차장 > 공영주차장",PK6,제주특별자치도 제주시 노형동 3801-23,,,http://place.map.kakao.com/767971381,33.4799097,126.4769783
780194563,공영주차장,"교통,수송 > 교통시설 > 주차장 > 공영주차장",PK6,제주특별자치도 서귀포시 동홍동 88-2,,,http://place.map.kakao.com/780194563,33.2582745,126.5701754
801947952,공영주차장,"교통,수송 > 교통시설 > 주차장 > 공영주차장",PK6,제주특별자치도 제주시 한림읍 한림리 1001,,,http://place.map.kakao.com/801947952,33.4137346,126.2696494
812006941,공영주차장,"교통,수송 > 교통시설 > 주차장 > 공영주차장",PK6,제주특별자치도 제주시 한경면 판포리 2863,,,http://place.map.kakao.com/812006941,33.3644499,126.2002788
851180359,공영주차장,"교통,수송 > 교통시설 > 주차장 > 공영주차장",PK6,제주특별자치도 제주시 오라일동 2440-12,,,http://place.map.kakao.com/851180359,33.4995953,126.5135553
144009809,공용주차장,"교통,수송 > 교통시설 > 주차장 > 공영주차장",PK6,제주특별자치도 제주시 아라일동 6097-24,,,http://place.map.kakao.com/144009809,33.4745821,126.5423597
1530278618,공용주차장,"교통,수송 > 교통시설 > 주차장 > 공영주차장",PK6,제주특별자치도 제주시 애월읍 고내리 834-4,,,http://place.map.kakao.com/1530278618,33.4630343,126.3341985
1409547239,공한지 무료주차장,"교통,수송 > 교통시설 > 주차장 > 공영주차장",PK6,제주특별자치도 서귀포시 성산읍 고성리 1180-15,,064-760-3133,http://place.map.kakao.com/1409547239,33.4504935,126.9124908
1276170078,공한지무료주차장,"교통,수송 > 교통시설 > 주차장",PK6,제주특별자치도 서귀포시 월평동 751-8,,,http://place.map.kakao.com/1276170078,33.2449943,126.4590247
20580731,공한지무료주차장,"교통,수송 > 교통시설 > 주차장",PK6,제주특별자치도 서귀포시 서귀동 260-52,,,http://place.map.kakao.com/20580731,33.2515527,126.5662379
908499183,공한지무료주차장,"교통,수송 > 교통시설 > 주차장",PK6,제주특별자치도 서귀포시 성산읍 성산리 176-7,,,http://place.map.kakao.com/908499183,33.4624051,126.9333776
972577987,공한지무료주차장,"교통,수송 > 교통시설 > 주차장",PK6,제주특별자치도 서귀포시 대정읍 인성리 160-3,,,http://place.map.kakao.com/972577987,33.2465469,126.2828999
26502854,공항로주차장,"교통,수송 > 교통시설 > 주차장",PK6,제주특별자치도 제주시 오라이동 2217-5,제주특별자치도 제주시 동성2길 20,,http://place.map.kakao.com/26502854,33.4960935,126.5105930
8742840,공항입구 공영주차장,"교통,수송 > 교통시설 > 주차장 > 공영주차장",PK6,제주특별자치도 제주시 용담이동 1611,제주특별자치도 제주시 다호북길 7,,http://place.map.kakao.com/8742840,33.5033926,126.4959125
1085103254,공항입구 공영주차장 전기차충전소,"교통,수송 > 자동차 > 전기차 충전소",,제주특별자치도 제주시 용담이동 1611,제주특별자치도 제주시 다호북길 7,,http://place.map.kakao.com/1085103254,33.5035116,126.4957052
1479953403,공항입구 남측 공영주차장,"교통,수송 > 교통시설 > 주차장 > 공영주차장",PK6,제주특별자치도 제주시 용담이동 1624-16,,,http://place.map.kakao.com/1479953403,33.5023210,126.4962470
539661469,곽지포구 유료 주차장,"교통,수송 > 교통시설 > 주차장",PK6,제주특별자치도 제주시 애월읍 곽지리 1565-40,,,http://place.map.kakao.com/539661469,33.4540961,126.3069238
127078655,곽지해녀의집 주차장,"교통,수송 > 교통시설 > 주차장",PK6,제주특별자치도 제주시 애월읍 곽지리 1565-11,,,http://place.map.kakao.com/127078655,33.4536097,126.3066770
2083207662,곽지해수욕장 교육원앞주차장,"교통,수송 > 교통시설 > 주차장",PK6,제주특별자치도 제주시 애월읍 곽지리 1565,,,http://place.map.kakao.com/2083207662,33.4511118,126.3065926
1245410806,곽지해수욕장 옆 주차장,"교통,수송 > 교통시설 > 주차장",PK6,제주특별자치도 제주시 애월읍 곽지리 1565-12,,,http://place.map.kakao.com/1245410806,33.4497779,126.3053771
780821895,곽지해수욕장 유료주차장,"교통,수송 > 교통시설 > 주차장",PK6,제주특별자치도 제주시 애월읍 곽지리 1565,,,http://place.map.kakao.com/780821895,33.4512819,126.3066988
20513455,곽지해수욕장 주차장,"교통,수송 > 교통시설 > 주차장",PK6,제주특별자치도 제주시 애월읍 곽지리 1565,,,http://place.map.kakao.com/20513455,33.4486089,126.3033559
509504794,관덕정 서측 노외공영주차장,"교통,수송 > 교통시설 > 주차장 > 공영주차장",PK6,제주특별자치도 제주시 삼도이동 1024,,064-759-8920,http://place.map.kakao.com/509504794,33.5135121,126.5207006
1576379715,관음사 공영주차장 전기차충전소,"교통,수송 > 자동차 > 전기차 충전소",,제주특별자치도 제주시 오등동 산 180-3,제주특별자치도 제주시 산록북로 588,,http://place.map.kakao.com/1576379715,33.4219397,126.5505904
17570598,관음사 주차장,"교통,수송 > 교통시설 > 주차장",PK6,제주특별자치도 제주시 아라일동 산 387-2,,,http://place.map.kakao.com/17570598,33.4261591,126.5578362
20593771,광령지 주차장,"교통,수송 > 교통시설 > 주차장",PK6,제주특별자치도 제주시 애월읍 광령리 3674-3,,,http://place.map.kakao.com/20593771,33.4722133,126.4259497
20513500,광령지주차장,"교통,수송 > 교통시설 > 주차장",PK6,제주특별자치도 제주시 애월읍 광령리 3605-1,,,http://place.map.kakao.com/20513500,33.4703615,126.4255919
20513501,광령지주차장,"교통,수송 > 교통시설 > 주차장",PK6,제주특별자치도 제주시 애월읍 수산리 1968,,,http://place.map.kakao.com/20513501,33.4723020,126.3865060
326625639,광양 공영주차장 전기차충전소,"교통,수송 > 자동차 > 전기차 충전소",,제주특별자치도 제주시 이도일동 1257-4,제주특별자치도 제주시 동광로1길 18,,http://place.map.kakao.com/326625639,33.5022768,126.5289975
27141241,광양초 서측 공영주차장,"교통,수송 > 교통시설 > 주차장 > 공영주차장",PK6,제주특별자치도 제주시 이도일동 1257-4,제주특별자치도 제주시 동광로1길 18,,http://place.map.kakao.com/27141241,33.5023216,126.5289467
1687653147,광어다 주차장,"교통,수송 > 교통시설 > 주차장",PK6,제주특별자치도 서귀포시 표선면 세화리 181,제주특별자치도 서귀포시 표선면 민속해안로 73,,http://place.map.kakao.com/1687653147,33.3038109,126.8090779
780259331,광원 주차장,"교통,수송 > 교통시설 > 주차장",PK6,제주특별자치도 제주시 노형동 75-10,제주특별자치도 제주시 1100로 3208,,http://place.map.kakao.com/780259331,33.4723321,126.4848094
771115837,광치기해변 공영주차장,"교통,수송 > 교통시설 > 주차장 > 공영주차장",PK6,제주특별자치도 서귀포시 성산읍 고성리 263,,,http://place.map.kakao.com/771115837,33.4555060,126.9255352
1903054256,광치기해변 주차장,"교통,수송 > 교통시설 > 주차장",PK6,제주특별자치도 서귀포시 성산읍 고성리,,,http://place.map.kakao.com/1903054256,33.4532740,126.9246529
1231140651,광치기해변공영주차장 전기차충전소,"교통,수송 > 자동차 > 전기차 충전소",,제주특별자치도 서귀포시 성산읍 고성리 263,,,http://place.map.kakao.com/1231140651,33.4553320,126.9255149
78943926,교래손칼국수 주차장,"교통,수송 > 교통시설 > 주차장",PK6,제주특별자치도 제주시 조천읍 교래리 491,제주특별자치도 제주시 조천읍 비자림로 645,,http://place.map.kakao.com/78943926,33.4361175,126.6761351
20513626,교래자연휴양림 주차장,"교통,수송 > 교통시설 > 주차장",PK6,제주특별자치도 제주시 조천읍 교래리 산 54-2,,,http://place.map.kakao.com/20513626,33.4395508,126.6675836
654788401,교래흑돼지 본점 주차장,"교통,수송 > 교통시설 > 주차장",PK6,제주특별자치도 제주시 조천읍 교래리 216-3,,,http://place.map.kakao.com/654788401,33.4239445,126.6749245
1689852553,구남1 공영주차장(제주) 전기차충전소,"교통,수송 > 자동차 > 전기차 충전소",,제주특별자치도 제주시 이도이동 1997-2,제주특별자치도 제주시 구남로8길 4-2,,http://place.map.kakao.com/1689852553,33.4903903,126.5364510
20580665,구오일장마당 공영주차장,"교통,수송 > 교통시설 > 주차장 > 공영주차장",PK6,제주특별자치도 서귀포시 남원읍 남원리 84-2,,,http://place.map.kakao.com/20580665,33.2788116,126.7213690
1153897745,구좌상회작업실 주차장,"교통,수송 > 교통시설 > 주차장",PK6,제주특별자치도 제주시 조천읍 선흘리 3983,제주특별자치도 제주시 조천읍 선교로 198-5,,http://place.map.kakao.com/1153897745,33.4856511,126.6987810
760322688,구좌읍 공영주차장,"교통,수송 > 교통시설 > 주차장 > 공영주차장",PK6,제주특별자치도 제주시 구좌읍 종달리 572-1,,,http://place.map.kakao.com/760322688,33.4950664,126.9087679
1054532655,구좌읍 무료 주차장,"교통,수송 > 교통시설 > 주차장 > 공영주차장",PK6,제주특별자치도 제주시 구좌읍 한동리 2972-1,,,http://place.map.kakao.com/1054532655,33.5422191,126.8131431
1635320481,구좌읍 무료 주차장,"교통,수송 > 교통시설 > 주차장 > 공영주차장",PK6,제주특별자치도 제주시 구좌읍 세화리 1491-2,,,http://place.map.kakao.com/1635320481,33.5244940,126.8566231
1803875533,구좌읍 무료 주차장,"교통,수송 > 교통시설 > 주차장 > 공영주차장",PK6,제주특별자치도 제주시 구좌읍 평대리 3164-1,제주특별자치도 제주시 구좌읍 비자숲길 62,,http://place.map.kakao.com/1803875533,33.4916424,126.8104067
43202409,구좌읍 무료 주차장,"교통,수송 > 교통시설 > 주차장 > 공영주차장",PK6,제주특별자치도 제주시 구좌읍 월정리 648-2,제주특별자치도 제주시 구좌읍 월정중길 64,,http://place.map.kakao.com/43202409,33.5575959,126.7944455
20513716,구좌읍주차장,"교통,수송 > 교통시설 > 주차장",PK6,제주특별자치도 제주시 구좌읍 김녕리 1425,,,http://place.map.kakao.com/20513716,33.5573275,126.7504452
20513717,구좌읍주차장,"교통,수송 > 교통시설 > 주차장",PK6,제주특별자치도 제주시 구좌읍 김녕리 1542-1,,,http://place.map.kakao.com/20513717,33.5560991,126.7510862
20513718,구좌체육공원 주차장,"교통,수송 > 교통시설 > 주차장",PK6,제주특별자치도 제주시 구좌읍 김녕리 497-1,제주특별자치도 제주시 구좌읍 김녕로 209,,http://place.map.kakao.com/20513718,33.5555029,126.7615204
1226772714,구좌하나로마트 중부점 주차장,"교통,수송 > 교통시설 > 주차장",PK6,제주특별자치도 제주시 구좌읍 평대리 3351-2,제주특별자치도 제주시 구좌읍 세평항로 13,,http://place.map.kakao.com/1226772714,33.5249686,126.8530850
17938983,국립 제주박물관 주차장1,"교통,수송 > 교통시설 > 주차장",PK6,제주특별자치도 제주시 건입동 261,제주특별자치도 제주시 일주동로 17,,http://place.map.kakao.com/17938983,33.5128265,126.5494053
2033141266,국립제주박물관 주차장,"교통,수송 > 교통시설 > 주차장",PK6,제주특별자치도 제주시 건입동 261,제주특별자치도 제주시 일주동로 17,,http://place.map.kakao.com/2033141266,33.5127674,126.5492829
17938984,국립제주박물관 주차장2,"교통,수송 > 교통시설 > 주차장",PK6,제주특별자치도 제주시 건입동 261,제주특별자치도 제주시 일주동로 17,,http://place.map.kakao.com/17938984,33.5136801,126.5481136
886039005,국립제주박물관 후문주차장 전기차충전소,"교통,수송 > 자동차 > 전기차 충전소",,제주특별자치도 제주시 건입동 261,제주특별자치도 제주시 일주동로 17,,http://place.map.kakao.com/886039005,33.5138571,126.5482074
462600483,국립제주호국원 주차장,"교통,수송 > 교통시설 > 주차장",PK6,제주특별자치도 제주시 노형동 3829,,,http://place.map.kakao.com/462600483,33.4138686,126.4937158
17555540,국세 공무원교육원 주차장1,"교통,수송 > 교통시설 > 주차장",PK6,제주특별자치도 서귀포시 서호동 1513,제주특별자치도 서귀포시 서호중로 19,,http://place.map.kakao.com/17555540,33.2550184,126.5160934
18119412,국세공무원교육원 주차장2,"교통,수송 > 교통시설 > 주차장",PK6,제주특별자치도 서귀포시 서호동 1513,제주특별자치도 서귀포시 서호중로 19,,http://place.map.kakao.com/18119412,33.2567486,126.5149227
1685922954,국제여객터미널 공영주차장,"교통,수송 > 교통시설 > 주차장 > 공영주차장",PK6,제주특별자치도 제주시 건입동 908-1,,,http://place.map.kakao.com/1685922954,33.5219052,126.5426995
1761661820,국토교통부 인재개발원 앞 주차장 전기차충전소,"교통,수송 > 자동차 > 전기차 충전소",,제주특별자치도 서귀포시 서호동 1603,,,http://place.map.kakao.com/1761661820,33.2509766,126.5154439
1278642453,국토교통인재개발원 인근 공영주차장 전기차충전소,"교통,수송 > 자동차 > 전기차 충전소",,제주특별자치도 서귀포시 서호동 1603,,1899-8852,http://place.map.kakao.com/1278642453,33.2521028,126.5156931
939156933,군산오름 주차장,"교통,수송 > 교통시설 > 주차장",PK6,제주특별자치도 서귀포시 안덕면 창천리 산 3-1,,,http://place.map.kakao.com/939156933,33.2528699,126.3685350
1718145962,궷물오름 주차장,"교통,수송 > 교통시설 > 주차장",PK6,제주특별자치도 제주시 애월읍 유수암리 1191-2,,,http://place.map.kakao.com/1718145962,33.4028484,126.4083516
309791167,그라벨호텔 주차장,"교통,수송 > 교통시설 > 주차장",PK6,제주특별자치도 제주시 외도일동 416-19,,,http://place.map.kakao.com/309791167,33.4923824,126.4292052
2031962547,그러므로 파트2 주차장,"교통,수송 > 교통시설 > 주차장",PK6,제주특별자치도 제주시 노형동 128,,,http://place.map.kakao.com/2031962547,33.4685738,126.4862086
619436858,그루브 주차장,"교통,수송 > 교통시설 > 주차장",PK6,제주특별자치도 제주시 한림읍 협재리 2447-7,,,http://place.map.kakao.com/619436858,33.3934791,126.2401487
1943453139,그리스박물관 주차장,"교통,수송 > 교통시설 > 주차장",PK6,제주특별자치도 제주시 한림읍 금악리 산 30-12,제주특별자치도 제주시 한림읍 광산로 942,,http://place.map.kakao.com/1943453139,33.3489634,126.3575828
486975096,그리운바다성산포 주차장,"교통,수송 > 교통시설 > 주차장",PK6,제주특별자치도 서귀포시 성산읍 성산리 360-10,,,http://place.map.kakao.com/486975096,33.4698893,126.9299767
1857665929,그린주유소뒷편 공영주차장,"교통,수송 > 교통시설 > 주차장 > 공영주차장",PK6,제주특별자치도 제주시 이도이동 1063-13,,,http://place.map.kakao.com/1857665929,33.4962739,126.5368877
948617539,그림포레스트 주차장,"교통,수송 > 교통시설 > 주차장",PK6,제주특별자치도 서귀포시 색달동 2864-2,,,http://place.map.kakao.com/948617539,33.2510615,126.4131323
978130567,그초록 주차장,"교통,수송 > 교통시설 > 주차장",PK6,제주특별자치도 제주시 구좌읍 행원리 1484-3,,,http://place.map.kakao.com/978130567,33.5564243,126.8064521
1820227237,근로자종합복지관 주차장,"교통,수송 > 교통시설 > 주차장",PK6,제주특별자치도 제주시 노형동 106,,,http://place.map.kakao.com/1820227237,33.4695606,126.4860931
274707498,근로자종합복지관 주차장 전기차충전소,"교통,수송 > 자동차 > 전기차 충전소",,제주특별자치도 제주시 노형동 106,제주특별자치도 제주시 수목원길 9,1899-8852,http://place.map.kakao.com/274707498,33.4696936,126.4862267
654086144,금능리어촌계복지회관 주차장,"교통,수송 > 교통시설 > 주차장",PK6,제주특별자치도 제주시 한림읍 금능리 1494-6,,,http://place.map.kakao.com/654086144,33.3899371,126.2276552
17580689,금능석물원주차장,"교통,수송 > 교통시설 > 주차장",PK6,제주특별자치도 제주시 한림읍 금능리 1282-9,제주특별자치도 제주시 한림읍 한림로 176,,http://place.map.kakao.com/17580689,33.3858165,126.2268641
585124436,금능해수욕장 주차장,"교통,수송 > 교통시설 > 주차장",PK6,제주특별자치도 제주시 한림읍 금능리 2037,,,http://place.map.kakao.com/585124436,33.3897627,126.2354574
1010141744,금능해수욕장 주차장 전기차충전소,"교통,수송 > 자동차 > 전기차 충전소",,제주특별자치도 제주시 한림읍 금능리 2016,제주특별자치도 제주시 한림읍 한림로 299,1661-9408,http://place.map.kakao.com/1010141744,33.3908001,126.2376000
775357914,금산수원지 남측 공영주차장,"교통,수송 > 교통시설 > 주차장 > 공영주차장",PK6,제주특별자치도 제주시 건입동 1189-1,,,http://place.map.kakao.com/775357914,33.5153191,126.5311247
2142378352,금오름주차장,"교통,수송 > 교통시설 > 주차장",PK6,제주특별자치도 제주시 한림읍 금악리 1210,,,http://place.map.kakao.com/2142378352,33.3510465,126.3057326
20514003,금천사주차장,"교통,수송 > 교통시설 > 주차장",PK6,제주특별자치도 제주시 애월읍 봉성리 3288-3,,,http://place.map.kakao.com/20514003,33.4223901,126.3142311
17576732,금호리조트 제주 주차장1,"교통,수송 > 교통시설 > 주차장",PK6,제주특별자치도 서귀포시 남원읍 남원리 2390,제주특별자치도 서귀포시 남원읍 태위로 522-12,,http://place.map.kakao.com/17576732,33.2734669,126.7012495
17580684,금호리조트 제주 주차장2,"교통,수송 > 교통시설 > 주차장",PK6,제주특별자치도 서귀포시 남원읍 남원리 2390,제주특별자치도 서귀포시 남원읍 태위로 522-12,,http://place.map.kakao.com/17580684,33.2736489,126.7019358
20563587,금호리조트 제주 주차장3,"교통,수송 > 교통시설 > 주차장",PK6,제주특별자치도 서귀포시 남원읍 남원리 2390,제주특별자치도 서귀포시 남원읍 태위로 522-12,,http://place.map.kakao.com/20563587,33.2739759,126.7029523
284899947,기원은갈치 본점 주차장,"교통,수송 > 교통시설 > 주차장",PK6,제주특별자치도 서귀포시 색달동 2277-3,,,http://place.map.kakao.com/284899947,33.2575386,126.4138606
337424447,김기량성당 옆 공영주차장(제주) 전기차충전소,"교통,수송 > 자동차 > 전기차 충전소",,제주특별자치도 제주시 이도이동 2040-1,제주특별자치도 제주시 구남동2길 55,,http://place.map.kakao.com/337424447,33.4871891,126.5334326
414074408,김녕리2222주차장,"교통,수송 > 교통시설 > 주차장",PK6,제주특별자치도 제주시 구좌읍 김녕리 2222,,,http://place.map.kakao.com/414074408,33.5547421,126.7483926
18224692,김녕미로공원 주차장,"교통,수송 > 교통시설 > 주차장",PK6,제주특별자치도 제주시 구좌읍 김녕리 38-7,,,http://place.map.kakao.com/18224692,33.5360918,126.7721719
20514072,김녕사굴 주차장,"교통,수송 > 교통시설 > 주차장",PK6,제주특별자치도 제주시 구좌읍 김녕리 202,,,http://place.map.kakao.com/20514072,33.5447263,126.7745869
1829192092,김녕서포구 주차장,"교통,수송 > 교통시설 > 주차장",PK6,제주특별자치도 제주시 구좌읍 김녕리 4070,,,http://place.map.kakao.com/1829192092,33.5576425,126.7448553
933476423,김녕해수욕장 공용무료주차장,"교통,수송 > 교통시설 > 주차장",PK6,제주특별자치도 제주시 구좌읍 김녕리 497-4,,,http://place.map.kakao.com/933476423,33.5566441,126.7595359
349767750,김만덕기념관 부설주차장,"교통,수송 > 교통시설 > 주차장",PK6,제주특별자치도 제주시 건입동 984-129,제주특별자치도 제주시 임항로 77,,http://place.map.kakao.com/349767750,33.5174284,126.5324405
1965522915,김만일기념관 주차장,"교통,수송 > 교통시설 > 주차장",PK6,제주특별자치도 서귀포시 남원읍 한남리 992,,,http://place.map.kakao.com/1965522915,33.3361151,126.6903674
20940468,김영갑갤러리두모악 주차장,"교통,수송 > 교통시설 > 주차장",PK6,제주특별자치도 서귀포시 성산읍 삼달리 487-1,,,http://place.map.kakao.com/20940468,33.3714595,126.8546868
1627871428,김영관센터 주차장,"교통,수송 > 교통시설 > 주차장",PK6,제주특별자치도 서귀포시 강정동 2800,,,http://place.map.kakao.com/1627871428,33.2322217,126.4831675
2049434231,김정문화회관 주차장,"교통,수송 > 교통시설 > 주차장",PK6,제주특별자치도 서귀포시 강정동 176,,,http://place.map.kakao.com/2049434231,33.2513671,126.5085943
1879486764,김창열미술관 주차장,"교통,수송 > 교통시설 > 주차장",PK6,제주특별자치도 제주시 한림읍 월림리 115-23,,,http://place.map.kakao.com/1879486764,33.3389064,126.2685023
848641468,김희선제주몸국 주차장,"교통,수송 > 교통시설 > 주차장",PK6,제주특별자치도 제주시 용담삼동 1129-2,,,http://place.map.kakao.com/848641468,33.5184977,126.4978830
237813197,까망돼지 서귀포점 주차장,"교통,수송 > 교통시설 > 주차장",PK6,제주특별자치도 서귀포시 토평동 865-1,,,http://place.map.kakao.com/237813197,33.2551644,126.5776908
2088670908,까망돼지 중문점 주차장,"교통,수송 > 교통시설 > 주차장",PK6,제주특별자치도 서귀포시 색달동 2534-9,,,http://place.map.kakao.com/2088670908,33.2574035,126.4135213
1553967497,꽃피는산골 주차장,"교통,수송 > 교통시설 > 주차장",PK6,제주특별자치도 서귀포시 동홍동 648-8,제주특별자치도 서귀포시 동홍중앙로 35,,http://place.map.kakao.com/1553967497,33.2537862,126.5717341
2088302841,나드리마트 주차장,"교통,수송 > 교통시설 > 주차장",PK6,제주특별자치도 서귀포시 동홍동 93-2,제주특별자치도 서귀포시 동홍중앙로 77,,http://place.map.kakao.com/2088302841,33.2577656,126.5718993
44124061,나모나모 주차장,"교통,수송 > 교통시설 > 주차장",PK6,제주특별자치도 제주시 도두일동 1688-10,,064-713-7782,http://place.map.kakao.com/44124061,33.5085952,126.4724146
338553312,나이스파크 LG베스트샵 제주본점 주차장,"교통,수송 > 교통시설 > 주차장",PK6,제주특별자치도 제주시 노형동 905-2,제주특별자치도 제주시 도령로 36,,http://place.map.kakao.com/338553312,33.4877045,126.4829064
2009611037,나이스파크 광은빌딩 주차장,"교통,수송 > 교통시설 > 주차장",PK6,제주특별자치도 제주시 연동 1313,,,http://place.map.kakao.com/2009611037,33.4697938,126.4886413
2014958377,나이스파크 신한은행 제주지점 주차장,"교통,수송 > 교통시설 > 주차장",PK6,제주특별자치도 제주시 이도일동 1689-9,제주특별자치도 제주시 중앙로 166,,http://place.map.kakao.com/2014958377,33.5039117,126.5262551
481049899,나이스파크 제주 애월카페거리2525 주차장,"교통,수송 > 교통시설 > 주차장",PK6,제주특별자치도 제주시 애월읍 애월리 2525-1,제주특별자치도 제주시 애월읍 애월북서길 60,,http://place.map.kakao.com/481049899,33.4638556,126.3096375
2008748683,나이스파크 제주 재원빌딩부설 주차장,"교통,수송 > 교통시설 > 주차장",PK6,제주특별자치도 제주시 도련일동 1917-4,제주특별자치도 제주시 건주로3길 11,,http://place.map.kakao.com/2008748683,33.5161340,126.5814075
699219903,나이스파크 제주 트리플시티 주차장,"교통,수송 > 교통시설 > 주차장",PK6,제주특별자치도 제주시 연동 1494,제주특별자치도 제주시 연북로 106,,http://place.map.kakao.com/699219903,33.4809388,126.4937832
1294868639,나이스파크 제주대학교병원주차장,"교통,수송 > 교통시설 > 주차장",PK6,제주특별자치도 제주시 아라일동 1753-3,제주특별자치도 제주시 아란13길 15,,http://place.map.kakao.com/1294868639,33.4672364,126.5454535
884180700,나이스파크 제주오다펜션 주차장,"교통,수송 > 교통시설 > 주차장",PK6,제주특별자치도 제주시 용담삼동 2396,,,http://place.map.kakao.com/884180700,33.5177618,126.4877059
2008730001,나이스파크 제주은행 신제주금융센터 주차장,"교통,수송 > 교통시설 > 주차장",PK6,제주특별자치도 제주시 연동 301-14,,,http://place.map.kakao.com/2008730001,33.4908801,126.4971881
2002541741,나이스파크 제주재원빌딩 주차장,"교통,수송 > 교통시설 > 주차장",PK6,제주특별자치도 제주시 도련일동 1917-4,제주특별자치도 제주시 건주로3길 11,,http://place.map.kakao.com/2002541741,33.5161322,126.5814064
20514132,나인브릿지CC 주차장,"교통,수송 > 교통시설 > 주차장",PK6,제주특별자치도 서귀포시 안덕면 광평리 산 15,제주특별자치도 서귀포시 안덕면 광평로 34-156,,http://place.map.kakao.com/20514132,33.3423845,126.4059646
1102189477,나인브릿지CC 퍼블릭코스 주차장,"교통,수송 > 교통시설 > 주차장",PK6,제주특별자치도 제주시 애월읍 봉성리 12,제주특별자치도 제주시 애월읍 화전길 370,,http://place.map.kakao.com/1102189477,33.3448998,126.3958337
1874677490,난드르바당 주차장,"교통,수송 > 교통시설 > 주차장",PK6,제주특별자치도 서귀포시 하예동 1798-4,,,http://place.map.kakao.com/1874677490,33.2346167,126.3708603
949588348,남건휴먼스빌딩,"교통,수송 > 교통시설 > 주차장",PK6,제주특별자치도 제주시 외도일동 645-8,제주특별자치도 제주시 우정로 91,,http://place.map.kakao.com/949588348,33.4846609,126.4311054
995025484,남광북1길공영주차장,"교통,수송 > 교통시설 > 주차장 > 공영주차장",PK6,제주특별자치도 제주시 이도이동 1063-12,,,http://place.map.kakao.com/995025484,33.4962213,126.5368051
125832946,남송이오름 주차장,"교통,수송 > 교통시설 > 주차장",PK6,제주특별자치도 서귀포시 안덕면 서광리 산 31,,,http://place.map.kakao.com/125832946,33.3119771,126.3019941
20514260,남수각 공영유료주차장,"교통,수송 > 교통시설 > 주차장 > 공영주차장",PK6,제주특별자치도 제주시 일도일동 1491-1,,,http://place.map.kakao.com/20514260,33.5109992,126.5265243
20514261,남수각노외주차장,"교통,수송 > 교통시설 > 주차장",PK6,제주특별자치도 제주시 일도일동 1497-3,,,http://place.map.kakao.com/20514261,33.5103016,126.5270490
1290967512,남원 공영노외1주차장 전기차충전소,"교통,수송 > 자동차 > 전기차 충전소",,제주특별자치도 서귀포시 남원읍 남원리 180,,1899-8852,http://place.map.kakao.com/1290967512,33.2800572,126.7183422
871288557,남원 공영노외1주차장 전기차충전소,"교통,수송 > 자동차 > 전기차 충전소",,제주특별자치도 서귀포시 남원읍 남원리 180,,,http://place.map.kakao.com/871288557,33.2799486,126.7185873
1134583561,남원 의례회관 주차장 전기차충전소,"교통,수송 > 자동차 > 전기차 충전소",,제주특별자치도 서귀포시 남원읍 남원리 381,제주특별자치도 서귀포시 남원읍 서의로 22,,http://place.map.kakao.com/1134583561,33.2944276,126.7113679
1056163124,남원공영주차장 전기차충전소,"교통,수송 > 자동차 > 전기차 충전소",,제주특별자치도 서귀포시 남원읍 남원리 83-13,제주특별자치도 서귀포시 남원읍 태위로700번길 8,1899-2100,http://place.map.kakao.com/1056163124,33.2788407,126.7214526
695957463,남원농협하나로마트 주차장,"교통,수송 > 교통시설 > 주차장",PK6,제주특별자치도 서귀포시 남원읍 남원리 226,,,http://place.map.kakao.com/695957463,33.2841603,126.7210707
655900072,남원리 재활용도움센터 민영 주차장,"교통,수송 > 교통시설 > 주차장",PK6,제주특별자치도 서귀포시 남원읍 남원리 128-9,제주특별자치도 서귀포시 남원읍 남태해안로 118,,http://place.map.kakao.com/655900072,33.2771490,126.7185726
309975329,남원비안동 공영주차장,"교통,수송 > 교통시설 > 주차장 > 공영주차장",PK6,제주특별자치도 서귀포시 남원읍 남원리 180,,,http://place.map.kakao.com/309975329,33.2800572,126.7183422
1606383832,남원생활체육관 주차장,"교통,수송 > 교통시설 > 주차장",PK6,제주특별자치도 서귀포시 남원읍 남원리 2337-1,,,http://place.map.kakao.com/1606383832,33.2775262,126.7054585
471865554,남원읍 공영주차장 전기차충전소,"교통,수송 > 자동차 > 전기차 충전소",,제주특별자치도 서귀포시 남원읍 남원리 84-2,,,http://place.map.kakao.com/471865554,33.2788497,126.7214536
648825427,남원읍사무소옆 노외공영주차장,"교통,수송 > 교통시설 > 주차장 > 공영주차장",PK6,제주특별자치도 서귀포시 남원읍 남원리 205-1,,,http://place.map.kakao.com/648825427,33.2798281,126.7203073
374557771,남원의례회관 공영주차장,"교통,수송 > 교통시설 > 주차장 > 공영주차장",PK6,제주특별자치도 서귀포시 남원읍 남원리 384-1,제주특별자치도 서귀포시 남원읍 서의로 26,,http://place.map.kakao.com/374557771,33.2948488,126.7114363
187883753,남원중앙동공영주차장 전기차충전소,"교통,수송 > 자동차 > 전기차 충전소",,제주특별자치도 서귀포시 남원읍 남원리 141,,,http://place.map.kakao.com/187883753,33.2790122,126.7167558
918770716,남원중앙동공영주차장 전기차충전소,"교통,수송 > 자동차 > 전기차 충전소",,제주특별자치도 서귀포시 남원읍 남원리 141,,,http://place.map.kakao.com/918770716,33.2790122,126.7167558
17578243,남제주군종합운동장 주차장,"교통,수송 > 교통시설 > 주차장",PK6,제주특별자치도 서귀포시 남원읍 남원리 2337-1,제주특별자치도 서귀포시 남원읍 태위로 551-28,,http://place.map.kakao.com/17578243,33.2775667,126.7054476
1065664305,넥슨컴퓨터박물관 주차장,"교통,수송 > 교통시설 > 주차장",PK6,제주특별자치도 제주시 노형동 86,,,http://place.map.kakao.com/1065664305,33.4716961,126.4855834
303710436,노동사무소서측주차장,"교통,수송 > 교통시설 > 주차장 > 공영주차장",PK6,제주특별자치도 제주시 이도이동 425,,,http://place.map.kakao.com/303710436,33.4991090,126.5438073
20514363,노드주차장,"교통,수송 > 교통시설 > 주차장",PK6,제주특별자치도 제주시 노형동 733,,,http://place.map.kakao.com/20514363,33.4812357,126.4870624
27470678,노루생태관찰원 주차장,"교통,수송 > 교통시설 > 주차장",PK6,제주특별자치도 제주시 봉개동 2750,,,http://place.map.kakao.com/27470678,33.4442254,126.6275250
20513701,노리매 주차장,"교통,수송 > 교통시설 > 주차장",PK6,제주특별자치도 서귀포시 대정읍 구억리 838-1,,,http://place.map.kakao.com/20513701,33.2816137,126.2865829
20514371,노블하우스주차장,"교통,수송 > 교통시설 > 주차장",PK6,제주특별자치도 제주시 용담삼동 2366,,,http://place.map.kakao.com/20514371,33.5189821,126.4906716
1200936961,노상공영주차장,"교통,수송 > 교통시설 > 주차장 > 공영주차장",PK6,제주특별자치도 제주시 우도면 연평리 2515-5,,,http://place.map.kakao.com/1200936961,33.5022756,126.9436365
168768012,노상공영주차장,"교통,수송 > 교통시설 > 주차장 > 공영주차장",PK6,제주특별자치도 제주시 일도이동 132-14,,,http://place.map.kakao.com/168768012,33.5134413,126.5390953
1803924992,노상공영주차장,"교통,수송 > 교통시설 > 주차장 > 공영주차장",PK6,제주특별자치도 제주시 노형동 952,,,http://place.map.kakao.com/1803924992,33.4832789,126.4862273
20595365,노상공영주차장,"교통,수송 > 교통시설 > 주차장 > 공영주차장",PK6,제주특별자치도 제주시 화북일동 1951-5,,,http://place.map.kakao.com/20595365,33.5221298,126.5652537
554303013,노상공영주차장,"교통,수송 > 교통시설 > 주차장 > 공영주차장",PK6,제주특별자치도 제주시 용담삼동 519-12,,,http://place.map.kakao.com/554303013,33.5153082,126.5060417
1170123546,노외공영주차장,"교통,수송 > 교통시설 > 주차장 > 공영주차장",PK6,제주특별자치도 제주시 화북이동 3378-4,,,http://place.map.kakao.com/1170123546,33.5083284,126.5612201
1514954984,노외공영주차장,"교통,수송 > 교통시설 > 주차장 > 공영주차장",PK6,제주특별자치도 제주시 한림읍 한림리 1389-4,,,http://place.map.kakao.com/1514954984,33.4128238,126.2623037
157790404,노외공영주차장,"교통,수송 > 교통시설 > 주차장 > 공영주차장",PK6,제주특별자치도 제주시 이도이동 1982-3,,,http://place.map.kakao.com/157790404,33.4904604,126.5427013
1578612783,노외공영주차장,"교통,수송 > 교통시설 > 주차장 > 공영주차장",PK6,제주특별자치도 제주시 이도이동 2030-5,,,http://place.map.kakao.com/1578612783,33.4882786,126.5339906
1822185305,노외공영주차장,"교통,수송 > 교통시설 > 주차장 > 공영주차장",PK6,제주특별자치도 제주시 용담이동 2745-10,,,http://place.map.kakao.com/1822185305,33.5023280,126.5042246
18558703,노외공영주차장,"교통,수송 > 교통시설 > 주차장 > 공영주차장",PK6,제주특별자치도 제주시 애월읍 하귀1리 165-4,,,http://place.map.kakao.com/18558703,33.4810124,126.4143149
1963035985,노외공영주차장,"교통,수송 > 교통시설 > 주차장 > 공영주차장",PK6,제주특별자치도 제주시 조천읍 조천리 2489,,,http://place.map.kakao.com/1963035985,33.5390022,126.6375323
20580891,노외공영주차장,"교통,수송 > 교통시설 > 주차장 > 공영주차장",PK6,제주특별자치도 제주시 애월읍 하귀1리 156-5,,,http://place.map.kakao.com/20580891,33.4843596,126.4167122
20580893,노외공영주차장,"교통,수송 > 교통시설 > 주차장 > 공영주차장",PK6,제주특별자치도 제주시 애월읍 하귀1리 200-3,,,http://place.map.kakao.com/20580893,33.4837129,126.4141633
20580942,노외공영주차장,"교통,수송 > 교통시설 > 주차장 > 공영주차장",PK6,제주특별자치도 제주시 우도면 연평리 611-1,,,http://place.map.kakao.com/20580942,33.5093232,126.9617834
20581150,노외공영주차장,"교통,수송 > 교통시설 > 주차장 > 공영주차장",PK6,제주특별자치도 제주시 용담일동 2578,,,http://place.map.kakao.com/20581150,33.5147931,126.5171783
20581159,노외공영주차장,"교통,수송 > 교통시설 > 주차장 > 공영주차장",PK6,제주특별자치도 제주시 용담일동 262-13,,,http://place.map.kakao.com/20581159,33.5056832,126.5127367
20591331,노외공영주차장,"교통,수송 > 교통시설 > 주차장 > 공영주차장",PK6,제주특별자치도 제주시 삼양일동 1598-2,,,http://place.map.kakao.com/20591331,33.5262858,126.5878433
20591348,노외공영주차장,"교통,수송 > 교통시설 > 주차장 > 공영주차장",PK6,제주특별자치도 제주시 이도일동 1696-9,,,http://place.map.kakao.com/20591348,33.5075618,126.5263622
20595349,노외공영주차장,"교통,수송 > 교통시설 > 주차장 > 공영주차장",PK6,제주특별자치도 제주시 외도일동 542-18,,,http://place.map.kakao.com/20595349,33.4866212,126.4291945
2099481954,노외공영주차장,"교통,수송 > 교통시설 > 주차장 > 공영주차장",PK6,제주특별자치도 제주시 이도이동 1963-4,,,http://place.map.kakao.com/2099481954,33.4931260,126.5452892
2114176307,노외공영주차장,"교통,수송 > 교통시설 > 주차장 > 공영주차장",PK6,제주특별자치도 제주시 화북일동 1933-8,,,http://place.map.kakao.com/2114176307,33.5229248,126.5646900
234431794,노외공영주차장,"교통,수송 > 교통시설 > 주차장 > 공영주차장",PK6,제주특별자치도 서귀포시 대정읍 동일리 2829-6,,,http://place.map.kakao.com/234431794,33.2283230,126.2413311
392780948,노외공영주차장,"교통,수송 > 교통시설 > 주차장 > 공영주차장",PK6,제주특별자치도 제주시 애월읍 하귀1리 238-4,,,http://place.map.kakao.com/392780948,33.4812842,126.4138225
458765751,노외공영주차장,"교통,수송 > 교통시설 > 주차장 > 공영주차장",PK6,제주특별자치도 제주시 화북일동 4266-12,,,http://place.map.kakao.com/458765751,33.5247114,126.5640567
615399613,노외공영주차장,"교통,수송 > 교통시설 > 주차장 > 공영주차장",PK6,제주특별자치도 제주시 이도일동 1261-1,,,http://place.map.kakao.com/615399613,33.5050840,126.5310508
626003505,노외공영주차장,"교통,수송 > 교통시설 > 주차장 > 공영주차장",PK6,제주특별자치도 제주시 삼양이동 2124-6,,,http://place.map.kakao.com/626003505,33.5226060,126.5863580
677768424,노외공영주차장,"교통,수송 > 교통시설 > 주차장 > 공영주차장",PK6,제주특별자치도 제주시 한경면 신창리 232-2,,,http://place.map.kakao.com/677768424,33.3495762,126.1845920
82738966,노외공영주차장,"교통,수송 > 교통시설 > 주차장 > 공영주차장",PK6,제주특별자치도 제주시 이도이동 1766-28,,,http://place.map.kakao.com/82738966,33.4982235,126.5283684
18558713,노외주차장,"교통,수송 > 교통시설 > 주차장 > 공영주차장",PK6,제주특별자치도 제주시 애월읍 하귀1리 158-2,,,http://place.map.kakao.com/18558713,33.4842633,126.4154077
1362640640,노형 공영주차장,"교통,수송 > 교통시설 > 주차장 > 공영주차장",PK6,제주특별자치도 제주시 노형동 3812-3,,,http://place.map.kakao.com/1362640640,33.4787537,126.4763042
1511436626,노형 제2공영주차장 전기차충전소,"교통,수송 > 자동차 > 전기차 충전소",,제주특별자치도 제주시 노형동 1290-3,제주특별자치도 제주시 월랑로2길 1,1899-2100,http://place.map.kakao.com/1511436626,33.4873091,126.4797830
1937485237,노형 제3 공영주차장 전기차충전소,"교통,수송 > 자동차 > 전기차 충전소",,제주특별자치도 제주시 노형동 1043-4,제주특별자치도 제주시 월랑로12길 4,,http://place.map.kakao.com/1937485237,33.4896061,126.4765079
1315883068,노형 제5 공영주차장 전기차충전소,"교통,수송 > 자동차 > 전기차 충전소",,제주특별자치도 제주시 노형동 3793,제주특별자치도 제주시 노형9길 15,,http://place.map.kakao.com/1315883068,33.4835769,126.4770853
1173278943,노형 제5공영주차장,"교통,수송 > 교통시설 > 주차장 > 공영주차장",PK6,제주특별자치도 제주시 노형동 3793,제주특별자치도 제주시 노형9길 15,,http://place.map.kakao.com/1173278943,33.4832164,126.4766840
1262980151,노형2지구 공영주차장 전기차충전소,"교통,수송 > 자동차 > 전기차 충전소",,제주특별자치도 제주시 노형동 3800-6,,1899-8852,http://place.map.kakao.com/1262980151,33.4803324,126.4775804
35120272,노형2지구 공영주차장 전기차충전소,"교통,수송 > 자동차 > 전기차 충전소",,제주특별자치도 제주시 노형동 3803-6,,,http://place.map.kakao.com/35120272,33.4817225,126.4756343
20514425,노형공원주차장,"교통,수송 > 교통시설 > 주차장",PK6,제주특별자치도 제주시 노형동 731,제주특별자치도 제주시 과원북4길 12,,http://place.map.kakao.com/20514425,33.4810686,126.4820152
1521792386,노형동 1047-1 공영주차장,"교통,수송 > 교통시설 > 주차장 > 공영주차장",PK6,제주특별자치도 제주시 노형동 1047-1,제주특별자치도 제주시 남녕로 47,,http://place.map.kakao.com/1521792386,33.4914330,126.4795636
20580909,노형동 1293-2 공영주차장,"교통,수송 > 교통시설 > 주차장 > 공영주차장",PK6,제주특별자치도 제주시 노형동 1293-2,,,http://place.map.kakao.com/20580909,33.4887048,126.4823754
1794061498,노형동 3803-10 주차장,"교통,수송 > 교통시설 > 주차장",PK6,제주특별자치도 제주시 노형동 3803-10,,,http://place.map.kakao.com/1794061498,33.4811983,126.4759635
404289317,노형동 947 남측 공영주차장,"교통,수송 > 교통시설 > 주차장 > 공영주차장",PK6,제주특별자치도 제주시 노형동 947,,,http://place.map.kakao.com/404289317,33.4837215,126.4864452
741423267,노형동 947 북측 공영주차장,"교통,수송 > 교통시설 > 주차장 > 공영주차장",PK6,제주특별자치도 제주시 노형동 947,,,http://place.map.kakao.com/741423267,33.4840913,126.4864635
293650956,노형동 공영주차장 전기차충전소,"교통,수송 > 자동차 > 전기차 충전소",,제주특별자치도 제주시 노형동 710-3,제주특별자치도 제주시 연북로 25,,http://place.map.kakao.com/293650956,33.4823594,126.4845327
125635765,노형동 무료 주차장,"교통,수송 > 교통시설 > 주차장 > 공영주차장",PK6,제주특별자치도 제주시 노형동 1423-1,,,http://place.map.kakao.com/125635765,33.4400068,126.4601318
1524324748,노형동 무료 주차장,"교통,수송 > 교통시설 > 주차장 > 공영주차장",PK6,제주특별자치도 제주시 노형동 3803-6,,,http://place.map.kakao.com/1524324748,33.4816181,126.4754488
179227452,노형동 무료 주차장,"교통,수송 > 교통시설 > 주차장 > 공영주차장",PK6,제주특별자치도 제주시 노형동 3800-6,,,http://place.map.kakao.com/179227452,33.4805564,126.4776726
918476491,노형동 무료 주차장,"교통,수송 > 교통시설 > 주차장 > 공영주차장",PK6,제주특별자치도 제주시 노형동 3812-3,,,http://place.map.kakao.com/918476491,33.4779021,126.4768225
382776889,노형동668 주차장,"교통,수송 > 교통시설 > 주차장",PK6,제주특별자치도 제주시 노형동 668,제주특별자치도 제주시 진군남4길 7-8,,http://place.map.kakao.com/382776889,33.4749649,126.4805120
27258368,노형동주민센터 주차장,"교통,수송 > 교통시설 > 주차장 > 공영주차장",PK6,제주특별자치도 제주시 노형동 3793,,,http://place.map.kakao.com/27258368,33.4832072,126.4768541
1061984124,노형로공영주차장,"교통,수송 > 교통시설 > 주차장 > 공영주차장",PK6,제주특별자치도 제주시 노형동 3780,,,http://place.map.kakao.com/1061984124,33.4849485,126.4782069
286850560,노형맨션 주차장,"교통,수송 > 교통시설 > 주차장",PK6,제주특별자치도 제주시 노형동 2523-4,,,http://place.map.kakao.com/286850560,33.4828876,126.4731333
1763610067,노형삼다아파트 앞 공영주차장 전기차충전소,"교통,수송 > 자동차 > 전기차 충전소",,제주특별자치도 제주시 노형동 1282-3,제주특별자치도 제주시 수덕3길 9,1899-8852,http://place.map.kakao.com/1763610067,33.4858898,126.4771468
1686983957,노형삼대국수 주차장,"교통,수송 > 교통시설 > 주차장",PK6,제주특별자치도 제주시 노형동 3791-6,,,http://place.map.kakao.com/1686983957,33.4827365,126.4787613
1940662494,노형수산시장 주차장,"교통,수송 > 교통시설 > 주차장",PK6,제주특별자치도 제주시 노형동 3806-10,,,http://place.map.kakao.com/1940662494,33.4803065,126.4729681
20580910,노형오거리 노상공영주차장,"교통,수송 > 교통시설 > 주차장 > 공영주차장",PK6,제주특별자치도 제주시 노형동 1297-5,,,http://place.map.kakao.com/20580910,33.4860491,126.4785898
1560772210,노형정존공영주차장,"교통,수송 > 교통시설 > 주차장 > 공영주차장",PK6,제주특별자치도 제주시 노형동 2612-2,제주특별자치도 제주시 수덕5길 34,,http://place.map.kakao.com/1560772210,33.4854424,126.4747694
1752670293,노형제1공영주차장,"교통,수송 > 교통시설 > 주차장 > 공영주차장",PK6,제주특별자치도 제주시 노형동 1282-1,,,http://place.map.kakao.com/1752670293,33.4863411,126.4776971
1212283430,노형제2공영주차장,"교통,수송 > 교통시설 > 주차장 > 공영주차장",PK6,제주특별자치도 제주시 노형동 1290-3,제주특별자치도 제주시 월랑로2길 1,,http://place.map.kakao.com/1212283430,33.4872912,126.4798003
20580903,노형제3공영주차장,"교통,수송 > 교통시설 > 주차장 > 공영주차장",PK6,제주특별자치도 제주시 노형동 1043-1,,,http://place.map.kakao.com/20580903,33.4896216,126.4765368
33886370,노형제3공영주차장 전기차충전소,"교통,수송 > 자동차 > 전기차 충전소",,제주특별자치도 제주시 노형동 1043-1,,,http://place.map.kakao.com/33886370,33.4895764,126.4765091
883867321,노형제4공영주차장,"교통,수송 > 교통시설 > 주차장 > 공영주차장",PK6,제주특별자치도 제주시 노형동 2580-1,,,http://place.map.kakao.com/883867321,33.4889697,126.4750300
878596754,노형타워 주차장,"교통,수송 > 교통시설 > 주차장",PK6,제주특별자치도 제주시 노형동 1288-5,제주특별자치도 제주시 노형로 407,,http://place.map.kakao.com/878596754,33.4858351,126.4783038
285951481,논짓물 주차장,"교통,수송 > 교통시설 > 주차장",PK6,제주특별자치도 서귀포시 하예동 577,,,http://place.map.kakao.com/285951481,33.2367859,126.3881990
1854905833,농협중앙회 제주지역본부 주차장,"교통,수송 > 교통시설 > 주차장",PK6,제주특별자치도 제주시 삼도일동 794-3,제주특별자치도 제주시 서사로 56,,http://place.map.kakao.com/1854905833,33.5072980,126.5196737
20514474,뉴스타모텔주차장,"교통,수송 > 교통시설 > 주차장",PK6,제주특별자치도 제주시 삼도일동 531-10,,,http://place.map.kakao.com/20514474,33.5033555,126.5194889
606678127,뉴월드마트 신제주점 주차장,"교통,수송 > 교통시설 > 주차장",PK6,제주특별자치도 제주시 연동 294-1,,,http://place.map.kakao.com/606678127,33.4855938,126.4933699
20514476,뉴월드복합빌딩주차장,"교통,수송 > 교통시설 > 주차장",PK6,제주특별자치도 제주시 노형동 710,제주특별자치도 제주시 연북로 15,,http://place.map.kakao.com/20514476,33.4825441,126.4829877
783582998,느지리오름 주차장,"교통,수송 > 교통시설 > 주차장",PK6,제주특별자치도 제주시 한림읍 상명리 산 5,,,http://place.map.kakao.com/783582998,33.3628218,126.2605233
703112493,느지리오름주차장 전기차충전소,"교통,수송 > 자동차 > 전기차 충전소",,제주특별자치도 제주시 한림읍 상명리 산 5,제주특별자치도 제주시 한림읍 봉수대길 5,1899-8852,http://place.map.kakao.com/703112493,33.3628208,126.2603514
1655658067,늘봄흑돼지 주차장,"교통,수송 > 교통시설 > 주차장",PK6,제주특별자치도 제주시 노형동 2343-3,,,http://place.map.kakao.com/1655658067,33.4798392,126.4728881
615834982,다가미 애월점 주차장,"교통,수송 > 교통시설 > 주차장",PK6,제주특별자치도 제주시 애월읍 광령리 4-5,,,http://place.map.kakao.com/615834982,33.4605609,126.4473246
1542632480,다니쉬 주차장,"교통,수송 > 교통시설 > 주차장",PK6,제주특별자치도 제주시 조천읍 함덕리 1250,제주특별자치도 제주시 조천읍 함덕16길 56,,http://place.map.kakao.com/1542632480,33.5421352,126.6637212
1097224268,다도 주차장,"교통,수송 > 교통시설 > 주차장",PK6,제주특별자치도 서귀포시 법환동 1556-2,,,http://place.map.kakao.com/1097224268,33.2335840,126.5071564
1920771380,다랑쉬굴 주차장,"교통,수송 > 교통시설 > 주차장",PK6,제주특별자치도 제주시 구좌읍 세화리 2608-3,,,http://place.map.kakao.com/1920771380,33.4680723,126.8313623
20590254,다랑쉬오름 주차장,"교통,수송 > 교통시설 > 주차장",PK6,제주특별자치도 제주시 구좌읍 세화리 2705,,,http://place.map.kakao.com/20590254,33.4749631,126.8266475
654117031,다이노대발이파크 주차장,"교통,수송 > 교통시설 > 주차장",PK6,제주특별자치도 서귀포시 남원읍 남원리 2375-1,,,http://place.map.kakao.com/654117031,33.2749761,126.7045708
653953350,다이소 서귀포남원점 주차장,"교통,수송 > 교통시설 > 주차장",PK6,제주특별자치도 서귀포시 남원읍 남원리 1267,제주특별자치도 서귀포시 남원읍 일주동로 7173,,http://place.map.kakao.com/653953350,33.2822764,126.7137395
1196238964,다이소 서귀포중문점 민영 주차장,"교통,수송 > 교통시설 > 주차장",PK6,제주특별자치도 서귀포시 색달동 2081-1,제주특별자치도 서귀포시 일주서로 996,,http://place.map.kakao.com/1196238964,33.2589077,126.4044816
2021801703,다정이네김밥 서귀포신시가지점 주차장,"교통,수송 > 교통시설 > 주차장",PK6,제주특별자치도 서귀포시 강정동 893-1,,,http://place.map.kakao.com/2021801703,33.2364385,126.5001289
816803167,달빛제주 주차장,"교통,수송 > 교통시설 > 주차장",PK6,제주특별자치도 제주시 애월읍 하귀2리 2597-1,,,http://place.map.kakao.com/816803167,33.4837585,126.3945820
27446363,담앤루 주차장1,"교통,수송 > 교통시설 > 주차장",PK6,제주특별자치도 서귀포시 대포동 1174,제주특별자치도 서귀포시 이어도로343번길 63,,http://place.map.kakao.com/27446363,33.2463287,126.4516169
27446365,담앤루 주차장2,"교통,수송 > 교통시설 > 주차장",PK6,제주특별자치도 서귀포시 대포동 1181,제주특별자치도 서귀포시 이어도로343번길 63,,http://place.map.kakao.com/27446365,33.2454638,126.4509484
317372954,당오름 주차장,"교통,수송 > 교통시설 > 주차장",PK6,제주특별자치도 제주시 구좌읍 송당리 산 199-1,,,http://place.map.kakao.com/317372954,33.4693208,126.7770329
1955614288,대륜 공영노외2주차장 전기차충전소,"교통,수송 > 자동차 > 전기차 충전소",,제주특별자치도 서귀포시 법환동 1280,제주특별자치도 서귀포시 이어도로 901,1661-9408,http://place.map.kakao.com/1955614288,33.2369025,126.5111698
2123485617,대륜공영노외2주차장,"교통,수송 > 교통시설 > 주차장",PK6,제주특별자치도 서귀포시 법환동 1279,제주특별자치도 서귀포시 이어도로 897-2,,http://place.map.kakao.com/2123485617,33.2369659,126.5110117
317485404,대륜동경로당인근주차장,"교통,수송 > 교통시설 > 주차장 > 공영주차장",PK6,제주특별자치도 서귀포시 법환동 1073-7,제주특별자치도 서귀포시 법환로 76,,http://place.map.kakao.com/317485404,33.2396307,126.5093016
63469344,대림2차서측 공영주차장,"교통,수송 > 교통시설 > 주차장 > 공영주차장",PK6,제주특별자치도 제주시 일도이동 112,제주특별자치도 제주시 태성로 40,,http://place.map.kakao.com/63469344,33.4996168,126.5495383
537887008,대수산봉 주차장,"교통,수송 > 교통시설 > 주차장",PK6,제주특별자치도 서귀포시 성산읍 고성리 1715-7,,,http://place.map.kakao.com/537887008,33.4368719,126.9050693
1650265365,대오아파트 지하주차장,"교통,수송 > 교통시설 > 주차장",PK6,제주특별자치도 서귀포시 동홍동 506-1,제주특별자치도 서귀포시 동홍서로 83,,http://place.map.kakao.com/1650265365,33.2563709,126.5693241
1950534968,대일파킹주차장,"교통,수송 > 교통시설 > 주차장",PK6,제주특별자치도 제주시 이도이동 1169-11,제주특별자치도 제주시 동광로 44,,http://place.map.kakao.com/1950534968,33.5024087,126.5336007
2075328445,대정 하모 노외4 공영주차장,"교통,수송 > 교통시설 > 주차장 > 공영주차장",PK6,제주특별자치도 서귀포시 대정읍 하모리 861,,,http://place.map.kakao.com/2075328445,33.2234096,126.2539180
2102410351,대정감협 인근 공영주차장 전기차충전소,"교통,수송 > 자동차 > 전기차 충전소",,제주특별자치도 서귀포시 대정읍 하모리 963-2,제주특별자치도 서귀포시 대정읍 하모중앙로 57,,http://place.map.kakao.com/2102410351,33.2231144,126.2523425
20590198,대정감협인근 공영주차장,"교통,수송 > 교통시설 > 주차장",PK6,제주특별자치도 서귀포시 대정읍 하모리 964-2,,,http://place.map.kakao.com/20590198,33.2230151,126.2520280
1649400135,대정농협하나로마트 주차장,"교통,수송 > 교통시설 > 주차장",PK6,제주특별자치도 서귀포시 대정읍 상모리 3453,제주특별자치도 서귀포시 대정읍 일주서로 2460,,http://place.map.kakao.com/1649400135,33.2337684,126.2645318
27533225,대정문화체육센터 주차장,"교통,수송 > 교통시설 > 주차장",PK6,제주특별자치도 서귀포시 대정읍 동일리 3171,제주특별자치도 서귀포시 대정읍 암반수마농로 419,,http://place.map.kakao.com/27533225,33.2639664,126.2360315
673848205,대정상모 공영노외1 주차장,"교통,수송 > 교통시설 > 주차장 > 공영주차장",PK6,제주특별자치도 서귀포시 대정읍 상모리 3964-1,,,http://place.map.kakao.com/673848205,33.2232801,126.2565312
1956766639,대정읍 노외4주차장 전기차충전소,"교통,수송 > 자동차 > 전기차 충전소",,제주특별자치도 서귀포시 대정읍 하모리 861,,1661-9408,http://place.map.kakao.com/1956766639,33.2234216,126.2541078
1997503373,대정읍하모리 노상공영주차장,"교통,수송 > 교통시설 > 주차장 > 공영주차장",PK6,제주특별자치도 서귀포시 대정읍 하모리 772-22,,,http://place.map.kakao.com/1997503373,33.2196728,126.2515802
2093074620,대정청소년수련관 주차장,"교통,수송 > 교통시설 > 주차장",PK6,제주특별자치도 서귀포시 대정읍 하모리 1268-2,,,http://place.map.kakao.com/2093074620,33.2276484,126.2476739
1076349047,대정하모 공영노외2 주차장,"교통,수송 > 교통시설 > 주차장 > 공영주차장",PK6,제주특별자치도 서귀포시 대정읍 하모리 964-2,,,http://place.map.kakao.com/1076349047,33.2230402,126.2520042
2114797116,대정하모3공영주차장,"교통,수송 > 교통시설 > 주차장 > 공영주차장",PK6,제주특별자치도 서귀포시 대정읍 하모리 1513,,,http://place.map.kakao.com/2114797116,33.2238816,126.2524798
2129001101,대정하모3공영주차장 전기차충전소,"교통,수송 > 자동차 > 전기차 충전소",,제주특별자치도 서귀포시 대정읍 하모리 1513,,1661-9408,http://place.map.kakao.com/2129001101,33.2239284,126.2526285
20514985,대정향교주차장,"교통,수송 > 교통시설 > 주차장",PK6,제주특별자치도 서귀포시 안덕면 사계리 3129-1,제주특별자치도 서귀포시 안덕면 향교로 165-15,,http://place.map.kakao.com/20514985,33.2389232,126.2889384
20514986,대정향토5일장 주차장,"교통,수송 > 교통시설 > 주차장",PK6,제주특별자치도 서귀포시 대정읍 하모리 1093,,,http://place.map.kakao.com/20514986,33.2212380,126.2467912
127570678,대춘해장국 노형점 전용주차장,"교통,수송 > 교통시설 > 주차장",PK6,제주특별자치도 제주시 노형동 909-17,,,http://place.map.kakao.com/127570678,33.4873746,126.4842200
701956246,대흘1리마을회관 맞은편 주차장 전기차충전소,"교통,수송 > 자동차 > 전기차 충전소",,제주특별자치도 제주시 조천읍 대흘리 2251-4,,1899-8852,http://place.map.kakao.com/701956246,33.4984735,126.6548108
278909824,더럭초등학교주차장 전기차충전소,"교통,수송 > 자동차 > 전기차 충전소",,제주특별자치도 제주시 애월읍 하가리 1589-2,,1899-8852,http://place.map.kakao.com/278909824,33.4527993,126.3451721
812789441,더시에나CC제주 주차장,"교통,수송 > 교통시설 > 주차장",PK6,제주특별자치도 제주시 영평동 2238-2,제주특별자치도 제주시 516로 2695,,http://place.map.kakao.com/812789441,33.4306441,126.5823947
1641596410,더애월 본점 주차장,"교통,수송 > 교통시설 > 주차장",PK6,제주특별자치도 제주시 애월읍 하가리 1463-1,,,http://place.map.kakao.com/1641596410,33.4560534,126.3486552
1666710095,델문도 주차장,"교통,수송 > 교통시설 > 주차장",PK6,제주특별자치도 제주시 조천읍 함덕리 1009,,,http://place.map.kakao.com/1666710095,33.5440579,126.6682607
17561645,도깨비공원 주차장,"교통,수송 > 교통시설 > 주차장",PK6,제주특별자치도 제주시 조천읍 선흘리 4058,,,http://place.map.kakao.com/17561645,33.4641521,126.6924173
1851233871,도남공영주차장,"교통,수송 > 교통시설 > 주차장 > 공영주차장",PK6,제주특별자치도 제주시 도남동 574-3,,,http://place.map.kakao.com/1851233871,33.4904077,126.5201673
2107379858,도남공영주차장 전기차충전소,"교통,수송 > 자동차 > 전기차 충전소",,제주특별자치도 제주시 도남동 574-3,,1899-8852,http://place.map.kakao.com/2107379858,33.4904344,126.5200972
1412484306,도남동663-2 주차장,"교통,수송 > 교통시설 > 주차장 > 공영주차장",PK6,제주특별자치도 제주시 도남동 663-2,,,http://place.map.kakao.com/1412484306,33.4910532,126.5267319
17556543,도남동664-6번지 공영주차장,"교통,수송 > 교통시설 > 주차장 > 공영주차장",PK6,제주특별자치도 제주시 도남동 664-6,,,http://place.map.kakao.com/17556543,33.4904560,126.5271096
912242962,도남동주차장,"교통,수송 > 교통시설 > 주차장 > 공영주차장",PK6,제주특별자치도 제주시 도남동 705-14,,,http://place.map.kakao.com/912242962,33.4891167,126.5239448
20580947,도남로 15길 공영주차장,"교통,수송 > 교통시설 > 주차장 > 공영주차장",PK6,제주특별자치도 제주시 도남동 65-3,,,http://place.map.kakao.com/20580947,33.4915768,126.5285615
2065031565,도남식자재마트 주차장,"교통,수송 > 교통시설 > 주차장",PK6,제주특별자치도 제주시 이도이동 1021,제주특별자치도 제주시 고산동산서길 11-2,,http://place.map.kakao.com/2065031565,33.4939317,126.5304448
1243868165,도남오거리식당 주차장,"교통,수송 > 교통시설 > 주차장",PK6,제주특별자치도 제주시 도남동 909-16,,,http://place.map.kakao.com/1243868165,33.4964109,126.5261421
1268537300,도남우체국 북측 공영주차장(제주) 전기차충전소,"교통,수송 > 자동차 > 전기차 충전소",,제주특별자치도 제주시 도남동 83-66,제주특별자치도 제주시 도남로 75-8,,http://place.map.kakao.com/1268537300,33.4933065,126.5286705
20580946,도남초등학교동측공영주차장,"교통,수송 > 교통시설 > 주차장 > 공영주차장",PK6,제주특별자치도 제주시 도남동 57-3,,,http://place.map.kakao.com/20580946,33.4931226,126.5275126
20580986,도두공영주차장,"교통,수송 > 교통시설 > 주차장 > 공영주차장",PK6,제주특별자치도 제주시 도두일동 2618-1,,,http://place.map.kakao.com/20580986,33.5042925,126.4639474
1279143132,도두공영주차장 전기차충전소,"교통,수송 > 자동차 > 전기차 충전소",,제주특별자치도 제주시 도두일동 2618-1,,1899-8852,http://place.map.kakao.com/1279143132,33.5042483,126.4639390
1458067950,도두동 무료 주차장,"교통,수송 > 교통시설 > 주차장 > 공영주차장",PK6,제주특별자치도 제주시 도두일동 1987-1,제주특별자치도 제주시 도두1길 9-1,,http://place.map.kakao.com/1458067950,33.5029261,126.4682132
20591322,도두매립 공영주차장,"교통,수송 > 교통시설 > 주차장 > 공영주차장",PK6,제주특별자치도 제주시 도두일동 2630,,,http://place.map.kakao.com/20591322,33.5060804,126.4654259
332786447,도두봉 주차장,"교통,수송 > 교통시설 > 주차장",PK6,제주특별자치도 제주시 도두일동 1727-1,,,http://place.map.kakao.com/332786447,33.5085844,126.4703139
2025329955,도두블루파크시티아파트 주차장,"교통,수송 > 교통시설 > 주차장",PK6,제주특별자치도 제주시 도두일동 2614,제주특별자치도 제주시 도두항서길 41,,http://place.map.kakao.com/2025329955,33.5059223,126.4642893
638307966,도라지식당 주차장,"교통,수송 > 교통시설 > 주차장",PK6,제주특별자치도 제주시 오라삼동 2112,제주특별자치도 제주시 연삼로 128,,http://place.map.kakao.com/638307966,33.4927282,126.5059117
704415188,도련공영주차장,"교통,수송 > 교통시설 > 주차장 > 공영주차장",PK6,제주특별자치도 제주시 도련일동 1642,,,http://place.map.kakao.com/704415188,33.5077174,126.5880691
1762882965,도련공영주차장 전기차충전소,"교통,수송 > 자동차 > 전기차 충전소",,제주특별자치도 제주시 도련일동 1642,,,http://place.map.kakao.com/1762882965,33.5076742,126.5881113
1001909059,도로 주차장 전기차충전소,"교통,수송 > 자동차 > 전기차 충전소",,제주특별자치도 제주시 한림읍 금악리 1242-8,,1661-9408,http://place.map.kakao.com/1001909059,33.3497996,126.3051000
1584210396,도상 공영주차장,"교통,수송 > 교통시설 > 주차장 > 공영주차장",PK6,제주특별자치도 제주시 연동 299-13,,,http://place.map.kakao.com/1584210396,33.4830436,126.4948071
454253835,도청 서측 노상공영주차장,"교통,수송 > 교통시설 > 주차장 > 공영주차장",PK6,제주특별자치도 제주시 연동 312-1,제주특별자치도 제주시 문연로 6,,http://place.map.kakao.com/454253835,33.4887748,126.4974111
1553015431,도청 제2청사 후문주차장 전기차충전소,"교통,수송 > 자동차 > 전기차 충전소",,제주특별자치도 제주시 연동 322-8,,1899-8852,http://place.map.kakao.com/1553015431,33.4882841,126.5000114
1142189555,돈고팡 본점 주차장,"교통,수송 > 교통시설 > 주차장",PK6,제주특별자치도 제주시 도두일동 1688-9,,,http://place.map.kakao.com/1142189555,33.5087603,126.4722275
20594586,돈내코계곡 주차장,"교통,수송 > 교통시설 > 주차장",PK6,제주특별자치도 서귀포시 상효동 1463,제주특별자치도 서귀포시 돈내코로 137,,http://place.map.kakao.com/20594586,33.3003345,126.5820676
1000731726,돈내코유원지 주차장 전기차충전소,"교통,수송 > 자동차 > 전기차 충전소",,제주특별자치도 서귀포시 상효동 1459,제주특별자치도 서귀포시 돈내코로 114,1661-9408,http://place.map.kakao.com/1000731726,33.2999053,126.5855796
20515282,돈내코주차장,"교통,수송 > 교통시설 > 주차장",PK6,제주특별자치도 서귀포시 상효동 1460,제주특별자치도 서귀포시 돈내코로 120,,http://place.map.kakao.com/20515282,33.3002813,126.5855767
20848370,돈내코주차장,"교통,수송 > 교통시설 > 주차장",PK6,제주특별자치도 서귀포시 상효동 1986,,,http://place.map.kakao.com/20848370,33.3104916,126.5708042
472257513,돈블랙 주차장,"교통,수송 > 교통시설 > 주차장",PK6,제주특별자치도 서귀포시 서호동 1553-6,,,http://place.map.kakao.com/472257513,33.2487096,126.5151527
1256443394,돈사돈 별관 주차장,"교통,수송 > 교통시설 > 주차장",PK6,제주특별자치도 제주시 노형동 2493,,064-749-1500,http://place.map.kakao.com/1256443394,33.4808657,126.4715177
1362834240,돈사돈 본관 주차장,"교통,수송 > 교통시설 > 주차장",PK6,제주특별자치도 제주시 노형동 3086-3,,,http://place.map.kakao.com/1362834240,33.4789878,126.4639892
78771864,돈사돈 월정점 주차장,"교통,수송 > 교통시설 > 주차장",PK6,제주특별자치도 제주시 구좌읍 한동리 1437-1,제주특별자치도 제주시 구좌읍 한동북1길 29-3,,http://place.map.kakao.com/78771864,33.5413400,126.8273980
2088885201,돈사돈 중문점 전용주차장,"교통,수송 > 교통시설 > 주차장",PK6,제주특별자치도 서귀포시 색달동 2353-1,제주특별자치도 서귀포시 일주서로 873,,http://place.map.kakao.com/2088885201,33.2580512,126.4174233
734524602,돈이랑 주차장,"교통,수송 > 교통시설 > 주차장",PK6,제주특별자치도 서귀포시 색달동 2182,,,http://place.map.kakao.com/734524602,33.2577169,126.4088724
556671447,돔베낭골 노외공영주차장,"교통,수송 > 교통시설 > 주차장 > 공영주차장",PK6,제주특별자치도 서귀포시 호근동 1619,제주특별자치도 서귀포시 태평로92번길 49,,http://place.map.kakao.com/556671447,33.2401486,126.5318458
1265688856,돔베낭골노외공영주차장 전기차충전소,"교통,수송 > 자동차 > 전기차 충전소",,제주특별자치도 서귀포시 호근동 1619,제주특별자치도 서귀포시 태평로92번길 49,,http://place.map.kakao.com/1265688856,33.2399828,126.5318596
1081340191,동광 R 주차장 전기차충전소,"교통,수송 > 자동차 > 전기차 충전소",,제주특별자치도 서귀포시 안덕면 동광리 824,제주특별자치도 서귀포시 안덕면 동광로 164,1522-1782,http://place.map.kakao.com/1081340191,33.3109156,126.3415809
160888623,동광 제2공영주차장 전기차충전소,"교통,수송 > 자동차 > 전기차 충전소",,제주특별자치도 제주시 일도이동 112,제주특별자치도 제주시 태성로 40,,http://place.map.kakao.com/160888623,33.4995966,126.5494394
20581277,동광공영주차장,"교통,수송 > 교통시설 > 주차장 > 공영주차장",PK6,제주특별자치도 제주시 일도이동 82-8,제주특별자치도 제주시 태성로2길 5,,http://place.map.kakao.com/20581277,33.4999441,126.5453568
1089947859,동광성당북측공영주차장 전기차충전소,"교통,수송 > 자동차 > 전기차 충전소",,제주특별자치도 제주시 일도이동 82-8,제주특별자치도 제주시 태성로2길 5,,http://place.map.kakao.com/1089947859,33.4999334,126.5453849
1942315141,동광육거리공영주차장,"교통,수송 > 교통시설 > 주차장 > 공영주차장",PK6,제주특별자치도 서귀포시 안덕면 동광리 827,,,http://place.map.kakao.com/1942315141,33.3108730,126.3415383
1075774992,동광육거리주차장,"교통,수송 > 교통시설 > 주차장",PK6,제주특별자치도 서귀포시 안덕면 동광리 830,,,http://place.map.kakao.com/1075774992,33.3119195,126.3426633
1026043638,동광제2공영주차장,"교통,수송 > 교통시설 > 주차장 > 공영주차장",PK6,제주특별자치도 제주시 일도이동 112,제주특별자치도 제주시 태성로 40,,http://place.map.kakao.com/1026043638,33.4997142,126.5495583
136908648,동광천주교동남측공영주차장,"교통,수송 > 교통시설 > 주차장 > 공영주차장",PK6,제주특별자치도 제주시 일도이동 88-1,,,http://place.map.kakao.com/136908648,33.4998303,126.5467607
1940373459,동녘도서관 주차장,"교통,수송 > 교통시설 > 주차장",PK6,제주특별자치도 제주시 구좌읍 세화리 1198-1,,,http://place.map.kakao.com/1940373459,33.5207159,126.8547994
1353162486,동명백화점 주차장,"교통,수송 > 교통시설 > 주차장",PK6,제주특별자치도 서귀포시 서귀동 274-6,제주특별자치도 서귀포시 중정로 69,,http://place.map.kakao.com/1353162486,33.2482656,126.5637217
1632260378,동명아파트 북측 공영주차장,"교통,수송 > 교통시설 > 주차장 > 공영주차장",PK6,제주특별자치도 제주시 삼양이동 2133-5,,,http://place.map.kakao.com/1632260378,33.5221345,126.5844959
239917309,동명아파트 북측 공영주차장 전기차충전소,"교통,수송 > 자동차 > 전기차 충전소",,제주특별자치도 제주시 삼양이동 2133-5,,,http://place.map.kakao.com/239917309,33.5220224,126.5846547
1289704943,동명아파트북측공영주차장 전기차충전소,"교통,수송 > 자동차 > 전기차 충전소",,제주특별자치도 제주시 삼양이동 2133-5,,1899-8852,http://place.map.kakao.com/1289704943,33.5221022,126.5845381
21766244,동문공영주차장,"교통,수송 > 교통시설 > 주차장 > 공영주차장",PK6,제주특별자치도 제주시 일도일동 1103,제주특별자치도 제주시 동문로4길 9,,http://place.map.kakao.com/21766244,33.5120638,126.5285979
1941930786,동문로터리 공영주차장,"교통,수송 > 교통시설 > 주차장 > 공영주차장",PK6,제주특별자치도 서귀포시 서귀동 216-8,,,http://place.map.kakao.com/1941930786,33.2484053,126.5681173
2088146291,동문성당앞 공영주차장,"교통,수송 > 교통시설 > 주차장 > 공영주차장",PK6,제주특별자치도 제주시 일도이동 1029-99,,,http://place.map.kakao.com/2088146291,33.5105431,126.5305650
543932645,동문성당앞 공영주차장,"교통,수송 > 교통시설 > 주차장 > 공영주차장",PK6,제주특별자치도 제주시 일도이동 1029-99,,,http://place.map.kakao.com/543932645,33.5105277,126.5305478
602804490,동문시장 해월주차빌딩,"교통,수송 > 교통시설 > 주차장 > 주차빌딩",,제주특별자치도 제주시 이도일동 1362-1,,,http://place.map.kakao.com/602804490,33.5127855,126.5251713
945293090,동문재래시장 노상공영주차장,"교통,수송 > 교통시설 > 주차장 > 공영주차장",PK6,제주특별자치도 제주시 일도일동 1498,,,http://place.map.kakao.com/945293090,33.5108919,126.5265066
1488238121,동백동산 주차장,"교통,수송 > 교통시설 > 주차장",PK6,제주특별자치도 제주시 조천읍 선흘리 924,제주특별자치도 제주시 조천읍 동백로 77,,http://place.map.kakao.com/1488238121,33.5097373,126.7151378
2088430261,동복뚝배기 주차장,"교통,수송 > 교통시설 > 주차장",PK6,제주특별자치도 제주시 구좌읍 동복리 1685-11,,,http://place.map.kakao.com/2088430261,33.5532609,126.7093213
1435706006,동복리마을회 주차장 전기차충전소,"교통,수송 > 자동차 > 전기차 충전소",,제주특별자치도 제주시 구좌읍 동복리 1313,제주특별자치도 제주시 구좌읍 동복남4길 25-12,,http://place.map.kakao.com/1435706006,33.5491697,126.7136603
346901033,동복리마을회 주차장 전기차충전소,"교통,수송 > 자동차 > 전기차 충전소",,제주특별자치도 제주시 구좌읍 동복리 1313,제주특별자치도 제주시 구좌읍 동복남4길 25-12,,http://place.map.kakao.com/346901033,33.5487572,126.7138663
27338933,동부보건소 주차장,"교통,수송 > 교통시설 > 주차장",PK6,제주특별자치도 서귀포시 남원읍 남원리 2359-1,제주특별자치도 서귀포시 남원읍 태위로 527,,http://place.map.kakao.com/27338933,33.2753907,126.7034026
2037358341,동성수산횟집 주차장,"교통,수송 > 교통시설 > 주차장",PK6,제주특별자치도 서귀포시 대정읍 하모리 2133-3,,,http://place.map.kakao.com/2037358341,33.2162827,126.2521754
27412384,동양콘도리조트 주차장1,"교통,수송 > 교통시설 > 주차장",PK6,제주특별자치도 제주시 애월읍 구엄리 609-1,제주특별자치도 제주시 애월읍 애월해안로 708,,http://place.map.kakao.com/27412384,33.4836153,126.3771388
27412385,동양콘도리조트 주차장2,"교통,수송 > 교통시설 > 주차장",PK6,제주특별자치도 제주시 애월읍 구엄리 609-1,제주특별자치도 제주시 애월읍 애월해안로 708,,http://place.map.kakao.com/27412385,33.4827392,126.3771924
1270460795,동진식당 공항점 주차장,"교통,수송 > 교통시설 > 주차장",PK6,제주특별자치도 제주시 용담이동 622-6,,,http://place.map.kakao.com/1270460795,33.5095944,126.5093332
1252594904,동해미락 주차장,"교통,수송 > 교통시설 > 주차장",PK6,제주특별자치도 서귀포시 서귀동 72-1,,,http://place.map.kakao.com/1252594904,33.2435885,126.5682826
1423056330,동홍 공영노외4 주차장,"교통,수송 > 교통시설 > 주차장 > 공영주차장",PK6,제주특별자치도 서귀포시 동홍동 1227-2,,,http://place.map.kakao.com/1423056330,33.2641751,126.5708033
797336200,동홍1 공영주차빌딩(시민문화체육복합센터) 전기차충전소,"교통,수송 > 자동차 > 전기차 충전소",,제주특별자치도 서귀포시 동홍동 395-2,제주특별자치도 서귀포시 중동로 69-3,,http://place.map.kakao.com/797336200,33.2503388,126.5690156
351947879,동홍1공영주차빌딩,"교통,수송 > 교통시설 > 주차장 > 공영주차장",PK6,제주특별자치도 서귀포시 동홍동 395-2,제주특별자치도 서귀포시 중동로 69-3,064-760-3107,http://place.map.kakao.com/351947879,33.2504055,126.5689874
46167679,동홍공영2주차빌딩,"교통,수송 > 교통시설 > 주차장 > 공영주차장",PK6,제주특별자치도 서귀포시 동홍동 470-1,제주특별자치도 서귀포시 동홍중앙로 58-6,,http://place.map.kakao.com/46167679,33.2556670,126.5722701
215368904,동홍공영노외1주차장,"교통,수송 > 교통시설 > 주차장 > 공영주차장",PK6,제주특별자치도 서귀포시 동홍동 514-2,,,http://place.map.kakao.com/215368904,33.2560214,126.5683696
1279813536,동홍공영노외1주차장 전기차충전소,"교통,수송 > 자동차 > 전기차 충전소",,제주특별자치도 서귀포시 동홍동 514-2,,1899-8852,http://place.map.kakao.com/1279813536,33.2561614,126.5684387
1705312355,동홍공영노외2주차장,"교통,수송 > 교통시설 > 주차장 > 공영주차장",PK6,제주특별자치도 서귀포시 동홍동 429,,,http://place.map.kakao.com/1705312355,33.2518165,126.5694956
1290982471,동홍공영노외2주차장 전기차충전소,"교통,수송 > 자동차 > 전기차 충전소",,제주특별자치도 서귀포시 동홍동 429,,1899-8852,http://place.map.kakao.com/1290982471,33.2518165,126.5694956
1086174250,동화초등교남측 공영주차장,"교통,수송 > 교통시설 > 주차장 > 공영주차장",PK6,제주특별자치도 제주시 화북일동 14-1,,,http://place.map.kakao.com/1086174250,33.5179355,126.5766671
514070658,동화초등학교 공영주차장 전기차충전소,"교통,수송 > 자동차 > 전기차 충전소",,제주특별자치도 제주시 화북일동 14-1,,1899-8852,http://place.map.kakao.com/514070658,33.5179384,126.5767230
1259572203,드라마2015 전용주차장,"교통,수송 > 교통시설 > 주차장",PK6,제주특별자치도 제주시 애월읍 금성리 472-13,,,http://place.map.kakao.com/1259572203,33.4481322,126.3017981
839407669,디앤디파트먼트 제주 주차장,"교통,수송 > 교통시설 > 주차장",PK6,제주특별자치도 제주시 삼도이동 1261-5,,,http://place.map.kakao.com/839407669,33.5177657,126.5230129
793329232,따라비오름 주차장,"교통,수송 > 교통시설 > 주차장",PK6,제주특별자치도 서귀포시 표선면 가시리 산 63,,,http://place.map.kakao.com/793329232,33.3843460,126.7579822
1747894670,라라카페 주차장,"교통,수송 > 교통시설 > 주차장",PK6,제주특별자치도 제주시 애월읍 광령리 160-9,,,http://place.map.kakao.com/1747894670,33.4542689,126.4427621
20594631,라온GC 주차장,"교통,수송 > 교통시설 > 주차장",PK6,제주특별자치도 제주시 한경면 저지리 산 19-1,제주특별자치도 제주시 한경면 용금로 998,,http://place.map.kakao.com/20594631,33.3418548,126.2796384
1901128268,랜디스도넛 애월점 주차장,"교통,수송 > 교통시설 > 주차장",PK6,제주특별자치도 제주시 애월읍 애월리 2471,,,http://place.map.kakao.com/1901128268,33.4613992,126.3114974
194137063,런던베이글뮤지엄주차장(제주) 전기차충전소,"교통,수송 > 자동차 > 전기차 충전소",,제주특별자치도 제주시 구좌읍 동복리 1568-1,제주특별자치도 제주시 구좌읍 동복로 83,,http://place.map.kakao.com/194137063,33.5535178,126.7151169
1941332601,레이오버 주차장,"교통,수송 > 교통시설 > 주차장",PK6,제주특별자치도 제주시 구좌읍 행원리 575-36,,,http://place.map.kakao.com/1941332601,33.5584577,126.8125460
2007950529,렉서스 제주전시장 주차장,"교통,수송 > 교통시설 > 주차장",PK6,제주특별자치도 제주시 이호이동 195,,,http://place.map.kakao.com/2007950529,33.4947523,126.4650780
20563586,렛츠런파크제주 주차장,"교통,수송 > 교통시설 > 주차장",PK6,제주특별자치도 제주시 애월읍 유수암리 1206,제주특별자치도 제주시 애월읍 평화로 2144,,http://place.map.kakao.com/20563586,33.4079205,126.3922566
17573066,렛츠런파크제주 주차장1,"교통,수송 > 교통시설 > 주차장",PK6,제주특별자치도 제주시 애월읍 유수암리 1206,제주특별자치도 제주시 애월읍 평화로 2144,,http://place.map.kakao.com/17573066,33.4096122,126.3945282
17575314,렛츠런파크제주 주차장2,"교통,수송 > 교통시설 > 주차장",PK6,제주특별자치도 제주시 애월읍 소길리 155-42,,,http://place.map.kakao.com/17575314,33.4089208,126.3932645
1349456762,롯데리아 제주외도DT점 주차장,"교통,수송 > 교통시설 > 주차장",PK6,제주특별자치도 제주시 외도이동 343-17,,,http://place.map.kakao.com/1349456762,33.4931071,126.4307327
1903624896,롯데마트 제주점 주차장,"교통,수송 > 교통시설 > 주차장",PK6,제주특별자치도 제주시 노형동 708,제주특별자치도 제주시 연북로 1,,http://place.map.kakao.com/1903624896,33.4824278,126.4819156
396333292,롯데스카이힐CC 제주 주차장,"교통,수송 > 교통시설 > 주차장",PK6,제주특별자치도 서귀포시 색달동 240,,,http://place.map.kakao.com/396333292,33.2878130,126.4039783
27178371,롯데호텔 제주 야외주차장,"교통,수송 > 교통시설 > 주차장",PK6,제주특별자치도 서귀포시 색달동 2812-4,제주특별자치도 서귀포시 중문관광로72번길 35,,http://place.map.kakao.com/27178371,33.2490735,126.4106733
20515838,롯데호텔 제주 주차장,"교통,수송 > 교통시설 > 주차장",PK6,제주특별자치도 서귀포시 색달동 2812-4,제주특별자치도 서귀포시 중문관광로72번길 35,,http://place.map.kakao.com/20515838,33.2497473,126.4090162
1641764536,르토아베이스먼트 주차장,"교통,수송 > 교통시설 > 주차장",PK6,제주특별자치도 제주시 구좌읍 평대리 2005,제주특별자치도 제주시 구좌읍 해맞이해안로 1226,,http://place.map.kakao.com/1641764536,33.5329865,126.8442759
1265771403,리썸커피 주차장,"교통,수송 > 교통시설 > 주차장",PK6,제주특별자치도 제주시 애월읍 광령리 2236-1,제주특별자치도 제주시 애월읍 광성로 256-2,,http://place.map.kakao.com/1265771403,33.4595773,126.4343521
674647179,리치망고 애월본점 주차장,"교통,수송 > 교통시설 > 주차장",PK6,제주특별자치도 제주시 애월읍 고내리 474-1,제주특별자치도 제주시 애월읍 애월해안로 272,,http://place.map.kakao.com/674647179,33.4685299,126.3401893
1130207057,리치유클래시아상가 주차장,"교통,수송 > 교통시설 > 주차장",PK6,제주특별자치도 서귀포시 성산읍 성산리 392,제주특별자치도 서귀포시 성산읍 성산등용로17번길 55,,http://place.map.kakao.com/1130207057,33.4607918,126.9296505
1508093992,마노르블랑 주차장,"교통,수송 > 교통시설 > 주차장",PK6,제주특별자치도 서귀포시 안덕면 덕수리 2948-1,,,http://place.map.kakao.com/1508093992,33.2551885,126.2946659
1097406735,마노커피하우스 주차장,"교통,수송 > 교통시설 > 주차장",PK6,제주특별자치도 서귀포시 중문동 2121,,,http://place.map.kakao.com/1097406735,33.2513628,126.4241562
1964570880,마니주횟집 주차장,"교통,수송 > 교통시설 > 주차장",PK6,제주특별자치도 제주시 애월읍 광령리 3105-8,,,http://place.map.kakao.com/1964570880,33.4510678,126.4291823
1687662025,마루해물라면 주차장,"교통,수송 > 교통시설 > 주차장",PK6,제주특별자치도 제주시 용담삼동 2364-1,제주특별자치도 제주시 서해안로 486-1,,http://place.map.kakao.com/1687662025,33.5190696,126.4911200
1701731117,마리파킹,"교통,수송 > 교통시설 > 주차장",PK6,제주특별자치도 제주시 오라삼동 2644-2,,,http://place.map.kakao.com/1701731117,33.4988945,126.5053053
660144327,마보기오름주차장,"교통,수송 > 교통시설 > 주차장",PK6,제주특별자치도 서귀포시 안덕면 상천리 산 62-3,제주특별자치도 서귀포시 안덕면 산록남로 863,,http://place.map.kakao.com/660144327,33.3175467,126.3888274
17577015,마이테르 주차장1,"교통,수송 > 교통시설 > 주차장",PK6,제주특별자치도 제주시 애월읍 납읍리 549,제주특별자치도 제주시 애월읍 애원로 474-29,,http://place.map.kakao.com/17577015,33.4293283,126.3482624
17578369,마이테르 주차장2,"교통,수송 > 교통시설 > 주차장",PK6,제주특별자치도 제주시 애월읍 납읍리 549,제주특별자치도 제주시 애월읍 애원로 474-29,,http://place.map.kakao.com/17578369,33.4288676,126.3484379
17582433,마이테르 주차장3,"교통,수송 > 교통시설 > 주차장",PK6,제주특별자치도 제주시 애월읍 납읍리 549,제주특별자치도 제주시 애월읍 애원로 474-29,,http://place.map.kakao.com/17582433,33.4294956,126.3471644
37033047,마카로니홈 주차장,"교통,수송 > 교통시설 > 주차장",PK6,제주특별자치도 서귀포시 안덕면 서광리 2146,제주특별자치도 서귀포시 안덕면 서광남로82번길 21,,http://place.map.kakao.com/37033047,33.2825656,126.3018021
1142630426,마트로 센트럴점 주차장,"교통,수송 > 교통시설 > 주차장",PK6,제주특별자치도 제주시 이도이동 1996-5,제주특별자치도 제주시 중앙로 346,,http://place.map.kakao.com/1142630426,33.4906117,126.5368167
915788633,마트로 앙뚜아네트 주차장,"교통,수송 > 교통시설 > 주차장",PK6,제주특별자치도 제주시 건입동 1441,제주특별자치도 제주시 중앙로 13,,http://place.map.kakao.com/915788633,33.5171398,126.5262454
990485486,마트로 탑동점 주차장,"교통,수송 > 교통시설 > 주차장",PK6,제주특별자치도 제주시 건입동 1441,제주특별자치도 제주시 중앙로 13,,http://place.map.kakao.com/990485486,33.5169278,126.5262057
1185728833,마틸다 주차장,"교통,수송 > 교통시설 > 주차장",PK6,제주특별자치도 제주시 애월읍 고내리 841,,,http://place.map.kakao.com/1185728833,33.4656029,126.3342112
1424785319,만부정 주차장,"교통,수송 > 교통시설 > 주차장",PK6,제주특별자치도 제주시 연동 298-9,제주특별자치도 제주시 사장길 38,,http://place.map.kakao.com/1424785319,33.4826836,126.4945176
483675798,만세국수 본점 주차장,"교통,수송 > 교통시설 > 주차장",PK6,제주특별자치도 제주시 오라일동 1074-6,제주특별자치도 제주시 오라로 152,,http://place.map.kakao.com/483675798,33.4942512,126.5187698
17576934,만장굴 주차장1,"교통,수송 > 교통시설 > 주차장",PK6,제주특별자치도 제주시 구좌읍 월정리 산 41-15,제주특별자치도 제주시 구좌읍 만장굴길 182,,http://place.map.kakao.com/17576934,33.5289725,126.7720355
10339490,만장굴 주차장2,"교통,수송 > 교통시설 > 주차장",PK6,제주특별자치도 제주시 구좌읍 월정리 산 41-15,제주특별자치도 제주시 구좌읍 만장굴길 182,,http://place.map.kakao.com/10339490,33.5299631,126.7723559
17582407,만장굴 주차장3,"교통,수송 > 교통시설 > 주차장",PK6,제주특별자치도 제주시 구좌읍 월정리 산 41-15,제주특별자치도 제주시 구좌읍 만장굴길 182,,http://place.map.kakao.com/17582407,33.5300973,126.7717850
20515934,만장굴중형주차장,"교통,수송 > 교통시설 > 주차장",PK6,제주특별자치도 제주시 구좌읍 월정리 산 41-15,제주특별자치도 제주시 구좌읍 만장굴길 182,,http://place.map.kakao.com/20515934,33.5299242,126.7717941
20515935,만진리치빌 지하주차장,"교통,수송 > 교통시설 > 주차장",PK6,제주특별자치도 제주시 삼도일동 530-1,제주특별자치도 제주시 서사로14길 2,,http://place.map.kakao.com/20515935,33.5037664,126.5194177
8305425,말이랑흑도새기랑 본점,"음식점 > 한식 > 육류,고기",FD6,제주특별자치도 제주시 노형동 291-24,제주특별자치도 제주시 주르레길 1,064-744-7031,http://place.map.kakao.com/8305425,33.4500492,126.4861060
2000448345,맑은수면이비인후과 주차장,"교통,수송 > 교통시설 > 주차장",PK6,제주특별자치도 제주시 노형동 3785,,,http://place.map.kakao.com/2000448345,33.4836187,126.4790863
1005393555,매오름 주차장,"교통,수송 > 교통시설 > 주차장",PK6,제주특별자치도 서귀포시 표선면 표선리 산 4,,,http://place.map.kakao.com/1005393555,33.3150507,126.8132727
783349228,매오름산책로 주차장,"교통,수송 > 교통시설 > 주차장",PK6,제주특별자치도 서귀포시 표선면 표선리 2441-9,,,http://place.map.kakao.com/783349228,33.3101467,126.8138630
1362656376,맥도날드 제주노형DT점 주차장,"교통,수송 > 교통시설 > 주차장",PK6,제주특별자치도 제주시 노형동 903-6,,,http://place.map.kakao.com/1362656376,33.4863180,126.4810123
652282743,맥도날드 제주서귀포DT점 주차장,"교통,수송 > 교통시설 > 주차장",PK6,제주특별자치도 서귀포시 서귀동 284-29,,,http://place.map.kakao.com/652282743,33.2531943,126.5625586
1363021981,맥도날드 제주시청DT점 주차장,"교통,수송 > 교통시설 > 주차장",PK6,제주특별자치도 제주시 이도이동 1057-4,,,http://place.map.kakao.com/1363021981,33.4956624,126.5334507
901575617,맥도날드 제주월드컵스타디움DT점 주차장,"교통,수송 > 교통시설 > 주차장",PK6,제주특별자치도 서귀포시 강정동 231-1,,,http://place.map.kakao.com/901575617,33.2494381,126.5071050
723038413,맥도날드 제주일도DT점 주차장,"교통,수송 > 교통시설 > 주차장",PK6,제주특별자치도 제주시 일도이동 369-11,,,http://place.map.kakao.com/723038413,33.5075194,126.5409854
696147475,맥도날드 제주중문DT점 주차장,"교통,수송 > 교통시설 > 주차장",PK6,제주특별자치도 서귀포시 색달동 2558-1,제주특별자치도 서귀포시 중문관광로 38,,http://place.map.kakao.com/696147475,33.2547360,126.4136025
1498512890,먹돌 제주본점 주차장,"교통,수송 > 교통시설 > 주차장",PK6,제주특별자치도 제주시 용담이동 1564,제주특별자치도 제주시 공항로1길 14,,http://place.map.kakao.com/1498512890,33.5033135,126.4979900
654405302,먹쿠슬낭카페 주차장,"교통,수송 > 교통시설 > 주차장",PK6,제주특별자치도 제주시 오라삼동 2319-8,,,http://place.map.kakao.com/654405302,33.4981569,126.5070776
462689842,메가박스 제주삼화지구 주차장,"교통,수송 > 교통시설 > 주차장",PK6,제주특별자치도 제주시 삼양이동 1477-1,,,http://place.map.kakao.com/462689842,33.5206466,126.5879153
272015324,메가타워 주차장,"교통,수송 > 교통시설 > 주차장",PK6,제주특별자치도 제주시 아라일동 2574,제주특별자치도 제주시 구산로 4,,http://place.map.kakao.com/272015324,33.4838247,126.5359082
524112283,메밀밭주차장,"교통,수송 > 교통시설 > 주차장",PK6,제주특별자치도 제주시 연동 산 132,,,http://place.map.kakao.com/524112283,33.4265608,126.5038354
973058965,메이저유료주차장,"교통,수송 > 교통시설 > 주차장",PK6,제주특별자치도 제주시 연동 273-50,,,http://place.map.kakao.com/973058965,33.4865263,126.4910016
20515995,메카플러스 주차장,"교통,수송 > 교통시설 > 주차장",PK6,제주특별자치도 제주시 이도이동 1776-3,제주특별자치도 제주시 서광로 288,,http://place.map.kakao.com/20515995,33.5000966,126.5273014
17582215,멜리오에코피아 주차장,"교통,수송 > 교통시설 > 주차장",PK6,제주특별자치도 제주시 애월읍 소길리 155-101,제주특별자치도 제주시 애월읍 평화로 2157,,http://place.map.kakao.com/17582215,33.4116558,126.3935465
412485303,면사무소옆 공영노외주차장,"교통,수송 > 교통시설 > 주차장 > 공영주차장",PK6,제주특별자치도 서귀포시 표선면 표선리 709-1,제주특별자치도 서귀포시 표선면 표선중앙로80번길 14,,http://place.map.kakao.com/412485303,33.3259723,126.8309857
20516009,면사무소주차장,"교통,수송 > 교통시설 > 주차장",PK6,제주특별자치도 서귀포시 표선면 표선리 701,,,http://place.map.kakao.com/20516009,33.3263637,126.8317432
778954716,명리동식당 본점 주차장,"교통,수송 > 교통시설 > 주차장",PK6,제주특별자치도 제주시 한경면 저지리 3136-1,,,http://place.map.kakao.com/778954716,33.3165248,126.2704505
1314540807,명물식당뒷편주차장,"교통,수송 > 교통시설 > 주차장 > 공영주차장",PK6,제주특별자치도 제주시 삼도이동 1167-7,,,http://place.map.kakao.com/1314540807,33.5165381,126.5170394
1617049660,명진전복 주차장,"교통,수송 > 교통시설 > 주차장",PK6,제주특별자치도 제주시 구좌읍 평대리 515-28,제주특별자치도 제주시 구좌읍 해맞이해안로 1282,,http://place.map.kakao.com/1617049660,33.5324602,126.8502743
1694005898,모관지구 공영주차장,"교통,수송 > 교통시설 > 주차장 > 공영주차장",PK6,제주특별자치도 제주시 삼도이동 839,,,http://place.map.kakao.com/1694005898,33.5121427,126.5200387
20336585,모구리야영장 주차장,"교통,수송 > 교통시설 > 주차장",PK6,제주특별자치도 서귀포시 성산읍 난산리 2968-15,,,http://place.map.kakao.com/20336585,33.4063752,126.8200135
1121495410,모로왓 제1 공영주차장(영락교회 인근 공영주차장) 전기차충전소,"교통,수송 > 자동차 > 전기차 충전소",,제주특별자치도 제주시 일도이동 510,제주특별자치도 제주시 동광로23길 20,,http://place.map.kakao.com/1121495410,33.5102127,126.5434961
1427118778,모로왓 제1공영주차장,"교통,수송 > 교통시설 > 주차장 > 공영주차장",PK6,제주특별자치도 제주시 일도이동 488-2,,,http://place.map.kakao.com/1427118778,33.5105612,126.5438677
1085054413,모로왓 제2공영주차장,"교통,수송 > 교통시설 > 주차장 > 공영주차장",PK6,제주특별자치도 제주시 일도이동 510,,,http://place.map.kakao.com/1085054413,33.5117466,126.5440638
475165698,모로왓제2공영주차장 전기차충전소,"교통,수송 > 자동차 > 전기차 충전소",,제주특별자치도 제주시 일도이동 510,,1899-8852,http://place.map.kakao.com/475165698,33.5117328,126.5442340
615652769,모슬포 중앙시장 공영주차장,"교통,수송 > 교통시설 > 주차장 > 공영주차장",PK6,제주특별자치도 서귀포시 대정읍 하모리 828-5,,,http://place.map.kakao.com/615652769,33.2211900,126.2546910
1992461953,모앙 주차장,"교통,수송 > 교통시설 > 주차장",PK6,제주특별자치도 제주시 아라일동 6108-10,제주특별자치도 제주시 인다5길 12-4,,http://place.map.kakao.com/1992461953,33.4759329,126.5473328
20516137,목석원주차장,"교통,수송 > 교통시설 > 주차장",PK6,제주특별자치도 제주시 아라일동 1795-3,,,http://place.map.kakao.com/20516137,33.4677119,126.5487654
1029502198,목성아파트맞은편 공영주차장,"교통,수송 > 교통시설 > 주차장 > 공영주차장",PK6,제주특별자치도 제주시 삼도일동 500-14,,,http://place.map.kakao.com/1029502198,33.5040967,126.5162734
1616812960,목장카페드르쿰다 주차장,"교통,수송 > 교통시설 > 주차장",PK6,제주특별자치도 서귀포시 표선면 성읍리 2873,제주특별자치도 서귀포시 표선면 번영로 2454,,http://place.map.kakao.com/1616812960,33.4095562,126.7703656
1734855942,몸냥식탁 주차장,"교통,수송 > 교통시설 > 주차장",PK6,제주특별자치도 서귀포시 중문동 2117-5,,,http://place.map.kakao.com/1734855942,33.2514061,126.4231998
1383780774,몽탄 제주점 주차장,"교통,수송 > 교통시설 > 주차장",PK6,제주특별자치도 제주시 구좌읍 동복리 1351-1,,,http://place.map.kakao.com/1383780774,33.5514767,126.7147855
1874284070,무거버거 주차장,"교통,수송 > 교통시설 > 주차장",PK6,제주특별자치도 제주시 조천읍 신흥리 15,제주특별자치도 제주시 조천읍 조함해안로 356,,http://place.map.kakao.com/1874284070,33.5490923,126.6550134
1874107114,무근성 공영주차장,"교통,수송 > 교통시설 > 주차장 > 공영주차장",PK6,제주특별자치도 제주시 삼도이동 1159-9,,,http://place.map.kakao.com/1874107114,33.5153687,126.5193557
1846457022,무로이 주차장,"교통,수송 > 교통시설 > 주차장",PK6,제주특별자치도 서귀포시 안덕면 동광리 962-7,,,http://place.map.kakao.com/1846457022,33.3073500,126.3368746
1410176478,무료공영주차장,"교통,수송 > 교통시설 > 주차장 > 공영주차장",PK6,제주특별자치도 제주시 이도이동 1766-28,,,http://place.map.kakao.com/1410176478,33.4981155,126.5284260
1195307905,무료주차장,"교통,수송 > 교통시설 > 주차장",PK6,제주특별자치도 서귀포시 서호동 1525-1,,,http://place.map.kakao.com/1195307905,33.2549606,126.5179320
1250466266,무료주차장,"교통,수송 > 교통시설 > 주차장 > 공영주차장",PK6,제주특별자치도 서귀포시 서귀동 459-5,,,http://place.map.kakao.com/1250466266,33.2445542,126.5626263
139220867,무료주차장,"교통,수송 > 교통시설 > 주차장",PK6,제주특별자치도 서귀포시 서귀동 58-6,,,http://place.map.kakao.com/139220867,33.2450737,126.5662827
1424974317,무료주차장,"교통,수송 > 교통시설 > 주차장",PK6,제주특별자치도 서귀포시 서귀동 320-7,,,http://place.map.kakao.com/1424974317,33.2485436,126.5587113
1436558706,무료주차장,"교통,수송 > 교통시설 > 주차장 > 공영주차장",PK6,제주특별자치도 제주시 구좌읍 세화리 3644-4,,,http://place.map.kakao.com/1436558706,33.5263922,126.8561915
1451993269,무료주차장,"교통,수송 > 교통시설 > 주차장",PK6,제주특별자치도 제주시 용담이동 2581,,,http://place.map.kakao.com/1451993269,33.5112000,126.5127273
2316770,무료주차장,"교통,수송 > 교통시설 > 주차장",PK6,제주특별자치도 제주시 한림읍 옹포리 295-11,,,http://place.map.kakao.com/2316770,33.4055907,126.2575243
236563212,무료주차장,"교통,수송 > 교통시설 > 주차장 > 공영주차장",PK6,제주특별자치도 제주시 용담삼동 2396-1,,,http://place.map.kakao.com/236563212,33.5183719,126.4885257
692047354,무료주차장,"교통,수송 > 교통시설 > 주차장 > 공영주차장",PK6,제주특별자치도 서귀포시 안덕면 덕수리 2213-3,,064-760-3132,http://place.map.kakao.com/692047354,33.2546204,126.3071647
851638496,무료주차장,"교통,수송 > 교통시설 > 주차장",PK6,제주특별자치도 제주시 한림읍 한림리 1051-3,,,http://place.map.kakao.com/851638496,33.4139510,126.2663020
829812216,무인민원발급창구 도남동공영주차장,"사회,공공기관 > 지방행정기관 > 무인민원발급창구",,제주특별자치도 제주시 도남동 87-9,,,http://place.map.kakao.com/829812216,33.4956085,126.5299138
20580988,무지개렌트카 주차장,"교통,수송 > 교통시설 > 주차장",PK6,제주특별자치도 제주시 도두이동 1121-1,,,http://place.map.kakao.com/20580988,33.4974607,126.4818552
992012189,문개항아리 애월점 주차장,"교통,수송 > 교통시설 > 주차장",PK6,제주특별자치도 제주시 애월읍 하귀2리 2696-1,,,http://place.map.kakao.com/992012189,33.4856586,126.3924588
170981935,문부공원 노외공영주차장,"교통,수송 > 교통시설 > 주차장 > 공영주차장",PK6,제주특별자치도 서귀포시 동홍동 646-1,,,http://place.map.kakao.com/170981935,33.2543354,126.5707388
1193291370,문치비 전용주차장,"교통,수송 > 교통시설 > 주차장",PK6,제주특별자치도 서귀포시 강정동 167-5,,,http://place.map.kakao.com/1193291370,33.2535218,126.5062558
1537839980,물영아리주차장 전기차충전소,"교통,수송 > 자동차 > 전기차 충전소",,제주특별자치도 서귀포시 남원읍 수망리 산 182-2,제주특별자치도 서귀포시 남원읍 남조로 988-3,1899-2100,http://place.map.kakao.com/1537839980,33.3607481,126.6924485
64488030,미깡창고 주차장,"교통,수송 > 교통시설 > 주차장",PK6,제주특별자치도 제주시 애월읍 광령리 19-12,,,http://place.map.kakao.com/64488030,33.4601368,126.4452276
628527618,미스칠 주차장,"교통,수송 > 교통시설 > 주차장",PK6,제주특별자치도 제주시 연동 2434,,,http://place.map.kakao.com/628527618,33.4938956,126.4835174
741841278,미스틱3도 주차장,"교통,수송 > 교통시설 > 주차장",PK6,제주특별자치도 제주시 노형동 291-25,,,http://place.map.kakao.com/741841278,33.4501679,126.4875573
503482785,미풍해장국 코스모스점 주차장,"교통,수송 > 교통시설 > 주차장",PK6,제주특별자치도 제주시 연동 304-38,제주특별자치도 제주시 선덕로 2,,http://place.map.kakao.com/503482785,33.4855453,126.4969467
20516349,민속마을주차장,"교통,수송 > 교통시설 > 주차장",PK6,제주특별자치도 서귀포시 표선면 성읍리 371-1,제주특별자치도 서귀포시 표선면 서성일로189번길 1,,http://place.map.kakao.com/20516349,33.4036281,126.8133285
20516350,민속마을주차장,"교통,수송 > 교통시설 > 주차장",PK6,제주특별자치도 서귀포시 표선면 성읍리 483-13,제주특별자치도 서귀포시 표선면 서성일로 47,,http://place.map.kakao.com/20516350,33.3958844,126.8013279
552227828,바 주차장,음식점 > 술집 > 칵테일바,FD6,제주특별자치도 제주시 노형동 2523-4,제주특별자치도 제주시 정존3길 12,,http://place.map.kakao.com/552227828,33.4830723,126.4735270
1537523989,바농오름 주차장,"교통,수송 > 교통시설 > 주차장",PK6,제주특별자치도 제주시 조천읍 교래리 산 95,제주특별자치도 제주시 조천읍 남조로 2023,,http://place.map.kakao.com/1537523989,33.4513516,126.6555622
1362816250,바다다 주차장,"교통,수송 > 교통시설 > 주차장",PK6,제주특별자치도 서귀포시 대포동 2380,제주특별자치도 서귀포시 대포로 148-15,,http://place.map.kakao.com/1362816250,33.2372088,126.4366863
991657180,바다속고등어쌈밥 주차장,"교통,수송 > 교통시설 > 주차장",PK6,제주특별자치도 제주시 애월읍 하귀1리 1567-5,,,http://place.map.kakao.com/991657180,33.4844224,126.4071487
1780763344,바당고지 전용주차장,"교통,수송 > 교통시설 > 주차장",PK6,제주특별자치도 제주시 한림읍 협재리 1909,,,http://place.map.kakao.com/1780763344,33.3966186,126.2449098
1671405298,바리메주차장,"교통,수송 > 교통시설 > 주차장",PK6,제주특별자치도 제주시 애월읍 상가리 산 123,,,http://place.map.kakao.com/1671405298,33.3774637,126.3922859
1134099691,바바 전용주차장,"교통,수송 > 교통시설 > 주차장",PK6,제주특별자치도 제주시 애월읍 애월리 2538,,,http://place.map.kakao.com/1134099691,33.4627639,126.3098129
1205336812,바우네나주곰탕 삼화점 주차장,"교통,수송 > 교통시설 > 주차장",PK6,제주특별자치도 제주시 도련이동 532-8,,064-723-0882,http://place.map.kakao.com/1205336812,33.5166387,126.5888836
1147068025,바이나흐튼 크리스마스박물관 주차장,"교통,수송 > 교통시설 > 주차장",PK6,제주특별자치도 서귀포시 안덕면 서광리 456,제주특별자치도 서귀포시 안덕면 평화로 654,,http://place.map.kakao.com/1147068025,33.2913103,126.3277976
1031987695,방림원 김창열 미술관 주차장,"교통,수송 > 교통시설 > 주차장",PK6,제주특별자치도 제주시 한경면 저지리 2120-91,제주특별자치도 제주시 한경면 용금로 864,,http://place.map.kakao.com/1031987695,33.3372286,126.2685131
20516449,방선문계곡 주차장,"교통,수송 > 교통시설 > 주차장",PK6,제주특별자치도 제주시 오라이동 3819-11,,,http://place.map.kakao.com/20516449,33.4530004,126.5178178
1139399906,방주교회 주차장,"교통,수송 > 교통시설 > 주차장",PK6,제주특별자치도 서귀포시 안덕면 상천리 423-1,,,http://place.map.kakao.com/1139399906,33.3054800,126.3872709
341059653,백록담주유소 옆 공영주차장,"교통,수송 > 교통시설 > 주차장 > 공영주차장",PK6,제주특별자치도 제주시 건입동 709-4,,,http://place.map.kakao.com/341059653,33.5143352,126.5389657
855395408,백록초등학교 주차장,"교통,수송 > 교통시설 > 주차장",PK6,제주특별자치도 제주시 노형동 2583-2,제주특별자치도 제주시 정존5길 62,,http://place.map.kakao.com/855395408,33.4868696,126.4696735
26100140,백선횟집 주차장,"교통,수송 > 교통시설 > 주차장",PK6,제주특별자치도 제주시 도남동 914-12,,,http://place.map.kakao.com/26100140,33.4991510,126.5252415
1156906834,백약이오름 공영주차장,"교통,수송 > 교통시설 > 주차장 > 공영주차장",PK6,제주특별자치도 제주시 구좌읍 송당리 2298-3,,,http://place.map.kakao.com/1156906834,33.4417627,126.7896430
604691863,백약이오름 주차장,"교통,수송 > 교통시설 > 주차장",PK6,제주특별자치도 서귀포시 표선면 성읍리 1893,,010-9030-7269,http://place.map.kakao.com/604691863,33.4411213,126.7942743
891497305,백패커스홈카페 주차장,"교통,수송 > 교통시설 > 주차장",PK6,제주특별자치도 서귀포시 서귀동 315-3,제주특별자치도 서귀포시 중정로 24-7,,http://place.map.kakao.com/891497305,33.2470118,126.5589636
1007864319,버드나무집 주차장,"교통,수송 > 교통시설 > 주차장",PK6,제주특별자치도 제주시 조천읍 함덕리 1299-4,,,http://place.map.kakao.com/1007864319,33.5408017,126.6663912
1236919105,법원북측공영주차장,"교통,수송 > 교통시설 > 주차장 > 공영주차장",PK6,제주특별자치도 제주시 이도이동 1066,,,http://place.map.kakao.com/1236919105,33.4947318,126.5353205
79642288,법정악 주차장,"교통,수송 > 교통시설 > 주차장",PK6,제주특별자치도 서귀포시 하원동 산 1-1,,,http://place.map.kakao.com/79642288,33.3146111,126.4656987
2034980313,법환 해녀광장 주차장,"교통,수송 > 교통시설 > 주차장",PK6,제주특별자치도 서귀포시 법환동 163-16,,,http://place.map.kakao.com/2034980313,33.2365885,126.5152540
1285531898,법환포구 주차장,"교통,수송 > 교통시설 > 주차장",PK6,제주특별자치도 서귀포시 법환동 286-3,,,http://place.map.kakao.com/1285531898,33.2373740,126.5155179
1185421239,벙커하우스 주차장,"교통,수송 > 교통시설 > 주차장",PK6,제주특별자치도 서귀포시 법환동 140,,,http://place.map.kakao.com/1185421239,33.2406470,126.5190352
27395717,베니키아호텔 더제주리조트 주차장,"교통,수송 > 교통시설 > 주차장",PK6,제주특별자치도 제주시 한림읍 협재리 876-3,,,http://place.map.kakao.com/27395717,33.3788763,126.2514659
1048133621,베라체 공영주차장 전기차충전소,"교통,수송 > 자동차 > 전기차 충전소",,제주특별자치도 제주시 이도이동 1963-2,제주특별자치도 제주시 신설로9길 6,1899-2100,http://place.map.kakao.com/1048133621,33.4930399,126.5454123
1750203947,베라체 공영주차장 전기차충전소,"교통,수송 > 자동차 > 전기차 충전소",,제주특별자치도 제주시 이도이동 1963-3,제주특별자치도 제주시 신설로9길 2,,http://place.map.kakao.com/1750203947,33.4929205,126.5447996
1426703032,베스트웨스턴제주 주차장,"교통,수송 > 교통시설 > 주차장",PK6,제주특별자치도 제주시 노형동 1295-16,제주특별자치도 제주시 도령로 27,,http://place.map.kakao.com/1426703032,33.4878263,126.4818544
1304140509,베스트힐 주차장(조천읍) 전기차충전소,"교통,수송 > 자동차 > 전기차 충전소",,제주특별자치도 제주시 조천읍 교래리 786-29,제주특별자치도 제주시 조천읍 남조로 2109-38,,http://place.map.kakao.com/1304140509,33.4540072,126.6576610
782753510,벨진밧 주차장,"교통,수송 > 교통시설 > 주차장",PK6,제주특별자치도 서귀포시 대정읍 안성리 1985-6,,064-794-0121,http://place.map.kakao.com/782753510,33.2696375,126.2782786
17556681,별빛누리공원 장애인주차장1,"교통,수송 > 교통시설 > 주차장",PK6,제주특별자치도 제주시 오등동 산 33,,,http://place.map.kakao.com/17556681,33.4446080,126.5483860
639806382,별빛누리공원 주차장 전기차량 충전소 전기차충전소,"교통,수송 > 자동차 > 전기차 충전소",,제주특별자치도 제주시 오등동 10-34,제주특별자치도 제주시 선돌목동길 60,,http://place.map.kakao.com/639806382,33.4445757,126.5491863
1944656136,병문천 제2공영주차장,"교통,수송 > 교통시설 > 주차장 > 공영주차장",PK6,제주특별자치도 제주시 삼도이동 1227-7,,064-756-2247,http://place.map.kakao.com/1944656136,33.5115009,126.5198281
20516611,병문천공영주차장,"교통,수송 > 교통시설 > 주차장 > 공영주차장",PK6,제주특별자치도 제주시 삼도이동 1227-7,,,http://place.map.kakao.com/20516611,33.5117194,126.5196880
177869835,보목 공영노외1 주차장,"교통,수송 > 교통시설 > 주차장 > 공영주차장",PK6,제주특별자치도 서귀포시 보목동 393,,,http://place.map.kakao.com/177869835,33.2433139,126.6058765
2115768549,보목공영노외1주차장 전기차충전소,"교통,수송 > 자동차 > 전기차 충전소",,제주특별자치도 서귀포시 보목동 393,제주특별자치도 서귀포시 칠십리로 523,,http://place.map.kakao.com/2115768549,33.2432406,126.6060817
611989487,보목교회 제1주차장,"교통,수송 > 교통시설 > 주차장",PK6,제주특별자치도 서귀포시 보목동 715,,,http://place.map.kakao.com/611989487,33.2413683,126.6019710
72331,보목교회 제2주차장,"교통,수송 > 교통시설 > 주차장",PK6,제주특별자치도 서귀포시 보목동 771,,,http://place.map.kakao.com/72331,33.2404946,126.6022260
20516684,복개주차장,"교통,수송 > 교통시설 > 주차장",PK6,제주특별자치도 제주시 용담일동 2578-3,,,http://place.map.kakao.com/20516684,33.5074046,126.5155576
20516687,복개주차장,"교통,수송 > 교통시설 > 주차장",PK6,제주특별자치도 제주시 용담이동 2581,,,http://place.map.kakao.com/20516687,33.5112054,126.5127208
1065621603,본태박물관 주차장,"교통,수송 > 교통시설 > 주차장",PK6,제주특별자치도 서귀포시 안덕면 상천리 380,제주특별자치도 서귀포시 안덕면 산록남로762번길 69,,http://place.map.kakao.com/1065621603,33.3039513,126.3925020
203572551,볼카노골프앤리조트 주차장,"교통,수송 > 교통시설 > 주차장",PK6,제주특별자치도 서귀포시 중문동 산 5,제주특별자치도 서귀포시 산록남로 1391,,http://place.map.kakao.com/203572551,33.3024363,126.4346621
1969288903,봉개동 공영주차장 전기차충전소,"교통,수송 > 자동차 > 전기차 충전소",,제주특별자치도 제주시 봉개동 1854-3,제주특별자치도 제주시 번영로 503,,http://place.map.kakao.com/1969288903,33.4903107,126.5955772
1698604266,봉개동공영주차장,"교통,수송 > 교통시설 > 주차장 > 공영주차장",PK6,제주특별자치도 제주시 봉개동 1854-1,,,http://place.map.kakao.com/1698604266,33.4904453,126.5953862
795264487,봉개동공영주차장 전기차충전소,"교통,수송 > 자동차 > 전기차 충전소",,제주특별자치도 제주시 봉개동 1832-1,제주특별자치도 제주시 봉개북1길 10,1661-9408,http://place.map.kakao.com/795264487,33.4907362,126.5952912
1477995757,봉개동무료주차장,"교통,수송 > 교통시설 > 주차장 > 공영주차장",PK6,제주특별자치도 제주시 회천동 3262-3,,,http://place.map.kakao.com/1477995757,33.4844974,126.6074388
20516718,봉개동주민센터주차장,"교통,수송 > 교통시설 > 주차장",PK6,제주특별자치도 제주시 봉개동 1824-1,제주특별자치도 제주시 봉개북1길 15,,http://place.map.kakao.com/20516718,33.4915506,126.5948344
20516744,봉영농장주차장,"교통,수송 > 교통시설 > 주차장",PK6,제주특별자치도 서귀포시 성산읍 온평리 2160-4,,,http://place.map.kakao.com/20516744,33.4025444,126.8904313
616024714,부림빌딩 주차장,"교통,수송 > 교통시설 > 주차장",PK6,제주특별자치도 제주시 도두이동 87-6,,,http://place.map.kakao.com/616024714,33.5016527,126.4904557
528133288,부소오름주차장,"교통,수송 > 교통시설 > 주차장",PK6,제주특별자치도 제주시 조천읍 교래리 산 2-1,,,http://place.map.kakao.com/528133288,33.4463677,126.7201117
20516851,부영CC 주차장,"교통,수송 > 교통시설 > 주차장",PK6,제주특별자치도 서귀포시 남원읍 수망리 628-12,제주특별자치도 서귀포시 남원읍 남조로 960,,http://place.map.kakao.com/20516851,33.3582890,126.7122413
1786079595,부원뚝배기 주차장,"교통,수송 > 교통시설 > 주차장",PK6,제주특별자치도 제주시 한림읍 대림리 1221-6,,,http://place.map.kakao.com/1786079595,33.4275616,126.2775549
486613224,부촌 주차장,"교통,수송 > 교통시설 > 주차장",PK6,제주특별자치도 서귀포시 성산읍 고성리 2747-7,,,http://place.map.kakao.com/486613224,33.4490722,126.9171214
588533997,북수구공영주차장,"교통,수송 > 교통시설 > 주차장 > 공영주차장",PK6,제주특별자치도 제주시 일도일동 1230-5,,,http://place.map.kakao.com/588533997,33.5146515,126.5281619
20516950,북촌다려전복주차장,"교통,수송 > 교통시설 > 주차장",PK6,제주특별자치도 제주시 조천읍 북촌리 1363-4,,,http://place.map.kakao.com/20516950,33.5502944,126.6938998
1875992891,브라보비치 주차장,"교통,수송 > 교통시설 > 주차장",PK6,제주특별자치도 서귀포시 성산읍 시흥리 10-4,,,http://place.map.kakao.com/1875992891,33.4776605,126.9094575
25610373,블랙스톤제주CC 주차장,"교통,수송 > 교통시설 > 주차장",PK6,제주특별자치도 제주시 한림읍 금악리 84-1,제주특별자치도 제주시 한림읍 한창로 925-122,,http://place.map.kakao.com/25610373,33.3379398,126.3110569
1905195959,블루보틀 제주 주차장,"교통,수송 > 교통시설 > 주차장",PK6,제주특별자치도 제주시 구좌읍 송당리 2656-6,제주특별자치도 제주시 구좌읍 번영로 2133-30,,http://place.map.kakao.com/1905195959,33.4332788,126.7508524
1725185687,블루스프링부띠끄호텔,"여행 > 숙박 > 여관,모텔",AD5,제주특별자치도 제주시 한림읍 협재리 2514-2,제주특별자치도 제주시 한림읍 한림로 330,064-796-1782,http://place.map.kakao.com/1725185687,33.3929297,126.2402427
20517008,비자림 주차장,"교통,수송 > 교통시설 > 주차장",PK6,제주특별자치도 제주시 구좌읍 평대리 3161-1,제주특별자치도 제주시 구좌읍 비자숲길 55,,http://place.map.kakao.com/20517008,33.4913042,126.8109476
1842747340,빕스 프리미어 제주점 주차장,"교통,수송 > 교통시설 > 주차장",PK6,제주특별자치도 제주시 연동 280-3,,,http://place.map.kakao.com/1842747340,33.4934867,126.4925879
1629614129,빛의벙커 제2주차장,"교통,수송 > 교통시설 > 주차장",PK6,제주특별자치도 서귀포시 성산읍 고성리 2500-10,,1522-2653,http://place.map.kakao.com/1629614129,33.4403932,126.8977160
1903748799,빛의벙커 주차장,"교통,수송 > 교통시설 > 주차장",PK6,제주특별자치도 서귀포시 성산읍 고성리 2040-1,,,http://place.map.kakao.com/1903748799,33.4399406,126.8987737
1155394305,빛의벙커제2주차장 전기차충전소,"교통,수송 > 자동차 > 전기차 충전소",,제주특별자치도 서귀포시 성산읍 고성리 2500-10,제주특별자치도 서귀포시 성산읍 서성일로1168번길 93-1,,http://place.map.kakao.com/1155394305,33.4402903,126.8976247
17556698,사계리해안체육공원 주차장,"교통,수송 > 교통시설 > 주차장",PK6,제주특별자치도 서귀포시 안덕면 사계리 3530-4,,,http://place.map.kakao.com/17556698,33.2205121,126.2946139
220014739,사계포구 공영주차장,"교통,수송 > 교통시설 > 주차장 > 공영주차장",PK6,제주특별자치도 서귀포시 안덕면 사계리 2147-6,제주특별자치도 서귀포시 안덕면 형제해안로 16,,http://place.map.kakao.com/220014739,33.2282876,126.3053491
702300064,사계포구공영주차장 전기차충전소,"교통,수송 > 자동차 > 전기차 충전소",,제주특별자치도 서귀포시 안덕면 사계리 2147-6,제주특별자치도 서귀포시 안덕면 형제해안로 16,1899-8852,http://place.map.kakao.com/702300064,33.2282538,126.3052700
1187152317,사라봉 주차장,"교통,수송 > 교통시설 > 주차장",PK6,제주특별자치도 제주시 건입동 387-1,,,http://place.map.kakao.com/1187152317,33.5186554,126.5474742
17556673,사라봉공원 주차장1,"교통,수송 > 교통시설 > 주차장",PK6,제주특별자치도 제주시 건입동 497,,,http://place.map.kakao.com/17556673,33.5159841,126.5470037
17561494,사라봉공원 주차장2,"교통,수송 > 교통시설 > 주차장",PK6,제주특별자치도 제주시 건입동 467-7,,,http://place.map.kakao.com/17561494,33.5144754,126.5437266
1865208314,사려니숲 탐방안내소 주차장,"교통,수송 > 교통시설 > 주차장",PK6,제주특별자치도 제주시 봉개동 2750-2,,,http://place.map.kakao.com/1865208314,33.4341064,126.6374851
166327192,사려니숲길 붉은오름 입구 주차장,"교통,수송 > 교통시설 > 주차장",PK6,제주특별자치도 서귀포시 표선면 가시리 산 158-4,,,http://place.map.kakao.com/166327192,33.3955136,126.6849116
1122906837,사려니숲길 주차장,"교통,수송 > 교통시설 > 주차장",PK6,제주특별자치도 서귀포시 표선면 가시리 산 158-4,,,http://place.map.kakao.com/1122906837,33.3945768,126.6852589
1252717092,사려니숲길 주차장 전기차충전소,"교통,수송 > 자동차 > 전기차 충전소",,제주특별자치도 제주시 봉개동 2750-2,,1661-9408,http://place.map.kakao.com/1252717092,33.4342609,126.6372952
371480434,사설주차장,"교통,수송 > 교통시설 > 주차장",PK6,제주특별자치도 서귀포시 안덕면 사계리 164-1,,,http://place.map.kakao.com/371480434,33.2363838,126.3119274
2072475484,사평제1공영주차장,"교통,수송 > 교통시설 > 주차장 > 공영주차장",PK6,제주특별자치도 제주시 오라이동 1326,,,http://place.map.kakao.com/2072475484,33.4916278,126.5119363
1585600966,산경도예앞운동장 주차장,"교통,수송 > 교통시설 > 주차장",PK6,제주특별자치도 서귀포시 대정읍 신도리 1382-1,제주특별자치도 서귀포시 대정읍 서삼중로 232,,http://place.map.kakao.com/1585600966,33.2785959,126.1912915
17580691,산굼부리 대형주차장,"교통,수송 > 교통시설 > 주차장",PK6,제주특별자치도 제주시 조천읍 교래리 342-2,제주특별자치도 제주시 조천읍 비자림로 768,,http://place.map.kakao.com/17580691,33.4348623,126.6872901
18111437,산굼부리 주차장,"교통,수송 > 교통시설 > 주차장",PK6,제주특별자치도 제주시 조천읍 교래리 342-2,제주특별자치도 제주시 조천읍 비자림로 768,,http://place.map.kakao.com/18111437,33.4350431,126.6896294
20517083,산방산 공영주차장,"교통,수송 > 교통시설 > 주차장 > 공영주차장",PK6,제주특별자치도 서귀포시 안덕면 사계리 163-1,,,http://place.map.kakao.com/20517083,33.2358652,126.3120688
1482631816,산방산 용머리해안 제3공영주차장,"교통,수송 > 교통시설 > 주차장 > 공영주차장",PK6,제주특별자치도 서귀포시 안덕면 사계리 128,,,http://place.map.kakao.com/1482631816,33.2331680,126.3101845
431839890,산방산주차장,"교통,수송 > 교통시설 > 주차장 > 공영주차장",PK6,제주특별자치도 서귀포시 안덕면 사계리 166-4,,,http://place.map.kakao.com/431839890,33.2362902,126.3126234
18111440,산방산탄산온천 주차장,"교통,수송 > 교통시설 > 주차장",PK6,제주특별자치도 서귀포시 안덕면 사계리 966-2,제주특별자치도 서귀포시 안덕면 사계북로41번길 172,,http://place.map.kakao.com/18111440,33.2482607,126.2991639
1131662604,산방식당 제주점 주차장,"교통,수송 > 교통시설 > 주차장",PK6,제주특별자치도 제주시 이도이동 1999-13,,,http://place.map.kakao.com/1131662604,33.4903189,126.5361511
2068697830,산양큰엉곶 임시주차장,"교통,수송 > 교통시설 > 주차장",PK6,제주특별자치도 제주시 한경면 청수리 957,,,http://place.map.kakao.com/2068697830,33.2909180,126.2497830
1235683389,산지물 본점 주차장,"교통,수송 > 교통시설 > 주차장",PK6,제주특별자치도 제주시 건입동 1367,,,http://place.map.kakao.com/1235683389,33.5157346,126.5277621
1865553312,산지천물놀이장 주차장,"교통,수송 > 교통시설 > 주차장",PK6,제주특별자치도 서귀포시 동홍동 1275,,,http://place.map.kakao.com/1865553312,33.2631301,126.5643132
1734702468,삼거리농원 주차장,"교통,수송 > 교통시설 > 주차장",PK6,제주특별자치도 서귀포시 안덕면 사계리 1934-1,제주특별자치도 서귀포시 안덕면 사계남로 235,,http://place.map.kakao.com/1734702468,33.2341514,126.3082006
250918785,삼다도횟집 본점 주차장,"교통,수송 > 교통시설 > 주차장",PK6,제주특별자치도 제주시 용담삼동 1100,,,http://place.map.kakao.com/250918785,33.5189510,126.4991839
839784256,삼다수숲길 주차장,"교통,수송 > 교통시설 > 주차장",PK6,제주특별자치도 제주시 조천읍 교래리 280,,,http://place.map.kakao.com/839784256,33.4276947,126.6740513
705458989,삼다수숲길 주차장 전기차충전소,"교통,수송 > 자동차 > 전기차 충전소",,제주특별자치도 제주시 조천읍 교래리 280,제주특별자치도 제주시 조천읍 남조로 1793,1899-8852,http://place.map.kakao.com/705458989,33.4274007,126.6740385
928805308,삼대국수회관 본점 주차장,"교통,수송 > 교통시설 > 주차장",PK6,제주특별자치도 제주시 일도이동 1045-12,제주특별자치도 제주시 삼성로 41,,http://place.map.kakao.com/928805308,33.5069461,126.5299591
20517135,삼덕빌라지하주차장,"교통,수송 > 교통시설 > 주차장",PK6,제주특별자치도 제주시 연동 267,제주특별자치도 제주시 연동4길 35,,http://place.map.kakao.com/20517135,33.4827008,126.4885945
20581025,삼도1동 533-10 공영주차장,"교통,수송 > 교통시설 > 주차장 > 공영주차장",PK6,제주특별자치도 제주시 삼도일동 533-9,,,http://place.map.kakao.com/20581025,33.5013472,126.5196033
538670538,삼도2동 공영주차장,"교통,수송 > 교통시설 > 주차장 > 공영주차장",PK6,제주특별자치도 제주시 삼도이동 1260-4,,,http://place.map.kakao.com/538670538,33.5180723,126.5227819
574761522,삼도2동 공한지주차장,"교통,수송 > 교통시설 > 주차장 > 공영주차장",PK6,제주특별자치도 제주시 삼도이동 1159-12,제주특별자치도 제주시 북성로 51,,http://place.map.kakao.com/574761522,33.5153846,126.5192749
251100699,삼도남문3공영주차장,"교통,수송 > 교통시설 > 주차장 > 공영주차장",PK6,제주특별자치도 제주시 삼도이동 807-3,,,http://place.map.kakao.com/251100699,33.5085661,126.5218989
1733234402,삼도무근성2 공영 주차장,"교통,수송 > 교통시설 > 주차장 > 공영주차장",PK6,제주특별자치도 제주시 삼도이동 1158-98,,,http://place.map.kakao.com/1733234402,33.5151942,126.5182954
1414313666,삼도이동 1116-1 공영주차장,"교통,수송 > 교통시설 > 주차장 > 공영주차장",PK6,제주특별자치도 제주시 삼도이동 1116-1,,,http://place.map.kakao.com/1414313666,33.5155319,126.5207616
1432046980,삼도일동 796-8 공영주차장,"교통,수송 > 교통시설 > 주차장 > 공영주차장",PK6,제주특별자치도 제주시 삼도일동 796-8,제주특별자치도 제주시 남성로 126,,http://place.map.kakao.com/1432046980,33.5087589,126.5188186
1159295619,삼도일동 공영주차장 전기차충전소,"교통,수송 > 자동차 > 전기차 충전소",,제주특별자치도 제주시 삼도일동 560-2,,,http://place.map.kakao.com/1159295619,33.4994608,126.5160452
551590334,삼도일동 무료 주차장,"교통,수송 > 교통시설 > 주차장 > 공영주차장",PK6,제주특별자치도 제주시 삼도일동 508-13,,,http://place.map.kakao.com/551590334,33.5042603,126.5175209
20581030,삼도일동560-2 노외공영주차장,"교통,수송 > 교통시설 > 주차장 > 공영주차장",PK6,제주특별자치도 제주시 삼도일동 560-2,,,http://place.map.kakao.com/20581030,33.4994224,126.5161401
1641804427,삼미흑돼지 중문점 주차장,"교통,수송 > 교통시설 > 주차장",PK6,제주특별자치도 서귀포시 색달동 2275-1,,,http://place.map.kakao.com/1641804427,33.2585927,126.4133266
20581054,삼부장미아파트 남측 공영주차장,"교통,수송 > 교통시설 > 주차장 > 공영주차장",PK6,제주특별자치도 제주시 삼양일동 1628-7,,,http://place.map.kakao.com/20581054,33.5268896,126.5904714
1277183886,삼부장미아파트남측공영주차장 전기차충전소,"교통,수송 > 자동차 > 전기차 충전소",,제주특별자치도 제주시 삼양일동 1628-7,,1899-8852,http://place.map.kakao.com/1277183886,33.5268717,126.5905070
2115326267,삼성아파트앞 공영주차장,"교통,수송 > 교통시설 > 주차장 > 공영주차장",PK6,제주특별자치도 제주시 이도일동 1554-1,,,http://place.map.kakao.com/2115326267,33.5086059,126.5268688
2038785723,삼성혈 인근 공영주차장 전기차충전소,"교통,수송 > 자동차 > 전기차 충전소",,제주특별자치도 제주시 이도일동 1293-1,,,http://place.map.kakao.com/2038785723,33.5044641,126.5304331
17561502,삼성혈 주차장,"교통,수송 > 교통시설 > 주차장",PK6,제주특별자치도 제주시 이도일동 1313,제주특별자치도 제주시 삼성로 22,,http://place.map.kakao.com/17561502,33.5052957,126.5288714
20581192,삼성혈동측공영주차장,"교통,수송 > 교통시설 > 주차장 > 공영주차장",PK6,제주특별자치도 제주시 이도일동 1285-1,,,http://place.map.kakao.com/20581192,33.5047668,126.5301442
562042038,삼양2동 공영주차장 전기차충전소,"교통,수송 > 자동차 > 전기차 충전소",,제주특별자치도 제주시 삼양이동 2176-13,제주특별자치도 제주시 지석10길 18,1899-2100,http://place.map.kakao.com/562042038,33.5199117,126.5825044
20581062,삼양농협옆 공영주차장,"교통,수송 > 교통시설 > 주차장 > 공영주차장",PK6,제주특별자치도 제주시 삼양이동 2135-10,,,http://place.map.kakao.com/20581062,33.5214504,126.5848135
1280316814,삼양해수욕장 인근공영주차장 전기차충전소,"교통,수송 > 자동차 > 전기차 충전소",,제주특별자치도 제주시 삼양일동 1657-8,,1899-8852,http://place.map.kakao.com/1280316814,33.5247742,126.5868580
1432968807,삼위일체대성당 주차장,"교통,수송 > 교통시설 > 주차장",PK6,제주특별자치도 제주시 한림읍 금악리 365-4,제주특별자치도 제주시 한림읍 새미소길 15,,http://place.map.kakao.com/1432968807,33.3478808,126.3238310
929638176,삼의악오름 주차장2,"교통,수송 > 교통시설 > 주차장",PK6,제주특별자치도 제주시 아라일동 산 38-1,,,http://place.map.kakao.com/929638176,33.4400873,126.5551125
971254635,삼의악오름주차장,"교통,수송 > 교통시설 > 주차장",PK6,제주특별자치도 제주시 아라일동 6-59,,,http://place.map.kakao.com/971254635,33.4424371,126.5648440
1992338828,삼일식당 주차장,"교통,수송 > 교통시설 > 주차장",PK6,제주특별자치도 제주시 한림읍 동명리 1614-8,,,http://place.map.kakao.com/1992338828,33.4087353,126.2635530
935474268,삼화종합타운 전용주차장,"교통,수송 > 교통시설 > 주차장",PK6,제주특별자치도 제주시 도련일동 1974-1,,,http://place.map.kakao.com/935474268,33.5148305,126.5809359
234549612,상도리파크골프장 주차장,"교통,수송 > 교통시설 > 주차장 > 공영주차장",PK6,제주특별자치도 제주시 구좌읍 상도리 199,,,http://place.map.kakao.com/234549612,33.5079906,126.8727318
163928257,상모아파트앞 공영주차장,"교통,수송 > 교통시설 > 주차장 > 공영주차장",PK6,제주특별자치도 서귀포시 대정읍 상모리 3970-2,,,http://place.map.kakao.com/163928257,33.2225194,126.2571813
26040751,상이군경회유료주차장관리사업소,"사회,공공기관 > 단체,협회",,제주특별자치도 제주시 이도이동 1176-23,제주특별자치도 제주시 동광로 12,,http://place.map.kakao.com/26040751,33.5010968,126.5304825
27588037,상효원식물원 주차장,"교통,수송 > 교통시설 > 주차장",PK6,제주특별자치도 서귀포시 상효동 1556,,,http://place.map.kakao.com/27588037,33.3054230,126.5852388
20580873,새마을금고 고객전용주차장,"교통,수송 > 교통시설 > 주차장",PK6,제주특별자치도 제주시 애월읍 광령리 1345-1,제주특별자치도 제주시 애월읍 광성로 277,,http://place.map.kakao.com/20580873,33.4607247,126.4364464
1749886626,새별오름 주차장,"교통,수송 > 교통시설 > 주차장",PK6,제주특별자치도 제주시 애월읍 봉성리 4554-12,,,http://place.map.kakao.com/1749886626,33.3651381,126.3610850
1129304406,새별프렌즈 주차장,"교통,수송 > 교통시설 > 주차장",PK6,제주특별자치도 제주시 애월읍 봉성리 4554,제주특별자치도 제주시 애월읍 평화로 1529,064-794-2828,http://place.map.kakao.com/1129304406,33.3625457,126.3636611
20580879,새빌 주차장,"교통,수송 > 교통시설 > 주차장",PK6,제주특별자치도 제주시 애월읍 봉성리 4554,제주특별자치도 제주시 애월읍 평화로 1529,,http://place.map.kakao.com/20580879,33.3641824,126.3633569
14819614,새연교 주차장,"교통,수송 > 교통시설 > 주차장",PK6,제주특별자치도 서귀포시 서홍동,,,http://place.map.kakao.com/14819614,33.2404087,126.5591041
18099436,생각하는정원 주차장,"교통,수송 > 교통시설 > 주차장",PK6,제주특별자치도 제주시 한경면 저지리 1528,제주특별자치도 제주시 한경면 녹차분재로 678,,http://place.map.kakao.com/18099436,33.3263867,126.2551370
20517528,샤인빌CC 주차장,"교통,수송 > 교통시설 > 주차장",PK6,제주특별자치도 서귀포시 표선면 가시리 280-3,제주특별자치도 서귀포시 표선면 가시로 384,,http://place.map.kakao.com/20517528,33.3457284,126.7878976
401201051,서가름 공영주차장,"교통,수송 > 교통시설 > 주차장 > 공영주차장",PK6,제주특별자치도 제주시 노형동 2575-1,,,http://place.map.kakao.com/401201051,33.4906207,126.4731607
60403552,서광동리곶자왈생태탐방로 주차장,"교통,수송 > 교통시설 > 주차장",PK6,제주특별자치도 서귀포시 안덕면 서광리 2509-1,,,http://place.map.kakao.com/60403552,33.2850466,126.3375049
1071277181,서귀동 공영주차장 전기차충전소,"교통,수송 > 자동차 > 전기차 충전소",,제주특별자치도 서귀포시 서귀동 28-3,,,http://place.map.kakao.com/1071277181,33.2428685,126.5665833
1933532645,서귀진지 주차장,"교통,수송 > 교통시설 > 주차장",PK6,제주특별자치도 서귀포시 서귀동 713-7,,,http://place.map.kakao.com/1933532645,33.2427151,126.5639767
878502121,서귀포 공영주차장,"교통,수송 > 교통시설 > 주차장 > 공영주차장",PK6,제주특별자치도 서귀포시 서귀동 320-17,,,http://place.map.kakao.com/878502121,33.2484850,126.5581879
1627946657,서귀포강정크루즈터미널 주차장,"교통,수송 > 교통시설 > 주차장",PK6,제주특별자치도 서귀포시 강정동 4655,,,http://place.map.kakao.com/1627946657,33.2294868,126.4781306
26593249,서귀포경찰서 주차장,"교통,수송 > 교통시설 > 주차장",PK6,제주특별자치도 서귀포시 법환동 731-1,제주특별자치도 서귀포시 신중로 27,,http://place.map.kakao.com/26593249,33.2556877,126.5085723
1553525346,서귀포농협 하나로마트 본점 주차장,"교통,수송 > 교통시설 > 주차장",PK6,제주특별자치도 서귀포시 토평동 880-1,,,http://place.map.kakao.com/1553525346,33.2578014,126.5802677
1346326531,서귀포매일올레시장 전기차충전소,"교통,수송 > 자동차 > 전기차 충전소",,제주특별자치도 서귀포시 서귀동 277-1,제주특별자치도 서귀포시 중앙로62번길 18,1522-1782,http://place.map.kakao.com/1346326531,33.2501374,126.5632241
2015638641,서귀포성당 뒤 주차장 전기차충전소,"교통,수송 > 자동차 > 전기차 충전소",,제주특별자치도 서귀포시 서귀동 598-6,제주특별자치도 서귀포시 솔동산로22번길 14,,http://place.map.kakao.com/2015638641,33.2436067,126.5626675
653928710,서귀포수협 남원지점 민영 주차장,"교통,수송 > 교통시설 > 주차장",PK6,제주특별자치도 서귀포시 남원읍 남원리 79-5,제주특별자치도 서귀포시 남원읍 태위로700번길 11,,http://place.map.kakao.com/653928710,33.2786971,126.7217837
648675016,서귀포시 매일시장 공영주차장 전기차충전소,"교통,수송 > 자동차 > 전기차 충전소",,제주특별자치도 서귀포시 서귀동 277-1,제주특별자치도 서귀포시 중앙로62번길 18,,http://place.map.kakao.com/648675016,33.2501492,126.5632305
1615271902,서귀포시 매일올레시장 공영주차장,"교통,수송 > 교통시설 > 주차장 > 공영주차장",PK6,제주특별자치도 서귀포시 서귀동 277-1,제주특별자치도 서귀포시 중앙로62번길 18,,http://place.map.kakao.com/1615271902,33.2503295,126.5632436
503412443,서귀포시 서귀동 공영무료주차장,"교통,수송 > 교통시설 > 주차장 > 공영주차장",PK6,제주특별자치도 서귀포시 서귀동 252-8,제주특별자치도 서귀포시 동홍로8번길 7-2,,http://place.map.kakao.com/503412443,33.2492054,126.5687282
423568787,서귀포시 충혼묘지 주차장 전기차충전소,"교통,수송 > 자동차 > 전기차 충전소",,제주특별자치도 서귀포시 상효동 1893,제주특별자치도 서귀포시 돈내코로 295-28,1899-8852,http://place.map.kakao.com/423568787,33.3081024,126.5674560
26935676,서귀포시교육지원청 주차장,"교통,수송 > 교통시설 > 주차장",PK6,제주특별자치도 서귀포시 토평동 1442-1,제주특별자치도 서귀포시 토평로 43,,http://place.map.kakao.com/26935676,33.2704685,126.5894828
1014850413,서귀포시문화광장 지하주차장,"교통,수송 > 교통시설 > 주차장",PK6,제주특별자치도 서귀포시 동홍동 453-1,제주특별자치도 서귀포시 동홍로 31,,http://place.map.kakao.com/1014850413,33.2515013,126.5669979
695723929,서귀포시서부종합사회복지관 주차장,"교통,수송 > 교통시설 > 주차장",PK6,제주특별자치도 서귀포시 대정읍 하모리 1191-1,제주특별자치도 서귀포시 대정읍 신영로 23,,http://place.map.kakao.com/695723929,33.2239025,126.2478786
800929558,서귀포시장애인사회복지관 주차장,"교통,수송 > 교통시설 > 주차장",PK6,제주특별자치도 서귀포시 토평동 1919-3,제주특별자치도 서귀포시 인정오름로 24,,http://place.map.kakao.com/800929558,33.2868944,126.5846223
20516356,서귀포시청 민원인주차장,"교통,수송 > 교통시설 > 주차장",PK6,제주특별자치도 서귀포시 법환동 731,제주특별자치도 서귀포시 신중로 37,,http://place.map.kakao.com/20516356,33.2551545,126.5105542
1726928223,서귀포시통합주차관제센터,"서비스,산업 > 관리,운영 > 주차시설관리",,제주특별자치도 서귀포시 서홍동 397-14,제주특별자치도 서귀포시 솜반천로6번길 19,,http://place.map.kakao.com/1726928223,33.2558728,126.5594181
25972383,서귀포예술의전당 주차장,"교통,수송 > 교통시설 > 주차장",PK6,제주특별자치도 서귀포시 서홍동 551-1,,,http://place.map.kakao.com/25972383,33.2470514,126.5499005
19978067,서귀포온성학교주차장,"교통,수송 > 교통시설 > 주차장",PK6,제주특별자치도 서귀포시 상효동 1291-2,제주특별자치도 서귀포시 516로 447-10,,http://place.map.kakao.com/19978067,33.2921427,126.5925205
27349571,서귀포의료원 주차장2,"교통,수송 > 교통시설 > 주차장",PK6,제주특별자치도 서귀포시 동홍동 1530-2,제주특별자치도 서귀포시 장수로 47,,http://place.map.kakao.com/27349571,33.2559170,126.5642803
17932900,서귀포자연휴양림 2주차장,"교통,수송 > 교통시설 > 주차장",PK6,제주특별자치도 서귀포시 대포동 산 1-8,,,http://place.map.kakao.com/17932900,33.3120401,126.4593197
17582413,서귀포자연휴양림 주차장,"교통,수송 > 교통시설 > 주차장",PK6,제주특별자치도 서귀포시 대포동 산 1-8,제주특별자치도 서귀포시 1100로 882,,http://place.map.kakao.com/17582413,33.3110965,126.4587929
20517557,서귀포잠수함 주차장,"교통,수송 > 교통시설 > 주차장",PK6,제주특별자치도 서귀포시 서홍동 707-5,제주특별자치도 서귀포시 남성중로 40,,http://place.map.kakao.com/20517557,33.2395769,126.5584430
20517558,서귀포축구공원 주차장,"교통,수송 > 교통시설 > 주차장",PK6,제주특별자치도 서귀포시 신효동 906,,,http://place.map.kakao.com/20517558,33.2582297,126.6113600
20517559,서귀포축구공원주차장,"교통,수송 > 교통시설 > 주차장",PK6,제주특별자치도 서귀포시 신효동 909,제주특별자치도 서귀포시 효돈순환로 311-29,,http://place.map.kakao.com/20517559,33.2590652,126.6098195
1560747552,서귀포칠십리시공원 주차장,"교통,수송 > 교통시설 > 주차장",PK6,제주특별자치도 서귀포시 서홍동 572,,,http://place.map.kakao.com/1560747552,33.2471678,126.5531813
18097770,서귀포칼호텔 1주차장,"교통,수송 > 교통시설 > 주차장",PK6,제주특별자치도 서귀포시 토평동 486-3,제주특별자치도 서귀포시 칠십리로 242,,http://place.map.kakao.com/18097770,33.2466562,126.5823748
18097771,서귀포칼호텔 2주차장,"교통,수송 > 교통시설 > 주차장",PK6,제주특별자치도 서귀포시 토평동 486-3,제주특별자치도 서귀포시 칠십리로 242,,http://place.map.kakao.com/18097771,33.2473965,126.5816073
20517560,서귀포향토시장주차장,"교통,수송 > 교통시설 > 주차장",PK6,제주특별자치도 서귀포시 동홍동 774-3,제주특별자치도 서귀포시 토평서로11번길 150,,http://place.map.kakao.com/20517560,33.2665740,126.5735693
20517590,서문공설시장 지하주차장,"교통,수송 > 교통시설 > 주차장",PK6,제주특별자치도 제주시 용담일동 135-9,제주특별자치도 제주시 서문로4길 13-2,,http://place.map.kakao.com/20517590,33.5113699,126.5179033
139754154,서문시장2 공영주차장,"교통,수송 > 교통시설 > 주차장 > 공영주차장",PK6,제주특별자치도 제주시 용담일동 292-10,,,http://place.map.kakao.com/139754154,33.5099860,126.5153667
412880694,서문시장3 공영주차장,"교통,수송 > 교통시설 > 주차장 > 공영주차장",PK6,제주특별자치도 제주시 용담일동 295-39,,,http://place.map.kakao.com/412880694,33.5106637,126.5159872
1769670941,서문시장4 공영주차장,"교통,수송 > 교통시설 > 주차장 > 공영주차장",PK6,제주특별자치도 제주시 용담일동 220-10,,,http://place.map.kakao.com/1769670941,33.5094774,126.5162693
192313638,서문시장6 공영주차장,"교통,수송 > 교통시설 > 주차장 > 공영주차장",PK6,제주특별자치도 제주시 용담일동 220-16,,,http://place.map.kakao.com/192313638,33.5096535,126.5161090
203946934,서문파출소서측 공영주차장,"교통,수송 > 교통시설 > 주차장 > 공영주차장",PK6,제주특별자치도 제주시 용담이동 2686-7,,,http://place.map.kakao.com/203946934,33.5057399,126.5106647
20517600,서복전시관 주차장,"교통,수송 > 교통시설 > 주차장",PK6,제주특별자치도 서귀포시 서귀동 102-1,,,http://place.map.kakao.com/20517600,33.2452042,126.5706064
20517611,서부지주차장,"교통,수송 > 교통시설 > 주차장",PK6,제주특별자치도 제주시 한경면 용수리 4719-1,,,http://place.map.kakao.com/20517611,33.3176096,126.1862858
25612466,서빈백사해수욕장 주차장,"교통,수송 > 교통시설 > 주차장",PK6,제주특별자치도 제주시 우도면 연평리,,,http://place.map.kakao.com/25612466,33.5016960,126.9438102
525221097,서사라사거리 북측공영주차장,"교통,수송 > 교통시설 > 주차장 > 공영주차장",PK6,제주특별자치도 제주시 삼도일동 533-10,,,http://place.map.kakao.com/525221097,33.5012967,126.5196036
420506592,서우봉 공영주차장,"교통,수송 > 교통시설 > 주차장 > 공영주차장",PK6,제주특별자치도 제주시 조천읍 함덕리 산 4,,,http://place.map.kakao.com/420506592,33.5425788,126.6762285
1110763699,서해산부인과 제2주차장,"교통,수송 > 교통시설 > 주차장",PK6,제주특별자치도 제주시 일도이동 358-8,,,http://place.map.kakao.com/1110763699,33.5073234,126.5396788
87283837,서호 노외1공영주차장,"교통,수송 > 교통시설 > 주차장 > 공영주차장",PK6,제주특별자치도 서귀포시 서호동 1603,,,http://place.map.kakao.com/87283837,33.2521072,126.5156834
733652461,서홍 공영노외1 주차장,"교통,수송 > 교통시설 > 주차장 > 공영주차장",PK6,제주특별자치도 서귀포시 서홍동 397-4,,,http://place.map.kakao.com/733652461,33.2563907,126.5595175
1847344690,서홍공영노외2 공영주차장 전기차충전소,"교통,수송 > 자동차 > 전기차 충전소",,제주특별자치도 서귀포시 서홍동 327-4,제주특별자치도 서귀포시 흙담솔로 17-5,,http://place.map.kakao.com/1847344690,33.2593167,126.5573124
1246908637,서홍공영주차장,"교통,수송 > 교통시설 > 주차장 > 공영주차장",PK6,제주특별자치도 서귀포시 서홍동 397-14,제주특별자치도 서귀포시 솜반천로6번길 19,,http://place.map.kakao.com/1246908637,33.2558728,126.5594181
787011328,서홍공영주차장 전기차충전소,"교통,수송 > 자동차 > 전기차 충전소",,제주특별자치도 서귀포시 서홍동 397-14,제주특별자치도 서귀포시 솜반천로6번길 19,1522-2573,http://place.map.kakao.com/787011328,33.2559740,126.5594970
954667986,선관위동쪽뒷편 공영주차장,"교통,수송 > 교통시설 > 주차장 > 공영주차장",PK6,제주특별자치도 제주시 일도이동 107,,,http://place.map.kakao.com/954667986,33.4992517,126.5463419
17951912,선녀와나무꾼 테마공원 주차장,"교통,수송 > 교통시설 > 주차장",PK6,제주특별자치도 제주시 조천읍 선흘리 1998,,,http://place.map.kakao.com/17951912,33.4800557,126.7024790
20517763,선린지리조트 주차장,"교통,수송 > 교통시설 > 주차장",PK6,제주특별자치도 제주시 조천읍 선흘리 137,,,http://place.map.kakao.com/20517763,33.4960759,126.7229435
20517764,선림사주차장,"교통,수송 > 교통시설 > 주차장",PK6,제주특별자치도 제주시 연동 1308-1,,,http://place.map.kakao.com/20517764,33.4686136,126.4893098
624929997,선사유적지 공영주차장,"교통,수송 > 교통시설 > 주차장 > 공영주차장",PK6,제주특별자치도 제주시 삼양일동 1665-1,제주특별자치도 제주시 선사로2길 16,,http://place.map.kakao.com/624929997,33.5228953,126.5882275
20517771,선사인호텔 주차장,"교통,수송 > 교통시설 > 주차장",PK6,제주특별자치도 제주시 조천읍 함덕리 1022,,,http://place.map.kakao.com/20517771,33.5435803,126.6623246
1677000758,선진종합건축자재백화점 주차장,"교통,수송 > 교통시설 > 주차장",PK6,제주특별자치도 제주시 애월읍 하귀1리 1549-1,,,http://place.map.kakao.com/1677000758,33.4835160,126.4076498
1116126338,섭섭이네 제1주차장,"교통,수송 > 교통시설 > 주차장",PK6,제주특별자치도 제주시 구좌읍 송당리 1376-4,,,http://place.map.kakao.com/1116126338,33.4709629,126.7843280
1923952786,섯알오름 주차장,"교통,수송 > 교통시설 > 주차장",PK6,제주특별자치도 서귀포시 대정읍 상모리 1629-8,,,http://place.map.kakao.com/1923952786,33.2049084,126.2772872
1975278685,성남카센타 주차장,"교통,수송 > 교통시설 > 주차장",PK6,제주특별자치도 서귀포시 서귀동 279-21,제주특별자치도 서귀포시 동문로 24,064-732-0944,http://place.map.kakao.com/1975278685,33.2511469,126.5631193
507631511,성내 공영주차장,"교통,수송 > 교통시설 > 주차장 > 공영주차장",PK6,제주특별자치도 제주시 삼도이동 839,,,http://place.map.kakao.com/507631511,33.5121427,126.5200387
1291940976,성내 공영주차장 전기차충전소,"교통,수송 > 자동차 > 전기차 충전소",,제주특별자치도 제주시 삼도이동 839,제주특별자치도 제주시 관덕로2길 6,1899-8852,http://place.map.kakao.com/1291940976,33.5121427,126.5200398
20517878,성미가든 2주차장,"교통,수송 > 교통시설 > 주차장",PK6,제주특별자치도 제주시 조천읍 교래리 525,,,http://place.map.kakao.com/20517878,33.4375764,126.6768448
1010348972,성산고성1공영주차장,"교통,수송 > 교통시설 > 주차장 > 공영주차장",PK6,제주특별자치도 서귀포시 성산읍 고성리 327-1,,064-760-3107,http://place.map.kakao.com/1010348972,33.4485652,126.9166852
20517904,성산국민체육센터 주차장,"교통,수송 > 교통시설 > 주차장",PK6,제주특별자치도 서귀포시 성산읍 오조리 1365-1,제주특별자치도 서귀포시 성산읍 일주동로 4024,,http://place.map.kakao.com/20517904,33.4676710,126.9050616
627202127,성산노외2공영주차장,"교통,수송 > 교통시설 > 주차장 > 공영주차장",PK6,제주특별자치도 서귀포시 성산읍 성산리 399-123,,,http://place.map.kakao.com/627202127,33.4589346,126.9297273
584976372,성산읍 공영주차장 전기차충전소,"교통,수송 > 자동차 > 전기차 충전소",,제주특별자치도 서귀포시 성산읍 고성리 327-2,제주특별자치도 서귀포시 성산읍 동류암로 29,,http://place.map.kakao.com/584976372,33.4490768,126.9173677
1502905056,성산일출봉 공영주차장,"교통,수송 > 교통시설 > 주차장 > 공영주차장",PK6,제주특별자치도 서귀포시 성산읍 성산리 114-3,제주특별자치도 서귀포시 성산읍 일출로 284-6,,http://place.map.kakao.com/1502905056,33.4620211,126.9352754
945631575,성산일출봉 공영주차장 전기차충전소,"교통,수송 > 자동차 > 전기차 충전소",,제주특별자치도 서귀포시 성산읍 성산리 114-3,제주특별자치도 서귀포시 성산읍 일출로 284-6,,http://place.map.kakao.com/945631575,33.4626036,126.9353341
792364203,성산일출봉 아시횟집 주차장,"교통,수송 > 교통시설 > 주차장",PK6,제주특별자치도 서귀포시 성산읍 성산리 234-2,제주특별자치도 서귀포시 성산읍 성산등용로 19,,http://place.map.kakao.com/792364203,33.4653464,126.9322039
1697556079,성산일출봉 주차장,"교통,수송 > 교통시설 > 주차장",PK6,제주특별자치도 서귀포시 성산읍 성산리 114-3,제주특별자치도 서귀포시 성산읍 일출로 284-6,,http://place.map.kakao.com/1697556079,33.4613627,126.9349424
797248055,성산일출봉 주차장 전기차충전소,"교통,수송 > 자동차 > 전기차 충전소",,제주특별자치도 서귀포시 성산읍 성산리 114-3,제주특별자치도 서귀포시 성산읍 일출로 284-6,,http://place.map.kakao.com/797248055,33.4626036,126.9353341
1647782823,성산일출봉농협하나로마트 주차장,"교통,수송 > 교통시설 > 주차장",PK6,제주특별자치도 서귀포시 성산읍 고성리 1106-3,,,http://place.map.kakao.com/1647782823,33.4462944,126.9119573
114163566,성산포항 공영주차장,"교통,수송 > 교통시설 > 주차장 > 공영주차장",PK6,제주특별자치도 서귀포시 성산읍 성산리 347-9,,,http://place.map.kakao.com/114163566,33.4723523,126.9329870
17562486,성산포항여객선터미널 주차장,"교통,수송 > 교통시설 > 주차장",PK6,제주특별자치도 서귀포시 성산읍 성산리 357-1,,,http://place.map.kakao.com/17562486,33.4722989,126.9342156
976033636,성산항 공영주차장 전기차충전소,"교통,수송 > 자동차 > 전기차 충전소",,제주특별자치도 서귀포시 성산읍 성산리 347-9,제주특별자치도 서귀포시 성산읍 성산등용로 112-7,1661-9408,http://place.map.kakao.com/976033636,33.4726792,126.9322509
173402610,성신로 공영주차장 전기차충전소,"교통,수송 > 자동차 > 전기차 충전소",,제주특별자치도 제주시 연동 2322-6,제주특별자치도 제주시 성신로1길 5,,http://place.map.kakao.com/173402610,33.4910013,126.4860751
20581084,성신로공영주차장,"교통,수송 > 교통시설 > 주차장 > 공영주차장",PK6,제주특별자치도 제주시 연동 2322-7,,,http://place.map.kakao.com/20581084,33.4911038,126.4860143
570853948,성원주차장,"교통,수송 > 교통시설 > 주차장",PK6,제주특별자치도 제주시 이도이동 315-16,,,http://place.map.kakao.com/570853948,33.5046485,126.5380140
167939828,성읍문화마을 주차장 전기차충전소,"교통,수송 > 자동차 > 전기차 충전소",,제주특별자치도 서귀포시 표선면 성읍리 1632-6,,,http://place.map.kakao.com/167939828,33.3941500,126.7981696
11696470,성읍민속마을 주차장,"교통,수송 > 교통시설 > 주차장",PK6,제주특별자치도 서귀포시 표선면 성읍리 855-3,,,http://place.map.kakao.com/11696470,33.3846105,126.8013342
20517949,성읍민속마을 주차장,"교통,수송 > 교통시설 > 주차장",PK6,제주특별자치도 서귀포시 표선면 성읍리 1615,,,http://place.map.kakao.com/20517949,33.3921885,126.7995435
14168156,성읍민속마을 주차장 공중화장실,"가정,생활 > 화장실",,제주특별자치도 서귀포시 표선면 성읍리 855-3,제주특별자치도 서귀포시 표선면 성읍정의현로22번길 6,,http://place.map.kakao.com/14168156,33.3841059,126.8014966
700798513,성읍민속마을주차장 전기차충전소,"교통,수송 > 자동차 > 전기차 충전소",,제주특별자치도 서귀포시 표선면 성읍리 855-3,제주특별자치도 서귀포시 표선면 성읍정의현로22번길 6,1899-8852,http://place.map.kakao.com/700798513,33.3845275,126.8012807
1062456268,성이시돌 젊음의 집 주차장,"교통,수송 > 교통시설 > 주차장",PK6,제주특별자치도 제주시 한림읍 금악리 77-4,,,http://place.map.kakao.com/1062456268,33.3426655,126.3244256
691190098,성이시돌목장 주차장,"교통,수송 > 교통시설 > 주차장",PK6,제주특별자치도 제주시 한림읍 금악리 142-2,,,http://place.map.kakao.com/691190098,33.3477896,126.3283017
1227320199,성이시돌센터전시관 주차장,"교통,수송 > 교통시설 > 주차장",PK6,제주특별자치도 제주시 한림읍 금악리 117,제주특별자치도 제주시 한림읍 금악북로 353,,http://place.map.kakao.com/1227320199,33.3469778,126.3229184
393467531,성일주차장,"교통,수송 > 교통시설 > 주차장",PK6,제주특별자치도 제주시 연동 253-13,,,http://place.map.kakao.com/393467531,33.4852410,126.4875983
20581194,성지공영주차장,"교통,수송 > 교통시설 > 주차장 > 공영주차장",PK6,제주특별자치도 제주시 이도일동 1502-2,,,http://place.map.kakao.com/20581194,33.5096319,126.5263811
1904650365,성판악 공영주차장 전기차충전소,"교통,수송 > 자동차 > 전기차 충전소",,제주특별자치도 제주시 조천읍 교래리 산 137-24,제주특별자치도 제주시 조천읍 516로 1865,,http://place.map.kakao.com/1904650365,33.3844998,126.6194067
11216478,성판악 주차장,"교통,수송 > 교통시설 > 주차장",PK6,제주특별자치도 제주시 조천읍 교래리 산 137-24,제주특별자치도 제주시 조천읍 516로 1865,,http://place.map.kakao.com/11216478,33.3848984,126.6200229
898421733,성환사라봉아파트 지하주차장,"교통,수송 > 교통시설 > 주차장",PK6,제주특별자치도 제주시 일도이동 154-15,제주특별자치도 제주시 고마로13길 41,,http://place.map.kakao.com/898421733,33.5109289,126.5421007
17571843,세계자동차&피아노박물관 주차장,"교통,수송 > 교통시설 > 주차장",PK6,제주특별자치도 서귀포시 안덕면 상창리 2065-4,제주특별자치도 서귀포시 안덕면 중산간서로 1610,,http://place.map.kakao.com/17571843,33.2825083,126.3497465
17576942,세리월드주차장,"교통,수송 > 교통시설 > 주차장",PK6,제주특별자치도 서귀포시 법환동 878,제주특별자치도 서귀포시 법환상로2번길 97-17,,http://place.map.kakao.com/17576942,33.2472621,126.5120575
2056551310,세미양빌딩 야외주차장,"교통,수송 > 교통시설 > 주차장",PK6,제주특별자치도 제주시 영평동 2187-4,,064-702-2167,http://place.map.kakao.com/2056551310,33.4445409,126.5701108
84425936,세화리 공영주차장 전기차충전소,"교통,수송 > 자동차 > 전기차 충전소",,제주특별자치도 제주시 구좌읍 세화리 1507-1,,,http://place.map.kakao.com/84425936,33.5246899,126.8561373
20591309,세화리공영주차장,"교통,수송 > 교통시설 > 주차장 > 공영주차장",PK6,제주특별자치도 제주시 구좌읍 세화리 3641-1,제주특별자치도 제주시 구좌읍 세평항로 46-11,,http://place.map.kakao.com/20591309,33.5269387,126.8563133
180998401,세화민속오일장 인근 주차장 (오일장 인근 주차장) 전기차충전소,"교통,수송 > 자동차 > 전기차 충전소",,제주특별자치도 제주시 구좌읍 세화리 1500-24,제주특별자치도 제주시 구좌읍 세화3길 30-2,,http://place.map.kakao.com/180998401,33.5258317,126.8564346
20518080,세화체육관주차장,"교통,수송 > 교통시설 > 주차장",PK6,제주특별자치도 제주시 구좌읍 세화리 73,제주특별자치도 제주시 구좌읍 세종로 26,,http://place.map.kakao.com/20518080,33.5173018,126.8621374
1002204891,소공원 주차장 전기차충전소,"교통,수송 > 자동차 > 전기차 충전소",,제주특별자치도 제주시 한림읍 귀덕리 3025-2,제주특별자치도 제주시 한림읍 귀덕9길 21-1,1661-9408,http://place.map.kakao.com/1002204891,33.4423000,126.2896001
20591310,소금바치순이네 주차장,"교통,수송 > 교통시설 > 주차장",PK6,제주특별자치도 제주시 구좌읍 종달리 42-5,,,http://place.map.kakao.com/20591310,33.5035894,126.9127431
2037861675,소나무집동측 공영주차장,"교통,수송 > 교통시설 > 주차장 > 공영주차장",PK6,제주특별자치도 제주시 이도이동 1063-14,,,http://place.map.kakao.com/2037861675,33.4963221,126.5369929
11151958,소노벨제주 주차장1,"교통,수송 > 교통시설 > 주차장",PK6,제주특별자치도 제주시 조천읍 함덕리 274,제주특별자치도 제주시 조천읍 신북로 577,,http://place.map.kakao.com/11151958,33.5406065,126.6722629
20518144,소노벨제주 주차장1,"교통,수송 > 교통시설 > 주차장",PK6,제주특별자치도 제주시 조천읍 함덕리 954-1,,,http://place.map.kakao.com/20518144,33.5402767,126.6716828
27446158,소노벨제주 주차장2,"교통,수송 > 교통시설 > 주차장",PK6,제주특별자치도 제주시 조천읍 함덕리 954-1,제주특별자치도 제주시 조천읍 신북로 577,,http://place.map.kakao.com/27446158,33.5400881,126.6726310
17576730,소노캄제주 주차장1,"교통,수송 > 교통시설 > 주차장",PK6,제주특별자치도 서귀포시 표선면 토산리 16,제주특별자치도 서귀포시 표선면 일주동로 6347-17,,http://place.map.kakao.com/17576730,33.3063537,126.7928293
17580683,소노캄제주 주차장2,"교통,수송 > 교통시설 > 주차장",PK6,제주특별자치도 서귀포시 표선면 토산리 17,제주특별자치도 서귀포시 표선면 일주동로 6347-17,,http://place.map.kakao.com/17580683,33.3059724,126.7912925
20518106,소리섬박물관 주차장,"교통,수송 > 교통시설 > 주차장",PK6,제주특별자치도 서귀포시 색달동 2864-36,제주특별자치도 서귀포시 중문관광로110번길 15,,http://place.map.kakao.com/20518106,33.2495875,126.4141294
2023040940,소방파출소 공영주차장,"교통,수송 > 교통시설 > 주차장 > 공영주차장",PK6,제주특별자치도 서귀포시 성산읍 오조리 933,제주특별자치도 서귀포시 성산읍 일주동로4120번길 7,,http://place.map.kakao.com/2023040940,33.4602209,126.9098790
540049750,속골 주차장,"교통,수송 > 교통시설 > 주차장",PK6,제주특별자치도 서귀포시 호근동 1645,,,http://place.map.kakao.com/540049750,33.2413036,126.5268482
2047949206,손끝에서 주차장,"교통,수송 > 교통시설 > 주차장",PK6,제주특별자치도 제주시 구좌읍 세화리 1515-2,,,http://place.map.kakao.com/2047949206,33.5244430,126.8547092
2011346000,솔담한방병원 지하주차장,"교통,수송 > 교통시설 > 주차장",PK6,제주특별자치도 제주시 노형동 241-1,제주특별자치도 제주시 1100로 3055,,http://place.map.kakao.com/2011346000,33.4590981,126.4851437
2021070663,솔동산 공영주차장,"교통,수송 > 교통시설 > 주차장 > 공영주차장",PK6,제주특별자치도 서귀포시 서귀동 585-5,제주특별자치도 서귀포시 솔동산로 8-1,,http://place.map.kakao.com/2021070663,33.2440857,126.5640032
2076430951,솔오름주차장,"교통,수송 > 교통시설 > 주차장",PK6,제주특별자치도 서귀포시 동홍동 2142-7,,,http://place.map.kakao.com/2076430951,33.2922975,126.5581261
1140241159,솔지식당 주차장,"교통,수송 > 교통시설 > 주차장",PK6,제주특별자치도 제주시 노형동 2736,제주특별자치도 제주시 월랑로 88,,http://place.map.kakao.com/1140241159,33.4923240,126.4725779
287006603,송악도서관 입구 주차장,"교통,수송 > 교통시설 > 주차장",PK6,제주특별자치도 서귀포시 대정읍 하모리 1261-2,,,http://place.map.kakao.com/287006603,33.2264147,126.2479204
902307351,송악도서관 입구주차장 전기차충전소,"교통,수송 > 자동차 > 전기차 충전소",,제주특별자치도 서귀포시 대정읍 하모리 1261-2,,1899-8852,http://place.map.kakao.com/902307351,33.2264381,126.2479267
18119215,송악리조트 1주차장,"교통,수송 > 교통시설 > 주차장",PK6,제주특별자치도 서귀포시 대정읍 상모리 75-3,,,http://place.map.kakao.com/18119215,33.2121086,126.2913691
18119216,송악리조트 주차장2,"교통,수송 > 교통시설 > 주차장",PK6,제주특별자치도 서귀포시 대정읍 상모리 78-8,,,http://place.map.kakao.com/18119216,33.2117907,126.2912816
673330255,송악산 공영주차장,"교통,수송 > 교통시설 > 주차장 > 공영주차장",PK6,제주특별자치도 서귀포시 대정읍 상모리 165,,,http://place.map.kakao.com/673330255,33.2059724,126.2888831
20580671,송악산 주차장,"교통,수송 > 교통시설 > 주차장",PK6,제주특별자치도 서귀포시 대정읍 상모리 4165-123,,,http://place.map.kakao.com/20580671,33.2062749,126.2897387
1618649283,송악산공영주차장 전기차충전소,"교통,수송 > 자동차 > 전기차 충전소",,제주특별자치도 서귀포시 대정읍 상모리 165,,1899-8852,http://place.map.kakao.com/1618649283,33.2060377,126.2889491
1396015378,송악산항여객터미널 주차장,"교통,수송 > 교통시설 > 주차장",PK6,제주특별자치도 서귀포시 대정읍 상모리 137,,,http://place.map.kakao.com/1396015378,33.2081945,126.2899077
20518204,송원주차장,"교통,수송 > 교통시설 > 주차장",PK6,제주특별자치도 제주시 삼도이동 108-27,,,http://place.map.kakao.com/20518204,33.5119565,126.5222311
20580741,송정식당 전용주차장주차장,"교통,수송 > 교통시설 > 주차장",PK6,제주특별자치도 서귀포시 서귀동 311-8,,,http://place.map.kakao.com/20580741,33.2480065,126.5598042
27447444,쇠소깍 공영주차장 전기차충전소,"교통,수송 > 자동차 > 전기차 충전소",,제주특별자치도 서귀포시 하효동 990-1,제주특별자치도 서귀포시 쇠소깍로 104,1661-9408,http://place.map.kakao.com/27447444,33.2538765,126.6221545
20518243,쇠소깍 제1주차장,"교통,수송 > 교통시설 > 주차장 > 공영주차장",PK6,제주특별자치도 서귀포시 하효동 990-1,제주특별자치도 서귀포시 쇠소깍로 104,,http://place.map.kakao.com/20518243,33.2541127,126.6224272
1301813672,쇠소깍공영주차장,"교통,수송 > 교통시설 > 주차장 > 공영주차장",PK6,제주특별자치도 서귀포시 하효동 999-1,,064-760-4623,http://place.map.kakao.com/1301813672,33.2508999,126.6214366
20580917,수덕 공영주차장,"교통,수송 > 교통시설 > 주차장 > 공영주차장",PK6,제주특별자치도 제주시 노형동 2534-3,,,http://place.map.kakao.com/20580917,33.4836506,126.4742616
1052920498,수덕공영주차장 전기차충전소,"교통,수송 > 자동차 > 전기차 충전소",,제주특별자치도 제주시 노형동 2534-3,,,http://place.map.kakao.com/1052920498,33.4836138,126.4743017
655621938,수덕공영주차장 전기차충전소,"교통,수송 > 자동차 > 전기차 충전소",,제주특별자치도 제주시 노형동 2524-5,제주특별자치도 제주시 정존5길 7,1661-9408,http://place.map.kakao.com/655621938,33.4834639,126.4742477
578526493,수목원테마파크 주차장,"교통,수송 > 교통시설 > 주차장",PK6,제주특별자치도 제주시 연동 1320,,,http://place.map.kakao.com/578526493,33.4709088,126.4890252
17990941,수산체육공원 주차장,"교통,수송 > 교통시설 > 주차장",PK6,제주특별자치도 서귀포시 성산읍 수산리 3066,,,http://place.map.kakao.com/17990941,33.4463753,126.8535855
213642015,수선화시영연립주택 인근주차장 전기차충전소,"교통,수송 > 자동차 > 전기차 충전소",,제주특별자치도 제주시 이도이동 1928-9,제주특별자치도 제주시 신설동길 52,,http://place.map.kakao.com/213642015,33.4946939,126.5497295
1216582473,수운근린공원 서측공영주차장,"교통,수송 > 교통시설 > 주차장 > 공영주차장",PK6,제주특별자치도 제주시 이도이동 375,,,http://place.map.kakao.com/1216582473,33.5005703,126.5381648
26428545,수월봉주차장,"교통,수송 > 교통시설 > 주차장",PK6,제주특별자치도 제주시 한경면 고산리,,,http://place.map.kakao.com/26428545,33.2952934,126.1640247
676046185,수은근린공원서측주차장,"교통,수송 > 교통시설 > 주차장 > 공영주차장",PK6,제주특별자치도 제주시 도남동 352,,,http://place.map.kakao.com/676046185,33.4801837,126.5229866
1871630834,순수한둠비 주차장,"교통,수송 > 교통시설 > 주차장",PK6,제주특별자치도 제주시 용담일동 310,,,http://place.map.kakao.com/1871630834,33.5111687,126.5143968
1888003275,순창갈비 주차장,"교통,수송 > 교통시설 > 주차장",PK6,제주특별자치도 제주시 연동 261-56,제주특별자치도 제주시 신광로4길 11,,http://place.map.kakao.com/1888003275,33.4887274,126.4886882
17570783,숲속둥지 주차장,"교통,수송 > 교통시설 > 주차장",PK6,제주특별자치도 서귀포시 안덕면 서광리 2489,제주특별자치도 서귀포시 안덕면 녹차분재로 217,,http://place.map.kakao.com/17570783,33.2987118,126.2903647
1649418016,스누피가든 주차장,"교통,수송 > 교통시설 > 주차장",PK6,제주특별자치도 제주시 구좌읍 송당리 산 166-5,,,http://place.map.kakao.com/1649418016,33.4433122,126.7785836
1472442089,스시호시카이 주차장,"교통,수송 > 교통시설 > 주차장",PK6,제주특별자치도 제주시 오라이동 959-1,,,http://place.map.kakao.com/1472442089,33.4878569,126.5175839
1065054399,스카이워터쇼 주차장,"교통,수송 > 교통시설 > 주차장",PK6,제주특별자치도 제주시 구좌읍 송당리 2764-2,,,http://place.map.kakao.com/1065054399,33.4243848,126.7435222
1508209138,스타벅스 서귀포DT점 주차장,"교통,수송 > 교통시설 > 주차장",PK6,제주특별자치도 서귀포시 강정동 246,,,http://place.map.kakao.com/1508209138,33.2495427,126.5064209
1341309588,스타벅스 제주공항DT점 주차장,"교통,수송 > 교통시설 > 주차장",PK6,제주특별자치도 제주시 용담이동 2754-1,,,http://place.map.kakao.com/1341309588,33.5004312,126.5053966
1427445955,스타벅스 제주금악DT점 주차장,"교통,수송 > 교통시설 > 주차장",PK6,제주특별자치도 제주시 한림읍 금악리 6-15,,,http://place.map.kakao.com/1427445955,33.3479425,126.3589331
1362763782,스타벅스 제주도남DT점 주차장,"교통,수송 > 교통시설 > 주차장",PK6,제주특별자치도 제주시 도남동 377,,,http://place.map.kakao.com/1362763782,33.4802372,126.5233209
652371422,스타벅스 제주삼화DT점 주차장,"교통,수송 > 교통시설 > 주차장",PK6,제주특별자치도 제주시 도련일동 2191-2,제주특별자치도 제주시 연삼로 884,,http://place.map.kakao.com/652371422,33.5118483,126.5802162
1836166339,스타벅스 제주서해안로DT점 주차장,"교통,수송 > 교통시설 > 주차장",PK6,제주특별자치도 제주시 용담삼동 1020-1,,,http://place.map.kakao.com/1836166339,33.5168259,126.5036307
1648733158,스타벅스 제주성산DT점 주차장,"교통,수송 > 교통시설 > 주차장",PK6,제주특별자치도 서귀포시 성산읍 고성리 238,,,http://place.map.kakao.com/1648733158,33.4497083,126.9206152
652636763,스타벅스 제주시청점 주차장,"교통,수송 > 교통시설 > 주차장",PK6,제주특별자치도 제주시 이도이동 1176-85,제주특별자치도 제주시 중앙로 215,,http://place.map.kakao.com/652636763,33.5004317,126.5295940
1849799407,스타벅스 제주애월DT점 주차장,"교통,수송 > 교통시설 > 주차장",PK6,제주특별자치도 제주시 애월읍 고내리 340,,,http://place.map.kakao.com/1849799407,33.4727980,126.3487117
1353097174,스타벅스 제주외도DT점 주차장,"교통,수송 > 교통시설 > 주차장",PK6,제주특별자치도 제주시 외도일동 401-1,제주특별자치도 제주시 일주서로 7300,,http://place.map.kakao.com/1353097174,33.4923275,126.4270696
1353477449,스타벅스 제주용담DT점 주차장,"교통,수송 > 교통시설 > 주차장",PK6,제주특별자치도 제주시 용담삼동 2572-4,,,http://place.map.kakao.com/1353477449,33.5124328,126.4843135
1649968665,스타벅스 제주중문DT점 주차장,"교통,수송 > 교통시설 > 주차장",PK6,제주특별자치도 서귀포시 색달동 2476-1,,,http://place.map.kakao.com/1649968665,33.2550203,126.4159550
1353098351,스타벅스 제주협재점 주차장,"교통,수송 > 교통시설 > 주차장",PK6,제주특별자치도 제주시 한림읍 협재리 2445-1,제주특별자치도 제주시 한림읍 한림로 337,,http://place.map.kakao.com/1353098351,33.3937423,126.2404333
1312953754,스타즈호텔헤리티지 주차장,"교통,수송 > 교통시설 > 주차장",PK6,제주특별자치도 제주시 삼도이동 57-2,제주특별자치도 제주시 관덕로 26,,http://place.map.kakao.com/1312953754,33.5127661,126.5217541
1912412866,스토리캐슬 주차장,"교통,수송 > 교통시설 > 주차장",PK6,제주특별자치도 서귀포시 색달동 2877-12,,,http://place.map.kakao.com/1912412866,33.2511312,126.4131909
28526876,슬로보트 아뜰리에 주차장,"교통,수송 > 교통시설 > 주차장",PK6,제주특별자치도 제주시 애월읍 하귀1리 346-4,,,http://place.map.kakao.com/28526876,33.4895405,126.4141026
1080562462,시민복지타운 공영주차장,"교통,수송 > 교통시설 > 주차장 > 공영주차장",PK6,제주특별자치도 제주시 도남동 769-9,,,http://place.map.kakao.com/1080562462,33.4878367,126.5249503
20580951,시민복지타운 공영주차장,"교통,수송 > 교통시설 > 주차장 > 공영주차장",PK6,제주특별자치도 제주시 도남동 735-1,,,http://place.map.kakao.com/20580951,33.4884420,126.5238581
419641219,시민복지타운 공영주차장,"교통,수송 > 교통시설 > 주차장 > 공영주차장",PK6,제주특별자치도 제주시 도남동 705-14,,,http://place.map.kakao.com/419641219,33.4891456,126.5239403
512905068,시민복지타운 공영주차장,"교통,수송 > 교통시설 > 주차장 > 공영주차장",PK6,제주특별자치도 제주시 도남동 755-1,,,http://place.map.kakao.com/512905068,33.4888917,126.5259215
891810941,시민복지타운 공영주차장,"교통,수송 > 교통시설 > 주차장 > 공영주차장",PK6,제주특별자치도 제주시 도남동 748-8,,,http://place.map.kakao.com/891810941,33.4889503,126.5275783
1162242635,시민복지타운 공영주차장 전기차충전소,"교통,수송 > 자동차 > 전기차 충전소",,제주특별자치도 제주시 도남동 755-1,,1899-8852,http://place.map.kakao.com/1162242635,33.4888961,126.5259043
45495036,시민복지타운주차장,"교통,수송 > 교통시설 > 주차장",PK6,제주특별자치도 제주시 도남동 661,,,http://place.map.kakao.com/45495036,33.4901916,126.5239851
27141186,시청앞공영유료주차장,"교통,수송 > 교통시설 > 주차장 > 공영주차장",PK6,제주특별자치도 제주시 이도이동 1176-35,,,http://place.map.kakao.com/27141186,33.5005391,126.5308299
1896432834,시흥해녀의집 주차장,"교통,수송 > 교통시설 > 주차장",PK6,제주특별자치도 서귀포시 성산읍 시흥리 12-64,,,http://place.map.kakao.com/1896432834,33.4778815,126.9084147
149596621,신광초등학교동측 공영주차장,"교통,수송 > 교통시설 > 주차장 > 공영주차장",PK6,제주특별자치도 제주시 연동 2303-11,,,http://place.map.kakao.com/149596621,33.4934061,126.4854884
141989991,신광초등학교서측 공영주차장,"교통,수송 > 교통시설 > 주차장 > 공영주차장",PK6,제주특별자치도 제주시 연동 1957-1,,,http://place.map.kakao.com/141989991,33.4915826,126.4823529
372411526,신라스테이 제주 주차장,"교통,수송 > 교통시설 > 주차장",PK6,제주특별자치도 제주시 연동 274-16,제주특별자치도 제주시 노연로 100,,http://place.map.kakao.com/372411526,33.4855070,126.4909021
1267468119,신례리공영주차장 전기차충전소,"교통,수송 > 자동차 > 전기차 충전소",,제주특별자치도 서귀포시 남원읍 신례리 1044-1,,,http://place.map.kakao.com/1267468119,33.2882511,126.6275202
1933077499,신례리공영주차장 투루 전기차충전소,"교통,수송 > 자동차 > 전기차 충전소",,제주특별자치도 서귀포시 남원읍 신례리 1044-1,,,http://place.map.kakao.com/1933077499,33.2882119,126.6273615
446443426,신명주차장,"교통,수송 > 자동차 > 세차장",,제주특별자치도 제주시 연동 292-19,제주특별자치도 제주시 연동11길 13,010-2479-5945,http://place.map.kakao.com/446443426,33.4885594,126.4934451
20518574,신비의도로주차장,"교통,수송 > 교통시설 > 주차장",PK6,제주특별자치도 제주시 노형동 289-15,제주특별자치도 제주시 1100로 2894-63,,http://place.map.kakao.com/20518574,33.4508990,126.4875336
89083005,신성로 공영주차장 전기차충전소,"교통,수송 > 자동차 > 전기차 충전소",,제주특별자치도 제주시 도남동 87-8,,1899-2100,http://place.map.kakao.com/89083005,33.4959739,126.5297440
1061079440,신성로10길 공영주차장,"교통,수송 > 교통시설 > 주차장 > 공영주차장",PK6,제주특별자치도 제주시 도남동 87-8,,,http://place.map.kakao.com/1061079440,33.4958498,126.5296112
27412314,신성리조트 주차장,"교통,수송 > 교통시설 > 주차장",PK6,제주특별자치도 서귀포시 법환동 87-1,제주특별자치도 서귀포시 이어도로 989,,http://place.map.kakao.com/27412314,33.2426837,126.5180745
880450385,신성빌딩 주차장,"교통,수송 > 교통시설 > 주차장",PK6,제주특별자치도 제주시 연동 1484-9,,,http://place.map.kakao.com/880450385,33.4804837,126.4905312
63742245,신시가지 무료주차장,"교통,수송 > 교통시설 > 주차장 > 공영주차장",PK6,제주특별자치도 서귀포시 법환동 1666-4,,,http://place.map.kakao.com/63742245,33.2488583,126.5125787
67530952,신신호텔 제주공항점 주차장,"교통,수송 > 교통시설 > 주차장",PK6,제주특별자치도 제주시 연동 2312-1,제주특별자치도 제주시 성신로1길 41,064-797-5000,http://place.map.kakao.com/67530952,33.4929746,126.4892852
20518650,신우성타운주차장,"교통,수송 > 교통시설 > 주차장",PK6,제주특별자치도 서귀포시 색달동 2822-41,,,http://place.map.kakao.com/20518650,33.2493046,126.4114958
10531038,신제주공영주차장,"교통,수송 > 교통시설 > 주차장 > 공영주차장",PK6,제주특별자치도 제주시 연동 272-31,제주특별자치도 제주시 신대로12길 52,064-728-3916,http://place.map.kakao.com/10531038,33.4890561,126.4914365
1203369274,신제주공영주차장 전기차충전소,"교통,수송 > 자동차 > 전기차 충전소",,제주특별자치도 제주시 연동 272-31,제주특별자치도 제주시 신대로12길 52,1522-1782,http://place.map.kakao.com/1203369274,33.4890247,126.4914701
1278309051,신제주공영주차장 전기차충전소,"교통,수송 > 자동차 > 전기차 충전소",,제주특별자치도 제주시 연동 272-31,제주특별자치도 제주시 신대로12길 52,1899-8852,http://place.map.kakao.com/1278309051,33.4890527,126.4914925
1280829794,신제주로터리 공영주차장,"교통,수송 > 교통시설 > 주차장 > 공영주차장",PK6,제주특별자치도 제주시 연동 301,,,http://place.map.kakao.com/1280829794,33.4895012,126.4962319
343785453,신제주초등학교 주차장,"교통,수송 > 교통시설 > 주차장",PK6,제주특별자치도 제주시 연동 316,제주특별자치도 제주시 비월길 29,,http://place.map.kakao.com/343785453,33.4824093,126.4982333
1991509064,신창풍차해안 공영주차장,"교통,수송 > 교통시설 > 주차장 > 공영주차장",PK6,제주특별자치도 제주시 한경면 신창리 1321-2,,,http://place.map.kakao.com/1991509064,33.3428140,126.1744567
181630563,신창해안풍차도로 주차장,"교통,수송 > 교통시설 > 주차장",PK6,제주특별자치도 제주시 한경면 신창리 1481-21,,,http://place.map.kakao.com/181630563,33.3429810,126.1721811
20518720,신천지호텔주차장,"교통,수송 > 교통시설 > 주차장",PK6,제주특별자치도 제주시 건입동 1037-8,,,http://place.map.kakao.com/20518720,33.5177359,126.5379746
2071549054,신촌교회 남측 공영주차장,"교통,수송 > 교통시설 > 주차장 > 공영주차장",PK6,제주특별자치도 제주시 조천읍 신촌리 2542-1,,,http://place.map.kakao.com/2071549054,33.5346239,126.6159370
1384916783,신촌리 2391-1 주차장,"교통,수송 > 교통시설 > 주차장",PK6,제주특별자치도 제주시 조천읍 신촌리 2391-1,,,http://place.map.kakao.com/1384916783,33.5369415,126.6155177
20518749,신한양레드빌주차장,"교통,수송 > 교통시설 > 주차장",PK6,제주특별자치도 제주시 삼도일동 1227-46,제주특별자치도 제주시 서사로4길 24,,http://place.map.kakao.com/20518749,33.5092811,126.5177126
1956799583,신화역사공원 J지구 공영주차장 전기차충전소,"교통,수송 > 자동차 > 전기차 충전소",,제주특별자치도 서귀포시 안덕면 서광리 산 35-7,,1661-9408,http://place.map.kakao.com/1956799583,33.2970257,126.3066418
264052266,신화역사공원 대형주차장,"교통,수송 > 교통시설 > 주차장",PK6,제주특별자치도 서귀포시 안덕면 서광리 산 35-16,제주특별자치도 서귀포시 안덕면 신화역사로304번길 98,,http://place.map.kakao.com/264052266,33.3035395,126.3152068
1290735148,신흥리공영주차장 전기차충전소,"교통,수송 > 자동차 > 전기차 충전소",,제주특별자치도 제주시 조천읍 신흥리 530-8,,1899-8852,http://place.map.kakao.com/1290735148,33.5480648,126.6503185
26381287,쌍둥이횟집 주차장,"교통,수송 > 교통시설 > 주차장",PK6,제주특별자치도 서귀포시 서귀동 422-9,,,http://place.map.kakao.com/26381287,33.2468101,126.5631430
20518813,쌍알주차장,"교통,수송 > 교통시설 > 주차장",PK6,제주특별자치도 제주시 용담삼동 2319-2,,,http://place.map.kakao.com/20518813,33.5192165,126.4924140
1092943473,썬렌터카 주차장 전기차충전소,"교통,수송 > 자동차 > 전기차 충전소",,제주특별자치도 제주시 도두일동 1374-4,제주특별자치도 제주시 오일장중길 115,,http://place.map.kakao.com/1092943473,33.4992522,126.4780027
1077882060,쏘카존 근돈 옆 주차장,"교통,수송 > 교통시설 > 카셰어링 > 쏘카존",,제주특별자치도 서귀포시 중문동 2035-1,제주특별자치도 서귀포시 천제연로208번길 4,,http://place.map.kakao.com/1077882060,33.2512132,126.4267240
1380942068,쏘카존 삼화주차장,"교통,수송 > 교통시설 > 카셰어링 > 쏘카존",,제주특별자치도 제주시 도련일동 1970-7,제주특별자치도 제주시 건주로6길 15-9,,http://place.map.kakao.com/1380942068,33.5148062,126.5799016
44887001,쏘카존 소노벨제주 주차장,"교통,수송 > 교통시설 > 카셰어링 > 쏘카존",,제주특별자치도 제주시 조천읍 함덕리 274,제주특별자치도 제주시 조천읍 신북로 577,,http://place.map.kakao.com/44887001,33.5408292,126.6719596
26339731,쏘카존 시외버스터미널 주차장,"교통,수송 > 교통시설 > 카셰어링 > 쏘카존",,제주특별자치도 제주시 오라일동 2441-3,제주특별자치도 제주시 서광로 174,,http://place.map.kakao.com/26339731,33.4997018,126.5145114
294643753,쏘카존 신성주차장,"교통,수송 > 교통시설 > 카셰어링 > 쏘카존",,제주특별자치도 제주시 연동 2325-2,제주특별자치도 제주시 도령로13길 7,,http://place.map.kakao.com/294643753,33.4919584,126.4885971
1675308308,쏘카존 앨리스앤트렁크 주차장,"교통,수송 > 교통시설 > 카셰어링 > 쏘카존",,제주특별자치도 제주시 연동 284-17,,,http://place.map.kakao.com/1675308308,33.4849951,126.4929150
27538721,쏘카존 연동크리닉 주차장,"교통,수송 > 교통시설 > 카셰어링 > 쏘카존",,제주특별자치도 제주시 노형동 728-2,제주특별자치도 제주시 과원북4길 31,,http://place.map.kakao.com/27538721,33.4812847,126.4858399
828186263,쏘카존 우생당 주차장,"교통,수송 > 교통시설 > 카셰어링 > 쏘카존",,제주특별자치도 서귀포시 동홍동 1487-4,제주특별자치도 서귀포시 중앙로 104,,http://place.map.kakao.com/828186263,33.2538588,126.5615197
2118678630,쏘카존 이마트 신제주점 야외주차장,"교통,수송 > 교통시설 > 카셰어링 > 쏘카존",,제주특별자치도 제주시 노형동 3783-2,제주특별자치도 제주시 1100로 3339,,http://place.map.kakao.com/2118678630,33.4839652,126.4800182
31150659,쏘카존 이마트 제주점 야외주차장,"교통,수송 > 교통시설 > 카셰어링 > 쏘카존",,제주특별자치도 제주시 삼도이동 1259,제주특별자치도 제주시 탑동로 38,,http://place.map.kakao.com/31150659,33.5184278,126.5212332
2106292887,쏘카존 이지스파크 고객전용 유료주차장,"교통,수송 > 교통시설 > 카셰어링 > 쏘카존",,제주특별자치도 제주시 노형동 936-1,,,http://place.map.kakao.com/2106292887,33.4827530,126.4829165
1041363874,쏘카존 전자랜드 제주점 주차장,"교통,수송 > 교통시설 > 카셰어링 > 쏘카존",,제주특별자치도 제주시 삼도일동 751-2,제주특별자치도 제주시 서사로 32,,http://place.map.kakao.com/1041363874,33.5094723,126.5195853
1532827895,쏘카존 제주 드림타워 B4층 주차장,"교통,수송 > 교통시설 > 카셰어링 > 쏘카존",,제주특별자치도 제주시 노형동 925,제주특별자치도 제주시 노연로 12,,http://place.map.kakao.com/1532827895,33.4851399,126.4815003
26339845,쏘카존 제주 썬호텔 P2주차장,"교통,수송 > 교통시설 > 카셰어링 > 쏘카존",,제주특별자치도 제주시 연동 291-30,제주특별자치도 제주시 삼무로 67,,http://place.map.kakao.com/26339845,33.4902508,126.4941078
1081616582,쏘카존 제주신화월드 기숙사H관 주차장,"교통,수송 > 교통시설 > 카셰어링 > 쏘카존",,제주특별자치도 서귀포시 안덕면 서광리 산 35-22,제주특별자치도 서귀포시 안덕면 신화역사로188번길 151,,http://place.map.kakao.com/1081616582,33.2968454,126.3079445
454043887,쏘카존 제주신화월드랜딩관 B-3 주차장,"교통,수송 > 교통시설 > 카셰어링 > 쏘카존",,제주특별자치도 서귀포시 안덕면 서광리 산 24,제주특별자치도 서귀포시 안덕면 신화역사로304번길 38,,http://place.map.kakao.com/454043887,33.3044282,126.3177790
1573895994,쏘카존 제주신화월드메리어트관 A-7주차장,"교통,수송 > 교통시설 > 카셰어링 > 쏘카존",,제주특별자치도 서귀포시 안덕면 서광리 산 24,제주특별자치도 서귀포시 안덕면 신화역사로304번길 38,,http://place.map.kakao.com/1573895994,33.3083884,126.3194919
458613676,쏘카존 지지지 제주 흑돼지 주차장,"교통,수송 > 교통시설 > 카셰어링 > 쏘카존",,제주특별자치도 제주시 연동 302-3,제주특별자치도 제주시 신대로 104,,http://place.map.kakao.com/458613676,33.4883802,126.4961469
26339664,쏘카존 천일주차장,"교통,수송 > 교통시설 > 카셰어링 > 쏘카존",,제주특별자치도 제주시 이도이동 1773-10,제주특별자치도 제주시 서광로32길 1,,http://place.map.kakao.com/26339664,33.5001789,126.5283363
200924787,쏘카존 켄싱턴리조트 서귀포 부설 주차장,"교통,수송 > 교통시설 > 카셰어링 > 쏘카존",,제주특별자치도 서귀포시 강정동 2677,제주특별자치도 서귀포시 이어도로 684,,http://place.map.kakao.com/200924787,33.2342108,126.4888688
26352217,쏘카존 켄싱턴리조트 제주중문 제2주차장,"교통,수송 > 교통시설 > 카셰어링 > 쏘카존",,제주특별자치도 서귀포시 색달동 2822-4,제주특별자치도 서귀포시 중문관광로72번길 29-29,,http://place.map.kakao.com/26352217,33.2483184,126.4121087
1968174312,쏘카존 파르나스 호텔 제주 주차장2구역,"교통,수송 > 교통시설 > 카셰어링 > 쏘카존",,제주특별자치도 서귀포시 색달동 3039-1,제주특별자치도 서귀포시 중문관광로72번길 100,,http://place.map.kakao.com/1968174312,33.2461939,126.4055850
801453004,쏘카존 플레이스 제주 주차장,"교통,수송 > 교통시설 > 카셰어링 > 쏘카존",,제주특별자치도 서귀포시 성산읍 고성리 297-1,제주특별자치도 서귀포시 성산읍 동류암로 20,,http://place.map.kakao.com/801453004,33.4497112,126.9181060
531847426,쏘카존 호텔 더엠 외부 주차장,"교통,수송 > 교통시설 > 카셰어링 > 쏘카존",,제주특별자치도 서귀포시 서귀동 825,,,http://place.map.kakao.com/531847426,33.2463154,126.5609114
1640313359,아라 신설로4길 제1공영주차장,"교통,수송 > 교통시설 > 주차장 > 공영주차장",PK6,제주특별자치도 제주시 아라이동 3002-1,,,http://place.map.kakao.com/1640313359,33.4935601,126.5424687
1806505805,아라 신설로4길 제2공영주차장,"교통,수송 > 교통시설 > 주차장 > 공영주차장",PK6,제주특별자치도 제주시 아라이동 3002-9,,,http://place.map.kakao.com/1806505805,33.4926986,126.5432942
1315097409,아라동 무료 주차장,"교통,수송 > 교통시설 > 주차장 > 공영주차장",PK6,제주특별자치도 제주시 아라일동 6128-4,,,http://place.map.kakao.com/1315097409,33.4738128,126.5494524
1368636721,아라동 무료 주차장,"교통,수송 > 교통시설 > 주차장 > 공영주차장",PK6,제주특별자치도 제주시 아라일동 6059,,,http://place.map.kakao.com/1368636721,33.4718063,126.5402367
1370501331,아라동 무료 주차장,"교통,수송 > 교통시설 > 주차장 > 공영주차장",PK6,제주특별자치도 제주시 아라일동 6051-4,,,http://place.map.kakao.com/1370501331,33.4733648,126.5406169
1371315037,아라동 무료 주차장,"교통,수송 > 교통시설 > 주차장 > 공영주차장",PK6,제주특별자치도 제주시 아라일동 6096,,,http://place.map.kakao.com/1371315037,33.4752206,126.5438981
1447488209,아라동 무료 주차장,"교통,수송 > 교통시설 > 주차장 > 공영주차장",PK6,제주특별자치도 제주시 아라일동 6064-4,,,http://place.map.kakao.com/1447488209,33.4694210,126.5427623
1479675797,아라동 무료 주차장,"교통,수송 > 교통시설 > 주차장 > 공영주차장",PK6,제주특별자치도 제주시 아라일동 6068-9,,,http://place.map.kakao.com/1479675797,33.4711889,126.5429768
1522004203,아라동 무료 주차장,"교통,수송 > 교통시설 > 주차장 > 공영주차장",PK6,제주특별자치도 제주시 아라일동 6114-5,,,http://place.map.kakao.com/1522004203,33.4752696,126.5483948
1527357883,아라동 무료 주차장,"교통,수송 > 교통시설 > 주차장 > 공영주차장",PK6,제주특별자치도 제주시 아라일동 6142,제주특별자치도 제주시 인다14길 14,,http://place.map.kakao.com/1527357883,33.4713302,126.5470899
311587737,아라동 무료 주차장,"교통,수송 > 교통시설 > 주차장 > 공영주차장",PK6,제주특별자치도 제주시 아라일동 6159,,,http://place.map.kakao.com/311587737,33.4723532,126.5506993
617740919,아라동 무료 주차장,"교통,수송 > 교통시설 > 주차장 > 공영주차장",PK6,제주특별자치도 제주시 아라일동 6140-4,,,http://place.map.kakao.com/617740919,33.4702937,126.5466865
833091795,아라동 무료 주차장,"교통,수송 > 교통시설 > 주차장 > 공영주차장",PK6,제주특별자치도 제주시 아라일동 6075-6,,,http://place.map.kakao.com/833091795,33.4703386,126.5441689
1127978445,아라동공영주차장 전기차충전소,"교통,수송 > 자동차 > 전기차 충전소",,제주특별자치도 제주시 아라이동 941-7,,,http://place.map.kakao.com/1127978445,33.4783044,126.5528914
1487777551,아라동주민센터 주차장,"교통,수송 > 교통시설 > 주차장 > 공영주차장",PK6,제주특별자치도 제주시 아라일동 6103-6,,,http://place.map.kakao.com/1487777551,33.4763046,126.5449295
1832004890,아라이동 3008-1 공영주차장,"교통,수송 > 교통시설 > 주차장 > 공영주차장",PK6,제주특별자치도 제주시 아라이동 3008-1,,,http://place.map.kakao.com/1832004890,33.4916202,126.5442468
869008908,아라일동 6083-3 공영주차장,"교통,수송 > 교통시설 > 주차장 > 공영주차장",PK6,제주특별자치도 제주시 아라일동 6083-3,,,http://place.map.kakao.com/869008908,33.4722027,126.5440516
259572468,아라일동 6084-7 공영주차장,"교통,수송 > 교통시설 > 주차장 > 공영주차장",PK6,제주특별자치도 제주시 아라일동 6084-7,,,http://place.map.kakao.com/259572468,33.4721533,126.5436269
1072244300,아라일동 6123 공영주차장,"교통,수송 > 교통시설 > 주차장 > 공영주차장",PK6,제주특별자치도 제주시 아라일동 6123,,,http://place.map.kakao.com/1072244300,33.4738326,126.5516857
1865696921,아라일동6111번지 공영주차장,"교통,수송 > 교통시설 > 주차장 > 공영주차장",PK6,제주특별자치도 제주시 아라일동 6111,,,http://place.map.kakao.com/1865696921,33.4764266,126.5487159
1412689884,아라지구 공영주차장 전기차충전소,"교통,수송 > 자동차 > 전기차 충전소",,제주특별자치도 제주시 아라일동 6140-2,제주특별자치도 제주시 중앙로 591-8,,http://place.map.kakao.com/1412689884,33.4704304,126.5465976
636888346,아라지구 공영주차장 전기차충전소,"교통,수송 > 자동차 > 전기차 충전소",,제주특별자치도 제주시 아라일동 6140-4,,,http://place.map.kakao.com/636888346,33.4703612,126.5469035
949255078,아라지구2 공영주차장 전기차충전소,"교통,수송 > 자동차 > 전기차 충전소",,제주특별자치도 제주시 아라일동 6160-5,제주특별자치도 제주시 인다15길 43,,http://place.map.kakao.com/949255078,33.4716429,126.5510128
1910613857,아라파파 북촌점 주차장,"교통,수송 > 교통시설 > 주차장",PK6,제주특별자치도 제주시 조천읍 북촌리 434-1,제주특별자치도 제주시 조천읍 북촌15길 60,,http://place.map.kakao.com/1910613857,33.5511822,126.6966845
1237300535,아란길공영주차장,"교통,수송 > 교통시설 > 주차장 > 공영주차장",PK6,제주특별자치도 제주시 아라일동 6093-4,제주특별자치도 제주시 아란5길 31-12,,http://place.map.kakao.com/1237300535,33.4738507,126.5447584
20580747,아랑조을거리 공영주차장,"교통,수송 > 교통시설 > 주차장 > 공영주차장",PK6,제주특별자치도 서귀포시 서귀동 312-5,,,http://place.map.kakao.com/20580747,33.2477531,126.5603087
1972697543,아랑조을거리 공영주차장 전기차충전소,"교통,수송 > 자동차 > 전기차 충전소",,제주특별자치도 서귀포시 서귀동 312-5,제주특별자치도 서귀포시 중정로 35,,http://place.map.kakao.com/1972697543,33.2477091,126.5600825
1936486320,아르떼뮤지엄 제주 주차장,"교통,수송 > 교통시설 > 주차장",PK6,제주특별자치도 제주시 애월읍 어음리 1503,제주특별자치도 제주시 애월읍 어림비로 478,,http://place.map.kakao.com/1936486320,33.3966985,126.3449762
1432132038,아마노 곽지해수욕장 주차장,"교통,수송 > 교통시설 > 주차장",PK6,제주특별자치도 제주시 애월읍 곽지리 1565,제주특별자치도 제주시 애월읍 곽지5길 28,,http://place.map.kakao.com/1432132038,33.4497960,126.3049113
1120199581,아마노 제주칠성로 주차장,"교통,수송 > 교통시설 > 주차장",PK6,제주특별자치도 제주시 일도일동 1220-1,,1899-7275,http://place.map.kakao.com/1120199581,33.5146561,126.5274806
1432081456,아마노 제주한국병원 주차장,"교통,수송 > 교통시설 > 주차장",PK6,제주특별자치도 제주시 삼도일동 518,제주특별자치도 제주시 서광로 193,,http://place.map.kakao.com/1432081456,33.5003912,126.5167288
1120363454,아마노 제주한마음병원 주차장,"교통,수송 > 교통시설 > 주차장",PK6,제주특별자치도 제주시 이도이동 1941-3,제주특별자치도 제주시 연신로 52,,http://place.map.kakao.com/1120363454,33.4962869,126.5462390
434626881,아마노렌터카허브 주차타워,"교통,수송 > 교통시설 > 주차장 > 주차빌딩",,제주특별자치도 제주시 용담삼동 1145-3,,,http://place.map.kakao.com/434626881,33.5189013,126.4973564
766297462,아부오름 주차장,"교통,수송 > 교통시설 > 주차장",PK6,제주특별자치도 제주시 구좌읍 송당리 산 175-2,,,http://place.map.kakao.com/766297462,33.4470947,126.7812412
1521906682,아스타호텔 주차장,"교통,수송 > 교통시설 > 주차장",PK6,제주특별자치도 제주시 삼도일동 535-10,제주특별자치도 제주시 서사로 129,,http://place.map.kakao.com/1521906682,33.5008547,126.5202517
1793028366,아이파킹 주차장,"교통,수송 > 교통시설 > 주차장",PK6,제주특별자치도 제주시 연동 271-34,,,http://place.map.kakao.com/1793028366,33.4903115,126.4906512
1630998524,아이파킹존 제주중문2호점,"교통,수송 > 교통시설 > 주차장",PK6,제주특별자치도 서귀포시 색달동 2877-12,,1588-5783,http://place.map.kakao.com/1630998524,33.2513009,126.4132423
1271397268,아이파킹주차장,"교통,수송 > 교통시설 > 주차장",PK6,제주특별자치도 제주시 노형동 909-2,,,http://place.map.kakao.com/1271397268,33.4874509,126.4841561
1186015066,아줄레주 주차장,"교통,수송 > 교통시설 > 주차장",PK6,제주특별자치도 서귀포시 성산읍 신풍리 627,제주특별자치도 서귀포시 성산읍 신풍하동로19번길 59,,http://place.map.kakao.com/1186015066,33.3667347,126.8391216
1940467174,아침미소목장 제1주차장,"교통,수송 > 교통시설 > 주차장",PK6,제주특별자치도 제주시 월평동 156,,,http://place.map.kakao.com/1940467174,33.4551263,126.5861818
879850882,아침미소목장 제2주차장,"교통,수송 > 교통시설 > 주차장",PK6,제주특별자치도 제주시 월평동 156,,,http://place.map.kakao.com/879850882,33.4546504,126.5867756
284710112,아침미소목장 제3주차장,"교통,수송 > 교통시설 > 주차장",PK6,제주특별자치도 제주시 월평동 2,,,http://place.map.kakao.com/284710112,33.4536333,126.5872752
1936443855,아쿠아플라넷제주 주차장,"교통,수송 > 교통시설 > 주차장",PK6,제주특별자치도 서귀포시 성산읍 고성리 127-3,,,http://place.map.kakao.com/1936443855,33.4320199,126.9269747
68077505,안덕 대평 공영주차장,"교통,수송 > 교통시설 > 주차장 > 공영주차장",PK6,제주특별자치도 서귀포시 안덕면 창천리 930-5,,,http://place.map.kakao.com/68077505,33.2384873,126.3657029
24661128,안덕계곡 주차장,"교통,수송 > 교통시설 > 주차장",PK6,제주특별자치도 서귀포시 안덕면 감산리 346,,,http://place.map.kakao.com/24661128,33.2579490,126.3533368
1876115178,안덕계곡 주차장 전기차충전소,"교통,수송 > 자동차 > 전기차 충전소",,제주특별자치도 서귀포시 안덕면 감산리 344-1,제주특별자치도 서귀포시 안덕면 대평감산로 344,,http://place.map.kakao.com/1876115178,33.2578361,126.3532872
251480375,안덕산방도서관 주차장,"교통,수송 > 교통시설 > 주차장",PK6,제주특별자치도 서귀포시 안덕면 화순리 1963,,,http://place.map.kakao.com/251480375,33.2548716,126.3308004
17572970,안덕생활체육관 주차장,"교통,수송 > 교통시설 > 주차장",PK6,제주특별자치도 서귀포시 안덕면 화순리 2038-1,제주특별자치도 서귀포시 안덕면 화순서서로 63,,http://place.map.kakao.com/17572970,33.2560638,126.3290206
580353777,안덕우체국 뒤 주차장 전기차충전소,"교통,수송 > 자동차 > 전기차 충전소",,제주특별자치도 서귀포시 안덕면 화순리 1071,제주특별자치도 서귀포시 안덕면 화순로109번길 5,,http://place.map.kakao.com/580353777,33.2460159,126.3351631
1455998290,안돌오름 주차장,"교통,수송 > 교통시설 > 주차장",PK6,제주특별자치도 제주시 구좌읍 송당리 산 145,,,http://place.map.kakao.com/1455998290,33.4546603,126.7599232
1176739238,안세미오름 주차장,"교통,수송 > 교통시설 > 주차장",PK6,제주특별자치도 제주시 봉개동 산 2,,,http://place.map.kakao.com/1176739238,33.4665830,126.6046947
588038759,앙끄레국수 주차장,"교통,수송 > 교통시설 > 주차장",PK6,제주특별자치도 서귀포시 법환동 876-1,제주특별자치도 서귀포시 법환상로2번길 97-18,,http://place.map.kakao.com/588038759,33.2475048,126.5118566
786655517,앙뚜아네트 용담점 주차장,"교통,수송 > 교통시설 > 주차장",PK6,제주특별자치도 제주시 용담삼동 503-5,제주특별자치도 제주시 서해안로 671,,http://place.map.kakao.com/786655517,33.5161051,126.5087335
1413992344,앞뱅디식당 주차장,"교통,수송 > 교통시설 > 주차장",PK6,제주특별자치도 제주시 연동 324-1,,,http://place.map.kakao.com/1413992344,33.4854690,126.4999437
1849830753,애월농협하나로마트 주차장,"교통,수송 > 교통시설 > 주차장",PK6,제주특별자치도 제주시 애월읍 애월리 1400-1,,,http://place.map.kakao.com/1849830753,33.4600464,126.3218805
1616431565,애월더선셋 주차장,"교통,수송 > 교통시설 > 주차장",PK6,제주특별자치도 제주시 애월읍 곽지리 1381,제주특별자치도 제주시 애월읍 일주서로 6111,,http://place.map.kakao.com/1616431565,33.4561338,126.3088845
138304899,애월도서관 주차장,"교통,수송 > 교통시설 > 주차장",PK6,제주특별자치도 제주시 애월읍 고내리 1364,,,http://place.map.kakao.com/138304899,33.4630924,126.3312701
125716763,애월리407-4주차장,"교통,수송 > 교통시설 > 주차장",PK6,제주특별자치도 제주시 애월읍 애월리 407-4,,,http://place.map.kakao.com/125716763,33.4665279,126.3243591
797672932,애월리사무소 인근 공영주차장 전기차충전소,"교통,수송 > 자동차 > 전기차 충전소",,제주특별자치도 제주시 애월읍 애월리 1575-1,제주특별자치도 제주시 애월읍 애월로8길 3,,http://place.map.kakao.com/797672932,33.4644157,126.3191250
20580890,애월읍 무료주차장,"교통,수송 > 교통시설 > 주차장 > 공영주차장",PK6,제주특별자치도 제주시 애월읍 하귀1리 144-1,,,http://place.map.kakao.com/20580890,33.4863419,126.4172186
501959890,애월읍 무료주차장,"교통,수송 > 교통시설 > 주차장 > 공영주차장",PK6,제주특별자치도 제주시 애월읍 하귀1리 146-1,,,http://place.map.kakao.com/501959890,33.4868669,126.4184331
536533331,애월읍 무료주차장,"교통,수송 > 교통시설 > 주차장 > 공영주차장",PK6,제주특별자치도 제주시 애월읍 하귀1리 149-3,,,http://place.map.kakao.com/536533331,33.4859836,126.4192567
18558707,애월읍무료노외공영주차장,"교통,수송 > 교통시설 > 주차장 > 공영주차장",PK6,제주특별자치도 제주시 애월읍 하귀1리 176-3,,,http://place.map.kakao.com/18558707,33.4858501,126.4138864
18558706,애월읍무료주차장,"교통,수송 > 교통시설 > 주차장 > 공영주차장",PK6,제주특별자치도 제주시 애월읍 하귀1리 160-4,,,http://place.map.kakao.com/18558706,33.4830937,126.4151574
20518997,애월체육관주차장,"교통,수송 > 교통시설 > 주차장",PK6,제주특별자치도 제주시 애월읍 고내리 1356,제주특별자치도 제주시 애월읍 일주서로 6349,,http://place.map.kakao.com/20518997,33.4629817,126.3331448
2000082812,애월카페거리2525 나이스파크주차장,"교통,수송 > 교통시설 > 주차장",PK6,제주특별자치도 제주시 애월읍 애월리 2525,,1522-0741,http://place.map.kakao.com/2000082812,33.4639765,126.3099754
2011977955,애월카페거리2주차장,"교통,수송 > 교통시설 > 주차장",PK6,제주특별자치도 제주시 애월읍 애월리 2499-1,,,http://place.map.kakao.com/2011977955,33.4628120,126.3113357
923815860,애월카페거리3주차장,"교통,수송 > 교통시설 > 주차장",PK6,제주특별자치도 제주시 애월읍 애월리 2527-15,,,http://place.map.kakao.com/923815860,33.4633108,126.3104109
20519004,야외주차장,"교통,수송 > 교통시설 > 주차장",PK6,제주특별자치도 제주시 노형동 401,제주특별자치도 제주시 미리내길 84,,http://place.map.kakao.com/20519004,33.4585011,126.4797013
20519025,약천사 주차장,"교통,수송 > 교통시설 > 주차장",PK6,제주특별자치도 서귀포시 하원동 1698-1,,,http://place.map.kakao.com/20519025,33.2437375,126.4503969
843594464,약천사 주차장,"교통,수송 > 교통시설 > 주차장",PK6,제주특별자치도 서귀포시 대포동 1161,제주특별자치도 서귀포시 이어도로 293-28,,http://place.map.kakao.com/843594464,33.2459286,126.4486085
27550383,양가형제평화동회관 주차장,"교통,수송 > 교통시설 > 주차장",PK6,제주특별자치도 제주시 한경면 청수리 746-7,,,http://place.map.kakao.com/27550383,33.3073144,126.2536585
1965139932,어덜트밤비노 주차장,"교통,수송 > 교통시설 > 주차장",PK6,제주특별자치도 제주시 아라일동 2981,,,http://place.map.kakao.com/1965139932,33.4869841,126.5316713
1529641686,어리목 공영주차장 전기차충전소,"교통,수송 > 자동차 > 전기차 충전소",,제주특별자치도 제주시 해안동 산 220-13,제주특별자치도 제주시 1100로 2070-61,,http://place.map.kakao.com/1529641686,33.3926864,126.4948403
1724910507,어리목입구주차장,"교통,수송 > 교통시설 > 주차장",PK6,제주특별자치도 제주시 해안동 산 220-2,,,http://place.map.kakao.com/1724910507,33.3900672,126.4851910
20588448,어리목주차장,"교통,수송 > 교통시설 > 주차장",PK6,제주특별자치도 제주시 해안동 산 220-13,제주특별자치도 제주시 1100로 2070-61,,http://place.map.kakao.com/20588448,33.3920787,126.4946117
1152711601,어멍횟집 주차장,"교통,수송 > 교통시설 > 주차장",PK6,제주특별자치도 서귀포시 성산읍 고성리 330-1,제주특별자치도 서귀포시 성산읍 일출로 29,,http://place.map.kakao.com/1152711601,33.4478451,126.9158373
75269236,어승생악탐방로 주차장,"교통,수송 > 교통시설 > 주차장",PK6,제주특별자치도 제주시 해안동 산 220-13,제주특별자치도 제주시 1100로 2070-61,,http://place.map.kakao.com/75269236,33.3923883,126.4949399
17932538,엉덩물계곡 공영주차장,"교통,수송 > 교통시설 > 주차장 > 공영주차장",PK6,제주특별자치도 서귀포시 색달동 2889-1,,,http://place.map.kakao.com/17932538,33.2462625,126.4145400
20580637,엉또폭포 주차장,"교통,수송 > 교통시설 > 주차장",PK6,제주특별자치도 서귀포시 강정동 1561-1,,,http://place.map.kakao.com/20580637,33.2670734,126.4977414
1162711020,에듀시티상가 주차장,"교통,수송 > 교통시설 > 주차장",PK6,제주특별자치도 서귀포시 대정읍 보성리 2372,,,http://place.map.kakao.com/1162711020,33.2918424,126.2842259
26383797,에버리스골프리조트 주차장,"교통,수송 > 교통시설 > 주차장",PK6,제주특별자치도 제주시 애월읍 어음리 523-22,제주특별자치도 제주시 애월읍 평화로 1693-75,,http://place.map.kakao.com/26383797,33.3712214,126.3658652
20590764,에셋주차장,"교통,수송 > 교통시설 > 주차장",PK6,제주특별자치도 제주시 노형동 710-3,제주특별자치도 제주시 연북로 25,,http://place.map.kakao.com/20590764,33.4825045,126.4838745
990699951,에이바우트스타디움 주차장,"교통,수송 > 교통시설 > 주차장",PK6,제주특별자치도 제주시 화북이동 3292-1,,,http://place.map.kakao.com/990699951,33.5047403,126.5640901
1194065679,에이바우트커피 한라대점 주차장,"교통,수송 > 교통시설 > 주차장",PK6,제주특별자치도 제주시 노형동 3813-9,제주특별자치도 제주시 한라대학로 39,,http://place.map.kakao.com/1194065679,33.4781992,126.4756512
854497364,에이바호텔제주 제2주차장,"교통,수송 > 교통시설 > 주차장",PK6,제주특별자치도 제주시 조천읍 함덕리 1239-6,,,http://place.map.kakao.com/854497364,33.5425802,126.6632652
1872187446,에이바호텔제주 주차장,"교통,수송 > 교통시설 > 주차장",PK6,제주특별자치도 제주시 구좌읍 동복리 1652-2,제주특별자치도 제주시 구좌읍 일주동로 1626,,http://place.map.kakao.com/1872187446,33.5523462,126.7064503
1846407712,에코랜드CC 주차장,"교통,수송 > 교통시설 > 주차장",PK6,제주특별자치도 제주시 조천읍 대흘리 1221-1,,,http://place.map.kakao.com/1846407712,33.4555386,126.6661082
1304562839,에코랜드테마파크 주차장,"교통,수송 > 교통시설 > 주차장",PK6,제주특별자치도 제주시 조천읍 교래리 385-1,제주특별자치도 제주시 조천읍 남조로 1982,,http://place.map.kakao.com/1304562839,33.4463894,126.6668853
1867448824,엘리시안제주CC 주차장,"교통,수송 > 교통시설 > 주차장",PK6,제주특별자치도 제주시 애월읍 어음리 3914,제주특별자치도 제주시 애월읍 평화로 1738-116,,http://place.map.kakao.com/1867448824,33.3733485,126.3800127
20519158,여미지식물원 주차장,"교통,수송 > 교통시설 > 주차장",PK6,제주특별자치도 서귀포시 색달동 2484-1,,,http://place.map.kakao.com/20519158,33.2516661,126.4151671
1842794473,연돈볼카츠 제주사수점 주차장,"교통,수송 > 교통시설 > 주차장",PK6,제주특별자치도 제주시 도두이동 836-7,,,http://place.map.kakao.com/1842794473,33.5095594,126.4789008
255624048,연동 1373-2 공영주차장,"교통,수송 > 교통시설 > 주차장 > 공영주차장",PK6,제주특별자치도 제주시 연동 1373-2,,,http://place.map.kakao.com/255624048,33.4821609,126.4927916
20581077,연동 노외공영무료주차장,"교통,수송 > 교통시설 > 주차장 > 공영주차장",PK6,제주특별자치도 제주시 연동 1458-2,,,http://place.map.kakao.com/20581077,33.4811700,126.4907984
105205307,연동 도령북길 공영주차장,"교통,수송 > 교통시설 > 주차장 > 공영주차장",PK6,제주특별자치도 제주시 연동 2305-7,,,http://place.map.kakao.com/105205307,33.4933737,126.4872534
207377590,연동 무료 주차장,"교통,수송 > 교통시설 > 주차장 > 공영주차장",PK6,제주특별자치도 제주시 연동 1957-1,,,http://place.map.kakao.com/207377590,33.4915826,126.4823529
1917705077,연동88주차장,"교통,수송 > 교통시설 > 주차장",PK6,제주특별자치도 제주시 연동 310-2,,,http://place.map.kakao.com/1917705077,33.4930900,126.4976670
950744524,연동공영주차장,"교통,수송 > 교통시설 > 주차장 > 공영주차장",PK6,제주특별자치도 제주시 연동 291-19,,,http://place.map.kakao.com/950744524,33.4906959,126.4953620
1185107478,연동공영주차장 전기차충전소,"교통,수송 > 자동차 > 전기차 충전소",,제주특별자치도 제주시 연동 272-31,제주특별자치도 제주시 신대로12길 52,,http://place.map.kakao.com/1185107478,33.4890346,126.4914625
1589919372,연동공육사,"음식점 > 한식 > 육류,고기",FD6,제주특별자치도 제주시 연동 292-16,제주특별자치도 제주시 신대로12길 24,010-7121-9977,http://place.map.kakao.com/1589919372,33.4889022,126.4941372
20581079,연동국기로 제1공영주차장,"교통,수송 > 교통시설 > 주차장 > 공영주차장",PK6,제주특별자치도 제주시 연동 1517,,,http://place.map.kakao.com/20581079,33.4783623,126.4903371
455191984,연동국기로 제2공영주차장,"교통,수송 > 교통시설 > 주차장 > 공영주차장",PK6,제주특별자치도 제주시 연동 1499,,,http://place.map.kakao.com/455191984,33.4786663,126.4905849
1556772215,연동클리닉 주차장,"교통,수송 > 교통시설 > 주차장",PK6,제주특별자치도 제주시 노형동 728-2,제주특별자치도 제주시 과원북4길 31,,http://place.map.kakao.com/1556772215,33.4812324,126.4858359
1167448137,연동택지개발지구 대림APT동축 공영주차장,"교통,수송 > 교통시설 > 주차장 > 공영주차장",PK6,제주특별자치도 제주시 연동 1504,,,http://place.map.kakao.com/1167448137,33.4799210,126.4913910
1792106425,연동택지개발지구 으뜸마을서측공원옆 공영주차장,"교통,수송 > 교통시설 > 주차장 > 공영주차장",PK6,제주특별자치도 제주시 노형동 751,,,http://place.map.kakao.com/1792106425,33.4778565,126.4797104
1992934772,연삼로 238 주차장 전기차충전소,"교통,수송 > 자동차 > 전기차 충전소",,제주특별자치도 제주시 오라일동 1044-4,제주특별자치도 제주시 연삼로 238,,http://place.map.kakao.com/1992934772,33.4921406,126.5178743
20581082,연화로 공영주차장,"교통,수송 > 교통시설 > 주차장 > 공영주차장",PK6,제주특별자치도 제주시 연동 1519-2,,064-728-8234,http://place.map.kakao.com/20581082,33.4776583,126.4892696
20519354,영보맨션지하주차장,"교통,수송 > 교통시설 > 주차장",PK6,제주특별자치도 제주시 용담이동 609-75,,,http://place.map.kakao.com/20519354,33.5108173,126.5066915
423505521,영실 공영주차장 전기차충전소,"교통,수송 > 자동차 > 전기차 충전소",,제주특별자치도 서귀포시 하원동 산 1-1,제주특별자치도 서귀포시 영실로 246,1899-8852,http://place.map.kakao.com/423505521,33.3401040,126.4805128
20519375,영실입구 주차장,"교통,수송 > 교통시설 > 주차장",PK6,제주특별자치도 서귀포시 도순동 산 1,,,http://place.map.kakao.com/20519375,33.3463328,126.4959504
618535530,영주고등학교 주차장,"교통,수송 > 교통시설 > 주차장",PK6,제주특별자치도 제주시 월평동 684-1,,,http://place.map.kakao.com/618535530,33.4554390,126.5794277
784676188,영주산 주차장,"교통,수송 > 교통시설 > 주차장",PK6,제주특별자치도 서귀포시 표선면 성읍리 산 18-1,,,http://place.map.kakao.com/784676188,33.4029638,126.8047001
1729898339,예래생태공원 주차장,"교통,수송 > 교통시설 > 주차장",PK6,제주특별자치도 서귀포시 상예동 793-1,,,http://place.map.kakao.com/1729898339,33.2502121,126.3976557
702579345,예술공간 이아 전용주차장,"교통,수송 > 교통시설 > 주차장",PK6,제주특별자치도 제주시 삼도이동 154,제주특별자치도 제주시 중앙로14길 21,064-800-9300,http://place.map.kakao.com/702579345,33.5104704,126.5221704
20519471,예크리닉빌딩주차장,"교통,수송 > 교통시설 > 주차장",PK6,제주특별자치도 제주시 연동 1365-1,제주특별자치도 제주시 과원로 28,,http://place.map.kakao.com/20519471,33.4760657,126.4861375
1749545109,오가네전복설렁탕 서귀포본점 주차장,"교통,수송 > 교통시설 > 주차장",PK6,제주특별자치도 서귀포시 토평동 1284,,,http://place.map.kakao.com/1749545109,33.2681309,126.5895989
319975709,오라동 무료 주차장,"교통,수송 > 교통시설 > 주차장 > 공영주차장",PK6,제주특별자치도 제주시 오라이동 1375-1,,,http://place.map.kakao.com/319975709,33.4896092,126.5124028
415470383,오라마트 주차장,"교통,수송 > 교통시설 > 주차장",PK6,제주특별자치도 제주시 오라이동 1479,제주특별자치도 제주시 연사3길 10,,http://place.map.kakao.com/415470383,33.4883103,126.5120163
439839284,오롬마르 주차장,"교통,수송 > 교통시설 > 주차장",PK6,제주특별자치도 제주시 애월읍 장전리 108,제주특별자치도 제주시 애월읍 장유길 32-3,,http://place.map.kakao.com/439839284,33.4498614,126.3954909
786884220,오른 주차장,"교통,수송 > 교통시설 > 주차장",PK6,제주특별자치도 서귀포시 성산읍 오조리 394,,,http://place.map.kakao.com/786884220,33.4718295,126.9155129
1896249223,오름나그네 주차장,"교통,수송 > 교통시설 > 주차장",PK6,제주특별자치도 제주시 조천읍 선흘리 470-12,제주특별자치도 제주시 조천읍 선교로 525,,http://place.map.kakao.com/1896249223,33.4591067,126.7119442
2065040237,오복1길 공영주차장,"교통,수송 > 교통시설 > 주차장 > 공영주차장",PK6,제주특별자치도 제주시 이도이동 1035-4,,,http://place.map.kakao.com/2065040237,33.4968175,126.5332540
2039055886,오설록티뮤지엄 주차장 2 전기차충전소,"교통,수송 > 자동차 > 전기차 충전소",,제주특별자치도 서귀포시 안덕면 서광리 2489-45,,,http://place.map.kakao.com/2039055886,33.3044313,126.2881151
773670595,오설록티뮤지엄 주차장 전기차충전소,"교통,수송 > 자동차 > 전기차 충전소",,제주특별자치도 서귀포시 안덕면 서광리 2489-45,,,http://place.map.kakao.com/773670595,33.3045229,126.2880596
1787225538,오설록티뮤지엄 주차장2,"교통,수송 > 교통시설 > 주차장",PK6,제주특별자치도 서귀포시 안덕면 서광리 1224-55,,,http://place.map.kakao.com/1787225538,33.3047562,126.2894246
20590178,오션스위츠주차장,"교통,수송 > 교통시설 > 주차장",PK6,제주특별자치도 제주시 삼도이동 1264,,,http://place.map.kakao.com/20590178,33.5181574,126.5235920
20591106,오일빌딩주차장,"교통,수송 > 교통시설 > 주차장",PK6,제주특별자치도 제주시 연동 1374-2,제주특별자치도 제주시 연북로 98,,http://place.map.kakao.com/20591106,33.4813966,126.4915287
1076151905,오일시장 일대 공영주차장,"교통,수송 > 교통시설 > 주차장 > 공영주차장",PK6,제주특별자치도 제주시 도두일동 1212,제주특별자치도 제주시 오일장서길 26,,http://place.map.kakao.com/1076151905,33.4966121,126.4743124
20580684,오조해녀의집 주차장,"교통,수송 > 교통시설 > 주차장",PK6,제주특별자치도 서귀포시 성산읍 오조리 3-9,제주특별자치도 서귀포시 성산읍 한도로 141-16,,http://place.map.kakao.com/20580684,33.4699733,126.9227580
1844729678,오지힐그라운즈 주차장,"교통,수송 > 교통시설 > 주차장",PK6,제주특별자치도 제주시 한림읍 옹포리 251,제주특별자치도 제주시 한림읍 한림상로 16,,http://place.map.kakao.com/1844729678,33.4048332,126.2570395
20519652,올레길하우스주차장,"교통,수송 > 교통시설 > 주차장",PK6,제주특별자치도 서귀포시 남원읍 신흥리 2094,,,http://place.map.kakao.com/20519652,33.3452479,126.7487873
17582590,올레리조트 주차장,"교통,수송 > 교통시설 > 주차장",PK6,제주특별자치도 제주시 애월읍 신엄리 2867-3,제주특별자치도 제주시 애월읍 부룡수길 33,064-799-7770,http://place.map.kakao.com/17582590,33.4751403,126.3559582
79656171,올레마당 주차장,"교통,수송 > 교통시설 > 주차장",PK6,제주특별자치도 서귀포시 안덕면 사계리 135-1,제주특별자치도 서귀포시 안덕면 사계남로 224,,http://place.map.kakao.com/79656171,33.2331530,126.3087899
2037318755,옹포바다횟집 주차장,"교통,수송 > 교통시설 > 주차장",PK6,제주특별자치도 제주시 한림읍 옹포리 578-1,제주특별자치도 제주시 한림읍 옹포1길 24,,http://place.map.kakao.com/2037318755,33.4038469,126.2516484
514167812,와인피부과의원 주차장,"교통,수송 > 교통시설 > 주차장",PK6,제주특별자치도 제주시 노형동 103-1,,,http://place.map.kakao.com/514167812,33.4701830,126.4853159
514246047,와인피부과의원 주차장입구,"교통,수송 > 입출구",,제주특별자치도 제주시 노형동 103-4,,,http://place.map.kakao.com/514246047,33.4702863,126.4849969
2016774028,와흘메밀마을 주차장,"교통,수송 > 교통시설 > 주차장",PK6,제주특별자치도 제주시 조천읍 와흘리 362-16,,,http://place.map.kakao.com/2016774028,33.4827008,126.6531712
1242145794,외도339 주차장,"교통,수송 > 교통시설 > 주차장",PK6,제주특별자치도 제주시 외도이동 339,,,http://place.map.kakao.com/1242145794,33.4934456,126.4317958
20581137,외도구획정리지구 공영 주차장,"교통,수송 > 교통시설 > 주차장 > 공영주차장",PK6,제주특별자치도 제주시 외도일동 530-4,제주특별자치도 제주시 우정로15길 42-7,,http://place.map.kakao.com/20581137,33.4885271,126.4334946
20581129,외도구획정리지구 공영주차장,"교통,수송 > 교통시설 > 주차장 > 공영주차장",PK6,제주특별자치도 제주시 외도일동 417-6,,,http://place.map.kakao.com/20581129,33.4915115,126.4299888
20581132,외도구획정리지구 공영주차장,"교통,수송 > 교통시설 > 주차장 > 공영주차장",PK6,제주특별자치도 제주시 외도일동 453-1,,,http://place.map.kakao.com/20581132,33.4912701,126.4339718
20581133,외도구획정리지구 공영주차장,"교통,수송 > 교통시설 > 주차장 > 공영주차장",PK6,제주특별자치도 제주시 외도일동 482-1,,,http://place.map.kakao.com/20581133,33.4899257,126.4325731
20581145,외도구획정리지구 공영주차장,"교통,수송 > 교통시설 > 주차장 > 공영주차장",PK6,제주특별자치도 제주시 외도이동 233-8,,,http://place.map.kakao.com/20581145,33.4929797,126.4326339
20591342,외도구획정리지구 복공영주차장,"교통,수송 > 교통시설 > 주차장 > 공영주차장",PK6,제주특별자치도 제주시 외도일동 497-16,,,http://place.map.kakao.com/20591342,33.4877053,126.4296652
2032765569,외도구획정리지구1 공영주차장 전기차충전소,"교통,수송 > 자동차 > 전기차 충전소",,제주특별자치도 제주시 외도일동 440-7,,,http://place.map.kakao.com/2032765569,33.4903899,126.4284177
1119834799,외도구획정리지구공영주차장 전기차충전소,"교통,수송 > 자동차 > 전기차 충전소",,제주특별자치도 제주시 외도일동 482-2,제주특별자치도 제주시 우정로5길 22,,http://place.map.kakao.com/1119834799,33.4900143,126.4332127
1289871985,외도구획정리지구공영주차장 전기차충전소,"교통,수송 > 자동차 > 전기차 충전소",,제주특별자치도 제주시 외도일동 448-3,,1899-8852,http://place.map.kakao.com/1289871985,33.4917526,126.4322362
337624816,외도동 공영주차장 전기차충전소,"교통,수송 > 자동차 > 전기차 충전소",,제주특별자치도 제주시 외도일동 497-15,제주특별자치도 제주시 우령안1길 11,1899-8852,http://place.map.kakao.com/337624816,33.4876759,126.4297385
697405013,외도동 제1공영주차장 전기차충전소,"교통,수송 > 자동차 > 전기차 충전소",,제주특별자치도 제주시 외도일동 559-2,제주특별자치도 제주시 우령2길 29-5,,http://place.map.kakao.com/697405013,33.4867197,126.4317838
20581134,외도동무료공영주차장,"교통,수송 > 교통시설 > 주차장 > 공영주차장",PK6,제주특별자치도 제주시 외도일동 493-1,,,http://place.map.kakao.com/20581134,33.4886338,126.4284496
20581140,외도동무료주차장,"교통,수송 > 교통시설 > 주차장 > 공영주차장",PK6,제주특별자치도 제주시 외도일동 632-7,,,http://place.map.kakao.com/20581140,33.4857207,126.4286323
20581139,외도동제1공영주차장,"교통,수송 > 교통시설 > 주차장 > 공영주차장",PK6,제주특별자치도 제주시 외도일동 559-1,,,http://place.map.kakao.com/20581139,33.4867222,126.4317418
308547220,외도일동 440-7 공영주차장,"교통,수송 > 교통시설 > 주차장 > 공영주차장",PK6,제주특별자치도 제주시 외도일동 440-7,,,http://place.map.kakao.com/308547220,33.4906032,126.4285314
20581131,외도일동 448-3 공영주차장,"교통,수송 > 교통시설 > 주차장 > 공영주차장",PK6,제주특별자치도 제주시 외도일동 448-3,,,http://place.map.kakao.com/20581131,33.4917416,126.4321868
20580775,외돌개주차장,"교통,수송 > 교통시설 > 주차장",PK6,제주특별자치도 서귀포시 서홍동 780-1,,,http://place.map.kakao.com/20580775,33.2412292,126.5475494
26220788,외돌개주차장휴게소,"가정,생활 > 슈퍼마켓",,제주특별자치도 서귀포시 서홍동 784-3,제주특별자치도 서귀포시 남성로 56,,http://place.map.kakao.com/26220788,33.2410008,126.5464980
1923356857,용눈이오름 주차장,"교통,수송 > 교통시설 > 주차장",PK6,제주특별자치도 제주시 구좌읍 종달리 4650,,,http://place.map.kakao.com/1923356857,33.4630705,126.8316087
1386570834,용담3동주차장,"교통,수송 > 교통시설 > 주차장 > 공영주차장",PK6,제주특별자치도 제주시 용담삼동 2396-10,,,http://place.map.kakao.com/1386570834,33.5183674,126.4885225
18039490,용담레포츠공원 주차장,"교통,수송 > 교통시설 > 주차장",PK6,제주특별자치도 제주시 용담삼동 1071,,,http://place.map.kakao.com/18039490,33.5176701,126.4996864
1189403063,용담로18길 공영주차장,"교통,수송 > 교통시설 > 주차장 > 공영주차장",PK6,제주특별자치도 제주시 용담일동 244-10,,,http://place.map.kakao.com/1189403063,33.5088529,126.5133410
304293339,용담밭담 주차장,"교통,수송 > 교통시설 > 주차장",PK6,제주특별자치도 제주시 용담이동 2631-1,,,http://place.map.kakao.com/304293339,33.5010338,126.5102553
1571925959,용담삼동공영주차장,"교통,수송 > 교통시설 > 주차장 > 공영주차장",PK6,제주특별자치도 제주시 용담삼동 1221,,,http://place.map.kakao.com/1571925959,33.5173176,126.4992525
578131576,용담삼동공영주차장 전기차충전소,"교통,수송 > 자동차 > 전기차 충전소",,제주특별자치도 제주시 용담삼동 1210-5,제주특별자치도 제주시 어영길 64-12,,http://place.map.kakao.com/578131576,33.5174893,126.4984539
20519717,용담삼동주차장,"교통,수송 > 교통시설 > 주차장",PK6,제주특별자치도 제주시 용담삼동 951-12,,,http://place.map.kakao.com/20519717,33.5133635,126.5031166
717911716,용담성화지구 공영주차장,"교통,수송 > 교통시설 > 주차장 > 공영주차장",PK6,제주특별자치도 제주시 용담이동 928-31,,,http://place.map.kakao.com/717911716,33.5122681,126.5042465
973481658,용담이동 공영주차장 전기차충전소,"교통,수송 > 자동차 > 전기차 충전소",,제주특별자치도 제주시 용담이동 2690-20,제주특별자치도 제주시 용문로12길 26,,http://place.map.kakao.com/973481658,33.5048219,126.5103922
1536835490,용담이동 무료 주차장,"교통,수송 > 교통시설 > 주차장 > 공영주차장",PK6,제주특별자치도 제주시 용담이동 2686-7,,,http://place.map.kakao.com/1536835490,33.5057553,126.5106807
20581176,용담이동무료주차장,"교통,수송 > 교통시설 > 주차장 > 공영주차장",PK6,제주특별자치도 제주시 용담이동 2690-19,,,http://place.map.kakao.com/20581176,33.5048346,126.5104104
955600583,용담이동주민센터맞은편주차장,"교통,수송 > 교통시설 > 주차장 > 공영주차장",PK6,제주특별자치도 제주시 용담이동 358-12,,,http://place.map.kakao.com/955600583,33.5116253,126.5121976
579066730,용담해안도로 주차장,"교통,수송 > 교통시설 > 주차장",PK6,제주특별자치도 제주시 용담삼동 2396-8,,,http://place.map.kakao.com/579066730,33.5185670,126.4883814
2038457456,용두암 공영주차장 전기차충전소,"교통,수송 > 자동차 > 전기차 충전소",,제주특별자치도 제주시 용담이동 483,제주특별자치도 제주시 용두암길 15,1661-9408,http://place.map.kakao.com/2038457456,33.5147827,126.5115330
20519729,용두암공영주차장,"교통,수송 > 교통시설 > 주차장 > 공영주차장",PK6,제주특별자치도 제주시 용담이동 483,제주특별자치도 제주시 용두암길 15,,http://place.map.kakao.com/20519729,33.5149139,126.5121145
1457119579,용두암엄마해장국 주차장,"교통,수송 > 교통시설 > 주차장",PK6,제주특별자치도 제주시 용담삼동 531-1,,,http://place.map.kakao.com/1457119579,33.5153084,126.5063184
2088595174,용두암오메기떡 주차장,"교통,수송 > 교통시설 > 주차장",PK6,제주특별자치도 제주시 용담이동 603-121,제주특별자치도 제주시 용담로7길 6,,http://place.map.kakao.com/2088595174,33.5129630,126.5105541
20519739,용머리해안 공영주차장,"교통,수송 > 교통시설 > 주차장 > 공영주차장",PK6,제주특별자치도 서귀포시 안덕면 사계리 118-3,제주특별자치도 서귀포시 안덕면 사계남로216번길 28,,http://place.map.kakao.com/20519739,33.2337940,126.3108984
1189849451,용화마을공영주차장,"교통,수송 > 교통시설 > 주차장 > 공영주차장",PK6,제주특별자치도 제주시 용담이동 655-2,,,http://place.map.kakao.com/1189849451,33.5076005,126.5067227
18119236,우당도서관 주차장,"교통,수송 > 교통시설 > 주차장",PK6,제주특별자치도 제주시 건입동 318,제주특별자치도 제주시 사라봉동길 30,,http://place.map.kakao.com/18119236,33.5149213,126.5482966
848701173,우도도항선선착장 공영주차장,"교통,수송 > 교통시설 > 주차장 > 공영주차장",PK6,제주특별자치도 제주시 구좌읍 종달리 484-6,,,http://place.map.kakao.com/848701173,33.4968081,126.9111067
20580940,우도면 노외공영주차장,"교통,수송 > 교통시설 > 주차장 > 공영주차장",PK6,제주특별자치도 제주시 우도면 연평리 317-1,,,http://place.map.kakao.com/20580940,33.4974058,126.9683445
1744551779,우도박물관 주차장,"교통,수송 > 교통시설 > 주차장",PK6,제주특별자치도 제주시 우도면 연평리 1457,제주특별자치도 제주시 우도면 우도로 163,,http://place.map.kakao.com/1744551779,33.5079716,126.9537250
27487565,우도올레펜션 주차장1,"교통,수송 > 교통시설 > 주차장",PK6,제주특별자치도 제주시 우도면 연평리 781-2,제주특별자치도 제주시 우도면 전흘길 40,,http://place.map.kakao.com/27487565,33.5222850,126.9526624
27487567,우도올레펜션 주차장2,"교통,수송 > 교통시설 > 주차장",PK6,제주특별자치도 제주시 우도면 연평리 781-6,제주특별자치도 제주시 우도면 전흘길 40,,http://place.map.kakao.com/27487567,33.5216613,126.9531838
20519827,우도자연주차장,"교통,수송 > 교통시설 > 주차장",PK6,제주특별자치도 제주시 우도면 연평리 796,,,http://place.map.kakao.com/20519827,33.5242144,126.9524203
1227380772,우동카덴 주차장,"교통,수송 > 교통시설 > 주차장",PK6,제주특별자치도 제주시 조천읍 교래리 550-1,,,http://place.map.kakao.com/1227380772,33.4357081,126.6792175
126472371,우리들마트 주차장,"교통,수송 > 교통시설 > 주차장",PK6,제주특별자치도 서귀포시 대정읍 하모리 1293,,,http://place.map.kakao.com/126472371,33.2291528,126.2482081
990748391,울트라마린 주차장,"교통,수송 > 교통시설 > 주차장",PK6,제주특별자치도 제주시 한경면 판포리 1611-3,,,http://place.map.kakao.com/990748391,33.3695281,126.2062593
494776443,웅전 공영주차장,"교통,수송 > 교통시설 > 주차장 > 공영주차장",PK6,제주특별자치도 제주시 노형동 2517-1,,,http://place.map.kakao.com/494776443,33.4825153,126.4718799
1258951183,웅전공영주차장 전기차충전소,"교통,수송 > 자동차 > 전기차 충전소",,제주특별자치도 제주시 노형동 2515-2,제주특별자치도 제주시 수덕5길 71-1,1899-2100,http://place.map.kakao.com/1258951183,33.4826204,126.4720019
300515087,웅전공영주차장 전기차충전소,"교통,수송 > 자동차 > 전기차 충전소",,제주특별자치도 제주시 노형동 2517-1,,,http://place.map.kakao.com/300515087,33.4827171,126.4718496
822891231,웅전공영주차장 전기차충전소,"교통,수송 > 자동차 > 전기차 충전소",,제주특별자치도 제주시 노형동 2517-1,,,http://place.map.kakao.com/822891231,33.4825144,126.4718778
1738903001,워터 제주 광역해상교통관제센터주차장 전기차충전소,"교통,수송 > 자동차 > 전기차 충전소",,제주특별자치도 제주시 건입동 908-1,제주특별자치도 제주시 임항로 191,,http://place.map.kakao.com/1738903001,33.5271485,126.5435826
1751070697,워터 제주 김녕리공영주차장 전기차충전소,"교통,수송 > 자동차 > 전기차 충전소",,제주특별자치도 제주시 구좌읍 김녕리 486-2,,,http://place.map.kakao.com/1751070697,33.5586787,126.7631518
1738955923,워터 제주 동백동산탐방안내소주차장 전기차충전소,"교통,수송 > 자동차 > 전기차 충전소",,제주특별자치도 제주시 조천읍 선흘리 924,제주특별자치도 제주시 조천읍 동백로 77,,http://place.map.kakao.com/1738955923,33.5096137,126.7151296
20282172,원노형 푸른 제1공영주차장,"교통,수송 > 교통시설 > 주차장 > 공영주차장",PK6,제주특별자치도 제주시 노형동 710-4,,,http://place.map.kakao.com/20282172,33.4824028,126.4845507
676993685,원노형 푸른 제1공영주차장 전기차충전소,"교통,수송 > 자동차 > 전기차 충전소",,제주특별자치도 제주시 노형동 710-4,제주특별자치도 제주시 원노형남2길 34,,http://place.map.kakao.com/676993685,33.4823377,126.4845124
395685750,원노형 푸른 제2공영주차장,"교통,수송 > 교통시설 > 주차장 > 공영주차장",PK6,제주특별자치도 제주시 노형동 767,,,http://place.map.kakao.com/395685750,33.4811710,126.4825676
20595326,원노형푸른 제3공영주차장,"교통,수송 > 교통시설 > 주차장 > 공영주차장",PK6,제주특별자치도 제주시 노형동 740-2,,,http://place.map.kakao.com/20595326,33.4792116,126.4816325
454827211,원노형푸른 제4공영주차장,"교통,수송 > 교통시설 > 주차장 > 공영주차장",PK6,제주특별자치도 제주시 노형동 751,,,http://place.map.kakao.com/454827211,33.4778565,126.4797104
20580927,원노형푸른 제5공영주차장,"교통,수송 > 교통시설 > 주차장 > 공영주차장",PK6,제주특별자치도 제주시 노형동 736,,,http://place.map.kakao.com/20580927,33.4788919,126.4797860
202059757,월드컵경기장 인근 공영주차장 전기차충전소,"교통,수송 > 자동차 > 전기차 충전소",,제주특별자치도 서귀포시 법환동 870,,,http://place.map.kakao.com/202059757,33.2481054,126.5121075
1242876590,월라봉 입구 주차장,"교통,수송 > 교통시설 > 주차장",PK6,제주특별자치도 서귀포시 안덕면 감산리 1903,,,http://place.map.kakao.com/1242876590,33.2394805,126.3444302
395317512,월랑마을 제1공영주차장,"교통,수송 > 교통시설 > 주차장 > 공영주차장",PK6,제주특별자치도 제주시 노형동 1280-4,,,http://place.map.kakao.com/395317512,33.4869275,126.4786469
20580906,월랑마을 제2공영주차장,"교통,수송 > 교통시설 > 주차장 > 공영주차장",PK6,제주특별자치도 제주시 노형동 1289-4,,,http://place.map.kakao.com/20580906,33.4867464,126.4788901
1813922055,월정리 공영주차장,"교통,수송 > 교통시설 > 주차장 > 공영주차장",PK6,제주특별자치도 제주시 구좌읍 월정리 555-4,,,http://place.map.kakao.com/1813922055,33.5572749,126.7944140
20562723,월정사 주차장,"교통,수송 > 교통시설 > 주차장",PK6,제주특별자치도 제주시 오라이동 656-2,제주특별자치도 제주시 아연로 216-5,,http://place.map.kakao.com/20562723,33.4669697,126.5109117
781262996,월정스캔들빌딩 주차장,"교통,수송 > 교통시설 > 주차장",PK6,제주특별자치도 제주시 구좌읍 행원리 1518-2,,,http://place.map.kakao.com/781262996,33.5563875,126.8014448
459561778,위더스제주,"교통,수송 > 교통시설 > 주차장",PK6,제주특별자치도 제주시 노형동 937-13,,064-725-5000,http://place.map.kakao.com/459561778,33.4836272,126.4843541
1697822973,위미농협 하나로마트 주차장,"교통,수송 > 교통시설 > 주차장",PK6,제주특별자치도 서귀포시 남원읍 위미리 2855-2,,,http://place.map.kakao.com/1697822973,33.2750380,126.6616446
1821198923,위미출장소 옆 공영주차장,"교통,수송 > 교통시설 > 주차장 > 공영주차장",PK6,제주특별자치도 서귀포시 남원읍 위미리 2892,,,http://place.map.kakao.com/1821198923,33.2748784,126.6586870
27432460,위호텔 주차장,"교통,수송 > 교통시설 > 주차장",PK6,제주특별자치도 서귀포시 회수동 30,제주특별자치도 서귀포시 1100로 453-95,,http://place.map.kakao.com/27432460,33.2855504,126.4453729
20591128,유경주차장,"교통,수송 > 교통시설 > 주차장",PK6,제주특별자치도 제주시 일도이동 982-7,,,http://place.map.kakao.com/20591128,33.5135921,126.5360334
1195595738,유니클로 이도점 주차장,"교통,수송 > 교통시설 > 주차장",PK6,제주특별자치도 제주시 이도이동 1996-1,제주특별자치도 제주시 구남로8길 1,,http://place.map.kakao.com/1195595738,33.4913578,126.5364835
1794212262,유드림마트 함덕점 주차장,"교통,수송 > 교통시설 > 주차장",PK6,제주특별자치도 제주시 조천읍 함덕리 1002-6,,,http://place.map.kakao.com/1794212262,33.5411093,126.6687952
607834932,유리네 제2주차장,"교통,수송 > 교통시설 > 주차장",PK6,제주특별자치도 제주시 연동 435-1,제주특별자치도 제주시 연북로 152-1,,http://place.map.kakao.com/607834932,33.4811261,126.4977275
606822365,유리네 주차장,"교통,수송 > 교통시설 > 주차장",PK6,제주특별자치도 제주시 연동 427-1,제주특별자치도 제주시 연북로 146,,http://place.map.kakao.com/606822365,33.4814986,126.4970830
17582345,유리의성 주차장,"교통,수송 > 교통시설 > 주차장",PK6,제주특별자치도 제주시 한경면 저지리 3135-1,제주특별자치도 제주시 한경면 녹차분재로 462,,http://place.map.kakao.com/17582345,33.3141738,126.2725125
2036968299,유어제주 지상주차장 전기차충전소,"교통,수송 > 자동차 > 전기차 충전소",,제주특별자치도 서귀포시 남원읍 태흥리 206-1,제주특별자치도 서귀포시 남원읍 태신삼석로91번길 6,,http://place.map.kakao.com/2036968299,33.3005330,126.7525630
502598499,유진제주유료주차장,"교통,수송 > 교통시설 > 주차장",PK6,제주특별자치도 제주시 이도이동 1779-2,,,http://place.map.kakao.com/502598499,33.4995446,126.5272453
20590553,은아주차장,"교통,수송 > 교통시설 > 주차장",PK6,제주특별자치도 제주시 일도일동 1280-14,,,http://place.map.kakao.com/20590553,33.5146571,126.5248985
18555053,은혜교회주차장,"교통,수송 > 교통시설 > 주차장 > 공영주차장",PK6,제주특별자치도 제주시 애월읍 하귀1리 235-4,,,http://place.map.kakao.com/18555053,33.4819273,126.4133060
780424237,은희네해장국 2호점 주차장,"교통,수송 > 교통시설 > 주차장",PK6,제주특별자치도 제주시 연동 460-1,,,http://place.map.kakao.com/780424237,33.4814025,126.4998702
991741657,은희네해장국 서귀포점 주차장,"교통,수송 > 교통시설 > 주차장",PK6,제주특별자치도 서귀포시 토평동 1001-7,,,http://place.map.kakao.com/991741657,33.2605540,126.5821241
1923432106,읍사무소옆 공영주차장,"교통,수송 > 교통시설 > 주차장 > 공영주차장",PK6,제주특별자치도 서귀포시 성산읍 고성리 1022,,,http://place.map.kakao.com/1923432106,33.4425785,126.9114771
1469039772,의귀교회 인근 공영주차장 전기차충전소,"교통,수송 > 자동차 > 전기차 충전소",,제주특별자치도 서귀포시 남원읍 의귀리 1515,,1899-8852,http://place.map.kakao.com/1469039772,33.3117516,126.7133736
20580656,의귀초등학교 주차장,"교통,수송 > 교통시설 > 주차장",PK6,제주특별자치도 서귀포시 남원읍 의귀리 1483-3,제주특별자치도 서귀포시 남원읍 한신로 213,,http://place.map.kakao.com/20580656,33.3100562,126.7140192
20581196,이도1동 주차장,"교통,수송 > 교통시설 > 주차장",PK6,제주특별자치도 제주시 이도일동 1698-2,,,http://place.map.kakao.com/20581196,33.5084936,126.5257889
1066236218,이도2동 공영주차장,"교통,수송 > 교통시설 > 주차장 > 공영주차장",PK6,제주특별자치도 제주시 이도이동 1052-2,제주특별자치도 제주시 오복3길 9,,http://place.map.kakao.com/1066236218,33.4967354,126.5349310
89397553,이도2동 공영주차장 전기차충전소,"교통,수송 > 자동차 > 전기차 충전소",,제주특별자치도 제주시 이도이동 1052-2,제주특별자치도 제주시 오복3길 9,1899-2100,http://place.map.kakao.com/89397553,33.4967789,126.5349868
264502788,이도2동 중앙공영주차장,"교통,수송 > 교통시설 > 주차장 > 공영주차장",PK6,제주특별자치도 제주시 이도이동 1982-15,,,http://place.map.kakao.com/264502788,33.4889751,126.5404021
454506608,이도2동공영주차장 전기차충전소,"교통,수송 > 자동차 > 전기차 충전소",,제주특별자치도 제주시 이도이동 1063-14,,,http://place.map.kakao.com/454506608,33.4963428,126.5369885
20591317,이도2동무료주차장,"교통,수송 > 교통시설 > 주차장",PK6,제주특별자치도 제주시 도남동 703-8,,,http://place.map.kakao.com/20591317,33.4891477,126.5226146
1964303013,이도2동주차장,"교통,수송 > 교통시설 > 주차장 > 공영주차장",PK6,제주특별자치도 제주시 이도이동 1963-7,,,http://place.map.kakao.com/1964303013,33.4929514,126.5453590
640770752,이도2동주차장,"교통,수송 > 교통시설 > 주차장 > 공영주차장",PK6,제주특별자치도 제주시 이도이동 1954-4,,,http://place.map.kakao.com/640770752,33.4942345,126.5471342
1020826321,이도2지구 공영주차장,"교통,수송 > 교통시설 > 주차장 > 공영주차장",PK6,제주특별자치도 제주시 이도이동 1994-1,,,http://place.map.kakao.com/1020826321,33.4927284,126.5386972
1469714489,이도2지구 공영주차장,"교통,수송 > 교통시설 > 주차장 > 공영주차장",PK6,제주특별자치도 제주시 이도이동 1945-6,,,http://place.map.kakao.com/1469714489,33.4946588,126.5448034
1643685441,이도2지구 공영주차장,"교통,수송 > 교통시설 > 주차장 > 공영주차장",PK6,제주특별자치도 제주시 이도이동 2008-1,,,http://place.map.kakao.com/1643685441,33.4892380,126.5378678
1697742242,이도2지구 공영주차장,"교통,수송 > 교통시설 > 주차장 > 공영주차장",PK6,제주특별자치도 제주시 이도이동 1999-1,,,http://place.map.kakao.com/1697742242,33.4903903,126.5364499
1916683840,이도2지구 공영주차장,"교통,수송 > 교통시설 > 주차장 > 공영주차장",PK6,제주특별자치도 제주시 이도이동 1968-5,,,http://place.map.kakao.com/1916683840,33.4944580,126.5421853
1963442335,이도2지구 공영주차장,"교통,수송 > 교통시설 > 주차장 > 공영주차장",PK6,제주특별자치도 제주시 이도이동 1998-9,,,http://place.map.kakao.com/1963442335,33.4901549,126.5352159
2036102676,이도2지구 공영주차장,"교통,수송 > 교통시설 > 주차장 > 공영주차장",PK6,제주특별자치도 제주시 아라이동 3013-11,,,http://place.map.kakao.com/2036102676,33.4920239,126.5422346
20581217,이도2지구 공영주차장,"교통,수송 > 교통시설 > 주차장 > 공영주차장",PK6,제주특별자치도 제주시 이도이동 2040-2,,,http://place.map.kakao.com/20581217,33.4872127,126.5334626
47311034,이도2지구 공영주차장,"교통,수송 > 교통시설 > 주차장 > 공영주차장",PK6,제주특별자치도 제주시 이도이동 2017-1,,,http://place.map.kakao.com/47311034,33.4884073,126.5385135
558628705,이도2지구 공영주차장,"교통,수송 > 교통시설 > 주차장 > 공영주차장",PK6,제주특별자치도 제주시 이도이동 2003-7,,,http://place.map.kakao.com/558628705,33.4886579,126.5361019
764415121,이도2지구 공영주차장,"교통,수송 > 교통시설 > 주차장 > 공영주차장",PK6,제주특별자치도 제주시 아라이동 3013-1,,,http://place.map.kakao.com/764415121,33.4928755,126.5413994
1037457404,이도2지구 노외공영주차장,"교통,수송 > 교통시설 > 주차장 > 공영주차장",PK6,제주특별자치도 제주시 이도이동 1960-3,,,http://place.map.kakao.com/1037457404,33.4938969,126.5455348
1266655577,이도2지구공영주차장 전기차충전소,"교통,수송 > 자동차 > 전기차 충전소",,제주특별자치도 제주시 이도이동 1992-7,,1899-8852,http://place.map.kakao.com/1266655577,33.4916433,126.5378518
20562928,이도월드하우스 주차장,"교통,수송 > 교통시설 > 주차장",PK6,제주특별자치도 제주시 이도이동 1034-1,제주특별자치도 제주시 고산동산1길 2,,http://place.map.kakao.com/20562928,33.4971247,126.5320062
616100787,이도이동 2003-13 공영주차장,"교통,수송 > 교통시설 > 주차장 > 공영주차장",PK6,제주특별자치도 제주시 이도이동 2003-13,,,http://place.map.kakao.com/616100787,33.4891957,126.5354868
1132050772,이도이동 2021-12 공영주차장,"교통,수송 > 교통시설 > 주차장 > 공영주차장",PK6,제주특별자치도 제주시 이도이동 2021-12,,,http://place.map.kakao.com/1132050772,33.4864657,126.5374220
1734175688,이도이동 2035-10 공영주차장,"교통,수송 > 교통시설 > 주차장 > 공영주차장",PK6,제주특별자치도 제주시 이도이동 2035-10,,,http://place.map.kakao.com/1734175688,33.4886746,126.5328608
2029782856,이도이동 417-4 공영주차장,"교통,수송 > 교통시설 > 주차장 > 공영주차장",PK6,제주특별자치도 제주시 이도이동 417-4,,,http://place.map.kakao.com/2029782856,33.4998997,126.5440528
1260584827,이도이동 공영주차장,"교통,수송 > 교통시설 > 주차장 > 공영주차장",PK6,제주특별자치도 제주시 이도이동 2029-12,,,http://place.map.kakao.com/1260584827,33.4871713,126.5346884
1693472373,이도이동 무료 주차장,"교통,수송 > 교통시설 > 주차장 > 공영주차장",PK6,제주특별자치도 제주시 도남동 374,,,http://place.map.kakao.com/1693472373,33.4796201,126.5236696
206903777,이도이동 무료 주차장,"교통,수송 > 교통시설 > 주차장 > 공영주차장",PK6,제주특별자치도 제주시 이도이동 1909-74,제주특별자치도 제주시 독짓골8길 57,,http://place.map.kakao.com/206903777,33.4896425,126.5313191
362332636,이도이동 무료주차장,"교통,수송 > 교통시설 > 주차장 > 공영주차장",PK6,제주특별자치도 제주시 이도이동 2026-9,,,http://place.map.kakao.com/362332636,33.4868688,126.5350483
2110277873,이도이동 복층화 공영주차장 전기차충전소,"교통,수송 > 자동차 > 전기차 충전소",,제주특별자치도 제주시 이도이동 1052-2,제주특별자치도 제주시 오복3길 9,1899-8852,http://place.map.kakao.com/2110277873,33.4968042,126.5349866
126693725,이도이동2030-4 공영주차장,"교통,수송 > 교통시설 > 주차장 > 공영주차장",PK6,제주특별자치도 제주시 이도이동 2030-5,,,http://place.map.kakao.com/126693725,33.4882749,126.5339853
1658167114,이도이동공영주차장,"교통,수송 > 교통시설 > 주차장 > 공영주차장",PK6,제주특별자치도 제주시 이도이동 1982-3,,,http://place.map.kakao.com/1658167114,33.4904608,126.5428110
1278729187,이도이동노외공영주차장 전기차충전소,"교통,수송 > 자동차 > 전기차 충전소",,제주특별자치도 제주시 이도이동 1982-3,,1899-8852,http://place.map.kakao.com/1278729187,33.4904383,126.5428176
990293152,이도이동무료주차장,"교통,수송 > 교통시설 > 주차장 > 공영주차장",PK6,제주특별자치도 제주시 도남동 910-1,제주특별자치도 제주시 도남로 30,,http://place.map.kakao.com/990293152,33.4974001,126.5257116
20581197,이도일동 공영주차장,"교통,수송 > 교통시설 > 주차장 > 공영주차장",PK6,제주특별자치도 제주시 이도일동 1704-6,,,http://place.map.kakao.com/20581197,33.5072481,126.5254340
1245687419,이도일동 무료 주차장,"교통,수송 > 교통시설 > 주차장 > 공영주차장",PK6,제주특별자치도 제주시 이도일동 1555-25,,,http://place.map.kakao.com/1245687419,33.5087290,126.5269973
435608383,이도주공남측공영주차장,"교통,수송 > 교통시설 > 주차장 > 공영주차장",PK6,제주특별자치도 제주시 이도이동 1028-1,,,http://place.map.kakao.com/435608383,33.4916384,126.5350885
1226578965,이레하이텔오피스텔 주차장,"교통,수송 > 교통시설 > 주차장",PK6,제주특별자치도 제주시 노형동 711-2,제주특별자치도 제주시 연북로 12,,http://place.map.kakao.com/1226578965,33.4816692,126.4824678
1103579754,이마트 서귀포점(지상2층주차장) 전기차충전소,"교통,수송 > 자동차 > 전기차 충전소",,제주특별자치도 서귀포시 법환동 847-2,,1566-1704,http://place.map.kakao.com/1103579754,33.2481086,126.5074344
1990771265,이마트 신제주점 (지상5층주차장) 전기차충전소,"교통,수송 > 자동차 > 전기차 충전소",,제주특별자치도 제주시 노형동 950,,1566-1704,http://place.map.kakao.com/1990771265,33.4847081,126.4808799
14652326,이마트 신제주점 야외주차장,"교통,수송 > 교통시설 > 주차장",PK6,제주특별자치도 제주시 노형동 3783-4,,,http://place.map.kakao.com/14652326,33.4839562,126.4800118
1934589652,이마트 신제주점 주차장,"교통,수송 > 교통시설 > 주차장",PK6,제주특별자치도 제주시 노형동 919,제주특별자치도 제주시 1100로 3348,,http://place.map.kakao.com/1934589652,33.4846642,126.4807145
20562947,이마트 제주점 야외주차장,"교통,수송 > 교통시설 > 주차장",PK6,제주특별자치도 제주시 삼도이동 1258,,,http://place.map.kakao.com/20562947,33.5185198,126.5212413
1906058986,이마트 제주점 주차장,"교통,수송 > 교통시설 > 주차장",PK6,제주특별자치도 제주시 삼도이동 1259,제주특별자치도 제주시 탑동로 38,,http://place.map.kakao.com/1906058986,33.5180500,126.5209748
794113071,이마트 제주점(야외1층주차장) 전기차충전소,"교통,수송 > 자동차 > 전기차 충전소",,제주특별자치도 제주시 삼도이동 1258,제주특별자치도 제주시 탑동로6길 10,1566-1704,http://place.map.kakao.com/794113071,33.5183745,126.5218890
27268742,이마트서귀포점 주차장,"교통,수송 > 교통시설 > 주차장",PK6,제주특별자치도 서귀포시 법환동 841-2,제주특별자치도 서귀포시 일주동로 9209,,http://place.map.kakao.com/27268742,33.2482484,126.5079186
82486539,이스트포레스트 주차장,"교통,수송 > 교통시설 > 주차장",PK6,제주특별자치도 제주시 구좌읍 종달리 1027,,,http://place.map.kakao.com/82486539,33.4959765,126.8989205
890274520,이승악탐방휴게소 주차장,"교통,수송 > 교통시설 > 주차장",PK6,제주특별자치도 서귀포시 남원읍 신례리 산 12-19,,,http://place.map.kakao.com/890274520,33.3157326,126.6305123
17574217,이중섭미술관 주차장,"교통,수송 > 교통시설 > 주차장",PK6,제주특별자치도 서귀포시 서귀동 550,,,http://place.map.kakao.com/17574217,33.2452225,126.5649997
1539006274,이춘옥고등어쌈밥 주차장,"교통,수송 > 교통시설 > 주차장",PK6,제주특별자치도 제주시 애월읍 하귀1리 276-1,,,http://place.map.kakao.com/1539006274,33.4885917,126.4178621
20580894,이춘옥원조쌈밥 투썸플레이스 전용주차장,"교통,수송 > 교통시설 > 주차장",PK6,제주특별자치도 제주시 애월읍 하귀1리 304-3,,,http://place.map.kakao.com/20580894,33.4887011,126.4177344
17578246,이호운동장 주차장,"교통,수송 > 교통시설 > 주차장",PK6,제주특별자치도 제주시 이호이동 1198,,,http://place.map.kakao.com/17578246,33.4862505,126.4574521
1692633721,이호테우등대 주차장,"교통,수송 > 교통시설 > 주차장",PK6,제주특별자치도 제주시 이호일동 374-4,,,http://place.map.kakao.com/1692633721,33.5019712,126.4530730
1862353166,이호해수욕장 남측 공영주차장(제주) 전기차충전소,"교통,수송 > 자동차 > 전기차 충전소",,제주특별자치도 제주시 이호일동 1667-1,제주특별자치도 제주시 테우해안로 174,,http://place.map.kakao.com/1862353166,33.4963162,126.4520056
888973762,인디언썸머 주차장,"교통,수송 > 교통시설 > 주차장",PK6,제주특별자치도 제주시 애월읍 애월리 2127-10,,,http://place.map.kakao.com/888973762,33.4633368,126.3149361
1693486416,인제 공영주차장 공중화장실,"가정,생활 > 화장실",,제주특별자치도 제주시 일도이동 409-11,제주특별자치도 제주시 고마로19길 5,,http://place.map.kakao.com/1693486416,33.5048290,126.5419283
20563033,인제공영주차장,"교통,수송 > 교통시설 > 주차장 > 공영주차장",PK6,제주특별자치도 제주시 일도이동 409-11,제주특별자치도 제주시 고마로19길 5,,http://place.map.kakao.com/20563033,33.5048362,126.5419347
1753728040,인제공영주차장 전기차충전소,"교통,수송 > 자동차 > 전기차 충전소",,제주특별자치도 제주시 일도이동 409-11,제주특별자치도 제주시 고마로19길 5,1899-8852,http://place.map.kakao.com/1753728040,33.5048163,126.5419252
1166139942,일도2동 공영주차장,"교통,수송 > 교통시설 > 주차장 > 공영주차장",PK6,제주특별자치도 제주시 일도이동 984-3,,,http://place.map.kakao.com/1166139942,33.5121950,126.5366092
2084807788,일도2동 공영주차장,"교통,수송 > 교통시설 > 주차장 > 공영주차장",PK6,제주특별자치도 제주시 일도이동 1029-96,,,http://place.map.kakao.com/2084807788,33.5101382,126.5305456
25972292,일도2동공용무료주차장,"교통,수송 > 교통시설 > 주차장 > 공영주차장",PK6,제주특별자치도 제주시 일도이동 504,,,http://place.map.kakao.com/25972292,33.5111521,126.5451777
2025240714,일도이동 152-41 공영주차장,"교통,수송 > 교통시설 > 주차장 > 공영주차장",PK6,제주특별자치도 제주시 일도이동 152-41,,,http://place.map.kakao.com/2025240714,33.5117211,126.5417822
667554016,일도이동 55-8 공영주차장,"교통,수송 > 교통시설 > 주차장 > 공영주차장",PK6,제주특별자치도 제주시 일도이동 55-8,,,http://place.map.kakao.com/667554016,33.5028481,126.5446045
1423209277,일도이동 무료 주차장,"교통,수송 > 교통시설 > 주차장 > 공영주차장",PK6,제주특별자치도 제주시 일도이동 510-2,,,http://place.map.kakao.com/1423209277,33.5113955,126.5437127
1333423139,일도이동1032-4 공영주차장,"교통,수송 > 교통시설 > 주차장 > 공영주차장",PK6,제주특별자치도 제주시 일도이동 1032-4,,,http://place.map.kakao.com/1333423139,33.5085561,126.5332233
439865270,일도이동공영주차장 전기차충전소,"교통,수송 > 자동차 > 전기차 충전소",,제주특별자치도 제주시 일도이동 488-1,,,http://place.map.kakao.com/439865270,33.5103925,126.5440914
532414233,일미도 주차장,"교통,수송 > 교통시설 > 주차장",PK6,제주특별자치도 제주시 구좌읍 하도리 3359-73,,,http://place.map.kakao.com/532414233,33.5244995,126.8664103
17582210,일성비치콘도미니엄 주차장1,"교통,수송 > 교통시설 > 주차장",PK6,제주특별자치도 제주시 한림읍 금능리 1885-1,,,http://place.map.kakao.com/17582210,33.3857385,126.2218867
17583445,일성비치콘도미니엄 주차장2,"교통,수송 > 교통시설 > 주차장",PK6,제주특별자치도 제주시 한림읍 금능리 1869-2,,,http://place.map.kakao.com/17583445,33.3852012,126.2213241
20563117,일출랜드 주차장,"교통,수송 > 교통시설 > 주차장",PK6,제주특별자치도 서귀포시 성산읍 삼달리 1010,제주특별자치도 서귀포시 성산읍 중산간동로 4150-30,,http://place.map.kakao.com/20563117,33.3812605,126.8424738
17582350,일출랜드 주차장1,"교통,수송 > 교통시설 > 주차장",PK6,제주특별자치도 서귀포시 성산읍 삼달리 1056-1,,,http://place.map.kakao.com/17582350,33.3809379,126.8433309
1876378991,자구리 공영주차장,"교통,수송 > 교통시설 > 주차장 > 공영주차장",PK6,제주특별자치도 서귀포시 서귀동 28-3,,,http://place.map.kakao.com/1876378991,33.2427896,126.5667039
78742777,자연스러운식당 주차장,"교통,수송 > 교통시설 > 주차장",PK6,제주특별자치도 서귀포시 호근동 1559-2,제주특별자치도 서귀포시 태평로92번길 8,,http://place.map.kakao.com/78742777,33.2433368,126.5325617
1152645688,장모식탁 주차장,"교통,수송 > 교통시설 > 주차장",PK6,제주특별자치도 제주시 이도이동 257-6,,,http://place.map.kakao.com/1152645688,33.4970323,126.5469131
20563286,장애인주차장,"교통,수송 > 교통시설 > 주차장",PK6,제주특별자치도 서귀포시 성산읍 오조리 1365-1,제주특별자치도 서귀포시 성산읍 일주동로 4024,,http://place.map.kakao.com/20563286,33.4673284,126.9050964
20563288,장애인주차장,"교통,수송 > 교통시설 > 주차장",PK6,제주특별자치도 제주시 삼양일동 1592-2,,,http://place.map.kakao.com/20563288,33.5283230,126.5931559
558051126,저지 다온빌라 공용주차장 전기차충전소,"교통,수송 > 자동차 > 전기차 충전소",,제주특별자치도 제주시 한경면 저지리 2114-31,제주특별자치도 제주시 한경면 저지12길 72-12,1661-9408,http://place.map.kakao.com/558051126,33.3376002,126.2638000
895841739,저지녹색농촌체험장 주차장,"교통,수송 > 교통시설 > 주차장",PK6,제주특별자치도 제주시 한경면 저지리 산 14-2,,064-773-1948,http://place.map.kakao.com/895841739,33.3388777,126.2593938
17576759,저지문화예술인마을 주차장,"교통,수송 > 교통시설 > 주차장",PK6,제주특별자치도 제주시 한경면 저지리 2114-68,,,http://place.map.kakao.com/17576759,33.3382430,126.2657817
1301804632,저지오름 주차장,"교통,수송 > 교통시설 > 주차장",PK6,제주특별자치도 제주시 한경면 저지리 산 52,,,http://place.map.kakao.com/1301804632,33.3349027,126.2480206
26395566,절물자연휴양림 공영주차장,"교통,수송 > 교통시설 > 주차장 > 공영주차장",PK6,제주특별자치도 제주시 봉개동 산 78-1,제주특별자치도 제주시 명림로 584,,http://place.map.kakao.com/26395566,33.4402951,126.6289700
1191373212,점보빌리지 주차장,"교통,수송 > 교통시설 > 주차장",PK6,제주특별자치도 서귀포시 안덕면 서광리 2351,,,http://place.map.kakao.com/1191373212,33.2755860,126.3048170
1082970936,정든로 공영주차장,"교통,수송 > 교통시설 > 주차장 > 공영주차장",PK6,제주특별자치도 제주시 이도이동 429-7,제주특별자치도 제주시 정든로 37,,http://place.map.kakao.com/1082970936,33.4975457,126.5423756
906945531,정든마을북쪽공영주차장,"교통,수송 > 교통시설 > 주차장 > 공영주차장",PK6,제주특별자치도 제주시 노형동 2575-1,,,http://place.map.kakao.com/906945531,33.4906062,126.4731479
1710048072,정물오름 주차장,"교통,수송 > 교통시설 > 주차장",PK6,제주특별자치도 제주시 한림읍 금악리 산 52-1,,,http://place.map.kakao.com/1710048072,33.3416179,126.3274199
504391581,정물오름 주차장,"교통,수송 > 교통시설 > 주차장",PK6,제주특별자치도 제주시 한림읍 금악리 77-1,제주특별자치도 제주시 한림읍 금악동2길 25,,http://place.map.kakao.com/504391581,33.3414772,126.3260804
1199836334,정방 공영노외1 주차장,"교통,수송 > 교통시설 > 주차장 > 공영주차장",PK6,제주특별자치도 서귀포시 서귀동 403-3,,,http://place.map.kakao.com/1199836334,33.2478311,126.5653034
976847835,정방동공영주차장,"교통,수송 > 교통시설 > 주차장 > 공영주차장",PK6,제주특별자치도 서귀포시 서귀동 403-6,,,http://place.map.kakao.com/976847835,33.2477354,126.5657856
1411034539,정방동공영주차장 전기차충전소,"교통,수송 > 자동차 > 전기차 충전소",,제주특별자치도 서귀포시 서귀동 403-3,,1899-8852,http://place.map.kakao.com/1411034539,33.2478421,126.5653548
20563418,정방폭포 주차장,"교통,수송 > 교통시설 > 주차장 > 공영주차장",PK6,제주특별자치도 서귀포시 동홍동 277,,,http://place.map.kakao.com/20563418,33.2444301,126.5736253
2067588138,정부제주지방합동청사 옥외주차장 전기차충전소,"교통,수송 > 자동차 > 전기차 충전소",,제주특별자치도 제주시 도남동 662,제주특별자치도 제주시 청사로 59,,http://place.map.kakao.com/2067588138,33.4908647,126.5250586
1233104260,정부제주지방합동청사 주차장 전기차충전소,"교통,수송 > 자동차 > 전기차 충전소",,제주특별자치도 제주시 도남동 662,제주특별자치도 제주시 청사로 59,,http://place.map.kakao.com/1233104260,33.4913518,126.5253680
456229536,정석항공관 대형주차장,"교통,수송 > 교통시설 > 주차장",PK6,제주특별자치도 서귀포시 표선면 가시리 산 52-4,,,http://place.map.kakao.com/456229536,33.3922978,126.7240470
20563440,정은주차장,"교통,수송 > 교통시설 > 주차장",PK6,제주특별자치도 제주시 노형동 916-1,제주특별자치도 제주시 원노형3길 2,,http://place.map.kakao.com/20563440,33.4868973,126.4856604
1753988954,정존공영주차장 전기차충전소,"교통,수송 > 자동차 > 전기차 충전소",,제주특별자치도 제주시 노형동 2612-2,제주특별자치도 제주시 수덕5길 34,1899-8852,http://place.map.kakao.com/1753988954,33.4854757,126.4747531
127773948,정직한돈 본점 주차장,"교통,수송 > 교통시설 > 주차장",PK6,제주특별자치도 제주시 애월읍 고내리 1105-8,제주특별자치도 제주시 애월읍 애월해안로 253,,http://place.map.kakao.com/127773948,33.4673625,126.3388546
129517603,제갈양 주차장,"교통,수송 > 교통시설 > 주차장",PK6,제주특별자치도 제주시 한림읍 금능리 1737,제주특별자치도 제주시 한림읍 한림로 155,,http://place.map.kakao.com/129517603,33.3860321,126.2244290
653649238,제남도서관 주차장,"교통,수송 > 교통시설 > 주차장",PK6,제주특별자치도 서귀포시 남원읍 남원리 2336-5,,,http://place.map.kakao.com/653649238,33.2790724,126.7050379
2087955790,제니의정원 주차장,"교통,수송 > 교통시설 > 주차장",PK6,제주특별자치도 제주시 연동 1934-3,,,http://place.map.kakao.com/2087955790,33.4946258,126.4946645
1834885326,제스코마트 본점 주차장,"교통,수송 > 교통시설 > 주차장",PK6,제주특별자치도 제주시 도남동 277,제주특별자치도 제주시 연북로 444,,http://place.map.kakao.com/1834885326,33.4802178,126.5290803
723392710,제스코마트 서귀포점 주차장,"교통,수송 > 교통시설 > 주차장",PK6,제주특별자치도 서귀포시 상효동 754-1,제주특별자치도 서귀포시 상효로 39,,http://place.map.kakao.com/723392710,33.2632311,126.5955301
1238717945,제스코마트 신제주점 주차장,"교통,수송 > 교통시설 > 주차장",PK6,제주특별자치도 제주시 연동 303-17,제주특별자치도 제주시 신대로 109,,http://place.map.kakao.com/1238717945,33.4873073,126.4968074
33425068,제이에스파킹,"교통,수송 > 교통시설 > 주차장",PK6,제주특별자치도 제주시 도련일동 1939-1,,0503-7153-8329,http://place.map.kakao.com/33425068,33.5167563,126.5798933
36640665,제일교회부근공영주차장,"교통,수송 > 교통시설 > 주차장 > 공영주차장",PK6,제주특별자치도 서귀포시 대정읍 하모리 1129-3,,,http://place.map.kakao.com/36640665,33.2222158,126.2497038
2134962277,제일푸른꿈공원 주차장,"교통,수송 > 교통시설 > 주차장",PK6,제주특별자치도 서귀포시 강정동 5671,,,http://place.map.kakao.com/2134962277,33.2380946,126.4774893
17582419,제주 미니미니랜드 주차장3,"교통,수송 > 교통시설 > 주차장",PK6,제주특별자치도 제주시 조천읍 교래리 산 56-4,제주특별자치도 제주시 조천읍 비자림로 606,,http://place.map.kakao.com/17582419,33.4337921,126.6736414
505390366,제주 송악산해안주차장 전기차충전소,"교통,수송 > 자동차 > 전기차 충전소",,제주특별자치도 서귀포시 대정읍 상모리 132,제주특별자치도 서귀포시 대정읍 송악관광로 414,1533-2522,http://place.map.kakao.com/505390366,33.2078879,126.2902180
937859829,제주 스위트호텔 주차장,"교통,수송 > 교통시설 > 주차장",PK6,제주특별자치도 서귀포시 색달동 2812-10,,,http://place.map.kakao.com/937859829,33.2491605,126.4077207
1186347954,제주 애월 카페거리 공동주차장,"교통,수송 > 교통시설 > 주차장",PK6,제주특별자치도 제주시 애월읍 애월리 2525-1,,,http://place.map.kakao.com/1186347954,33.4638708,126.3096213
443489032,제주 중문 민영 주차장(오일 시장) 전기차충전소,"교통,수송 > 자동차 > 전기차 충전소",,제주특별자치도 서귀포시 중문동 2042-1,제주특별자치도 서귀포시 중문상로18번길 1,,http://place.map.kakao.com/443489032,33.2498997,126.4248000
557751937,제주 청소년수련원 도로변 주차장 전기차충전소,"교통,수송 > 자동차 > 전기차 충전소",,제주특별자치도 제주시 한림읍 금능리 2243-1,제주특별자치도 제주시 한림읍 금능남로 128,1661-9408,http://place.map.kakao.com/557751937,33.3778002,126.2379005
17933763,제주 해양관리단 1주차장,"교통,수송 > 교통시설 > 주차장",PK6,제주특별자치도 제주시 건입동 888-5,제주특별자치도 제주시 임항로 142-6,,http://place.map.kakao.com/17933763,33.5193173,126.5384743
27588364,제주4.3평화공원 제4주차장,"교통,수송 > 교통시설 > 주차장",PK6,제주특별자치도 제주시 봉개동 237-2,제주특별자치도 제주시 명림로 430,,http://place.map.kakao.com/27588364,33.4528788,126.6197611
27588363,제주4.3평화공원 주차장,"교통,수송 > 교통시설 > 주차장",PK6,제주특별자치도 제주시 봉개동 237-2,제주특별자치도 제주시 명림로 430,,http://place.map.kakao.com/27588363,33.4505974,126.6214102
1187515398,제주YH타워 주차장,"교통,수송 > 교통시설 > 주차장",PK6,제주특별자치도 서귀포시 안덕면 화순리 1091-4,,,http://place.map.kakao.com/1187515398,33.2466924,126.3323692
2104773348,제주강정유승한내들퍼스트오션아파트 지하주차장,"교통,수송 > 교통시설 > 주차장",PK6,제주특별자치도 서귀포시 강정동 200,제주특별자치도 서귀포시 대청로 34,,http://place.map.kakao.com/2104773348,33.2520075,126.5034334
1232663327,제주공항 여객주차장 전기차충전소,"교통,수송 > 자동차 > 전기차 충전소",,제주특별자치도 제주시 용담이동 2002,제주특별자치도 제주시 공항로 2,,http://place.map.kakao.com/1232663327,33.5059361,126.4959516
935873442,제주공항 임시주차장,"교통,수송 > 교통시설 > 주차장",PK6,제주특별자치도 제주시 도두이동 395-2,,,http://place.map.kakao.com/935873442,33.5031875,126.4887625
1935297402,제주공항 주차관리사무실,"사회,공공기관 > 행정기관 > 국토교통부 > 지방항공청",,제주특별자치도 제주시 용담이동 2002,제주특별자치도 제주시 공항로 2,064-797-2701,http://place.map.kakao.com/1935297402,33.5068861,126.4932243
1833249641,제주공항가는길주차장,"교통,수송 > 교통시설 > 주차장",PK6,제주특별자치도 제주시 용담이동 1721-2,제주특별자치도 제주시 월성로4길 76-2,064-744-1199,http://place.map.kakao.com/1833249641,33.4988082,126.4977502
1761538788,제주광해 애월본점 야외주차장,"교통,수송 > 교통시설 > 주차장",PK6,제주특별자치도 제주시 애월읍 하귀2리 2783,,,http://place.map.kakao.com/1761538788,33.4878717,126.3896458
946301865,제주교육박물관 주차장,"교통,수송 > 교통시설 > 주차장",PK6,제주특별자치도 제주시 이도이동 539-14,제주특별자치도 제주시 오복4길 25,,http://place.map.kakao.com/946301865,33.4944770,126.5378238
23925254,제주국제공항 A1주차장,"교통,수송 > 교통시설 > 주차장 > 공항주차장",PK6,제주특별자치도 제주시 용담이동 2002,제주특별자치도 제주시 공항로 2,,http://place.map.kakao.com/23925254,33.5060091,126.4939548
23925255,제주국제공항 A2주차장,"교통,수송 > 교통시설 > 주차장 > 공항주차장",PK6,제주특별자치도 제주시 용담이동 2002,제주특별자치도 제주시 공항로 2,,http://place.map.kakao.com/23925255,33.5058797,126.4940632
23925256,제주국제공항 A3주차장,"교통,수송 > 교통시설 > 주차장 > 공항주차장",PK6,제주특별자치도 제주시 용담이동 2002,제주특별자치도 제주시 공항로 2,,http://place.map.kakao.com/23925256,33.5057827,126.4941412
23925257,제주국제공항 A4주차장,"교통,수송 > 교통시설 > 주차장 > 공항주차장",PK6,제주특별자치도 제주시 용담이동 2002,제주특별자치도 제주시 공항로 2,,http://place.map.kakao.com/23925257,33.5056712,126.4942280
23925466,제주국제공항 A5주차장,"교통,수송 > 교통시설 > 주차장 > 공항주차장",PK6,제주특별자치도 제주시 용담이동 2002,제주특별자치도 제주시 공항로 2,,http://place.map.kakao.com/23925466,33.5055418,126.4943148
23926977,제주국제공항 B1주차장,"교통,수송 > 교통시설 > 주차장 > 공항주차장",PK6,제주특별자치도 제주시 용담이동 2002,제주특별자치도 제주시 공항로 2,,http://place.map.kakao.com/23926977,33.5056190,126.4946803
23926978,제주국제공항 B2주차장,"교통,수송 > 교통시설 > 주차장 > 공항주차장",PK6,제주특별자치도 제주시 용담이동 2002,제주특별자치도 제주시 공항로 2,,http://place.map.kakao.com/23926978,33.5054105,126.4948408
23926979,제주국제공항 B3주차장,"교통,수송 > 교통시설 > 주차장 > 공항주차장",PK6,제주특별자치도 제주시 용담이동 2002,제주특별자치도 제주시 공항로 2,,http://place.map.kakao.com/23926979,33.5052666,126.4949449
23926983,제주국제공항 B4주차장,"교통,수송 > 교통시설 > 주차장 > 공항주차장",PK6,제주특별자치도 제주시 용담이동 2002,제주특별자치도 제주시 공항로 2,,http://place.map.kakao.com/23926983,33.5049233,126.4947575
19952691,제주국제공항 B주차장,"교통,수송 > 교통시설 > 주차장 > 공항주차장",PK6,제주특별자치도 제주시 용담이동 2002,제주특별자치도 제주시 공항로 2,,http://place.map.kakao.com/19952691,33.5053630,126.4949271
23926990,제주국제공항 C10주차장,"교통,수송 > 교통시설 > 주차장 > 공항주차장",PK6,제주특별자치도 제주시 용담이동 2002,제주특별자치도 제주시 공항로 2,,http://place.map.kakao.com/23926990,33.5047762,126.4940739
23926991,제주국제공항 C11주차장,"교통,수송 > 교통시설 > 주차장 > 공항주차장",PK6,제주특별자치도 제주시 용담이동 2002,제주특별자치도 제주시 공항로 2,,http://place.map.kakao.com/23926991,33.5048997,126.4942927
23925712,제주국제공항 C1주차장,"교통,수송 > 교통시설 > 주차장 > 공항주차장",PK6,제주특별자치도 제주시 용담이동 2002,제주특별자치도 제주시 공항로 2,,http://place.map.kakao.com/23925712,33.5055289,126.4929244
23925719,제주국제공항 C2주차장,"교통,수송 > 교통시설 > 주차장 > 공항주차장",PK6,제주특별자치도 제주시 용담이동 2002,제주특별자치도 제주시 공항로 2,,http://place.map.kakao.com/23925719,33.5053959,126.4930457
23925720,제주국제공항 C3주차장,"교통,수송 > 교통시설 > 주차장 > 공항주차장",PK6,제주특별자치도 제주시 용담이동 2002,제주특별자치도 제주시 공항로 2,,http://place.map.kakao.com/23925720,33.5052629,126.4931455
23925721,제주국제공항 C4주차장,"교통,수송 > 교통시설 > 주차장 > 공항주차장",PK6,제주특별자치도 제주시 용담이동 2002,제주특별자치도 제주시 공항로 2,,http://place.map.kakao.com/23925721,33.5051513,126.4931935
23925722,제주국제공항 C5주차장,"교통,수송 > 교통시설 > 주차장 > 공항주차장",PK6,제주특별자치도 제주시 용담이동 2002,제주특별자치도 제주시 공항로 2,,http://place.map.kakao.com/23925722,33.5050290,126.4932760
23925724,제주국제공항 C6주차장,"교통,수송 > 교통시설 > 주차장 > 공항주차장",PK6,제주특별자치도 제주시 용담이동 2002,제주특별자치도 제주시 공항로 2,,http://place.map.kakao.com/23925724,33.5048779,126.4933716
23925725,제주국제공항 C7주차장,"교통,수송 > 교통시설 > 주차장 > 공항주차장",PK6,제주특별자치도 제주시 용담이동 2002,제주특별자치도 제주시 공항로 2,,http://place.map.kakao.com/23925725,33.5048608,126.4935999
23926984,제주국제공항 C8주차장,"교통,수송 > 교통시설 > 주차장 > 공항주차장",PK6,제주특별자치도 제주시 용담이동 1950-1,,,http://place.map.kakao.com/23926984,33.5046415,126.4937690
23926989,제주국제공항 C9주차장,"교통,수송 > 교통시설 > 주차장 > 공항주차장",PK6,제주특별자치도 제주시 용담이동 2002,제주특별자치도 제주시 공항로 2,,http://place.map.kakao.com/23926989,33.5047362,126.4939923
19952692,제주국제공항 C주차장,"교통,수송 > 교통시설 > 주차장 > 공항주차장",PK6,제주특별자치도 제주시 용담이동 2002,제주특별자치도 제주시 공항로 2,,http://place.map.kakao.com/19952692,33.5052460,126.4934254
23926730,제주국제공항 D1주차장,"교통,수송 > 교통시설 > 주차장 > 공항주차장",PK6,제주특별자치도 제주시 용담이동 1999-8,,,http://place.map.kakao.com/23926730,33.5046981,126.4926021
23926728,제주국제공항 D2주차장,"교통,수송 > 교통시설 > 주차장 > 공항주차장",PK6,제주특별자치도 제주시 용담이동 1984-8,,,http://place.map.kakao.com/23926728,33.5048144,126.4928167
23926731,제주국제공항 D3주차장,"교통,수송 > 교통시설 > 주차장 > 공항주차장",PK6,제주특별자치도 제주시 용담이동 1946,,,http://place.map.kakao.com/23926731,33.5044981,126.4922072
23926733,제주국제공항 D4주차장,"교통,수송 > 교통시설 > 주차장 > 공항주차장",PK6,제주특별자치도 제주시 도두이동 18-1,,,http://place.map.kakao.com/23926733,33.5041013,126.4913098
23926732,제주국제공항 D5주차장,"교통,수송 > 교통시설 > 주차장 > 공항주차장",PK6,제주특별자치도 제주시 용담이동 1946,,,http://place.map.kakao.com/23926732,33.5042761,126.4917221
23926753,제주국제공항 E1주차장,"교통,수송 > 교통시설 > 주차장 > 공항주차장",PK6,제주특별자치도 제주시 용담이동 1946,,,http://place.map.kakao.com/23926753,33.5040708,126.4926488
23926752,제주국제공항 E2주차장,"교통,수송 > 교통시설 > 주차장 > 공항주차장",PK6,제주특별자치도 제주시 용담이동 1946,,,http://place.map.kakao.com/23926752,33.5042561,126.4929878
23926973,제주국제공항 E3주차장,"교통,수송 > 교통시설 > 주차장 > 공항주차장",PK6,제주특별자치도 제주시 용담이동 1946,,,http://place.map.kakao.com/23926973,33.5039033,126.4922753
23926974,제주국제공항 E4주차장,"교통,수송 > 교통시설 > 주차장 > 공항주차장",PK6,제주특별자치도 제주시 도두이동 44,,,http://place.map.kakao.com/23926974,33.5036780,126.4918418
19952694,제주국제공항 E주차장,"교통,수송 > 교통시설 > 주차장 > 공항주차장",PK6,제주특별자치도 제주시 용담이동 1946,,,http://place.map.kakao.com/19952694,33.5039437,126.4924472
1262487655,제주국제공항 P1주차장,"교통,수송 > 교통시설 > 주차장 > 공항주차장",PK6,제주특별자치도 제주시 용담이동 2002,제주특별자치도 제주시 공항로 2,1661-2626,http://place.map.kakao.com/1262487655,33.5050865,126.4934382
1015967029,제주국제공항 P2장기주차장,"교통,수송 > 교통시설 > 주차장 > 공항주차장",PK6,제주특별자치도 제주시 도두이동 34,,1661-2626,http://place.map.kakao.com/1015967029,33.5032739,126.4900534
1310428070,제주국제공항 상주직원주차장,"교통,수송 > 교통시설 > 주차장 > 공항주차장",PK6,제주특별자치도 제주시 도두이동 470,,,http://place.map.kakao.com/1310428070,33.5046399,126.4889799
844081357,제주국제공항 여객 P1주차장 전기차충전소,"교통,수송 > 자동차 > 전기차 충전소",,제주특별자치도 제주시 용담이동 2002,제주특별자치도 제주시 공항로 2,,http://place.map.kakao.com/844081357,33.5060507,126.4939836
1431687944,제주국제공항 여객주차장,"교통,수송 > 교통시설 > 주차장 > 공항주차장",PK6,제주특별자치도 제주시 용담이동 2002,제주특별자치도 제주시 공항로 2,,http://place.map.kakao.com/1431687944,33.5051371,126.4937016
270269914,제주국제공항 장기여객주차장 전기차충전소,"교통,수송 > 자동차 > 전기차 충전소",,제주특별자치도 제주시 도두이동 408-3,,,http://place.map.kakao.com/270269914,33.5032146,126.4894468
23667135,제주국제공항 주차장 입출구,"교통,수송 > 입출구",,제주특별자치도 제주시 용담이동 1946,,,http://place.map.kakao.com/23667135,33.5044642,126.4936108
23667134,제주국제공항 주차장출구,"교통,수송 > 입출구",,제주특별자치도 제주시 도두이동 44,,,http://place.map.kakao.com/23667134,33.5038661,126.4915458
579489075,제주국제공항 직원 A주차장 전기차충전소,"교통,수송 > 자동차 > 전기차 충전소",,제주특별자치도 제주시 용담이동 2002,제주특별자치도 제주시 공항로 2,,http://place.map.kakao.com/579489075,33.5057144,126.4964157
579593021,제주국제공항 직원 F주차장 전기차충전소,"교통,수송 > 자동차 > 전기차 충전소",,제주특별자치도 제주시 용담이동 2002,제주특별자치도 제주시 공항로 2,,http://place.map.kakao.com/579593021,33.5046670,126.4955984
26357865,제주국제공항 직원B주차장,"교통,수송 > 교통시설 > 주차장 > 공항주차장",PK6,제주특별자치도 제주시 용담이동 2002,제주특별자치도 제주시 공항로 2,,http://place.map.kakao.com/26357865,33.5067318,126.4951818
1547368806,제주국제공항 직원주차장 전기차충전소,"교통,수송 > 자동차 > 전기차 충전소",,제주특별자치도 제주시 도두이동 408-3,,,http://place.map.kakao.com/1547368806,33.5040236,126.4888533
17561699,제주국제공항 직원주차장A,"교통,수송 > 교통시설 > 주차장 > 공항주차장",PK6,제주특별자치도 제주시 용담이동 2002,제주특별자치도 제주시 공항로 2,,http://place.map.kakao.com/17561699,33.5063149,126.4964326
233281289,제주국제공항 직원주차장F,"교통,수송 > 교통시설 > 주차장 > 공항주차장",PK6,제주특별자치도 제주시 용담이동 1462-2,,,http://place.map.kakao.com/233281289,33.5046142,126.4959108
578668584,제주국제공항 행사주차장 전기차충전소,"교통,수송 > 자동차 > 전기차 충전소",,제주특별자치도 제주시 용담이동 2002,제주특별자치도 제주시 공항로 2,,http://place.map.kakao.com/578668584,33.5069542,126.4948856
1434749235,제주국제공항 화물주차장,"교통,수송 > 교통시설 > 주차장 > 공항주차장",PK6,제주특별자치도 제주시 용담이동 771,,,http://place.map.kakao.com/1434749235,33.5067312,126.5001551
109538566,제주국제대학교 주차장,"교통,수송 > 교통시설 > 주차장",PK6,제주특별자치도 제주시 영평동 2235,제주특별자치도 제주시 516로 2870,,http://place.map.kakao.com/109538566,33.4409040,126.5717204
574535448,제주국제대학교 환승주차장,"교통,수송 > 교통시설 > 주차장",PK6,제주특별자치도 제주시 영평동 2237-6,,,http://place.map.kakao.com/574535448,33.4390117,126.5691595
27153404,제주국제컨벤션센터 대형버스주차장,"교통,수송 > 교통시설 > 주차장",PK6,제주특별자치도 서귀포시 중문동 2700,제주특별자치도 서귀포시 중문관광로 224,,http://place.map.kakao.com/27153404,33.2420922,126.4247117
1904023636,제주김만복김밥 본점 주차장,"교통,수송 > 교통시설 > 주차장",PK6,제주특별자치도 제주시 오라삼동 2250-1,제주특별자치도 제주시 오라로 41,,http://place.map.kakao.com/1904023636,33.4970426,126.5089219
734314865,제주김만복김밥 서귀포점 주차장,"교통,수송 > 교통시설 > 주차장",PK6,제주특별자치도 서귀포시 강정동 428-4,,,http://place.map.kakao.com/734314865,33.2395274,126.5059782
2051633200,제주노블피아호텔,여행 > 숙박 > 호텔,AD5,제주특별자치도 서귀포시 서귀동 182,제주특별자치도 서귀포시 명동로 46,064-733-7377,http://place.map.kakao.com/2051633200,33.2472811,126.5668556
114059910,제주농협 고객전용주차장,"교통,수송 > 교통시설 > 주차장",PK6,제주특별자치도 제주시 삼도일동 794-1,제주특별자치도 제주시 서사로 52,,http://place.map.kakao.com/114059910,33.5078639,126.5195974
20342502,제주뉴코리아리조트 주차장,"교통,수송 > 교통시설 > 주차장",PK6,제주특별자치도 제주시 애월읍 유수암리 2862-2,,,http://place.map.kakao.com/20342502,33.4171018,126.3987896
17574333,제주대학교 주차장10,"교통,수송 > 교통시설 > 주차장",PK6,제주특별자치도 제주시 아라일동 1,제주특별자치도 제주시 제주대학로 102,,http://place.map.kakao.com/17574333,33.4545268,126.5638317
17570412,제주대학교 주차장11,"교통,수송 > 교통시설 > 주차장",PK6,제주특별자치도 제주시 아라일동 1,제주특별자치도 제주시 제주대학로 102,,http://place.map.kakao.com/17570412,33.4548871,126.5637353
17580051,제주대학교 주차장12,"교통,수송 > 교통시설 > 주차장",PK6,제주특별자치도 제주시 아라일동 1,제주특별자치도 제주시 제주대학로 102,,http://place.map.kakao.com/17580051,33.4594546,126.5622151
17574405,제주대학교 주차장13,"교통,수송 > 교통시설 > 주차장",PK6,제주특별자치도 제주시 아라일동 1,제주특별자치도 제주시 제주대학로 102,,http://place.map.kakao.com/17574405,33.4573642,126.5656676
17574331,제주대학교 주차장2,"교통,수송 > 교통시설 > 주차장",PK6,제주특별자치도 제주시 아라일동 1,제주특별자치도 제주시 제주대학로 102,,http://place.map.kakao.com/17574331,33.4578949,126.5596758
17570410,제주대학교 주차장3,"교통,수송 > 교통시설 > 주차장",PK6,제주특별자치도 제주시 아라일동 1,제주특별자치도 제주시 제주대학로 102,,http://place.map.kakao.com/17570410,33.4584792,126.5596987
17580049,제주대학교 주차장4,"교통,수송 > 교통시설 > 주차장",PK6,제주특별자치도 제주시 아라일동 1,제주특별자치도 제주시 제주대학로 102,,http://place.map.kakao.com/17580049,33.4540431,126.5596394
17563004,제주대학교 주차장5,"교통,수송 > 교통시설 > 주차장",PK6,제주특별자치도 제주시 아라일동 1,제주특별자치도 제주시 제주대학로 102,,http://place.map.kakao.com/17563004,33.4519261,126.5596285
17574332,제주대학교 주차장6,"교통,수송 > 교통시설 > 주차장",PK6,제주특별자치도 제주시 아라일동 1,제주특별자치도 제주시 제주대학로 102,,http://place.map.kakao.com/17574332,33.4522372,126.5619201
17570411,제주대학교 주차장7,"교통,수송 > 교통시설 > 주차장",PK6,제주특별자치도 제주시 아라일동 1,제주특별자치도 제주시 제주대학로 102,,http://place.map.kakao.com/17570411,33.4530066,126.5622819
17580050,제주대학교 주차장8,"교통,수송 > 교통시설 > 주차장",PK6,제주특별자치도 제주시 아라일동 1,제주특별자치도 제주시 제주대학로 102,,http://place.map.kakao.com/17580050,33.4528369,126.5632379
17563005,제주대학교 주차장9,"교통,수송 > 교통시설 > 주차장",PK6,제주특별자치도 제주시 아라일동 1,제주특별자치도 제주시 제주대학로 102,,http://place.map.kakao.com/17563005,33.4539559,126.5635334
1285562629,제주대학교 학생주차장 전기차충전소,"교통,수송 > 자동차 > 전기차 충전소",,제주특별자치도 제주시 아라일동 1,제주특별자치도 제주시 제주대학로 102,,http://place.map.kakao.com/1285562629,33.4572919,126.5643223
18083085,제주대학교병원 3주차장,"교통,수송 > 교통시설 > 주차장",PK6,제주특별자치도 제주시 아라일동 1753-3,제주특별자치도 제주시 아란13길 15,,http://place.map.kakao.com/18083085,33.4672084,126.5452008
743587937,제주대학교병원 고객주차장1 전기차충전소,"교통,수송 > 자동차 > 전기차 충전소",,제주특별자치도 제주시 아라일동 1753-3,제주특별자치도 제주시 아란13길 15,,http://place.map.kakao.com/743587937,33.4672084,126.5452008
922196615,제주대학교병원 고객주차장1 전기차충전소,"교통,수송 > 자동차 > 전기차 충전소",,제주특별자치도 제주시 아라일동 1753-3,제주특별자치도 제주시 아란13길 15,1670-2690,http://place.map.kakao.com/922196615,33.4681998,126.5443705
922202639,제주대학교병원 고객주차장2 전기차충전소,"교통,수송 > 자동차 > 전기차 충전소",,제주특별자치도 제주시 아라일동 1753-3,제주특별자치도 제주시 아란13길 15,1670-2690,http://place.map.kakao.com/922202639,33.4686896,126.5444304
278295995,제주대학교병원 주차장1,"교통,수송 > 교통시설 > 주차장",PK6,제주특별자치도 제주시 아라일동 1857-3,,,http://place.map.kakao.com/278295995,33.4660487,126.5446389
1440280163,제주대학교병원 주차장2,"교통,수송 > 교통시설 > 주차장",PK6,제주특별자치도 제주시 아라일동 1863,,,http://place.map.kakao.com/1440280163,33.4651948,126.5443637
17577917,제주대학교병원 주차장2,"교통,수송 > 교통시설 > 주차장",PK6,제주특별자치도 제주시 아라일동 1765-9,,,http://place.map.kakao.com/17577917,33.4686290,126.5441305
17579444,제주대학교병원 주차장3,"교통,수송 > 교통시설 > 주차장",PK6,제주특별자치도 제주시 아라일동 1781,,,http://place.map.kakao.com/17579444,33.4682976,126.5442183
1759099722,제주대학교병원 주차장3,"교통,수송 > 교통시설 > 주차장",PK6,제주특별자치도 제주시 아라일동 1865,,,http://place.map.kakao.com/1759099722,33.4651484,126.5439982
643895509,제주대학교병원 주차장5,"교통,수송 > 교통시설 > 주차장",PK6,제주특별자치도 제주시 아라일동 1863,,,http://place.map.kakao.com/643895509,33.4643756,126.5447036
1295901659,제주대학교병원 주차장7,"교통,수송 > 교통시설 > 주차장",PK6,제주특별자치도 제주시 아라일동 1836,,,http://place.map.kakao.com/1295901659,33.4660319,126.5469367
570304992,제주대학교병원 직원주차장 전기차충전소,"교통,수송 > 자동차 > 전기차 충전소",,제주특별자치도 제주시 아라일동 1865,제주특별자치도 제주시 아란13길 15,1670-2690,http://place.map.kakao.com/570304992,33.4650503,126.5438061
18119012,제주도 민속자연사박물관 1주차장,"교통,수송 > 교통시설 > 주차장",PK6,제주특별자치도 제주시 일도이동 996-1,제주특별자치도 제주시 삼성로 40,,http://place.map.kakao.com/18119012,33.5064768,126.5302985
1441427076,제주도립미술관 주차장2,"교통,수송 > 교통시설 > 주차장",PK6,제주특별자치도 제주시 연동 680-7,제주특별자치도 제주시 1100로 2894-78,,http://place.map.kakao.com/1441427076,33.4529650,126.4883131
17556624,제주도청 주차장1,"교통,수송 > 교통시설 > 주차장",PK6,제주특별자치도 제주시 연동 312-1,제주특별자치도 제주시 문연로 6,,http://place.map.kakao.com/17556624,33.4894062,126.4985922
17554769,제주도청 주차장2,"교통,수송 > 교통시설 > 주차장",PK6,제주특별자치도 제주시 연동 312-9,제주특별자치도 제주시 문송1길 8,,http://place.map.kakao.com/17554769,33.4894039,126.4980197
18071690,제주돌마을공원 주차장,"교통,수송 > 교통시설 > 주차장",PK6,제주특별자치도 제주시 한림읍 금능리 368-2,제주특별자치도 제주시 한림읍 금능남로 421,,http://place.map.kakao.com/18071690,33.3543247,126.2532145
17556935,제주돌문화공원 대형주차장,"교통,수송 > 교통시설 > 주차장",PK6,제주특별자치도 제주시 조천읍 교래리 산 101-2,,,http://place.map.kakao.com/17556935,33.4499885,126.6615347
1147041804,제주돌문화공원 소형주차장3,"교통,수송 > 교통시설 > 주차장",PK6,제주특별자치도 제주시 조천읍 교래리 산 101,,,http://place.map.kakao.com/1147041804,33.4484319,126.6620269
17558922,제주돌문화공원 소형주차장4,"교통,수송 > 교통시설 > 주차장",PK6,제주특별자치도 제주시 조천읍 교래리 산 100-4,,,http://place.map.kakao.com/17558922,33.4477738,126.6627049
1146905428,제주돌문화공원 소형주차장5,"교통,수송 > 교통시설 > 주차장",PK6,제주특별자치도 제주시 조천읍 교래리 산 101,,,http://place.map.kakao.com/1146905428,33.4478409,126.6618517
1137071807,제주돌문화공원 소형주차장6,"교통,수송 > 교통시설 > 주차장",PK6,제주특별자치도 제주시 조천읍 교래리 산 95,제주특별자치도 제주시 조천읍 남조로 2023,,http://place.map.kakao.com/1137071807,33.4464056,126.6628844
18225004,제주돌문화공원 소형주차장7,"교통,수송 > 교통시설 > 주차장",PK6,제주특별자치도 제주시 조천읍 교래리 산 95,제주특별자치도 제주시 조천읍 남조로 2023,,http://place.map.kakao.com/18225004,33.4462873,126.6637818
17562433,제주돌문화공원 장애인주차장,"교통,수송 > 교통시설 > 주차장",PK6,제주특별자치도 제주시 조천읍 교래리 산 101,,,http://place.map.kakao.com/17562433,33.4487094,126.6619355
1136842895,제주돌문화공원 전기차주차장,"교통,수송 > 교통시설 > 주차장",PK6,제주특별자치도 제주시 조천읍 교래리 산 101,,,http://place.map.kakao.com/1136842895,33.4486137,126.6618918
18119055,제주돌문화공원 주차장관리소,"서비스,산업 > 관리,운영 > 주차시설관리",,제주특별자치도 제주시 조천읍 교래리 산 101,,,http://place.map.kakao.com/18119055,33.4474438,126.6633773
674773682,제주동문수산시장 주차장,"교통,수송 > 교통시설 > 주차장",PK6,제주특별자치도 제주시 이도일동 1348-1,제주특별자치도 제주시 오현길 81,,http://place.map.kakao.com/674773682,33.5119508,126.5249714
607261294,제주동문시장 주차장,"교통,수송 > 교통시설 > 주차장",PK6,제주특별자치도 제주시 이도일동 1421-2,제주특별자치도 제주시 중앙로13길 6,,http://place.map.kakao.com/607261294,33.5111304,126.5249759
26471673,제주동문재래시장 공영주차장,"교통,수송 > 교통시설 > 주차장 > 공영주차장",PK6,제주특별자치도 제주시 이도일동 1330-5,제주특별자치도 제주시 중앙로13길 16-8,,http://place.map.kakao.com/26471673,33.5108280,126.5260753
958970850,제주동백수목원 주차장,"교통,수송 > 교통시설 > 주차장",PK6,제주특별자치도 서귀포시 남원읍 위미리 931-1,,,http://place.map.kakao.com/958970850,33.2758973,126.6786869
17554672,제주동부경찰서 주차장1,"교통,수송 > 교통시설 > 주차장",PK6,제주특별자치도 제주시 이도이동 1234,제주특별자치도 제주시 동광로 66,,http://place.map.kakao.com/17554672,33.5026081,126.5362901
17556523,제주동부경찰서 주차장2,"교통,수송 > 교통시설 > 주차장",PK6,제주특별자치도 제주시 이도이동 1234,제주특별자치도 제주시 동광로 66,,http://place.map.kakao.com/17556523,33.5031535,126.5365067
17557512,제주동부경찰서 주차장3,"교통,수송 > 교통시설 > 주차장",PK6,제주특별자치도 제주시 이도이동 1234,제주특별자치도 제주시 동광로 66,,http://place.map.kakao.com/17557512,33.5033457,126.5358341
17582204,제주러브랜드 주차장1,"교통,수송 > 교통시설 > 주차장",PK6,제주특별자치도 제주시 연동 680-32,,,http://place.map.kakao.com/17582204,33.4518487,126.4878378
17583439,제주러브랜드 주차장2,"교통,수송 > 교통시설 > 주차장",PK6,제주특별자치도 제주시 연동 680-30,,,http://place.map.kakao.com/17583439,33.4522170,126.4879518
927200237,제주로브 주차장,"교통,수송 > 교통시설 > 주차장",PK6,제주특별자치도 제주시 한림읍 협재리 1489-1,,,http://place.map.kakao.com/927200237,33.3988478,126.2455881
795052951,제주마당 주차장,"교통,수송 > 교통시설 > 주차장",PK6,제주특별자치도 제주시 이호일동 663-1,제주특별자치도 제주시 도리로 50,,http://place.map.kakao.com/795052951,33.4982157,126.4581189
145197129,제주목관아 주차장,"교통,수송 > 교통시설 > 주차장",PK6,제주특별자치도 제주시 삼도이동 1045-1,제주특별자치도 제주시 관덕로 25,064-710-6717,http://place.map.kakao.com/145197129,33.5143409,126.5228702
99899332,제주무료주차장,"교통,수송 > 교통시설 > 주차장 > 공영주차장",PK6,제주특별자치도 제주시 이도이동 1994-1,,,http://place.map.kakao.com/99899332,33.4926996,126.5387210
1910721958,제주문예회관 부설주차장,"교통,수송 > 교통시설 > 주차장",PK6,제주특별자치도 제주시 일도이동 852,제주특별자치도 제주시 동광로 69,,http://place.map.kakao.com/1910721958,33.5044432,126.5351739
18099674,제주문예회관2주차장,"교통,수송 > 교통시설 > 주차장",PK6,제주특별자치도 제주시 일도이동 852,제주특별자치도 제주시 동광로 69,,http://place.map.kakao.com/18099674,33.5038668,126.5353406
18099675,제주문예회관3주차장,"교통,수송 > 교통시설 > 주차장",PK6,제주특별자치도 제주시 일도이동 877-5,,,http://place.map.kakao.com/18099675,33.5052225,126.5352688
18099676,제주문예회관4주차장,"교통,수송 > 교통시설 > 주차장",PK6,제주특별자치도 제주시 일도이동 852,제주특별자치도 제주시 동광로 69,,http://place.map.kakao.com/18099676,33.5042067,126.5346242
17578355,제주미니미니랜드 주차장2,"교통,수송 > 교통시설 > 주차장",PK6,제주특별자치도 제주시 조천읍 교래리 산 56-4,제주특별자치도 제주시 조천읍 비자림로 606,,http://place.map.kakao.com/17578355,33.4334660,126.6730749
2021691812,제주미담 주차장,"교통,수송 > 교통시설 > 주차장",PK6,제주특별자치도 제주시 이도이동 360-1,,,http://place.map.kakao.com/2021691812,33.5022060,126.5372661
18059583,제주민속촌 주차장,"교통,수송 > 교통시설 > 주차장 > 공영주차장",PK6,제주특별자치도 서귀포시 표선면 표선리 40-77,,,http://place.map.kakao.com/18059583,33.3243626,126.8431701
986239005,제주민속촌박물관 주차장,"교통,수송 > 교통시설 > 주차장",PK6,제주특별자치도 서귀포시 표선면 표선리 40-1,제주특별자치도 서귀포시 표선면 민속해안로 631-34,,http://place.map.kakao.com/986239005,33.3212871,126.8430886
27583339,제주별빛누리공원 1주차장,"교통,수송 > 교통시설 > 주차장",PK6,제주특별자치도 제주시 오등동 산 34,,,http://place.map.kakao.com/27583339,33.4459288,126.5496267
17556705,제주별빛누리공원 제2주차장,"교통,수송 > 교통시설 > 주차장",PK6,제주특별자치도 제주시 오등동 10-34,,,http://place.map.kakao.com/17556705,33.4451492,126.5484585
27380849,제주보건소 주차장,"교통,수송 > 교통시설 > 주차장",PK6,제주특별자치도 제주시 도남동 567-1,제주특별자치도 제주시 연삼로 264,,http://place.map.kakao.com/27380849,33.4919089,126.5204086
1588978530,제주선채향 주차장,"교통,수송 > 교통시설 > 주차장",PK6,제주특별자치도 서귀포시 안덕면 사계리 2294-2,제주특별자치도 서귀포시 안덕면 사계남로84번길 6,,http://place.map.kakao.com/1588978530,33.2264577,126.2989838
1171908397,제주성읍마을 공영주차장,"교통,수송 > 교통시설 > 주차장 > 공영주차장",PK6,제주특별자치도 서귀포시 표선면 성읍리 778,,,http://place.map.kakao.com/1171908397,33.3849793,126.8007960
17575726,제주세관 해상분실 주차장,"교통,수송 > 교통시설 > 주차장",PK6,제주특별자치도 제주시 건입동 888-3,제주특별자치도 제주시 임항로 136,,http://place.map.kakao.com/17575726,33.5198797,126.5384067
2021907847,제주순메밀막국수 주차장,"교통,수송 > 교통시설 > 주차장",PK6,제주특별자치도 서귀포시 안덕면 서광리 1413-3,,,http://place.map.kakao.com/2021907847,33.2911775,126.3019032
1118477010,제주순복음사회복지관 주차장,"교통,수송 > 교통시설 > 주차장",PK6,제주특별자치도 제주시 건입동 115-7,제주특별자치도 제주시 천수동로 25,,http://place.map.kakao.com/1118477010,33.5083238,126.5459114
44338157,제주시 공영무료주차장,"교통,수송 > 교통시설 > 주차장 > 공영주차장",PK6,제주특별자치도 제주시 노형동 3789-6,,,http://place.map.kakao.com/44338157,33.4834587,126.4774949
861898353,제주시 민속오일시장 6주차장(오일시장 일대 공영주차장) 전기차충전소,"교통,수송 > 자동차 > 전기차 충전소",,제주특별자치도 제주시 도두일동 1212,제주특별자치도 제주시 오일장동길 51,,http://place.map.kakao.com/861898353,33.4966121,126.4743103
17579380,제주시 민속오일시장 주차장7,"교통,수송 > 교통시설 > 주차장",PK6,제주특별자치도 제주시 도두일동 1212,제주특별자치도 제주시 오일장서길 26,,http://place.map.kakao.com/17579380,33.4965631,126.4738220
153353003,제주시 민속오일시장 주차타워 전기차충전소,"교통,수송 > 자동차 > 전기차 충전소",,제주특별자치도 제주시 도두일동 1212,제주특별자치도 제주시 오일장서길 26,1661-9408,http://place.map.kakao.com/153353003,33.4974822,126.4749561
909110152,제주시각장애인복지관 주차장,"교통,수송 > 교통시설 > 주차장",PK6,제주특별자치도 제주시 월평동 420-1,,,http://place.map.kakao.com/909110152,33.4708332,126.5811101
1193322091,제주시공영주차장,"교통,수송 > 교통시설 > 주차장 > 공영주차장",PK6,제주특별자치도 제주시 노형동 3804-20,,,http://place.map.kakao.com/1193322091,33.4815971,126.4743321
26596464,제주시교육지원청 주차장1,"교통,수송 > 교통시설 > 주차장",PK6,제주특별자치도 제주시 이도이동 553-1,제주특별자치도 제주시 남광로 27,,http://place.map.kakao.com/26596464,33.4937083,126.5384122
18130234,제주시민속오일시장 1주차장,"교통,수송 > 교통시설 > 주차장",PK6,제주특별자치도 제주시 도두일동 1212,제주특별자치도 제주시 오일장서길 26,,http://place.map.kakao.com/18130234,33.4956162,126.4758938
349948237,제주시민속오일시장 3주차장 전기차충전소,"교통,수송 > 자동차 > 전기차 충전소",,제주특별자치도 제주시 도두일동 1212,제주특별자치도 제주시 오일장서길 26,1899-2100,http://place.map.kakao.com/349948237,33.4963756,126.4763714
18130235,제주시민속오일시장 4주차장,"교통,수송 > 교통시설 > 주차장",PK6,제주특별자치도 제주시 도두일동 1212,제주특별자치도 제주시 오일장서길 26,,http://place.map.kakao.com/18130235,33.4961679,126.4767170
20580976,제주시민속오일시장 9주차장,"교통,수송 > 교통시설 > 주차장",PK6,제주특별자치도 제주시 도두일동 1263-2,,,http://place.map.kakao.com/20580976,33.4970305,126.4777405
18130239,제주시민속오일시장 공영주차장,"교통,수송 > 교통시설 > 주차장",PK6,제주특별자치도 제주시 도두일동 1212,제주특별자치도 제주시 오일장서길 26,,http://place.map.kakao.com/18130239,33.4964003,126.4762550
17573429,제주시민속오일시장 주차장,"교통,수송 > 교통시설 > 주차장",PK6,제주특별자치도 제주시 도두일동 1233,,,http://place.map.kakao.com/17573429,33.4972483,126.4763661
17575900,제주시민속오일시장 주차장2,"교통,수송 > 교통시설 > 주차장",PK6,제주특별자치도 제주시 도두일동 1212,제주특별자치도 제주시 오일장서길 26,,http://place.map.kakao.com/17575900,33.4976546,126.4760839
17575901,제주시민속오일시장 주차장6,"교통,수송 > 교통시설 > 주차장",PK6,제주특별자치도 제주시 도두일동 1212,제주특별자치도 제주시 오일장서길 26,,http://place.map.kakao.com/17575901,33.4954346,126.4755721
17580189,제주시민속오일시장 주차장8,"교통,수송 > 교통시설 > 주차장",PK6,제주특별자치도 제주시 도두일동 1212,제주특별자치도 제주시 오일장서길 26,,http://place.map.kakao.com/17580189,33.4973764,126.4742475
17938599,제주시서부공설묘지 주차장,"교통,수송 > 교통시설 > 주차장",PK6,제주특별자치도 제주시 연동 1233,,,http://place.map.kakao.com/17938599,33.4545476,126.4890352
20563593,제주시주차장,"교통,수송 > 교통시설 > 주차장",PK6,제주특별자치도 제주시 삼도일동 573-5,,,http://place.map.kakao.com/20563593,33.4990003,126.5216738
20563596,제주시주차장,"교통,수송 > 교통시설 > 주차장",PK6,제주특별자치도 제주시 연동 293-18,제주특별자치도 제주시 노연로 129,,http://place.map.kakao.com/20563596,33.4859296,126.4941362
1871512471,제주시청 별관주차장,"교통,수송 > 교통시설 > 주차장",PK6,제주특별자치도 제주시 이도이동 1176-51,제주특별자치도 제주시 광양9길 15,,http://place.map.kakao.com/1871512471,33.5002633,126.5313307
2075607465,제주시청 열린정보센터 지하 주차장,"교통,수송 > 교통시설 > 주차장",PK6,제주특별자치도 제주시 이도이동 1176-50,,,http://place.map.kakao.com/2075607465,33.5004896,126.5315587
20591165,제주시청 장애인주차장,"교통,수송 > 교통시설 > 주차장",PK6,제주특별자치도 제주시 이도이동 1176-1,제주특별자치도 제주시 광양9길 10,,http://place.map.kakao.com/20591165,33.4993510,126.5303886
18080683,제주시청 주차장1,"교통,수송 > 교통시설 > 주차장",PK6,제주특별자치도 제주시 이도이동 1176-1,제주특별자치도 제주시 광양9길 10,,http://place.map.kakao.com/18080683,33.5001018,126.5315339
17555917,제주시청 주차장2,"교통,수송 > 교통시설 > 주차장",PK6,제주특별자치도 제주시 이도이동 1176-1,제주특별자치도 제주시 광양9길 10,,http://place.map.kakao.com/17555917,33.4996027,126.5306671
17577514,제주시청소년수련관 주차장1,"교통,수송 > 교통시설 > 주차장",PK6,제주특별자치도 제주시 건입동 533-3,제주특별자치도 제주시 사라봉동길 15,,http://place.map.kakao.com/17577514,33.5142610,126.5472151
17570617,제주시청소년수련관 주차장2,"교통,수송 > 교통시설 > 주차장",PK6,제주특별자치도 제주시 건입동 515,,,http://place.map.kakao.com/17570617,33.5144587,126.5470418
1842586115,제주시청앞 공영주차장,"교통,수송 > 교통시설 > 주차장 > 공영주차장",PK6,제주특별자치도 제주시 이도이동 1176-1,제주특별자치도 제주시 광양9길 10,,http://place.map.kakao.com/1842586115,33.4997185,126.5310119
20563599,제주신라호텔 주차장,"교통,수송 > 교통시설 > 주차장",PK6,제주특별자치도 서귀포시 색달동 3039-3,제주특별자치도 서귀포시 중문관광로72번길 75,,http://place.map.kakao.com/20563599,33.2484207,126.4076259
18071636,제주신영영화박물관 주차장,"교통,수송 > 교통시설 > 주차장",PK6,제주특별자치도 서귀포시 남원읍 남원리 2375-1,,,http://place.map.kakao.com/18071636,33.2749533,126.7044946
2045551499,제주신화월드 주차장2,"교통,수송 > 교통시설 > 주차장",PK6,제주특별자치도 서귀포시 안덕면 서광리 산 35-16,제주특별자치도 서귀포시 안덕면 신화역사로304번길 98,,http://place.map.kakao.com/2045551499,33.3069696,126.3146292
2012356157,제주신화월드 주차장A,"교통,수송 > 교통시설 > 주차장",PK6,제주특별자치도 서귀포시 안덕면 서광리 산 24,제주특별자치도 서귀포시 안덕면 신화역사로304번길 38,,http://place.map.kakao.com/2012356157,33.3079378,126.3195266
1534351674,제주신화월드 주차장B-1,"교통,수송 > 교통시설 > 주차장",PK6,제주특별자치도 서귀포시 안덕면 서광리 산 24,제주특별자치도 서귀포시 안덕면 신화역사로304번길 38,,http://place.map.kakao.com/1534351674,33.3065866,126.3194071
649344264,제주신화월드 주차장B-2,"교통,수송 > 교통시설 > 주차장",PK6,제주특별자치도 서귀포시 안덕면 서광리 산 24,제주특별자치도 서귀포시 안덕면 신화역사로304번길 38,,http://place.map.kakao.com/649344264,33.3058199,126.3190233
2113716769,제주신화월드 주차장B-3,"교통,수송 > 교통시설 > 주차장",PK6,제주특별자치도 서귀포시 안덕면 서광리 산 24,제주특별자치도 서귀포시 안덕면 신화역사로304번길 38,,http://place.map.kakao.com/2113716769,33.3047123,126.3179582
394678885,제주신화월드 주차장C-1,"교통,수송 > 교통시설 > 주차장",PK6,제주특별자치도 서귀포시 안덕면 서광리 산 35-16,제주특별자치도 서귀포시 안덕면 신화역사로304번길 98,,http://place.map.kakao.com/394678885,33.3034208,126.3165789
1863921508,제주신화월드 주차장C-2,"교통,수송 > 교통시설 > 주차장",PK6,제주특별자치도 서귀포시 안덕면 서광리 산 35-16,제주특별자치도 서귀포시 안덕면 신화역사로304번길 98,,http://place.map.kakao.com/1863921508,33.3041595,126.3164711
85804488,제주신화월드 주차장C-3,"교통,수송 > 교통시설 > 주차장",PK6,제주특별자치도 서귀포시 안덕면 서광리 산 35-16,제주특별자치도 서귀포시 안덕면 신화역사로304번길 98,,http://place.map.kakao.com/85804488,33.3036593,126.3158469
1813652123,제주신화월드 주차장C-4,"교통,수송 > 교통시설 > 주차장",PK6,제주특별자치도 서귀포시 안덕면 서광리 산 35-16,제주특별자치도 서귀포시 안덕면 신화역사로304번길 98,,http://place.map.kakao.com/1813652123,33.3029518,126.3157268
616278295,제주신화월드 주차장D,"교통,수송 > 교통시설 > 주차장",PK6,제주특별자치도 서귀포시 안덕면 서광리 산 35-16,제주특별자치도 서귀포시 안덕면 신화역사로304번길 98,,http://place.map.kakao.com/616278295,33.3031694,126.3148071
258894016,제주신화월드 주차장E,"교통,수송 > 교통시설 > 주차장",PK6,제주특별자치도 서귀포시 안덕면 서광리 산 35-16,제주특별자치도 서귀포시 안덕면 신화역사로304번길 98,,http://place.map.kakao.com/258894016,33.3042131,126.3144177
1183817047,제주신화월드 주차장F,"교통,수송 > 교통시설 > 주차장",PK6,제주특별자치도 서귀포시 안덕면 서광리 산 35-16,제주특별자치도 서귀포시 안덕면 신화역사로304번길 98,,http://place.map.kakao.com/1183817047,33.3033484,126.3080574
1642505864,제주신화월드 주차장G,"교통,수송 > 교통시설 > 주차장",PK6,제주특별자치도 서귀포시 안덕면 서광리 산 24,제주특별자치도 서귀포시 안덕면 신화역사로304번길 38,,http://place.map.kakao.com/1642505864,33.3079026,126.3155700
588764025,제주썬호텔&카지노 주차장,"교통,수송 > 교통시설 > 주차장",PK6,제주특별자치도 제주시 연동 291-30,제주특별자치도 제주시 삼무로 67,,http://place.map.kakao.com/588764025,33.4901265,126.4939008
17570738,제주아트랜드 주차장1,"교통,수송 > 교통시설 > 주차장",PK6,제주특별자치도 제주시 구좌읍 송당리 2764-3,,,http://place.map.kakao.com/17570738,33.4244208,126.7435146
17571850,제주아트랜드 주차장2,"교통,수송 > 교통시설 > 주차장",PK6,제주특별자치도 제주시 구좌읍 송당리 2764,,,http://place.map.kakao.com/17571850,33.4240337,126.7446856
26129889,제주아트리움 주차장,"교통,수송 > 교통시설 > 주차장",PK6,제주특별자치도 제주시 해안동 2137-1,,,http://place.map.kakao.com/26129889,33.4644929,126.4553093
676865711,제주아트센터 주차장,"교통,수송 > 교통시설 > 주차장",PK6,제주특별자치도 제주시 오라이동 898-8,,,http://place.map.kakao.com/676865711,33.4747235,126.5143840
20563600,제주아트센터1주차장,"교통,수송 > 교통시설 > 주차장",PK6,제주특별자치도 제주시 오라이동 898-8,제주특별자치도 제주시 오남로 231,,http://place.map.kakao.com/20563600,33.4747189,126.5143539
20590622,제주아트센터2주차장,"교통,수송 > 교통시설 > 주차장",PK6,제주특별자치도 제주시 오라이동 898-8,제주특별자치도 제주시 오남로 231,,http://place.map.kakao.com/20590622,33.4745969,126.5154175
607199062,제주안덕농협하나로마트 주차장,"교통,수송 > 교통시설 > 주차장",PK6,제주특별자치도 서귀포시 안덕면 화순리 1089-1,제주특별자치도 서귀포시 안덕면 화순로 122,,http://place.map.kakao.com/607199062,33.2465258,126.3334070
205392610,제주어멍 통갈치 주차장,"교통,수송 > 교통시설 > 주차장",PK6,제주특별자치도 제주시 용담삼동 2576-3,,,http://place.map.kakao.com/205392610,33.5116972,126.4840973
669267485,제주연동일성트루엘오피스텔 주차장,"교통,수송 > 교통시설 > 주차장",PK6,제주특별자치도 제주시 연동 260-30,제주특별자치도 제주시 삼무로1길 10-8,,http://place.map.kakao.com/669267485,33.4906827,126.4888295
1291606685,제주영락교회 전용주차장,"교통,수송 > 교통시설 > 주차장",PK6,제주특별자치도 제주시 일도이동 498,,,http://place.map.kakao.com/1291606685,33.5111533,126.5442908
1550095737,제주영락교회주차장,"교통,수송 > 교통시설 > 주차장",PK6,제주특별자치도 제주시 일도이동 492,,,http://place.map.kakao.com/1550095737,33.5111449,126.5441962
468042122,제주영상문화산업진흥원 주차장,"교통,수송 > 교통시설 > 주차장",PK6,제주특별자치도 제주시 일도이동 837-20,제주특별자치도 제주시 신산로 82,064-727-7800,http://place.map.kakao.com/468042122,33.5059023,126.5347765
1812013455,제주오리엔탈호텔 주차장,"교통,수송 > 교통시설 > 주차장",PK6,제주특별자치도 제주시 삼도이동 1197,제주특별자치도 제주시 탑동로 47,,http://place.map.kakao.com/1812013455,33.5173334,126.5196204
1662613452,제주오성식당 주차장,"교통,수송 > 교통시설 > 주차장",PK6,제주특별자치도 서귀포시 색달동 2507-1,,,http://place.map.kakao.com/1662613452,33.2555722,126.4146303
1457692143,제주올래국수 주차장,"교통,수송 > 교통시설 > 주차장",PK6,제주특별자치도 제주시 용담이동 2753-9,,,http://place.map.kakao.com/1457692143,33.5008766,126.5058601
1509430295,제주우리병원 주차장,"교통,수송 > 교통시설 > 주차장 > 주차빌딩",,제주특별자치도 제주시 이도이동 1986-3,제주특별자치도 제주시 중앙로 373,,http://place.map.kakao.com/1509430295,33.4890159,126.5397304
17932909,제주월드컵경기장 대형주차장,"교통,수송 > 교통시설 > 주차장",PK6,제주특별자치도 서귀포시 법환동 914,제주특별자치도 서귀포시 월드컵로 33,,http://place.map.kakao.com/17932909,33.2457053,126.5068770
17578247,제주월드컵경기장 장애인전용주차장,"교통,수송 > 교통시설 > 주차장",PK6,제주특별자치도 서귀포시 법환동 881-3,제주특별자치도 서귀포시 법환상로2번길 97-27,,http://place.map.kakao.com/17578247,33.2467602,126.5109744
63987162,제주월드컵경기장 주차장,"교통,수송 > 교통시설 > 주차장",PK6,제주특별자치도 서귀포시 법환동 914,제주특별자치도 서귀포시 월드컵로 33,,http://place.map.kakao.com/63987162,33.2465654,126.5073014
17581034,제주월드컵경기장 주차장1,"교통,수송 > 교통시설 > 주차장",PK6,제주특별자치도 서귀포시 법환동 970,제주특별자치도 서귀포시 법환로58번길 62,,http://place.map.kakao.com/17581034,33.2448496,126.5102682
17572956,제주월드컵경기장 주차장2,"교통,수송 > 교통시설 > 주차장",PK6,제주특별자치도 서귀포시 법환동 914,제주특별자치도 서귀포시 월드컵로 33,,http://place.map.kakao.com/17572956,33.2457477,126.5075463
27057974,제주웰컴센터 주차장,"교통,수송 > 교통시설 > 주차장",PK6,제주특별자치도 제주시 연동 313-80,제주특별자치도 제주시 선덕로 23,,http://place.map.kakao.com/27057974,33.4859682,126.4992059
1492445524,제주은행맞은편 공영주차장,"교통,수송 > 교통시설 > 주차장 > 공영주차장",PK6,제주특별자치도 서귀포시 대정읍 하모리 846-11,,,http://place.map.kakao.com/1492445524,33.2211865,126.2532064
17578926,제주의료원 주차장2,"교통,수송 > 교통시설 > 주차장",PK6,제주특별자치도 제주시 아라일동 4-17,제주특별자치도 제주시 산천단남길 10,,http://place.map.kakao.com/17578926,33.4455360,126.5607600
17572620,제주의료원 주차장3,"교통,수송 > 교통시설 > 주차장",PK6,제주특별자치도 제주시 아라일동 4-17,제주특별자치도 제주시 산천단남길 10,,http://place.map.kakao.com/17572620,33.4452429,126.5594687
18090267,제주조각공원 주차장,"교통,수송 > 교통시설 > 주차장",PK6,제주특별자치도 서귀포시 안덕면 덕수리 613-2,,,http://place.map.kakao.com/18090267,33.2511204,126.3232166
1814397234,제주종합경기장 공영주차장,"교통,수송 > 교통시설 > 주차장 > 공영주차장",PK6,제주특별자치도 제주시 오라일동 1114-2,제주특별자치도 제주시 서광로2길 24,,http://place.map.kakao.com/1814397234,33.4955390,126.5172550
17581035,제주종합경기장 주차장1,"교통,수송 > 교통시설 > 주차장",PK6,제주특별자치도 제주시 오라일동 1137,제주특별자치도 제주시 서광로2길 24,,http://place.map.kakao.com/17581035,33.4960731,126.5155002
17572957,제주종합경기장 주차장2,"교통,수송 > 교통시설 > 주차장",PK6,제주특별자치도 제주시 오라일동 1165,제주특별자치도 제주시 서광로2길 24,,http://place.map.kakao.com/17572957,33.4979143,126.5159979
17575151,제주종합경기장 주차장3,"교통,수송 > 교통시설 > 주차장",PK6,제주특별자치도 제주시 오라일동 1165,제주특별자치도 제주시 서광로2길 24,,http://place.map.kakao.com/17575151,33.4949340,126.5193202
150924072,제주주차장,"교통,수송 > 교통시설 > 주차장",PK6,제주특별자치도 제주시 이호이동 1563,제주특별자치도 제주시 오광로 24,,http://place.map.kakao.com/150924072,33.4933406,126.4558110
1002191922,제주중앙고등학교 주차장,"교통,수송 > 교통시설 > 주차장",PK6,제주특별자치도 제주시 월평동 1236,제주특별자치도 제주시 아봉로 323,,http://place.map.kakao.com/1002191922,33.4733033,126.5725723
483485432,제주중앙지하상가 서쪽 공영주차장,"교통,수송 > 교통시설 > 주차장 > 공영주차장",PK6,제주특별자치도 제주시 삼도이동 102-2,제주특별자치도 제주시 관덕로8길 6,,http://place.map.kakao.com/483485432,33.5127477,126.5233149
17555443,제주지방검찰청 주차장,"교통,수송 > 교통시설 > 주차장",PK6,제주특별자치도 제주시 이도이동 950-1,제주특별자치도 제주시 남광북5길 3,,http://place.map.kakao.com/17555443,33.4933115,126.5354874
17570431,제주지방경찰학교 주차장,"교통,수송 > 교통시설 > 주차장",PK6,제주특별자치도 제주시 아라일동 산 1-6,제주특별자치도 제주시 516로 2927,,http://place.map.kakao.com/17570431,33.4415315,126.5655013
26777374,제주지방법원 주차장,"교통,수송 > 교통시설 > 주차장",PK6,제주특별자치도 제주시 이도이동 950-1,제주특별자치도 제주시 남광북5길 3,,http://place.map.kakao.com/26777374,33.4935988,126.5361401
17554742,제주지방합동청사 주차장2,"교통,수송 > 교통시설 > 주차장",PK6,제주특별자치도 제주시 도남동 664-4,제주특별자치도 제주시 청사로3길 11-1,,http://place.map.kakao.com/17554742,33.4904646,126.5265285
17556638,제주지방합동청사 주차장3,"교통,수송 > 교통시설 > 주차장",PK6,제주특별자치도 제주시 도남동 662,제주특별자치도 제주시 청사로 59,,http://place.map.kakao.com/17556638,33.4914156,126.5252966
1018194050,제주지하상가 서쪽 공영주차장 전기차충전소,"교통,수송 > 자동차 > 전기차 충전소",,제주특별자치도 제주시 삼도이동 102-2,제주특별자치도 제주시 관덕로8길 6,,http://place.map.kakao.com/1018194050,33.5127136,126.5233581
1655002557,제주차방,음식점 > 카페 > 전통찻집,CE7,제주특별자치도 서귀포시 하원동 1697,제주특별자치도 서귀포시 이어도로 297,,http://place.map.kakao.com/1655002557,33.2434261,126.4509332
983743866,제주첨단과학기술단지 주차장 전기차충전소,"교통,수송 > 자동차 > 전기차 충전소",,제주특별자치도 제주시 영평동 2170-1,제주특별자치도 제주시 첨단로 213-3,,http://place.map.kakao.com/983743866,33.4535411,126.5707462
20563604,제주추사관 주차장,"교통,수송 > 교통시설 > 주차장",PK6,제주특별자치도 서귀포시 대정읍 안성리 1640,,,http://place.map.kakao.com/20563604,33.2508161,126.2790235
528236320,제주축산농협 하나로마트 아라점 주차장,"교통,수송 > 교통시설 > 주차장",PK6,제주특별자치도 제주시 아라이동 2423,제주특별자치도 제주시 중앙로 415,,http://place.map.kakao.com/528236320,33.4861652,126.5426873
228048971,제주카카 주차대행,"서비스,산업 > 전문대행",,제주특별자치도 제주시 용담이동 1673-1,제주특별자치도 제주시 월성로4길 74-12,010-4410-0881,http://place.map.kakao.com/228048971,33.4993547,126.4984477
20344536,제주캠핑클럽 주차장,"교통,수송 > 교통시설 > 주차장",PK6,제주특별자치도 제주시 애월읍 유수암리 1319,,,http://place.map.kakao.com/20344536,33.4178281,126.3998382
1031448735,제주킹마트 동문지점 주차장,"교통,수송 > 교통시설 > 주차장",PK6,제주특별자치도 제주시 일도이동 982-7,,,http://place.map.kakao.com/1031448735,33.5135381,126.5360380
2100019575,제주토비스콘도 옥외주차장,"교통,수송 > 교통시설 > 주차장",PK6,제주특별자치도 제주시 애월읍 애월리 2505,제주특별자치도 제주시 애월읍 애월로1길 8,,http://place.map.kakao.com/2100019575,33.4631020,126.3116001
779404063,제주통큰장어 전용주차장,"교통,수송 > 교통시설 > 주차장",PK6,제주특별자치도 제주시 이도이동 410,,,http://place.map.kakao.com/779404063,33.5016432,126.5422949
1129744498,제주특별자치도 공공정책연수원 주차장,"교통,수송 > 교통시설 > 주차장",PK6,제주특별자치도 제주시 아라일동 368-20,제주특별자치도 제주시 산천단동길 26,,http://place.map.kakao.com/1129744498,33.4471512,126.5598742
901497384,제주특별자치도 민속자연사박물관 주차장,"교통,수송 > 교통시설 > 주차장",PK6,제주특별자치도 제주시 일도이동 996-1,제주특별자치도 제주시 삼성로 40,,http://place.map.kakao.com/901497384,33.5062458,126.5302438
18119008,제주특별자치도 민속자연사박물관 주차장2,"교통,수송 > 교통시설 > 주차장",PK6,제주특별자치도 제주시 일도이동 996-1,제주특별자치도 제주시 삼성로 40,,http://place.map.kakao.com/18119008,33.5060858,126.5298960
1929699100,제주특별자치도 제2청사 후문주차장,"교통,수송 > 교통시설 > 주차장",PK6,제주특별자치도 제주시 연동 322-1,제주특별자치도 제주시 문연로 30,,http://place.map.kakao.com/1929699100,33.4892668,126.5004545
26596331,제주특별자치도교육청 주차장,"교통,수송 > 교통시설 > 주차장",PK6,제주특별자치도 제주시 연동 311-46,제주특별자치도 제주시 문연로 5,,http://place.map.kakao.com/26596331,33.4901460,126.4978089
21929555,제주특별자치도어린이교통공원 주차장,"교통,수송 > 교통시설 > 주차장",PK6,제주특별자치도 제주시 봉개동 53-20,,,http://place.map.kakao.com/21929555,33.4510911,126.6236495
26596332,제주특별자치도의회 주차장,"교통,수송 > 교통시설 > 주차장",PK6,제주특별자치도 제주시 연동 311-44,제주특별자치도 제주시 문연로 13,,http://place.map.kakao.com/26596332,33.4900268,126.4995613
949768896,제주특별자치도청 주차장,"교통,수송 > 교통시설 > 주차장",PK6,제주특별자치도 제주시 연동 312-1,제주특별자치도 제주시 문연로 6,,http://place.map.kakao.com/949768896,33.4882207,126.4977231
17556648,제주특별자치도청 주차장3,"교통,수송 > 교통시설 > 주차장",PK6,제주특별자치도 제주시 연동 312-1,제주특별자치도 제주시 문연로 6,,http://place.map.kakao.com/17556648,33.4883950,126.4982408
20581118,제주특별자치도청공용주차장,"교통,수송 > 교통시설 > 주차장",PK6,제주특별자치도 제주시 연동 322-8,,,http://place.map.kakao.com/20581118,33.4882088,126.5003379
1361814356,제주하나로마트 주차장,"교통,수송 > 교통시설 > 주차장",PK6,제주특별자치도 제주시 일도이동 1,제주특별자치도 제주시 남광로 206,,http://place.map.kakao.com/1361814356,33.5034325,126.5525685
20563606,제주학생문화원 주차장,"교통,수송 > 교통시설 > 주차장",PK6,제주특별자치도 제주시 이도이동 414,제주특별자치도 제주시 연삼로 489,,http://place.map.kakao.com/20563606,33.5008296,126.5417019
77309498,제주한라경찰수련원 주차장1,"교통,수송 > 교통시설 > 주차장",PK6,제주특별자치도 제주시 봉개동 234-59,제주특별자치도 제주시 명림로 381,,http://place.map.kakao.com/77309498,33.4558260,126.6199806
845010405,제주한라경찰수련원 주차장2,"교통,수송 > 교통시설 > 주차장",PK6,제주특별자치도 제주시 봉개동 234-59,제주특별자치도 제주시 명림로 381,,http://place.map.kakao.com/845010405,33.4547677,126.6194603
27325896,제주한라병원 주차장,"교통,수송 > 교통시설 > 주차장",PK6,제주특별자치도 제주시 연동 1963-3,제주특별자치도 제주시 도령로 65,,http://place.map.kakao.com/27325896,33.4897954,126.4853290
1839256469,제주한림농협하나로마트 주차장,"교통,수송 > 교통시설 > 주차장",PK6,제주특별자치도 제주시 한림읍 한림리 1560,제주특별자치도 제주시 한림읍 한림상로 101,,http://place.map.kakao.com/1839256469,33.4099877,126.2638800
1387041101,제주항 주차장1,"교통,수송 > 교통시설 > 주차장",PK6,제주특별자치도 제주시 건입동 908-12,,,http://place.map.kakao.com/1387041101,33.5211527,126.5383956
2141231082,제주항 주차장2,"교통,수송 > 교통시설 > 주차장",PK6,제주특별자치도 제주시 건입동 902-1,제주특별자치도 제주시 임항로 141,,http://place.map.kakao.com/2141231082,33.5208559,126.5390818
629144614,제주항 주차장3,"교통,수송 > 교통시설 > 주차장",PK6,제주특별자치도 제주시 건입동 908-1,제주특별자치도 제주시 임항로 191,,http://place.map.kakao.com/629144614,33.5217852,126.5426592
384931259,제주항 주차장4,"교통,수송 > 교통시설 > 주차장",PK6,제주특별자치도 제주시 건입동 908-1,제주특별자치도 제주시 임항로 191,,http://place.map.kakao.com/384931259,33.5249243,126.5440593
928450848,제주항 주차장5,"교통,수송 > 교통시설 > 주차장",PK6,제주특별자치도 제주시 건입동 908-18,제주특별자치도 제주시 임항로 191,,http://place.map.kakao.com/928450848,33.5270546,126.5437898
1257621496,제주항 주차장6,"교통,수송 > 교통시설 > 주차장",PK6,제주특별자치도 제주시 건입동 1451-5,제주특별자치도 제주시 임항로 193,,http://place.map.kakao.com/1257621496,33.5275378,126.5447561
1515360990,제주항 주차장7,"교통,수송 > 교통시설 > 주차장",PK6,제주특별자치도 제주시 건입동 1451-1,제주특별자치도 제주시 임항로 191,,http://place.map.kakao.com/1515360990,33.5268692,126.5453538
633564562,제주항 주차장8,"교통,수송 > 교통시설 > 주차장",PK6,제주특별자치도 제주시 건입동 1451-2,,,http://place.map.kakao.com/633564562,33.5233972,126.5448693
25971704,제주항공우주박물관 주차장,"교통,수송 > 교통시설 > 주차장",PK6,제주특별자치도 서귀포시 안덕면 서광리 산 39,,,http://place.map.kakao.com/25971704,33.3048645,126.3012154
26856073,제주항공우주박물관 직원주차장,"교통,수송 > 교통시설 > 주차장",PK6,제주특별자치도 서귀포시 안덕면 서광리 산 39,,,http://place.map.kakao.com/26856073,33.3048159,126.2989867
25971705,제주항공우주호텔 주차장,"교통,수송 > 교통시설 > 주차장",PK6,제주특별자치도 서귀포시 안덕면 서광리 51-20,,,http://place.map.kakao.com/25971705,33.3013116,126.2934574
26494545,제주항연안여객터미널 주차장,"교통,수송 > 교통시설 > 주차장",PK6,제주특별자치도 제주시 건입동 918-32,,,http://place.map.kakao.com/26494545,33.5188484,126.5345888
20563607,제주항일기념관 주차장,"교통,수송 > 교통시설 > 주차장",PK6,제주특별자치도 제주시 조천읍 조천리 1156,제주특별자치도 제주시 조천읍 신북로 303,,http://place.map.kakao.com/20563607,33.5408046,126.6434722
19386785,제주해녀항일운동기념공원 주차장1,"교통,수송 > 교통시설 > 주차장",PK6,제주특별자치도 제주시 구좌읍 하도리 3359-81,,,http://place.map.kakao.com/19386785,33.5226265,126.8668610
17933762,제주해양관리단 2주차장,"교통,수송 > 교통시설 > 주차장",PK6,제주특별자치도 제주시 건입동 918,제주특별자치도 제주시 임항로 128,,http://place.map.kakao.com/17933762,33.5192539,126.5369332
17576738,제주허브동산 주차장,"교통,수송 > 교통시설 > 주차장",PK6,제주특별자치도 서귀포시 표선면 표선리 2608,제주특별자치도 서귀포시 표선면 돈오름로 170,,http://place.map.kakao.com/17576738,33.3302905,126.8159855
1293233529,제주혁신도시 무료주차장,"교통,수송 > 교통시설 > 주차장",PK6,제주특별자치도 서귀포시 법환동 1666-3,,,http://place.map.kakao.com/1293233529,33.2498780,126.5128113
811211082,제주혁신도시 임시주차장,"교통,수송 > 교통시설 > 주차장",PK6,제주특별자치도 서귀포시 서호동 1616,,,http://place.map.kakao.com/811211082,33.2489169,126.5183622
895061944,제주호텔더엠 외부주차장,"교통,수송 > 교통시설 > 주차장",PK6,제주특별자치도 서귀포시 서귀동 825,,064-735-6000,http://place.map.kakao.com/895061944,33.2463422,126.5608469
1256427638,제주화물자동차 공영차고지,"교통,수송 > 교통시설 > 주차장 > 공영주차장",PK6,제주특별자치도 제주시 도련일동 2574-1,제주특별자치도 제주시 번영로 345,,http://place.map.kakao.com/1256427638,33.4977835,126.5802594
1388911568,제주환경자원순환센터 주차장,"교통,수송 > 교통시설 > 주차장",PK6,제주특별자치도 제주시 구좌읍 동복리 산 56-34,제주특별자치도 제주시 구좌읍 조천우회로 982-72,,http://place.map.kakao.com/1388911568,33.5397087,126.7076289
1133138722,제주횟집 애월밤바다 주차장,"교통,수송 > 교통시설 > 주차장",PK6,제주특별자치도 제주시 애월읍 하귀1리 229-5,,,http://place.map.kakao.com/1133138722,33.4870976,126.4166831
20590623,제피로스GC 주차장,"교통,수송 > 교통시설 > 주차장",PK6,제주특별자치도 제주시 조천읍 와흘리 2927-3,제주특별자치도 제주시 조천읍 번영로 1040-70,,http://place.map.kakao.com/20590623,33.4643279,126.6461264
27432447,조은리조트 주차장1,"교통,수송 > 교통시설 > 주차장",PK6,제주특별자치도 서귀포시 강정동 2486,제주특별자치도 서귀포시 이어도로 721,,http://place.map.kakao.com/27432447,33.2350153,126.4924401
27432449,조은리조트 주차장2,"교통,수송 > 교통시설 > 주차장",PK6,제주특별자치도 서귀포시 강정동 2486,제주특별자치도 서귀포시 이어도로 721,,http://place.map.kakao.com/27432449,33.2355009,126.4921455
288263471,조은주차장,"교통,수송 > 교통시설 > 주차장",PK6,제주특별자치도 제주시 용담이동 1726-1,,1644-0202,http://place.map.kakao.com/288263471,33.4988624,126.4986496
305457951,조천농협하나로마트 주차장,"교통,수송 > 교통시설 > 주차장",PK6,제주특별자치도 제주시 조천읍 조천리 2325-1,제주특별자치도 제주시 조천읍 신북로 240,,http://place.map.kakao.com/305457951,33.5365310,126.6384749
2057486979,조천도서관 주차장,"교통,수송 > 교통시설 > 주차장",PK6,제주특별자치도 제주시 조천읍 함덕리 919,,,http://place.map.kakao.com/2057486979,33.5374990,126.6680059
1247570744,조천만세동산 주차장,"교통,수송 > 교통시설 > 주차장",PK6,제주특별자치도 제주시 조천읍 조천리 1156,제주특별자치도 제주시 조천읍 신북로 303,,http://place.map.kakao.com/1247570744,33.5399176,126.6410340
20563639,조천보건지소 주차장,"교통,수송 > 교통시설 > 주차장",PK6,제주특별자치도 제주시 조천읍 조천리 2347-1,,,http://place.map.kakao.com/20563639,33.5384190,126.6403641
1784571906,조천읍 무료 주차장,"교통,수송 > 교통시설 > 주차장 > 공영주차장",PK6,제주특별자치도 제주시 조천읍 조천리 1156,제주특별자치도 제주시 조천읍 신북로 303,,http://place.map.kakao.com/1784571906,33.5416464,126.6427409
386073147,조천읍 무료 주차장,"교통,수송 > 교통시설 > 주차장 > 공영주차장",PK6,제주특별자치도 제주시 조천읍 함덕리 921-3,,,http://place.map.kakao.com/386073147,33.5383004,126.6676206
638591561,조천읍 무료 주차장,"교통,수송 > 교통시설 > 주차장 > 공영주차장",PK6,제주특별자치도 제주시 조천읍 조천리 2714-5,제주특별자치도 제주시 조천읍 조천북1길 11-13,,http://place.map.kakao.com/638591561,33.5411179,126.6358783
1923591459,조천읍무료노외공영주차장,"교통,수송 > 교통시설 > 주차장 > 공영주차장",PK6,제주특별자치도 제주시 조천읍 함덕리 1002-83,,,http://place.map.kakao.com/1923591459,33.5411501,126.6695423
958753707,족은노꼬메오름 주차장,"교통,수송 > 교통시설 > 주차장",PK6,제주특별자치도 제주시 애월읍 유수암리 산 28,,,http://place.map.kakao.com/958753707,33.3988052,126.4239671
91434251,종남공영주차장 전기차충전소,"교통,수송 > 자동차 > 전기차 충전소",,제주특별자치도 제주시 노형동 2619-1,,1899-8852,http://place.map.kakao.com/91434251,33.4841223,126.4713365
1062213786,주차장,"교통,수송 > 교통시설 > 주차장",PK6,제주특별자치도 서귀포시 서호동 1521-12,,,http://place.map.kakao.com/1062213786,33.2551003,126.5202492
1082965700,주차장,"교통,수송 > 교통시설 > 주차장",PK6,제주특별자치도 제주시 구좌읍 김녕리 493-3,,,http://place.map.kakao.com/1082965700,33.5585721,126.7630283
1298354899,주차장,"교통,수송 > 교통시설 > 주차장 > 공영주차장",PK6,제주특별자치도 제주시 조천읍 함덕리 1034,,,http://place.map.kakao.com/1298354899,33.5451173,126.6616198
1768036552,주차장,"교통,수송 > 교통시설 > 주차장",PK6,제주특별자치도 제주시 연동 1397,,,http://place.map.kakao.com/1768036552,33.4812916,126.4875032
2050198243,주차장,"교통,수송 > 교통시설 > 주차장",PK6,제주특별자치도 서귀포시 대정읍 상모리 1-2,,,http://place.map.kakao.com/2050198243,33.2143861,126.2938993
20580659,주차장,"교통,수송 > 교통시설 > 주차장",PK6,제주특별자치도 서귀포시 남원읍 하례리 산 30-1,,,http://place.map.kakao.com/20580659,33.3282122,126.6062422
20580664,주차장,"교통,수송 > 교통시설 > 주차장",PK6,제주특별자치도 서귀포시 남원읍 남원리 2373,,,http://place.map.kakao.com/20580664,33.2746511,126.7032849
20580700,주차장,"교통,수송 > 교통시설 > 주차장",PK6,제주특별자치도 서귀포시 동홍동 774-3,제주특별자치도 서귀포시 토평서로11번길 150,,http://place.map.kakao.com/20580700,33.2666364,126.5739038
20580705,주차장,"교통,수송 > 교통시설 > 주차장",PK6,제주특별자치도 서귀포시 표선면 토산리 30-2,,,http://place.map.kakao.com/20580705,33.3039102,126.7895881
20580711,주차장,"교통,수송 > 교통시설 > 주차장",PK6,제주특별자치도 서귀포시 표선면 표선리 44-4,,,http://place.map.kakao.com/20580711,33.3251932,126.8412182
20580717,주차장,"교통,수송 > 교통시설 > 주차장",PK6,제주특별자치도 서귀포시 법환동 754,,,http://place.map.kakao.com/20580717,33.2536557,126.5091084
20580721,주차장,"교통,수송 > 교통시설 > 주차장",PK6,제주특별자치도 서귀포시 상효동 1479,제주특별자치도 서귀포시 돈내코로70번길 64,,http://place.map.kakao.com/20580721,33.3034136,126.5872111
20580725,주차장,"교통,수송 > 교통시설 > 주차장",PK6,제주특별자치도 서귀포시 색달동 2947,,,http://place.map.kakao.com/20580725,33.2468620,126.4173967
20580742,주차장,"교통,수송 > 교통시설 > 주차장",PK6,제주특별자치도 서귀포시 서귀동 318-3,,,http://place.map.kakao.com/20580742,33.2480976,126.5580353
20580750,주차장,"교통,수송 > 교통시설 > 주차장",PK6,제주특별자치도 서귀포시 서귀동 410-9,,,http://place.map.kakao.com/20580750,33.2473100,126.5658253
20580756,주차장,"교통,수송 > 교통시설 > 주차장",PK6,제주특별자치도 서귀포시 서귀동 480-6,제주특별자치도 서귀포시 중앙로4번길 20,,http://place.map.kakao.com/20580756,33.2451475,126.5641664
20580761,주차장,"교통,수송 > 교통시설 > 주차장",PK6,제주특별자치도 서귀포시 서귀동 644-13,,,http://place.map.kakao.com/20580761,33.2425781,126.5626898
20580762,주차장,"교통,수송 > 교통시설 > 주차장",PK6,제주특별자치도 서귀포시 서귀동 69-2,,,http://place.map.kakao.com/20580762,33.2437499,126.5688173
20580776,주차장,"교통,수송 > 교통시설 > 주차장",PK6,제주특별자치도 서귀포시 서홍동 794-3,,,http://place.map.kakao.com/20580776,33.2409653,126.5463973
20580787,주차장,"교통,수송 > 교통시설 > 주차장",PK6,제주특별자치도 서귀포시 하원동 1332-2,제주특별자치도 서귀포시 법화로 13,,http://place.map.kakao.com/20580787,33.2554935,126.4583590
20580791,주차장,"교통,수송 > 교통시설 > 주차장",PK6,제주특별자치도 서귀포시 하원동 480-14,,,http://place.map.kakao.com/20580791,33.2566810,126.4619060
20580794,주차장,"교통,수송 > 교통시설 > 주차장",PK6,제주특별자치도 서귀포시 하효동 198-2,,,http://place.map.kakao.com/20580794,33.2625764,126.6174453
20580799,주차장,"교통,수송 > 교통시설 > 주차장",PK6,제주특별자치도 서귀포시 호근동 1619,제주특별자치도 서귀포시 태평로92번길 49,,http://place.map.kakao.com/20580799,33.2400600,126.5317841
20580800,주차장,"교통,수송 > 교통시설 > 주차장",PK6,제주특별자치도 서귀포시 성산읍 고성리 42,,,http://place.map.kakao.com/20580800,33.4308280,126.9334383
20580840,주차장,"교통,수송 > 교통시설 > 주차장",PK6,제주특별자치도 제주시 건입동 670-9,제주특별자치도 제주시 사라봉3길 26,,http://place.map.kakao.com/20580840,33.5163718,126.5406598
20580858,주차장,"교통,수송 > 교통시설 > 주차장",PK6,제주특별자치도 제주시 구좌읍 세화리 3642-8,제주특별자치도 제주시 구좌읍 세화1길 33,,http://place.map.kakao.com/20580858,33.5263783,126.8551043
20580860,주차장,"교통,수송 > 교통시설 > 주차장",PK6,제주특별자치도 제주시 구좌읍 세화리 3651,,,http://place.map.kakao.com/20580860,33.5265439,126.8548586
20580863,주차장,"교통,수송 > 교통시설 > 주차장",PK6,제주특별자치도 제주시 구좌읍 월정리 1400-33,,,http://place.map.kakao.com/20580863,33.5637070,126.7788023
20580866,주차장,"교통,수송 > 교통시설 > 주차장",PK6,제주특별자치도 제주시 구좌읍 평대리 3354,,,http://place.map.kakao.com/20580866,33.5274388,126.8552532
20580881,주차장,"교통,수송 > 교통시설 > 주차장",PK6,제주특별자치도 제주시 애월읍 신엄리 2841-9,,,http://place.map.kakao.com/20580881,33.4750496,126.3530886
20580882,주차장,"교통,수송 > 교통시설 > 주차장",PK6,제주특별자치도 제주시 애월읍 신엄리 961,,,http://place.map.kakao.com/20580882,33.4781627,126.3693412
20580885,주차장,"교통,수송 > 교통시설 > 주차장",PK6,제주특별자치도 제주시 애월읍 애월리 1772-10,제주특별자치도 제주시 애월읍 애월해안로 65,,http://place.map.kakao.com/20580885,33.4672663,126.3212230
20580897,주차장,"교통,수송 > 교통시설 > 주차장",PK6,제주특별자치도 제주시 애월읍 하귀2리 2615-8,,,http://place.map.kakao.com/20580897,33.4835934,126.3960292
20580899,주차장,"교통,수송 > 교통시설 > 주차장",PK6,제주특별자치도 제주시 애월읍 하귀2리 2988-2,,,http://place.map.kakao.com/20580899,33.4770275,126.3918649
20580916,주차장,"교통,수송 > 교통시설 > 주차장",PK6,제주특별자치도 제주시 노형동 2529-7,제주특별자치도 제주시 수덕11길 46,,http://place.map.kakao.com/20580916,33.4854271,126.4722281
20580934,주차장,"교통,수송 > 교통시설 > 주차장",PK6,제주특별자치도 제주시 노형동 932-6,,,http://place.map.kakao.com/20580934,33.4845906,126.4833930
20580941,주차장,"교통,수송 > 교통시설 > 주차장",PK6,제주특별자치도 제주시 우도면 연평리 343-1,,,http://place.map.kakao.com/20580941,33.4937499,126.9594444
20580954,주차장,"교통,수송 > 교통시설 > 주차장",PK6,제주특별자치도 제주시 도남동 87-8,,,http://place.map.kakao.com/20580954,33.4961385,126.5296527
20580966,주차장,"교통,수송 > 교통시설 > 주차장",PK6,제주특별자치도 제주시 조천읍 신흥리 144-1,,,http://place.map.kakao.com/20580966,33.5469710,126.6521620
20580972,주차장,"교통,수송 > 교통시설 > 주차장",PK6,제주특별자치도 제주시 조천읍 함덕리 250-2,,,http://place.map.kakao.com/20580972,33.5442258,126.6744371
20580977,주차장,"교통,수송 > 교통시설 > 주차장",PK6,제주특별자치도 제주시 도두일동 1727-2,,,http://place.map.kakao.com/20580977,33.5088378,126.4709495
20580980,주차장,"교통,수송 > 교통시설 > 주차장",PK6,제주특별자치도 제주시 도두일동 2605-8,제주특별자치도 제주시 도두항길 22-2,,http://place.map.kakao.com/20580980,33.5077656,126.4664917
20581007,주차장,"교통,수송 > 교통시설 > 주차장",PK6,제주특별자치도 제주시 한림읍 대림리 1700-1,,,http://place.map.kakao.com/20581007,33.4204438,126.2744960
20581029,주차장,"교통,수송 > 교통시설 > 주차장",PK6,제주특별자치도 제주시 삼도일동 1227-6,,,http://place.map.kakao.com/20581029,33.5010105,126.5239259
20581033,주차장,"교통,수송 > 교통시설 > 주차장",PK6,제주특별자치도 제주시 삼도이동 1116-1,,,http://place.map.kakao.com/20581033,33.5155571,126.5207518
20581058,주차장,"교통,수송 > 교통시설 > 주차장",PK6,제주특별자치도 제주시 삼양이동 1965-4,,,http://place.map.kakao.com/20581058,33.5255870,126.5837603
20581232,주차장,"교통,수송 > 교통시설 > 주차장",PK6,제주특별자치도 제주시 이호일동 431-2,제주특별자치도 제주시 서해안로 45-18,,http://place.map.kakao.com/20581232,33.5003080,126.4549796
20581253,주차장,"교통,수송 > 교통시설 > 주차장",PK6,제주특별자치도 제주시 일도이동 1029-250,,,http://place.map.kakao.com/20581253,33.5085459,126.5309890
20581312,주차장,"교통,수송 > 교통시설 > 주차장",PK6,제주특별자치도 제주시 구좌읍 하도리 53-2,,,http://place.map.kakao.com/20581312,33.5125726,126.8981069
20591313,주차장,"교통,수송 > 교통시설 > 주차장",PK6,제주특별자치도 제주시 애월읍 애월리 2459-1,,,http://place.map.kakao.com/20591313,33.4597274,126.3111277
20591334,주차장,"교통,수송 > 교통시설 > 주차장",PK6,제주특별자치도 제주시 애월읍 고내리 337-2,,,http://place.map.kakao.com/20591334,33.4730729,126.3502373
297039191,주차장,"교통,수송 > 교통시설 > 주차장",PK6,제주특별자치도 제주시 아라이동 37-1,,,http://place.map.kakao.com/297039191,33.4600160,126.5608483
476283353,주차장,"교통,수송 > 교통시설 > 주차장",PK6,제주특별자치도 서귀포시 남원읍 남원리 1383-2,,,http://place.map.kakao.com/476283353,33.2745753,126.7093691
498870342,주차장,"교통,수송 > 교통시설 > 주차장",PK6,제주특별자치도 서귀포시 남원읍 남원리 141,,,http://place.map.kakao.com/498870342,33.2790107,126.7169114
610664524,주차장,"교통,수송 > 교통시설 > 주차장",PK6,제주특별자치도 제주시 구좌읍 행원리 3260,제주특별자치도 제주시 구좌읍 월행남길 322-30,,http://place.map.kakao.com/610664524,33.5234313,126.7810169
911181450,주차장,"교통,수송 > 교통시설 > 주차장",PK6,제주특별자치도 제주시 한림읍 금능리 1574,,,http://place.map.kakao.com/911181450,33.3883600,126.2244320
17576748,중문 관광단지 주차장16,"교통,수송 > 교통시설 > 주차장",PK6,제주특별자치도 서귀포시 색달동 2558-1,제주특별자치도 서귀포시 중문관광로 38,,http://place.map.kakao.com/17576748,33.2546247,126.4135184
1114260652,중문 녹나무주차장,"교통,수송 > 교통시설 > 주차장",PK6,제주특별자치도 서귀포시 중문동 2047-4,,010-7721-2346,http://place.map.kakao.com/1114260652,33.2502279,126.4248043
20582992,중문골프클럽 주차장,"교통,수송 > 교통시설 > 주차장",PK6,제주특별자치도 서귀포시 색달동 2101,제주특별자치도 서귀포시 중문관광로72번길 60,,http://place.map.kakao.com/20582992,33.2498136,126.4070371
17932532,중문관광단지 15주차장,"교통,수송 > 교통시설 > 주차장",PK6,제주특별자치도 서귀포시 색달동 2877-15,,,http://place.map.kakao.com/17932532,33.2505874,126.4143116
17576747,중문관광단지 주차장12,"교통,수송 > 교통시설 > 주차장",PK6,제주특별자치도 서귀포시 색달동 2812-4,제주특별자치도 서귀포시 중문관광로72번길 35,,http://place.map.kakao.com/17576747,33.2497617,126.4090161
17933465,중문관광단지 주차장13,"교통,수송 > 교통시설 > 주차장",PK6,제주특별자치도 서귀포시 색달동 2822-41,,,http://place.map.kakao.com/17933465,33.2492073,126.4115008
17932531,중문관광단지 주차장14,"교통,수송 > 교통시설 > 주차장",PK6,제주특별자치도 서귀포시 색달동 2889,제주특별자치도 서귀포시 중문관광로110번길 31,,http://place.map.kakao.com/17932531,33.2504129,126.4124928
17932533,중문관광단지 주차장17,"교통,수송 > 교통시설 > 주차장",PK6,제주특별자치도 서귀포시 색달동 2914-2,,,http://place.map.kakao.com/17932533,33.2516770,126.4151714
17580713,중문관광단지 주차장19,"교통,수송 > 교통시설 > 주차장",PK6,제주특별자치도 서귀포시 색달동 2950-4,제주특별자치도 서귀포시 중문관광로 154-17,,http://place.map.kakao.com/17580713,33.2443424,126.4153833
17932555,중문관광단지 주차장3,"교통,수송 > 교통시설 > 주차장",PK6,제주특별자치도 서귀포시 중문동 2548,,,http://place.map.kakao.com/17932555,33.2437252,126.4230099
17932558,중문관광단지 주차장5,"교통,수송 > 교통시설 > 주차장",PK6,제주특별자치도 서귀포시 중문동 2494,,,http://place.map.kakao.com/17932558,33.2442479,126.4276419
17932559,중문관광단지 주차장6,"교통,수송 > 교통시설 > 주차장",PK6,제주특별자치도 서귀포시 중문동 2743,,,http://place.map.kakao.com/17932559,33.2416894,126.4273152
17933475,중문관광단지 주차장7,"교통,수송 > 교통시설 > 주차장",PK6,제주특별자치도 서귀포시 색달동 2950-3,,,http://place.map.kakao.com/17933475,33.2450533,126.4147176
17932527,중문관광단지 주차장8,"교통,수송 > 교통시설 > 주차장",PK6,제주특별자치도 서귀포시 색달동 2822-25,,,http://place.map.kakao.com/17932527,33.2473192,126.4118654
1616636496,중문농협하나로마트 주차장,"교통,수송 > 교통시설 > 주차장",PK6,제주특별자치도 서귀포시 중문동 1923-6,제주특별자치도 서귀포시 천제연로 242,,http://place.map.kakao.com/1616636496,33.2508361,126.4305992
536190944,중문대포주상절리대 주차장,"교통,수송 > 교통시설 > 주차장",PK6,제주특별자치도 서귀포시 중문동 2757-10,,,http://place.map.kakao.com/536190944,33.2385549,126.4264365
6174714,중문색달통갈치 주차장,"교통,수송 > 교통시설 > 주차장",PK6,제주특별자치도 서귀포시 색달동 2088-1,제주특별자치도 서귀포시 일주서로 993,,http://place.map.kakao.com/6174714,33.2583058,126.4047325
20595554,중문색달해수욕장 공영주차장,"교통,수송 > 교통시설 > 주차장",PK6,제주특별자치도 서귀포시 색달동 2950-3,,,http://place.map.kakao.com/20595554,33.2451002,126.4147194
207554135,중문축구단지 주차장,"교통,수송 > 교통시설 > 주차장",PK6,제주특별자치도 서귀포시 대포동 2492,,,http://place.map.kakao.com/207554135,33.2352160,126.4336681
27334729,중문카트체험장 주차장,"교통,수송 > 교통시설 > 주차장",PK6,제주특별자치도 서귀포시 상예동 1759-1,제주특별자치도 서귀포시 일주서로 1114,,http://place.map.kakao.com/27334729,33.2641519,126.3941042
1648019184,중앙공영노외1주차장,"교통,수송 > 교통시설 > 주차장 > 공영주차장",PK6,제주특별자치도 서귀포시 서귀동 268-17,제주특별자치도 서귀포시 동문동로 28,064-760-3107,http://place.map.kakao.com/1648019184,33.2510302,126.5653433
1020626736,중앙공영주차빌딩,"교통,수송 > 교통시설 > 주차장 > 공영주차장",PK6,제주특별자치도 서귀포시 서귀동 291-63,제주특별자치도 서귀포시 중앙로54번길 17,,http://place.map.kakao.com/1020626736,33.2498760,126.5622200
1876432812,중앙공영주차장 전기차충전소,"교통,수송 > 자동차 > 전기차 충전소",,제주특별자치도 서귀포시 서귀동 291-2,제주특별자치도 서귀포시 중앙로54번길 17,,http://place.map.kakao.com/1876432812,33.2499343,126.5621295
91557514,중앙공영주차장 전기차충전소,"교통,수송 > 자동차 > 전기차 충전소",,제주특별자치도 서귀포시 서귀동 291-2,제주특별자치도 서귀포시 중앙로54번길 17,1899-8852,http://place.map.kakao.com/91557514,33.2499794,126.5621357
1764859286,중앙공영주차장(우리은행 서귀포점 인근 공영주차장) 전기차충전소,"교통,수송 > 자동차 > 전기차 충전소",,제주특별자치도 서귀포시 서귀동 291-2,제주특별자치도 서귀포시 중앙로54번길 17,,http://place.map.kakao.com/1764859286,33.2498596,126.5621642
1386443866,중앙로상점가 주차장,"교통,수송 > 교통시설 > 주차장",PK6,제주특별자치도 제주시 이도일동 1491-4,,,http://place.map.kakao.com/1386443866,33.5108538,126.5233952
1855942580,중앙로터리 민영주차장,"교통,수송 > 교통시설 > 주차장",PK6,제주특별자치도 서귀포시 서귀동 284-13,제주특별자치도 서귀포시 동문동로53번길 10,064-712-8395,http://place.map.kakao.com/1855942580,33.2524415,126.5623306
1661552217,중앙로터리공영주차장,"교통,수송 > 교통시설 > 주차장 > 공영주차장",PK6,제주특별자치도 서귀포시 서귀동 298-2,제주특별자치도 서귀포시 서문로 7,,http://place.map.kakao.com/1661552217,33.2516029,126.5605030
2010570832,중앙병원 주차장1,"교통,수송 > 교통시설 > 주차장",PK6,제주특별자치도 제주시 도두일동 2291,,,http://place.map.kakao.com/2010570832,33.4928839,126.4702631
1150011832,중앙병원 주차장2,"교통,수송 > 교통시설 > 주차장",PK6,제주특별자치도 제주시 이호이동 22,제주특별자치도 제주시 월랑로 91,,http://place.map.kakao.com/1150011832,33.4916803,126.4696335
860379128,중앙병원남서측 공영주차장,"교통,수송 > 교통시설 > 주차장 > 공영주차장",PK6,제주특별자치도 제주시 일도이동 1006-35,제주특별자치도 제주시 동문로14길 13-10,,http://place.map.kakao.com/860379128,33.5123185,126.5339479
1988399281,중앙병원남측 공영주차장,"교통,수송 > 교통시설 > 주차장 > 공영주차장",PK6,제주특별자치도 제주시 일도이동 991-38,,,http://place.map.kakao.com/1988399281,33.5128666,126.5348878
237634041,중앙성당 주차장,"교통,수송 > 교통시설 > 주차장",PK6,제주특별자치도 제주시 삼도이동 114,제주특별자치도 제주시 관덕로8길 14,,http://place.map.kakao.com/237634041,33.5116346,126.5229282
744647992,중앙지하상가 동쪽 공영주차장,"교통,수송 > 교통시설 > 주차장 > 공영주차장",PK6,제주특별자치도 제주시 일도일동 1476-33,제주특별자치도 제주시 관덕로15길 3,,http://place.map.kakao.com/744647992,33.5135763,126.5266060
1047293017,지구리공영주차장,"교통,수송 > 교통시설 > 주차장 > 공영주차장",PK6,제주특별자치도 서귀포시 서귀동 28-3,,,http://place.map.kakao.com/1047293017,33.2428695,126.5666080
27510002,지미봉 주차장,"교통,수송 > 교통시설 > 주차장",PK6,제주특별자치도 제주시 구좌읍 종달리 산 2,,,http://place.map.kakao.com/27510002,33.4967143,126.9060457
1292067894,지미봉주차장 전기차충전소,"교통,수송 > 자동차 > 전기차 충전소",,제주특별자치도 제주시 구좌읍 종달리 산 2,,1899-8852,http://place.map.kakao.com/1292067894,33.4974135,126.9055263
26071358,지앤엘더호텔제주 주차관리실,"서비스,산업 > 관리,운영 > 숙박시설관리운영",,제주특별자치도 제주시 연동 291-30,제주특별자치도 제주시 삼무로 67,,http://place.map.kakao.com/26071358,33.4900145,126.4938628
610523090,지오빌2-2차아파트 지하주차장,"교통,수송 > 교통시설 > 주차장",PK6,제주특별자치도 서귀포시 서홍동 305-2,제주특별자치도 서귀포시 중앙로 189,,http://place.map.kakao.com/610523090,33.2608928,126.5578292
1142774681,지지지제주흑돼지 유료주차장,"교통,수송 > 교통시설 > 주차장",PK6,제주특별자치도 제주시 연동 302-3,제주특별자치도 제주시 신대로 104,,http://place.map.kakao.com/1142774681,33.4883575,126.4961040
1359984515,지지지주차장,"교통,수송 > 교통시설 > 주차장",PK6,제주특별자치도 제주시 연동 302-3,,,http://place.map.kakao.com/1359984515,33.4886212,126.4962187
1944177139,진영마트 서사라점 주차장,"교통,수송 > 교통시설 > 주차장",PK6,제주특별자치도 제주시 삼도일동 786-1,,,http://place.map.kakao.com/1944177139,33.5052422,126.5196334
1910864585,진주식당 주차장,"교통,수송 > 교통시설 > 주차장",PK6,제주특별자치도 서귀포시 서귀동 314-7,,,http://place.map.kakao.com/1910864585,33.2465612,126.5590431
877325610,착한전복 제주중문점 주차장,"교통,수송 > 교통시설 > 주차장",PK6,제주특별자치도 서귀포시 색달동 2481-10,,,http://place.map.kakao.com/877325610,33.2545368,126.4182086
1861852730,착한집 주차장,"교통,수송 > 교통시설 > 주차장",PK6,제주특별자치도 제주시 오라삼동 2337-12,,,http://place.map.kakao.com/1861852730,33.5000130,126.5067926
779464915,참맛나김밥 주차장,"교통,수송 > 교통시설 > 주차장",PK6,제주특별자치도 제주시 노형동 3813-5,제주특별자치도 제주시 한라대학로 31,,http://place.map.kakao.com/779464915,33.4786194,126.4750236
1554888502,참솔식당 전용주차장,"교통,수송 > 교통시설 > 주차장",PK6,제주특별자치도 제주시 애월읍 유수암리 1040-9,,064-799-6638,http://place.map.kakao.com/1554888502,33.4235531,126.4056060
2129614108,천미천 주차장,"교통,수송 > 교통시설 > 주차장",PK6,제주특별자치도 제주시 구좌읍 송당리 2808,,,http://place.map.kakao.com/2129614108,33.4339297,126.7517345
17512044,천일주차장,"교통,수송 > 교통시설 > 주차장",PK6,제주특별자치도 제주시 이도이동 1773-10,제주특별자치도 제주시 서광로32길 1,,http://place.map.kakao.com/17512044,33.5000791,126.5281560
20596014,천제연폭포 대형주차장,"교통,수송 > 교통시설 > 주차장",PK6,제주특별자치도 서귀포시 중문동 2231,,,http://place.map.kakao.com/20596014,33.2529827,126.4190559
23735714,천제연폭포 주차장,"교통,수송 > 교통시설 > 주차장",PK6,제주특별자치도 서귀포시 중문동 2230-1,,,http://place.map.kakao.com/23735714,33.2531506,126.4187157
1183320179,천제연폭포 주차장 전기차충전소,"교통,수송 > 자동차 > 전기차 충전소",,제주특별자치도 서귀포시 중문동 1492-1,제주특별자치도 서귀포시 천제연로 130,1899-8852,http://place.map.kakao.com/1183320179,33.2532234,126.4186637
27159583,천지공영주차빌딩,"교통,수송 > 교통시설 > 주차장 > 공영주차장",PK6,제주특별자치도 서귀포시 서귀동 305-1,제주특별자치도 서귀포시 서문로 16,,http://place.map.kakao.com/27159583,33.2515629,126.5593850
1517223735,천지공영주차빌딩 전기차충전소,"교통,수송 > 자동차 > 전기차 충전소",,제주특별자치도 서귀포시 서귀동 305-1,제주특별자치도 서귀포시 서문로 16,1522-1782,http://place.map.kakao.com/1517223735,33.2516113,126.5593236
92116580,천지공영주차장 전기차충전소,"교통,수송 > 자동차 > 전기차 충전소",,제주특별자치도 서귀포시 서귀동 305-1,제주특별자치도 서귀포시 서문로 16,1899-2100,http://place.map.kakao.com/92116580,33.2515283,126.5592886
839650409,천지동경로당 주차장,"교통,수송 > 교통시설 > 주차장",PK6,제주특별자치도 서귀포시 서귀동 321-5,제주특별자치도 서귀포시 서문로 37,,http://place.map.kakao.com/839650409,33.2496610,126.5585232
1244689153,천지연크리스탈호텔 주차장,"교통,수송 > 교통시설 > 주차장",PK6,제주특별자치도 서귀포시 서귀동 650-1,제주특별자치도 서귀포시 천지연로 39,,http://place.map.kakao.com/1244689153,33.2423341,126.5620204
20587601,천지연폭포 주차장,"교통,수송 > 교통시설 > 주차장 > 공영주차장",PK6,제주특별자치도 서귀포시 서홍동 680,제주특별자치도 서귀포시 남성중로 2-9,,http://place.map.kakao.com/20587601,33.2440916,126.5603002
25109035,천지연폭포 주차장 전기차충전소,"교통,수송 > 자동차 > 전기차 충전소",,제주특별자치도 서귀포시 서홍동 666-1,제주특별자치도 서귀포시 남성중로 2-15,1899-8852,http://place.map.kakao.com/25109035,33.2445969,126.5601518
549876176,천지연폭포주차장 전기차충전소,"교통,수송 > 자동차 > 전기차 충전소",,제주특별자치도 서귀포시 서홍동 666-1,제주특별자치도 서귀포시 남성중로 2-15,,http://place.map.kakao.com/549876176,33.2447165,126.5595513
1603391413,청굴물 주차장,"교통,수송 > 교통시설 > 주차장",PK6,제주특별자치도 제주시 구좌읍 김녕리 1285-3,,,http://place.map.kakao.com/1603391413,33.5579365,126.7519941
1408794932,청귤로 7길 4 지상주차장 전기차충전소,"교통,수송 > 자동차 > 전기차 충전소",,제주특별자치도 제주시 이도이동 385-5,제주특별자치도 제주시 청귤로7길 4,,http://place.map.kakao.com/1408794932,33.4987915,126.5389071
469765779,청소년문화의집남측 공영주차장,"교통,수송 > 교통시설 > 주차장 > 공영주차장",PK6,제주특별자치도 제주시 화북일동 1936-7,,,http://place.map.kakao.com/469765779,33.5232288,126.5660103
420957225,청소년수련실북측 공영주차장,"교통,수송 > 교통시설 > 주차장 > 공영주차장",PK6,제주특별자치도 제주시 화북일동 1619-8,,,http://place.map.kakao.com/420957225,33.5245993,126.5660379
20587712,청재설헌주차장,"교통,수송 > 교통시설 > 주차장",PK6,제주특별자치도 서귀포시 토평동 3049-2,,,http://place.map.kakao.com/20587712,33.2888381,126.5717991
657894214,청춘부부 주차장,"교통,수송 > 교통시설 > 주차장",PK6,제주특별자치도 서귀포시 대정읍 안성리 1926-2,,,http://place.map.kakao.com/657894214,33.2658169,126.2791364
20591360,청풍대 옆 공영 주차장,"교통,수송 > 교통시설 > 주차장 > 공영주차장",PK6,제주특별자치도 제주시 화북일동 1936,,,http://place.map.kakao.com/20591360,33.5232053,126.5654809
365686230,초남 공영주차장 전기차충전소,"교통,수송 > 자동차 > 전기차 충전소",,제주특별자치도 제주시 노형동 3782,,,http://place.map.kakao.com/365686230,33.4841614,126.4786506
1185588048,초남공영주차장,"교통,수송 > 교통시설 > 주차장 > 공영주차장",PK6,제주특별자치도 제주시 노형동 3782,,,http://place.map.kakao.com/1185588048,33.4841957,126.4786525
1977441335,초콜릿박물관 주차장,"교통,수송 > 교통시설 > 주차장",PK6,제주특별자치도 서귀포시 대정읍 일과리 산 1,,,http://place.map.kakao.com/1977441335,33.2584333,126.2306388
19975290,축산진흥원목마장 주차장,"교통,수송 > 교통시설 > 주차장",PK6,제주특별자치도 제주시 용강동 14-18,,,http://place.map.kakao.com/19975290,33.4270610,126.6038137
1735981467,충신교회남측공영주차장 전기차충전소,"교통,수송 > 자동차 > 전기차 충전소",,제주특별자치도 제주시 연동 1519,제주특별자치도 제주시 연화로2길 17-6,1899-8852,http://place.map.kakao.com/1735981467,33.4780199,126.4892837
1369071356,칠돈가 서광직영점 주차장,"교통,수송 > 교통시설 > 주차장",PK6,제주특별자치도 서귀포시 안덕면 서광리 1818-4,,,http://place.map.kakao.com/1369071356,33.2864007,126.3036706
1565762964,칠돈가 중문점 주차장,"교통,수송 > 교통시설 > 주차장",PK6,제주특별자치도 서귀포시 색달동 2312-1,,,http://place.map.kakao.com/1565762964,33.2573880,126.4148253
1965231503,칠돈가 표선직영점 주차장,"교통,수송 > 교통시설 > 주차장",PK6,제주특별자치도 서귀포시 표선면 표선리 44-3,제주특별자치도 서귀포시 표선면 표선당포로 13-1,,http://place.map.kakao.com/1965231503,33.3258361,126.8440493
1362550375,칠본가 주차장,"교통,수송 > 교통시설 > 주차장",PK6,제주특별자치도 제주시 용담이동 2695-4,,,http://place.map.kakao.com/1362550375,33.5024672,126.5106637
342648500,칠분의오 주차장,"교통,수송 > 교통시설 > 주차장",PK6,제주특별자치도 제주시 구좌읍 행원리 574,제주특별자치도 제주시 구좌읍 해맞이해안로 650-20,,http://place.map.kakao.com/342648500,33.5585133,126.8134871
1042037813,칠성골 공영주차 화장실,"가정,생활 > 화장실",,제주특별자치도 제주시 삼도이동 1192-8,제주특별자치도 제주시 임항로 8,,http://place.map.kakao.com/1042037813,33.5165058,126.5254847
20514568,칠성골 공영주차장,"교통,수송 > 교통시설 > 주차장 > 공영주차장",PK6,제주특별자치도 제주시 삼도이동 1192-8,제주특별자치도 제주시 임항로 8,,http://place.map.kakao.com/20514568,33.5165164,126.5252015
1731805299,칠성골 공영주차장(제주) 전기차충전소,"교통,수송 > 자동차 > 전기차 충전소",,제주특별자치도 제주시 삼도이동 1192-8,제주특별자치도 제주시 임항로 8,,http://place.map.kakao.com/1731805299,33.5164866,126.5251834
2095885963,칠성상가 제1공영주차장,"교통,수송 > 교통시설 > 주차장 > 공영주차장",PK6,제주특별자치도 제주시 일도일동 1476-1,,,http://place.map.kakao.com/2095885963,33.5141142,126.5262877
20518793,칠성상가 제2공영주차장,"교통,수송 > 교통시설 > 주차장 > 공영주차장",PK6,제주특별자치도 제주시 일도일동 1401-13,,,http://place.map.kakao.com/20518793,33.5139459,126.5237615
17582427,카멜리아힐 주차장,"교통,수송 > 교통시설 > 주차장",PK6,제주특별자치도 서귀포시 안덕면 상창리 271,제주특별자치도 서귀포시 안덕면 병악로 166,,http://place.map.kakao.com/17582427,33.2904215,126.3680392
1055436043,카멜리아힐 주차장 전기차충전소,"교통,수송 > 자동차 > 전기차 충전소",,제주특별자치도 서귀포시 안덕면 상창리 271,제주특별자치도 서귀포시 안덕면 병악로 166,1522-1782,http://place.map.kakao.com/1055436043,33.2903280,126.3679175
17578826,카카오 스페이스닷원 주차장2,"교통,수송 > 교통시설 > 주차장",PK6,제주특별자치도 제주시 영평동 2230-3,제주특별자치도 제주시 첨단로7길 3,,http://place.map.kakao.com/17578826,33.4494188,126.5706976
22251292,카카오 스페이스닷키즈 주차장,"교통,수송 > 교통시설 > 주차장",PK6,제주특별자치도 제주시 영평동 2274,,,http://place.map.kakao.com/22251292,33.4521936,126.5700731
22251295,카카오 스페이스닷투 주차장,"교통,수송 > 교통시설 > 주차장",PK6,제주특별자치도 제주시 영평동 2184,,,http://place.map.kakao.com/22251295,33.4530350,126.5709261
22251296,카카오 스페이스닷투 주차장,"교통,수송 > 교통시설 > 주차장",PK6,제주특별자치도 제주시 영평동 2274,,,http://place.map.kakao.com/22251296,33.4519246,126.5705132
1524109956,카카오T 공백주차장,"교통,수송 > 교통시설 > 주차장",PK6,제주특별자치도 제주시 구좌읍 동복리 836-1,,080-330-3600,http://place.map.kakao.com/1524109956,33.5527558,126.7154328
374563985,카카오T 애월카페거리 주차장,"교통,수송 > 교통시설 > 주차장",PK6,제주특별자치도 제주시 애월읍 애월리 2499-1,,080-330-3600,http://place.map.kakao.com/374563985,33.4628120,126.3113357
2084220035,"카카오T 애월카페거리1,2,3주차장","교통,수송 > 교통시설 > 주차장",PK6,제주특별자치도 제주시 애월읍 애월리 2527-15,,,http://place.map.kakao.com/2084220035,33.4633108,126.3104109
1321261967,카카오T 애월카페거리주차장,"교통,수송 > 교통시설 > 주차장",PK6,제주특별자치도 제주시 애월읍 애월리 2521,,,http://place.map.kakao.com/1321261967,33.4638449,126.3109521
643508750,카카오T 제주이도스마트 주차장,"교통,수송 > 교통시설 > 주차장",PK6,제주특별자치도 제주시 이도이동 1779-2,,,http://place.map.kakao.com/643508750,33.4995807,126.5272666
17575729,카카오스페이스닷원 주차장1,"교통,수송 > 교통시설 > 주차장",PK6,제주특별자치도 제주시 영평동 2181,제주특별자치도 제주시 첨단로 242,,http://place.map.kakao.com/17575729,33.4499525,126.5706735
806228771,카페구할구 제주 전용주차장,"교통,수송 > 교통시설 > 주차장",PK6,제주특별자치도 제주시 구좌읍 월정리 504,,,http://place.map.kakao.com/806228771,33.5553195,126.7950109
1185955179,카페그라나다 주차장,"교통,수송 > 교통시설 > 주차장",PK6,제주특별자치도 제주시 이호일동 292-4,,,http://place.map.kakao.com/1185955179,33.4994188,126.4642185
848197754,카페더라이트 주차장,"교통,수송 > 교통시설 > 주차장",PK6,제주특별자치도 서귀포시 성산읍 성산리 298-22,,,http://place.map.kakao.com/848197754,33.4657108,126.9358073
1066301184,카페루시아 본점 주차장,"교통,수송 > 교통시설 > 주차장",PK6,제주특별자치도 서귀포시 안덕면 창천리 843-16,,,http://place.map.kakao.com/1066301184,33.2349953,126.3628753
24926210,카페서연의집 주차장,"교통,수송 > 교통시설 > 주차장",PK6,제주특별자치도 서귀포시 남원읍 위미리 2977-1,,,http://place.map.kakao.com/24926210,33.2693573,126.6555830
1260363786,카페이피엘 주차장,"교통,수송 > 교통시설 > 주차장",PK6,제주특별자치도 서귀포시 남원읍 위미리 3170-3,,,http://place.map.kakao.com/1260363786,33.2758617,126.6569239
1874984862,커피템플 주차장,"교통,수송 > 교통시설 > 주차장",PK6,제주특별자치도 제주시 월평동 1348-3,제주특별자치도 제주시 영평길 269,,http://place.map.kakao.com/1874984862,33.4783239,126.5701345
1054053948,케이엠파크 제주이도스마트주차장,"교통,수송 > 교통시설 > 주차장",PK6,제주특별자치도 제주시 이도이동 1779-2,,,http://place.map.kakao.com/1054053948,33.4995807,126.5272666
17576756,켄싱턴리조트 서귀포점 주차장1,"교통,수송 > 교통시설 > 주차장",PK6,제주특별자치도 서귀포시 강정동 2677-1,제주특별자치도 서귀포시 이어도로 684,,http://place.map.kakao.com/17576756,33.2338496,126.4878464
17580708,켄싱턴리조트 서귀포점 주차장2,"교통,수송 > 교통시설 > 주차장",PK6,제주특별자치도 서귀포시 강정동 2677,제주특별자치도 서귀포시 이어도로 684,,http://place.map.kakao.com/17580708,33.2341809,126.4894795
1194900693,켄싱턴리조트 서귀포점 지상주차장 전기차충전소,"교통,수송 > 자동차 > 전기차 충전소",,제주특별자치도 서귀포시 강정동 2677,제주특별자치도 서귀포시 이어도로 684,,http://place.map.kakao.com/1194900693,33.2336796,126.4890404
17933468,켄싱턴리조트 제주중문 주차장,"교통,수송 > 교통시설 > 주차장",PK6,제주특별자치도 서귀포시 색달동 2822-5,제주특별자치도 서귀포시 중문관광로72번길 29-29,,http://place.map.kakao.com/17933468,33.2483623,126.4120473
17576761,켄싱턴리조트 제주한림 주차장1,"교통,수송 > 교통시설 > 주차장",PK6,제주특별자치도 제주시 한림읍 귀덕리 3861,제주특별자치도 제주시 한림읍 한림해안로 530,,http://place.map.kakao.com/17576761,33.4345947,126.2744341
17583471,켄싱턴리조트 제주한림 주차장2,"교통,수송 > 교통시설 > 주차장",PK6,제주특별자치도 제주시 한림읍 귀덕리 3861,제주특별자치도 제주시 한림읍 한림해안로 530,,http://place.map.kakao.com/17583471,33.4360175,126.2747492
350352418,콩순이키즈카페 제주점 주차장,"교통,수송 > 교통시설 > 주차장",PK6,제주특별자치도 제주시 오라이동 1519,제주특별자치도 제주시 연사2길 82,,http://place.map.kakao.com/350352418,33.4820296,126.5112714
20587909,크라운CC 주차장,"교통,수송 > 교통시설 > 주차장",PK6,제주특별자치도 제주시 조천읍 북촌리 산 65,제주특별자치도 제주시 조천읍 북선로 125,,http://place.map.kakao.com/20587909,33.5320281,126.6953465
1251101014,크라운마트 주차장,"교통,수송 > 교통시설 > 주차장",PK6,제주특별자치도 제주시 외도일동 645-2,,,http://place.map.kakao.com/1251101014,33.4841967,126.4311116
1097061786,크래커스커피 대정점 주차장,"교통,수송 > 교통시설 > 주차장",PK6,제주특별자치도 서귀포시 대정읍 안성리 1858-1,제주특별자치도 서귀포시 대정읍 보성구억로126번길 34,,http://place.map.kakao.com/1097061786,33.2632893,126.2796959
26923144,큰노꼬메오름 주차장,"교통,수송 > 교통시설 > 주차장",PK6,제주특별자치도 제주시 애월읍 소길리 산 255-4,,,http://place.map.kakao.com/26923144,33.3913153,126.3986447
674577850,큰돈가 본점 주차장,"교통,수송 > 교통시설 > 주차장",PK6,제주특별자치도 서귀포시 대정읍 상모리 126-7,,,http://place.map.kakao.com/674577850,33.2084170,126.2912938
1234792704,큰돈가 중문점 주차장,"교통,수송 > 교통시설 > 주차장",PK6,제주특별자치도 서귀포시 색달동 2505-2,,,http://place.map.kakao.com/1234792704,33.2552499,126.4151207
17576929,클럽다인리조트 주차장1,"교통,수송 > 교통시설 > 주차장",PK6,제주특별자치도 제주시 애월읍 고내리 79-5,제주특별자치도 제주시 애월읍 애월해안로 400-14,,http://place.map.kakao.com/17576929,33.4711578,126.3509057
17578338,클럽다인리조트 주차장2,"교통,수송 > 교통시설 > 주차장",PK6,제주특별자치도 제주시 애월읍 고내리 79-8,제주특별자치도 제주시 애월읍 애월해안로 400-9,,http://place.map.kakao.com/17578338,33.4713663,126.3511193
487403691,타무라 주차장,"교통,수송 > 교통시설 > 주차장",PK6,제주특별자치도 제주시 조천읍 대흘리 1665-2,제주특별자치도 제주시 조천읍 중산간동로 670,,http://place.map.kakao.com/487403691,33.4989399,126.6568762
20596043,타미우스CC 주차장,"교통,수송 > 교통시설 > 주차장",PK6,제주특별자치도 제주시 애월읍 봉성리 52-5,제주특별자치도 제주시 애월읍 화전길 201,,http://place.map.kakao.com/20596043,33.3519669,126.3870679
772176995,타임바이어 로스터즈 주차장,"교통,수송 > 교통시설 > 주차장",PK6,제주특별자치도 제주시 애월읍 하귀2리 2601-4,,,http://place.map.kakao.com/772176995,33.4837660,126.3942624
1543152796,탐라가든 주차장,"교통,수송 > 교통시설 > 주차장",PK6,제주특별자치도 제주시 삼도이동 632-7,제주특별자치도 제주시 서사로 51,,http://place.map.kakao.com/1543152796,33.5077646,126.5202674
20580912,탐라도서관 주차장,"교통,수송 > 교통시설 > 주차장",PK6,제주특별자치도 제주시 노형동 3812-1,제주특별자치도 제주시 정원로 50,,http://place.map.kakao.com/20580912,33.4782085,126.4774436
25610833,탐라빌아파트서쪽 공영주차장,"교통,수송 > 교통시설 > 주차장 > 공영주차장",PK6,제주특별자치도 제주시 노형동 2589-1,,,http://place.map.kakao.com/25610833,33.4835464,126.4701059
522734929,탐라장애인종합복지관 주차장,"교통,수송 > 교통시설 > 주차장",PK6,제주특별자치도 제주시 이도일동 1660,,,http://place.map.kakao.com/522734929,33.5016579,126.5251245
1329960586,탐라중학교 공영주차장 전기차충전소,"교통,수송 > 자동차 > 전기차 충전소",,제주특별자치도 제주시 아라이동 3008-3,제주특별자치도 제주시 신설로11길 8-6,,http://place.map.kakao.com/1329960586,33.4913972,126.5446634
9480304,탑동 제2공영주차장,"교통,수송 > 교통시설 > 주차장 > 공영주차장",PK6,제주특별자치도 제주시 삼도이동 1257,,,http://place.map.kakao.com/9480304,33.5183160,126.5198303
1605681527,탑동 주차장,"교통,수송 > 교통시설 > 주차장",PK6,제주특별자치도 제주시 일도일동 1280-5,,010-4922-4052,http://place.map.kakao.com/1605681527,33.5149380,126.5245730
1773622034,탑동공영주차장 전기차충전소,"교통,수송 > 자동차 > 전기차 충전소",,제주특별자치도 제주시 삼도이동 1257,,,http://place.map.kakao.com/1773622034,33.5183213,126.5197947
1228100970,탑동입구노상공영주차장,"교통,수송 > 교통시설 > 주차장 > 공영주차장",PK6,제주특별자치도 제주시 건입동 1429,,,http://place.map.kakao.com/1228100970,33.5164004,126.5257586
9545103,탑동제1공영주차장,"교통,수송 > 교통시설 > 주차장 > 공영주차장",PK6,제주특별자치도 제주시 삼도이동 1263,,,http://place.map.kakao.com/9545103,33.5173033,126.5237506
1280184023,탑동제1공영주차장 전기차충전소,"교통,수송 > 자동차 > 전기차 충전소",,제주특별자치도 제주시 삼도이동 1263,제주특별자치도 제주시 탑동로2길 4,1899-8852,http://place.map.kakao.com/1280184023,33.5172689,126.5241738
20587954,탑마트 주차장,"교통,수송 > 교통시설 > 주차장",PK6,제주특별자치도 제주시 용담이동 2581,,,http://place.map.kakao.com/20587954,33.5097694,126.5116311
1347584937,탑부평 주차장,"교통,수송 > 교통시설 > 주차장",PK6,제주특별자치도 제주시 건입동 1383,제주특별자치도 제주시 관덕로15길 28,,http://place.map.kakao.com/1347584937,33.5156592,126.5269133
20587958,탑주차장,"교통,수송 > 교통시설 > 주차장",PK6,제주특별자치도 제주시 삼도이동 20-8,제주특별자치도 제주시 중앙로8길 8,,http://place.map.kakao.com/20587958,33.5151724,126.5238581
20580869,테너랑알토랑펜션 주차장,"교통,수송 > 교통시설 > 주차장",PK6,제주특별자치도 제주시 구좌읍 김녕리 1612-1,제주특별자치도 제주시 구좌읍 김녕로9길 22-5,,http://place.map.kakao.com/20580869,33.5557660,126.7486750
1875540548,테디베어뮤지엄 제주점 주차장,"교통,수송 > 교통시설 > 주차장",PK6,제주특별자치도 서귀포시 색달동 2889,제주특별자치도 서귀포시 중문관광로110번길 31,,http://place.map.kakao.com/1875540548,33.2504111,126.4124810
1226371249,테라로사 서귀포점 주차장,"교통,수송 > 교통시설 > 주차장",PK6,제주특별자치도 서귀포시 하효동 1306-1,제주특별자치도 서귀포시 칠십리로658번길 27-16,,http://place.map.kakao.com/1226371249,33.2494626,126.6187730
848093676,텐저린카페 주차장,"교통,수송 > 교통시설 > 주차장",PK6,제주특별자치도 서귀포시 법환동 1298-3,제주특별자치도 서귀포시 이어도로 880,,http://place.map.kakao.com/848093676,33.2362852,126.5087109
1715354550,토끼와거북이 주차장,"교통,수송 > 교통시설 > 주차장",PK6,제주특별자치도 제주시 용담삼동 2356,,,http://place.map.kakao.com/1715354550,33.5189882,126.4921462
27424699,토비스콘도 주차장1,"교통,수송 > 교통시설 > 주차장",PK6,제주특별자치도 제주시 애월읍 애월리 2505,제주특별자치도 제주시 애월읍 애월로1길 8,,http://place.map.kakao.com/27424699,33.4628624,126.3119764
27424700,토비스콘도 주차장2,"교통,수송 > 교통시설 > 주차장",PK6,제주특별자치도 제주시 애월읍 애월리 2504-1,제주특별자치도 제주시 애월읍 애월로1길 8,,http://place.map.kakao.com/27424700,33.4628222,126.3125317
1281832642,투루파킹 다이소 제주시청점 주차장,"교통,수송 > 교통시설 > 주차장",PK6,제주특별자치도 제주시 이도이동 1176-35,,,http://place.map.kakao.com/1281832642,33.5005409,126.5308342
978121082,투썸플레이스 서귀포신시가지점 주차장,"교통,수송 > 교통시설 > 주차장",PK6,제주특별자치도 서귀포시 법환동 745-3,,,http://place.map.kakao.com/978121082,33.2517527,126.5103306
1152790131,트로피컬하이드어웨이 브런치카페 주차장,"교통,수송 > 교통시설 > 주차장",PK6,제주특별자치도 서귀포시 대정읍 상모리 87-22,제주특별자치도 서귀포시 대정읍 형제해안로 284,,http://place.map.kakao.com/1152790131,33.2091141,126.2913289
17571600,파라다이스호텔제주 주차장1,"교통,수송 > 교통시설 > 주차장",PK6,제주특별자치도 서귀포시 토평동 511,제주특별자치도 서귀포시 칠십리로 228-13,,http://place.map.kakao.com/17571600,33.2468881,126.5784206
17574083,파라다이스호텔제주 주차장2,"교통,수송 > 교통시설 > 주차장",PK6,제주특별자치도 서귀포시 토평동 511,제주특별자치도 서귀포시 칠십리로 228-13,,http://place.map.kakao.com/17574083,33.2473314,126.5783455
1805639225,파르나스호텔제주 1주차장,"교통,수송 > 교통시설 > 주차장",PK6,제주특별자치도 서귀포시 색달동 3039-1,제주특별자치도 서귀포시 중문관광로72번길 100,,http://place.map.kakao.com/1805639225,33.2458590,126.4055186
1794214071,파르나스호텔제주 2주차장,"교통,수송 > 교통시설 > 주차장",PK6,제주특별자치도 서귀포시 색달동 3039-1,제주특별자치도 서귀포시 중문관광로72번길 100,,http://place.map.kakao.com/1794214071,33.2466252,126.4054705
1805699303,파르나스호텔제주 3주차장,"교통,수송 > 교통시설 > 주차장",PK6,제주특별자치도 서귀포시 색달동 3039-1,제주특별자치도 서귀포시 중문관광로72번길 100,,http://place.map.kakao.com/1805699303,33.2472055,126.4061533
1935769208,파크골프장 주차장,"교통,수송 > 교통시설 > 주차장",PK6,제주특별자치도 서귀포시 서홍동 648-3,제주특별자치도 서귀포시 남성중로 114-1,,http://place.map.kakao.com/1935769208,33.2440645,126.5567272
20588141,팡라오장애인주차장,"교통,수송 > 교통시설 > 주차장",PK6,제주특별자치도 제주시 도두이동 1667,제주특별자치도 제주시 서해안로 289,,http://place.map.kakao.com/20588141,33.5091508,126.4767163
1904491290,퍼시픽랜드 주차장,"교통,수송 > 교통시설 > 주차장",PK6,제주특별자치도 서귀포시 색달동 2950-17,제주특별자치도 서귀포시 중문관광로 154-17,,http://place.map.kakao.com/1904491290,33.2443442,126.4153758
17933056,퍼시픽리솜 2주차장,"교통,수송 > 교통시설 > 주차장",PK6,제주특별자치도 서귀포시 색달동 2950-17,제주특별자치도 서귀포시 중문관광로 154-17,,http://place.map.kakao.com/17933056,33.2444094,126.4154429
18629742,퍼시픽리솜 3주차장,"교통,수송 > 교통시설 > 주차장",PK6,제주특별자치도 서귀포시 색달동 2950-17,제주특별자치도 서귀포시 중문관광로 154-17,,http://place.map.kakao.com/18629742,33.2451502,126.4157492
26772700,퍼시픽리솜 4주차장,"교통,수송 > 교통시설 > 주차장",PK6,제주특별자치도 서귀포시 색달동 2950-4,제주특별자치도 서귀포시 중문관광로 154-17,,http://place.map.kakao.com/26772700,33.2444640,126.4159405
1793869110,페를로 주차장,"교통,수송 > 교통시설 > 주차장",PK6,제주특별자치도 서귀포시 안덕면 덕수리 2155-4,제주특별자치도 서귀포시 안덕면 덕수회관로74번길 33,,http://place.map.kakao.com/1793869110,33.2566640,126.3062954
456939723,평대리 공영주차장 전기차충전소,"교통,수송 > 자동차 > 전기차 충전소",,제주특별자치도 제주시 구좌읍 평대리 3351-2,제주특별자치도 제주시 구좌읍 세평항로 13,,http://place.map.kakao.com/456939723,33.5249478,126.8530937
1745456906,포도뮤지엄 주차장,"교통,수송 > 교통시설 > 주차장",PK6,제주특별자치도 서귀포시 안덕면 상천리 837,,,http://place.map.kakao.com/1745456906,33.3192588,126.3855131
196590306,폴바셋 제주아라DT점 주차장,"교통,수송 > 교통시설 > 주차장",PK6,제주특별자치도 제주시 아라이동 2436-9,,,http://place.map.kakao.com/196590306,33.4876619,126.5412408
847076310,폴스타 제주 주차장,"교통,수송 > 교통시설 > 주차장",PK6,제주특별자치도 제주시 오라일동 1063-5,제주특별자치도 제주시 연삼로 259,,http://place.map.kakao.com/847076310,33.4925722,126.5201188
801584064,폴에이리조트 주차장,"교통,수송 > 교통시설 > 주차장",PK6,제주특별자치도 서귀포시 법환동 978,제주특별자치도 서귀포시 월드컵로45번길 40,064-739-3001,http://place.map.kakao.com/801584064,33.2443289,126.5117648
345452958,퐁낭댁 주차장,"교통,수송 > 교통시설 > 주차장",PK6,제주특별자치도 서귀포시 안덕면 사계리 1948,,,http://place.map.kakao.com/345452958,33.2339032,126.3062092
1377144413,표선 공영주차장 전기차충전소,"교통,수송 > 자동차 > 전기차 충전소",,제주특별자치도 서귀포시 표선면 표선리 709,,,http://place.map.kakao.com/1377144413,33.3262784,126.8306769
1010287121,표선 의례회관 앞 공영주차장 전기차충전소,"교통,수송 > 자동차 > 전기차 충전소",,제주특별자치도 서귀포시 표선면 표선리 2078,제주특별자치도 서귀포시 표선면 표선관정로 48-36,1661-9408,http://place.map.kakao.com/1010287121,33.3270816,126.8234353
749272959,표선공영주차장,"교통,수송 > 교통시설 > 주차장 > 공영주차장",PK6,제주특별자치도 서귀포시 표선면 표선리 701,제주특별자치도 서귀포시 표선면 표선중앙로 74-1,,http://place.map.kakao.com/749272959,33.3261373,126.8316395
426539295,표선공영주차장 전기차충전소,"교통,수송 > 자동차 > 전기차 충전소",,제주특별자치도 서귀포시 표선면 표선리 701,제주특별자치도 서귀포시 표선면 표선중앙로 74-1,,http://place.map.kakao.com/426539295,33.3263547,126.8317572
1933581462,표선농협 성읍지점 주차장,"교통,수송 > 교통시설 > 주차장",PK6,제주특별자치도 서귀포시 표선면 성읍리 605-1,제주특별자치도 서귀포시 표선면 중산간동로 4632,,http://place.map.kakao.com/1933581462,33.3903349,126.8007515
189413270,표선농협 하나로마트 성읍점 주차장,"교통,수송 > 교통시설 > 주차장",PK6,제주특별자치도 서귀포시 표선면 성읍리 602-1,,,http://place.map.kakao.com/189413270,33.3908937,126.8006535
1146766459,표선농협하나로마트 주차장,"교통,수송 > 교통시설 > 주차장",PK6,제주특별자치도 서귀포시 표선면 표선리 689,,,http://place.map.kakao.com/1146766459,33.3250359,126.8319906
58459203,표선민속마을 해비치 해변 공영주차장 전기차충전소,"교통,수송 > 자동차 > 전기차 충전소",,제주특별자치도 서귀포시 표선면 표선리 40,제주특별자치도 서귀포시 표선면 민속해안로 615,,http://place.map.kakao.com/58459203,33.3249553,126.8405667
20519566,표선민속오일시장 주차장,"교통,수송 > 교통시설 > 주차장",PK6,제주특별자치도 서귀포시 표선면 표선리 996,제주특별자치도 서귀포시 표선면 표선동서로 203-1,,http://place.map.kakao.com/20519566,33.3223693,126.8302602
20593303,표선생활체육관주차장,"교통,수송 > 교통시설 > 주차장",PK6,제주특별자치도 서귀포시 표선면 하천리 1832-1,제주특별자치도 서귀포시 표선면 한마음초등로 399,,http://place.map.kakao.com/20593303,33.3534063,126.8147594
1585549926,표선시가지내 노외공영주차장,"교통,수송 > 교통시설 > 주차장 > 공영주차장",PK6,제주특별자치도 서귀포시 표선면 표선리 634-28,,,http://place.map.kakao.com/1585549926,33.3250321,126.8338465
414651287,푸주옥 도남점 주차장,"교통,수송 > 교통시설 > 주차장",PK6,제주특별자치도 제주시 도남동 74,,,http://place.map.kakao.com/414651287,33.4921025,126.5297768
1153311470,풍천만가 주차장,"교통,수송 > 교통시설 > 주차장",PK6,제주특별자치도 제주시 연동 493-7,,,http://place.map.kakao.com/1153311470,33.4782907,126.4984163
628062520,풍천초등학교 앞 공영주차장(서귀포) 전기차충전소,"교통,수송 > 자동차 > 전기차 충전소",,제주특별자치도 서귀포시 성산읍 신천리 862-6,제주특별자치도 서귀포시 성산읍 일주동로 5556,,http://place.map.kakao.com/628062520,33.3469996,126.8518914
20588255,플라자CC 제주주차장,"교통,수송 > 교통시설 > 주차장",PK6,제주특별자치도 제주시 회천동 3-18,,,http://place.map.kakao.com/20588255,33.4501949,126.6338753
1794947802,플래닛제주 주차장,"교통,수송 > 교통시설 > 주차장",PK6,제주특별자치도 제주시 연동 271-8,,,http://place.map.kakao.com/1794947802,33.4900748,126.4907409
652702990,피규어뮤지엄제주 주차장,"교통,수송 > 교통시설 > 주차장",PK6,제주특별자치도 서귀포시 안덕면 상창리 1875-8,,,http://place.map.kakao.com/652702990,33.2818250,126.3556491
127879172,피즈 주차장,"교통,수송 > 교통시설 > 주차장",PK6,제주특별자치도 제주시 애월읍 애월리 2481-3,,,http://place.map.kakao.com/127879172,33.4615712,126.3119543
616000736,픽스커피 화북공단점 주차장,"교통,수송 > 교통시설 > 주차장",PK6,제주특별자치도 제주시 화북이동 948-1,,,http://place.map.kakao.com/616000736,33.5148652,126.5721183
2042859475,핑크헨젤 주차장,"교통,수송 > 교통시설 > 주차장",PK6,제주특별자치도 제주시 애월읍 애월리 2543-3,,,http://place.map.kakao.com/2042859475,33.4628017,126.3094899
1511259206,하귀1리 235-4 주차장,"교통,수송 > 교통시설 > 주차장",PK6,제주특별자치도 제주시 애월읍 하귀1리 235-4,,,http://place.map.kakao.com/1511259206,33.4819345,126.4133103
1001885720,하귀1리공영주차장 전기차충전소,"교통,수송 > 자동차 > 전기차 충전소",,제주특별자치도 제주시 애월읍 하귀1리 118-1,,1899-8852,http://place.map.kakao.com/1001885720,33.4858815,126.4144070
1597033579,하귀1지구 공영주차장,"교통,수송 > 교통시설 > 주차장 > 공영주차장",PK6,제주특별자치도 제주시 애월읍 하귀1리 235-4,,,http://place.map.kakao.com/1597033579,33.4819120,126.4133029
194175822,하귀1지구 공영주차장,"교통,수송 > 교통시설 > 주차장 > 공영주차장",PK6,제주특별자치도 제주시 애월읍 하귀1리 195-2,,,http://place.map.kakao.com/194175822,33.4850030,126.4132078
20580889,하귀1지구 공영주차장,"교통,수송 > 교통시설 > 주차장 > 공영주차장",PK6,제주특별자치도 제주시 애월읍 하귀1리 118-1,,,http://place.map.kakao.com/20580889,33.4858597,126.4143867
1734667122,하귀1지구 공영주차장 전기차충전소,"교통,수송 > 자동차 > 전기차 충전소",,제주특별자치도 제주시 애월읍 하귀1리 176-3,,,http://place.map.kakao.com/1734667122,33.4858484,126.4138886
1904315064,하귀농협하나로마트 주차장,"교통,수송 > 교통시설 > 주차장",PK6,제주특별자치도 제주시 애월읍 하귀1리 190-1,제주특별자치도 제주시 애월읍 일주서로 7136,,http://place.map.kakao.com/1904315064,33.4849299,126.4114739
17579374,하나로마트 제주시농협 1주차장,"교통,수송 > 교통시설 > 주차장",PK6,제주특별자치도 제주시 일도이동 1,제주특별자치도 제주시 남광로 206,,http://place.map.kakao.com/17579374,33.5022065,126.5546131
18099800,하나로마트 제주시농협 2주차장,"교통,수송 > 교통시설 > 주차장",PK6,제주특별자치도 제주시 일도이동 1,제주특별자치도 제주시 남광로 206,,http://place.map.kakao.com/18099800,33.5036436,126.5540978
18099801,하나로마트 제주시농협 3주차장,"교통,수송 > 교통시설 > 주차장",PK6,제주특별자치도 제주시 일도이동 1,제주특별자치도 제주시 남광로 206,,http://place.map.kakao.com/18099801,33.5032449,126.5535531
18099802,하나로마트 제주시농협 4주차장,"교통,수송 > 교통시설 > 주차장",PK6,제주특별자치도 제주시 일도이동 1,제주특별자치도 제주시 남광로 206,,http://place.map.kakao.com/18099802,33.5027916,126.5528667
17579375,하나로마트 제주시농협 주차장5,"교통,수송 > 교통시설 > 주차장",PK6,제주특별자치도 제주시 일도이동 1,제주특별자치도 제주시 남광로 206,,http://place.map.kakao.com/17579375,33.5034791,126.5524929
17581776,하나로마트 제주시농협 주차장6,"교통,수송 > 교통시설 > 주차장",PK6,제주특별자치도 제주시 일도이동 1,제주특별자치도 제주시 남광로 206,,http://place.map.kakao.com/17581776,33.5045964,126.5522934
17580187,하나로마트 제주시농협주차장7,"교통,수송 > 교통시설 > 주차장",PK6,제주특별자치도 제주시 일도이동 1,제주특별자치도 제주시 남광로 206,,http://place.map.kakao.com/17580187,33.5035910,126.5535255
1460249845,하나로마트 주차장,"교통,수송 > 교통시설 > 주차장",PK6,제주특별자치도 서귀포시 서호동 1615-11,,,http://place.map.kakao.com/1460249845,33.2508067,126.5197683
2074685005,하나로미니성산포점 주차장,"교통,수송 > 교통시설 > 주차장",PK6,제주특별자치도 서귀포시 성산읍 성산리 229-1,제주특별자치도 서귀포시 성산읍 성산중앙로 49,,http://place.map.kakao.com/2074685005,33.4640111,126.9337701
20588280,하나새마을금고 주차장,"교통,수송 > 교통시설 > 주차장",PK6,제주특별자치도 제주시 삼도일동 804-1,,,http://place.map.kakao.com/20588280,33.5087048,126.5197607
1631943313,하모3리마을회관옆 노외공영주차장,"교통,수송 > 교통시설 > 주차장 > 공영주차장",PK6,제주특별자치도 서귀포시 대정읍 하모리 1077-1,,,http://place.map.kakao.com/1631943313,33.2216442,126.2495596
20588308,하모체육공원 주차장,"교통,수송 > 교통시설 > 주차장",PK6,제주특별자치도 서귀포시 대정읍 하모리 2139-8,,,http://place.map.kakao.com/20588308,33.2180698,126.2524863
1184861020,하이월드 제주 주차장,"교통,수송 > 교통시설 > 주차장",PK6,제주특별자치도 제주시 애월읍 애월리 2550,제주특별자치도 제주시 애월읍 애월북서길 54,,http://place.map.kakao.com/1184861020,33.4638853,126.3091457
516832239,하이파킹 다이소서귀포중문점,"교통,수송 > 교통시설 > 주차장",PK6,제주특별자치도 서귀포시 색달동 2081-1,제주특별자치도 서귀포시 일주서로 996,1522-0000,http://place.map.kakao.com/516832239,33.2589293,126.4044739
1847877026,하이파킹 제주노형오거리2 주차장,"교통,수송 > 교통시설 > 주차장",PK6,제주특별자치도 제주시 노형동 1289-5,제주특별자치도 제주시 도령로 1,,http://place.map.kakao.com/1847877026,33.4868764,126.4793649
2133464935,한경도서관 앞 주차장 전기차충전소,"교통,수송 > 자동차 > 전기차 충전소",,제주특별자치도 제주시 한경면 신창리 247,제주특별자치도 제주시 한경면 두신로 84,,http://place.map.kakao.com/2133464935,33.3501103,126.1841046
17572972,한경체육관 주차장,"교통,수송 > 교통시설 > 주차장",PK6,제주특별자치도 제주시 한경면 고산리 1881-2,제주특별자치도 제주시 한경면 칠전로 41,,http://place.map.kakao.com/17572972,33.3008370,126.1841912
1358052578,한국건강관리협회 제주지부 제2주차장,"교통,수송 > 교통시설 > 주차장",PK6,제주특별자치도 제주시 연동 1375-5,,,http://place.map.kakao.com/1358052578,33.4821165,126.4947264
494226157,한국건강관리협회 제주특별자치도지부 주차타워,"교통,수송 > 교통시설 > 주차장 > 주차빌딩",,제주특별자치도 제주시 연동 1375,,,http://place.map.kakao.com/494226157,33.4822508,126.4933969
20588414,한국병원주차장,"교통,수송 > 교통시설 > 주차장",PK6,제주특별자치도 제주시 삼도일동 585-11,,,http://place.map.kakao.com/20588414,33.5004785,126.5169220
737993115,한국뷰티고등학교 주차장,"교통,수송 > 교통시설 > 주차장",PK6,제주특별자치도 제주시 한경면 고산리 2916,제주특별자치도 제주시 한경면 용고로 70,,http://place.map.kakao.com/737993115,33.3002629,126.1807994
2028494914,한국에너지기술연구원 주차장,"교통,수송 > 교통시설 > 주차장",PK6,제주특별자치도 제주시 구좌읍 김녕리 9-2,제주특별자치도 제주시 구좌읍 해맞이해안로 200,,http://place.map.kakao.com/2028494914,33.5639765,126.7742483
155044996,한국에너지기술연구원 주차장2,"교통,수송 > 교통시설 > 주차장",PK6,제주특별자치도 제주시 구좌읍 김녕리 9-2,제주특별자치도 제주시 구좌읍 해맞이해안로 200,,http://place.map.kakao.com/155044996,33.5616100,126.7718852
1413108934,한국해양과학기술원 제주연구소 후문주차장 전기차충전소,"교통,수송 > 자동차 > 전기차 충전소",,제주특별자치도 제주시 구좌읍 행원리 940-3,제주특별자치도 제주시 구좌읍 일주동로 2670,,http://place.map.kakao.com/1413108934,33.5430624,126.8115284
1463194027,한담공원 무료주차장,"교통,수송 > 교통시설 > 주차장",PK6,제주특별자치도 제주시 애월읍 애월리 2459-1,,,http://place.map.kakao.com/1463194027,33.4596007,126.3110427
656037381,한담노을주차장,"교통,수송 > 교통시설 > 주차장",PK6,제주특별자치도 제주시 애월읍 곽지리 1365,,,http://place.map.kakao.com/656037381,33.4586061,126.3105235
912484504,한담선진주차장,"교통,수송 > 교통시설 > 주차장",PK6,제주특별자치도 제주시 애월읍 애월리 2553,,,http://place.map.kakao.com/912484504,33.4643144,126.3096210
376893776,한담주차장,"교통,수송 > 교통시설 > 주차장",PK6,제주특별자치도 제주시 애월읍 애월리 2454-1,제주특별자치도 제주시 애월읍 애월로 12,,http://place.map.kakao.com/376893776,33.4599968,126.3115731
813918874,한담주차장1,"교통,수송 > 교통시설 > 주차장",PK6,제주특별자치도 제주시 애월읍 애월리 2499-1,,,http://place.map.kakao.com/813918874,33.4627216,126.3112869
1164041013,한담해변 공영주차장,"교통,수송 > 교통시설 > 주차장 > 공영주차장",PK6,제주특별자치도 제주시 애월읍 애월리 2542-6,,,http://place.map.kakao.com/1164041013,33.4623098,126.3098757
85113043,한라도서관 북쪽주차장,"교통,수송 > 교통시설 > 주차장",PK6,제주특별자치도 제주시 오라이동 907-4,,,http://place.map.kakao.com/85113043,33.4770511,126.5154393
457298695,한라도서관 주차장,"교통,수송 > 교통시설 > 주차장",PK6,제주특별자치도 제주시 오라이동 899-3,제주특별자치도 제주시 오남로 221,,http://place.map.kakao.com/457298695,33.4764077,126.5162251
1224194366,한라빌라 서측 공영 주차장,"교통,수송 > 교통시설 > 주차장 > 공영주차장",PK6,제주특별자치도 제주시 노형동 2595-7,,,http://place.map.kakao.com/1224194366,33.4818054,126.4720155
22019633,한라산 충혼묘지주차장분기점,"스포츠,레저 > 등산 > 등산정보",,제주특별자치도 제주시 노형동 3825-1,,,http://place.map.kakao.com/22019633,33.4109761,126.4943529
20346790,한라산국립공원 관음사탐방로 주차장,"교통,수송 > 교통시설 > 주차장",PK6,제주특별자치도 제주시 오등동 산 180-3,제주특별자치도 제주시 산록북로 588,064-756-9950,http://place.map.kakao.com/20346790,33.4221272,126.5498357
20848378,한라산국립공원 영실매표소 주차장,"교통,수송 > 교통시설 > 주차장",PK6,제주특별자치도 서귀포시 하원동 산 1-1,,,http://place.map.kakao.com/20848378,33.3404777,126.4804042
20588447,한라산리조트주차장,"교통,수송 > 교통시설 > 주차장",PK6,제주특별자치도 제주시 오등동 10-2,제주특별자치도 제주시 선돌목동길 56-46,,http://place.map.kakao.com/20588447,33.4445572,126.5463472
1066163589,한라산아래첫마을 주차장,"교통,수송 > 교통시설 > 주차장",PK6,제주특별자치도 서귀포시 안덕면 광평리 211-1,,,http://place.map.kakao.com/1066163589,33.3278187,126.3798896
17578366,한라생태숲 주차장,"교통,수송 > 교통시설 > 주차장",PK6,제주특별자치도 제주시 용강동 산 14-1,제주특별자치도 제주시 516로 2596,064-710-2775,http://place.map.kakao.com/17578366,33.4303538,126.5960050
1572852341,한라수목원 공영버스차고지 주차장,"교통,수송 > 교통시설 > 주차장",PK6,제주특별자치도 제주시 노형동 568,제주특별자치도 제주시 수목원서길 17,,http://place.map.kakao.com/1572852341,33.4690802,126.4833129
17932957,한라수목원 공영주차장,"교통,수송 > 교통시설 > 주차장 > 공영주차장",PK6,제주특별자치도 제주시 연동 998,,,http://place.map.kakao.com/17932957,33.4700165,126.4910658
1626513311,한라수목원 자연생태학습관 주차장,"교통,수송 > 교통시설 > 주차장",PK6,제주특별자치도 제주시 연동 1012,제주특별자치도 제주시 수목원길 72,,http://place.map.kakao.com/1626513311,33.4695864,126.4932436
20596091,한라용사촌공영주차장,"교통,수송 > 교통시설 > 주차장 > 공영주차장",PK6,제주특별자치도 제주시 구좌읍 행원리 2333-36,,,http://place.map.kakao.com/20596091,33.5353820,126.7952474
237644098,한라전복 주차장,"교통,수송 > 교통시설 > 주차장",PK6,제주특별자치도 서귀포시 대정읍 동일리 2904-2,제주특별자치도 서귀포시 대정읍 대한로 33,,http://place.map.kakao.com/237644098,33.2304648,126.2452617
2018271436,한림 상두거리 공영주차장,"교통,수송 > 교통시설 > 주차장 > 공영주차장",PK6,제주특별자치도 제주시 한림읍 한림리 1198-3,,,http://place.map.kakao.com/2018271436,33.4124665,126.2653040
1925188883,한림공원 인근 공영주차장 전기차충전소,"교통,수송 > 자동차 > 전기차 충전소",,제주특별자치도 제주시 한림읍 금능리 2316,,,http://place.map.kakao.com/1925188883,33.3910936,126.2379640
20588457,한림공원 주차장2,"교통,수송 > 교통시설 > 주차장",PK6,제주특별자치도 제주시 한림읍 협재리 2487,제주특별자치도 제주시 한림읍 한림로 300,,http://place.map.kakao.com/20588457,33.3905257,126.2378367
20581002,한림공원앞 주차장,"교통,수송 > 교통시설 > 주차장",PK6,제주특별자치도 제주시 한림읍 금능리 2016-1,,,http://place.map.kakao.com/20581002,33.3910335,126.2375690
20581009,한림리1281-9 주차장,"교통,수송 > 교통시설 > 주차장",PK6,제주특별자치도 제주시 한림읍 한림리 1281-9,,,http://place.map.kakao.com/20581009,33.4162030,126.2659563
17575164,한림리공영주차장,"교통,수송 > 교통시설 > 주차장 > 공영주차장",PK6,제주특별자치도 제주시 한림읍 한림리 905-35,,,http://place.map.kakao.com/17575164,33.4109790,126.2686835
1887326857,한림리조트 제1주차장,"교통,수송 > 교통시설 > 주차장",PK6,제주특별자치도 제주시 한림읍 협재리 1193,,,http://place.map.kakao.com/1887326857,33.3897603,126.2498378
1870902898,한림리조트 제2주차장,"교통,수송 > 교통시설 > 주차장",PK6,제주특별자치도 제주시 한림읍 협재리 1196,,,http://place.map.kakao.com/1870902898,33.3897824,126.2490100
1887467805,한림리조트 제3주차장,"교통,수송 > 교통시설 > 주차장",PK6,제주특별자치도 제주시 한림읍 협재리 1193,,,http://place.map.kakao.com/1887467805,33.3894016,126.2501526
19397054,한림민속오일시장 공영주차장,"교통,수송 > 교통시설 > 주차장 > 공영주차장",PK6,제주특별자치도 제주시 한림읍 대림리 1698-4,제주특별자치도 제주시 한림읍 한수풀로4길 10,,http://place.map.kakao.com/19397054,33.4204707,126.2737055
20588458,한림빌라지하주차장,"교통,수송 > 교통시설 > 주차장",PK6,제주특별자치도 제주시 한림읍 수원리 952-2,,,http://place.map.kakao.com/20588458,33.4277739,126.2638245
152924190,한림상두거리 공영주차장 전기차충전소,"교통,수송 > 자동차 > 전기차 충전소",,제주특별자치도 제주시 한림읍 한림리 1198-10,제주특별자치도 제주시 한림읍 한림중앙로 29,,http://place.map.kakao.com/152924190,33.4124350,126.2651623
1020314291,한림수협 공영주차장,"교통,수송 > 교통시설 > 주차장 > 공영주차장",PK6,제주특별자치도 제주시 한림읍 한림리 1377-53,,,http://place.map.kakao.com/1020314291,33.4142427,126.2595524
1278769672,한림오일시장 주차장 전기차충전소,"교통,수송 > 자동차 > 전기차 충전소",,제주특별자치도 제주시 한림읍 대림리 413,,1899-8852,http://place.map.kakao.com/1278769672,33.4196787,126.2753248
1701012817,한림읍무료주차장,"교통,수송 > 교통시설 > 주차장",PK6,제주특별자치도 제주시 한림읍 옹포리 239-1,,,http://place.map.kakao.com/1701012817,33.4050174,126.2561887
702252491,한림읍주민자치센터 옆 공영주차장 전기차충전소,"교통,수송 > 자동차 > 전기차 충전소",,제주특별자치도 제주시 한림읍 한림리 1443-3,제주특별자치도 제주시 한림읍 한림로6길 10,1899-8852,http://place.map.kakao.com/702252491,33.4128852,126.2626246
1205147468,한림읍체육관주차장 전기차충전소,"교통,수송 > 자동차 > 전기차 충전소",,제주특별자치도 제주시 한림읍 한림리 887-2,제주특별자치도 제주시 한림읍 한림중앙로 71-9,,http://place.map.kakao.com/1205147468,33.4096917,126.2685438
1002121766,한림종합운동장 주차장 전기차충전소,"교통,수송 > 자동차 > 전기차 충전소",,제주특별자치도 제주시 한림읍 한림리 887-2,제주특별자치도 제주시 한림읍 한림중앙로 71-9,1661-9408,http://place.map.kakao.com/1002121766,33.4096917,126.2685438
17578538,한림종합운동장 주차장2,"교통,수송 > 교통시설 > 주차장",PK6,제주특별자치도 제주시 한림읍 한림리 887-2,제주특별자치도 제주시 한림읍 한림중앙로 71-9,,http://place.map.kakao.com/17578538,33.4086953,126.2697561
17581049,한림종합운동장 주차장3,"교통,수송 > 교통시설 > 주차장",PK6,제주특별자치도 제주시 한림읍 한림리 887-2,제주특별자치도 제주시 한림읍 한림중앙로 71-9,,http://place.map.kakao.com/17581049,33.4089828,126.2683476
17572971,한림종합운동장 주차장4,"교통,수송 > 교통시설 > 주차장",PK6,제주특별자치도 제주시 한림읍 한림리 887-2,제주특별자치도 제주시 한림읍 한림중앙로 71-9,,http://place.map.kakao.com/17572971,33.4092522,126.2693989
767596075,한림칼국수 공항점 주차장,"교통,수송 > 교통시설 > 주차장",PK6,제주특별자치도 제주시 노형동 3153-1,,,http://place.map.kakao.com/767596075,33.4789770,126.4677689
1234920387,한림항 공영주차장,"교통,수송 > 교통시설 > 주차장",PK6,제주특별자치도 제주시 한림읍 한림리 1377-48,,,http://place.map.kakao.com/1234920387,33.4105428,126.2583841
390130914,한림항 주차장 전기차충전소,"교통,수송 > 자동차 > 전기차 충전소",,제주특별자치도 제주시 한림읍 한림리 1377-48,,1661-9408,http://place.map.kakao.com/390130914,33.4103996,126.2584004
378966809,한림항공우주고등학교 주차장,"교통,수송 > 교통시설 > 주차장",PK6,제주특별자치도 제주시 한림읍 한림리 871,제주특별자치도 제주시 한림읍 한림중앙로 87,,http://place.map.kakao.com/378966809,33.4070219,126.2691294
27309276,한마음병원 주차장1,"교통,수송 > 교통시설 > 주차장",PK6,제주특별자치도 제주시 이도이동 1941-6,,,http://place.map.kakao.com/27309276,33.4960034,126.5466171
27309278,한마음병원 주차장2,"교통,수송 > 교통시설 > 주차장",PK6,제주특별자치도 제주시 이도이동 1941-3,,,http://place.map.kakao.com/27309278,33.4966041,126.5461965
443656140,한빛테크놀즈아파트 101동 주차장,"교통,수송 > 교통시설 > 주차장",PK6,제주특별자치도 서귀포시 강정동 165-5,제주특별자치도 서귀포시 김정문화로27번길 13-3,,http://place.map.kakao.com/443656140,33.2529859,126.5075444
1654105697,한샘어린이집 맞은편 공영주차장 전기차충전소,"교통,수송 > 자동차 > 전기차 충전소",,제주특별자치도 제주시 삼양이동 2176-13,제주특별자치도 제주시 지석10길 18,,http://place.map.kakao.com/1654105697,33.5197309,126.5826129
20581065,한샘어린이집맞은편 노외공영주차장,"교통,수송 > 교통시설 > 주차장 > 공영주차장",PK6,제주특별자치도 제주시 삼양이동 2176-13,,,http://place.map.kakao.com/20581065,33.5197299,126.5826043
1383937555,한수풀도서관 주차장,"교통,수송 > 교통시설 > 주차장",PK6,제주특별자치도 제주시 한림읍 대림리 1877,제주특별자치도 제주시 한림읍 한림상로 240-11,,http://place.map.kakao.com/1383937555,33.4203077,126.2685107
20588556,한양주차장,"교통,수송 > 교통시설 > 주차장",PK6,제주특별자치도 제주시 일도일동 1131,,,http://place.map.kakao.com/20588556,33.5126068,126.5291374
20581053,한전아파트 동측 공영주차장,"교통,수송 > 교통시설 > 주차장 > 공영주차장",PK6,제주특별자치도 제주시 삼양일동 1592-2,,,http://place.map.kakao.com/20581053,33.5283262,126.5930439
1651018891,한형수정원 주차장,"교통,수송 > 교통시설 > 주차장",PK6,제주특별자치도 제주시 한림읍 협재리 1352,제주특별자치도 제주시 한림읍 옹포2길 44,064-796-3350,http://place.map.kakao.com/1651018891,33.3969876,126.2498531
1555677648,함덕 서우봉 공영주차장 2 전기차충전소,"교통,수송 > 자동차 > 전기차 충전소",,제주특별자치도 제주시 조천읍 함덕리 산 4,,,http://place.map.kakao.com/1555677648,33.5436327,126.6758757
218475038,함덕 서우봉 공영주차장 전기차충전소,"교통,수송 > 자동차 > 전기차 충전소",,제주특별자치도 제주시 조천읍 함덕리 263-3,제주특별자치도 제주시 조천읍 조함해안로 610-6,1670-2690,http://place.map.kakao.com/218475038,33.5425653,126.6762716
1496776266,함덕국민학교옛터 공영주차장,"교통,수송 > 교통시설 > 주차장 > 공영주차장",PK6,제주특별자치도 제주시 조천읍 함덕리 1004-3,,,http://place.map.kakao.com/1496776266,33.5423192,126.6684256
1794391419,함덕농협하나로마트 중앙점 주차장,"교통,수송 > 교통시설 > 주차장",PK6,제주특별자치도 제주시 조천읍 함덕리 1266-2,제주특별자치도 제주시 조천읍 신북로 514,,http://place.map.kakao.com/1794391419,33.5418487,126.6644814
1636463197,함덕리 952-2 주차장,"교통,수송 > 교통시설 > 주차장",PK6,제주특별자치도 제주시 조천읍 함덕리 952-2,,,http://place.map.kakao.com/1636463197,33.5393339,126.6704019
20588613,함덕마을정주항주차장,"교통,수송 > 교통시설 > 주차장",PK6,제주특별자치도 제주시 조천읍 함덕리 3113-3,제주특별자치도 제주시 조천읍 조함해안로 441,,http://place.map.kakao.com/20588613,33.5461570,126.6616599
20588614,함덕복지회관주차장,"교통,수송 > 교통시설 > 주차장",PK6,제주특별자치도 제주시 조천읍 함덕리 1266-5,,,http://place.map.kakao.com/20588614,33.5417663,126.6649888
1803972938,함덕알뜰주유소북측주차장,"교통,수송 > 교통시설 > 주차장 > 공영주차장",PK6,제주특별자치도 제주시 조천읍 함덕리 272-57,,,http://place.map.kakao.com/1803972938,33.5405304,126.6735035
1147284797,함덕하나로마트 주차장,"교통,수송 > 교통시설 > 주차장",PK6,제주특별자치도 제주시 조천읍 함덕리 72-4,제주특별자치도 제주시 조천읍 함와로 40,,http://place.map.kakao.com/1147284797,33.5371033,126.6741516
20588642,항몽유적지 주차장,"교통,수송 > 교통시설 > 주차장 > 공영주차장",PK6,제주특별자치도 제주시 애월읍 상귀리 1008-1,제주특별자치도 제주시 애월읍 항파두리로 31,,http://place.map.kakao.com/20588642,33.4522826,126.4088593
1178776733,항몽유적지 주차장 전기차충전소,"교통,수송 > 자동차 > 전기차 충전소",,제주특별자치도 제주시 애월읍 상귀리 1008-1,제주특별자치도 제주시 애월읍 항파두리로 31,1899-8852,http://place.map.kakao.com/1178776733,33.4524330,126.4088239
20581310,해녀박물관 주차장,"교통,수송 > 교통시설 > 주차장",PK6,제주특별자치도 제주시 구좌읍 상도리 3204-1,제주특별자치도 제주시 구좌읍 해녀박물관길 26,,http://place.map.kakao.com/20581310,33.5223446,126.8630637
1499196970,해녀촌 주차장,"교통,수송 > 교통시설 > 주차장",PK6,제주특별자치도 제주시 구좌읍 동복리 1502-1,,,http://place.map.kakao.com/1499196970,33.5535462,126.7098770
1542540516,해녀촌 주차장,"교통,수송 > 교통시설 > 주차장",PK6,제주특별자치도 제주시 용담삼동 1034-41,제주특별자치도 제주시 용해로 11,,http://place.map.kakao.com/1542540516,33.5162035,126.5026741
1121344638,해뜨는집펜션 주차장,"교통,수송 > 교통시설 > 주차장",PK6,제주특별자치도 서귀포시 성산읍 오조리 2-4,,,http://place.map.kakao.com/1121344638,33.4689519,126.9229396
900010923,해변공용주차장,"교통,수송 > 교통시설 > 주차장 > 공영주차장",PK6,제주특별자치도 제주시 애월읍 금성리 569-4,,,http://place.map.kakao.com/900010923,33.4473313,126.2999869
20588682,해비치CC제주 주차장,"교통,수송 > 교통시설 > 주차장",PK6,제주특별자치도 서귀포시 남원읍 신흥리 산 30,제주특별자치도 서귀포시 남원읍 원님로399번길 319,,http://place.map.kakao.com/20588682,33.3599558,126.7276733
20580709,해비치호텔앤리조트 주차장2,"교통,수송 > 교통시설 > 주차장",PK6,제주특별자치도 서귀포시 표선면 표선리 40-87,,,http://place.map.kakao.com/20580709,33.3244067,126.8437844
17582236,해비치호텔앤리조트 주차장3,"교통,수송 > 교통시설 > 주차장",PK6,제주특별자치도 서귀포시 표선면 표선리 40-55,제주특별자치도 서귀포시 표선면 민속해안로 578-2,,http://place.map.kakao.com/17582236,33.3246055,126.8441921
285811820,해심가든 주차장,"교통,수송 > 교통시설 > 주차장",PK6,제주특별자치도 서귀포시 중문동 2018-8,,,http://place.map.kakao.com/285811820,33.2517967,126.4265432
17939317,해양수산연구원 주차장,"교통,수송 > 교통시설 > 주차장",PK6,제주특별자치도 서귀포시 표선면 표선리 1311-6,제주특별자치도 서귀포시 표선면 민속해안로 292,,http://place.map.kakao.com/17939317,33.3080467,126.8294633
120100443,해일리 주차장,"교통,수송 > 교통시설 > 주차장",PK6,제주특별자치도 서귀포시 성산읍 성산리 308,제주특별자치도 서귀포시 성산읍 한도로 269-37,,http://place.map.kakao.com/120100443,33.4688101,126.9349907
1507523938,허니문하우스 주차장,"교통,수송 > 교통시설 > 주차장",PK6,제주특별자치도 서귀포시 토평동 511,제주특별자치도 서귀포시 칠십리로 228-13,,http://place.map.kakao.com/1507523938,33.2473422,126.5783454
1868229538,헤르츠호텔 주차장,"교통,수송 > 교통시설 > 주차장",PK6,제주특별자치도 제주시 이도이동 1010,제주특별자치도 제주시 중앙로 252,,http://place.map.kakao.com/1868229538,33.4973847,126.5311256
1507367454,헬로키티아일랜드 주차장,"교통,수송 > 교통시설 > 주차장",PK6,제주특별자치도 서귀포시 안덕면 상창리 1963-2,,,http://place.map.kakao.com/1507367454,33.2897816,126.3521649
736256614,혁이네숯불닭갈비,"음식점 > 한식 > 육류,고기 > 닭요리",FD6,제주특별자치도 제주시 도남동 54-28,제주특별자치도 제주시 도남로 68,064-727-9282,http://place.map.kakao.com/736256614,33.4942970,126.5276321
616786443,현대아파트상가앞 공영주차장,"교통,수송 > 교통시설 > 주차장 > 공영주차장",PK6,제주특별자치도 제주시 건입동 1042-7,,,http://place.map.kakao.com/616786443,33.5162358,126.5353552
20581222,현사부락물양장공영주차장,"교통,수송 > 교통시설 > 주차장 > 공영주차장",PK6,제주특별자치도 제주시 이호일동 1788-6,제주특별자치도 제주시 테우해안로 143,,http://place.map.kakao.com/20581222,33.4975823,126.4494224
1047862685,협재신국수 주차장,"교통,수송 > 교통시설 > 주차장",PK6,제주특별자치도 제주시 한림읍 협재리 1303-1,제주특별자치도 제주시 한림읍 명재로 17,,http://place.map.kakao.com/1047862685,33.3950807,126.2488054
598731883,협재어촌계복지회관 주차장,"교통,수송 > 교통시설 > 주차장",PK6,제주특별자치도 제주시 한림읍 협재리 1459-7,제주특별자치도 제주시 한림읍 협재3길 19,,http://place.map.kakao.com/598731883,33.3985954,126.2441080
1238780815,협재해녀의집 주차장,"교통,수송 > 교통시설 > 주차장",PK6,제주특별자치도 제주시 한림읍 협재리 1459-2,제주특별자치도 제주시 한림읍 협재3길 19,,http://place.map.kakao.com/1238780815,33.3988232,126.2439104
1843629046,협재해수욕장 1주차장,"교통,수송 > 교통시설 > 주차장",PK6,제주특별자치도 제주시 한림읍 협재리 2447-45,,,http://place.map.kakao.com/1843629046,33.3947430,126.2408728
20588902,협재해수욕장 2주차장,"교통,수송 > 교통시설 > 주차장",PK6,제주특별자치도 제주시 한림읍 협재리 2447-13,,,http://place.map.kakao.com/20588902,33.3928443,126.2395469
309442370,혜성아파트북측공영주차장 전기차충전소,"교통,수송 > 자동차 > 전기차 충전소",,제주특별자치도 제주시 이도이동 429-7,제주특별자치도 제주시 정든로 37,,http://place.map.kakao.com/309442370,33.4975981,126.5424055
455469718,호근동 공영주차장,"교통,수송 > 교통시설 > 주차장 > 공영주차장",PK6,제주특별자치도 서귀포시 호근동 1763-2,,,http://place.map.kakao.com/455469718,33.2575737,126.5280913
1897275243,호림식당 주차장,"교통,수송 > 교통시설 > 주차장",PK6,제주특별자치도 서귀포시 서귀동 782-2,,,http://place.map.kakao.com/1897275243,33.2408660,126.5650535
455393558,호텔 서귀피안 지하주차장,"교통,수송 > 교통시설 > 주차장",PK6,제주특별자치도 서귀포시 보목동 1453,제주특별자치도 서귀포시 보목로64번길 178,064-735-1453,http://place.map.kakao.com/455393558,33.2443837,126.5906810
562720876,호텔골든데이지 주차장,"교통,수송 > 교통시설 > 주차장",PK6,제주특별자치도 서귀포시 서귀동 255-1,제주특별자치도 서귀포시 동홍로 7,064-802-7700,http://place.map.kakao.com/562720876,33.2495002,126.5674069
503529219,호텔난타 주차장,"교통,수송 > 교통시설 > 주차장",PK6,제주특별자치도 제주시 오등동 10-1,제주특별자치도 제주시 선돌목동길 56-26,,http://place.map.kakao.com/503529219,33.4457764,126.5481186
682699828,호텔샬롬제주 주차장,"교통,수송 > 교통시설 > 주차장",PK6,제주특별자치도 제주시 이도이동 1174-1,,,http://place.map.kakao.com/682699828,33.5017963,126.5325902
1580578863,호텔윈스토리,여행 > 숙박 > 호텔,AD5,제주특별자치도 서귀포시 서귀동 318-17,제주특별자치도 서귀포시 중정로 11,064-741-0000,http://place.map.kakao.com/1580578863,33.2477010,126.5575566
867597698,호텔케니 주차장입구,"교통,수송 > 입출구",,제주특별자치도 서귀포시 서귀동 270-9,,,http://place.map.kakao.com/867597698,33.2502250,126.5650511
17580690,호텔하니크라운 주차장,"교통,수송 > 교통시설 > 주차장",PK6,제주특별자치도 제주시 이도일동 1315,제주특별자치도 제주시 삼성로 10,,http://place.map.kakao.com/17580690,33.5051082,126.5279210
20580766,호텔화인 전용주차장,"교통,수송 > 교통시설 > 주차장",PK6,제주특별자치도 서귀포시 서귀동 782-23,,,http://place.map.kakao.com/20580766,33.2404058,126.5654388
1839209504,홈플러스 서귀포점 주차장,"교통,수송 > 교통시설 > 주차장",PK6,제주특별자치도 서귀포시 동홍동 1558,제주특별자치도 서귀포시 중앙로 180,,http://place.map.kakao.com/1839209504,33.2604855,126.5599348
57369296,홍로공영주차장,"교통,수송 > 교통시설 > 주차장 > 공영주차장",PK6,제주특별자치도 서귀포시 동홍동 1480-6,,,http://place.map.kakao.com/57369296,33.2559209,126.5613055
1442985132,홍로공영주차장 전기차충전소,"교통,수송 > 자동차 > 전기차 충전소",,제주특별자치도 서귀포시 동홍동 1480-6,제주특별자치도 서귀포시 장수로 57,,http://place.map.kakao.com/1442985132,33.2559027,126.5609923
545342617,홍로공영주차장 전기차충전소,"교통,수송 > 자동차 > 전기차 충전소",,제주특별자치도 서귀포시 동홍동 1480-6,제주특별자치도 서귀포시 장수로 57,,http://place.map.kakao.com/545342617,33.2559049,126.5608635
1855251629,홍마트앞 공영주차장,"교통,수송 > 교통시설 > 주차장 > 공영주차장",PK6,제주특별자치도 서귀포시 대정읍 하모리 772-15,제주특별자치도 서귀포시 대정읍 최남단해안로 8-1,,http://place.map.kakao.com/1855251629,33.2196779,126.2518247
1663410941,화목원 주차장,"교통,수송 > 교통시설 > 주차장",PK6,제주특별자치도 제주시 연동 1341-1,제주특별자치도 제주시 연화남길 41,064-748-0023,http://place.map.kakao.com/1663410941,33.4729945,126.4886601
1362555995,화북2동 공영주차장 전기차충전소,"교통,수송 > 자동차 > 전기차 충전소",,제주특별자치도 제주시 화북이동 3343-1,제주특별자치도 제주시 거로남4길 8,1899-2100,http://place.map.kakao.com/1362555995,33.5090444,126.5607300
1290169643,화북공업단지남측공영주차장 전기차충전소,"교통,수송 > 자동차 > 전기차 충전소",,제주특별자치도 제주시 화북이동 3645-4,제주특별자치도 제주시 거로중길 53,1899-8852,http://place.map.kakao.com/1290169643,33.5118923,126.5609244
1581734020,화북동공영주차장 전기차충전소,"교통,수송 > 자동차 > 전기차 충전소",,제주특별자치도 제주시 화북일동 11-7,,,http://place.map.kakao.com/1581734020,33.5199550,126.5735077
20581278,화북소방서 북측공영주차장,"교통,수송 > 교통시설 > 주차장 > 공영주차장",PK6,제주특별자치도 제주시 화북일동 11-7,,,http://place.map.kakao.com/20581278,33.5198610,126.5734285
67486877,화북일동 공영주차장,"교통,수송 > 교통시설 > 주차장 > 공영주차장",PK6,제주특별자치도 제주시 화북일동 2130-6,제주특별자치도 제주시 화남로 44,,http://place.map.kakao.com/67486877,33.5141144,126.5631433
1445227955,화북일동 공영주차장 전기차충전소,"교통,수송 > 자동차 > 전기차 충전소",,제주특별자치도 제주시 화북일동 2130-6,제주특별자치도 제주시 화남로 44,,http://place.map.kakao.com/1445227955,33.5146543,126.5633505
1455513491,화삼북로주차장 안심무인택배함,"서비스,산업 > 보관,저장 > 무인보관함",,제주특별자치도 제주시 화북일동 1004-2,제주특별자치도 제주시 화삼북로 38,,http://place.map.kakao.com/1455513491,33.5170789,126.5769199
245137663,화순금모래해변 담수풀장 무료주차장,"교통,수송 > 교통시설 > 주차장",PK6,제주특별자치도 서귀포시 안덕면 화순리 2135,제주특별자치도 서귀포시 안덕면 화순중앙로124번길 43,,http://place.map.kakao.com/245137663,33.2402003,126.3299250
20589056,화순금모래해수욕장 주차장,"교통,수송 > 교통시설 > 주차장",PK6,제주특별자치도 서귀포시 안덕면 화순리 833-2,제주특별자치도 서귀포시 안덕면 화순해안로 69,,http://place.map.kakao.com/20589056,33.2405233,126.3336672
1187287086,화순사거리 공영주차장,"교통,수송 > 교통시설 > 주차장 > 공영주차장",PK6,제주특별자치도 서귀포시 안덕면 화순리 1072,,,http://place.map.kakao.com/1187287086,33.2462079,126.3351692
1054823658,화순해수욕장캠핑장 주차장,"교통,수송 > 교통시설 > 주차장",PK6,제주특별자치도 서귀포시 안덕면 화순리 833-2,,,http://place.map.kakao.com/1054823658,33.2406345,126.3335483
275259638,화이트디어 해안1차 야외주차장 전기차충전소,"교통,수송 > 자동차 > 전기차 충전소",,제주특별자치도 제주시 해안동 2545-5,제주특별자치도 제주시 해안마을서4길 107-1,1522-2573,http://place.map.kakao.com/275259638,33.4527031,126.4525328
1902043415,화이트하우스 주차장,"교통,수송 > 교통시설 > 주차장",PK6,제주특별자치도 제주시 용담삼동 2572-4,제주특별자치도 제주시 서해안로 380,,http://place.map.kakao.com/1902043415,33.5123892,126.4844516
1277578565,황금정갈비뒷편 공영주차장,"교통,수송 > 교통시설 > 주차장 > 공영주차장",PK6,제주특별자치도 제주시 일도이동 1020-1,,,http://place.map.kakao.com/1277578565,33.5102371,126.5328699
587181031,황해식당 주차장,"교통,수송 > 교통시설 > 주차장",PK6,제주특별자치도 제주시 외도일동 418-8,,,http://place.map.kakao.com/587181031,33.4922278,126.4306793
425069084,회수동 다목적회관 부설주차장 전기차충전소,"교통,수송 > 자동차 > 전기차 충전소",,제주특별자치도 서귀포시 회수동 430,제주특별자치도 서귀포시 중산간서로 647-11,,http://place.map.kakao.com/425069084,33.2610904,126.4457980
177947265,회수사거리 공영주차장,"교통,수송 > 교통시설 > 주차장 > 공영주차장",PK6,제주특별자치도 서귀포시 회수동 788-2,,,http://place.map.kakao.com/177947265,33.2630565,126.4424951
1661318423,회수사거리 인근 공영주차장 전기차충전소,"교통,수송 > 자동차 > 전기차 충전소",,제주특별자치도 서귀포시 회수동 788-2,,1661-9408,http://place.map.kakao.com/1661318423,33.2632287,126.4426786
237660032,회심 주차장,"교통,수송 > 교통시설 > 주차장",PK6,제주특별자치도 제주시 영평동 2458-19,,,http://place.map.kakao.com/237660032,33.4784612,126.5645037
17582518,회천리조트 주차장2,"교통,수송 > 교통시설 > 주차장",PK6,제주특별자치도 제주시 회천동 4-1,제주특별자치도 제주시 번영로 940,,http://place.map.kakao.com/17582518,33.4750639,126.6360601
1498767015,회춘 주차장,"교통,수송 > 교통시설 > 주차장",PK6,제주특별자치도 제주시 조천읍 함덕리 1015-2,,,http://place.map.kakao.com/1498767015,33.5431054,126.6624158
1787497265,효돈농협하나로마트 주차장,"교통,수송 > 교통시설 > 주차장",PK6,제주특별자치도 서귀포시 하효동 639,제주특별자치도 서귀포시 하신상로 1,,http://place.map.kakao.com/1787497265,33.2609671,126.6171733
1180496691,효돈동 공영주차장 전기차충전소,"교통,수송 > 자동차 > 전기차 충전소",,제주특별자치도 서귀포시 하효동 162,제주특별자치도 서귀포시 효돈로170번길 16-8,,http://place.map.kakao.com/1180496691,33.2628651,126.6160274
17583463,휘닉스 아일랜드 A동 주차장,"교통,수송 > 교통시설 > 주차장",PK6,제주특별자치도 서귀포시 성산읍 고성리 127-3,제주특별자치도 서귀포시 성산읍 섭지코지로 95,,http://place.map.kakao.com/17583463,33.4310985,126.9271281
619844503,휘닉스 아일랜드 B동 주차장,"교통,수송 > 교통시설 > 주차장",PK6,제주특별자치도 서귀포시 성산읍 고성리 127-2,제주특별자치도 서귀포시 성산읍 섭지코지로 107,,http://place.map.kakao.com/619844503,33.4306417,126.9291910
17580715,휘닉스 아일랜드 C동 주차장,"교통,수송 > 교통시설 > 주차장",PK6,제주특별자치도 서귀포시 성산읍 고성리 127-2,제주특별자치도 서귀포시 성산읍 섭지코지로 107,,http://place.map.kakao.com/17580715,33.4297827,126.9281185
17582228,휘닉스제주 주차장3,"교통,수송 > 교통시설 > 주차장",PK6,제주특별자치도 서귀포시 성산읍 고성리 182,제주특별자치도 서귀포시 성산읍 섭지코지로 93-66,,http://place.map.kakao.com/17582228,33.4328061,126.9301247
17576757,휘닉스제주 주차장5,"교통,수송 > 교통시설 > 주차장",PK6,제주특별자치도 서귀포시 성산읍 고성리 127-2,제주특별자치도 서귀포시 성산읍 섭지코지로 107,,http://place.map.kakao.com/17576757,33.4312910,126.9295560
23120326,휘닉스제주 주차장7,"교통,수송 > 교통시설 > 주차장",PK6,제주특별자치도 서귀포시 성산읍 고성리 127-8,,,http://place.map.kakao.com/23120326,33.4332003,126.9259005
23120327,휘닉스제주 주차장8,"교통,수송 > 교통시설 > 주차장",PK6,제주특별자치도 서귀포시 성산읍 고성리 127-3,제주특별자치도 서귀포시 성산읍 섭지코지로 95,,http://place.map.kakao.com/23120327,33.4320830,126.9270327
17583458,휘닉스제주섭지코지 주차장1,"교통,수송 > 교통시설 > 주차장",PK6,제주특별자치도 서귀포시 성산읍 고성리 62-3,,,http://place.map.kakao.com/17583458,33.4238253,126.9289384
17576751,휘닉스제주섭지코지 주차장2,"교통,수송 > 교통시설 > 주차장",PK6,제주특별자치도 서귀포시 성산읍 고성리 62-4,,,http://place.map.kakao.com/17576751,33.4235447,126.9301451
1975659056,휘슬락호텔 주차장,"교통,수송 > 교통시설 > 주차장",PK6,제주특별자치도 제주시 건입동 1440,,,http://place.map.kakao.com/1975659056,33.5176356,126.5257605
17556899,휴애리자연생활공원 주차장,"교통,수송 > 교통시설 > 주차장",PK6,제주특별자치도 서귀포시 남원읍 신례리 2081,제주특별자치도 서귀포시 남원읍 신례동로 256,,http://place.map.kakao.com/17556899,33.3089399,126.6336034
1507752720,휴일로 주차장,"교통,수송 > 교통시설 > 주차장",PK6,제주특별자치도 서귀포시 안덕면 창천리 786,제주특별자치도 서귀포시 안덕면 난드르로 49-65,,http://place.map.kakao.com/1507752720,33.2323164,126.3663826
1638317763,흑돈가 제주본점 주차장,"교통,수송 > 교통시설 > 주차장",PK6,제주특별자치도 제주시 노형동 3811,,,http://place.map.kakao.com/1638317763,33.4799064,126.4734289
1131766655,히든클리프호텔앤네이쳐 주차장,"교통,수송 > 교통시설 > 주차장",PK6,제주특별자치도 서귀포시 상예동 625,제주특별자치도 서귀포시 예래해안로 542,,http://place.map.kakao.com/1131766655,33.2554796,126.4025646
