위도,경도
33.22829437,126.2599106
33.22813797,126.2599487
33.22856522,126.2603531
33.22883987,126.2606125
33.22912979,126.2608871
33.2294693,126.2612228
33.2297821,126.261528
33.23013687,126.2618637
33.23049545,126.2621841
33.23084259,126.2625275
33.23109436,126.2627563
33.23149872,126.2630844
33.23183823,126.2634048
33.2321434,126.2636948
33.23241425,126.2640076
33.23264694,126.2643051
33.23291016,126.2646637
33.23314285,126.265007
33.22803497,126.259613
33.22767258,126.2592926
33.22728348,126.2588882
33.22701645,126.258606
33.22666168,126.2582321
33.22635269,126.2578964
33.22595596,126.2574768
33.22566986,126.2571182
33.22790527,126.2598419
33.2276001,126.2602539
33.2273941,126.2604904
33.22759628,126.2566223
33.22762299,126.2571487
33.22768402,126.2576599
33.22779846,126.2581635
33.22794342,126.2586594
33.22813416,126.2591476
33.22832489,126.2595596
33.22854233,126.2599258
33.22818375,126.2596512
33.22314072,126.2597885
33.22283173,126.260231
33.22237778,126.2603149
33.2218895,126.2603226
33.22146606,126.26017
33.22165298,126.260437
33.22214508,126.2604752
33.22264481,126.260437
33.22320175,126.2603455
33.21900177,126.2583847
33.21948624,126.2587662
33.21999359,126.2591629
33.22043228,126.2595291
33.2208786,126.2598953
33.22123337,126.26017
33.22114182,126.2598953
33.22078323,126.2595978
33.22032547,126.2592468
33.21974564,126.2587662
33.21935272,126.2584381
33.21901703,126.2581024
33.21437073,126.2938766
33.21412659,126.2936707
33.21380615,126.2933197
33.21343994,126.2929382
33.21321106,126.2928925
33.21292114,126.2926865
33.21250916,126.2924423
33.21212006,126.2922821
33.2118187,126.2921753
33.21149826,126.2920303
33.20453262,126.2884445
33.20429611,126.2876129
33.20402908,126.2868195
33.20360184,126.2860641
33.20320892,126.2853394
33.20280838,126.2846146
33.20237732,126.2839279
33.20196915,126.2832108
33.20158386,126.282486
33.20125961,126.2817688
33.20111084,126.2809296
33.20101547,126.2800598
33.20090866,126.2792053
33.20079803,126.2783737
33.20069504,126.2775269
33.2005806,126.2767029
33.23389816,126.2655258
33.23366928,126.2652512
33.23339081,126.2649078
33.23311234,126.2645493
33.23280334,126.2641373
33.23263931,126.263916
33.23223114,126.2635345
33.23194122,126.2632446
33.2315979,126.2629166
33.23121262,126.2625656
33.23091125,126.2622833
33.23064041,126.2619781
33.23026276,126.2616806
33.22988891,126.2613677
33.22958755,126.2610703
33.22943497,126.2608643
33.22874832,126.260086
33.23257065,126.2651291
33.23178482,126.265213
33.23096466,126.2652588
33.23014069,126.2653503
33.22948456,126.2652969
33.2286377,126.2651291
33.22784805,126.2649765
33.22737503,126.2648926
33.22680283,126.2647781
33.22631073,126.2646942
33.22581482,126.2647705
33.22543335,126.2648773
33.2250824,126.2654266
33.23296738,126.2652893
33.22089767,126.2672958
33.22113419,126.2669449
33.22117233,126.2672119
33.22118759,126.2675018
33.22121429,126.2678146
33.22124481,126.2681046
33.22126389,126.2684402
33.22129822,126.2687531
33.22132111,126.2690582
33.22134018,126.2693939
33.22134399,126.2697144
33.22135162,126.2700043
33.22144318,126.2685623
33.22158051,126.2685699
33.22169876,126.2685547
33.20442963,126.2895889
33.20465851,126.2896881
33.20592499,126.2898788
33.20625305,126.289978
33.20656586,126.2901764
33.20680618,126.2904434
33.20705795,126.2906876
33.20730972,126.2909622
33.2075119,126.2912292
33.23800278,126.2688522
33.23769379,126.2686157
33.23744583,126.2684174
33.23721313,126.2682266
33.23694611,126.268013
33.23671341,126.2678299
33.23640442,126.2675858
33.23612595,126.2673645
33.23589325,126.2671814
33.23566055,126.2669983
33.23539352,126.266777
33.23508453,126.2665253
33.23485947,126.2663803
33.23468018,126.266243
33.23442841,126.2660294
33.23413086,126.2657776
33.19932556,126.27211
33.19989395,126.2713547
33.20026016,126.2704391
33.20019531,126.2694626
33.20001602,126.2684784
33.19986725,126.2675018
33.2000618,126.2665253
33.20063782,126.2658386
33.211483,126.2622299
33.21162033,126.261734
33.211689,126.2611694
33.21163559,126.2605972
33.21152115,126.2601013
33.21142578,126.2595291
33.21133041,126.2589188
33.21129227,126.2585144
33.21131134,126.2580643
33.21132278,126.2575531
33.21121979,126.2577286
33.211483,126.2603455
33.211586,126.2608719
33.21157837,126.2614975
33.21145248,126.2619553
33.21129227,126.2625198
33.21138,126.2569733
33.21130371,126.2564316
33.21136093,126.2559128
33.211586,126.2554855
33.21190643,126.2551193
33.21225739,126.2547379
33.21257019,126.2543945
33.21291733,126.2540359
33.21324158,126.2536545
33.21357727,126.2533035
33.21439743,126.2528839
33.21525192,126.2527313
33.21540833,126.2525787
33.21497345,126.2526703
33.21455002,126.2527313
33.21408463,126.252861
33.21368027,126.2530899
33.21332169,126.253418
33.21265793,126.2541351
33.21198273,126.2548447
33.21136856,126.2555695
33.21124268,126.2561111
33.21123505,126.2572021
33.21298599,126.2537842
33.21165466,126.2552032
33.21231842,126.2545013
33.21480942,126.2528076
33.21145248,126.2573471
33.212677,126.2574921
33.21341324,126.2575836
33.21417236,126.2576599
33.21519852,126.2577744
33.21632004,126.2579117
33.21700287,126.257988
33.21780777,126.2580795
33.21880341,126.2582092
33.21792984,126.2579346
33.21712112,126.2578354
33.21608353,126.2577133
33.21430206,126.2575073
33.21358871,126.257431
33.21253204,126.2573013
33.21178436,126.2555389
33.21472549,126.2528915
33.21486664,126.2529678
33.21498489,126.253067
33.21607971,126.2529526
33.21582031,126.2527847
33.21608734,126.252533
33.21643829,126.2524796
33.2172699,126.2524033
33.21769333,126.2523651
33.21813965,126.2523117
33.21848679,126.2522888
33.21884537,126.2522659
33.21909714,126.2522736
33.21870041,126.2527008
33.21908188,126.2526627
33.21857071,126.2529297
33.21934891,126.2522125
33.21971893,126.252182
33.2201004,126.2521591
33.22042847,126.2520218
33.21902084,126.2528763
33.21876907,126.2528763
33.21860504,126.2528763
33.21678543,126.2524643
33.22024536,126.2519302
33.21986389,126.2519608
33.21952438,126.2519836
33.21908188,126.2520447
33.21866608,126.2520752
33.21830368,126.2521133
33.21795273,126.2518539
33.21794128,126.2514191
33.21790314,126.2507324
33.21787262,126.2502518
33.21787262,126.2521515
33.21744919,126.252182
33.21699905,126.2522354
33.21657944,126.2522583
33.21624374,126.2522812
33.21616364,126.2519913
33.21578598,126.2524719
33.21560287,126.2529449
33.2214241,126.2537842
33.22110748,126.2535248
33.22095871,126.2532806
33.22079468,126.2527847
33.2206955,126.2525024
33.22059631,126.252037
33.22056961,126.2524338
33.22069931,126.2528076
33.22081375,126.2531967
33.22093964,126.2535019
33.22125244,126.2538071
33.22516632,126.2566223
33.22475433,126.2561493
33.2243576,126.2557297
33.22395325,126.2552948
33.22373962,126.2549438
33.22361374,126.2539444
33.22348022,126.2529831
33.22343826,126.252533
33.22346115,126.2534866
33.22362518,126.2545547
33.22347641,126.2549515
33.22260284,126.2544632
33.22212601,126.2541656
33.22238541,126.2544937
33.22269058,126.2546768
33.22322083,126.2549667
33.22378159,126.2552795
33.22418594,126.2557373
33.2245903,126.2561569
33.22492981,126.2565384
33.22532654,126.2569504
33.22061157,126.2517319
33.22078323,126.2511597
33.22054291,126.2491913
33.22057724,126.2496796
33.22060394,126.2502594
33.22064209,126.2509155
33.22052765,126.251442
33.22118378,126.2469788
33.2209549,126.2471085
33.22081375,126.247467
33.22060394,126.2483139
33.22076797,126.2485352
33.22082901,126.2480164
33.22087097,126.2477951
33.2211113,126.247345
33.22150421,126.2468948
33.22091675,126.2464905
33.22087097,126.2466812
33.22081757,126.2468948
33.2195549,126.2511597
33.21950531,126.2511292
33.21944427,126.2511063
33.21938705,126.2510757
33.21934128,126.2510452
33.21928787,126.2510147
33.21923447,126.2509842
33.21917725,126.2509613
33.21912766,126.2509308
33.21906662,126.2508926
33.2190094,126.2508621
33.21894073,126.2508316
33.2188797,126.2507935
33.21881866,126.2507629
33.21876907,126.2507324
33.21871185,126.2507019
33.21865463,126.2506714
33.21860504,126.2506027
33.21857071,126.2505112
33.21853256,126.2504349
33.21849823,126.2503662
33.21847534,126.2502899
33.21844864,126.2502213
33.21841812,126.2501526
33.21838379,126.2500839
33.21835327,126.2500229
33.21832657,126.2499542
33.22361755,126.2522202
33.22269058,126.2521057
33.22185516,126.2519989
33.22109604,126.251915
33.2230835,126.2522659
33.22574615,126.2526169
33.2235527,126.2520752
33.223526,126.251503
33.22351074,126.2511063
33.22349167,126.2504883
33.22347641,126.2501221
33.22345734,126.2493591
33.22343063,126.2487717
33.22340775,126.2483597
33.22338867,126.2478561
33.22600555,126.2517853
33.2260704,126.2510986
33.22607803,126.2503967
33.22602844,126.2497101
33.22596359,126.2490463
33.22589493,126.2483673
33.22583771,126.2476959
33.22724533,126.2481689
33.22691345,126.247963
33.2266922,126.247818
33.22639084,126.2475891
33.22611237,126.247406
33.22587585,126.2472229
33.22891617,126.249527
33.22890091,126.2497101
33.22882462,126.2500381
33.22875214,126.2503128
33.2286911,126.2506104
33.22911835,126.2496872
33.22857285,126.2515717
33.22845078,126.2520828
33.2282486,126.2533417
33.2283287,126.2530136
33.22844696,126.2525177
33.22826385,126.2524948
33.2281189,126.2530212
33.22806168,126.2532654
33.22810364,126.2535706
33.22797775,126.2540817
33.22787094,126.2545776
33.22777179,126.2550723
33.22766876,126.2555771
33.22761536,126.2560806
33.21639633,126.2511063
33.21613312,126.2511444
33.21584702,126.251152
33.21563339,126.2518997
33.21538162,126.251915
33.21511841,126.2519226
33.21485901,126.2519226
33.21458435,126.2519455
33.21433258,126.2519455
33.21428299,126.2517014
33.21425629,126.2514877
33.21395874,126.2530365
33.28512573,126.282753
33.28495026,126.2824478
33.28497696,126.2828751
33.2848587,126.2826462
33.28466415,126.2825699
33.28463364,126.2823563
33.28433609,126.2823105
33.28439713,126.2820663
33.28419495,126.2819366
33.28425217,126.2816544
33.2840538,126.2815857
33.28401947,126.281311
33.28383636,126.2812729
33.2838974,126.2810516
33.23064041,126.2453537
33.23044205,126.2457733
33.2302475,126.2461853
33.23041534,126.2462921
33.23062134,126.2458801
33.23081207,126.2454605
33.23017883,126.2465973
33.22991943,126.2471237
33.22971725,126.247551
33.22949982,126.2480392
33.22932816,126.2485199
33.22916794,126.249054
33.22597122,126.2419662
33.2261734,126.2421494
33.22637939,126.2423248
33.22659683,126.2425232
33.22690201,126.2427979
33.22738266,126.2432404
33.22761154,126.2434464
33.22781754,126.2436447
33.22458649,126.2413712
33.22393799,126.2414093
33.22349548,126.2419357
33.22315216,126.2425385
33.22265625,126.2430191
33.22207642,126.244072
33.22172546,126.2444611
33.22129822,126.2448425
33.22153091,126.2453842
33.22150421,126.2460098
33.23270798,126.2409058
33.23248672,126.2413712
33.23230743,126.2417603
33.2321701,126.2420502
33.23158646,126.2433929
33.23147202,126.2436142
33.23166275,126.2436218
33.23177719,126.2434006
33.23235321,126.2421799
33.23247528,126.2419205
33.23268509,126.2415085
33.23290634,126.2410431
33.23324966,126.2400436
33.2330246,126.2405167
33.23209,126.2425385
33.23189545,126.2429352
33.23133087,126.2441406
33.23113251,126.2445602
33.23094559,126.2449493
33.23606491,126.2354126
33.23557281,126.2356796
33.23514557,126.2361145
33.23482513,126.2361832
33.23490524,126.2364273
33.23469543,126.236702
33.23457718,126.2369537
33.23479462,126.2370071
33.2349205,126.2367325
33.23508835,126.2364883
33.23542786,126.2361374
33.23570251,126.2358704
33.23616791,126.2355804
33.23456192,126.2372589
33.23438263,126.237648
33.23412704,126.2381897
33.23390579,126.2386475
33.23369217,126.2391205
33.23347092,126.2395782
33.23895264,126.2342453
33.23931122,126.2341003
33.23958969,126.2339554
33.24000549,126.2338028
33.24032974,126.2336121
33.24074936,126.2332916
33.24184036,126.2311096
33.24191666,126.2307434
33.2420311,126.2302704
33.24181366,126.2304153
33.24173355,126.2307739
33.24268341,126.2287445
33.24293518,126.2283325
33.24307632,126.2280731
33.24324799,126.2278214
33.24349213,126.2273788
33.2436676,126.2270203
33.24401474,126.2264023
33.24421692,126.2260742
33.24448776,126.2255936
33.24468231,126.2252502
33.24489594,126.2248993
33.24511337,126.2245026
33.24536514,126.2240982
33.24558258,126.2237091
33.24583435,126.2232971
33.24603653,126.2230453
33.24624634,126.2227173
33.24654007,126.2222977
33.24641418,126.222168
33.24609756,126.2225647
33.24590302,126.222847
33.24566269,126.2231522
33.2453804,126.2235947
33.24518585,126.223938
33.24494553,126.2243958
33.24473953,126.2247543
33.24454117,126.22509
33.24433517,126.2254639
33.24407196,126.2259064
33.24381638,126.2264023
33.24356461,126.2268295
33.24333191,126.2272415
33.24307632,126.2276611
33.2428894,126.22789
33.24268341,126.2283325
33.24242401,126.2287674
33.24899292,126.2198868
33.24957275,126.2204056
33.25011444,126.2209244
33.2504921,126.2215805
33.25051498,126.2224426
33.25082397,126.223175
33.25146866,126.223587
33.25209045,126.2239609
33.25274277,126.2242279
33.25347519,126.2241821
33.25411224,126.2244339
33.25457382,126.2251129
33.25502777,126.2257996
33.25546646,126.2264557
33.2559433,126.2271729
33.25575256,126.2266922
33.25531006,126.2260284
33.254879,126.2253876
33.25441742,126.2247162
33.25382233,126.2241592
33.25314331,126.2240906
33.25242615,126.2240219
33.25181198,126.2236633
33.25117874,126.2232895
33.25069809,126.2227707
33.25061798,126.2219925
33.25041199,126.2211151
33.24991226,126.2205887
33.24932861,126.2200546
33.25731277,126.2288971
33.25791168,126.2283401
33.25827789,126.2284012
33.25872421,126.2290878
33.25867462,126.2301254
33.25790405,126.2299805
33.25746536,126.2292938
33.25701141,126.2285538
33.25658035,126.2279053
33.25621033,126.2272491
33.25682068,126.2267075
33.25745773,126.2270737
33.25785446,126.2277603
33.25759506,126.2284927
33.25625992,126.2276611
33.25670242,126.2283401
33.25712204,126.2290268
33.25755692,126.2297134
33.25799942,126.2304077
33.25900269,126.2299957
33.25928497,126.2296829
33.25899887,126.2293701
33.25852585,126.2286224
33.25815964,126.2279587
33.25772095,126.227356
33.25736237,126.2262573
33.25705719,126.2263947
33.25643921,126.2268982
33.23867416,126.2288589
33.23888397,126.2289276
33.23903656,126.2287216
33.23893738,126.2285309
33.23831177,126.2287369
33.23833084,126.2289581
33.2456398,126.2746353
33.24595261,126.274971
33.24623871,126.275383
33.24651718,126.2756424
33.2468605,126.2760239
33.24714279,126.2763824
33.24742126,126.276825
33.24751663,126.277153
33.24767303,126.2775192
33.24781036,126.2779465
33.2480278,126.2784882
33.24822617,126.279007
33.24832916,126.2793045
33.24846649,126.2796173
33.24863434,126.2801361
33.24882507,126.2806168
33.24901199,126.2810822
33.24913406,126.2814255
33.24922562,126.2817459
33.24942398,126.2822571
33.24957275,126.282692
33.24986267,126.2822342
33.2497406,126.2824936
33.2496109,126.2821579
33.24944687,126.2817154
33.2492981,126.2813034
33.24921036,126.2809906
33.24900818,126.2805252
33.24882507,126.2800446
33.24863052,126.279541
33.24847412,126.2791061
33.24840164,126.2789078
33.24820328,126.2783813
33.24803162,126.2778549
33.24785233,126.2774124
33.24772263,126.2769547
33.24762726,126.2766876
33.24730301,126.2762146
33.24700546,126.2758179
33.24658585,126.2753525
33.24639511,126.2751389
33.24606705,126.2748184
33.24580383,126.2744751
33.2470665,126.2763596
33.24690247,126.2765427
33.24669647,126.2766037
33.24645996,126.2765503
33.24695587,126.2762604
33.24526978,126.2856369
33.24625778,126.2855682
33.2473259,126.285141
33.24752426,126.2850647
33.24798584,126.2848969
33.24913788,126.2844315
33.24965668,126.2842178
33.24962997,126.2840805
33.24840164,126.284584
33.2477951,126.2848282
33.24749756,126.2849426
33.24671555,126.2852478
33.24566269,126.2855606
33.24454117,126.2853546
33.23403168,126.2659225
33.23433304,126.2661743
33.23458099,126.2663651
33.2348175,126.266571
33.23503113,126.2667236
33.23527908,126.266922
33.23551941,126.2671127
33.23589706,126.2674179
33.23618317,126.2676315
33.23645401,126.2678528
33.23670959,126.2680664
33.23699951,126.2682877
33.23723984,126.268486
33.2375145,126.2686996
33.23784637,126.2689667
33.25022507,126.2854004
33.25018692,126.2849579
33.25015259,126.2843628
33.25041199,126.2839355
33.25087738,126.2837524
33.25128174,126.2836456
33.25123596,126.2834091
33.25077438,126.2835312
33.25030518,126.2836914
33.25006104,126.2836151
33.24970245,126.2831726
33.24983978,126.2837296
33.24991226,126.2842026
33.24988174,126.2846451
33.24995804,126.2852554
33.2528038,126.2835922
33.25322723,126.2837372
33.25367737,126.2839966
33.25395584,126.2841492
33.25428391,126.2844009
33.25469208,126.2847137
33.25466919,126.2844391
33.25435638,126.2841415
33.25406647,126.2837448
33.25374985,126.2835159
33.25364304,126.2836227
33.25320435,126.2835007
33.25273895,126.2833786
33.25795746,126.2877884
33.25758362,126.2874451
33.25735474,126.2870255
33.25738907,126.2869415
33.25705338,126.2867966
33.25663376,126.2864685
33.25629044,126.2861328
33.25619888,126.2862854
33.25652313,126.2866211
33.2568512,126.2870255
33.25727463,126.2873917
33.25754166,126.2876663
33.25784302,126.287941
33.26311874,126.291954
33.2627182,126.2915726
33.26241302,126.2910614
33.26223373,126.2909164
33.262043,126.2910538
33.26174927,126.290802
33.26136398,126.2905121
33.26130676,126.2907104
33.26171875,126.2910461
33.26210785,126.2913208
33.26229858,126.2915649
33.26275635,126.291893
33.26309586,126.2922287
33.26781845,126.2968369
33.26758575,126.2966461
33.26746368,126.2968063
33.26774979,126.2970734
33.28427124,126.2772751
33.28442383,126.2775726
33.28458786,126.2778473
33.284832,126.2783508
33.28495789,126.2786713
33.28510284,126.2789536
33.28535461,126.2794571
33.28550339,126.279747
33.28570938,126.2801056
33.28595352,126.2805939
33.28617859,126.2810135
33.28653336,126.2814865
33.28678131,126.2817612
33.2869873,126.2819061
33.28721619,126.2820892
33.29111862,126.2834015
33.29093933,126.283287
33.29102707,126.2830353
33.29111099,126.2827988
33.2911911,126.2825928
33.29125977,126.2824249
33.29132843,126.2822647
33.29146576,126.2821198
33.29163361,126.282074
33.29185486,126.2820816
33.29204941,126.2820816
33.29225159,126.2820816
33.29243851,126.282074
33.29270935,126.282074
33.29193878,126.2814331
33.29214478,126.2813492
33.29239273,126.2812576
33.29275894,126.2811737
33.29290771,126.2812424
33.29301453,126.2813873
33.29305649,126.2815704
33.29302979,126.2817764
33.2929039,126.2819366
33.29308319,126.2821503
33.29301834,126.281929
33.29276657,126.2809143
33.29257965,126.2811127
33.29174042,126.2813797
33.29161835,126.2813721
33.29150391,126.2813873
33.29137039,126.2815552
33.29178619,126.2816772
33.29171753,126.2819977
33.28709412,126.2817993
33.28695679,126.2817154
33.28673935,126.2814865
33.28638077,126.281044
33.28619385,126.2807693
33.285923,126.2802734
33.28569412,126.279808
33.28554153,126.2794952
33.28538132,126.2791901
33.28529358,126.2790146
33.28517151,126.2787704
33.28502655,126.2784653
33.28482437,126.2780609
33.2845993,126.2776184
33.28445435,126.2773285
33.28416824,126.2767715
33.28401947,126.276474
33.28377151,126.2759705
33.28352356,126.2754669
33.28316116,126.2749634
33.28299713,126.274704
33.28288269,126.274498
33.28269196,126.2740326
33.28252411,126.2735062
33.28227615,126.2729797
33.2820282,126.2724762
33.28184891,126.2720566
33.2816658,126.2720261
33.28180313,126.2722931
33.28204346,126.272789
33.28230286,126.2732849
33.28250504,126.273819
33.28268051,126.2743454
33.28298187,126.27491
33.2832489,126.2752609
33.28356552,126.2757874
33.28380585,126.2762909
33.28397751,126.2767029
33.28351212,126.2803116
33.28338242,126.2800827
33.28325653,126.2798157
33.28313446,126.2795715
33.28301239,126.2793274
33.28288269,126.2790833
33.28276062,126.2788391
33.28263092,126.2785797
33.28260803,126.2783585
33.28272247,126.2781982
33.28290939,126.2780609
33.28310776,126.2779236
33.28330612,126.2777863
33.28348923,126.2776566
33.28373718,126.2774734
33.28395462,126.2773209
33.28408813,126.2770844
33.28102875,126.2755737
33.28111267,126.2757187
33.28129959,126.2760849
33.28141785,126.276329
33.28153229,126.2765656
33.28165436,126.2768097
33.28178024,126.2770538
33.2818985,126.2772903
33.28202438,126.2775421
33.2821579,126.2778015
33.28227997,126.2780457
33.28231049,126.2782898
33.28110123,126.279335
33.28130722,126.2791977
33.28152847,126.2790375
33.28168488,126.2789307
33.28203201,126.2786865
33.28222656,126.2785492
33.28242493,126.2784882
33.28250504,126.2781448
33.28125,126.2758331
33.2808609,126.2745285
33.28098297,126.2748184
33.28106689,126.274971
33.28114319,126.275116
33.28124619,126.2754135
33.28119659,126.2755508
33.28133774,126.2754745
33.28148651,126.2754517
33.28154373,126.2748489
33.28170776,126.2746048
33.28189468,126.2744675
33.28206635,126.2744293
33.28222656,126.2744675
33.28235626,126.2745819
33.28244781,126.2747116
33.28248978,126.2750015
33.28239059,126.2750626
33.28224564,126.2751846
33.28177261,126.274437
33.28151703,126.2743454
33.28135681,126.2741852
33.28120041,126.2741776
33.28155899,126.2746735
33.28137207,126.2749252
33.28125,126.2750092
33.28198624,126.275322
33.2817955,126.2753601
33.28160858,126.2753601
33.28136063,126.2753525
33.28129578,126.275238
33.2821579,126.2753372
33.28226852,126.2755127
33.28244781,126.2757187
33.2826004,126.2759323
33.28223801,126.2753296
33.27682495,126.2636108
33.27675629,126.2638092
33.27668762,126.2639923
33.27662659,126.2641907
33.27655792,126.2643967
33.2765007,126.2645874
33.27644348,126.2647858
33.27637863,126.2649918
33.27630997,126.2652054
33.27624512,126.2654037
33.27618027,126.2656021
33.27612305,126.2658005
33.27606201,126.2660065
33.27602005,126.2661896
33.27597046,126.2663879
33.27591705,126.2665863
33.27586746,126.2668076
33.27582169,126.2670593
33.27578354,126.2672806
33.2774086,126.2677689
33.27741623,126.2680664
33.27742004,126.2683487
33.27741623,126.2686386
33.27742386,126.2689209
33.27742004,126.2692108
33.27742004,126.2695618
33.27742004,126.269928
33.27742004,126.270195
33.27742386,126.2704849
33.27745438,126.2707443
33.27755356,126.271019
33.27767563,126.2712631
33.27780151,126.2715073
33.2779274,126.2717667
33.2780571,126.2720337
33.27818298,126.2722702
33.27829742,126.2725067
33.27840424,126.2727203
33.27855301,126.2730103
33.27869797,126.2733612
33.278862,126.2734604
33.27872086,126.2737274
33.27862167,126.2738037
33.27845764,126.2739105
33.27827454,126.2740784
33.27813339,126.2744904
33.27831268,126.2748566
33.27844238,126.2751007
33.27856445,126.2753448
33.27869034,126.275589
33.27880859,126.2758408
33.27893448,126.2761002
33.27905655,126.2763443
33.27918243,126.2765808
33.27930069,126.2768402
33.27944565,126.2771072
33.2795639,126.2773361
33.27968979,126.2775879
33.27981186,126.2778397
33.279953,126.2781754
33.28009033,126.2784042
33.2802124,126.2786484
33.2803421,126.2788925
33.28046036,126.2791443
33.28055954,126.2794113
33.28075027,126.2793045
33.28059006,126.2790604
33.28046417,126.2788086
33.2803421,126.2785645
33.2802124,126.2783127
33.28004837,126.2779312
33.27993393,126.2777634
33.27981186,126.2775269
33.27968597,126.2772598
33.27956772,126.2770157
33.27943802,126.2767639
33.27930069,126.2765198
33.27918243,126.2762756
33.27902985,126.2760391
33.27892685,126.2757721
33.27880859,126.2755203
33.27868271,126.2752686
33.27856064,126.2750168
33.27844238,126.274765
33.27829361,126.2744827
33.27836609,126.2742081
33.27854538,126.2740936
33.27871704,126.2739944
33.27881241,126.2739334
33.28022766,126.2763596
33.28036499,126.276619
33.28047943,126.2768784
33.28058243,126.2770767
33.28074646,126.277359
33.28085327,126.2776184
33.28094864,126.277832
33.28103638,126.2780533
33.28123093,126.2784424
33.28133011,126.2786331
33.28137589,126.2789993
33.2817688,126.2787552
33.28158188,126.2787476
33.28139114,126.278389
33.27928162,126.2742233
33.27920532,126.2740707
33.27899933,126.2739716
33.27915192,126.2742767
33.27930069,126.2745285
33.27941513,126.2747574
33.27954102,126.2750015
33.27967834,126.275238
33.27980423,126.2754822
33.27988052,126.2756805
33.27999115,126.2758789
33.28012085,126.2761154
33.27920151,126.2736206
33.27938461,126.2734909
33.27956009,126.2733765
33.27970886,126.2732697
33.27991104,126.2733154
33.28001022,126.2735138
33.28012085,126.273735
33.28024673,126.2739944
33.28037262,126.2742462
33.28050995,126.274498
33.28062439,126.2747421
33.28075027,126.2750092
33.28087616,126.2752609
33.28105164,126.2754364
33.27964401,126.2731094
33.27949142,126.2732162
33.27933121,126.2733307
33.27914047,126.2734756
33.27963257,126.2717285
33.27963638,126.272049
33.2796402,126.2723618
33.27965164,126.2726746
33.27971268,126.2729263
33.27973557,126.2714615
33.2798996,126.2714157
33.28006744,126.2713242
33.28014374,126.2711639
33.28030014,126.2710648
33.28017426,126.2709427
33.28022385,126.2707443
33.28022385,126.270546
33.280056,126.2704391
33.2798996,126.2703705
33.27975082,126.27034
33.27960587,126.270462
33.27956009,126.270668
33.27952194,126.2708588
33.27954102,126.2710571
33.27958679,126.2712708
33.27962494,126.2715454
33.27972412,126.2712708
33.27971649,126.2706985
33.28002167,126.2710266
33.28164673,126.2716751
33.28152847,126.2717743
33.28139114,126.2718735
33.28122711,126.2719955
33.28102875,126.2721329
33.28081894,126.2722778
33.28062439,126.2724152
33.28039169,126.272583
33.28019333,126.2727203
33.27999115,126.2728653
33.28006363,126.2730179
33.28027725,126.2728653
33.28046417,126.2727356
33.28069687,126.2725677
33.28089142,126.2724228
33.2810936,126.2722855
33.28129196,126.2721329
33.28145981,126.2720261
33.28351212,126.2701492
33.28336334,126.27034
33.28321075,126.2705002
33.28296661,126.2707291
33.28276443,126.2708817
33.28255081,126.2710419
33.28233337,126.2712021
33.28213882,126.2713394
33.28188705,126.2715073
33.2818222,126.2716827
33.28204346,126.2715302
33.28370285,126.2700119
33.28393173,126.2698364
33.28406525,126.2697906
33.28416824,126.269928
33.28412628,126.2705231
33.28419495,126.2702942
33.28422928,126.2700729
33.28430176,126.2697144
33.28424454,126.2694855
33.28430939,126.2693176
33.28428268,126.2690201
33.28404617,126.2688751
33.28382111,126.2687607
33.28361893,126.2687225
33.28334427,126.268898
33.28343201,126.2690582
33.28354263,126.2692184
33.283638,126.2694016
33.28374863,126.2695999
33.283741,126.2698669
33.28411484,126.2695999
33.28391266,126.2697296
33.28260803,126.275032
33.2826767,126.2752304
33.28268814,126.2753983
33.28263092,126.2757034
33.2826767,126.2762299
33.28268433,126.2758026
33.28273773,126.2755432
33.2829628,126.2752914
33.2827034,126.2751083
33.28268433,126.2749481
33.28277588,126.2747879
33.28261948,126.2748642
33.24001312,126.2702866
33.23958588,126.2700119
33.23920441,126.2697525
33.23900604,126.2695541
33.23860168,126.2693253
33.23822021,126.2690353
33.23811722,126.2691879
33.23851395,126.2694931
33.23888397,126.2697754
33.23910522,126.269989
33.23950958,126.270195
33.23994446,126.270462
33.24556351,126.2742386
33.24525833,126.2739716
33.24495316,126.2736435
33.24466705,126.2733536
33.24440002,126.2730637
33.24420166,126.27285
33.24394989,126.2726059
33.24365234,126.272377
33.24336243,126.2722015
33.24304199,126.2720184
33.24278259,126.2718658
33.24253464,126.2717285
33.24227905,126.2715836
33.2420311,126.2714462
33.24174118,126.2712631
33.24141693,126.2710953
33.24114609,126.2709351
33.24083328,126.2707596
33.24052429,126.2705841
33.24027252,126.2704315
33.27797318,126.2640991
33.27816772,126.2641525
33.27830505,126.2640533
33.27847672,126.2640686
33.27864838,126.2641373
33.27881622,126.2641983
33.27899551,126.2642746
33.27916336,126.2643356
33.27933884,126.2644196
33.27950668,126.2644806
33.2783432,126.2638245
33.2781601,126.2635956
33.27794266,126.2636948
33.27788162,126.2638931
33.27773666,126.2637939
33.27756119,126.2637405
33.27738571,126.2636795
33.27721405,126.2636261
33.27703476,126.2635727
33.27799606,126.2643051
33.27794647,126.264595
33.27790451,126.2648468
33.2778511,126.2651291
33.27780151,126.2654037
33.27774811,126.265686
33.27770615,126.2659225
33.27764511,126.2663116
33.27759552,126.2665787
33.27755356,126.2668457
33.2775116,126.2671051
33.27746582,126.267334
33.27733612,126.2674332
33.27715683,126.2674408
33.27695465,126.2674408
33.27675247,126.2674484
33.27656555,126.2674408
33.27635956,126.2674408
33.27618027,126.2674484
33.27596664,126.2674561
33.27751923,126.2674484
33.2820015,126.2816696
33.28219986,126.2815247
33.28240204,126.2813721
33.28262329,126.2812195
33.28281021,126.2810822
33.28300858,126.2809448
33.28321838,126.2807922
33.28343582,126.2806473
33.28356171,126.2805634
33.28367615,126.2804794
33.28388214,126.2803268
33.28406906,126.2801895
33.28429031,126.2800446
33.28448868,126.2799072
33.28469467,126.279747
33.28494263,126.2796021
33.28512573,126.2794495
33.28520203,126.2792892
33.28342438,126.2845154
33.28212357,126.2820969
33.2820015,126.2818527
33.2817688,126.2813873
33.2809906,126.2798843
33.28091812,126.2796631
33.28075027,126.2797928
33.2808609,126.2799759
33.28157043,126.2814865
33.28173065,126.2818069
33.28180695,126.2819748
33.28193665,126.2822189
33.28326035,126.2846909
33.28319168,126.2843781
33.28305054,126.2841339
33.28291321,126.2838898
33.28278351,126.2836456
33.28264999,126.283371
33.28251648,126.2831039
33.28239822,126.2828598
33.28227615,126.2826309
33.28213882,126.2823792
33.28154373,126.2811737
33.28141785,126.2809219
33.28129578,126.2806778
33.28116226,126.2804184
33.28104401,126.2801743
33.28628922,126.2814484
33.28615189,126.2816086
33.28596878,126.2818222
33.28571701,126.2821198
33.28562164,126.2822418
33.2854538,126.2824402
33.28528595,126.2826309
33.28519821,126.2827454
33.28509521,126.2828674
33.28492355,126.2830658
33.28482056,126.2831955
33.28472137,126.2833099
33.28455353,126.2835159
33.28443146,126.2836609
33.28421783,126.2839279
33.28403854,126.2841339
33.28384399,126.2843628
33.28371811,126.284523
33.28368759,126.2846909
33.28525543,126.2862015
33.28385925,126.28508
33.28367615,126.2848282
33.28342819,126.2849274
33.28354263,126.2850494
33.28372574,126.2852554
33.28519058,126.2863846
33.28499985,126.286171
33.28479385,126.2860336
33.28457642,126.285881
33.28437805,126.2857285
33.28417969,126.2855606
33.28397751,126.2853622
33.28535461,126.2864761
33.28660202,126.2871857
33.28683472,126.2873077
33.28696442,126.2873611
33.28720093,126.2874756
33.28834152,126.2880707
33.28857803,126.2882004
33.28865814,126.2880249
33.28842163,126.2878952
33.2872963,126.2872543
33.28707504,126.2871552
33.28670883,126.2869492
33.28541946,126.2863007
33.28554153,126.2864609
33.28576279,126.2865906
33.28598404,126.286705
33.28623581,126.2868347
33.28643417,126.2869339
33.28748703,126.2875061
33.28769302,126.2876205
33.28792953,126.287735
33.28815079,126.2878571
33.28699493,126.2869492
33.28705978,126.2867966
33.28712845,126.2866058
33.28725052,126.2862701
33.2873497,126.2859955
33.28744888,126.2857361
33.28755951,126.2854614
33.2876091,126.2853088
33.28773499,126.2849655
33.28783035,126.2847366
33.28790665,126.284523
33.28798676,126.2843094
33.28810501,126.2840042
33.28820801,126.2837143
33.28828812,126.2835083
33.28839111,126.2832565
33.28842163,126.2829514
33.28740692,126.2848663
33.28713608,126.284729
33.28701019,126.2847366
33.28680038,126.2845383
33.28652191,126.2843704
33.28668976,126.2844086
33.28694534,126.2845612
33.28707886,126.2845459
33.28729248,126.2847519
33.28758621,126.2848969
33.28741837,126.2852173
33.28725052,126.2851334
33.28708267,126.2850418
33.2869072,126.2849503
33.28679657,126.2848816
33.28663254,126.28479
33.28646088,126.2847061
33.28634262,126.2846146
33.28629303,126.2845535
33.28636932,126.2843857
33.28772354,126.2846298
33.28759384,126.2845459
33.28742981,126.284462
33.28725815,126.2843781
33.28709793,126.2842865
33.28693771,126.2841949
33.28676987,126.2840958
33.28661346,126.283989
33.28654861,126.2840042
33.28649139,126.2841415
33.28749466,126.2823181
33.28789902,126.2825089
33.28826523,126.2827454
33.28872299,126.2829819
33.28899384,126.2831192
33.28921127,126.2832108
33.28964996,126.2834473
33.29014206,126.2837143
33.29045868,126.2838745
33.29058838,126.2839508
33.29086304,126.2841034
33.29113388,126.2842484
33.29170227,126.2845535
33.29182816,126.2846298
33.29209137,126.2847672
33.29228592,126.2848511
33.29311752,126.2853851
33.29353714,126.2857056
33.29379654,126.2860184
33.29390717,126.2862701
33.29401398,126.2864609
33.29408646,126.2862396
33.29395294,126.2860336
33.29380417,126.28582
33.29364014,126.2856293
33.29341507,126.2854385
33.29301071,126.2851563
33.29260635,126.2848892
33.29214859,126.2846527
33.2917366,126.2844238
33.29152679,126.2843018
33.29129791,126.2841873
33.29113007,126.2840576
33.29077911,126.2838821
33.29078674,126.2833176
33.2906456,126.2834396
33.29056168,126.2835236
33.29058838,126.2836456
33.29069138,126.2835541
33.29195786,126.2844162
33.291996,126.2842331
33.29188156,126.2841034
33.29170609,126.2840118
33.29154205,126.2839279
33.29137039,126.2838287
33.29122162,126.2837601
33.29102707,126.2836456
33.29083633,126.2835464
33.29076767,126.283432
33.29037857,126.2836609
33.29006195,126.2835007
33.28992462,126.2834473
33.28947067,126.2832184
33.28905106,126.2829742
33.28891373,126.2829132
33.28859329,126.2827454
33.28843307,126.2826385
33.28816223,126.2825012
33.28778839,126.2823105
33.28761673,126.2822189
33.28737259,126.2820511
33.28531647,126.2828445
33.28544617,126.2829895
33.28555679,126.2831192
33.28568268,126.2832413
33.28582764,126.2833862
33.28598785,126.2835236
33.286129,126.2836761
33.286026,126.2838364
33.284935,126.2833786
33.28502655,126.2834778
33.28516006,126.2836227
33.28529358,126.2837524
33.28543091,126.2838898
33.28557587,126.2840271
33.28572464,126.2841415
33.28583908,126.2841644
33.28593445,126.2840118
33.28577805,126.2837296
33.28557205,126.2834244
33.28535843,126.2833252
33.28513718,126.2830734
33.28522491,126.2832718
33.2854538,126.2835922
33.28563309,126.2836761
33.28586578,126.2838821
33.29725647,126.2868195
33.29724503,126.2871628
33.29745483,126.2871933
33.29766846,126.2872162
33.29764557,126.28685
33.29754257,126.2866516
33.29776001,126.2864075
33.29798126,126.2861481
33.29815292,126.2858582
33.29822159,126.285141
33.29816818,126.28479
33.29821396,126.2845993
33.29800415,126.2845764
33.29764938,126.2850189
33.29740143,126.2853088
33.29710007,126.2856522
33.29671097,126.2860947
33.29686356,126.2864838
33.2972641,126.2866592
33.29755783,126.2864075
33.29785538,126.2860565
33.29807663,126.2857666
33.29795456,126.2852173
33.30097961,126.2830811
33.3012352,126.2830963
33.30144119,126.2831802
33.30163574,126.2828293
33.30136108,126.282753
33.30123901,126.2828903
33.30099487,126.2828903
33.30075455,126.2829742
33.30050659,126.2829514
33.30028152,126.2829437
33.30004883,126.2829208
33.29980469,126.2829132
33.29954529,126.2829056
33.29931641,126.2829361
33.298069,126.2838364
33.29792404,126.2840729
33.29775238,126.2843246
33.29767609,126.2844543
33.29805756,126.2841721
33.29819489,126.2839508
33.29907227,126.2830048
33.29883575,126.2831192
33.2986412,126.2832642
33.29844666,126.2834625
33.29829025,126.2836609
33.29680252,126.2851944
33.29650497,126.2853165
33.29624939,126.2853546
33.2961235,126.2853699
33.29652786,126.2855377
33.29679871,126.2854614
33.29758072,126.2847443
33.2973938,126.284935
33.29720688,126.2851028
33.2970047,126.2852249
33.29584122,126.2914581
33.29587173,126.2911835
33.29590225,126.2908936
33.29592896,126.2906113
33.29595184,126.2902756
33.29598236,126.2899323
33.29599762,126.2896957
33.29600906,126.2894363
33.29601669,126.2892456
33.29602814,126.2890472
33.29605103,126.288765
33.29605865,126.2885971
33.29607773,126.2883453
33.29610062,126.288063
33.2961235,126.2877579
33.29614258,126.2874832
33.29616165,126.2872314
33.29618073,126.2869873
33.29619598,126.286705
33.29622269,126.2864075
33.29624176,126.2861176
33.29627609,126.2859573
33.29616547,126.2857666
33.29614258,126.2860947
33.29581833,126.2901382
33.29571915,126.2901306
33.29561234,126.2901154
33.29555511,126.2899704
33.29557037,126.2898407
33.29558563,126.2896271
33.29560089,126.2894211
33.29561996,126.289238
33.29567337,126.2891617
33.29579544,126.2891769
33.29590607,126.2891922
33.29606628,126.2931595
33.29601288,126.2930222
33.29585648,126.2928543
33.29573059,126.2927246
33.29564285,126.292511
33.29572296,126.2923203
33.29577637,126.2921143
33.29582214,126.2917938
33.2958374,126.2916412
33.29566956,126.2917175
33.29553604,126.291687
33.2953949,126.2916565
33.29524612,126.2918625
33.29520798,126.2920456
33.29513168,126.2922363
33.29504776,126.2923813
33.29573059,126.2919617
33.29549026,126.2925644
33.29536438,126.2924652
33.29547882,126.2927094
33.2951889,126.2932205
33.29529572,126.2930984
33.29539871,126.2929688
33.29550934,126.2927856
33.29560471,126.2927399
33.29426575,126.2867355
33.294384,126.2866516
33.29449844,126.2865448
33.29442596,126.2863159
33.29587555,126.2854996
33.29564667,126.2855759
33.29542923,126.2856827
33.29521561,126.2858429
33.29500961,126.2860107
33.29480362,126.2861633
33.29460144,126.2863312
33.29405594,126.286911
33.29390335,126.2867279
33.29376602,126.2870026
33.29357147,126.2871475
33.29337311,126.2873154
33.29317474,126.287468
33.29297256,126.2876282
33.29276657,126.287796
33.29257965,126.287941
33.29236984,126.2881088
33.29217529,126.2882614
33.29196548,126.2884064
33.29175186,126.2885361
33.28878403,126.2883148
33.28891754,126.2883759
33.28910446,126.2884674
33.28913498,126.2882843
33.29153061,126.2886429
33.29129028,126.2887268
33.29104614,126.2887878
33.29081726,126.2888184
33.29056931,126.288826
33.29032135,126.2888107
33.29007339,126.2887726
33.28983307,126.2887115
33.289608,126.28862
33.28937912,126.2885132
33.29500198,126.2887115
33.29415894,126.2885971
33.2939949,126.2885513
33.29381561,126.2884598
33.29359818,126.2883148
33.29338837,126.2882767
33.2943573,126.2887192
33.29454803,126.288765
33.29478073,126.288765
33.29516983,126.2888489
33.29224777,126.287056
33.29177475,126.2867432
33.29151535,126.2866058
33.291008,126.2863617
33.29059219,126.2862854
33.29030228,126.2862167
33.28978729,126.2860031
33.2899971,126.2862244
33.29128647,126.2865448
33.29199219,126.2869644
33.29238129,126.2873611
33.28847504,126.2854919
33.28899765,126.2857285
33.28936005,126.2857971
33.28877258,126.2854996
33.24799347,126.2204895
33.24833679,126.2200623
33.24851227,126.2198334
33.24890137,126.219429
33.24910355,126.2191086
33.24895477,126.218956
33.24873352,126.2192459
33.24843216,126.2195969
33.24822617,126.2198486
33.24787521,126.2203217
33.24946594,126.2186432
33.24977112,126.2182617
33.25009155,126.217865
33.25040817,126.2174835
33.2507515,126.2171173
33.25104904,126.2167206
33.25136566,126.2163544
33.25167847,126.2159729
33.2519989,126.2155914
33.25232315,126.2152252
33.25263977,126.2148438
33.25296402,126.2144928
33.25281143,126.2143021
33.2525177,126.2147064
33.2522049,126.2150803
33.25188828,126.2154541
33.25156403,126.2158508
33.25125122,126.2162094
33.2509346,126.2165833
33.25059128,126.2169342
33.25029755,126.2173233
33.24997711,126.2177277
33.24965286,126.218132
33.24934387,126.2185135
33.25325775,126.2141724
33.25359726,126.2138062
33.25390625,126.2134323
33.25421906,126.2130737
33.25437927,126.2129593
33.25440598,126.2128143
33.25461197,126.2127075
33.25479889,126.2124329
33.25510025,126.2121277
33.25545502,126.2117844
33.25531387,126.2115631
33.25495529,126.2118683
33.2546196,126.2121964
33.25426102,126.2126083
33.25404739,126.2127304
33.25368118,126.2127533
33.25388718,126.2129288
33.25396729,126.2130356
33.25372696,126.2132263
33.25344849,126.213562
33.2531395,126.2139206
33.25583649,126.2114563
33.25619125,126.2111664
33.25657272,126.210907
33.25694275,126.2106247
33.25730896,126.2103653
33.25750732,126.2102203
33.25772476,126.2100601
33.25806808,126.209816
33.25841904,126.209549
33.25869751,126.2092972
33.25903702,126.2090454
33.25920105,126.2089081
33.25958252,126.2086792
33.25976944,126.2085495
33.26000595,126.2083817
33.26036453,126.2081299
33.26078796,126.2078018
33.26114273,126.2074966
33.26097488,126.2073441
33.26066589,126.20755
33.26024246,126.2079086
33.25986099,126.2081985
33.25949097,126.2084579
33.25904465,126.2087936
33.25880051,126.2089462
33.25859451,126.2090759
33.25830078,126.2092819
33.25789642,126.2095642
33.25738144,126.2099457
33.25718307,126.210022
33.25708389,126.2101593
33.25683975,126.2103424
33.25641251,126.2106476
33.25608826,126.2108994
33.25583649,126.2111359
33.26155853,126.2071533
33.26189041,126.2068939
33.26224518,126.2065582
33.26259232,126.2062149
33.26293945,126.2058334
33.26322937,126.2054291
33.26343918,126.2051086
33.26366806,126.2050934
33.26379013,126.2049713
33.26362991,126.2048645
33.26371765,126.2046738
33.26390076,126.2042847
33.26408386,126.2038727
33.26425171,126.2034836
33.26405716,126.2033844
33.26390839,126.203743
33.26371765,126.204155
33.26362228,126.2043457
33.26351929,126.2045364
33.26340103,126.2047501
33.26332855,126.2048569
33.26305389,126.2052841
33.26277161,126.2056885
33.26245499,126.2060471
33.26212692,126.2064056
33.26177597,126.2067261
33.26141739,126.2070465
33.26800537,126.1939545
33.26818085,126.1934967
33.26843262,126.1930008
33.26863861,126.1926346
33.26880646,126.1923523
33.2690773,126.1919556
33.26942444,126.1915359
33.26972198,126.1912079
33.27007675,126.1908798
33.2704277,126.1905518
33.27080536,126.1902695
33.27119827,126.1900253
33.271595,126.1897888
33.27194595,126.1896133
33.27190781,126.1894073
33.27153015,126.1895828
33.27111435,126.189827
33.27071762,126.1900864
33.27033234,126.1903763
33.26994324,126.1906738
33.2695961,126.19104
33.26930618,126.1913757
33.26895523,126.1918182
33.26866531,126.1922379
33.26835251,126.1927643
33.26816559,126.1931152
33.26802444,126.1933899
33.2678299,126.19384
33.26621246,126.1983795
33.26636887,126.197998
33.26657867,126.1975098
33.26678848,126.1970367
33.26697922,126.1965637
33.26715851,126.1960983
33.26740646,126.1959839
33.26728439,126.1958008
33.26749039,126.1952362
33.26768112,126.1947556
33.26786423,126.1943054
33.26765442,126.1941757
33.26745224,126.1946259
33.26726532,126.1951065
33.2671051,126.1954956
33.2669754,126.1956024
33.2669754,126.195816
33.26675415,126.1964264
33.26656342,126.196907
33.26636887,126.197403
33.26620102,126.1978912
33.26604843,126.1983185
33.26446915,126.202919
33.26461411,126.2025375
33.26480484,126.2020569
33.2650032,126.2015686
33.26517868,126.2011261
33.26527023,126.2009583
33.26542282,126.2008286
33.26537323,126.2006454
33.26554108,126.2002335
33.26573181,126.1997452
33.2659111,126.1992569
33.26609802,126.1987915
33.26578522,126.1987991
33.26570129,126.1991272
33.26549911,126.1996002
33.26531601,126.2001038
33.26516342,126.2004776
33.26507568,126.2006607
33.26483154,126.2007828
33.26496124,126.2009735
33.26477051,126.2014389
33.26459503,126.2019196
33.26440811,126.2024155
33.26426697,126.2028046
33.28501511,126.2240448
33.2852211,126.2241898
33.28543091,126.2243423
33.28575897,126.2255096
33.28587341,126.225235
33.28636932,126.2251587
33.28620148,126.2249146
33.28626251,126.2239532
33.28611755,126.2242966
33.28600693,126.2244949
33.28586197,126.2244415
33.27470398,126.2415543
33.27497101,126.2412109
33.27477264,126.2409973
33.27450562,126.2410583
33.27125931,126.2453766
33.27141571,126.2453308
33.27171707,126.2453079
33.2722435,126.2455673
33.27206039,126.245369
33.27228928,126.244873
33.27196884,126.2449493
33.27177429,126.244957
33.27124405,126.2447205
33.27144241,126.244957
33.27245331,126.189415
33.27288818,126.1892776
33.27332687,126.1891937
33.27377319,126.1891403
33.27423096,126.189064
33.27467346,126.189003
33.27496719,126.1890793
33.27507782,126.1889496
33.27515793,126.1890411
33.27550507,126.1888962
33.27591705,126.1888351
33.27635574,126.1887894
33.2767868,126.1887207
33.27677917,126.188446
33.27634048,126.1884995
33.27587509,126.1885529
33.27545547,126.1886063
33.27500534,126.188652
33.27473068,126.1886368
33.27450943,126.1886139
33.27420425,126.1887665
33.27374649,126.1888428
33.27330017,126.1889267
33.27285004,126.1890564
33.27241516,126.1892014
33.27724075,126.1886597
33.27763367,126.1886139
33.27807617,126.1885681
33.27852631,126.1885147
33.27891159,126.1884689
33.27906799,126.1885376
33.27939224,126.1887436
33.27934647,126.1884308
33.27978134,126.1883545
33.28022003,126.1882858
33.28065872,126.1882172
33.28063202,126.1879501
33.28017807,126.1879959
33.27975082,126.1880569
33.27939987,126.1881027
33.27913666,126.1880493
33.27894974,126.1881561
33.2784996,126.1882248
33.27804565,126.1882858
33.27760315,126.1883469
33.27721024,126.1883926
33.28287045,126.187291
33.28259168,126.187401
33.28233544,126.1875107
33.28206554,126.1875991
33.28174161,126.1876987
33.28124197,126.1878133
33.28132235,126.1880407
33.28180827,126.1878966
33.28215477,126.1878022
33.28242457,126.1876977
33.28257066,126.1876346
33.28580093,126.1858215
33.28540802,126.1860275
33.28498459,126.1862488
33.28474808,126.1863708
33.28459549,126.1863251
33.28445053,126.186264
33.28442383,126.1865387
33.28402328,126.1867599
33.28360367,126.1869736
33.28319931,126.1871643
33.28219986,126.1880722
33.28253937,126.1878204
33.28289032,126.1876297
33.28325653,126.1874542
33.28368759,126.1872559
33.28411484,126.1870499
33.28440857,126.1868973
33.28458023,126.1869965
33.28468323,126.1870193
33.28472519,126.1867294
33.2850914,126.1865387
33.28550339,126.1863098
33.28591156,126.1860809
33.2861824,126.185936
33.28646469,126.1857529
33.28666687,126.1856384
33.28691101,126.1855011
33.28727341,126.185318
33.28766632,126.1850891
33.28807831,126.1848679
33.28801346,126.1846848
33.28760147,126.184906
33.28720474,126.185112
33.28694153,126.185257
33.28665924,126.1854095
33.28642654,126.1855316
33.28610229,126.1856918
33.27787781,126.1700287
33.27754211,126.1699677
33.27730179,126.16996
33.27083588,126.1756363
33.2706519,126.1757106
33.27111816,126.1753082
33.27143478,126.175087
33.271698,126.1747742
33.27186966,126.1742706
33.27204514,126.1738968
33.2723465,126.1735611
33.27272797,126.1733246
33.27311707,126.1730118
33.27342224,126.1726532
33.27436066,126.1723938
33.2747612,126.172493
33.27509308,126.1724319
33.27536774,126.1722717
33.2755661,126.1719742
33.27570343,126.1715775
33.27584457,126.1713943
33.27606583,126.1712112
33.27632904,126.1710281
33.27657318,126.17099
33.25015204,126.2873814
33.25020696,126.2881146
33.25025567,126.2887487
33.25027923,126.2891254
33.250313,126.2896107
33.25035547,126.2901408
33.25037453,126.2906175
33.25039866,126.2910935
33.25040278,126.291915
33.25032379,126.2874578
33.25036139,126.2881201
33.25042388,126.2887996
33.25045022,126.2891676
33.25048794,126.2896542
33.25052111,126.2901341
33.25054672,126.2906731
33.25055849,126.2910573
33.25057461,126.2919076
33.27994428,126.2708985
33.27985814,126.2708147
33.27996713,126.2707588
33.2866118,126.278744
33.28652436,126.2788253
33.28637167,126.2789258
33.28628895,126.2790419
33.28627717,126.2793426
33.28608635,126.2794757
33.28609948,126.2797976
33.28595168,126.2799639
33.28588597,126.2795149
33.28579453,126.2796834
33.28570205,126.2794788
33.28577106,126.2844016
33.28624152,126.2842917
33.28632848,126.2843219
33.28571178,126.2844799
33.2856861,126.2845203
33.28576249,126.284674
33.28559368,126.2847157
33.28571004,126.2849603
33.28581561,126.2850923
33.28591438,126.2852176
33.28595193,126.2850831
33.28604217,126.2849012
33.28611233,126.2847544
33.28619795,126.2845537
33.28641094,126.2841588
33.28647733,126.2839463
33.28650766,126.283734
33.28652447,126.2835219
33.28665075,126.2835302
33.2867256,126.2834155
33.28674978,126.2831134
33.2869305,126.2829885
33.28701394,126.2827999
33.28706854,126.2826921
33.28711285,126.2825576
33.28719656,126.2822214
33.2860831,126.2838878
33.28624905,126.2839347
33.28625148,126.2835751
33.28632843,126.2834335
33.28640657,126.2833041
33.28648354,126.2831652
33.28661862,126.2829427
33.2867081,126.2828239
33.28683086,126.2828108
33.28675129,126.2826921
33.28681726,126.2826016
33.28692026,126.2824827
33.28728301,126.2817739
33.28733871,126.281662
33.28744264,126.2815096
33.28753641,126.2813545
33.28760227,126.2812439
33.28766229,126.2810998
33.28776882,126.2810064
33.28748564,126.2819292
33.28755136,126.2817958
33.28762488,126.2816463
33.28770959,126.2814832
33.28777083,126.2813539
33.2878443,126.2811963
33.2878322,126.2810528
33.28776972,126.285071
33.28784883,126.2851092
33.28802506,126.2851803
33.28819629,126.2852661
33.28833427,126.2853508
33.2883412,126.2850851
33.2882923,126.285009
33.28814045,126.2848653
33.28789804,126.2849451
33.28796239,126.2847675
33.28821417,126.2853371
33.28806146,126.2855342
33.28782169,126.2853859
33.28787383,126.2852419
33.28768432,126.2853105
33.28884846,126.2876561
33.28901318,126.2874897
33.28887857,126.2874036
33.28900824,126.2870214
33.28911379,126.2870514
33.28915493,126.2871517
33.2892337,126.2869337
33.28917077,126.2867691
33.28934616,126.286498
33.2895006,126.2861129
33.29028416,126.2841057
33.29030098,126.2838949
33.29020524,126.2839051
33.29017721,126.2841267
33.29016371,126.2843268
33.29003576,126.2843205
33.28991624,126.2847012
33.29007832,126.284665
33.28997494,126.2849141
33.28988783,126.285053
33.28979001,126.2849941
33.28975111,126.2850897
33.28978233,126.2852263
33.28967844,126.2853869
33.28958252,126.2855607
33.29122177,126.2818483
33.29108665,126.2817722
33.29103161,126.2819022
33.29098087,126.2820932
33.29106832,126.2820133
33.29089852,126.2822737
33.29082161,126.2824219
33.29071127,126.2826348
33.29067834,126.2827881
33.29061528,126.2829926
33.29048704,126.2832285
33.29044506,126.2833764
33.29038148,126.2834897
33.2904944,126.283529
33.29056352,126.2833969
33.29067122,126.2833115
33.29066142,126.283176
33.2919717,126.2817355
33.29216273,126.2817352
33.29236254,126.2816947
33.29248198,126.281691
33.29264591,126.281585
33.29279553,126.2815382
33.29691685,126.2840509
33.296737,126.2840356
33.29658361,126.2840154
33.29640544,126.283998
33.29624079,126.2839779
33.29600399,126.2839557
33.29603971,126.2838963
33.29598788,126.2835076
33.29588696,126.2832051
33.29577764,126.2830101
33.29573773,126.2827339
33.295945,126.2827161
33.29611273,126.2828785
33.29626725,126.2830946
33.29638073,126.2832306
33.2965344,126.2832991
33.29670808,126.2833192
33.29686308,126.2833253
33.29696454,126.2833312
33.29765994,126.2842173
33.2976633,126.2840173
33.29780425,126.2840309
33.297849,126.2839742
33.29794391,126.283819
33.29800867,126.2837152
33.29801034,126.2834172
33.29790094,126.2834047
33.29784777,126.2835648
33.29779307,126.2836552
33.29770151,126.2838036
33.29781285,126.2833719
33.29769409,126.283299
33.29755246,126.2833633
33.29768272,126.2834763
33.29763921,126.2835531
33.29759004,126.283626
33.29749419,126.283616
33.29750887,126.2834267
33.29734608,126.2833395
33.29724149,126.2832806
33.29708265,126.2832913
33.29706472,126.2834075
33.29746986,126.2835022
33.29728836,126.2834929
33.29715224,126.2835356
33.29701768,126.2836535
33.29696769,126.28378
33.29583076,126.2891185
33.29566162,126.2891024
33.29556354,126.2890965
33.29545917,126.2889779
33.2954941,126.288779
33.2955488,126.2886873
33.29561346,126.2887606
33.29579049,126.2887766
33.29593601,126.2888009
33.29592484,126.2890144
33.29589939,126.2887033
33.29577613,126.2886305
33.23956299,126.233696
33.24022293,126.2333908
33.24001694,126.2335052
33.23926544,126.2338409
33.23887634,126.2340622
33.20646582,126.2894302
33.20624361,126.2893984
33.20603604,126.2893639
33.205709,126.2893277
33.20536829,126.2892674
33.2050919,126.2892187
33.20487198,126.2891937
33.27323007,126.2444656
33.26668166,126.179998
33.26683411,126.1798732
33.26756318,126.1793458
33.26805325,126.179148
33.2682813,126.1788669
33.26861707,126.1785149
33.26898032,126.1782271
33.26918109,126.1779113
33.2693326,126.1776442
33.26958622,126.1771401
33.26994369,126.1766618
33.27016301,126.1764236
33.27041288,126.1760349
33.2706519,126.1757106
33.2818042,126.2026745
33.28195765,126.2027027
33.26582,126.2626754
33.28136059,126.298352
33.28022353,126.2965739
33.27262878,126.2789459
33.28336716,126.2963638
33.28307724,126.2968674
33.28289032,126.2974701
33.28269196,126.2978363
33.28091049,126.2961044
33.27981567,126.2944336
33.27952957,126.2937164
33.27962494,126.2928009
33.28012466,126.2909851
33.28128433,126.2869339
33.28160858,126.2871323
33.2821312,126.2877045
33.28252792,126.288414
33.28284454,126.2890549
33.28145599,126.2862778
33.28221512,126.2849503
33.28278351,126.2847672
33.28152847,126.2840195
33.28104782,126.2842026
33.28121567,126.2845993
33.28074265,126.2839508
33.28057861,126.2837067
33.28026199,126.283493
33.2798233,126.2833481
33.27957916,126.2837906
33.27903366,126.2836761
33.27964783,126.2844391
33.27997589,126.2848587
33.28025055,126.2852173
33.28103256,126.2862244
33.27888489,126.2828445
33.27907944,126.2822266
33.2791748,126.281601
33.27937698,126.2807236
33.27948761,126.2804718
33.27977753,126.2799377
33.28042984,126.2796555
33.27781677,126.2792206
33.2743721,126.2785034
33.27456284,126.2789078
33.27598953,126.2816086
33.27664185,126.282074
33.27719498,126.2824783
33.27755737,126.2827682
33.27829361,126.283287
33.27878952,126.2835007
33.27439499,126.2806931
33.27482224,126.280983
33.27516174,126.2812195
33.27583694,126.2817154
33.27949905,126.2851868
33.27777863,126.2916031
33.27903748,126.2930527
33.281147,126.297287
33.28136063,126.2972794
33.28205872,126.2976532
33.28243637,126.2985611
33.28163147,126.299881
33.28116989,126.2992401
33.28077698,126.2980804
33.28084946,126.2993851
33.27519543,126.2782033
33.27948702,126.2867822
33.27979585,126.2962794
33.27349071,126.2788627
33.27393932,126.2786779
33.27414132,126.2802795
33.25336075,126.2609253
33.2563858,126.2601852
33.25682068,126.2590332
33.26104736,126.2488098
33.26141357,126.2448578
33.25944901,126.2444382
33.25871277,126.244339
33.25638962,126.2444687
33.25830841,126.2412872
33.25299454,126.2431488
33.25363541,126.2407913
33.25482559,126.2389679
33.25361633,126.2383881
33.25185394,126.2384491
33.25562286,126.2387238
33.2565155,126.2383881
33.25736618,126.2382202
33.25776672,126.2383499
33.25872421,126.238205
33.25939941,126.2386856
33.26018143,126.2396851
33.26128769,126.2404327
33.26143646,126.2414093
33.26162338,126.241745
33.26160049,126.2439728
33.26215363,126.23806
33.26315689,126.2367477
33.26243591,126.2360382
33.26054764,126.234169
33.26023865,126.2337952
33.26003265,126.2348709
33.25920105,126.2354279
33.25852203,126.2355881
33.25759888,126.2357483
33.25767899,126.2363968
33.25775909,126.2370911
33.25780106,126.237442
33.25714874,126.2364578
33.25623322,126.236557
33.25527573,126.2366257
33.25479126,126.2361832
33.2572937,126.2344131
33.2495079,126.2385559
33.24677658,126.239502
33.23858261,126.2475128
33.24085236,126.249939
33.24279022,126.2474899
33.2430191,126.2481461
33.25046158,126.2446747
33.23575211,126.2471542
33.23377991,126.2457581
33.23145676,126.2459869
33.23088455,126.2456207
33.2318306,126.2500153
33.22554398,126.2470627
33.22495651,126.2472534
33.22409439,126.2464523
33.22361374,126.2462845
33.22577286,126.2468491
33.22600174,126.2465134
33.22643661,126.2458344
33.22671127,126.2454147
33.2268219,126.2453003
33.22726059,126.2454758
33.22818375,126.2452621
33.2264328,126.2450867
33.22591019,126.2444534
33.22591782,126.2437973
33.22716141,126.2447281
33.22714615,126.2442093
33.22763824,126.2440033
33.22795486,126.2435532
33.22756577,126.2432327
33.22808456,126.2432861
33.22822571,126.2429276
33.22848892,126.2427292
33.22803497,126.2423477
33.22747421,126.2420959
33.2270546,126.2415848
33.22678757,126.2412491
33.22738647,126.2412109
33.22779465,126.2412567
33.22649384,126.2420731
33.2263031,126.2429352
33.22607803,126.2425003
33.22578049,126.2419739
33.22498703,126.2416229
33.2286644,126.2419586
33.22883606,126.2419815
33.22929382,126.2428741
33.22880173,126.2432709
33.22987747,126.2429657
33.23040771,126.2431488
33.23106384,126.2432938
33.23095703,126.2442245
33.23004532,126.2440796
33.22993469,126.2444229
33.2300415,126.2451019
33.22915268,126.2448578
33.22947693,126.244751
33.22911453,126.2443695
33.22875214,126.2441559
33.22883224,126.241478
33.22930145,126.2411728
33.23051453,126.2410583
33.2312088,126.2411423
33.23160934,126.2411423
33.23144531,126.2416992
33.23248291,126.2401733
33.22965622,126.2405777
33.23006439,126.2399139
33.2315979,126.2385254
33.23193359,126.2382584
33.23196793,126.2379608
33.23181534,126.2376785
33.23225784,126.2379608
33.26196872,126.2363017
33.2631709,126.2369807
33.25435071,126.2397066
33.25130046,126.2363033
33.24852512,126.2391414
33.24542618,126.2397232
33.23965634,126.2482637
33.23965517,126.2479761
33.25173569,126.1956635
33.25179291,126.1955948
33.25200272,126.1953964
33.25221252,126.1952438
33.25251007,126.1951141
33.25315857,126.1946335
33.25352478,126.1942825
33.25409317,126.1937103
33.25482178,126.1928711
33.25536728,126.1917725
33.25567627,126.1910934
33.25583649,126.1907883
33.25603867,126.1903458
33.25630569,126.1898956
33.25676727,126.1891251
33.25699615,126.188446
33.25736618,126.1873398
33.25763702,126.1867294
33.25801849,126.1861267
33.25847626,126.1852417
33.25909042,126.1844788
33.25955582,126.1837845
33.25998688,126.1833344
33.26035309,126.1829147
33.26385498,126.1952591
33.25932693,126.1936722
33.25368881,126.1956787
33.26286697,126.2000961
33.26341629,126.1998978
33.26366425,126.1996689
33.26393509,126.1992645
33.26443863,126.1987152
33.26462173,126.1996155
33.26504517,126.1987228
33.26341248,126.1981201
33.2631073,126.1989594
33.2654686,126.2009583
33.26673889,126.2011032
33.26713562,126.2010574
33.26755524,126.2018433
33.26760483,126.2043762
33.26685715,126.2005386
33.26734924,126.2005157
33.26662827,126.1992264
33.26662827,126.1986923
33.26786041,126.2008896
33.26849747,126.2005386
33.2688446,126.2006683
33.26920319,126.2006531
33.26971054,126.2001801
33.26999283,126.2000046
33.26942444,126.1998825
33.26887131,126.1993713
33.26845932,126.1989136
33.26831436,126.1995316
33.26782608,126.1989365
33.26864243,126.1983337
33.26833344,126.1980591
33.26729965,126.1977386
33.26815033,126.1967087
33.26934052,126.1963654
33.27068329,126.1945267
33.27108765,126.1945038
33.27191925,126.1942215
33.27197647,126.1934814
33.27160263,126.1933594
33.27083969,126.1930618
33.26911163,126.1928024
33.272892,126.194252
33.27329636,126.1942596
33.27177048,126.19561
33.27130127,126.196846
33.27062988,126.1971054
33.26989746,126.1974182
33.27196121,126.1968689
33.27208328,126.197113
33.27225494,126.1976166
33.27248001,126.1980591
33.27386856,126.1964493
33.27330399,126.1987228
33.27338409,126.1984177
33.27270126,126.1991577
33.27242661,126.1994171
33.27238846,126.1998062
33.27205658,126.2002182
33.27185059,126.2006836
33.27164459,126.2011032
33.2714119,126.2015686
33.2711525,126.2013626
33.27090836,126.2011719
33.27059937,126.2009583
33.27049637,126.2020721
33.27056885,126.2025833
33.27124786,126.2019043
33.27104568,126.2023087
33.27085876,126.2028809
33.27047348,126.2031937
33.27011871,126.2034073
33.2697525,126.2036667
33.26935959,126.2038803
33.26898575,126.2040558
33.26874542,126.2042084
33.26945496,126.2034073
33.27057648,126.2035599
33.27119446,126.2035294
33.27178192,126.2039032
33.27274704,126.2035828
33.27211761,126.2022552
33.27165604,126.202446
33.27296448,126.2042465
33.27345276,126.2037201
33.2705574,126.2044373
33.27050781,126.2047577
33.27201462,126.2113266
33.27212143,126.2120895
33.27383041,126.2181625
33.27021408,126.2174072
33.27505112,126.2187653
33.27622604,126.2192001
33.28005219,126.2212143
33.28065872,126.2225418
33.28086472,126.2230682
33.28090286,126.2236557
33.28128815,126.223526
33.2817688,126.2234192
33.28225327,126.2234192
33.2829361,126.2231445
33.28088379,126.2240906
33.28087997,126.224762
33.28118134,126.224823
33.28073502,126.2257996
33.2814827,126.2241135
33.2831192,126.2227936
33.28353882,126.2225113
33.28383255,126.2232513
33.28446198,126.2235489
33.28610229,126.2251053
33.2842598,126.2239304
33.28371048,126.2244873
33.28236389,126.2250366
33.2822876,126.2239304
33.28224945,126.2260208
33.28167343,126.22612
33.28100204,126.2263031
33.28063202,126.2265091
33.28031921,126.2269363
33.28004074,126.227356
33.27975082,126.2277985
33.27944946,126.2282486
33.27865601,126.2281036
33.27745056,126.2278595
33.27731705,126.2294159
33.27724838,126.2299271
33.27870178,126.2293015
33.27811432,126.2301102
33.27779007,126.2305222
33.27758026,126.2308273
33.27732468,126.2311859
33.27700424,126.2318726
33.27667236,126.2319489
33.27608109,126.2322311
33.27571869,126.232399
33.27499008,126.2333145
33.27453232,126.2339172
33.27449036,126.2342453
33.27449036,126.2349091
33.27448654,126.2352753
33.2745018,126.2356796
33.27507401,126.2343674
33.27462769,126.2362061
33.27439499,126.2362366
33.273983,126.236145
33.27355576,126.2360611
33.27306366,126.235878
33.27266312,126.2357101
33.27262878,126.2354889
33.27229309,126.2362823
33.27193832,126.2367935
33.27132034,126.2376556
33.27091599,126.237999
33.27450562,126.2370148
33.27449036,126.2373657
33.27451324,126.2377853
33.27450943,126.2385254
33.27324677,126.2386856
33.27258301,126.2386932
33.27138138,126.2387161
33.27450562,126.2388611
33.27451324,126.2393036
33.27451706,126.2403107
33.27449417,126.2408142
33.27490234,126.241478
33.27400208,126.242424
33.28232956,126.2317734
33.28182983,126.2316589
33.27522278,126.2286758
33.27493668,126.2286758
33.27524567,126.2297516
33.27516556,126.230896
33.27510452,126.2315674
33.27506256,126.2326126
33.27443314,126.2326202
33.2739563,126.2327881
33.2740097,126.2333603
33.27394485,126.2337799
33.27404404,126.2338486
33.27365112,126.2338486
33.27368546,126.2328644
33.27364731,126.2325363
33.27330399,126.2330399
33.27318192,126.2323761
33.2729187,126.2331619
33.27228546,126.2333298
33.27180099,126.2331543
33.2712059,126.2300415
33.2711792,126.229538
33.27163315,126.2286987
33.27151489,126.2273941
33.27098083,126.2270355
33.27104568,126.2267075
33.27052307,126.2293243
33.27096939,126.2338867
33.2686348,126.2347412
33.27848053,126.1983795
33.27284241,126.2449112
33.27262115,126.2454453
33.27379227,126.2444839
33.27458954,126.2442093
33.27645111,126.2439194
33.27623749,126.2436752
33.27692795,126.2443695
33.27746201,126.2446747
33.27752304,126.2450562
33.2774353,126.245636
33.27753067,126.2460098
33.27728653,126.2461853
33.27823257,126.2462921
33.27865601,126.2473907
33.27861786,126.2477722
33.27823639,126.2484894
33.27882767,126.247612
33.27973557,126.2476807
33.28111267,126.248024
33.2816391,126.2481308
33.282341,126.2516174
33.2779274,126.2448196
33.27842331,126.2451019
33.27867508,126.2460632
33.27901077,126.2452545
33.27942657,126.2450714
33.28078461,126.2453384
33.28159332,126.2455139
33.28249359,126.2456436
33.2788353,126.244812
33.2794075,126.2433701
33.28012085,126.2434006
33.28197617,126.2261398
33.25600077,126.1911389
33.25658181,126.1914099
33.25736254,126.1915395
33.25844125,126.1927798
33.25908695,126.1931159
33.25859939,126.1940513
33.25810841,126.1941122
33.29414749,126.2593613
33.25730751,126.194522
33.2569331,126.19518
33.25644819,126.1963542
33.27733997,126.1967827
33.2781382,126.1979648
33.27866428,126.1987161
33.27916412,126.1996803
33.29203796,126.2529297
33.29176712,126.2525177
33.2914772,126.2521133
33.29107666,126.2514725
33.29091263,126.2511826
33.29074097,126.250679
33.2906189,126.2507172
33.29049301,126.2500763
33.29029465,126.2495956
33.29014587,126.2493134
33.2899437,126.2488556
33.28965378,126.2482147
33.28960419,126.2483368
33.28943253,126.2477722
33.28056335,126.2479324
33.25737762,126.1915283
33.27322747,126.2442228
33.27354219,126.2435292
33.28088905,126.2234087
33.28210464,126.2235187
33.28242231,126.2234945
33.2825964,126.2232192
33.28233441,126.2243983
33.28129543,126.2262256
33.2792385,126.2285596
33.2789771,126.2289322
33.27855502,126.2295666
33.28310074,126.222949
33.28468417,126.2216871
33.28520448,126.2216288
33.28255682,126.2224762
33.28226482,126.2222802
33.2819438,126.2221274
33.28163179,126.2219745
33.28128819,126.2218165
33.28091109,126.2213476
33.2809699,126.22192
33.28050122,126.2214049
33.27973678,126.220993
33.27876996,126.2220965
33.27903663,126.2214877
33.27936553,126.2207387
33.27901268,126.2205433
33.27815271,126.2199927
33.2777319,126.2197442
33.27737955,126.2196293
33.27698186,126.2194718
33.27662046,126.2193516
33.27586121,126.2190484
33.27465251,126.2186017
33.27425602,126.2184563
33.27394895,126.2185516
33.27425299,126.2188709
33.27645192,126.2320994
33.27672251,126.243699
33.27547998,126.2225953
33.27555084,126.2229385
33.27568054,126.223465
33.27568436,126.2241364
33.27575249,126.2252682
33.27558338,126.225801
33.27566628,126.2262632
33.27562465,126.2266379
33.27556534,126.2270678
33.27552278,126.2274733
33.27546365,126.2279327
33.27535881,126.228473
33.27520244,126.2301542
33.27519435,126.2304856
33.27620906,126.2437745
33.27565262,126.2440101
33.27494986,126.2440913
33.27420632,126.2443231
33.24595642,126.2681427
33.24426651,126.2646027
33.24316788,126.2650223
33.2408638,126.2657166
33.24108505,126.2631912
33.23971558,126.2660675
33.24699783,126.2651443
33.24623489,126.2639694
33.24692917,126.2634735
33.24793243,126.263443
33.25035095,126.263588
33.24811172,126.2687531
33.24818039,126.2691879
33.24317551,126.271904
33.24482346,126.2733154
33.24754333,126.2764587
33.24779129,126.2766495
33.24803925,126.2761688
33.24840927,126.275444
33.24854279,126.2751083
33.24869156,126.2747574
33.2480278,126.2743378
33.24767685,126.2741699
33.24699783,126.2739105
33.24764252,126.2723312
33.24786377,126.27108
33.2480011,126.2705002
33.24892807,126.269043
33.24946976,126.2688522
33.25020599,126.2719193
33.24999619,126.2723465
33.24946213,126.2719574
33.25013351,126.2735596
33.24979401,126.2746506
33.24938965,126.2746887
33.25005722,126.2747116
33.25030899,126.2746201
33.25027847,126.2748184
33.25013351,126.2754593
33.25045013,126.2754364
33.2500267,126.276268
33.25051498,126.2761993
33.2510376,126.2769699
33.24993896,126.2769012
33.25076294,126.2743225
33.25121689,126.274025
33.25172043,126.274765
33.25564957,126.2748642
33.25317001,126.2789993
33.25276947,126.278923
33.25182343,126.2787857
33.25141525,126.2787552
33.25767136,126.2751312
33.25819016,126.2753067
33.2596817,126.2755661
33.26160431,126.2729568
33.25838089,126.2722778
33.25705338,126.2720795
33.25534821,126.2718658
33.25395203,126.2717056
33.25365448,126.2719879
33.25334549,126.2722931
33.2530365,126.2726212
33.25263977,126.2730255
33.25242233,126.2733231
33.2521286,126.2733688
33.25174332,126.2736511
33.25144577,126.2739868
33.25144958,126.2736893
33.25141525,126.2733231
33.25130463,126.2725449
33.25093079,126.272522
33.25172806,126.2725067
33.25217056,126.2724991
33.25267792,126.2725143
33.25298309,126.2731934
33.25371552,126.2727051
33.25617218,126.2736816
33.25630951,126.2733383
33.26218414,126.2729416
33.2640419,126.2732162
33.26518631,126.2729416
33.26840591,126.2776413
33.26490021,126.2764587
33.26200485,126.2764206
33.25447845,126.2710724
33.25507355,126.2707062
33.25521469,126.2709885
33.25556183,126.2700348
33.2600975,126.2697983
33.26013565,126.2693634
33.2689209,126.2680511
33.26940155,126.2717438
33.27087021,126.2754745
33.27117157,126.2764969
33.27123642,126.2779922
33.25744247,126.2677841
33.25821686,126.2669525
33.25932693,126.2667007
33.25910187,126.265892
33.26068878,126.2639542
33.25699234,126.2681503
33.25732422,126.2662201
33.25808716,126.2643738
33.25811386,126.2624588
33.25552368,126.2647781
33.25525665,126.2664337
33.25489807,126.2677689
33.25446701,126.2686386
33.25428009,126.268959
33.25382996,126.2697296
33.25353622,126.2701874
33.25316238,126.2707977
33.25301743,126.2713165
33.2533226,126.271347
33.25289154,126.2717667
33.24668884,126.2748413
33.24821472,126.2768402
33.24895477,126.2768173
33.24940109,126.2768631
33.2526474,126.2718201
33.25254775,126.2711851
33.25229645,126.271492
33.25264359,126.2706146
33.25333786,126.269249
33.25247192,126.2692108
33.25222015,126.2672424
33.2533989,126.2678375
33.27110291,126.276207
33.2711525,126.2719116
33.27299118,126.2752838
33.27323532,126.2757492
33.27355576,126.2757339
33.27315903,126.2761765
33.27342606,126.2769241
33.27349854,126.2772903
33.27367401,126.2780457
33.2722435,126.2788315
33.271698,126.2786636
33.27439117,126.2783356
33.27482605,126.2780533
33.27515793,126.277832
33.27534866,126.2774277
33.2755394,126.2770004
33.27524567,126.2784119
33.27579498,126.2782211
33.27609253,126.2778854
33.27560425,126.2786636
33.27586746,126.2788773
33.27628708,126.2788544
33.27724457,126.2789612
33.27771378,126.279068
33.27840805,126.279213
33.27934647,126.2791443
33.27810287,126.2747269
33.25408936,126.2684937
33.25610733,126.2612228
33.25887299,126.2671051
33.24944687,126.2662811
33.24911932,126.2633334
33.24915919,126.263215
33.24687677,126.2635574
33.24232322,126.2653942
33.24183586,126.2655029
33.26869432,126.2719311
33.26768915,126.2723366
33.26631402,126.2726914
33.26896583,126.2697997
33.27131476,126.2775577
33.24566418,126.2735358
33.24897558,126.2714562
33.25104549,126.2708086
33.24815198,126.2699615
33.25049368,126.2685785
33.25521341,126.2668209
33.2637269,126.2689338
33.26716988,126.2710382
33.26658031,126.2677536
33.26590009,126.2712902
33.25511649,126.2673958
33.25130375,126.2685342
33.23497772,126.2639236
33.23434448,126.2630386
33.23404694,126.2626801
33.23376083,126.2623749
33.23349762,126.2620621
33.23309326,126.2616425
33.23240662,126.2617111
33.23192596,126.2618179
33.23068237,126.2619247
33.2295723,126.2608719
33.22986984,126.2599792
33.23002625,126.2592392
33.23252487,126.2636948
33.23327255,126.2653275
33.22800446,126.2655182
33.22841644,126.265564
33.22872925,126.2659073
33.22940445,126.2666168
33.22901917,126.2666779
33.22606277,126.264595
33.22643661,126.2656784
33.22663498,126.2660599
33.22509384,126.2656937
33.22436905,126.2659302
33.22406769,126.2657852
33.2234993,126.266037
33.22332764,126.2653351
33.22319412,126.2658157
33.22512436,126.2663498
33.22543716,126.2674103
33.22576141,126.2670822
33.2259407,126.2667313
33.22638321,126.2665863
33.22685242,126.2666321
33.22723007,126.2666168
33.22749329,126.2661819
33.22752762,126.2657928
33.22761536,126.2666397
33.22817612,126.2667389
33.22568893,126.2678299
33.22618484,126.2685471
33.22645187,126.2689285
33.22639847,126.2690506
33.22672272,126.2693253
33.22697067,126.2696991
33.22718048,126.2700729
33.22742462,126.2703934
33.22690582,126.2706451
33.22685242,126.2709656
33.22792435,126.27005
33.22727585,126.2695313
33.22720718,126.2692413
33.22720337,126.2687912
33.22718811,126.2683029
33.22715378,126.2674484
33.22755814,126.2673798
33.22672653,126.2674179
33.22776413,126.2692795
33.22813797,126.2698898
33.22827911,126.2690887
33.22922134,126.2690582
33.22911453,126.2677994
33.23083115,126.2688904
33.22545624,126.2682648
33.224617,126.2683105
33.22415543,126.2686157
33.22384262,126.2686462
33.22552872,126.2687607
33.22562408,126.2692337
33.22529221,126.2696152
33.22495651,126.2699432
33.22468567,126.269722
33.2241478,126.2702026
33.22472,126.2704239
33.22409439,126.2709732
33.22359467,126.2748413
33.226017,126.2701035
33.22652054,126.2710419
33.2259903,126.271843
33.22633362,126.2721176
33.22621155,126.2734222
33.22626877,126.274826
33.22864532,126.2748795
33.22657013,126.2883682
33.2267952,126.2884827
33.2269249,126.2887497
33.22850037,126.2876663
33.22365189,126.2901306
33.22220993,126.2771759
33.22109604,126.2663193
33.22076416,126.2671356
33.22037125,126.2678833
33.2199707,126.2684784
33.21945953,126.2691498
33.2192688,126.2694397
33.21890259,126.2700653
33.21840668,126.2765961
33.21644974,126.2812958
33.21842194,126.2707672
33.21834183,126.2711334
33.21796799,126.2712402
33.21737671,126.2717209
33.21680069,126.2721634
33.21488571,126.2730179
33.216362,126.272995
33.21605682,126.2738647
33.2158699,126.2746887
33.21570206,126.2753906
33.21549606,126.2762756
33.21529388,126.2771301
33.21506119,126.2777863
33.21456528,126.2786255
33.21416473,126.2792969
33.21379471,126.2799072
33.21342087,126.2805328
33.21286011,126.281456
33.21252823,126.2819595
33.21220779,126.2824631
33.2118988,126.2829361
33.21133423,126.2838135
33.21078873,126.2846603
33.21027374,126.2854614
33.2098732,126.2861786
33.20970154,126.2865829
33.20955658,126.2869644
33.20920181,126.2878571
33.20888519,126.2886734
33.20870209,126.2891541
33.20857239,126.2894821
33.20836639,126.2896576
33.20800781,126.2896194
33.20761871,126.2895584
33.2071245,126.2895173
33.2070151,126.2895035
33.20665238,126.2895359
33.20664876,126.2896915
33.20703927,126.2897902
33.20404053,126.2895432
33.20842743,126.2899551
33.20825958,126.2902908
33.2076149,126.2905197
33.20783615,126.2912521
33.20830154,126.2913589
33.2087326,126.2914124
33.20898438,126.2904129
33.20970917,126.2905197
33.20958328,126.2911835
33.21016693,126.290596
33.21089172,126.2907486
33.21075058,126.2908554
33.21064377,126.291748
33.21006775,126.2915802
33.20968628,126.2915268
33.21136856,126.2906952
33.21223831,126.2908707
33.21294022,126.2912216
33.21331024,126.2913818
33.21339798,126.2917786
33.21334076,126.2922211
33.21355438,126.2924347
33.2133522,126.2927017
33.21514893,126.2940979
33.21590805,126.2936554
33.21673203,126.2931519
33.21762466,126.2933578
33.21394348,126.2922897
33.21522522,126.292099
33.21634293,126.2919159
33.22140121,126.2659302
33.22142029,126.2655945
33.22179413,126.2656555
33.22268677,126.2647171
33.22159195,126.2650146
33.2220459,126.2643356
33.22234344,126.2640076
33.22136307,126.2644348
33.22134399,126.263916
33.22131729,126.2632217
33.22126007,126.2620773
33.22125626,126.2615967
33.22100067,126.2615814
33.22128677,126.2611084
33.22127533,126.2606964
33.22084427,126.2607498
33.21998978,126.2595901
33.21931458,126.2589874
33.21883011,126.2584686
33.21669006,126.2627792
33.22338104,126.2604752
33.22398758,126.2606354
33.22355652,126.2608566
33.22330093,126.2609711
33.22282791,126.2616348
33.2219429,126.2616577
33.22266006,126.2623215
33.22232819,126.2628784
33.22261429,126.2630844
33.22252655,126.263504
33.22388077,126.2613983
33.22411346,126.2614136
33.22401428,126.2619019
33.22365952,126.2620316
33.22441483,126.2615814
33.22455597,126.2622757
33.22421646,126.2624893
33.22438049,126.2631226
33.22418594,126.2639313
33.22485733,126.2628708
33.22462463,126.264267
33.22486115,126.2652359
33.22460938,126.2655334
33.22606277,126.2636795
33.22574997,126.2626419
33.22594833,126.2621536
33.22629547,126.2619934
33.22655487,126.2616806
33.22673416,126.261467
33.22694397,126.2611923
33.22719574,126.2608871
33.22880554,126.260643
33.22748184,126.2592773
33.22622299,126.2585602
33.22586441,126.2583618
33.22550964,126.2571564
33.22500992,126.257225
33.22507477,126.2578659
33.22471237,126.2582016
33.22423172,126.2584152
33.22523499,126.2583237
33.22562408,126.2583771
33.22524261,126.2588272
33.22548676,126.2592087
33.22555923,126.2590866
33.22493744,126.2595901
33.22429657,126.2597046
33.22528076,126.2598343
33.22616577,126.2599487
33.22531891,126.2600937
33.22582245,126.2605362
33.22538757,126.2605209
33.22545242,126.2609177
33.224617,126.2608261
33.22434616,126.2608032
33.22554016,126.2615662
33.22565079,126.2621155
33.22370529,126.2557755
33.22366714,126.2562256
33.22365952,126.2565765
33.2236557,126.2567978
33.22353363,126.257225
33.22420883,126.2571716
33.22338104,126.2577896
33.22309875,126.2579803
33.22325516,126.2585449
33.22365189,126.2584381
33.2236824,126.2590408
33.22317505,126.2588882
33.22322083,126.2593079
33.22354889,126.2598343
33.22393417,126.2597504
33.22144318,126.259819
33.22227097,126.2596054
33.22262192,126.2592545
33.22185898,126.258934
33.22161102,126.2588882
33.22190857,126.2584915
33.22162247,126.2584686
33.22152328,126.2575455
33.22158051,126.257431
33.22114944,126.2576523
33.22171783,126.2570648
33.222332,126.2570724
33.22241211,126.2575989
33.22256851,126.2579117
33.22229004,126.2580566
33.22285461,126.2582474
33.22144699,126.2567749
33.21958923,126.2568588
33.21935654,126.2573624
33.21918869,126.2577209
33.22081375,126.2594604
33.22115326,126.2591553
33.22080612,126.2588425
33.22165298,126.2565536
33.22194672,126.2556763
33.22233582,126.2555389
33.22278214,126.255806
33.2228775,126.2559204
33.2231636,126.2558823
33.22277451,126.2561111
33.22296906,126.2567062
33.22303009,126.2570648
33.22305298,126.2573776
33.22553253,126.2567291
33.22561264,126.2561264
33.22580719,126.2555237
33.22675323,126.2578659
33.22682953,126.2575226
33.22883987,126.2597961
33.22862625,126.2584305
33.22861862,126.2575302
33.22832108,126.2569427
33.22951508,126.2578964
33.22907257,126.256813
33.23028183,126.2585602
33.20868683,126.2902908
33.20933151,126.2914429
33.22671509,126.2869797
33.22676849,126.2858047
33.22678375,126.2848129
33.22674561,126.2841949
33.22674561,126.283577
33.22658539,126.2826157
33.22653198,126.2819519
33.22647476,126.2813797
33.22632217,126.2806091
33.22619629,126.2799911
33.22616196,126.2792206
33.22614288,126.2785568
33.22615814,126.2781296
33.22623825,126.2775345
33.22625351,126.2769165
33.22634888,126.2763519
33.22626495,126.2740707
33.22633362,126.2727661
33.22636795,126.2716064
33.22707748,126.27034
33.22633743,126.2883606
33.2269249,126.2889709
33.22712708,126.2889557
33.22673035,126.2880478
33.22671127,126.287468
33.22678375,126.2864761
33.22680664,126.2854767
33.22679901,126.2845383
33.22678757,126.2838974
33.22663116,126.2830582
33.22662735,126.2822952
33.22650528,126.2816925
33.22639084,126.281044
33.22626495,126.2803497
33.22614288,126.2796555
33.22612,126.2789078
33.22621918,126.2778015
33.22623062,126.2772827
33.2262764,126.2759933
33.22624207,126.2752914
33.22629547,126.2744064
33.22635269,126.2737274
33.22635651,126.2731628
33.2263298,126.2724304
33.20455893,126.289042
33.27565384,126.190361
33.27605057,126.1908188
33.27668381,126.1917038
33.27619171,126.1918793
33.27582169,126.1914597
33.27605438,126.1922455
33.27543259,126.1919937
33.27519608,126.1941605
33.28121948,126.2025528
33.27700806,126.19561
33.27724457,126.1949692
33.27744293,126.1940613
33.27759171,126.1935196
33.2754097,126.1938095
33.27560806,126.1934357
33.27605057,126.1928406
33.27635574,126.1926041
33.276577,126.1932297
33.27688217,126.1931686
33.27732849,126.193222
33.27701569,126.1920853
33.277771,126.1921768
33.27782059,126.1926117
33.27828598,126.1927032
33.27876282,126.1929321
33.27757645,126.1917267
33.2779274,126.1915207
33.27826309,126.1918335
33.27832031,126.1919861
33.27837753,126.1922226
33.27861023,126.1922684
33.27903748,126.1921692
33.27904129,126.1924667
33.28016281,126.1930161
33.28196716,126.1965942
33.28587723,126.2244034
33.27852249,126.1912003
33.27887726,126.19104
33.27909088,126.1908417
33.27950668,126.1904449
33.28019333,126.1897736
33.27979279,126.1892853
33.27897263,126.1904449
33.27816772,126.1912537
33.27788544,126.1908035
33.27648926,126.1910019
33.27695847,126.1910172
33.27747345,126.1909485
33.2773056,126.1903687
33.27776718,126.1896744
33.27812958,126.1896057
33.2771492,126.1898499
33.27683258,126.1897812
33.2765007,126.1905365
33.27570724,126.1901474
33.27544785,126.1895752
33.28531265,126.196312
33.28504944,126.1959686
33.28948975,126.2168045
33.28674698,126.2227783
33.28514862,126.1890182
33.28572845,126.1887741
33.28497696,126.1885452
33.28640747,126.1859283
33.2865715,126.1869965
33.28682327,126.1873932
33.28662491,126.188179
33.2873497,126.1868515
33.2872467,126.1864014
33.28795242,126.1863708
33.28819275,126.188385
33.29115677,126.187706
33.28691101,126.1865997
33.28656769,126.1861267
33.28691101,126.1858597
33.28673172,126.1851425
33.28697968,126.1850281
33.28757858,126.1845322
33.28728104,126.1845627
33.28731918,126.184761
33.28648758,126.184494
33.28565979,126.1837921
33.28543091,126.1832657
33.28601074,126.1823654
33.28556061,126.1847763
33.28590393,126.1856003
33.28570938,126.1856842
33.28506088,126.1836319
33.28445053,126.1832581
33.28423691,126.1828232
33.28456497,126.1862335
33.28453827,126.1859436
33.28441238,126.1850357
33.28432083,126.1843643
33.28414154,126.1837234
33.28370667,126.1830521
33.28328705,126.1820755
33.28416443,126.181572
33.28446579,126.1813736
33.28308868,126.1813278
33.28043747,126.1749878
33.28120422,126.1764297
33.28258133,126.180397
33.28275681,126.1807556
33.27907181,126.1879196
33.27923965,126.1875534
33.27868652,126.1790543
33.27836227,126.1778717
33.27958679,126.1776581
33.27813721,126.1769943
33.27778625,126.1758118
33.27765656,126.1753693
33.27812195,126.1753082
33.27854538,126.1752014
33.27880096,126.1749878
33.27907944,126.1746292
33.27975464,126.1749496
33.27988434,126.1740417
33.2796402,126.1755905
33.27959442,126.1765823
33.27754974,126.1749954
33.27743149,126.174614
33.27758408,126.1743393
33.2773056,126.1742096
33.27720642,126.1738663
33.27690887,126.1730042
33.27671432,126.1722946
33.2771759,126.1721802
33.27724457,126.1717682
33.27783966,126.172081
33.2781105,126.171814
33.27649307,126.1715927
33.27684402,126.1710052
33.2772522,126.1708755
33.27733612,126.1711731
33.27772903,126.1710205
33.27702332,126.1704788
33.27700043,126.1702652
33.27676773,126.1700134
33.2763176,126.1699905
33.27641296,126.1696625
33.27658844,126.1689453
33.27391815,126.1719818
33.27394485,126.17173
33.27364731,126.1718063
33.27355194,126.1722488
33.27171326,126.1758804
33.27651215,126.1712036
33.27611923,126.1720276
33.27655411,126.173317
33.2763443,126.1734848
33.27610016,126.173027
33.27562714,126.1733093
33.27492523,126.1733475
33.27453613,126.1735001
33.2746048,126.1731644
33.27471924,126.1747742
33.27393341,126.1746368
33.27420044,126.1874237
33.27503204,126.1875839
33.2746048,126.1815338
33.27262115,126.1835403
33.27208328,126.182457
33.26906967,126.1795654
33.274086,126.1876068
33.27316666,126.1875
33.27254486,126.1870651
33.27754404,126.1900212
33.27790522,126.1911422
33.27817383,126.1915476
33.27675654,126.1919686
33.27989665,126.1895889
33.27986746,126.1896052
33.27816266,126.19191
33.27940084,126.1927171
33.28210728,126.1947075
33.28210983,126.1947531
33.28540266,126.1957561
33.2714029,126.1754326
33.28060443,126.1894186
33.28103455,126.1890135
33.28148,126.1886249
33.28173224,126.1884213
33.27949449,126.1998812
33.28059709,126.2012552
33.28192324,126.1950896
33.28134554,126.1941154
33.2811105,126.1937586
33.27666331,126.1923625
33.26879883,126.2667313
33.26867676,126.2657166
33.2684021,126.2634354
33.26833344,126.2627563
33.26819229,126.2621536
33.27081299,126.2664948
33.27227402,126.2642441
33.271595,126.2636108
33.27091599,126.2634506
33.26979828,126.2639618
33.26935577,126.2640076
33.26865005,126.262886
33.26959229,126.2590866
33.27121735,126.2584915
33.27469254,126.2544022
33.27112961,126.2542114
33.26963425,126.2544861
33.26916504,126.2543869
33.26818085,126.2585526
33.26883698,126.2587509
33.26666641,126.2581863
33.2658577,126.2586441
33.26574707,126.2586136
33.26714325,126.2589493
33.26732254,126.2596512
33.26757431,126.2603531
33.26844406,126.2618027
33.26779175,126.2622452
33.2674408,126.2624817
33.26666641,126.2626572
33.26598358,126.2628555
33.25946045,126.2625122
33.25585556,126.2625732
33.25598907,126.2616425
33.2579689,126.2557373
33.26071167,126.2556076
33.26147461,126.2566681
33.2598114,126.2607651
33.25942612,126.261673
33.25953293,126.2620621
33.25902557,126.2624817
33.26355362,126.2614746
33.26453018,126.2616882
33.26462173,126.2612534
33.2638092,126.2608032
33.26477814,126.2618561
33.26509094,126.2620926
33.2678833,126.261673
33.26766968,126.2610092
33.26673889,126.2599716
33.26618195,126.2597046
33.26571655,126.2596512
33.26548767,126.2601166
33.26527023,126.2593689
33.26506042,126.2590637
33.26480865,126.2590408
33.26475143,126.2593613
33.26432037,126.2590942
33.26448822,126.2596359
33.26443863,126.2599564
33.2649498,126.26017
33.2640152,126.2599182
33.26412582,126.2604523
33.26415634,126.2582855
33.26536942,126.2583084
33.26562119,126.2578888
33.26583481,126.2574997
33.26566696,126.2573013
33.26499557,126.2569351
33.26464081,126.256752
33.26423264,126.2566147
33.26374817,126.2566528
33.26325226,126.2567139
33.26236343,126.2567062
33.26292038,126.2452087
33.26441136,126.2457865
33.26292801,126.2518845
33.26192474,126.2530823
33.26109695,126.2511292
33.26149368,126.2558136
33.26328659,126.2555313
33.26288986,126.2562561
33.26446152,126.2550278
33.26638031,126.256546
33.26693344,126.2555313
33.26713562,126.2551804
33.26741791,126.2546844
33.26911163,126.2508774
33.27001953,126.2501068
33.27238083,126.2459641
33.27208328,126.2456131
33.27179337,126.2453232
33.2671051,126.2406464
33.26349258,126.2370834
33.26364899,126.2367477
33.26098633,126.2399216
33.26859283,126.2459641
33.26714325,126.2460251
33.26258087,126.2561417
33.26170349,126.2629395
33.26504477,126.2638437
33.2715264,126.2523558
33.27293677,126.2514985
33.26434591,126.2609746
33.24988937,126.2771454
33.25019455,126.2773438
33.25009537,126.2779541
33.25094604,126.2773895
33.2506485,126.2781219
33.2498436,126.2775192
33.24977875,126.2780228
33.24973297,126.2786026
33.24973297,126.2787704
33.24998856,126.2787781
33.25042343,126.2787933
33.25105286,126.2788925
33.25387573,126.2792206
33.25479889,126.2791595
33.25632477,126.2791977
33.25682449,126.279129
33.25544357,126.2773743
33.25764084,126.279068
33.25825882,126.278923
33.25870895,126.2788086
33.26015091,126.2791443
33.26145554,126.2792282
33.26195145,126.2792816
33.26268768,126.2794647
33.26371002,126.2794571
33.26480865,126.2793427
33.26594162,126.2792358
33.26657486,126.2791672
33.26766205,126.2789078
33.26803589,126.2789536
33.26857758,126.2794113
33.26895523,126.2794037
33.26979828,126.2795105
33.27101898,126.2798157
33.27148819,126.280014
33.27135849,126.2805328
33.27123642,126.2809753
33.27098465,126.2812881
33.27086639,126.281929
33.27071381,126.2830429
33.27167892,126.2792664
33.27190399,126.2801895
33.27233124,126.2802429
33.27243042,126.2797928
33.2726593,126.2805328
33.27315903,126.2809448
33.27326965,126.281044
33.27428436,126.287384
33.27492905,126.2878647
33.27615356,126.2866211
33.27208328,126.2839661
33.27341461,126.280571
33.27373123,126.2815323
33.27418518,126.2805557
33.27365112,126.2800903
33.27338791,126.2798843
33.27299118,126.2795715
33.27270889,126.2793503
33.27253342,126.2792587
33.27149963,126.2787933
33.27105331,126.2786636
33.27075577,126.2785645
33.27041245,126.2784424
33.2694931,126.2781525
33.26881027,126.2779236
33.27132797,126.2840958
33.27217865,126.285614
33.27181625,126.2869949
33.27062607,126.2838745
33.27000427,126.2837677
33.26926804,126.2837982
33.26903152,126.2837296
33.26659012,126.2838821
33.26474762,126.2839432
33.26120377,126.2825623
33.26076126,126.2812195
33.25600052,126.285347
33.24986649,126.2789383
33.2498703,126.2791214
33.25020981,126.2793808
33.25066757,126.2795792
33.25123215,126.2803192
33.25197983,126.2810593
33.25304794,126.2818832
33.25333786,126.2808685
33.25572968,126.2854156
33.26072311,126.2874603
33.26121521,126.2874298
33.26140594,126.2868652
33.26188278,126.2877274
33.26680374,126.2897797
33.26026535,126.289505
33.2512207,126.2841492
33.2518158,126.2844009
33.25154495,126.2832718
33.25117493,126.2829895
33.25040436,126.2822876
33.25014496,126.2819443
33.25045776,126.2831879
33.2504158,126.2836075
33.24996948,126.2821503
33.24991608,126.2817001
33.25016022,126.2815704
33.25022888,126.2803879
33.24987411,126.2809525
33.24982071,126.2803116
33.24975967,126.2797775
33.24964523,126.2831039
33.24758911,126.2853241
33.24736404,126.2863159
33.24794769,126.2867889
33.2483139,126.2865372
33.25006104,126.2871933
33.24997711,126.2872543
33.24998856,126.2875366
33.25012589,126.2884064
33.2494812,126.2882462
33.27177811,126.2788467
33.24925232,126.2826538
33.25457919,126.2937439
33.25297395,126.2814819
33.24965881,126.2917916
33.24967554,126.2915634
33.24963759,126.2916281
33.25006754,126.2862071
33.25011537,126.286882
33.25023546,126.286205
33.25029142,126.2869235
33.27284485,126.2800151
33.27071295,126.2796959
33.26231252,126.2878709
33.2628238,126.2880002
33.26324681,126.2880672
33.26364514,126.2882525
33.250306,126.2814287
33.25081745,126.2826605
33.26580429,126.2351456
33.26247025,126.2207413
33.26259995,126.2200851
33.2633667,126.2203522
33.26460648,126.2167892
33.26435471,126.2175751
33.26385498,126.21772
33.26317978,126.2176666
33.2626152,126.2179871
33.26276779,126.2194977
33.26189804,126.2210007
33.26133347,126.2215042
33.26090622,126.2226944
33.26091003,126.2231598
33.26153946,126.2239304
33.25563049,126.2131424
33.259758,126.2173691
33.25928116,126.2176819
33.26148605,126.2167816
33.2621994,126.2167358
33.26243973,126.2174759
33.26251602,126.2177353
33.26154327,126.2146759
33.26176453,126.2149811
33.26247406,126.2154922
33.26355743,126.2162323
33.26398087,126.2164841
33.26120377,126.2135773
33.26098633,126.2130508
33.26005936,126.2137146
33.25948715,126.2135544
33.25816727,126.2135086
33.25767136,126.2133331
33.25714874,126.2133942
33.25530243,126.2119827
33.25561523,126.2117081
33.25687408,126.2107391
33.25724411,126.2104874
33.25762558,126.2102737
33.25795364,126.2106552
33.25771332,126.2111206
33.25732422,126.211441
33.25764847,126.2118835
33.25852203,126.2112656
33.25815201,126.2108688
33.25917053,126.2120056
33.25993729,126.2126389
33.26156998,126.2103043
33.26037216,126.2107162
33.25606155,126.2113342
33.2584343,126.2096024
33.26006699,126.2091293
33.26034927,126.2095261
33.26124954,126.2086563
33.26114655,126.2084198
33.26052475,126.2087708
33.26099777,126.207756
33.26236343,126.2088852
33.26245499,126.2094269
33.26315308,126.2095337
33.26357651,126.2096024
33.26150131,126.2098618
33.26660919,126.2047806
33.26595688,126.2049026
33.26395416,126.2052078
33.25787735,126.2005768
33.25019836,126.1985779
33.25081253,126.1990051
33.25219345,126.2018967
33.25291824,126.2021255
33.25335312,126.2026291
33.25398254,126.2019119
33.25439835,126.2013016
33.25787735,126.2016373
33.25817871,126.2019882
33.25907135,126.2020721
33.25859833,126.2030182
33.25889206,126.2040405
33.25871277,126.2052536
33.25862503,126.2064438
33.25858307,126.2076492
33.26040268,126.2076492
33.25678635,126.2098312
33.25606155,126.209465
33.25535202,126.2090988
33.25514603,126.2095566
33.25539017,126.2105865
33.25487518,126.2084045
33.2543602,126.2077332
33.25454712,126.2071609
33.25414276,126.2071762
33.24970245,126.2061081
33.2480545,126.2057343
33.24669266,126.2055817
33.24622726,126.2055283
33.24559784,126.2052002
33.24565506,126.2048798
33.24582291,126.2044983
33.24604034,126.2041168
33.24638748,126.2032547
33.24681473,126.2025986
33.25125885,126.2028656
33.25233459,126.2026062
33.25192642,126.2034454
33.2524147,126.203743
33.25278091,126.2033997
33.25300598,126.2038193
33.25341415,126.2047348
33.25377274,126.2055588
33.25396347,126.2063141
33.25070953,126.2014618
33.25125885,126.1962814
33.25098419,126.1966705
33.25064468,126.1973267
33.25048447,126.1977005
33.25027847,126.197998
33.25000763,126.1984406
33.24937439,126.1993942
33.24910736,126.1997528
33.2488327,126.2000275
33.24861526,126.200325
33.24337387,126.2134705
33.24326706,126.2131119
33.2432785,126.2121887
33.24327469,126.2117081
33.24346161,126.2109604
33.2436676,126.210434
33.24392319,126.2099838
33.24438095,126.2093582
33.24455643,126.2090759
33.24471283,126.2086716
33.24499893,126.2078018
33.24505615,126.2076187
33.24533081,126.2068253
33.24541473,126.2063751
33.2456398,126.2055588
33.24398041,126.2120285
33.24427032,126.2119446
33.24475861,126.211792
33.24788284,126.2125397
33.25019073,126.2127457
33.25298691,126.2125854
33.24475479,126.2161713
33.24734879,126.2017975
33.2480545,126.2008896
33.24769592,126.2012863
33.25192869,126.2013947
33.26575286,126.2049622
33.23580551,126.2675018
33.23616028,126.2678299
33.23984909,126.2726212
33.24328613,126.2724838
33.2436142,126.2727051
33.243927,126.2729492
33.24451447,126.273613
33.24710846,126.2764969
33.24657822,126.2772751
33.24568939,126.2773666
33.24488449,126.27742
33.24488068,126.2778091
33.24621964,126.2777939
33.24615479,126.2783432
33.24603271,126.2792892
33.24640656,126.2792053
33.24603271,126.2799377
33.24592972,126.2781219
33.24572754,126.2783966
33.24550247,126.2787018
33.24513245,126.2791672
33.24446869,126.2797089
33.24376678,126.2803802
33.24304962,126.2810211
33.24085236,126.2814255
33.23949432,126.2849579
33.24121475,126.2830276
33.24343491,126.2815475
33.24491882,126.2812042
33.24581528,126.2809448
33.24606705,126.2808456
33.2468338,126.2805862
33.24726868,126.2803955
33.24720001,126.2797775
33.24715805,126.2791672
33.24704361,126.2784119
33.24703598,126.2776108
33.24851227,126.2798996
33.24814224,126.2800522
33.24772263,126.2802124
33.24912262,126.2815781
33.24854279,126.2824783
33.24822235,126.28228
33.24821854,126.2818832
33.24787903,126.2818069
33.24790955,126.2816086
33.24738312,126.2817154
33.24721909,126.2812805
33.24684143,126.2812805
33.24773026,126.2825851
33.24733353,126.2828751
33.24692154,126.2831268
33.24672699,126.2825317
33.24671936,126.2819214
33.24634933,126.2814789
33.24577713,126.281601
33.24532318,126.2816772
33.24601746,126.2821503
33.2457428,126.2826157
33.24567032,126.2831421
33.24640274,126.2830658
33.24653625,126.2836761
33.24697495,126.2841415
33.24671173,126.284462
33.24777222,126.2844315
33.2481308,126.2834702
33.24836349,126.2829361
33.24544525,126.2832108
33.24523163,126.2831345
33.24498367,126.2838058
33.2445755,126.2842178
33.24734116,126.2851563
33.24290466,126.2840042
33.24221802,126.2835236
33.24897003,126.2790527
33.24917603,126.2790604
33.24953079,126.2790909
33.2491951,126.2777023
33.24953079,126.2776871
33.24326407,126.2776745
33.24306405,126.2777754
33.24302208,126.2810349
33.24721481,126.2785461
33.24282539,126.281518
33.2414037,126.2773438
33.24206476,126.2815363
33.24259022,126.2836357
33.24796357,126.2838836
33.24797313,126.2824135
33.24522699,126.2812134
33.24711783,126.2787293
33.24696726,126.2780304
33.24013881,126.2774722
33.23827004,126.2773448
33.24317571,126.2774989
33.23222351,126.2435684
33.23291397,126.2437744
33.23352432,126.2440872
33.23411179,126.243988
33.23470306,126.2441177
33.23474503,126.2438431
33.2336998,126.2433472
33.23306656,126.2432175
33.23305893,126.2421417
33.23390579,126.2425385
33.234272,126.2426453
33.23456192,126.2428741
33.23502731,126.2430267
33.25281143,126.2355576
33.25024033,126.2342987
33.24934006,126.2338333
33.2447319,126.2361984
33.23540497,126.2424545
33.2348175,126.2377167
33.23451233,126.2394104
33.23445511,126.2410507
33.2344017,126.2416458
33.23344803,126.2422562
33.2423439,126.2356644
33.24261856,126.2347794
33.24124146,126.2331085
33.24158478,126.2331009
33.24188995,126.2331085
33.24229431,126.2329178
33.24273682,126.2327042
33.24319077,126.2327347
33.24357605,126.2328796
33.2440033,126.2329407
33.24444962,126.2331009
33.24505997,126.2332535
33.24659729,126.2331314
33.24231339,126.2295837
33.24325562,126.2279663
33.2442627,126.2277451
33.2452774,126.2274933
33.24524307,126.2267914
33.24511719,126.2259521
33.24595261,126.2265244
33.24642944,126.2256393
33.24502563,126.2254105
33.24633789,126.2251434
33.24663925,126.225235
33.2468338,126.2248001
33.24710464,126.22509
33.24743271,126.2254105
33.24774933,126.2257233
33.2485466,126.2256317
33.24884796,126.2266312
33.24923706,126.2255707
33.24966049,126.2255096
33.25042343,126.2256546
33.25109863,126.2270355
33.25155258,126.2280807
33.25258636,126.2306976
33.24994659,126.2245789
33.24811172,126.2244415
33.2478447,126.2239761
33.24746704,126.2241287
33.24765396,126.2235947
33.2478981,126.2232056
33.2478714,126.2227859
33.24784088,126.2220612
33.24708557,126.2242966
33.24691772,126.2238388
33.24644089,126.2235489
33.24616241,126.2234039
33.25829697,126.2305145
33.2437706,126.216362
33.24381256,126.2157898
33.24350739,126.2143784
33.24365234,126.2171936
33.24366379,126.2177887
33.24372101,126.2182541
33.24404907,126.2182388
33.24400711,126.2186508
33.24368286,126.2188034
33.24350357,126.2198944
33.24338531,126.2202148
33.24376678,126.2203674
33.24274445,126.2211609
33.24566269,126.2230072
33.24541092,126.2227402
33.24512482,126.2230759
33.24539948,126.2233582
33.24393463,126.2252426
33.24354172,126.2251892
33.24321365,126.2249832
33.24281693,126.2246323
33.24238586,126.2244415
33.24168396,126.2243729
33.24142456,126.2237244
33.24134827,126.2232285
33.24226761,126.2215424
33.24197769,126.2219391
33.24167633,126.2223969
33.24249268,126.2285614
33.24223709,126.2285233
33.24207687,126.2283173
33.24177551,126.2280045
33.24175262,126.2282104
33.24129105,126.2282867
33.24072266,126.2292557
33.24047852,126.2298889
33.24000549,126.2304916
33.2399559,126.2308578
33.23910141,126.2303162
33.239151,126.2299118
33.23882294,126.2299423
33.23852921,126.2295074
33.23842239,126.2292557
33.23875427,126.2302856
33.23982239,126.2315674
33.23983383,126.2325974
33.23925018,126.232605
33.2385788,126.2322998
33.2386322,126.2315598
33.23799896,126.2322769
33.23705673,126.2329636
33.2363472,126.2343597
33.23662186,126.2329025
33.23646927,126.2319717
33.23662567,126.2309952
33.2371788,126.2312622
33.23728943,126.2307739
33.23688889,126.2305069
33.23739243,126.2295914
33.23226929,126.2416077
33.23155594,126.2424774
33.23987447,126.2303969
33.24329024,126.2338327
33.24445126,126.2179303
33.24467472,126.2170834
33.22780228,126.2562485
33.22821426,126.2541351
33.22854996,126.2539444
33.22885513,126.2537994
33.22877121,126.2532578
33.22876358,126.2529678
33.22859573,126.2528839
33.22927856,126.2535934
33.22951126,126.2534637
33.22991562,126.2532578
33.23014069,126.2531586
33.23047256,126.2532349
33.23026657,126.2540817
33.23022461,126.2544327
33.22964859,126.2567139
33.23062515,126.2528
33.23075485,126.2524567
33.23207855,126.2530746
33.23068237,126.2521896
33.23065186,126.2517929
33.23069763,126.2509232
33.23037338,126.2506104
33.23046494,126.2502365
33.23095322,126.2501373
33.23133087,126.2501297
33.22994614,126.2501831
33.22947311,126.2503128
33.2291069,126.2501602
33.22993469,126.252037
33.23047256,126.2522049
33.22803116,126.2528305
33.22769547,126.2543869
33.22755432,126.2545166
33.22728729,126.2546463
33.22700882,126.2549286
33.22727966,126.2553253
33.22750854,126.255661
33.22685242,126.2556229
33.22614288,126.2555084
33.22655487,126.254715
33.22618484,126.2546768
33.22581863,126.2546539
33.22621155,126.2540207
33.22646332,126.2537918
33.22674561,126.2539215
33.2268486,126.2534256
33.22680283,126.2530212
33.22605896,126.2526093
33.22595596,126.2524109
33.22638702,126.2526398
33.22672272,126.2526779
33.22692108,126.2527008
33.22713852,126.2527161
33.22748184,126.2527542
33.22750854,126.2529984
33.22603226,126.2519913
33.22615814,126.2501373
33.22679138,126.2501068
33.22687912,126.2498703
33.22706223,126.2502823
33.22745132,126.2497482
33.22583771,126.2474823
33.22714233,126.2490082
33.22731781,126.2479935
33.22737503,126.2483292
33.22777557,126.2486191
33.22814178,126.2488556
33.22851944,126.249115
33.22889328,126.2493744
33.22583771,126.2471466
33.22564316,126.2474136
33.22574234,126.2481384
33.22594833,126.250351
33.22557831,126.2502823
33.22523499,126.2503586
33.22482681,126.2504501
33.22456741,126.2501144
33.22432709,126.2504196
33.225914,126.2513123
33.22537994,126.2524414
33.22539902,126.2515869
33.22541809,126.2512512
33.22489929,126.2524872
33.22478867,126.252327
33.22470856,126.2519531
33.22465515,126.2515411
33.22460938,126.2510376
33.22481155,126.2512436
33.2243309,126.2515869
33.22404861,126.2514648
33.22430038,126.2519455
33.22445297,126.2523193
33.22406387,126.2522736
33.22399139,126.2523804
33.22377396,126.2523499
33.22383499,126.2500153
33.22410583,126.2500381
33.22382355,126.2495193
33.22427368,126.2495422
33.22422409,126.2473297
33.22421265,126.2479324
33.22449112,126.2482758
33.22458649,126.2488861
33.22451782,126.249382
33.22268677,126.2467041
33.22337723,126.2476196
33.22484207,126.2530594
33.22513962,126.2532501
33.22535324,126.2532501
33.22422409,126.2530746
33.22572327,126.2536697
33.22565079,126.2546158
33.22519684,126.2545624
33.22472,126.2545776
33.22441101,126.2546387
33.22397614,126.2546921
33.22411346,126.2551498
33.22418213,126.2541199
33.22422791,126.2536087
33.22343063,126.253334
33.22306442,126.25383
33.22279739,126.2538834
33.22276688,126.2531815
33.22322845,126.2544479
33.2228241,126.2541733
33.22303009,126.2547226
33.22206879,126.2537842
33.22200394,126.2534485
33.22158432,126.2522125
33.22179794,126.252121
33.22339249,126.2522049
33.22293091,126.2521362
33.22226715,126.2520599
33.22216797,126.2515106
33.22176743,126.2511215
33.22227478,126.2506714
33.22200775,126.2502213
33.22225571,126.2496414
33.2229805,126.2495575
33.22299576,126.2498932
33.22266006,126.2500992
33.22303772,126.2505875
33.2230835,126.2513962
33.2230072,126.2491379
33.22288132,126.2487106
33.22247314,126.2486649
33.22232437,126.2491302
33.22294235,126.2479095
33.22265244,126.2480469
33.22196198,126.2485046
33.22157669,126.2487793
33.22151947,126.249382
33.2215538,126.2498932
33.22154617,126.2503433
33.22156525,126.2509232
33.22129059,126.2516632
33.22109222,126.2499466
33.22127151,126.2489853
33.22091293,126.2492752
33.22079468,126.2501068
33.22091293,126.2512894
33.22252274,126.2480087
33.22225571,126.2481995
33.22140884,126.248558
33.22073746,126.2490005
33.221035,126.248024
33.22179794,126.2475052
33.22224045,126.2475967
33.22248459,126.2476425
33.2218132,126.2472
33.22183609,126.2470093
33.22113419,126.2465897
33.22117233,126.2465363
33.22127533,126.2466278
33.22101212,126.2468796
33.2208786,126.2463837
33.22064209,126.2480316
33.22013092,126.2489395
33.21987534,126.2487946
33.21949768,126.248909
33.21935272,126.2483749
33.21928787,126.2479782
33.21969223,126.2480316
33.21935272,126.2475586
33.21954727,126.2472305
33.21870041,126.2480621
33.22028732,126.2495575
33.21977997,126.2495041
33.22032166,126.2501831
33.21985626,126.2507248
33.219944,126.2509079
33.22038269,126.2507477
33.22148895,126.2518539
33.22227859,126.2536163
33.222229,126.2520142
33.22226715,126.2522888
33.22243118,126.252594
33.22226715,126.2526855
33.2222023,126.2531815
33.22248077,126.2534027
33.20105743,126.2656479
33.20145035,126.2655716
33.20187759,126.2654572
33.20226288,126.2653656
33.2026062,126.2652893
33.20305252,126.2651825
33.20346451,126.2650757
33.20381546,126.2649918
33.20424271,126.2649002
33.20462036,126.2648239
33.20507813,126.2648697
33.20552063,126.2649078
33.2059288,126.2647934
33.20637894,126.2647705
33.2068634,126.2647629
33.20730591,126.2647934
33.20776749,126.2647247
33.20820999,126.264595
33.20864487,126.2644577
33.20905304,126.2642975
33.20946121,126.2641068
33.2098465,126.2639084
33.21027374,126.2636948
33.21068573,126.2634735
33.21111298,126.2631531
33.21150208,126.2597656
33.211483,126.2593765
33.21190643,126.2593613
33.21243668,126.2592773
33.21304703,126.258812
33.21265793,126.2579346
33.21150208,126.2581635
33.21150208,126.2589264
33.21186829,126.2573853
33.21573639,126.258728
33.2155571,126.2589645
33.21508789,126.2592926
33.21440506,126.2593994
33.21402359,126.2593918
33.21420288,126.2589188
33.21388245,126.260643
33.21329117,126.2593994
33.21627426,126.258873
33.21679688,126.2589798
33.21704865,126.2590103
33.217659,126.2590256
33.21844101,126.2590408
33.2185936,126.2587509
33.21583557,126.2576447
33.21134949,126.2563095
33.21218109,126.2556534
33.21260071,126.2557449
33.21490097,126.2558975
33.21615982,126.256218
33.21450424,126.2570419
33.2172699,126.2567444
33.21770096,126.256752
33.21769333,126.2572098
33.21844482,126.2565918
33.21883392,126.2567444
33.2192421,126.2567902
33.21967316,126.2563553
33.21972275,126.2560349
33.21979523,126.2556229
33.21984482,126.2553482
33.21921921,126.2551193
33.2187767,126.2549744
33.21886826,126.2546005
33.21741104,126.2563477
33.21831512,126.2543335
33.22140884,126.2520676
33.22148132,126.2525253
33.22152328,126.2531891
33.22151566,126.2539978
33.22111511,126.2530289
33.22128677,126.2533112
33.22224808,126.2548065
33.22257996,126.2553406
33.22118759,126.2556839
33.22128677,126.2560883
33.22133636,126.2564774
33.22121811,126.2568283
33.2208786,126.2568512
33.2199707,126.2568817
33.21993256,126.2561417
33.22041321,126.2555237
33.22134781,126.255806
33.22113419,126.2554398
33.22112274,126.2551804
33.22150803,126.2550049
33.22106934,126.2547913
33.22101212,126.2543945
33.22077179,126.2539749
33.21664047,126.2512665
33.21712112,126.2512283
33.21745682,126.2512741
33.21743774,126.2507401
33.21748352,126.2503128
33.21791458,126.2511063
33.21807861,126.2511597
33.21189499,126.2554245
33.2171402,126.2544403
33.21635056,126.2534485
33.21661758,126.253273
33.21891022,126.254158
33.21912003,126.2534485
33.2192955,126.2529907
33.21970749,126.2530289
33.21997833,126.253067
33.22030258,126.2530136
33.22021866,126.252861
33.22013855,126.253273
33.22039032,126.2532654
33.22049713,126.2537537
33.22042847,126.2543259
33.22011566,126.2547913
33.21990967,126.2551575
33.22036362,126.2517319
33.22034836,126.2517548
33.22003555,126.2514801
33.21976852,126.2513428
33.21935272,126.2511673
33.21902084,126.2509842
33.21882248,126.2508926
33.21846008,126.2505341
33.21824265,126.2506638
33.2183342,126.2502975
33.21821213,126.2496948
33.21777725,126.2500992
33.21837997,126.2511215
33.21838379,126.2516632
33.21884537,126.2516098
33.21725464,126.250061
33.21679306,126.2505493
33.21815109,126.2526855
33.21907806,126.2526093
33.21982193,126.2526779
33.21892166,126.2530136
33.21814728,126.253006
33.22063065,126.2504883
33.22579193,126.2524338
33.22504425,126.2512741
33.27934265,126.2868423
33.22778702,126.2453613
33.22852707,126.2450485
33.23943942,126.2479893
33.24244308,126.2443466
33.24353027,126.2447739
33.26391602,126.2683868
33.26488876,126.2678452
33.22609354,126.2704565
33.22616968,126.2707563
33.22179794,126.2739105
33.22190094,126.2751923
33.21301651,126.2671967
33.21596146,126.2637253
33.27424622,126.1880112
33.2735405,126.1866913
33.27327728,126.1862869
33.27324677,126.1853714
33.27313232,126.1845779
33.27231979,126.1832275
33.27178192,126.1822281
33.27116394,126.1819382
33.27055359,126.1811447
33.26967621,126.1798782
33.26870728,126.1793289
33.27968216,126.1699066
33.2722702,126.1749039
33.27255249,126.1747971
33.27282715,126.1746445
33.27321625,126.1749573
33.27998734,126.1697083
33.28031921,126.169548
33.28087234,126.1695557
33.28292465,126.1700821
33.26548386,126.2677383
33.25310135,126.2305527
33.25361252,126.2303467
33.23928452,126.2419357
33.22024536,126.2550812
33.22534943,126.2509995
33.22431183,126.2538071
33.27010727,126.180542
33.26171088,126.2687762
33.26745698,126.2559591
33.2623167,126.2614438
33.26246604,126.2619201
33.26251601,126.2619841
33.2691404,126.2450617
33.26909043,126.2449977
33.26825154,126.2667763
33.26816276,126.2666268
33.26623666,126.258073
33.26666834,126.2578896
33.26212581,126.254762
33.26205644,126.2518435
33.26162706,126.2516567
33.25889928,126.2545909
33.25898168,126.2544239
33.25305563,126.2807945
33.23700494,126.2318302
33.24023744,126.2318663
33.24017977,126.2327493
33.24342665,126.235854
33.24437771,126.224904
33.29049376,126.7532218
33.2906951,126.7535889
33.29086136,126.7538837
33.29101406,126.7541597
33.29120978,126.7545349
33.29138285,126.7548552
33.29156043,126.7551781
33.29170294,126.7554327
33.29189065,126.7557489
33.27813721,126.7184067
33.27801895,126.7180481
33.27789307,126.7176285
33.27773285,126.7170868
33.27749252,126.7162781
33.27741623,126.716011
33.2772789,126.7155457
33.27746201,126.7154465
33.27760696,126.7153854
33.277565,126.7135315
33.27731705,126.713829
33.27695084,126.7141724
33.2770462,126.7144165
33.27701187,126.714859
33.27708435,126.7151184
33.27599335,126.712677
33.27575684,126.7124634
33.27548599,126.7123489
33.27532959,126.7121277
33.27524567,126.7118988
33.2751503,126.7116318
33.2750473,126.711319
33.27493668,126.7110214
33.27487183,126.7107468
33.27480316,126.710434
33.27474976,126.7101288
33.27474594,126.7097549
33.27478409,126.709404
33.27640915,126.708931
33.27630234,126.7085342
33.27619553,126.7081299
33.27607727,126.7077179
33.2759552,126.7073288
33.27583694,126.7069168
33.27571106,126.7065125
33.27567673,126.7061539
33.27552795,126.7057648
33.27544022,126.7053452
33.27536774,126.7049255
33.27531052,126.7045517
33.27526855,126.7040863
33.27523804,126.7037125
33.27649307,126.7091522
33.2774353,126.7091446
33.27900696,126.7091446
33.27997589,126.7090225
33.28134155,126.7086563
33.28102493,126.7087021
33.28053284,126.7087936
33.27955246,126.7089767
33.27840805,126.7090302
33.27782059,126.7090073
33.27697372,126.7090073
33.27984238,126.7212906
33.28007507,126.7212219
33.2803421,126.7211456
33.28061295,126.721077
33.28096771,126.7209702
33.28132248,126.720871
33.28165817,126.720787
33.28187943,126.7207413
33.2822113,126.7206497
33.28249359,126.7205887
33.28280258,126.7205811
33.28306198,126.7204056
33.28273773,126.7204056
33.282341,126.7204361
33.28166199,126.7206039
33.28136444,126.7206726
33.28110504,126.7207565
33.2807312,126.7208557
33.28034592,126.7209702
33.28001022,126.7210617
33.28240585,126.7229919
33.28284073,126.7228699
33.28321457,126.7227478
33.28364944,126.7226105
33.2837944,126.7224426
33.28343582,126.7225494
33.28304291,126.7226868
33.28259659,126.7228165
33.28216934,126.7229309
33.28194046,126.7225266
33.28200531,126.7228394
33.28173828,126.7230682
33.28129959,126.7232056
33.2808342,126.7232056
33.28077316,126.7229538
33.28068542,126.7226105
33.28060913,126.7223511
33.28052902,126.7220459
33.2804451,126.7217407
33.28037643,126.7214966
33.2807579,126.7233658
33.28054428,126.7235489
33.28106308,126.7233963
33.2815361,126.723259
33.28199387,126.7231064
33.27314758,126.7037964
33.27339554,126.7035065
33.27332687,126.70298
33.27320099,126.702652
33.27298355,126.7026825
33.27293015,126.7030487
33.27449036,126.7092133
33.27453995,126.7089005
33.27424622,126.7081757
33.27429962,126.7076263
33.27415466,126.7065887
33.27415848,126.7059402
33.27388763,126.7053375
33.27365112,126.7051926
33.27347565,126.7046356
33.27319336,126.7041473
33.27310562,126.7039413
33.27297974,126.7037582
33.27280426,126.7031631
33.27269745,126.7022705
33.27248383,126.7021332
33.27241135,126.7017899
33.2723732,126.7015076
33.27216339,126.7011414
33.27204132,126.7008896
33.27299118,126.7035522
33.28006363,126.7170105
33.27964401,126.7171478
33.2792778,126.7172775
33.28257751,126.7143784
33.2824173,126.7143936
33.28360367,126.7200546
33.28355026,126.719841
33.28344727,126.719368
33.28335953,126.7189941
33.28327179,126.7186127
33.28318405,126.7182236
33.28310776,126.7178802
33.28300476,126.7174301
33.28292465,126.7170715
33.28277588,126.7160873
33.28273773,126.7157364
33.28269577,126.715332
33.28264999,126.7150116
33.28261185,126.7146683
33.28255844,126.7141037
33.28252411,126.7136612
33.28248978,126.713295
33.28246307,126.7129898
33.28243637,126.7126617
33.28240204,126.7123032
33.28237534,126.7119446
33.28233337,126.7115402
33.28230667,126.7111816
33.28226471,126.7107925
33.28224564,126.7104645
33.28221512,126.7101669
33.2821846,126.7097778
33.28216934,126.7094498
33.28194427,126.7094498
33.2820015,126.7098007
33.28203583,126.7101746
33.28208923,126.710495
33.28211975,126.7108917
33.2821579,126.7112122
33.28218842,126.7115707
33.28224945,126.7123108
33.28231812,126.7130051
33.28233337,126.7133026
33.28236389,126.7136688
33.28236008,126.714035
33.28246689,126.7147598
33.28248596,126.7150421
33.28250122,126.7153702
33.28251266,126.7157745
33.28254318,126.7161102
33.2827034,126.7171326
33.28277206,126.7174835
33.28289413,126.7179794
33.28295517,126.7183228
33.28303909,126.7186737
33.28311539,126.7190323
33.28322601,126.7194595
33.28333664,126.7199249
33.28336334,126.7200928
33.28179932,126.7075424
33.28183365,126.707901
33.28184128,126.7081757
33.28181839,126.7084656
33.28170776,126.7086945
33.28191376,126.7086792
33.28192902,126.7089615
33.28213882,126.7090988
33.28211975,126.7088852
33.28209686,126.7086105
33.28223801,126.7081604
33.28206635,126.7080994
33.28206253,126.7078781
33.29214096,126.7611542
33.29157639,126.7605515
33.29150772,126.7597427
33.29141617,126.7601471
33.29175949,126.7609177
33.29196548,126.7616348
33.28619003,126.7421646
33.2858696,126.742485
33.28660965,126.7420425
33.28601456,126.7442169
33.28650665,126.7439346
33.28697586,126.74366
33.28742981,126.7434006
33.28917694,126.7444229
33.28917313,126.7442627
33.28922272,126.7440262
33.28912354,126.7439651
33.28892899,126.7441177
33.28886414,126.7444382
33.28896332,126.7445679
33.28699112,126.7340698
33.28686142,126.7338257
33.28659058,126.7337418
33.2867012,126.7340164
33.28679664,126.7344171
33.28690119,126.7348247
33.28700799,126.735227
33.28720086,126.7358249
33.28732594,126.7363452
33.28703092,126.734352
33.28714913,126.7348186
33.28722431,126.7351915
33.28735861,126.7358057
33.28749504,126.7363662
33.27922821,126.730835
33.27918625,126.7312317
33.27939987,126.7314529
33.27960968,126.7316132
33.28550339,126.7315445
33.28508759,126.7316895
33.28453064,126.7318878
33.28349686,126.7323151
33.28324509,126.7324829
33.2838974,126.732254
33.28432465,126.7320633
33.28478622,126.7318954
33.28529739,126.7317123
33.28575134,126.7315521
33.29141998,126.7588654
33.29122543,126.7586746
33.29112625,126.7587967
33.29127121,126.7589798
33.2820549,126.7463608
33.28209686,126.7461624
33.28212738,126.7458954
33.28240585,126.7460098
33.28237915,126.7462692
33.28239059,126.7465286
33.28583908,126.7497253
33.28618622,126.750267
33.28643036,126.7506332
33.2868576,126.7502289
33.32182693,126.6443329
33.3218689,126.6446152
33.32180786,126.6449127
33.32128143,126.6451645
33.32156372,126.6452026
33.32186508,126.6452866
33.32234573,126.646286
33.32229614,126.6459885
33.322258,126.6457138
33.32222748,126.6454391
33.32290268,126.645256
33.32268524,126.6451721
33.3224411,126.645134
33.32221222,126.6450424
33.31928253,126.6387177
33.31903839,126.638588
33.31895828,126.6386566
33.31899643,126.6389465
33.31913757,126.6391754
33.31933594,126.6393051
33.31944275,126.6392365
33.31940842,126.6389389
33.28784561,126.6553192
33.28806305,126.6553192
33.28834152,126.6554108
33.28863525,126.6559677
33.28856277,126.6557007
33.28856659,126.6554108
33.28904724,126.6551743
33.28884506,126.6551819
33.28863525,126.6551895
33.28845215,126.654068
33.28845215,126.6543121
33.2884407,126.6545792
33.28840637,126.6548538
33.28833389,126.6551208
33.27674866,126.6560745
33.2767868,126.6563568
33.27666092,126.6566467
33.27687073,126.6567688
33.27690125,126.6570816
33.27715302,126.6572342
33.27709198,126.6568756
33.27720642,126.656601
33.27701187,126.6564636
33.27699661,126.6561661
33.2781601,126.6624222
33.27864838,126.6623611
33.27910995,126.6623306
33.27951813,126.6623535
33.28001022,126.6624298
33.28040314,126.6625748
33.28081894,126.6624222
33.27809906,126.6657791
33.2780571,126.6655502
33.27784348,126.6657181
33.27785873,126.6658859
33.27864838,126.6679764
33.27923203,126.6682892
33.2797966,126.6685562
33.28036118,126.6688004
33.28092575,126.6690903
33.28141022,126.6693573
33.28198624,126.6697083
33.28244781,126.6700516
33.28265762,126.6700668
33.28224945,126.6697845
33.28173447,126.6693954
33.28117371,126.6690979
33.28068542,126.6688385
33.28013229,126.6685486
33.27951431,126.6683044
33.278965,126.6680298
33.27841949,126.6677246
33.27775955,126.6736374
33.27809143,126.6737595
33.27841568,126.6739197
33.27850342,126.674324
33.27855301,126.6747665
33.27739716,126.6733551
33.27705383,126.6733017
33.27678299,126.6734314
33.276474,126.6735916
33.27616119,126.6737061
33.27585602,126.6738205
33.27553558,126.6738586
33.27737808,126.6729813
33.27711868,126.6729279
33.27685547,126.6728973
33.27654648,126.673027
33.2762413,126.6731796
33.27592087,126.6733322
33.27552414,126.6733856
33.27516174,126.6734161
33.27490997,126.6734009
33.27466583,126.6733627
33.27431488,126.6734467
33.27391815,126.6734009
33.27352905,126.6733017
33.27318192,126.6731873
33.27233124,126.6716309
33.27233887,126.6719894
33.27233505,126.6723099
33.2723999,126.6726761
33.27255249,126.6729355
33.27277374,126.6731186
33.2723465,126.6683121
33.27234268,126.6692123
33.27233887,126.6696625
33.2723465,126.6700897
33.2723465,126.6709061
33.2723465,126.6712952
33.27233505,126.6705399
33.27243423,126.6659851
33.27243042,126.6654053
33.27243805,126.6648712
33.27244186,126.6642685
33.27244568,126.6637497
33.27264023,126.663269
33.27293777,126.6631012
33.27335739,126.6630478
33.27368927,126.6630096
33.27394485,126.6629944
33.27447128,126.6629257
33.27494812,126.6628647
33.27542496,126.6628036
33.27586746,126.6627502
33.27717209,126.6623764
33.27675247,126.6624298
33.27627945,126.6624908
33.2758522,126.6625443
33.27540588,126.6626053
33.27494049,126.6626587
33.27446365,126.6627197
33.27414703,126.6627579
33.27627563,126.6627808
33.27630615,126.6630936
33.27641678,126.6641998
33.27645111,126.6645813
33.2765007,126.6649551
33.27656174,126.6656952
33.27659607,126.6660767
33.27663422,126.6664429
33.27664566,126.6667633
33.27548599,126.6664047
33.27605438,126.6665421
33.2766037,126.6669235
33.27708435,126.6671906
33.27758026,126.66745
33.2777977,126.6674423
33.27736282,126.6671906
33.2768898,126.6669464
33.27641678,126.6666489
33.27588272,126.6662979
33.27239227,126.6624527
33.27244949,126.662529
33.27255249,126.6626434
33.27259445,126.6627121
33.27248764,126.6628647
33.27225876,126.6627655
33.27209473,126.662674
33.27186203,126.6624985
33.27227696,126.6623986
33.27243805,126.6616974
33.27216339,126.6617203
33.27182007,126.6617432
33.27161407,126.6617508
33.27137756,126.661911
33.27121735,126.6621704
33.27104187,126.6624222
33.27088547,126.6626663
33.27072906,126.6628876
33.27058029,126.6631165
33.27042007,126.6633835
33.2702446,126.6636429
33.27005005,126.6639252
33.2726326,126.6587143
33.27232361,126.6588364
33.27207565,126.6589203
33.27183151,126.6590347
33.27156448,126.6591415
33.27131271,126.6592407
33.27103806,126.6593475
33.27083206,126.6594315
33.27055359,126.6594238
33.27031326,126.6594391
33.27001953,126.6594238
33.26970673,126.6578979
33.26928329,126.657547
33.26912689,126.6570892
33.26922989,126.656517
33.26934814,126.6561279
33.26925659,126.6554108
33.2690773,126.654892
33.26882935,126.6545029
33.26903152,126.6540451
33.26918411,126.6536255
33.27350998,126.6547089
33.27330399,126.6547928
33.27305984,126.6548843
33.27257156,126.6550903
33.27225113,126.6552124
33.27209854,126.6552811
33.27185822,126.6553574
33.27162933,126.6553955
33.27132797,126.6555176
33.29434967,126.6209183
33.29426956,126.6205826
33.29418182,126.6202011
33.2940979,126.619873
33.29402924,126.6195831
33.29393768,126.6192169
33.29384613,126.6188431
33.29375839,126.6185074
33.29370499,126.6182175
33.2936058,126.6178894
33.29352951,126.6175385
33.29343796,126.6172028
33.29336166,126.6168747
33.29328537,126.6165466
33.29323578,126.6162033
33.2934761,126.616066
33.29377747,126.6159744
33.29266357,126.6162033
33.29292679,126.6162949
33.29302979,126.6166611
33.29311371,126.6169815
33.29319,126.6172943
33.29327011,126.6176376
33.29335785,126.6179581
33.29344559,126.618309
33.29350662,126.6185913
33.29359818,126.6189499
33.29367828,126.6193085
33.29376602,126.6196671
33.29382706,126.6199341
33.29391479,126.6203003
33.29401016,126.6206512
33.2940979,126.6210098
33.29364777,126.6156921
33.29335022,126.6156998
33.29309464,126.6156387
33.29298401,126.6153259
33.29290771,126.6149979
33.29282761,126.6146622
33.29272842,126.6143265
33.29264832,126.6140137
33.29256821,126.613678
33.29248428,126.6133423
33.29241562,126.6130295
33.29232407,126.6126862
33.29224014,126.6123581
33.29215622,126.6120224
33.29206467,126.6117096
33.29198456,126.6113815
33.29170609,126.6114807
33.2918129,126.6117783
33.29191589,126.6121063
33.29202652,126.612442
33.29211044,126.6127396
33.29219437,126.6130905
33.29226685,126.6134109
33.29235458,126.6137543
33.29242706,126.6140976
33.2925148,126.6144257
33.29257584,126.6147156
33.2926445,126.6150742
33.29272079,126.6154022
33.29273605,126.6157608
33.29256058,126.6158447
33.29198074,126.6092377
33.29171753,126.609436
33.29148483,126.6095734
33.29122543,126.6093369
33.29109192,126.6090012
33.29094315,126.6086578
33.29187393,126.6110001
33.29175568,126.6106644
33.29161453,126.6102982
33.29155731,126.6099396
33.29177475,126.6096725
33.29202652,126.6094589
33.29067993,126.6088181
33.29082489,126.6091537
33.29096222,126.6094742
33.29101563,126.6098404
33.29086685,126.6101532
33.29062271,126.6103897
33.29065323,126.6106415
33.29090118,126.610405
33.29115677,126.6102448
33.29135895,126.6104355
33.29148102,126.6107788
33.29160309,126.611145
33.28965759,126.6050034
33.28971481,126.6053848
33.28976822,126.6057358
33.28976059,126.6059799
33.28946304,126.6060562
33.28914261,126.6060486
33.28923035,126.6062851
33.28954697,126.6063232
33.2898407,126.6064072
33.28998947,126.60672
33.29008102,126.607048
33.29020691,126.6074829
33.2907753,126.6061783
33.29045868,126.6061554
33.29018402,126.6060181
33.29006195,126.6056595
33.29000092,126.6053162
33.28993988,126.6049347
33.29048157,126.6073608
33.29036331,126.6069489
33.2902832,126.6066132
33.29031754,126.6064606
33.29057312,126.6063843
33.29087067,126.6063919
33.28028107,126.6184082
33.28026581,126.618309
33.27987671,126.6199036
33.28001785,126.6197357
33.28009415,126.6195831
33.28016663,126.6193619
33.28018951,126.6191559
33.28021622,126.6189957
33.2802124,126.6189194
33.27083969,126.629921
33.27090836,126.6295242
33.27099609,126.6290894
33.2710495,126.6286545
33.27104568,126.6282501
33.27099609,126.6276932
33.2709465,126.6272888
33.27089691,126.6268234
33.27085876,126.6264496
33.27080917,126.6259995
33.2707634,126.6256104
33.27070999,126.6251678
33.27067184,126.6247711
33.27061844,126.6243515
33.27052689,126.6239395
33.2704277,126.6236267
33.27059937,126.6326904
33.27054214,126.6322708
33.27052689,126.6318436
33.2705574,126.631424
33.2706337,126.6310043
33.27070999,126.6305923
33.26423645,126.6287994
33.26454544,126.6287537
33.26486206,126.6287994
33.26522827,126.6288452
33.26557541,126.6289215
33.26588821,126.6290207
33.2663269,126.6292038
33.26665115,126.6293945
33.26680756,126.6295624
33.26704407,126.6298752
33.2673645,126.6300659
33.26767731,126.6302414
33.26803589,126.6304932
33.26834106,126.6305237
33.26867294,126.6304092
33.26905823,126.6303024
33.26944351,126.6303253
33.26979828,126.6303711
33.2701683,126.6304169
33.26369858,126.6350327
33.26329422,126.6357193
33.26288986,126.636467
33.26257324,126.637001
33.26234055,126.6373062
33.2620697,126.6377182
33.26155472,126.6380157
33.2611618,126.6381454
33.26087952,126.6383057
33.2604599,126.6385422
33.26005936,126.6387177
33.26894379,126.6279984
33.26893997,126.6274643
33.26890564,126.6270294
33.2687149,126.6265335
33.26847839,126.62603
33.26835251,126.6255951
33.26822281,126.6250229
33.26820755,126.6244659
33.26819992,126.6239319
33.30080414,126.6095505
33.30088043,126.6100235
33.30124283,126.6099396
33.30120087,126.6094589
33.29429245,126.6218033
33.29437637,126.6221848
33.2944603,126.6225433
33.29450607,126.622879
33.29428101,126.6231003
33.29398727,126.62323
33.29395676,126.6234055
33.29425049,126.6233521
33.29456329,126.6233139
33.29466248,126.6236496
33.2952919,126.6223068
33.29512024,126.622612
33.29485321,126.6227417
33.29472351,126.622467
33.2946434,126.6220932
33.29454803,126.6217194
33.29505539,126.6235199
33.29498291,126.6231461
33.29520798,126.6228256
33.29538727,126.6225586
33.32469177,126.6663437
33.32486343,126.6660919
33.32527542,126.6664352
33.32522583,126.6661224
33.32518387,126.6658478
33.32549286,126.6648941
33.32529449,126.6651764
33.32495499,126.6649017
33.32497406,126.6651688
33.32496643,126.6654663
33.32489014,126.6657562
33.33578491,126.6901627
33.33589554,126.6899796
33.33572006,126.689827
33.33559799,126.6899643
33.32439423,126.7327423
33.32417679,126.7324829
33.32365417,126.7324219
33.32387924,126.7326279
33.32391739,126.7333374
33.32404327,126.7330856
33.30055237,126.7197647
33.30024338,126.7200241
33.30002213,126.7201691
33.29965973,126.7203751
33.29938889,126.7205429
33.29894257,126.7207642
33.29859543,126.7209091
33.29831696,126.7210617
33.29790115,126.7214203
33.29817581,126.7213287
33.29841995,126.721199
33.29881287,126.7210083
33.29916382,126.7208328
33.29950333,126.7206497
33.29991913,126.7204056
33.30020523,126.7202301
33.30052567,126.7200165
33.30073929,126.7198792
33.30811691,126.7167053
33.30777359,126.7169571
33.30741882,126.7171097
33.30702972,126.7172318
33.30657578,126.717392
33.30621421,126.7174812
33.30572891,126.7176285
33.305233,126.7177887
33.30475235,126.7178726
33.3044281,126.7179031
33.30409622,126.7179413
33.30373383,126.7179871
33.30324936,126.7180481
33.30286407,126.7181244
33.30243301,126.7182388
33.30210876,126.7184143
33.30169678,126.7187119
33.30148315,126.7189331
33.30111694,126.719368
33.30121994,126.7195816
33.30157697,126.719198
33.30170059,126.718956
33.30194092,126.7187271
33.30226898,126.718483
33.30266953,126.7183456
33.30309296,126.7182465
33.30351257,126.7181702
33.30392456,126.718132
33.30431747,126.7180939
33.30485153,126.7180252
33.30553055,126.7178955
33.3060112,126.7177277
33.30647278,126.7175827
33.3068161,126.7174835
33.30725479,126.7173462
33.30766296,126.7172318
33.30781937,126.717392
33.30857086,126.7170258
33.30842228,126.7170768
33.30909729,126.7169342
33.30944824,126.7168579
33.30977631,126.7168121
33.31005859,126.7167587
33.31051254,126.7167053
33.31095886,126.7166977
33.3108902,126.7163544
33.31070709,126.7164307
33.31033707,126.7165527
33.3099823,126.7166061
33.30961227,126.7166748
33.30931854,126.7167206
33.30893707,126.7167435
33.30841827,126.7168045
33.30828094,126.7168808
33.31129074,126.7167282
33.31154633,126.716568
33.3118248,126.7164841
33.3121376,126.716423
33.31243515,126.7163696
33.31270981,126.7163162
33.31297684,126.7162628
33.31330872,126.7162094
33.31365585,126.7161636
33.31386948,126.7161713
33.31398773,126.7161331
33.31452179,126.7160645
33.31481934,126.7159653
33.31507492,126.7159195
33.31499481,126.7157669
33.31467056,126.7157669
33.31457901,126.7157974
33.31412888,126.7158737
33.31387329,126.7159576
33.31353378,126.7160034
33.31322479,126.7160568
33.31283951,126.7161255
33.31257248,126.7161713
33.31230164,126.7162094
33.31200027,126.7162628
33.31183243,126.7162247
33.31143188,126.7162933
33.31116486,126.7162552
33.31540298,126.7158585
33.31564713,126.7157898
33.31592178,126.7157364
33.31617355,126.7156677
33.3164444,126.7156067
33.31674194,126.7155151
33.31703949,126.7154465
33.31729507,126.7153778
33.31761932,126.7152863
33.31790543,126.7152252
33.31825638,126.7152023
33.31857681,126.7151031
33.31875229,126.7149963
33.31906891,126.7149277
33.31969833,126.7147827
33.31944275,126.7146301
33.31900787,126.7147064
33.31874084,126.7148056
33.31848526,126.7148132
33.31824112,126.714859
33.3178978,126.715004
33.31768417,126.7150421
33.31736755,126.7151031
33.31715775,126.7152176
33.31688309,126.7153091
33.31659698,126.7153778
33.31630707,126.7154617
33.31594467,126.715538
33.31559753,126.7156372
33.31529999,126.7157059
33.30073547,126.767601
33.30010986,126.7679062
33.29981995,126.7678528
33.2996254,126.7671127
33.29909134,126.766449
33.29866409,126.7659683
33.29880524,126.7662659
33.29933929,126.7668457
33.29963684,126.7675323
33.30012512,126.7682877
33.30042267,126.7677383
33.33811188,126.7445526
33.33789444,126.7445297
33.33771896,126.7446136
33.3374939,126.7446976
33.33720398,126.7447586
33.33777618,126.7448654
33.3380127,126.7451096
33.33803177,126.7447891
33.35734177,126.7362823
33.35764313,126.73629
33.35762024,126.7359161
33.35733032,126.7359314
33.30207712,126.773151
33.30252646,126.7735767
33.30312421,126.7738087
33.3036441,126.7739872
33.3041733,126.7743267
33.30466318,126.7747389
33.30514144,126.7749578
33.27950287,126.7279053
33.27954865,126.7275925
33.27959824,126.7272034
33.27965164,126.7268753
33.2796669,126.7262421
33.27961731,126.7258453
33.27952194,126.7252884
33.27928925,126.7238617
33.27793884,126.7220078
33.27781677,126.7217026
33.27780151,126.7212448
33.27788162,126.7208557
33.27792358,126.7206345
33.28078461,126.7387619
33.28058243,126.7383652
33.28035736,126.7381439
33.28024673,126.7370682
33.28141403,126.7357864
33.28164673,126.7353287
33.28181839,126.7347183
33.28185272,126.7342987
33.28194809,126.7338867
33.28201675,126.7335281
33.28197861,126.7331543
33.28147125,126.7323914
33.28089142,126.7320404
33.28036499,126.7317123
33.28018188,126.7315292
33.27968979,126.731041
33.27947235,126.7307358
33.27938843,126.7300873
33.27946091,126.7296524
33.27959442,126.7289886
33.27963638,126.7286606
33.28829748,126.7395683
33.28840216,126.7400431
33.28848899,126.7406037
33.28859826,126.7411214
33.28870076,126.741631
33.28880982,126.7420494
33.28894172,126.7426073
33.28903289,126.7430955
33.2891106,126.7436159
33.2892221,126.7452233
33.2891936,126.7456152
33.28918076,126.745948
33.28916847,126.7465546
33.2891492,126.7470512
33.28914813,126.7476363
33.28914006,126.7481007
33.28914074,126.7484388
33.28913347,126.7493031
33.2891864,126.7498397
33.28807446,126.7396334
33.28816782,126.7400813
33.28825653,126.7404649
33.28834981,126.7408806
33.28845669,126.7413285
33.28856583,126.7417817
33.28872284,126.7424952
33.28880293,126.7430747
33.28887388,126.7435925
33.28898739,126.7450817
33.28899746,126.7455943
33.2889892,126.7459674
33.28898387,126.7466679
33.28898242,126.7470624
33.28895228,126.7477603
33.28892408,126.7483026
33.28893425,126.7488769
33.292545,126.7566663
33.29280042,126.7570253
33.29303324,126.7573601
33.2933113,126.7577727
33.29354635,126.7580968
33.2928021,126.7567327
33.29306424,126.7570755
33.29348236,126.7576461
33.29374,126.7579916
33.29398866,126.7583586
33.27438991,126.6504813
33.2741581,126.6502112
33.27392404,126.6499397
33.27367534,126.6496724
33.27341419,126.649385
33.27315984,126.6491163
33.27292699,126.648873
33.27265911,126.6486004
33.27244322,126.6483785
33.27216632,126.6481059
33.27189842,126.6478266
33.2717074,126.6476328
33.27145311,126.647383
33.27694862,126.6558556
33.27688126,126.6555405
33.2768037,126.6552094
33.27671929,126.6548475
33.27661678,126.6544574
33.27652784,126.6540861
33.27644341,126.6537161
33.27633644,126.6533489
33.27621149,126.6529979
33.27605492,126.6526268
33.27585788,126.6522921
33.27518819,126.6514066
33.27495527,126.6511392
33.27476873,126.6509319
33.27766349,126.661723
33.27761269,126.6612778
33.27757218,126.6608861
33.27751263,126.6605429
33.27745693,126.6599554
33.27743341,126.6595972
33.27739746,126.6592297
33.27738858,126.6588661
33.27729839,126.6584465
33.27725,126.6580616
33.27720609,126.6576686
33.27820509,126.6669606
33.27815545,126.6665221
33.27810129,126.6660781
33.27799079,126.6652238
33.27795718,126.6648805
33.27791443,126.6644902
33.27786931,126.6640596
33.27783905,126.6637055
33.2777986,126.663334
33.27776494,126.6629745
33.27861163,126.6719277
33.27857787,126.67152
33.27853848,126.6711162
33.27849668,126.6706521
33.2784573,126.6702497
33.27841208,126.6697749
33.2783726,126.6693376
33.27836935,126.6689633
33.27836291,126.6686628
33.27833496,126.6683234
33.27830377,126.6680391
33.26340962,126.6254754
33.26341325,126.6259342
33.26339874,126.6263556
33.26339104,126.6267929
33.26337877,126.6272116
33.26337586,126.6277455
33.26333854,126.6280784
33.26334417,126.628454
33.26335444,126.6288752
33.26341568,126.6297577
33.2634689,126.6302216
33.26350614,126.6306159
33.26356589,126.6309993
33.26363695,126.6313988
33.26368315,126.6317769
33.26378841,126.6323078
33.26384367,126.6327019
33.26390148,126.6331954
33.26394079,126.6335333
33.26408654,126.6351895
33.2641353,126.6356723
33.26417028,126.6360719
33.26420079,126.636485
33.26423083,126.6367371
33.26429302,126.637193
33.26436848,126.6375603
33.26471226,126.6387341
33.26485084,126.6391064
33.26503005,126.6395001
33.26520018,126.6398697
33.26537935,126.64025
33.26578927,126.6409178
33.26600897,126.6412818
33.26618576,126.6416218
33.2663829,126.6419779
33.26655061,126.6422965
33.26677258,126.6426659
33.26699895,126.643003
33.26722747,126.6433
33.26748537,126.6436289
33.2677387,126.6439338
33.26798296,126.6442199
33.26824757,126.6445274
33.26852119,126.6448322
33.26879931,126.6451397
33.26903896,126.6453882
33.26931702,126.6456715
33.26959504,126.6459441
33.26992048,126.6462433
33.2701849,126.6464865
33.27053973,126.6468151
33.27074553,126.6470557
33.27102133,126.6473391
33.2712948,126.6475956
33.27124523,126.6472053
33.27111628,126.6470395
33.2707729,126.6467725
33.27046434,126.6464639
33.27019088,126.64621
33.2698824,126.6459295
33.26959659,126.6456946
33.26930056,126.6454355
33.26903378,126.6451535
33.2687342,126.644834
33.26841534,126.6444704
33.26825475,126.6442779
33.26809418,126.644092
33.26782815,126.6436839
33.26750475,126.6433096
33.26733729,126.6430822
33.26708829,126.6427156
33.26687987,126.6423515
33.26665573,126.642009
33.26639975,126.6415673
33.26624566,126.6412862
33.266053,126.6409194
33.26582193,126.6405205
33.26552862,126.6400334
33.26538701,126.6397817
33.26520586,126.6394981
33.26508111,126.6392303
33.2649427,126.6389142
33.26479838,126.6385083
33.26453207,126.6376186
33.26445431,126.6372352
33.26438309,126.636774
33.26434126,126.6363449
33.264304,126.6359372
33.26430064,126.6355589
33.26425842,126.6349983
33.2641604,126.6338597
33.26409845,126.6334897
33.26404756,126.6330499
33.26399218,126.6326155
33.26392783,126.6321972
33.26387031,126.6318003
33.26384877,126.6313791
33.26378915,126.6310359
33.26374546,126.6307464
33.26367567,126.6300168
33.26363383,126.6295931
33.26360113,126.6288299
33.26356149,126.6283873
33.26352187,126.6279528
33.26354999,126.6275583
33.26353287,126.6271103
33.26353636,126.6267722
33.26354431,126.6264153
33.26360865,126.6260743
33.26360752,126.6256986
33.31626028,126.6332514
33.31609172,126.6334186
33.31574576,126.6334308
33.31616657,126.6335767
33.31631555,126.6336472
33.31638668,126.6336899
33.31651858,126.6340853
33.31648781,126.6335888
33.31648959,126.6334263
33.31637039,126.6331369
33.31630641,126.6328418
33.27978884,126.6861197
33.27981671,126.6864443
33.27985837,126.6868762
33.27990228,126.6873054
33.27993717,126.6877347
33.27998802,126.688239
33.28002284,126.6886388
33.28006222,126.6890627
33.28009936,126.6894946
33.28013458,126.6900607
33.28015085,126.6902566
33.28019018,126.6906616
33.28024528,126.6910667
33.28029367,126.6914878
33.28033538,126.6919466
33.2803863,126.6924831
33.28041857,126.6927729
33.28045566,126.6931887
33.28049504,126.6936179
33.28053893,126.6940499
33.28058055,126.6944737
33.28061541,126.694903
33.28064549,126.6952196
33.28085961,126.6952108
33.28082273,126.6948808
33.28079017,126.694473
33.28074623,126.6940196
33.28070473,126.6936414
33.28066081,126.6932014
33.28063052,126.692799
33.28059351,126.692418
33.28054044,126.6919244
33.28050347,126.6915596
33.28045493,126.6910713
33.28039754,126.6906555
33.28035818,126.690237
33.28032559,126.6898239
33.2803069,126.6895609
33.2802673,126.6890485
33.28022794,126.6886327
33.28018631,126.6882115
33.28015597,126.6877956
33.28010752,126.6873557
33.28007489,126.6869291
33.28003561,126.6865455
33.28000546,126.6862102
33.28070322,126.6957802
33.28074721,126.6962578
33.28081426,126.6969446
33.28083495,126.6971109
33.2808652,126.6975026
33.28091127,126.6979077
33.2809619,126.6983342
33.2809942,126.69864
33.28103111,126.6989888
33.28106367,126.6994046
33.28111656,126.6998365
33.28113791,126.7002766
33.28119777,126.7007997
33.281262,126.701261
33.2812853,126.7015776
33.28132009,126.7019881
33.28135947,126.7024281
33.28141717,126.7029942
33.28143818,126.7032947
33.28147746,126.7036971
33.2815123,126.704129
33.28154035,126.7045503
33.28158426,126.7050064
33.28161667,126.7053659
33.28165373,126.7057871
33.28169074,126.7061868
33.28175717,126.7066348
33.28177631,126.7071043
33.28203673,126.7076161
33.28201328,126.7072297
33.281985,126.7067092
33.28192764,126.7062826
33.28187476,126.7058427
33.28183998,126.7054349
33.28178689,126.7049064
33.28175426,126.7044556
33.28171743,126.7041337
33.28168915,126.7036185
33.28166573,126.703251
33.28162207,126.7029022
33.28158497,126.7024703
33.28153661,126.7020411
33.28149727,126.7016172
33.28145765,126.7010752
33.28140938,126.7006835
33.28136094,126.7002275
33.28131481,126.6997929
33.28127774,126.699377
33.28122935,126.6989398
33.28119926,126.6986152
33.2811647,126.6983067
33.28112536,126.6978855
33.28108154,126.6974804
33.28102854,126.6970055
33.28099148,126.6965978
33.28095669,126.6961953
33.28090602,126.6957554
33.2784676,126.6720142
33.27851506,126.6724876
33.27855913,126.6729625
33.27860181,126.673334
33.27863185,126.673613
33.2786756,126.673967
33.27870584,126.6743238
33.27873153,126.6746646
33.27877803,126.6752091
33.27881496,126.6755391
33.27885223,126.6760005
33.27889597,126.6763519
33.27897029,126.6771916
33.27899608,126.677578
33.27904903,126.6780045
33.27906354,126.6783828
33.27910299,126.6788228
33.27914026,126.6792869
33.27917866,126.679755
33.2792408,126.680254
33.27928679,126.680608
33.27931237,126.6809125
33.27935402,126.6813337
33.27940033,126.6818125
33.27945028,126.6823934
33.27949565,126.6829501
33.2795199,126.6831767
33.27954199,126.6834437
33.27959741,126.6839614
33.27964144,126.6844363
33.27967618,126.6847998
33.27969278,126.6851271
33.27974017,126.6855939
33.27990693,126.6855745
33.27987198,126.6851251
33.27981807,126.684755
33.27978554,126.68437
33.27974494,126.6839179
33.27970439,126.6834847
33.27966392,126.6830809
33.27961873,126.6825981
33.27957927,126.6821527
33.27953769,126.6817584
33.27949944,126.6813466
33.27945767,126.6808771
33.27942497,126.6804344
33.27940144,126.6800508
33.27937574,126.6796993
33.27933869,126.6793157
33.27929459,126.6788247
33.27922094,126.6782346
33.27916684,126.6777987
33.27913433,126.6774312
33.2791019,126.6770945
33.27905912,126.6766801
33.27902528,126.6762347
33.27898585,126.6758082
33.27895668,126.6754272
33.27887597,126.6747351
33.27885708,126.6744078
33.27881335,126.6740618
33.27878079,126.6736808
33.27872424,126.6731738
33.27871022,126.6729874
33.27867662,126.67264
33.36915978,126.6837642
33.36887926,126.6838095
33.36856502,126.6838859
33.3682374,126.6840214
33.36799322,126.6841727
33.36770748,126.6843779
33.36241186,126.6907525
33.36209248,126.6910303
33.36177975,126.6912678
33.36141067,126.6915028
33.36108219,126.6917457
33.36084373,126.6919345
33.36055328,126.6920645
33.36028101,126.6922548
33.35998847,126.6924519
33.35962613,126.6926788
33.35250856,126.6971019
33.35200223,126.6974421
33.35157239,126.6977229
33.35118753,126.6979606
33.35091076,126.6981576
33.35056649,126.6984059
33.35030323,126.6985975
33.34998141,126.6988081
33.34967776,126.6990723
33.34935379,126.6993259
33.30094027,126.7672352
33.30068501,126.7669432
33.30045011,126.7666862
33.30029195,126.7664907
33.30009546,126.7662831
33.29986285,126.7660476
33.29962568,126.7657878
33.29940771,126.7655468
33.29910614,126.7652014
33.29882373,126.7648612
33.29861139,126.7646162
33.29809298,126.7640405
33.2978129,126.7637339
33.29752034,126.7633898
33.29731634,126.7633876
33.29755133,126.7636863
33.29776145,126.7639461
33.29791285,126.7641416
33.29847877,126.7648125
33.29874192,126.7651057
33.2989689,126.76534
33.29921964,126.7656238
33.29941051,126.765838
33.29967819,126.7661433
33.29984196,126.7663295
33.30010851,126.7666321
33.3003503,126.7669522
33.30063719,126.767287
33.30456894,126.7718843
33.30438253,126.7716432
33.30413626,126.7713284
33.30397806,126.7711047
33.30379503,126.7708568
33.30360969,126.7705835
33.30338714,126.7703022
33.30313409,126.7699808
33.30287317,126.7696728
33.30261899,126.76935
33.3023592,126.7690406
33.30214792,126.7687607
33.30189932,126.768411
33.3017287,126.7681726
33.30155812,126.767961
33.3012723,126.767598
33.30136008,126.7681346
33.30161876,126.768448
33.30187181,126.7687654
33.30203106,126.7689489
33.30221513,126.7691457
33.30244106,126.7694243
33.30267492,126.7697297
33.30288509,126.770019
33.30310093,126.7703325
33.30327266,126.7705602
33.30350424,126.7708536
33.30373353,126.7711254
33.30392215,126.7713424
33.30413452,126.7716076
33.30435255,126.7718875
33.30685399,126.7752755
33.30662889,126.7748237
33.30652572,126.7744898
33.30631672,126.7742165
33.30607712,126.7738467
33.30587389,126.7736459
33.30572699,126.7734342
33.30549307,126.7730925
33.30525469,126.7727791
33.30503664,126.772487
33.3048073,126.772191
33.30458639,126.7721808
33.30482928,126.772497
33.30505644,126.7728413
33.30526772,126.7731267
33.30549598,126.7734522
33.30567903,126.7737148
33.30591057,126.7739867
33.30613659,126.7743244
33.30629936,126.774583
33.30648702,126.774902
33.30660463,126.7751178
33.30678564,126.7754985
33.29235567,126.7560951
33.29217931,126.7558178
33.29199728,126.7555258
33.29181861,126.7552217
33.2916467,126.7549202
33.29144649,126.7545517
33.29126887,126.7542113
33.29108788,126.7538737
33.2909046,126.7535226
33.29070215,126.7531648
33.29051547,126.7528044
33.29031749,126.7524265
33.29020547,126.752204
33.29005391,126.7519334
33.28976768,126.7513907
33.28959004,126.7510409
33.2894145,126.7506187
33.28918337,126.7505738
33.28933741,126.7509558
33.28953665,126.7513954
33.2897063,126.7516955
33.28985343,126.7520037
33.29002538,126.752324
33.29018038,126.7526201
33.29035908,126.7529363
33.32151304,126.7447776
33.32157474,126.7451882
33.32147412,126.7455832
33.32132583,126.7458172
33.32112096,126.7459413
33.32081235,126.7460362
33.32056469,126.7461792
33.32037139,126.7464483
33.32026372,126.7467063
33.32014256,126.7469778
33.31986126,126.7472042
33.31955044,126.7473232
33.31930769,126.7476649
33.31950225,126.7480134
33.31979575,126.7482461
33.32003057,126.7484387
33.3202428,126.7486126
33.32045517,126.7488537
33.31998124,126.7474589
33.31995034,126.7477812
33.32004591,126.7482266
33.28840325,126.6248829
33.28861106,126.625027
33.28540902,126.7265149
33.28041705,126.7238253
33.30490112,126.7006149
33.30552292,126.7052002
33.30514908,126.7042999
33.30463409,126.7046967
33.3037529,126.7048798
33.30327606,126.7044601
33.30243683,126.7044907
33.30281448,126.7033768
33.30198669,126.7042694
33.30143356,126.7042694
33.30120087,126.7041702
33.30326843,126.7052612
33.30396207,126.7068819
33.30325317,126.7056427
33.30235291,126.7062836
33.3018837,126.7062607
33.30155563,126.7065353
33.30189514,126.7101974
33.29974365,126.7098007
33.29865265,126.7096024
33.30049896,126.7070999
33.30098724,126.7072296
33.2979393,126.7097092
33.29682922,126.7097702
33.29437256,126.7104721
33.2937088,126.7103348
33.29331589,126.7103043
33.29291153,126.7103729
33.29280853,126.7106323
33.29306412,126.7114868
33.29304123,126.7118912
33.2927742,126.7125854
33.29425049,126.7107468
33.29420471,126.7110672
33.29422379,126.7113419
33.29439926,126.7116547
33.29455566,126.7116394
33.29440689,126.7106323
33.29456711,126.7106552
33.29484177,126.7106857
33.29576874,126.710495
33.29605103,126.7103806
33.29618073,126.7117386
33.28585434,126.7173004
33.28564072,126.7174683
33.28503799,126.7179413
33.28541565,126.7184906
33.28449249,126.7181473
33.28425217,126.7177048
33.28368759,126.7180862
33.28578186,126.7206573
33.28372574,126.7206345
33.28390884,126.7207108
33.28456497,126.7208176
33.28516769,126.7209549
33.28557587,126.7210159
33.28495026,126.7235565
33.28405258,126.7216709
33.28384781,126.7208252
33.28287125,126.7167435
33.28346634,126.7167358
33.28426361,126.7153778
33.28450394,126.7154846
33.28520203,126.7154007
33.28528214,126.7149811
33.28523254,126.7156448
33.28525925,126.7160492
33.28519058,126.7164764
33.28503799,126.7168045
33.2848587,126.7171402
33.2843399,126.7173615
33.28601074,126.7154617
33.28786087,126.7137299
33.28812027,126.7137299
33.28757477,126.713356
33.28929901,126.7128143
33.29156876,126.7107162
33.29351807,126.7097626
33.29394531,126.7093277
33.29463196,126.7086792
33.29499435,126.7081985
33.2954216,126.7078323
33.2958374,126.7083435
33.2963295,126.7084198
33.29676819,126.7086105
33.29718399,126.7084885
33.29773712,126.7084427
33.29602432,126.7073669
33.29661942,126.7070313
33.29821014,126.7064743
33.29845047,126.7070541
33.29973602,126.7055511
33.30012131,126.7054443
33.30020905,126.7061844
33.30026627,126.7068939
33.3008728,126.7045441
33.30272675,126.7020645
33.30306625,126.7015152
33.30435944,126.7008514
33.29572296,126.6902008
33.29993057,126.6958466
33.30144501,126.7032166
33.30111694,126.7038116
33.29886246,126.7056427
33.2924614,126.7094345
33.29270554,126.7101517
33.29187393,126.7093506
33.29167557,126.7080154
33.29140091,126.707016
33.29130554,126.7066269
33.29177094,126.7089233
33.291008,126.7097092
33.29207611,126.7102661
33.29090881,126.7108459
33.29075623,126.7105484
33.29034042,126.7099609
33.29036713,126.7092056
33.2903595,126.7086182
33.289505,126.7097321
33.28900909,126.7096252
33.28841019,126.7095184
33.28779984,126.7088776
33.28924179,126.7092896
33.28927994,126.7085724
33.28811646,126.7075653
33.28948593,126.7072754
33.28985596,126.7076263
33.29056168,126.7111206
33.2898407,126.7116852
33.28958511,126.711853
33.28886795,126.712326
33.28688049,126.7136307
33.28609848,126.7140808
33.28526306,126.714592
33.28519821,126.7140579
33.28501511,126.7135696
33.28490829,126.7132187
33.28450394,126.7124329
33.2840004,126.7121124
33.28386307,126.7117004
33.28319168,126.7112885
33.28487396,126.7148361
33.28446579,126.7147293
33.28356934,126.7143631
33.28308868,126.7143555
33.28456879,126.7150269
33.28379822,126.7156296
33.28356934,126.7158432
33.28312683,126.7162552
33.28279877,126.7164459
33.28263855,126.7146072
33.28262711,126.7142029
33.28258133,126.7137451
33.28254318,126.7129517
33.28247833,126.712616
33.2824173,126.7119904
33.28240967,126.7116089
33.2823143,126.7107162
33.28955841,126.70681
33.29030609,126.7067108
33.29093552,126.7067108
33.28662491,126.7080841
33.28591156,126.7084198
33.28304672,126.7095871
33.28222656,126.7097778
33.28266907,126.7168198
33.28273392,126.7175674
33.28296661,126.7185669
33.28329468,126.7206421
33.28346634,126.720871
33.28358841,126.7213745
33.28401947,126.7231445
33.28409576,126.723671
33.28089905,126.7248535
33.28121948,126.7239151
33.28137589,126.7244186
33.2837677,126.7230377
33.28283691,126.7218933
33.28257751,126.7215652
33.28272247,126.720932
33.28232193,126.7212982
33.28200912,126.7210999
33.28211975,126.7223892
33.28152466,126.7209091
33.28162766,126.7212677
33.28174973,126.7218246
33.28185272,126.7222672
33.29009628,126.6918716
33.28812027,126.6993103
33.28771591,126.7006912
33.28717422,126.7005005
33.29750061,126.6987915
33.29483032,126.7051544
33.29582596,126.7062836
33.29288101,126.7064438
33.29167557,126.7062225
33.29119492,126.7059021
33.29071426,126.7047806
33.29007339,126.7044449
33.28890228,126.7047958
33.28805161,126.7041626
33.2868042,126.7035751
33.28609085,126.7030716
33.28622818,126.7025833
33.28673935,126.701973
33.28745651,126.7013245
33.28490829,126.7022552
33.28523636,126.7020798
33.28601837,126.7016449
33.2852211,126.7015762
33.2849884,126.7012711
33.28433228,126.7005768
33.28435135,126.699707
33.28472519,126.6996536
33.28466415,126.6983414
33.28643036,126.7001877
33.28386688,126.7026215
33.28313065,126.7031784
33.28165436,126.7032242
33.28158569,126.702446
33.28155899,126.7019348
33.28149796,126.7012863
33.28164673,126.7008057
33.28175354,126.7008133
33.28276062,126.7003098
33.28134918,126.6997452
33.28129196,126.6991653
33.2812233,126.6987228
33.28116608,126.6981735
33.28111267,126.6975708
33.28106308,126.6968231
33.28096008,126.6959534
33.28090668,126.6954803
33.28242111,126.6950836
33.2824173,126.6978989
33.28220749,126.6983719
33.28256226,126.6993866
33.28291321,126.6999969
33.28302765,126.7034912
33.28298569,126.7044754
33.28290176,126.7054062
33.28276825,126.7069016
33.28243637,126.7077255
33.2820549,126.7071762
33.28186798,126.7055054
33.28180313,126.7047806
33.28175735,126.7043304
33.28172302,126.7039413
33.28213501,126.7082748
33.28280258,126.7075653
33.28312683,126.7074432
33.28359604,126.7071915
33.28415298,126.7069244
33.28337097,126.7066879
33.28390121,126.7061615
33.28429031,126.705864
33.28487015,126.7049561
33.28556824,126.7038269
33.28216934,126.7089157
33.28258896,126.7165985
33.28246689,126.7167816
33.28187561,126.7170258
33.28145981,126.7172089
33.28117371,126.7173157
33.28091431,126.7174225
33.28096008,126.7164841
33.28050995,126.7175751
33.28031921,126.7177734
33.28004456,126.7177124
33.27967453,126.7178268
33.27935791,126.7179108
33.27920532,126.7179565
33.27893066,126.7180023
33.27886963,126.7179413
33.27879715,126.7176743
33.27862167,126.7169647
33.27890778,126.7166367
33.27854156,126.7166824
33.27843857,126.7162857
33.27845383,126.7161942
33.2783699,126.7159729
33.27835083,126.7159195
33.27830124,126.715683
33.27823639,126.7154312
33.27814102,126.7151184
33.27841949,126.7150421
33.27874756,126.7150345
33.27484894,126.6942673
33.27530289,126.6940308
33.27590179,126.6938019
33.27787399,126.6961899
33.28090668,126.6984711
33.28073502,126.696434
33.28061676,126.695549
33.27819443,126.6985321
33.27502441,126.6982574
33.27498245,126.697525
33.27497482,126.6971817
33.27496338,126.6968155
33.27549362,126.6968002
33.27576447,126.6967697
33.27596283,126.6966934
33.27494431,126.6961899
33.27478409,126.6957932
33.27488327,126.6951828
33.27486801,126.6947861
33.27459335,126.6949158
33.27352905,126.698822
33.27318954,126.6987228
33.27272034,126.6988068
33.27230835,126.6996002
33.27238464,126.7002335
33.27204132,126.700386
33.27182007,126.7004471
33.27376175,126.7011261
33.27394104,126.7014008
33.27415085,126.7014923
33.27441025,126.7015686
33.27502441,126.7016144
33.27475357,126.7016525
33.2735939,126.6976624
33.27367401,126.6968689
33.27398682,126.6959305
33.27421951,126.6955566
33.27368164,126.6959381
33.27342606,126.6959457
33.27280807,126.6958008
33.27262115,126.6946335
33.27178192,126.6945572
33.27128983,126.6945572
33.27493668,126.6991501
33.27512741,126.7005234
33.27515411,126.7001266
33.27588654,126.7001801
33.27620316,126.7002563
33.27607727,126.699501
33.2760849,126.7011795
33.27516937,126.7014694
33.27519608,126.7021561
33.27522278,126.7024612
33.27522659,126.7028503
33.27552414,126.7029724
33.27561569,126.7029724
33.27629852,126.7057724
33.27671051,126.7049561
33.27629089,126.7082748
33.2759819,126.7087479
33.27767944,126.7086105
33.27796173,126.7082748
33.27848816,126.7074661
33.27919769,126.7072449
33.27925873,126.7079239
33.27926254,126.708374
33.2792244,126.7090073
33.27921677,126.7065964
33.27911758,126.7056656
33.27901459,126.7048416
33.27894974,126.7044144
33.27880096,126.7033081
33.27855301,126.7020645
33.27851868,126.7011414
33.2783432,126.6998825
33.28095627,126.6987305
33.28110504,126.7002182
33.28116226,126.7009048
33.28117371,126.7012787
33.2801857,126.702652
33.27877426,126.7038727
33.27958298,126.7034302
33.28032303,126.7055435
33.28094864,126.7075119
33.28125381,126.7076797
33.28134537,126.7082596
33.28050232,126.7084656
33.28164291,126.7059326
33.28157425,126.7054749
33.28150177,126.7046204
33.28141785,126.7038574
33.28138733,126.7030792
33.28128433,126.7101517
33.28181458,126.7107544
33.28101349,126.7094498
33.28123856,126.7107315
33.28117371,126.711319
33.28122711,126.7118149
33.28129196,126.7123108
33.28216553,126.7123718
33.28123474,126.7131348
33.28240967,126.7147598
33.28210449,126.7147217
33.28148651,126.7148819
33.28112411,126.714859
33.28116226,126.7141571
33.28113174,126.7153549
33.27882385,126.7182007
33.2787056,126.718399
33.277771,126.7183456
33.27750015,126.7186966
33.27757645,126.7189026
33.27719116,126.7190323
33.27672195,126.7193222
33.27593613,126.7199478
33.2774086,126.7181168
33.27710342,126.7179565
33.27720261,126.7175674
33.27742004,126.7169724
33.27734756,126.716629
33.27806854,126.7171631
33.27680588,126.71772
33.27631378,126.7172852
33.27613831,126.716835
33.27631378,126.7166824
33.27658844,126.7156448
33.27669525,126.7151566
33.27663422,126.7144394
33.27674866,126.7139282
33.27708817,126.7139664
33.27757645,126.7143402
33.27755737,126.7140427
33.27767181,126.7137146
33.27777481,126.7140808
33.27801514,126.7150116
33.2781105,126.7153702
33.27817154,126.7156296
33.27642059,126.7162247
33.27824783,126.7159424
33.27831268,126.7161713
33.27846527,126.7166977
33.27853394,126.7170563
33.27646637,126.7134476
33.27636337,126.7131424
33.27625656,126.7129822
33.27527618,126.7090912
33.27558517,126.7091064
33.27595139,126.7091141
33.27639389,126.7095718
33.27828598,126.7161026
33.28093338,126.7232742
33.28060913,126.723381
33.28020096,126.7227249
33.27994919,126.7219391
33.27978897,126.7214508
33.28189087,126.7204056
33.28151703,126.7205048
33.27998352,126.7224197
33.27961731,126.7227402
33.28022003,126.7231445
33.28035355,126.7236023
33.28055573,126.7241898
33.28108215,126.7256851
33.27994537,126.7238541
33.27984238,126.7237473
33.27979279,126.7235184
33.27977753,126.7233047
33.27965164,126.7240982
33.27926636,126.7239609
33.27950287,126.7277145
33.27963257,126.7268372
33.27968979,126.7265472
33.27953339,126.7256622
33.27939987,126.7249451
33.27924728,126.724472
33.27912521,126.7236862
33.27778625,126.7221603
33.277668,126.7217789
33.27842712,126.7219238
33.27917099,126.7216034
33.27925491,126.7218781
33.2794075,126.7223892
33.27960587,126.7211838
33.27927017,126.7213287
33.27906799,126.7213516
33.27877426,126.7203674
33.27914429,126.7203751
33.27882385,126.7199097
33.27902985,126.7195435
33.27853012,126.7196808
33.27835846,126.7191544
33.27815247,126.7188721
33.27833176,126.7193451
33.27884674,126.7208786
33.27856827,126.7213516
33.28978729,126.7102737
33.27864456,126.7209778
33.27869415,126.7206879
33.27771759,126.7205124
33.27783585,126.7200546
33.27839661,126.7143707
33.27917099,126.7150345
33.279953,126.7150574
33.28002167,126.7158432
33.28006744,126.7161407
33.28017807,126.7165833
33.28023148,126.7171021
33.27973938,126.7160645
33.27933121,126.7163315
33.28004456,126.7145996
33.2798996,126.7139816
33.28050995,126.7141418
33.27997589,126.7134476
33.28027344,126.7134933
33.28029251,126.713028
33.2807312,126.7128754
33.28079224,126.71492
33.27796173,126.7144394
33.27787399,126.7140579
33.27840042,126.7137451
33.27862167,126.7135315
33.27883148,126.7135849
33.27932358,126.7133942
33.27981949,126.7132263
33.27774048,126.7136002
33.27803421,126.7131195
33.27861404,126.7125473
33.27907562,126.7120895
33.27973175,126.7114258
33.28007126,126.7110443
33.28032303,126.7106705
33.27972794,126.7120285
33.27991486,126.7123795
33.27951813,126.7110596
33.27951431,126.7100372
33.27931213,126.709671
33.27946854,126.7094498
33.27876663,126.7098465
33.27837753,126.7102127
33.27807236,126.7103882
33.27750397,126.7105026
33.27737045,126.7109299
33.27751923,126.7111511
33.27761078,126.7131195
33.27752304,126.7127609
33.27730942,126.7120132
33.27702713,126.7115021
33.27610016,126.7120514
33.27692413,126.7109299
33.27674866,126.7104721
33.27800369,126.7195892
33.27893448,126.7186966
33.27908325,126.719223
33.27919769,126.7196808
33.27933502,126.7201691
33.27936554,126.720459
33.27967453,126.7210312
33.27949524,126.7204132
33.27942657,126.7201004
33.27905655,126.7186584
33.27895355,126.7182693
33.27916718,126.7182083
33.27940369,126.7185516
33.27946472,126.7184143
33.27975464,126.7190323
33.2805481,126.717865
33.28081894,126.7187195
33.28082275,126.7185516
33.28107452,126.718071
33.28133774,126.7180786
33.28156662,126.718277
33.28183365,126.7184906
33.2822113,126.7185287
33.28272629,126.7191772
33.2823143,126.7194672
33.27970123,126.7193298
33.27988052,126.7201385
33.28048325,126.7199173
33.28022385,126.7200165
33.28113556,126.7195587
33.28205872,126.7193985
33.28085327,126.7191391
33.28046417,126.7187881
33.28021882,126.7188558
33.28177643,126.7195129
33.28233719,126.7193222
33.28051755,126.7154144
33.27992396,126.7160658
33.28741134,126.7138113
33.27897541,126.7232502
33.27868378,126.7228674
33.27830221,126.7225841
33.27768629,126.7163441
33.28275241,126.7100263
33.2880249,126.7073135
33.28360722,126.7210872
33.28366418,126.7213581
33.28375976,126.7217631
33.28387925,126.722278
33.28396916,126.7226695
33.28406137,126.7230812
33.28429339,126.7230133
33.28419205,126.7225534
33.28410781,126.7221766
33.28399402,126.7216885
33.28390073,126.7213023
33.28383355,126.7209966
33.29137802,126.7107086
33.29747772,126.706749
33.27520752,126.7017822
33.2752037,126.7010727
33.27512741,126.7002563
33.27507401,126.6994705
33.27508163,126.6992188
33.27506256,126.6987915
33.27503204,126.6979675
33.27499008,126.6965027
33.27494812,126.6957169
33.27487564,126.6945953
33.27488327,126.6944122
33.28665161,126.7013855
33.28721237,126.7134552
33.2805748,126.7097244
33.30192184,126.7078629
33.30291367,126.7050018
33.28591156,126.6962433
33.30226135,126.7080765
33.30133499,126.7071356
33.28422634,126.7237784
33.28435613,126.7243684
33.28454288,126.7242149
33.28444936,126.723716
33.28356171,126.7187119
33.28203583,126.7133026
33.27849194,126.7197389
33.28030396,126.7236862
33.27947998,126.7228088
33.27584839,126.6955643
33.27744293,126.696022
33.2791748,126.6958084
33.28000259,126.6959686
33.28279877,126.6966705
33.2898674,126.7151337
33.28082657,126.6972504
33.27277756,126.6952286
33.28565216,126.7139435
33.28367615,126.7092514
33.28489304,126.7085724
33.29420092,126.7090839
33.28416443,126.7088852
33.28077698,126.7093582
33.29530935,126.704069
33.28087234,126.7198944
33.29329653,126.7059976
33.29300279,126.705698
33.29272258,126.7053983
33.28902435,126.7127151
33.27771623,126.7117202
33.28752963,126.7084539
33.28247452,126.7184753
33.28838348,126.7151337
33.29656601,126.711647
33.29619217,126.7112579
33.29086304,126.7150726
33.28526306,126.7207184
33.28496933,126.7206345
33.2779808,126.7197342
33.27219772,126.6945648
33.28075027,126.7023773
33.27829508,126.7076688
33.28563069,126.7207762
33.28426179,126.7204773
33.28796671,126.7005424
33.29013829,126.7116485
33.30452668,126.7054358
33.30062027,126.7075366
33.30017557,126.7077408
33.28089584,126.7252622
33.28668757,126.7022034
33.27243184,126.6990102
33.30002213,126.7083435
33.28910655,126.7066182
33.28858994,126.7073943
33.2968934,126.7114961
33.28140259,126.7195435
33.29188106,126.7148934
33.28595772,126.7025127
33.28119476,126.7125957
33.29427818,126.7131147
33.27237176,126.6997993
33.27260492,126.698807
33.27843849,126.7185328
33.27695755,126.7155548
33.28122694,126.7200978
33.28208671,126.7006759
33.27302522,126.6983078
33.29119606,126.709008
33.30286746,126.7098927
33.30263932,126.7092063
33.32673264,126.7117767
33.32666397,126.7131653
33.32612228,126.712883
33.32592773,126.7134857
33.32537842,126.7136154
33.32451248,126.7137833
33.32394791,126.7133179
33.3241272,126.7126007
33.32354736,126.7139359
33.32481003,126.7141876
33.32497787,126.7145233
33.32515717,126.7149582
33.32528687,126.7152939
33.32546997,126.7157669
33.32572174,126.7165298
33.32599258,126.7171555
33.32662201,126.7169647
33.32761383,126.7162704
33.32635498,126.7134323
33.32702637,126.7131271
33.32737732,126.7130127
33.32476044,126.7329636
33.32675171,126.7352982
33.33099747,126.7337418
33.33118057,126.7334137
33.32440948,126.7323532
33.3245697,126.7320175
33.32555008,126.7275391
33.32569885,126.727066
33.32606125,126.7255554
33.32621765,126.7250443
33.32664516,126.7235319
33.32692719,126.7224731
33.32712936,126.7217255
33.32713318,126.7197342
33.32765961,126.7179489
33.32807159,126.7176361
33.32822037,126.7179489
33.32867813,126.718338
33.32880402,126.7187805
33.32935333,126.7200623
33.32889938,126.7206802
33.32904053,126.722496
33.32812881,126.716507
33.32849884,126.7163239
33.32940674,126.7163467
33.32969284,126.7165451
33.32995605,126.7178192
33.33039856,126.7185822
33.33076859,126.7189026
33.33163452,126.7180557
33.33172607,126.7194443
33.33257675,126.7205505
33.33016586,126.7155991
33.33114624,126.7147217
33.33130264,126.7156143
33.33165359,126.7172852
33.33192444,126.7158737
33.33218002,126.7159805
33.33249664,126.7161636
33.33337784,126.7159348
33.33712387,126.7182922
33.33776474,126.7182465
33.33367538,126.7144318
33.33547592,126.7130966
33.33676529,126.7144623
33.337883,126.7156219
33.33581543,126.7124863
33.33616257,126.7117691
33.33662796,126.7107697
33.33868027,126.7095947
33.34057999,126.7080612
33.33936691,126.7091217
33.33685684,126.7103348
33.3360939,126.7110291
33.3357048,126.7112503
33.33567047,126.71241
33.33478546,126.7132111
33.3347702,126.7126999
33.3352356,126.7120209
33.33502579,126.7114029
33.3347702,126.7109604
33.33434296,126.7100372
33.33507156,126.7095947
33.33454514,126.711647
33.33389664,126.7117004
33.3337326,126.7124405
33.3338623,126.7132187
33.33316422,126.7132111
33.33287048,126.7123718
33.33261108,126.711937
33.33185196,126.7126083
33.33164978,126.7122726
33.33224869,126.7135239
33.33121109,126.7139206
33.33135986,126.7121887
33.33116913,126.7117691
33.33059311,126.71492
33.33008194,126.7146683
33.32981873,126.7147675
33.32949829,126.7147064
33.32913208,126.714859
33.32899857,126.714447
33.32878494,126.7141495
33.32874298,126.7140732
33.32849121,126.7138596
33.32825089,126.7160568
33.32821655,126.7151337
33.32808685,126.7147522
33.32804108,126.7142944
33.32802963,126.713974
33.32807541,126.7136841
33.32770157,126.7129135
33.32863235,126.7127533
33.3285408,126.7130432
33.32843399,126.7133942
33.32832718,126.7135391
33.32883835,126.7126389
33.32897568,126.7129211
33.32893372,126.7126389
33.32945633,126.7124939
33.32964325,126.7129364
33.33030319,126.7124557
33.3307457,126.7121201
33.33093262,126.711586
33.3310051,126.711235
33.33176422,126.710228
33.3325119,126.7094955
33.33326721,126.7093353
33.35040665,126.6982803
33.34933472,126.6979904
33.34840012,126.697937
33.34747314,126.6980438
33.34684753,126.6983795
33.34598541,126.6980362
33.34510803,126.6980972
33.34470749,126.6981049
33.34358215,126.697731
33.33882904,126.6936646
33.33628464,126.6986618
33.33571625,126.6989441
33.3351059,126.6993103
33.3345108,126.6998215
33.33382797,126.7003326
33.33326721,126.7008514
33.33264542,126.7014084
33.33211899,126.7026443
33.33164978,126.7031555
33.3418808,126.7045975
33.33994293,126.7059174
33.3378334,126.7072601
33.33774567,126.706749
33.33763123,126.7062759
33.33742905,126.7053375
33.33695602,126.7045746
33.33626938,126.7046356
33.3351593,126.7047195
33.33460999,126.7048035
33.33760834,126.7074814
33.33673859,126.7080765
33.33602142,126.7085419
33.33564377,126.7087936
33.33439636,126.7093582
33.33327103,126.7084808
33.33302307,126.7078857
33.33267212,126.7073059
33.33277512,126.7067261
33.33382034,126.7061234
33.33389664,126.7055664
33.33432388,126.7054367
33.33267593,126.7063446
33.33245087,126.7055511
33.33228302,126.7047882
33.33203888,126.7071152
33.33065033,126.710907
33.3302002,126.710228
33.3299675,126.709549
33.32965088,126.7092361
33.33079529,126.7071533
33.33060074,126.7065964
33.33089066,126.7062073
33.33134842,126.7051086
33.33130646,126.703949
33.3300972,126.7120361
33.32978821,126.7112274
33.32949829,126.7105942
33.32927322,126.7102737
33.32835007,126.7120209
33.32848358,126.7113571
33.32846069,126.7109909
33.32807922,126.7124405
33.32756805,126.7126389
33.32746887,126.7126007
33.32727814,126.7121964
33.32712555,126.711792
33.32704544,126.71138
33.327034,126.7108765
33.32698059,126.7105408
33.32740402,126.7105179
33.32790375,126.7105103
33.32865906,126.7099838
33.32897949,126.709549
33.32959366,126.7072449
33.33002472,126.706398
33.33053207,126.7060928
33.32842636,126.7088852
33.32662964,126.7095795
33.3263588,126.7076263
33.32715607,126.7063522
33.32704926,126.7052078
33.32831955,126.702095
33.32796097,126.7172928
33.33224106,126.7122574
33.33135223,126.7072678
33.33285901,126.7162701
33.32982952,126.7172439
33.32740538,126.7187769
33.33328001,126.7063494
33.33620119,126.7015892
33.33441373,126.7106434
33.32898411,126.7181757
33.34300944,126.7219293
33.33424388,126.7040852
33.33398385,126.703745
33.32860591,126.7139479
33.33656269,126.7105182
33.32788176,126.7040718
33.29547882,126.6224136
33.2955513,126.6219864
33.2959671,126.621933
33.29715347,126.6212234
33.29734421,126.6206512
33.29784393,126.6200409
33.29841995,126.6180573
33.29307556,126.6227112
33.29225922,126.6223068
33.29162216,126.6218414
33.29122543,126.6215134
33.29351807,126.6246109
33.29284286,126.6246414
33.29224396,126.6246719
33.29150772,126.6243973
33.29155731,126.6238937
33.29125595,126.6238022
33.29136658,126.6231613
33.29055023,126.6242981
33.29053497,126.6236115
33.28995895,126.624527
33.28970718,126.6239548
33.28971481,126.6230316
33.29353714,126.6250229
33.29440308,126.6244354
33.29493713,126.6246567
33.29596329,126.6248703
33.29713058,126.624733
33.29785538,126.6250916
33.29865265,126.6255264
33.29849243,126.6255646
33.2996254,126.6257401
33.30173492,126.6260834
33.3024292,126.6262589
33.30308914,126.6265411
33.30410385,126.6272049
33.30467987,126.6276398
33.30511856,126.6279449
33.30695724,126.628685
33.30928802,126.6300049
33.31311798,126.6301727
33.31391525,126.6303406
33.31433487,126.6302643
33.31519699,126.6300354
33.31555176,126.6302338
33.31546783,126.6305313
33.31594086,126.6307373
33.31600571,126.6334229
33.31570816,126.6335754
33.31497955,126.6335526
33.31345367,126.6334305
33.31235886,126.6333542
33.31157684,126.6333084
33.31116486,126.6333008
33.31078339,126.6333466
33.30997467,126.6334686
33.30922699,126.6335526
33.30825806,126.633049
33.30688095,126.6332016
33.30656433,126.6331177
33.30595779,126.6329727
33.30531311,126.6328125
33.30423737,126.6325531
33.30389023,126.6324615
33.3032608,126.6322632
33.30282593,126.6321945
33.30245209,126.632103
33.30202866,126.632019
33.30121613,126.6318588
33.30085373,126.6317749
33.30035782,126.6318436
33.29968643,126.6320267
33.29927826,126.6320648
33.29861832,126.6320877
33.29781342,126.6321259
33.29705429,126.6321335
33.29672623,126.6323547
33.29666901,126.632164
33.29673004,126.6315994
33.29678345,126.6310272
33.29733276,126.630867
33.29570007,126.6324158
33.2950058,126.6324844
33.29573059,126.6334457
33.29613113,126.6354904
33.29624939,126.635849
33.29698563,126.6368256
33.29798889,126.6360092
33.29918289,126.6347733
33.29986572,126.6342545
33.30015945,126.6360168
33.29730225,126.6410522
33.29838181,126.6424637
33.29469681,126.6320877
33.2942276,126.6313934
33.29385757,126.6305847
33.29470825,126.6303864
33.29319382,126.6306534
33.29310989,126.6329727
33.29364777,126.6328354
33.29232788,126.6334534
33.29172516,126.6337738
33.29318237,126.6315765
33.29233932,126.6322021
33.29094696,126.6319199
33.29074097,126.6322021
33.29356766,126.6289673
33.29312134,126.6289673
33.293396,126.6283798
33.29371262,126.6283188
33.29307938,126.6279144
33.29323578,126.6275864
33.29390717,126.6275101
33.29328918,126.6266937
33.29375839,126.6262207
33.29403305,126.6264343
33.29436493,126.6266251
33.29355621,126.6258163
33.29381943,126.6258926
33.2942276,126.6257095
33.29262161,126.6252823
33.29185104,126.6252975
33.29085541,126.6250534
33.2908783,126.6253891
33.29068375,126.6259079
33.29056549,126.6251297
33.29037857,126.6251831
33.29023743,126.6251068
33.29003525,126.625145
33.28970337,126.6251831
33.28946304,126.625206
33.29281235,126.6266785
33.29238129,126.6266632
33.29208374,126.6266022
33.29125595,126.6268463
33.29087448,126.6269608
33.29080963,126.6264343
33.29031372,126.6271591
33.28990555,126.6273727
33.28978348,126.62677
33.28958893,126.626297
33.28947067,126.6255951
33.28983688,126.6274643
33.29060745,126.6287003
33.29094315,126.6294861
33.2916832,126.6294708
33.29030228,126.6288681
33.28962708,126.6300659
33.28966522,126.6304474
33.28967285,126.6307373
33.2894783,126.6314468
33.29016495,126.631546
33.28948975,126.6325684
33.28931427,126.6333313
33.28938293,126.6341476
33.28887558,126.6341934
33.28872299,126.6344757
33.28834534,126.6342621
33.2895813,126.6345444
33.28986359,126.6348801
33.29093552,126.6339951
33.29029846,126.6340866
33.28915405,126.6298218
33.28879547,126.6289749
33.28860855,126.6282196
33.28862381,126.6279068
33.28908539,126.6278381
33.28892136,126.6270599
33.28849411,126.6275406
33.28826904,126.626915
33.28816605,126.6265564
33.28796768,126.6255493
33.28804398,126.625061
33.28829193,126.6246338
33.28807831,126.6244202
33.28753662,126.6242218
33.28712463,126.6242142
33.28679276,126.6242599
33.28647614,126.6243515
33.28622818,126.624527
33.28799057,126.6271667
33.28745651,126.627327
33.28715134,126.6276932
33.28687668,126.6274567
33.28665924,126.6283875
33.28646088,126.6289063
33.28594208,126.6287231
33.28557205,126.6290665
33.28504562,126.6292114
33.28442383,126.6290359
33.28413773,126.6295547
33.28391266,126.6301041
33.28336334,126.6301346
33.28339386,126.6295853
33.28358078,126.6278
33.283535,126.6269989
33.28373337,126.6263809
33.28422546,126.626297
33.28482056,126.6261139
33.28554916,126.6257019
33.28578568,126.6254196
33.28340149,126.6305389
33.28344727,126.6311722
33.28357697,126.6322556
33.28374863,126.632576
33.28414154,126.6327209
33.28431702,126.632843
33.28454971,126.6328735
33.28460693,126.6328735
33.28464508,126.6329956
33.28512573,126.6324539
33.28556061,126.632103
33.28622818,126.6316528
33.28679657,126.6314697
33.28710938,126.6312866
33.28775406,126.6306686
33.2877121,126.6300583
33.28792191,126.6299438
33.28807068,126.6305847
33.28846359,126.6305923
33.28857422,126.631546
33.28906631,126.6303177
33.28482437,126.6332779
33.28496552,126.6334839
33.28528214,126.6338959
33.28555298,126.6341324
33.28559875,126.6345749
33.28619385,126.6345901
33.28720474,126.6346741
33.28786087,126.6346207
33.28567123,126.6358185
33.28568268,126.6367798
33.28610992,126.6388779
33.28450012,126.6331482
33.28445053,126.6331482
33.2841835,126.6332703
33.2829895,126.6347427
33.28271103,126.6353226
33.28196716,126.6343079
33.28084946,126.6351242
33.28050613,126.6353455
33.2797699,126.6357651
33.27898788,126.6365738
33.27649307,126.6378098
33.27780533,126.6407394
33.2780304,126.6416092
33.27827835,126.6425858
33.27842712,126.643425
33.27835464,126.6456757
33.27721024,126.6459122
33.27545929,126.6454391
33.27536392,126.6450195
33.27528763,126.6445999
33.27962494,126.6430893
33.27532578,126.6384964
33.27497864,126.6391373
33.27466965,126.6394196
33.27430725,126.6394424
33.27347565,126.6400223
33.27296448,126.6401825
33.27270126,126.6402359
33.272892,126.6395493
33.27304459,126.6389389
33.27305603,126.6385956
33.27252197,126.6404953
33.27215958,126.6405869
33.27207184,126.6404266
33.27291107,126.6434479
33.27330399,126.6441116
33.27175522,126.6407166
33.27161789,126.6405258
33.27148438,126.640564
33.27088928,126.6407318
33.27054214,126.640892
33.2702446,126.6410065
33.27008057,126.6410675
33.26980209,126.6411133
33.26953506,126.6411362
33.26930618,126.6411667
33.26889801,126.6412048
33.2686882,126.6412201
33.26845551,126.6412506
33.26825333,126.6412964
33.26805878,126.6413803
33.26773071,126.641571
33.26713943,126.6421585
33.26752853,126.6420364
33.26781082,126.641777
33.27099991,126.6409225
33.2713356,126.6408234
33.28342438,126.6334839
33.28342438,126.6330719
33.28346634,126.6326447
33.28340912,126.6319275
33.2833786,126.6316071
33.28300476,126.631279
33.28240204,126.6313171
33.28172302,126.6310959
33.28125,126.6312485
33.28110504,126.6324997
33.28115082,126.6331482
33.28079224,126.6330872
33.28041458,126.6334457
33.28015518,126.6332245
33.28100204,126.6340866
33.28171158,126.6303177
33.28192139,126.6300354
33.28228378,126.629837
33.2827034,126.6296616
33.28317642,126.6291885
33.28351593,126.6287155
33.28354645,126.6282578
33.28331375,126.6284561
33.28327942,126.6274109
33.28279877,126.6277618
33.28186035,126.6280365
33.28105164,126.6278458
33.28060913,126.6278839
33.28066254,126.6312103
33.280056,126.6313095
33.27949905,126.6312408
33.27917862,126.6314163
33.27859497,126.6314392
33.2779274,126.6315308
33.27699661,126.6315308
33.27625656,126.6316452
33.27556992,126.6313858
33.27500153,126.6313171
33.27435303,126.631485
33.27361679,126.6313858
33.27303314,126.6310883
33.27630234,126.6298447
33.27108002,126.6356888
33.27131653,126.6370697
33.27132797,126.6393967
33.27134705,126.6389008
33.27132416,126.6383896
33.26733017,126.6429825
33.26843643,126.6438141
33.26848602,126.6444473
33.26907349,126.6446228
33.27101135,126.6461563
33.2718811,126.6466217
33.27292633,126.6458969
33.26662827,126.6419144
33.2664566,126.6415253
33.26641464,126.6396942
33.26698303,126.639801
33.26755142,126.6394958
33.26602936,126.6372299
33.26544189,126.6403427
33.26530075,126.6405945
33.26538467,126.64077
33.26498032,126.6409607
33.26525879,126.6412735
33.26543045,126.6414261
33.26576233,126.6417007
33.26470947,126.6410675
33.26433563,126.640976
33.26409149,126.6410065
33.26379013,126.6409454
33.26348495,126.6414413
33.26324081,126.6409683
33.2629776,126.6409149
33.26282883,126.6411591
33.26244736,126.6416092
33.26227951,126.6416855
33.26332092,126.6422272
33.26317596,126.6415024
33.26389694,126.6407928
33.26359558,126.6405334
33.26472855,126.6406708
33.26458359,126.6404572
33.26431656,126.6402817
33.26420593,126.6400375
33.26380157,126.6395187
33.26353455,126.6396408
33.26322937,126.6399612
33.26299286,126.6402054
33.26274109,126.6404495
33.26237106,126.6408844
33.26403809,126.6391678
33.26436615,126.6391144
33.26306915,126.639267
33.26382065,126.6389618
33.26401901,126.6386642
33.26379395,126.6384506
33.26353073,126.6388626
33.26603699,126.6419525
33.26617432,126.6422577
33.2662468,126.6425934
33.26644897,126.6429596
33.26660919,126.6431427
33.26697159,126.6437302
33.26710129,126.6442032
33.26724625,126.6445313
33.26752472,126.6454163
33.26779938,126.6461792
33.26790237,126.6465759
33.26798248,126.6468811
33.26838684,126.6472855
33.26865005,126.6475906
33.26685715,126.6428299
33.26697159,126.6429291
33.27053452,126.6473618
33.28924179,126.6234741
33.29330444,126.6235046
33.29156876,126.6252136
33.27170181,126.6468048
33.29375172,126.6300027
33.28138492,126.6281656
33.27153714,126.6328066
33.2722771,126.6322534
33.27248063,126.6317145
33.27260118,126.6313209
33.27146835,126.6377872
33.27142673,126.6374278
33.27160617,126.6386721
33.27153743,126.638286
33.27150968,126.6380446
33.27870502,126.6451989
33.27762779,126.6374612
33.2830542,126.6339097
33.2974029,126.6375136
33.29798415,126.6389607
33.29796313,126.6402626
33.29995487,126.6345612
33.29612416,126.6403829
33.29787868,126.6414574
33.27510242,126.6333445
33.27625679,126.6334389
33.27675452,126.6379103
33.27279974,126.6398479
33.271637,126.6399761
33.28320624,126.6342552
33.28550138,126.6351904
33.28196808,126.6363295
33.26887688,126.6349482
33.29819685,126.6369198
33.29886049,126.6364715
33.2975798,126.637113
33.29972572,126.6363579
33.29876251,126.6353419
33.29728991,126.6366417
33.3135563,126.6301284
33.2999629,126.6349906
33.30815119,126.6335968
33.2716542,126.6389108
33.30758848,126.6451356
33.27662792,126.6316448
33.31017241,126.6438285
33.29722691,126.6328466
33.27237383,126.6461664
33.27108154,126.6404212
33.27127155,126.6398757
33.27081468,126.6347094
33.26687955,126.6387345
33.29127093,126.6243043
33.2783162,126.6286079
33.27791361,126.6289075
33.29972419,126.6170878
33.29503838,126.6321418
33.27847143,126.6368995
33.29378676,126.6199535
33.29854252,126.6434222
33.28230848,126.627963
33.27462477,126.6326514
33.28981985,126.6244823
33.28329659,126.6312652
33.31421422,126.6334614
33.28158355,126.6328048
33.28869455,126.634133
33.27062102,126.6336248
33.27400393,126.6400254
33.27454831,126.6415944
33.29017153,126.62301
33.27339137,126.6457114
33.28316526,126.6295482
33.29733755,126.6321496
33.29325006,126.6235806
33.27919829,126.644454
33.29820688,126.6180809
33.28195271,126.7131555
33.30664063,126.7752457
33.30608368,126.7743683
33.30579376,126.7739105
33.30512238,126.7730713
33.30464935,126.7724533
33.30411911,126.771759
33.30361176,126.7711182
33.30332184,126.7707367
33.30289841,126.7701263
33.30228806,126.7693253
33.3020668,126.7696686
33.30184174,126.7700119
33.30081177,126.7704163
33.30103683,126.7715302
33.30138779,126.7722092
33.30163956,126.7725525
33.30067825,126.7693634
33.3004303,126.7684784
33.30060959,126.7684784
33.30000305,126.767952
33.30058289,126.7677307
33.30108261,126.7678528
33.30148697,126.7683792
33.30077744,126.7675018
33.30052567,126.7672348
33.30028534,126.7669525
33.29985046,126.7671814
33.2992363,126.7665634
33.2996788,126.7662125
33.29932404,126.7658157
33.29901886,126.7654648
33.29880142,126.7652588
33.29850769,126.7657776
33.29839706,126.7663498
33.2978096,126.7658234
33.29799271,126.7659302
33.2972641,126.7662582
33.30120468,126.7702026
33.2980957,126.7644272
33.2982254,126.7645416
33.29858017,126.7649841
33.30707169,126.774765
33.30644226,126.774353
33.30590439,126.7723236
33.30573273,126.7712555
33.30620956,126.7711029
33.30607224,126.7738647
33.30563736,126.7732391
33.30519485,126.7726212
33.30464172,126.7718887
33.3043251,126.7714767
33.30387878,126.7708893
33.30342484,126.7703018
33.30297089,126.7697449
33.30247498,126.7691269
33.30214691,126.7686234
33.30171585,126.7680359
33.30125427,126.7675171
33.30100632,126.7672653
33.30076218,126.7670059
33.30049515,126.7666702
33.30001831,126.7661514
33.30158615,126.7674103
33.30220154,126.7672962
33.30257416,126.7679062
33.30252075,126.7685394
33.30223465,126.7669296
33.30195618,126.7663956
33.30163193,126.7663956
33.30068588,126.766449
33.30158234,126.7653503
33.30101395,126.7653351
33.3008461,126.7648239
33.30073929,126.764679
33.30317688,126.7669601
33.30328751,126.7673111
33.3038826,126.7667313
33.30410385,126.7670441
33.30437088,126.7672729
33.3042717,126.767807
33.30419159,126.7680969
33.30491638,126.768631
33.30508423,126.7690125
33.30519485,126.7705231
33.30443192,126.7675323
33.30476379,126.7675629
33.30511475,126.7677002
33.30548096,126.767662
33.3059082,126.7676392
33.30601883,126.7678833
33.30607605,126.7681351
33.30634308,126.7682877
33.30643082,126.7687988
33.30639267,126.7707291
33.30636978,126.7712097
33.30708313,126.7706604
33.31048203,126.7700119
33.30833817,126.7694397
33.30880737,126.7691879
33.30869675,126.7684479
33.30854416,126.7680206
33.30796432,126.7685928
33.30727768,126.7685242
33.30772781,126.7674866
33.30733109,126.7674255
33.30817413,126.7672348
33.30867386,126.7673264
33.30809784,126.7669678
33.30776978,126.7661514
33.30744905,126.7661092
33.30862808,126.7662354
33.3085289,126.7657471
33.30912399,126.7650375
33.30907059,126.7663116
33.3147583,126.7659912
33.31570435,126.7632828
33.32027054,126.7589722
33.32104492,126.7594833
33.31095505,126.7611771
33.31096268,126.7632904
33.31029129,126.7636108
33.30898285,126.7638016
33.30808258,126.7644043
33.30749512,126.7644882
33.30699539,126.7655487
33.30608749,126.7660065
33.30577469,126.7663269
33.30579376,126.7667465
33.30532455,126.7662201
33.30492783,126.7661743
33.30421829,126.7665634
33.30594635,126.764801
33.30706787,126.7631226
33.30750275,126.7620773
33.30717468,126.7610092
33.30638123,126.7614136
33.30630875,126.7617645
33.30577469,126.7616577
33.3055954,126.7621155
33.305336,126.7622299
33.304039,126.7621841
33.3032341,126.7619171
33.30234528,126.7619705
33.30183029,126.7626724
33.30157852,126.7635727
33.30126572,126.7638474
33.30064774,126.7641602
33.30079651,126.7611771
33.3026886,126.759552
33.3020668,126.7591324
33.30311966,126.7585373
33.30381775,126.7596436
33.306633,126.7564697
33.30667114,126.757225
33.29970551,126.7641678
33.29959488,126.7636185
33.29954529,126.76474
33.29877853,126.7647781
33.29839325,126.7643509
33.29832458,126.7642593
33.29859924,126.7639084
33.29833603,126.7633209
33.29804611,126.7639542
33.29956818,126.7657318
33.30804062,126.7611389
33.30942535,126.7589798
33.31027222,126.7577133
33.31142044,126.7556686
33.31199646,126.7544937
33.31250381,126.7545471
33.31918335,126.7494888
33.31991577,126.7502975
33.32074356,126.7500839
33.32018661,126.7549973
33.32310486,126.759285
33.32260895,126.7580261
33.32202148,126.7568588
33.32212067,126.7565613
33.32277679,126.7562027
33.32357025,126.7558517
33.32393265,126.7557526
33.32478714,126.7553024
33.32539749,126.7549362
33.3264389,126.7544937
33.32696915,126.7543564
33.32746506,126.7532578
33.3283844,126.7525558
33.33071518,126.7516708
33.3307991,126.7524567
33.33083344,126.7527771
33.33044815,126.7547836
33.33074188,126.7560501
33.33163452,126.7564087
33.3325882,126.7568512
33.33398819,126.7550583
33.33049393,126.75737
33.3303566,126.7564774
33.33021545,126.7561264
33.32954407,126.7563171
33.32385635,126.7582397
33.32476425,126.7577133
33.32865906,126.7568283
33.3277092,126.7573471
33.328228,126.7568665
33.32777786,126.7560883
33.3276329,126.7557678
33.32712173,126.7551498
33.32816696,126.7552948
33.32830429,126.7536316
33.32865524,126.7554626
33.3288765,126.755722
33.32905579,126.7550659
33.3210144,126.7557526
33.320755,126.7551193
33.32069778,126.7545547
33.3207283,126.7538071
33.32068634,126.7525482
33.32166672,126.7519379
33.32381439,126.7516708
33.32340622,126.748497
33.32988739,126.7360229
33.33046722,126.7363663
33.32538605,126.7439423
33.32621002,126.7475281
33.32690811,126.7462387
33.32662582,126.7455292
33.3256073,126.745697
33.32515717,126.7461472
33.32476807,126.7467651
33.32313538,126.7476273
33.34366226,126.748436
33.34290695,126.7483902
33.34036636,126.7469177
33.33850479,126.7457657
33.33681488,126.7493286
33.33541107,126.7453995
33.33340836,126.7460632
33.32274246,126.7468719
33.32219315,126.7471313
33.32170868,126.7463608
33.32172775,126.7458725
33.3220787,126.7450256
33.32251358,126.744873
33.32324982,126.7446747
33.32373047,126.7438049
33.32112122,126.7460861
33.32072449,126.7462616
33.32053757,126.7464447
33.32025146,126.7470551
33.32033157,126.7472687
33.32218552,126.7493057
33.32113266,126.7496338
33.32028198,126.7484741
33.3199501,126.7481842
33.31953812,126.747879
33.31906891,126.7484131
33.31822968,126.7484741
33.31723404,126.7483139
33.32440769,126.7556407
33.31721878,126.7466888
33.31999969,126.7471313
33.3203125,126.7456131
33.32021332,126.7449265
33.32066727,126.7449036
33.32155991,126.7450714
33.32122803,126.7458725
33.32001114,126.7445679
33.31998062,126.7446671
33.31965256,126.7448502
33.31947327,126.7449646
33.31902313,126.7451935
33.31864929,126.745285
33.31899643,126.7461472
33.319664,126.7459259
33.3191185,126.7469177
33.31931305,126.7474213
33.31856537,126.7470245
33.32161713,126.7447357
33.32103729,126.74086
33.3209877,126.7378159
33.32007217,126.7333755
33.32302856,126.7381897
33.31618118,126.7412491
33.31651688,126.7428131
33.31774139,126.7452621
33.31719971,126.7458115
33.31704712,126.7462921
33.31639099,126.7475281
33.31597137,126.748558
33.31491852,126.7498093
33.31448364,126.7503586
33.31387711,126.7509155
33.30602264,126.7514572
33.30681229,126.7509232
33.30918884,126.7412262
33.31070709,126.7410889
33.31477356,126.7435913
33.31653976,126.7443619
33.31471634,126.7458649
33.31267166,126.7473221
33.31111526,126.7475128
33.30973816,126.7482986
33.30812836,126.7491608
33.30746841,126.7500687
33.30708694,126.7696304
33.30639267,126.7695313
33.30222936,126.7665043
33.30455671,126.7683208
33.30532623,126.7712286
33.31254497,126.7622592
33.30894878,126.764132
33.30911436,126.7646766
33.30719196,126.7660427
33.30661582,126.7582701
33.30304729,126.7569432
33.30424923,126.7560594
33.30693681,126.7552814
33.31064115,126.7568872
33.34734591,126.7399781
33.35417857,126.7370624
33.31767239,126.7449177
33.30638386,126.7727157
33.30797902,126.7710929
33.30748455,126.7706432
33.30618475,126.7698547
33.30251944,126.7673383
33.30186084,126.7659174
33.30567102,126.7651448
33.30697182,126.768854
33.30744268,126.7687266
33.30830695,126.7662277
33.30730742,126.7651136
33.30998651,126.7693883
33.30859199,126.7602619
33.30848235,126.7642192
33.30651402,126.7639426
33.30728643,126.763554
33.29907086,126.7650256
33.3124922,126.7536873
33.31273426,126.7529927
33.31293122,126.7522901
33.30999254,126.7583333
33.31108647,126.7563853
33.31319645,126.7519135
33.32517847,126.7527388
33.3128605,126.7473922
33.31837749,126.7441625
33.32254874,126.7387953
33.32180803,126.7402876
33.32104924,126.7417665
33.31980077,126.7473842
33.32798647,126.7468612
33.34026969,126.7428753
33.34640445,126.7403328
33.34443785,126.7485821
33.30899967,126.7672111
33.30840502,126.7674381
33.32118974,126.7498423
33.31826781,126.7597925
33.31097184,126.7519923
33.32107746,126.7500547
33.3076363,126.7499857
33.35035489,126.7388197
33.3345598,126.748209
33.33010557,126.7426098
33.32922155,126.7434931
33.32991987,126.7443745
33.3015804,126.7702506
33.31909838,126.7603459
33.30683121,126.7708247
33.3076438,126.7677891
33.32753935,126.7453588
33.30057486,126.7689138
33.29635917,126.7650034
33.29711771,126.7656214
33.3089058,126.7712837
33.30650322,126.7738885
33.30617227,126.7704184
33.30842995,126.7711534
33.32076264,126.7515538
33.33958054,126.7313766
33.33542252,126.7331924
33.29881153,126.7637728
33.29851089,126.7633307
33.30860885,126.7703798
33.30835718,126.7708073
33.3391487,126.7297978
33.33879224,126.7317271
33.30414066,126.766424
33.30565982,126.7592928
33.32933807,126.7390518
33.29769224,126.7619305
33.3085149,126.7701517
33.32170107,126.7451663
33.30482567,126.7622426
33.30655578,126.7592636
33.30615172,126.7594627
33.3073887,126.7695247
33.30842777,126.769915
33.31687849,126.7609342
33.3022199,126.7672745
33.31166324,126.7516005
33.30397478,126.7669117
33.31349608,126.7675642
33.31030886,126.7328251
33.30337143,126.6762543
33.30101776,126.6719589
33.30270767,126.672142
33.30441284,126.6726608
33.306633,126.6724319
33.30691528,126.6721344
33.3071785,126.671875
33.29938507,126.6587524
33.29832077,126.659462
33.29829407,126.6626968
33.3020134,126.6634445
33.29894638,126.663887
33.29972458,126.6715164
33.29810715,126.6707687
33.29688263,126.670433
33.2969017,126.6694794
33.29448318,126.6664505
33.29345322,126.6641006
33.29257202,126.6615982
33.29539871,126.6605606
33.29209518,126.6613007
33.29158401,126.66008
33.29180908,126.6595535
33.29240036,126.6593552
33.2890892,126.6567841
33.28946304,126.6575699
33.28957748,126.6579056
33.28979111,126.6585922
33.29006195,126.6596298
33.29020691,126.6612473
33.29116058,126.6611404
33.29068756,126.6654358
33.29227066,126.6702423
33.29183197,126.6700897
33.29075241,126.6703873
33.29080963,126.667305
33.28927994,126.6571732
33.28923035,126.6564713
33.28958893,126.6567535
33.2898941,126.6570663
33.28902435,126.6552963
33.28973007,126.6550751
33.29084015,126.6548462
33.29117584,126.6547089
33.29121399,126.6541595
33.29110336,126.6532211
33.29037857,126.6533661
33.28963852,126.653595
33.28907013,126.6533813
33.28860474,126.6537857
33.2914238,126.6530991
33.29296494,126.6517792
33.29232788,126.6521454
33.29215622,126.6525497
33.29213715,126.65345
33.2921257,126.6538467
33.29273987,126.6538544
33.29327393,126.653389
33.29354858,126.6540833
33.29419708,126.6541138
33.29521561,126.6548538
33.29774475,126.6559296
33.3128624,126.649559
33.31945038,126.6576843
33.31603241,126.6446915
33.31518936,126.6446381
33.31190872,126.6462402
33.31251526,126.6451492
33.31123734,126.6466751
33.31209564,126.6479263
33.31277847,126.6479111
33.3099556,126.6463318
33.30922699,126.6463089
33.30801773,126.645546
33.30755234,126.6456223
33.30664825,126.6460037
33.30551529,126.6465454
33.30476761,126.6470337
33.30321884,126.647644
33.30244064,126.6483841
33.30161285,126.6485901
33.30091476,126.6487198
33.30007553,126.6486206
33.29971313,126.6486664
33.29861832,126.6489105
33.29868317,126.6477051
33.29867172,126.6460114
33.29936981,126.6451721
33.28633118,126.6400986
33.29763412,126.6491623
33.2973175,126.6491394
33.29649734,126.6493988
33.29562759,126.6499939
33.2951088,126.6504745
33.29458618,126.6508942
33.2937355,126.6515884
33.28816986,126.651825
33.28808594,126.6513901
33.28695679,126.6457748
33.28686523,126.6444397
33.28950119,126.6433868
33.28933716,126.6425476
33.28681183,126.6466827
33.28684235,126.6470032
33.28826904,126.6551743
33.28984833,126.6592255
33.29006958,126.6605911
33.29050827,126.6648636
33.29166412,126.6727371
33.29284286,126.6753082
33.29337311,126.6763382
33.29457855,126.6770935
33.29634094,126.6796417
33.29631042,126.6793289
33.29272461,126.67939
33.29351044,126.6815186
33.29388809,126.6825638
33.29280853,126.6782532
33.29198074,126.6787033
33.29212952,126.6781006
33.29235458,126.6772537
33.29284668,126.6768036
33.29144287,126.6770325
33.29092407,126.6779327
33.29082108,126.6784668
33.29172516,126.6798782
33.29152679,126.6804276
33.29152298,126.6808929
33.28087234,126.6922836
33.28131104,126.6919098
33.2818985,126.6914139
33.28237152,126.6921234
33.28165817,126.6893692
33.28735352,126.6822281
33.2795105,126.6807327
33.27944565,126.6799011
33.27937698,126.6791916
33.27928925,126.67836
33.27927017,126.6779404
33.27919006,126.6774521
33.27910233,126.6764908
33.27906418,126.6760178
33.27897644,126.6751328
33.27975464,126.6762543
33.27892685,126.6743851
33.2788353,126.673584
33.27880096,126.6731262
33.28062057,126.6704178
33.27875519,126.6702347
33.2831955,126.6703873
33.28385544,126.6710739
33.28479767,126.6715546
33.28588486,126.6720123
33.28635025,126.6723404
33.28739166,126.6728134
33.28802109,126.6735687
33.28831482,126.6742249
33.28879547,126.6756592
33.28952789,126.6767654
33.29030228,126.6775513
33.28874969,126.6742401
33.29006958,126.6746368
33.29168701,126.6756973
33.29280853,126.6761703
33.28749847,126.672348
33.28879547,126.671875
33.29084396,126.6708832
33.28720474,126.671814
33.28608322,126.6701431
33.28417969,126.6671906
33.28777313,126.6648636
33.28792191,126.6647644
33.28829956,126.6648712
33.28100586,126.6686325
33.28121948,126.6684647
33.2782402,126.6674042
33.27851868,126.6654434
33.27811432,126.6657486
33.27775955,126.6626282
33.27771378,126.6622009
33.27716827,126.6564407
33.27567673,126.6519775
33.27539825,126.6516037
33.27251053,126.6482086
33.27274323,126.6478958
33.27482224,126.6503754
33.27543259,126.649765
33.27531433,126.6494598
33.27584457,126.6493073
33.27632904,126.6487732
33.27687073,126.6482391
33.27552414,126.6467209
33.27529526,126.6464844
33.27735901,126.6476822
33.27789688,126.647049
33.27817154,126.6462479
33.27940782,126.6466157
33.27829361,126.6469193
33.28013992,126.6457672
33.28771591,126.6551895
33.28746414,126.6551666
33.28702164,126.6550217
33.28676987,126.6549606
33.28615952,126.6549149
33.28551483,126.6549225
33.28516388,126.6549683
33.28504944,126.6545181
33.2843399,126.6539993
33.28364944,126.6528549
33.28320694,126.6524811
33.28283691,126.6520309
33.28275299,126.6517563
33.2843132,126.6517715
33.28461075,126.6524506
33.28507996,126.6526794
33.28239441,126.6517715
33.28171158,126.6515045
33.28126144,126.6514587
33.28104782,126.6518173
33.28069687,126.6517487
33.27996826,126.6516571
33.27968597,126.6510162
33.27946854,126.6469498
33.27703857,126.6482468
33.27736664,126.6485825
33.27791214,126.6491241
33.27851868,126.6496735
33.27918625,126.6502914
33.2796936,126.6514282
33.2791481,126.6519241
33.2786026,126.6520309
33.27814865,126.6520004
33.27765274,126.6521454
33.27680206,126.6519394
33.27604294,126.6519012
33.27774811,126.6554642
33.27814102,126.6558304
33.27819443,126.6562424
33.27775955,126.6563339
33.27891541,126.6560593
33.27948761,126.6559143
33.27968597,126.6560364
33.28046799,126.6556473
33.28076172,126.6557693
33.28111649,126.6554565
33.28116608,126.655365
33.28100204,126.6545105
33.28083801,126.653656
33.28068542,126.6535873
33.2804184,126.6528778
33.28025436,126.6524658
33.28148651,126.6554337
33.28196716,126.6553955
33.28226089,126.6553879
33.28256989,126.6553955
33.28314972,126.6553421
33.28347778,126.6552811
33.28372574,126.6552277
33.28430939,126.6550903
33.28453827,126.6550446
33.28194046,126.6601486
33.28186417,126.6605148
33.28176117,126.6613159
33.27972794,126.6582184
33.27894974,126.6571503
33.27834702,126.656456
33.27778625,126.6604233
33.28165054,126.6619644
33.28072357,126.6650009
33.28043365,126.6650009
33.279953,126.6648102
33.27951431,126.6643753
33.27968979,126.6644287
33.27991104,126.6641235
33.28024292,126.6638336
33.28026962,126.6633453
33.28020477,126.6628571
33.27985382,126.6628342
33.27888489,126.664856
33.27878571,126.6651917
33.27851868,126.6645508
33.27804947,126.6643677
33.28272629,126.6619339
33.28292847,126.6620941
33.28313828,126.6619263
33.28359604,126.66185
33.28557587,126.6618652
33.28599167,126.6617889
33.28664017,126.6613159
33.28963089,126.6611099
33.27875137,126.6617279
33.27756119,126.6625366
33.27755356,126.6628418
33.27762985,126.6636353
33.27771759,126.6644211
33.27775574,126.6652145
33.27784348,126.6657181
33.27789307,126.6666031
33.27796555,126.667366
33.27803802,126.6675568
33.27806091,126.6678772
33.27802277,126.6681595
33.27811432,126.6689682
33.27824783,126.6703491
33.27870941,126.6749115
33.27880859,126.6757813
33.27884674,126.6764984
33.27888107,126.6769104
33.27928925,126.6813736
33.27954483,126.683815
33.27960205,126.6845551
33.27968597,126.6853409
33.27999496,126.6888351
33.28003311,126.6893158
33.28005219,126.689949
33.28032684,126.6923218
33.27755356,126.6937714
33.27750778,126.6933594
33.2747879,126.6930847
33.27474976,126.6920624
33.27473831,126.6916885
33.27728653,126.6923904
33.27746201,126.6929703
33.2790947,126.6900101
33.27860641,126.6900787
33.27799606,126.6900101
33.2774086,126.6898422
33.27705765,126.6897278
33.2772789,126.6916504
33.27734375,126.6921463
33.27658081,126.689415
33.27594376,126.6892853
33.27558136,126.6893234
33.2750473,126.6894302
33.27487564,126.6907654
33.27513504,126.6888504
33.27566528,126.6887207
33.27638626,126.6890335
33.27617645,126.6881561
33.27640915,126.6880646
33.27700806,126.6882629
33.27692032,126.6885986
33.27601242,126.6881027
33.27558517,126.6881485
33.27521515,126.6881638
33.27502441,126.6886444
33.27513123,126.6878128
33.27533722,126.687355
33.27527237,126.6869278
33.27542877,126.6867065
33.27591324,126.6869431
33.2760582,126.6877213
33.27692032,126.6873169
33.27745438,126.6878357
33.27669907,126.6863785
33.27661133,126.6859589
33.27688217,126.6858673
33.27754593,126.6854782
33.27850723,126.6856155
33.27597809,126.6863785
33.27603149,126.6857147
33.27551651,126.6851425
33.27563477,126.6851044
33.27589798,126.6833267
33.27595139,126.6817856
33.27609634,126.681778
33.27621078,126.6809082
33.27628326,126.6801834
33.27630615,126.6792679
33.27610397,126.6783371
33.27593994,126.6776352
33.27780533,126.678772
33.27828979,126.6790619
33.27825214,126.6845701
33.27859879,126.6836395
33.27574539,126.6768036
33.27558517,126.6762848
33.27548981,126.6757736
33.27622223,126.6761169
33.27846146,126.6767273
33.27540207,126.6754532
33.27526093,126.6747742
33.27515411,126.6743393
33.27595901,126.6739197
33.27656937,126.6728439
33.27632141,126.671608
33.27606201,126.6719208
33.27578354,126.6721039
33.27539063,126.6727448
33.27607727,126.670845
33.27605057,126.6705399
33.27654648,126.6705856
33.27664948,126.6703949
33.27670288,126.6700134
33.27685928,126.6704865
33.27763748,126.6702652
33.27535629,126.6704865
33.27568054,126.6699066
33.27675629,126.6674805
33.27692032,126.6671143
33.27614594,126.6663132
33.27648926,126.66642
33.27707291,126.6664886
33.27685547,126.6661072
33.27700424,126.6660767
33.27750778,126.6658859
33.27695847,126.6655884
33.27701569,126.6649857
33.27678299,126.6644058
33.27734756,126.6644287
33.276577,126.6640701
33.27630234,126.6639328
33.27554703,126.6637497
33.27632523,126.6637192
33.27638245,126.6632004
33.2767601,126.6626434
33.27719879,126.6625824
33.27510071,126.6631317
33.27505875,126.6635513
33.27514267,126.6635513
33.27518082,126.6639023
33.27521896,126.6642227
33.27528,126.664711
33.27522278,126.6652145
33.27536774,126.6655807
33.27540207,126.665947
33.27545929,126.6661682
33.27543259,126.6664963
33.27538681,126.6668701
33.27530289,126.6673584
33.27516556,126.6675034
33.27522659,126.6678085
33.2751503,126.6683502
33.27519608,126.6684875
33.27507401,126.668869
33.2753067,126.668869
33.27502441,126.6692505
33.27487946,126.6696014
33.27492523,126.6698685
33.2747879,126.6702652
33.27489471,126.670433
33.27480316,126.6708832
33.27492905,126.6713104
33.27495575,126.6717911
33.27490234,126.6723557
33.27492523,126.6728592
33.27503967,126.673317
33.27507401,126.6737823
33.27539444,126.6860504
33.27550888,126.6861649
33.27481079,126.6900864
33.27153015,126.6919098
33.27032471,126.6921234
33.27030945,126.6918716
33.27036667,126.6914444
33.27045822,126.6910629
33.27054977,126.6907501
33.2723465,126.6895065
33.27159882,126.6898117
33.27135086,126.690094
33.27105331,126.6903305
33.27073288,126.6903305
33.27288437,126.6893234
33.2731514,126.689476
33.27371216,126.6896591
33.27402878,126.6896362
33.27442169,126.689682
33.27401733,126.6891556
33.2743721,126.6884003
33.27471924,126.6885834
33.2744751,126.6877365
33.2747879,126.6871109
33.27496719,126.6867981
33.27498245,126.6863632
33.27469254,126.6859818
33.27399063,126.6857605
33.27232742,126.6844635
33.27027893,126.6836777
33.26986694,126.6857529
33.26985931,126.6863785
33.2699585,126.6873703
33.2728653,126.6798172
33.27272415,126.6777267
33.27242279,126.6766357
33.27339554,126.6765137
33.2734375,126.676918
33.27347565,126.6772003
33.27351379,126.6758194
33.27374649,126.6762085
33.27464294,126.6761398
33.27348709,126.6752701
33.27321625,126.674324
33.27299881,126.6743698
33.2725563,126.6748199
33.27249908,126.6752243
33.27249527,126.6758118
33.27238083,126.6760712
33.27306366,126.6736984
33.27393341,126.67379
33.27423096,126.6741714
33.2722702,126.6735153
33.27175903,126.6735687
33.27113724,126.6742325
33.2707634,126.6751556
33.26931763,126.6744919
33.26956558,126.6743851
33.26983643,126.6742325
33.27037048,126.6741638
33.27120972,126.6737366
33.29150391,126.6782074
33.2924614,126.6790543
33.27309036,126.6729355
33.2726059,126.6715088
33.27328491,126.6712646
33.27402115,126.6707458
33.27437592,126.669342
33.27409744,126.6691513
33.27368164,126.669075
33.27404022,126.6689072
33.27308655,126.6688995
33.27281952,126.668869
33.27226257,126.6687775
33.27195358,126.669426
33.27186584,126.6698532
33.27169037,126.6706696
33.27163315,126.6717758
33.27156448,126.6724167
33.27151489,126.6728287
33.2725563,126.6732559
33.27044678,126.6719513
33.27012634,126.6726608
33.26997757,126.6738739
33.27261734,126.6679306
33.27324677,126.6678009
33.27383423,126.6679382
33.27409744,126.667923
33.27431107,126.6677933
33.27483749,126.6679153
33.27482986,126.6678085
33.27243042,126.6675644
33.27232361,126.6671371
33.27243042,126.6669312
33.27259064,126.6660614
33.27293396,126.6660614
33.27312469,126.665184
33.2740593,126.6656265
33.27431488,126.6658936
33.27458954,126.6665421
33.27500916,126.6664047
33.27497482,126.6651382
33.27472687,126.6648178
33.27439117,126.6641769
33.27433395,126.6634598
33.27465439,126.6635361
33.27369308,126.6633072
33.27336121,126.6639252
33.27328873,126.6644592
33.27161026,126.6635666
33.27191544,126.6642456
33.2716713,126.6643677
33.27132416,126.6649017
33.27067184,126.665802
33.27074814,126.6661148
33.27121353,126.6659775
33.27183914,126.6658707
33.27148438,126.647934
33.27170563,126.648407
33.27199936,126.6483231
33.27223206,126.6485672
33.27284622,126.6491928
33.27328491,126.6496353
33.27389526,126.6502838
33.27428818,126.6505966
33.27470398,126.6512222
33.27495575,126.6515579
33.27516174,126.6517105
33.27530289,126.6519852
33.27561569,126.6523972
33.27596664,126.6530304
33.27629852,126.653923
33.27639771,126.6544266
33.27657318,126.6553955
33.27666092,126.655838
33.27687073,126.657486
33.2769928,126.6582108
33.27709579,126.6588593
33.27717209,126.6595383
33.27725983,126.6603088
33.27732849,126.6611404
33.27745056,126.6620865
33.27753067,126.6623535
33.27085876,126.678688
33.27076721,126.6783371
33.2750473,126.6626205
33.27506273,126.6622993
33.27531052,126.6622849
33.27560043,126.6623535
33.27550888,126.6619492
33.27581406,126.6615982
33.27663803,126.6621323
33.27719498,126.6619873
33.27576828,126.6613007
33.27514267,126.6608658
33.27488708,126.6604996
33.27492142,126.6611252
33.27497101,126.6615982
33.27482605,126.6599655
33.27481079,126.6596909
33.27524567,126.6601868
33.27518845,126.6604156
33.2757225,126.6604309
33.27596283,126.6604614
33.27606201,126.6602173
33.27616119,126.6607056
33.27656937,126.6606674
33.27675629,126.6601715
33.27480698,126.6593475
33.27494049,126.6588669
33.27487183,126.6583633
33.27521133,126.6587982
33.27528,126.6582336
33.2757225,126.6584854
33.27581787,126.6575012
33.27617264,126.6571503
33.27474976,126.6584167
33.27470016,126.6581039
33.27459717,126.6577225
33.27449036,126.6573715
33.2747612,126.65728
33.27480698,126.6568604
33.27521515,126.6566391
33.27550888,126.6566391
33.27592468,126.6566925
33.27623367,126.6566772
33.27605057,126.6564026
33.27401733,126.6584549
33.2741394,126.6588669
33.27413177,126.6594467
33.2740097,126.6580276
33.27428436,126.6621552
33.27439117,126.6570282
33.2741394,126.6562347
33.27402496,126.6558075
33.27432251,126.6558304
33.27380753,126.6551056
33.27370071,126.6547165
33.27424622,126.6546707
33.27462387,126.6545258
33.27480316,126.655098
33.27355194,126.6542282
33.27342987,126.654129
33.27343369,126.6537781
33.2732811,126.6532593
33.27312088,126.6527328
33.27299118,126.6522751
33.27338409,126.6521072
33.29441938,126.676198
33.29476166,126.6759949
33.27396774,126.651947
33.27283096,126.6517639
33.27297592,126.6516647
33.27362823,126.6516342
33.27262497,126.6510696
33.27256393,126.6508255
33.27236176,126.6505356
33.27230072,126.650383
33.27229691,126.6499481
33.27271652,126.6498032
33.27287292,126.6501236
33.27334595,126.6507187
33.27394867,126.6511993
33.2743721,126.6509705
33.27220917,126.6496429
33.27208328,126.6491394
33.27181244,126.6487122
33.27425766,126.6515961
33.27433014,126.6518555
33.27445221,126.6524963
33.27468109,126.6533585
33.27493468,126.6542574
33.27563858,126.6544342
33.27585602,126.6540985
33.27578735,126.6555557
33.27561569,126.6561127
33.2753067,126.655426
33.275177,126.6549988
33.29551315,126.6430588
33.27915573,126.6644821
33.27414322,126.6565704
33.27407837,126.6563644
33.2739563,126.6573639
33.27380371,126.657692
33.27360535,126.6580276
33.27308273,126.6569672
33.27289581,126.6562576
33.27299118,126.6560745
33.27344513,126.6560593
33.27379227,126.6559143
33.27269363,126.6556396
33.27300644,126.6581116
33.27207565,126.6570053
33.27196121,126.6565857
33.27179718,126.6560669
33.27141953,126.6561813
33.27156448,126.6566849
33.27162933,126.6572189
33.27170181,126.6575699
33.2713623,126.6578598
33.27180099,126.658432
33.2722435,126.6583328
33.27248764,126.6584091
33.27175522,126.6587448
33.2707634,126.6586533
33.27110291,126.6584473
33.27039337,126.6584778
33.27002335,126.6582794
33.26955414,126.656189
33.26956177,126.6558914
33.26934814,126.6551971
33.26980972,126.6553955
33.27011871,126.6551666
33.27009964,126.6552811
33.2706871,126.6549606
33.2710762,126.6550827
33.27104568,126.6547012
33.27086258,126.6540146
33.27148438,126.6536865
33.27174377,126.6535873
33.2719841,126.6540756
33.27179337,126.6544342
33.27201843,126.6548843
33.27244186,126.6539001
33.2728653,126.653717
33.27310181,126.6536179
33.27272415,126.6523972
33.27238846,126.652832
33.27208328,126.6531601
33.27179718,126.6528397
33.27112198,126.6533966
33.27098465,126.6530838
33.27064133,126.6533813
33.27021027,126.6533737
33.26991653,126.6533508
33.2698288,126.6542282
33.26955414,126.6532974
33.27087402,126.6526566
33.27070999,126.6519623
33.2701683,126.6520767
33.26993561,126.6521149
33.27097702,126.6516571
33.27143097,126.6514664
33.27184296,126.6512985
33.27088165,126.6512146
33.27026367,126.6508331
33.27047348,126.6500397
33.27109146,126.6499634
33.2715683,126.6500015
33.26991272,126.6497574
33.26924515,126.6499786
33.2687912,126.6501007
33.27015305,126.6487122
33.27032852,126.6485062
33.27062607,126.6483002
33.27093887,126.648056
33.2712326,126.6480103
33.27051926,126.6477509
33.27378845,126.6553574
33.27517319,126.6646652
33.26871872,126.6479263
33.26870346,126.6484604
33.26876831,126.6491013
33.26855087,126.6497345
33.26836014,126.6498642
33.26917267,126.6488113
33.26945114,126.6488571
33.29226685,126.6539307
33.27650833,126.654953
33.27848434,126.6854019
33.2720871,126.6689987
33.29166601,126.6613872
33.3202447,126.6450172
33.31175131,126.6473631
33.28578739,126.6809856
33.28718204,126.6833852
33.28700738,126.6716682
33.27976108,126.6487799
33.27892364,126.6646782
33.2776664,126.6946261
33.27683708,126.6759972
33.27679472,126.6684808
33.27682834,126.6692563
33.27212468,126.6895953
33.27311835,126.6903485
33.27325197,126.6852119
33.27289288,126.6849395
33.27088337,126.6740121
33.27071355,126.6652409
33.27066974,126.6517519
33.28012052,126.6592782
33.28039427,126.6600594
33.27318105,126.6575301
33.27315689,126.6577609
33.27967972,126.6463194
33.28706711,126.6825134
33.28652605,126.6824805
33.28928482,126.67628
33.28991593,126.6771352
33.28431349,126.6618973
33.27281188,126.6912861
33.28656534,126.6425732
33.27093327,126.6549145
33.29633045,126.6478761
33.27704722,126.6479991
33.27681521,126.6480564
33.28059039,126.6551529
33.27652691,126.665275
33.2788244,126.6605056
33.27932368,126.6559952
33.27839111,126.6562189
33.27258248,126.6538266
33.27511088,126.6543936
33.27051071,126.6513098
33.27061626,126.6511698
33.29614963,126.6793374
33.28678137,126.6436257
33.27869655,126.6469754
33.27910881,126.6468906
33.28749021,126.6576352
33.28776834,126.6571376
33.27014065,126.6503667
33.27670604,126.6784854
33.27694049,126.6784979
33.27630275,126.678562
33.29305059,126.658306
33.29362835,126.6577454
33.29222752,126.674126
33.29418269,126.6576896
33.28150596,126.6585683
33.27435512,126.660708
33.27365159,126.6500414
33.28878197,126.6593425
33.28839072,126.6531657
33.27458409,126.6721145
33.29686127,126.6506655
33.27359657,126.6811238
33.28348664,126.6760129
33.27503025,126.6619613
33.29045944,126.6644757
33.27598788,126.6660016
33.27824402,126.6677628
33.27126189,126.6748076
33.27514531,126.6653313
33.27434241,126.6858923
33.28612388,126.6768674
33.27811286,126.6616059
33.29196033,126.6771196
33.26868624,126.6742403
33.28387456,126.6760947
33.30563516,126.6725782
33.28908425,126.6410049
33.28834799,126.655635
33.28967048,126.6669748
33.28919769,126.6671859
33.28899507,126.6672779
33.27467213,126.6662348
33.27227613,126.6730516
33.27194226,126.6729536
33.30257381,126.6780603
33.30198259,126.6791147
33.30281151,126.6754221
33.29652332,126.6483263
33.29568038,126.6467648
33.27292244,126.6647843
33.30141048,126.6589605
33.27594646,126.6750372
33.29077447,126.6693191
33.27637482,126.67202
33.27632902,126.6475029
33.27653476,126.6477221
33.2962265,126.6425323
33.28939479,126.642779
33.28858254,126.644076
33.27355618,126.6509824
33.27666049,126.6934703
33.29067282,126.6671266
33.31916983,126.6447357
33.31811464,126.6446326
33.31732085,126.6445069
33.31463621,126.6448816
33.31403541,126.6452438
33.31335698,126.6456559
33.31281789,126.6459198
33.29666922,126.6489054
33.29024009,126.6551579
33.28593961,126.661828
33.30378241,126.672612
33.28912082,126.6834963
33.27092411,126.681909
33.30946397,126.6515467
33.29790151,126.6595969
33.28644771,126.6770098
33.27988583,126.6679271
33.30376814,126.6772642
33.30484378,126.6769556
33.30554753,126.6766267
33.29330613,126.6704733
33.29230677,126.6685708
33.30698774,126.653901
33.27932972,126.6449588
33.27661236,126.6624209
33.2824878,126.6859292
33.29477834,126.6461728
33.29127624,126.6496624
33.29105107,126.6485455
33.31258392,126.7058411
33.31706619,126.7053299
33.31767273,126.7048874
33.32317352,126.7141876
33.32588577,126.710289
33.32496643,126.7105331
33.32439041,126.7112961
33.32473373,126.7316284
33.3271904,126.7207642
33.31203461,126.7047043
33.31122208,126.7065887
33.30955505,126.7102432
33.30950546,126.7112045
33.30944443,126.711937
33.30794525,126.7075119
33.30818176,126.7079468
33.30869293,126.7098465
33.30879593,126.7103882
33.30899048,126.7113876
33.30759048,126.7116394
33.30684662,126.7120819
33.30624008,126.7121735
33.30587387,126.7118378
33.30509186,126.7110291
33.30450439,126.7104645
33.29687119,126.7178497
33.30549622,126.7117615
33.30509949,126.7121887
33.30483627,126.712616
33.30358124,126.7127609
33.3081665,126.7115479
33.3090477,126.7124176
33.30861664,126.7153397
33.30829239,126.7153702
33.3080368,126.7157593
33.30632782,126.7168884
33.30957794,126.7139664
33.30959702,126.7131805
33.30963516,126.7127304
33.30955887,126.7122879
33.30447006,126.7171936
33.30316162,126.7174454
33.30294037,126.7165833
33.30288696,126.7156754
33.30127716,126.7177353
33.29755402,126.7204437
33.29669189,126.7217407
33.29254532,126.7220383
33.29205322,126.7220612
33.29170227,126.7219849
33.29057237,126.7216113
33.2885896,126.7204689
33.28771973,126.7202835
33.28775024,126.7198715
33.28753281,126.7190247
33.28761673,126.7184448
33.28881008,126.7212841
33.28913879,126.7214127
33.28950882,126.7215195
33.28985977,126.7216339
33.29019547,126.721756
33.29088593,126.722023
33.29124832,126.7221375
33.29449463,126.7223587
33.29486084,126.7223663
33.2951622,126.7223587
33.29544067,126.7223358
33.29572678,126.7223282
33.29639053,126.7221603
33.29708481,126.7218628
33.29742813,126.7217178
33.29773712,126.7215652
33.29774094,126.7223663
33.29801941,126.7232819
33.30055237,126.7208633
33.30260468,126.7191467
33.3038063,126.7191162
33.30462265,126.7191086
33.30450821,126.719635
33.30421448,126.7216568
33.30439758,126.7206573
33.30542374,126.719017
33.30546951,126.7195129
33.3053627,126.720108
33.30611801,126.7189026
33.3069458,126.7184982
33.30753326,126.7188187
33.30786514,126.7186737
33.30841827,126.7186127
33.30902481,126.7196655
33.30734253,126.7179947
33.30516815,126.7186737
33.31026459,126.7162933
33.30879211,126.7159653
33.30937576,126.7151566
33.30982971,126.715004
33.3114357,126.7189102
33.3107872,126.7190323
33.30968475,126.7196426
33.3089447,126.7202682
33.30835342,126.7207565
33.30781555,126.721344
33.30665588,126.7222977
33.30573273,126.72229
33.30472565,126.7222137
33.3039856,126.7224579
33.30213928,126.7244492
33.30409622,126.7247314
33.30558777,126.7238464
33.3068428,126.723259
33.30381393,126.727684
33.30692291,126.7247162
33.30794907,126.7230682
33.30843353,126.7229614
33.30919266,126.7228317
33.30983734,126.7223663
33.30927277,126.7211151
33.31009293,126.7222137
33.3105011,126.7220383
33.31097412,126.7219543
33.3108902,126.7224121
33.31086349,126.7227859
33.31114578,126.7229462
33.31058121,126.723114
33.31046295,126.7239532
33.31058502,126.7248611
33.31074142,126.7255859
33.31072235,126.7260437
33.31045151,126.7267075
33.31223679,126.7278976
33.30938721,126.7297821
33.30932617,126.7330627
33.30955505,126.7358475
33.30728912,126.7384491
33.30437851,126.7365875
33.3116684,126.7218552
33.31233215,126.7222214
33.31334686,126.7269211
33.30556107,126.7405472
33.31444931,126.7319489
33.31396103,126.7292175
33.31261826,126.7222977
33.31304932,126.7217178
33.31256485,126.7219238
33.3125267,126.7212067
33.31253433,126.7208786
33.31251144,126.7199631
33.31508255,126.7224274
33.31880188,126.7269592
33.32030487,126.7252884
33.32140732,126.7244415
33.32183075,126.7245331
33.32226944,126.7244263
33.32296753,126.7244186
33.32327652,126.7242203
33.32362747,126.724678
33.32391739,126.7250824
33.31656265,126.7239838
33.31764984,126.7231979
33.31454086,126.7214508
33.31409836,126.7207489
33.31710434,126.7202988
33.3259697,126.7174225
33.32285309,126.7180328
33.31552505,126.7194519
33.31633377,126.7184753
33.31690979,126.7179794
33.31576538,126.717659
33.31529617,126.7170868
33.31512833,126.7165833
33.31404495,126.7199631
33.31483459,126.7197723
33.31329346,126.7187347
33.3129921,126.7185745
33.31228638,126.7186432
33.31285858,126.7181396
33.31315231,126.7177963
33.31347656,126.7174149
33.31402588,126.7167358
33.3143158,126.7163315
33.31275558,126.7177124
33.31209946,126.7182922
33.31179047,126.7177658
33.31147385,126.7172546
33.31835175,126.7151794
33.31956863,126.7158508
33.3191185,126.7149887
33.32223129,126.7143936
33.32090378,126.7145767
33.32048035,126.7146072
33.31807327,126.7130203
33.31886673,126.712944
33.31695557,126.7140732
33.31529617,126.7146912
33.31423187,126.7150269
33.31457901,126.7148209
33.31045532,126.715332
33.31147003,126.7148743
33.31375504,126.7140656
33.31374359,126.7144394
33.31503677,126.7143173
33.31544113,126.7137527
33.31576538,126.713089
33.31567383,126.712738
33.31545639,126.7123108
33.31551743,126.7110748
33.31594086,126.7134399
33.31638718,126.7131424
33.31464767,126.7140503
33.31461334,126.7131882
33.31403732,126.7139587
33.31340408,126.7133942
33.31357574,126.7128906
33.31225967,126.7126236
33.3125267,126.7134094
33.3121376,126.7134628
33.31221771,126.7138214
33.31259537,126.7135315
33.31230545,126.714325
33.3118782,126.714447
33.31140137,126.7146988
33.31072998,126.714798
33.31045151,126.7147903
33.31012344,126.7147141
33.30993652,126.7143173
33.30991364,126.7140503
33.30997467,126.7136078
33.31002426,126.7132339
33.31008148,126.7127151
33.31081009,126.7124939
33.31149673,126.7123489
33.31196976,126.7123489
33.31000137,126.7123337
33.30989456,126.7120361
33.30979919,126.7117615
33.31036377,126.7109909
33.3106842,126.7109604
33.31051636,126.7104721
33.31010437,126.7104034
33.31119537,126.7109604
33.31143188,126.7110214
33.31180954,126.7108994
33.31236649,126.7113571
33.312397,126.711731
33.31259155,126.7120514
33.31304932,126.7118759
33.31241226,126.7106476
33.31262207,126.7103348
33.31268692,126.7098007
33.31356812,126.7090607
33.31266785,126.7091827
33.30993652,126.7098083
33.31013489,126.7093735
33.31040192,126.7088623
33.31085587,126.7078934
33.31096268,126.7075806
33.31395721,126.708313
33.31697845,126.7069016
33.31830215,126.7063904
33.31445313,126.7078171
33.31277084,126.7077484
33.31203079,126.707489
33.31122971,126.7069778
33.31155014,126.7061768
33.31199646,126.7052155
33.31229401,126.7099762
33.31158447,126.7097473
33.30284244,126.7161392
33.31083668,126.7324731
33.30328552,126.7191845
33.31625893,126.7070294
33.31053097,126.7160928
33.30880651,126.7276311
33.31596153,126.7109366
33.30881475,126.7283049
33.30399261,126.7218854
33.30179389,126.7194335
33.30894687,126.7148389
33.32349735,126.7150493
33.29436874,126.7220688
33.32423326,126.718489
33.30532387,126.7265601
33.3235566,126.7032863
33.31569642,126.7074581
33.29794546,126.7211127
33.30961266,126.7252178
33.30414089,126.7127527
33.31474613,126.7339404
33.31270519,126.7142012
33.31302274,126.714082
33.31338759,126.7139466
33.31641125,126.7203063
33.29327772,126.7153462
33.30846485,126.715976
33.30496551,126.7370196
33.30773314,126.7071223
33.31467561,126.7163264
33.31451722,126.7160611
33.31524543,126.7112357
33.31164193,126.7152241
33.30470545,126.7211234
33.29410506,126.720352
33.31828424,126.7263183
33.33305926,126.7408584
33.30240098,126.7128523
33.31278668,126.7243273
33.31954337,126.7279628
33.30192947,126.7230606
33.30295563,126.722374
33.30086517,126.7242126
33.30919752,126.725548
33.31465807,126.7049245
33.31230987,126.7309786
33.31725534,126.7268665
33.31002592,126.7195065
33.30013295,126.7287917
33.32381825,126.7179581
33.30918965,126.7154975
33.31903706,126.7056758
33.32063836,126.7050195
33.32203924,126.704201
33.2923643,126.7154403
33.31687127,126.7147016
33.30297745,126.7255675
33.29393387,126.7640152
33.29368591,126.7638855
33.29346466,126.7637024
33.29317093,126.7634811
33.29289246,126.7633896
33.29262161,126.7633743
33.29232788,126.7631912
33.29219818,126.7629013
33.29202652,126.7624817
33.29196548,126.7622681
33.29216003,126.7617645
33.29263306,126.7616425
33.29333115,126.761322
33.29366684,126.7612076
33.29415512,126.7610016
33.29457855,126.7609253
33.29523468,126.7606049
33.29538345,126.7608719
33.29602432,126.7617569
33.29699707,126.7631073
33.29244232,126.7609634
33.29206085,126.7609024
33.29137421,126.7607498
33.29109192,126.7608032
33.29076004,126.7608337
33.29154968,126.7603455
33.29154205,126.7597351
33.29152679,126.7593689
33.29202652,126.7592163
33.29201508,126.7595139
33.29240417,126.7602539
33.29312897,126.7603073
33.29327011,126.7607117
33.29304123,126.7597122
33.29346848,126.7597809
33.2938652,126.7596588
33.29434967,126.7594376
33.29463196,126.759758
33.29288483,126.7593689
33.29269028,126.7588654
33.29327011,126.7584457
33.29357529,126.7582932
33.29371643,126.7585144
33.29389954,126.7587204
33.29405212,126.7589798
33.29227066,126.7588882
33.29222107,126.7584763
33.29252625,126.7568436
33.29278564,126.7572098
33.29104996,126.7584915
33.29079819,126.7582779
33.29048538,126.7580185
33.29011917,126.7581558
33.29068375,126.7588196
33.29044342,126.758606
33.29021072,126.7583847
33.29004669,126.758049
33.28989029,126.7576752
33.29003525,126.7574158
33.29101181,126.7570114
33.29130936,126.756424
33.29206085,126.7561646
33.28870392,126.7562332
33.28830719,126.7553329
33.28783798,126.7546387
33.28762817,126.7540512
33.29036331,126.7531357
33.29119492,126.7546234
33.2894783,126.7515717
33.28850937,126.7514114
33.28821182,126.7510681
33.28802872,126.7507401
33.2877655,126.7502975
33.28750992,126.7497101
33.28875351,126.749855
33.28900146,126.7503204
33.28856277,126.7501602
33.28734207,126.7497559
33.28699875,126.7501373
33.28696823,126.7505722
33.28668594,126.7511826
33.28749084,126.7510986
33.28712463,126.749176
33.28682327,126.7490692
33.28674698,126.7492065
33.28760529,126.7490463
33.28791046,126.7494431
33.28821182,126.7488403
33.28691864,126.748497
33.28637314,126.7489243
33.28630447,126.7486954
33.28572083,126.7479248
33.28565979,126.7473221
33.28577423,126.7465439
33.28617859,126.7459412
33.28642654,126.7455902
33.28659821,126.7459717
33.28553772,126.7462234
33.28521729,126.7462311
33.28496933,126.7472839
33.28606033,126.749115
33.28543472,126.7491302
33.2857132,126.7493134
33.28523254,126.7494202
33.28481293,126.749382
33.28458786,126.7492142
33.28374481,126.7487488
33.28336334,126.7486038
33.2830658,126.7482071
33.28255844,126.747406
33.28196716,126.7466431
33.28173447,126.746315
33.28265762,126.7452545
33.28329468,126.7451172
33.28357315,126.7454529
33.28371429,126.7459488
33.28406525,126.7448959
33.28465652,126.7447662
33.28498077,126.7441254
33.28506088,126.7433777
33.28371429,126.7442017
33.28364944,126.7435455
33.28409958,126.7427902
33.28363419,126.7427826
33.28445816,126.7425766
33.2855072,126.7432785
33.28620911,126.7450867
33.28497696,126.7420273
33.28475571,126.7411499
33.28439331,126.7415848
33.28464508,126.7416077
33.28385925,126.7415314
33.28315735,126.741539
33.28271484,126.7418747
33.28240204,126.7419434
33.28199005,126.7420197
33.28223419,126.7432251
33.28184128,126.7416916
33.28159332,126.7415237
33.28140259,126.7411652
33.28079605,126.7411652
33.28023529,126.7417374
33.2796402,126.7423325
33.27959061,126.7438965
33.27986145,126.7442703
33.28015137,126.7446823
33.2804985,126.744957
33.2808876,126.7452545
33.2812767,126.7456131
33.28089142,126.7389145
33.28147888,126.7385178
33.28189087,126.7381897
33.28214264,126.7381439
33.28290558,126.7381973
33.2830925,126.7385178
33.28325272,126.7378159
33.28373337,126.7379227
33.28392029,126.737709
33.28332138,126.7374954
33.28345108,126.7370834
33.28375626,126.736824
33.28284454,126.7371826
33.28274536,126.7363968
33.28269577,126.7359543
33.28310776,126.7361145
33.28367615,126.7360611
33.28218842,126.7355042
33.28240204,126.7350845
33.28259277,126.7348251
33.2829895,126.7347717
33.28345108,126.7347717
33.28212738,126.7345886
33.28182983,126.7344818
33.28165054,126.7351761
33.2814064,126.7356491
33.28073883,126.7363892
33.2804718,126.7366486
33.28020859,126.7369843
33.28017807,126.7373657
33.28007507,126.7374191
33.28023529,126.7379761
33.28064346,126.7389221
33.28016281,126.7387238
33.28010559,126.7382965
33.28012466,126.7379532
33.2800827,126.7377014
33.27985382,126.7375336
33.27974319,126.7376785
33.27951431,126.7378769
33.27966309,126.738121
33.28179169,126.7339401
33.28190994,126.7329788
33.28232956,126.7327423
33.28210068,126.7338486
33.28278351,126.7328033
33.28252792,126.7322388
33.28229141,126.7320099
33.28206253,126.7320175
33.28164291,126.7325897
33.28105164,126.7321854
33.28063202,126.7319031
33.28045654,126.7318573
33.27977753,126.7312851
33.27982712,126.7314606
33.27963257,126.7312775
33.27933121,126.7304688
33.27949142,126.7292099
33.27958679,126.7283936
33.28098297,126.7269745
33.28185654,126.7280807
33.28245926,126.7304077
33.28227997,126.7313538
33.28145599,126.7264633
33.28170776,126.7272263
33.2819252,126.7271957
33.28202057,126.7267227
33.28261566,126.726944
33.28336716,126.7266388
33.28407288,126.7269058
33.28456116,126.7267609
33.28477567,126.7265356
33.28502655,126.7275009
33.28448868,126.7276382
33.28405762,126.7278671
33.28372192,126.728035
33.28320694,126.7282639
33.28274536,126.7284546
33.28218079,126.7287903
33.28207016,126.7284088
33.28184891,126.7276917
33.28230667,126.7292099
33.28240204,126.7296829
33.28276825,126.7295074
33.28287125,126.7301331
33.28326035,126.7299118
33.28360748,126.7298203
33.28375244,126.7294006
33.28400421,126.7298203
33.28447723,126.7297745
33.28509521,126.7294998
33.28505325,126.7285004
33.28530884,126.729599
33.28552246,126.7294312
33.28526688,126.728508
33.2856636,126.7300186
33.28578568,126.7306519
33.28577042,126.7314529
33.28497696,126.7317047
33.28501892,126.7311478
33.28505707,126.7306671
33.28512192,126.7299652
33.28421783,126.7319946
33.2837944,126.732193
33.2838974,126.7317734
33.28299332,126.732338
33.2828064,126.7314758
33.28265762,126.7308273
33.28326416,126.733345
33.2833786,126.7338943
33.28360367,126.7349625
33.28387833,126.7351456
33.28452682,126.7354584
33.2846756,126.7349319
33.28504562,126.7342072
33.28503036,126.7337036
33.28496552,126.7330093
33.28493118,126.7327194
33.28519821,126.7326584
33.28591156,126.7329483
33.28519058,126.7343674
33.28554916,126.7339706
33.28604507,126.7340775
33.28643036,126.7340469
33.28658295,126.7341003
33.28603363,126.7317352
33.28672028,126.7349701
33.28661728,126.7355194
33.28669357,126.735733
33.28654099,126.7365417
33.28581619,126.7371597
33.28575516,126.7365265
33.2855072,126.7355881
33.28562546,126.7376633
33.28496933,126.7375336
33.28455734,126.737648
33.28425217,126.7376099
33.28399658,126.7372055
33.28385925,126.736496
33.28417206,126.7359772
33.28436279,126.7391129
33.28448868,126.739563
33.28485489,126.7400055
33.28464127,126.7403107
33.28477859,126.7408829
33.28488541,126.741333
33.2857933,126.7407074
33.28572464,126.7401581
33.28541183,126.7395096
33.28523254,126.7390518
33.28630066,126.7392883
33.28779221,126.7390976
33.28789902,126.7394714
33.28750992,126.739563
33.28674698,126.7401428
33.28692627,126.7403793
33.28702545,126.741127
33.28684998,126.741272
33.28616333,126.7406082
33.28536606,126.7413483
33.28554916,126.7419205
33.28613281,126.742012
33.28636169,126.74189
33.28556824,126.7426605
33.28541946,126.7427368
33.28701782,126.7420197
33.28745651,126.7422256
33.28806686,126.7424622
33.28839493,126.7428513
33.28874207,126.7433624
33.28868484,126.7428589
33.28833389,126.7412338
33.28824234,126.7407227
33.28884506,126.7439346
33.28887177,126.7442627
33.28845978,126.7447586
33.28804398,126.7446365
33.28772736,126.7446747
33.28747177,126.743988
33.28745651,126.7430191
33.28723907,126.7449112
33.28681946,126.7451172
33.2864151,126.745285
33.28607559,126.7444687
33.28585815,126.7438889
33.28567123,126.7434235
33.28525543,126.7424164
33.28672791,126.7459641
33.28714752,126.7462234
33.28728104,126.7463608
33.28758621,126.7460632
33.28813934,126.7461472
33.28850555,126.746254
33.28845596,126.745697
33.28819275,126.7450867
33.28739548,126.7450027
33.28742599,126.7453995
33.28891754,126.7447357
33.28892517,126.7453003
33.28892899,126.7458267
33.28894043,126.74617
33.28890991,126.7493591
33.28875351,126.7495041
33.28893661,126.7497177
33.28861237,126.7493134
33.28852463,126.7489319
33.28843689,126.7474594
33.28828812,126.7472076
33.28805542,126.7473679
33.28821945,126.7476883
33.2877388,126.7476807
33.28779221,126.7478714
33.2881813,126.7485428
33.28736115,126.7470703
33.28717804,126.7467346
33.28712845,126.7498856
33.29699326,126.7626648
33.29615784,126.7614441
33.29589081,126.7610626
33.29560852,126.7606354
33.29611969,126.7598724
33.29763412,126.7590103
33.29786301,126.758255
33.29898453,126.7580032
33.30050659,126.7566376
33.3014183,126.7558517
33.30238724,126.7561417
33.30540085,126.7517395
33.30508041,126.7518463
33.30480957,126.7521515
33.30464554,126.751358
33.30370712,126.7527466
33.3022995,126.7530746
33.30062103,126.7532272
33.30301666,126.7485199
33.3029213,126.7490616
33.30335999,126.749939
33.30358124,126.7502213
33.30387115,126.7504807
33.29558945,126.7460861
33.29492569,126.7457657
33.29899597,126.7537384
33.29876709,126.7529068
33.29495621,126.7483139
33.29116058,126.7471161
33.29058838,126.7469025
33.29042435,126.747406
33.29009247,126.747757
33.28979492,126.7480316
33.28952408,126.7482986
33.28985214,126.7463074
33.28956223,126.7455521
33.28939819,126.7451706
33.28925323,126.7453842
33.28924942,126.7462006
33.28919983,126.7473221
33.28918076,126.7486801
33.28918839,126.749054
33.28919983,126.749588
33.28929901,126.750145
33.28988266,126.7515335
33.29031754,126.7523041
33.29068756,126.753006
33.29192734,126.7535782
33.29197693,126.7527466
33.29249191,126.7524414
33.29323959,126.7521591
33.29430008,126.7524261
33.29724503,126.7538681
33.29842758,126.7541351
33.29785919,126.7545319
33.29739761,126.7552109
33.29717636,126.7555618
33.2970314,126.7559662
33.29631424,126.7565536
33.29562378,126.7570496
33.29517365,126.7582016
33.29442596,126.7585068
33.29426956,126.758728
33.29446793,126.7590179
33.29483032,126.7594604
33.29523468,126.7600861
33.29411697,126.7584457
33.29393005,126.7582245
33.29368973,126.7578812
33.29352188,126.7576523
33.29314804,126.7571335
33.29273224,126.7565155
33.29227829,126.7558975
33.29182053,126.7551041
33.28923798,126.7446289
33.28922653,126.7442017
33.29006195,126.7441406
33.29059601,126.7439728
33.2912178,126.7437057
33.29190445,126.7436829
33.29252243,126.7439041
33.2923317,126.7444687
33.29196548,126.7452316
33.29235458,126.7452774
33.29301453,126.745285
33.29318619,126.745491
33.29282761,126.743515
33.29433441,126.7428589
33.29072189,126.7433701
33.29105377,126.7403564
33.29130554,126.7396927
33.29079819,126.738472
33.301548,126.7355347
33.30207825,126.7356262
33.28902817,126.7428284
33.28890228,126.7423172
33.28872681,126.741539
33.28849411,126.7402649
33.28832245,126.7394104
33.28883743,126.7390213
33.28898239,126.7403336
33.28897858,126.7407608
33.28956604,126.7387619
33.28935623,126.7382202
33.29049301,126.7382355
33.29050827,126.7372513
33.28996277,126.736557
33.28964233,126.7365875
33.29103088,126.7367325
33.29221725,126.7359238
33.29190826,126.7352524
33.29821014,126.7312698
33.28984833,126.7352371
33.2882309,126.7388153
33.28768921,126.7369308
33.28695679,126.733963
33.28746414,126.7335129
33.28776932,126.7337952
33.28776169,126.7343979
33.28791046,126.7348251
33.2881012,126.7351379
33.28849792,126.7352829
33.28792191,126.7333832
33.28820801,126.7335052
33.28960419,126.7319717
33.28728104,126.7350616
33.29052353,126.7285919
33.29014969,126.7283554
33.29105377,126.7246857
33.29156113,126.7240906
33.29197311,126.7237473
33.29213333,126.7231674
33.29266357,126.7223587
33.29295349,126.7223816
33.29325485,126.7223892
33.29357147,126.722374
33.29390717,126.7223816
33.29027939,126.7248306
33.2896347,126.7250443
33.28853607,126.7253265
33.28791809,126.7254181
33.28785706,126.7258835
33.28771591,126.7262421
33.28813934,126.7269821
33.28840256,126.7275848
33.28920364,126.7284698
33.28773499,126.7297211
33.28725433,126.7304459
33.28635406,126.7314606
33.28652191,126.7322235
33.28668976,126.7329102
33.28681564,126.7334366
33.286129,126.7306519
33.2858696,126.7296753
33.2857132,126.7291336
33.28622055,126.727478
33.28665543,126.7263489
33.28545968,126.7280284
33.28528976,126.7274094
33.28510284,126.7265701
33.28540802,126.7266312
33.28501511,126.7262344
33.28536606,126.725296
33.28554535,126.7246017
33.28488922,126.7256546
33.28472519,126.7247009
33.28565216,126.7242889
33.28601837,126.7245636
33.28642654,126.7248764
33.28697586,126.7255478
33.28728485,126.725914
33.28845596,126.7211761
33.28816605,126.721077
33.28813934,126.7207794
33.28797531,126.7210236
33.28769302,126.7209854
33.28733444,126.7210007
33.28652191,126.7210464
33.28626251,126.7210617
33.28352356,126.7333069
33.28379822,126.7333679
33.28398895,126.7331848
33.28413773,126.7329636
33.28406525,126.7327728
33.28401184,126.7325897
33.28397751,126.7324371
33.28371048,126.7324295
33.283535,126.73246
33.28343582,126.7328339
33.29587936,126.7647705
33.28302002,126.7412949
33.28066635,126.7411957
33.28216553,126.7335129
33.28876877,126.7251816
33.28691101,126.7264099
33.28964996,126.7291946
33.28114004,126.7360149
33.29118372,126.7315722
33.28933174,126.7572066
33.2954415,126.743227
33.28456978,126.7251648
33.28474045,126.725897
33.28483154,126.7263181
33.28486155,126.72664
33.28494592,126.7270812
33.28515712,126.7277958
33.28524131,126.7281552
33.28538448,126.7286888
33.28553444,126.7292332
33.28563454,126.7296596
33.28575056,126.730145
33.2858418,126.7306439
33.28594414,126.7310596
33.28615783,126.7318963
33.28626922,126.7323334
33.28642831,126.7329421
33.28650136,126.7323219
33.28638085,126.7318338
33.28610345,126.7307236
33.28593526,126.7300854
33.28582846,126.7296885
33.28555345,126.728648
33.28541698,126.7280875
33.28532829,126.7277335
33.28520546,126.727224
33.28508936,126.7267064
33.28494147,126.7260815
33.28486408,126.7257383
33.28472289,126.7250892
33.28978348,126.7298737
33.28992844,126.7305756
33.29011536,126.7314377
33.29049683,126.7315979
33.29115295,126.7317734
33.29003143,126.7489014
33.29030609,126.7481003
33.28855896,126.7523422
33.28837204,126.7525558
33.29615021,126.74543
33.29665175,126.7464283
33.29845056,126.7520411
33.2877457,126.749672
33.29304504,126.7522736
33.28760567,126.7375172
33.28771041,126.7380161
33.2878129,126.738515
33.28787022,126.7389791
33.28815833,126.7387824
33.2880223,126.738407
33.28789735,126.7379431
33.28776111,126.7374711
33.29388771,126.7586058
33.29415442,126.7589809
33.29445055,126.7594203
33.29467667,126.7597847
33.29503146,126.7602534
33.29580666,126.7613196
33.29518208,126.7600463
33.29484769,126.7596366
33.29459897,126.75924
33.29426217,126.7587551
33.29413363,126.7260958
33.29375458,126.7585602
33.29391098,126.7587814
33.29232025,126.757843
33.29223251,126.759964
33.29671478,126.7594528
33.29993439,126.7535858
33.28900146,126.7398224
33.28890228,126.7392426
33.29595566,126.7601624
33.29085159,126.7572708
33.29030991,126.7572098
33.2846489,126.7343674
33.29136276,126.7542648
33.30159029,126.7530738
33.30042841,126.7525536
33.30747083,126.7540424
33.30696206,126.7543713
33.30636289,126.7545797
33.30578609,126.7546994
33.28883362,126.7329025
33.2923584,126.7223511
33.28375244,126.7356873
33.28722382,126.7430038
33.28919955,126.7387041
33.28294994,126.7265708
33.28217005,126.7424098
33.28226573,126.7428979
33.28796062,126.7489414
33.30570988,126.7515132
33.30492547,126.7537811
33.3050223,126.7548734
33.29442009,126.7403607
33.29400237,126.7394816
33.29626318,126.7504516
33.29586319,126.7433117
33.29844774,126.7418009
33.28855882,126.7488149
33.28686189,126.7375463
33.28200838,126.7459983
33.26337051,126.6252899
33.26337051,126.6251221
33.26317215,126.6251678
33.26265717,126.6255798
33.26192856,126.6251297
33.25927734,126.6281433
33.25904083,126.6275253
33.26179504,126.6248322
33.26242828,126.6245117
33.26270676,126.6245422
33.26250458,126.6248474
33.26010513,126.6242981
33.25880051,126.6242676
33.25853348,126.6242981
33.25848389,126.6258011
33.25862503,126.626358
33.2582283,126.6242752
33.25580215,126.6234131
33.25538254,126.6232376
33.25458908,126.6232758
33.25370026,126.6233215
33.25334167,126.6234055
33.26337051,126.6261215
33.26333237,126.6289673
33.26287842,126.6294174
33.26225662,126.6294479
33.26147461,126.6298294
33.26135254,126.6301575
33.26120377,126.630043
33.26057816,126.6301498
33.26012802,126.6302032
33.25963974,126.6303482
33.25813675,126.6323013
33.26342392,126.6293182
33.26357269,126.6313477
33.26397705,126.6340637
33.26398087,126.6344757
33.26401901,126.6347733
33.2628479,126.6368103
33.26223373,126.6359329
33.26279068,126.6379089
33.26317215,126.6385803
33.26216125,126.639946
33.26208878,126.6373291
33.26184464,126.6372147
33.26200867,126.63797
33.26108551,126.6378784
33.25992966,126.6379776
33.26016235,126.6389465
33.25985336,126.6393433
33.25941086,126.6393127
33.25889969,126.6392899
33.25835419,126.6394348
33.26426697,126.6346664
33.26422882,126.634346
33.26425171,126.6339493
33.26417542,126.6334305
33.26480103,126.6330872
33.2652092,126.6324844
33.26583862,126.6313019
33.26612854,126.6307602
33.26630783,126.6304245
33.26654816,126.6299362
33.26675415,126.6295395
33.2673645,126.6303406
33.26750183,126.6307068
33.26747894,126.6311798
33.26751709,126.62957
33.26818466,126.6305923
33.26811981,126.6311874
33.26946259,126.631073
33.26896667,126.6312943
33.26920319,126.6317368
33.26889801,126.6318283
33.26945496,126.6322784
33.26890564,126.6301498
33.26890182,126.6297073
33.26906204,126.6293564
33.26898575,126.6288681
33.26893997,126.6284485
33.2702713,126.6298141
33.27073669,126.6305695
33.27105331,126.6324692
33.27149582,126.6304855
33.27085876,126.6303635
33.26363373,126.6292114
33.26375961,126.6288528
33.26575089,126.6288147
33.26530838,126.6280212
33.26479721,126.6273727
33.26443481,126.6273193
33.26425552,126.6271439
33.2636795,126.6251984
33.26402664,126.6249466
33.26400375,126.624588
33.2644577,126.6244278
33.26463699,126.6248932
33.26501083,126.6250839
33.26539612,126.6254196
33.26578522,126.6255951
33.26671982,126.6258087
33.26419067,126.6237717
33.26446915,126.6230469
33.26464081,126.6227798
33.26486969,126.6228027
33.26522064,126.6223602
33.26578522,126.6220856
33.26618958,126.6219559
33.266819,126.6221466
33.26739502,126.6229172
33.2676506,126.6231308
33.26795578,126.6234512
33.26829529,126.6237411
33.26863098,126.6239243
33.26852036,126.6263428
33.26802063,126.6268997
33.26726913,126.6261978
33.2676506,126.6276016
33.26742554,126.6280823
33.26707077,126.6288147
33.26913834,126.626976
33.26958847,126.6278305
33.26984024,126.6283188
33.27024841,126.6291962
33.26916504,126.6257935
33.26937103,126.6255188
33.26955032,126.6254883
33.26899338,126.6252518
33.26900864,126.6246338
33.269104,126.6241226
33.26991653,126.6255951
33.27005768,126.6258163
33.27005386,126.6262436
33.26983261,126.6247406
33.27010727,126.6246872
33.27092361,126.6242065
33.26977921,126.6238861
33.2699852,126.6234055
33.27032471,126.6231918
33.27022934,126.6230164
33.27099228,126.6230774
33.27132797,126.6232224
33.27054596,126.6280212
33.27174377,126.6275787
33.27289963,126.6256104
33.27302933,126.6247559
33.27331924,126.625351
33.27607346,126.6250153
33.27315903,126.6244278
33.27305222,126.6239548
33.27308655,126.6235046
33.27289963,126.6229858
33.27227402,126.6233215
33.27182007,126.6233826
33.27165604,126.6240387
33.27164078,126.6246338
33.27340698,126.6229477
33.27377319,126.6227951
33.27416229,126.6224365
33.27453232,126.6223068
33.27489853,126.6222458
33.27554321,126.6222992
33.27637863,126.6227646
33.27762604,126.6229095
33.27848816,126.6225662
33.27928925,126.6223526
33.27931595,126.622467
33.27923203,126.6213531
33.27919769,126.6208572
33.27959824,126.620842
33.28002548,126.6221313
33.28062439,126.6219177
33.28018951,126.6205292
33.27958679,126.619606
33.28131104,126.622963
33.28127289,126.6208572
33.28125,126.6195831
33.28214645,126.6188049
33.28300095,126.6188583
33.28324509,126.6172867
33.28330231,126.6162033
33.28223419,126.621315
33.28235245,126.6213989
33.28321457,126.6209946
33.28454208,126.6203995
33.28454971,126.6207581
33.2833786,126.6259842
33.28659821,126.6174316
33.28964615,126.6171188
33.28987122,126.6173706
33.29204559,126.6158447
33.29214096,126.6162872
33.2924881,126.6163559
33.28902435,126.6126404
33.29036331,126.6110611
33.29224777,126.6138306
33.28862,126.6063843
33.28829575,126.6063004
33.28813171,126.6065979
33.28772736,126.6066742
33.28763199,126.6069336
33.28725052,126.6072998
33.28707504,126.6075439
33.2876358,126.6091843
33.28775024,126.6088028
33.28799438,126.6093216
33.28948212,126.6049347
33.28927231,126.6040649
33.29024506,126.6059647
33.29064178,126.6066284
33.29124451,126.6089325
33.29180145,126.6088409
33.29123688,126.606369
33.29190063,126.6063766
33.2922287,126.6064911
33.29264832,126.606636
33.29294968,126.6066971
33.29355621,126.6065216
33.29367065,126.6058426
33.2940712,126.6057358
33.29350662,126.6053238
33.29486847,126.6055908
33.29369354,126.6070557
33.29363251,126.6074219
33.29302216,126.6079788
33.29270172,126.6087112
33.29307938,126.6085434
33.29407501,126.6070557
33.29477692,126.607338
33.29516602,126.6065216
33.29596329,126.6059113
33.29623795,126.6056519
33.29639816,126.6054153
33.29716873,126.6051865
33.29802704,126.6044769
33.29844666,126.6036606
33.29867935,126.6032486
33.299263,126.6025391
33.2997551,126.6020508
33.30067825,126.6021271
33.30181122,126.6019897
33.30226898,126.6019058
33.30281067,126.6019287
33.30408478,126.6018982
33.30585861,126.6020279
33.30718231,126.6020279
33.30758286,126.6021118
33.30815125,126.6021576
33.30938721,126.6019592
33.30950165,126.6027527
33.30083847,126.6032028
33.30088806,126.6036606
33.30205917,126.6035309
33.30273056,126.6034012
33.30091095,126.6040497
33.30083847,126.6047134
33.30167389,126.6046219
33.30233765,126.6046295
33.30103683,126.6060791
33.30115509,126.6079102
33.30163956,126.6087952
33.30076218,126.6093369
33.30083847,126.6099091
33.29950333,126.6117325
33.30002975,126.6093979
33.29883194,126.6095886
33.29738998,126.6095581
33.2972374,126.609314
33.29710388,126.6081085
33.29622269,126.6084442
33.29596329,126.6073608
33.30129242,126.6092682
33.30226517,126.6092758
33.30528641,126.6089325
33.30517197,126.6085587
33.30503464,126.6081009
33.30374908,126.605629
33.30450439,126.6059189
33.30575943,126.6053009
33.30513,126.6103439
33.3076973,126.6093979
33.30133438,126.6097794
33.30165482,126.6097031
33.30201721,126.6097031
33.3013916,126.610611
33.30144119,126.6113739
33.3014946,126.6129303
33.30151367,126.6134109
33.30151749,126.6137009
33.30152893,126.6141205
33.30220032,126.6141891
33.30317307,126.6149292
33.30322647,126.6167145
33.30374908,126.6137772
33.30405426,126.6142426
33.30474472,126.6142807
33.30422974,126.6133041
33.30472565,126.6116943
33.30793762,126.6108322
33.3091507,126.6101913
33.3093605,126.6090698
33.30955124,126.6101456
33.31017303,126.6103134
33.30060577,126.6141434
33.30042648,126.6150055
33.29989243,126.6158829
33.29936981,126.6151505
33.29983902,126.6162033
33.29799652,126.618187
33.30017853,126.6140747
33.29816055,126.6134949
33.29850388,126.6129837
33.2931633,126.6118622
33.29254913,126.6121979
33.29349136,126.6118088
33.29724884,126.6139679
33.2963829,126.6144562
33.29563141,126.6150055
33.29478455,126.6153183
33.29456711,126.6153793
33.29428864,126.6155014
33.29398727,126.6155853
33.29360199,126.6154556
33.29463196,126.615715
33.29431915,126.6158829
33.29405975,126.6160431
33.29323196,126.6200409
33.28882599,126.6241837
33.28955078,126.6227951
33.26366425,126.6314926
33.30616216,126.6099567
33.30346381,126.6091634
33.30266168,126.609265
33.29642726,126.6129687
33.29517676,126.6073806
33.30774882,126.6081027
33.30096923,126.6140653
33.29976865,126.6139712
33.29954087,126.6139347
33.30075298,126.6141105
33.30087119,126.6140697
33.2696945,126.6324467
33.2644785,126.6347197
33.27032847,126.6318778
33.27193556,126.6273174
33.28561433,126.6194843
33.2956328,126.6054728
33.29705716,126.6089719
33.29739518,126.6129053
33.26874003,126.6260645
33.26260275,126.6369062
33.25789501,126.6326544
33.29829047,126.6044489
33.29673208,126.608815
33.29598276,126.607793
33.29867271,126.6052149
33.30102297,126.6056955
33.31079716,126.6087307
33.29161248,126.615843
33.29235622,126.6143555
33.30109406,126.6067276
33.30307572,126.6137245
33.30567666,126.6121977
33.30615035,126.6115835
33.30688996,126.6113145
33.27574257,126.6254013
33.27275386,126.6232285
33.2702162,126.6267317
33.26966931,126.6270171
33.26559685,126.6317716
33.27305665,126.6231024
33.29683791,126.6141881
33.27417575,126.6288467
33.30770352,126.6070741
33.27632092,126.6213954
33.27731386,126.624703
33.2733681,126.6270446
33.30400949,126.6135512
33.26905221,126.6275631
33.26897025,126.6272911
33.25742201,126.6240978
33.27369394,126.6251364
33.31186676,126.6955414
33.31189346,126.6955795
33.31121063,126.6962204
33.31095886,126.6964493
33.3106041,126.6960983
33.31029892,126.6955185
33.30986404,126.6946564
33.310009,126.6944733
33.3104744,126.6942062
33.31075287,126.6940536
33.31115723,126.6934433
33.31153107,126.6932602
33.31177902,126.6929245
33.3094368,126.6941452
33.30999374,126.6938248
33.3086319,126.693924
33.30823517,126.6940842
33.30764389,126.6942444
33.30698776,126.6938858
33.30467606,126.6913376
33.3085289,126.6903992
33.30855942,126.6897583
33.30864334,126.6889114
33.30967712,126.6915131
33.31031036,126.6916656
33.31054688,126.6916046
33.30947113,126.6919937
33.30963516,126.6927109
33.30907822,126.6933517
33.3094902,126.6976471
33.30862045,126.6981506
33.30801773,126.6983643
33.30579758,126.6975861
33.30596542,126.6958084
33.30518723,126.7003326
33.30757523,126.7047653
33.30327606,126.6971283
33.29696274,126.6868896
33.29537201,126.687767
33.29581451,126.6800461
33.30023193,126.6828156
33.30016708,126.6837616
33.30220032,126.6834641
33.30364227,126.6861496
33.30624771,126.6864014
33.3120842,126.6951599
33.3116188,126.6947937
33.31124115,126.6948395
33.30640793,126.6995697
33.30751801,126.6989288
33.31028748,126.6971817
33.31106949,126.6965866
33.31052017,126.6973801
33.31032562,126.698082
33.31132507,126.6973038
33.31150055,126.6988907
33.31163788,126.6996689
33.31188202,126.7005386
33.31210327,126.7013245
33.31209946,126.7016754
33.31137466,126.7020035
33.31044769,126.7020569
33.31744003,126.6593552
33.31243896,126.7028198
33.3119545,126.703476
33.31158447,126.7037201
33.31282425,126.7010498
33.31316376,126.7006912
33.31246185,126.7040176
33.31288528,126.7033386
33.31346512,126.7023544
33.31393814,126.7025604
33.31913757,126.7033386
33.32134247,126.7009048
33.31380463,126.7014618
33.31390762,126.7004318
33.31414413,126.7000046
33.31476974,126.6997375
33.31509018,126.6995316
33.3153801,126.7004852
33.31571198,126.6988373
33.31601334,126.6983109
33.31594467,126.697113
33.31664658,126.6986389
33.31372452,126.6996613
33.31358719,126.6987762
33.31340408,126.6982422
33.3131752,126.6977463
33.31295776,126.6973419
33.31253433,126.6963577
33.31302261,126.6956711
33.31365204,126.6955414
33.31233215,126.6954575
33.31227493,126.6952667
33.31396484,126.6953201
33.31235886,126.6949463
33.31270599,126.6949844
33.31302261,126.694458
33.31252289,126.6938629
33.31225586,126.6941376
33.31351852,126.6949158
33.315979,126.696579
33.3275032,126.7011719
33.32794952,126.7012329
33.34079361,126.6842804
33.33559799,126.6894913
33.33579254,126.6906357
33.33585739,126.690979
33.33115005,126.6915894
33.32345963,126.6979752
33.32246017,126.7019882
33.31634903,126.6966324
33.31654739,126.6964035
33.31684875,126.695076
33.31764603,126.6949005
33.31897354,126.6903992
33.32109833,126.6918106
33.31985855,126.6923828
33.31917953,126.6926956
33.31428528,126.6955872
33.31352615,126.6941376
33.31305695,126.6932373
33.31360245,126.6929169
33.31405258,126.6919861
33.31441498,126.6914063
33.31475449,126.6911621
33.31529236,126.6907883
33.31581497,126.6902161
33.3163681,126.6899948
33.3167038,126.6897964
33.31715775,126.6894379
33.31777573,126.6889954
33.31850433,126.6884308
33.32611847,126.6845551
33.32675552,126.6839676
33.33121109,126.6802521
33.33201981,126.6798935
33.33236313,126.6796799
33.3327713,126.6795197
33.33234406,126.6775436
33.33055115,126.6745758
33.33230972,126.6780701
33.33049774,126.6804886
33.3299675,126.6810379
33.32967758,126.6813431
33.3291626,126.6819
33.32857513,126.6823654
33.32753754,126.6832123
33.32546616,126.6850357
33.3249588,126.6855469
33.32468414,126.6858139
33.32401657,126.6861572
33.3235817,126.6861496
33.32295609,126.6860657
33.32294846,126.6852188
33.32207108,126.6862411
33.32138062,126.6865311
33.32067108,126.6869049
33.32032776,126.6872101
33.31985092,126.687706
33.31915665,126.6878357
33.31869507,126.6880417
33.31620026,126.6898041
33.31375885,126.692482
33.31318665,126.6929321
33.31268692,126.6933594
33.31216049,126.6930161
33.31179047,126.6922607
33.3115654,126.6916809
33.31144333,126.6912994
33.31169128,126.6912613
33.31306076,126.6908188
33.31132126,126.6910553
33.31098175,126.6905746
33.31132889,126.6904144
33.3103714,126.6899872
33.30989838,126.6894989
33.30936813,126.6887283
33.30995178,126.6877594
33.31031799,126.6872253
33.31186295,126.6871033
33.31926346,126.6763916
33.31768799,126.6796036
33.31633377,126.6803894
33.31259155,126.6829071
33.31131363,126.6843414
33.31039429,126.6866989
33.30260468,126.6835785
33.30048752,126.6822586
33.29917908,126.6814194
33.2999649,126.6811066
33.30257416,126.6806335
33.30470657,126.6803284
33.30486298,126.6801834
33.30778885,126.6780014
33.30578474,126.6996688
33.31275625,126.6967549
33.30922383,126.6911444
33.32211352,126.6998061
33.31839722,126.6963608
33.32305324,126.6987826
33.30696976,126.6866411
33.32078353,126.699765
33.31692383,126.6957565
33.31754579,126.6975344
33.31143808,126.6978669
33.3053757,126.6855771
33.30003551,126.6819135
33.31951504,126.6972054
33.30911908,126.6943608
33.30681693,126.6940575
33.30527153,126.6925918
33.3059134,126.6932821
33.30830699,126.6877598
33.31339798,126.6937204
33.32269332,126.6863231
33.31737712,126.6976933
33.30005936,126.6833119
33.32040181,126.7022499
33.31964605,126.7029209
33.31438551,126.6947371
33.32252186,126.6912143
33.30511904,126.6910891
33.31736832,126.6797832
33.31235024,126.6822097
33.33673463,126.6943208
33.31682209,126.6960898
33.30472727,126.6995409
33.30195071,126.6807415
33.3110697,126.6821231
33.31244775,126.6932056
33.31195959,126.6926891
33.31223286,126.693813
33.31212163,126.6953302
33.3100394,126.6973911
33.31792326,126.6879296
33.31661023,126.6879154
33.31906422,126.6976674
33.31444086,126.6998794
33.30893945,126.6882891
33.3231553,126.6907784
33.31002953,126.6747497
33.30879798,126.6748617
33.30860823,126.6856527
33.31235768,126.6833614
33.32200556,126.6726768
33.32258245,126.6717671
33.32297361,126.6713683
33.30981583,126.6940013
33.31361973,126.7052569
33.30326589,126.6841005
33.29663941,126.6491257
33.29286206,126.7100761
33.316179,126.7081429
33.28682709,126.7155914
33.29439609,126.7106159
33.29645858,126.7115915
33.28260748,126.7185637
33.28109543,126.7197547
33.29403228,126.7131455
33.29655075,126.7117996
33.292474,126.701357
33.28452618,126.7341368
33.2959837,126.7449137
33.45807266,126.928688
33.4573555,126.9280548
33.45617676,126.9272003
33.45685959,126.9278488
33.45772934,126.928627
33.45950317,126.9297104
33.45918274,126.9294968
33.45898819,126.9292831
33.46570206,126.9361725
33.46635437,126.9360428
33.46695709,126.9359818
33.4673233,126.9360962
33.46765137,126.9360733
33.46820831,126.9359665
33.46868134,126.9360123
33.46836853,126.9291458
33.46811676,126.9297409
33.46789932,126.9302139
33.46767426,126.9307556
33.46744537,126.931282
33.46723557,126.9317627
33.46704102,126.9322357
33.46681976,126.932724
33.46660233,126.9332428
33.46636581,126.9337234
33.4661293,126.9342499
33.46596909,126.9346085
33.46577072,126.9350433
33.46561813,126.9352646
33.46528625,126.9351196
33.46488953,126.9348679
33.46835327,126.9287033
33.46753311,126.9288635
33.46673965,126.9294586
33.46629715,126.9303818
33.4658432,126.9312973
33.46516418,126.9319077
33.46433258,126.9319992
33.4635582,126.9315872
33.46284485,126.9308777
33.46226883,126.930275
33.46147537,126.9294891
33.4607048,126.9288635
33.45979309,126.9288483
33.45889806,126.9289488
33.45831299,126.9290237
33.45934677,126.9291
33.46023941,126.9290009
33.46097565,126.9292908
33.46172714,126.9299927
33.46244049,126.9307022
33.46305847,126.9313507
33.46382141,126.9320068
33.46475983,126.9322205
33.46563721,126.9318161
33.46662521,126.9300537
33.46715164,126.9292755
33.46797943,126.9289551
33.47131348,126.9307175
33.47106934,126.9304504
33.47060776,126.9301376
33.46973801,126.9295578
33.46883774,126.9288025
33.46870804,126.9284668
33.46876526,126.9280167
33.46878433,126.9276352
33.46879196,126.9272461
33.45043596,126.8699711
33.46879578,126.9268188
33.45220184,126.9117203
33.451931,126.9117584
33.4515686,126.9117889
33.45127487,126.9118042
33.45096588,126.9118881
33.45064545,126.9119415
33.45048523,126.9119644
33.45330048,126.9115601
33.45299149,126.9116058
33.45267487,126.9116516
33.4495163,126.9072876
33.44958878,126.9077988
33.44964981,126.9082489
33.44972992,126.9087372
33.44980621,126.9092712
33.44988251,126.9097366
33.44997025,126.9103165
33.45004272,126.9108505
33.45013428,126.9114227
33.45020676,126.9118881
33.45020676,126.9119873
33.44984436,126.9120483
33.44940948,126.9121246
33.4491272,126.9121704
33.44882202,126.9122086
33.44316864,126.9123688
33.44287872,126.9121704
33.44266129,126.9120178
33.44236374,126.9118347
33.44202423,126.9116058
33.44180679,126.9114685
33.44145584,126.9112549
33.44118118,126.9110489
33.44089508,126.9108734
33.44058228,126.9107437
33.43622589,126.9097977
33.43592453,126.9097443
33.43558502,126.9096832
33.4352951,126.9095612
33.43498993,126.9095383
33.43464661,126.9094696
33.43424606,126.9093323
33.43400192,126.9092636
33.43369675,126.9092026
33.44053268,126.9109192
33.44083786,126.9110718
33.44111633,126.9112244
33.44139099,126.9114075
33.44174194,126.911644
33.44207382,126.9119034
33.44216156,126.9119568
33.44231415,126.9120865
33.44257736,126.9122238
33.44280243,126.9123535
33.44306183,126.9125061
33.4433403,126.9126663
33.44374084,126.9129105
33.4442482,126.9129639
33.4444313,126.9129486
33.4447403,126.9129486
33.44505692,126.9129181
33.44535065,126.9129105
33.44547653,126.912674
33.44515991,126.9126968
33.44491959,126.9126968
33.44457245,126.9127045
33.4442749,126.9127045
33.44388199,126.9126587
33.44363022,126.9125824
33.44335556,126.9124832
33.44700241,126.908165
33.44753647,126.9080276
33.44807434,126.9079208
33.44858932,126.9077988
33.4491272,126.9076843
33.44935989,126.9075241
33.44884872,126.9076309
33.44827652,126.9077606
33.44778442,126.9078598
33.44725037,126.9079819
33.44672394,126.9080963
33.44701385,126.9108047
33.44691467,126.9101181
33.44684982,126.909668
33.4467926,126.9091492
33.44671249,126.9085999
33.44657898,126.9077225
33.4465065,126.9072037
33.44642639,126.906662
33.44633484,126.9061661
33.44625092,126.9055786
33.44616699,126.9049911
33.4460907,126.9044647
33.44601822,126.9039688
33.4459343,126.9034729
33.44584274,126.9028625
33.44576263,126.902298
33.44570541,126.9019623
33.44560242,126.9012375
33.44543457,126.9001617
33.44517136,126.8996429
33.44534683,126.9007187
33.44545364,126.9015732
33.44555283,126.9021225
33.44562912,126.9026184
33.44569397,126.9030838
33.4458046,126.9038162
33.44589233,126.9044189
33.44597626,126.9048996
33.44605255,126.9054337
33.44611359,126.9058533
33.44620132,126.9064102
33.4462738,126.9069519
33.44633865,126.9073944
33.44642639,126.9079742
33.4464798,126.908432
33.44658279,126.9090042
33.44665909,126.9095306
33.44672394,126.9100113
33.44680405,126.9105606
33.4468956,126.9111328
33.44694519,126.9115982
33.44701385,126.9122086
33.44882965,126.9123764
33.44904327,126.9123535
33.44936371,126.9123154
33.44975662,126.912262
33.45015717,126.9122086
33.45269775,126.9138489
33.45220566,126.9129562
33.45230103,126.9135895
33.45236206,126.9139481
33.45212173,126.9140472
33.45174408,126.9141846
33.45121384,126.9143524
33.45075226,126.9144821
33.45041656,126.9121857
33.45079041,126.912117
33.45100784,126.9120941
33.45139694,126.9120255
33.45195007,126.9119339
33.4523201,126.9118881
33.45270157,126.9118271
33.45301819,126.9117813
33.45067596,126.9143372
33.450634,126.9141312
33.45057678,126.9137268
33.45050812,126.9132767
33.45025253,126.9122849
33.45033264,126.9128342
33.45041275,126.9133377
33.45050812,126.9138794
33.4505806,126.9144669
33.45065308,126.9163284
33.45033264,126.9166718
33.44993973,126.9171143
33.44979858,126.9172974
33.44946671,126.9176102
33.44960785,126.9176025
33.44985962,126.9173584
33.45009232,126.917099
33.45042038,126.9167404
33.4507637,126.9163666
33.42840195,126.9241486
33.42842102,126.9239349
33.42834854,126.9237061
33.42824554,126.9235382
33.42808914,126.9234161
33.42795944,126.9233704
33.42777252,126.9233322
33.42757416,126.9233398
33.42738342,126.9234238
33.42725372,126.9235611
33.42713928,126.9237366
33.4270401,126.9239197
33.42691422,126.9240952
33.42682266,126.9242783
33.42674255,126.924469
33.42665482,126.9246521
33.42655182,126.9248276
33.42644119,126.9249878
33.42632294,126.9251404
33.42619705,126.925293
33.42605972,126.9254532
33.42592621,126.9255753
33.42578888,126.9257202
33.42565536,126.9258499
33.42551422,126.9260025
33.42538452,126.9261398
33.42524719,126.9262772
33.42509842,126.9263992
33.42494583,126.9265137
33.42480087,126.9266663
33.42455292,126.9269791
33.42440796,126.9278336
33.42437363,126.9280167
33.43364716,126.9093628
33.43397903,126.9094772
33.4342041,126.9095993
33.43467712,126.9096832
33.43501282,126.9097672
33.43526077,126.9098816
33.43555832,126.9098969
33.4358902,126.9099503
33.43620682,126.9099731
33.43464661,126.9097595
33.43480682,126.9101639
33.43490601,126.9106598
33.43500519,126.9111633
33.43509293,126.9116745
33.43521118,126.9122162
33.43529129,126.9127197
33.43538666,126.913208
33.4354744,126.9137878
33.43549728,126.9143219
33.43550491,126.9148865
33.43552017,126.9154358
33.43553925,126.9159546
33.43564606,126.9163895
33.43585587,126.9169312
33.43602371,126.9174118
33.43614197,126.9179611
33.43621063,126.9184952
33.43628311,126.9190063
33.43634033,126.9194641
33.436409,126.9199905
33.43647766,126.9205475
33.43654633,126.9211044
33.43651199,126.9216385
33.436409,126.922081
33.43624115,126.9227066
33.43595505,126.9230652
33.43556976,126.923378
33.43520737,126.9237137
33.4354744,126.9236984
33.43582916,126.9234009
33.43623352,126.9230652
33.43651581,126.9223328
33.43658829,126.9219055
33.43663406,126.9207382
33.43658829,126.9202499
33.43653488,126.9198227
33.43645859,126.9192276
33.43638611,126.9187393
33.43631363,126.9182129
33.43622208,126.9176025
33.43605804,126.917038
33.43583298,126.9164886
33.43572235,126.9161682
33.43566895,126.9156799
33.43564224,126.9151611
33.43564224,126.9146423
33.4356308,126.9141006
33.43559647,126.9135666
33.4354744,126.9128723
33.43539429,126.9124298
33.4352951,126.9119263
33.43519592,126.9114685
33.43509674,126.9109802
33.43498611,126.9103088
33.43497086,126.9099503
33.43418884,126.9245377
33.43401337,126.9245453
33.43383026,126.9245224
33.43367386,126.9244385
33.43349838,126.9244232
33.43332672,126.9244156
33.43314362,126.9244003
33.43297195,126.9244232
33.43280411,126.9245071
33.43264008,126.9246063
33.43248367,126.9247055
33.43231583,126.9247971
33.43214798,126.9248657
33.43199539,126.9250107
33.43169403,126.9252396
33.43155289,126.9253769
33.43144226,126.925499
33.43128586,126.9256134
33.43112183,126.9256897
33.43096161,126.925766
33.43077469,126.9258423
33.43059921,126.9259338
33.430439,126.9260025
33.43027878,126.9260635
33.43008804,126.9260788
33.42991638,126.9260635
33.42974091,126.9260254
33.4295578,126.9259567
33.42935944,126.9258881
33.42923355,126.9258347
33.42907333,126.9257889
33.42891312,126.925705
33.42873001,126.9255753
33.42860794,126.9254303
33.42850113,126.9252777
33.42838287,126.9251022
33.42829895,126.9249573
33.42821884,126.9247894
33.42820358,126.9245453
33.42830276,126.9243469
33.43663025,126.919632
33.43693542,126.9197311
33.43729019,126.9198074
33.43782425,126.9198074
33.43844986,126.9197235
33.43881226,126.9196701
33.43876266,126.9195023
33.43834686,126.9195633
33.43798828,126.9196243
33.43748093,126.9196548
33.43707275,126.9195938
33.4366684,126.9194794
33.44701004,126.9154129
33.44724655,126.9156265
33.44703674,126.9158173
33.44678879,126.9155426
33.4464035,126.9158401
33.44670105,126.9162064
33.4475174,126.9156036
33.44768143,126.916687
33.44784164,126.9177704
33.44828033,126.9188004
33.44889832,126.9195175
33.44945145,126.9201355
33.45029449,126.9211349
33.45060349,126.9218063
33.45107651,126.9228668
33.45172501,126.9236603
33.45262146,126.9240417
33.4534111,126.924469
33.45404434,126.9250488
33.45480728,126.9258347
33.45547104,126.9265289
33.45672989,126.9274826
33.4560318,126.9268341
33.45539093,126.9261703
33.45450211,126.9252396
33.45387268,126.9246292
33.45313644,126.9240875
33.45226669,126.9236832
33.45147324,126.923172
33.45101166,126.9222946
33.45061493,126.9213715
33.45001984,126.9204712
33.44939423,126.9197693
33.44871521,126.9190369
33.4481163,126.9182281
33.44791031,126.9172134
33.44777298,126.9162292
33.44766235,126.9152451
33.44760513,126.9148026
33.44750977,126.91436
33.44739532,126.9135971
33.42861557,126.9163055
33.42882538,126.9182739
33.42862701,126.91819
33.4286232,126.9180756
33.42862701,126.9179459
33.42862701,126.9178009
33.42864609,126.9177475
33.42845917,126.9177475
33.4282608,126.9177475
33.42805099,126.9177475
33.42783737,126.9177399
33.42765045,126.9177399
33.44484711,126.8976288
33.44503021,126.8986816
33.44527817,126.8990479
33.44511032,126.8981094
33.44493484,126.8970718
33.45086521,126.9145685
33.45122353,126.9144619
33.45137001,126.914412
33.45160212,126.9143392
33.45215761,126.9141558
33.45228043,126.9141099
33.45258578,126.9140102
33.45299704,126.9138686
33.44952144,126.9148494
33.44968258,126.9148143
33.44979638,126.9147779
33.44995977,126.9147293
33.45023019,126.9146444
33.45044879,126.9145769
33.44910345,126.9150421
33.44906076,126.9152438
33.44892681,126.9154778
33.44882665,126.9156984
33.44871862,126.9159271
33.44863198,126.9161449
33.44477349,126.8972148
33.44491162,126.8979809
33.44497502,126.8983344
33.44509167,126.8990306
33.44514493,126.8993895
33.44525822,126.900114
33.44531144,126.9004272
33.44539189,126.9009608
33.44544628,126.9013251
33.44552333,126.9018479
33.4457692,126.9035214
33.44586322,126.9041276
33.44617132,126.9061586
33.44626078,126.9067205
33.44640464,126.907699
33.44655985,126.9087932
33.44662555,126.9092475
33.44675588,126.9102355
33.44685777,126.910882
33.44705056,126.91098
33.44697924,126.9105404
33.44674468,126.908797
33.44669132,126.908262
33.44646832,126.9069501
33.44639696,126.9064703
33.44629616,126.9058184
33.44620783,126.9052646
33.44613192,126.9047498
33.44567311,126.9017039
33.44564252,126.9014996
33.44554843,126.9008154
33.4454895,126.9004149
33.4454204,126.899974
33.44532187,126.8993786
33.44524812,126.8987737
33.44518472,126.8984215
33.44506252,126.8978342
33.44498554,126.8974243
33.44027525,126.9106145
33.43992578,126.9104912
33.43956958,126.9103975
33.43918859,126.9103172
33.43884593,126.9102557
33.43850102,126.9101943
33.43816062,126.9101355
33.43779317,126.9100713
33.43744149,126.9100072
33.43708531,126.9099457
33.43669249,126.9098775
33.43667008,126.9100483
33.43705613,126.9101178
33.43741682,126.9101792
33.43777751,126.9102434
33.43814271,126.9103049
33.43848312,126.9103771
33.43882803,126.9104332
33.43915039,126.9104786
33.43955167,126.9105696
33.43989886,126.9106687
33.44021676,126.9107732
33.43343148,126.9091147
33.4330809,126.9090076
33.43276639,126.9089125
33.43243384,126.9088106
33.43210017,126.9087102
33.43175636,126.9086097
33.4314328,126.9084716
33.43105742,126.9083524
33.4307136,126.9082479
33.43035402,126.9081636
33.43001246,126.9080658
33.42967766,126.9079587
33.42931467,126.9078367
33.42895957,126.9077202
33.42861574,126.9076049
33.42824711,126.907479
33.42791682,126.9073718
33.42756285,126.9072526
33.42722916,126.907136
33.42689095,126.9069898
33.42788201,126.9075426
33.4282202,126.9076538
33.42858882,126.9077743
33.42893377,126.9078909
33.42927422,126.9080115
33.42963383,126.9081267
33.42998556,126.9082635
33.43030118,126.9083357
33.43068332,126.9084536
33.43103728,126.9085594
33.43140816,126.9086746
33.43174747,126.9087805
33.43209693,126.9088957
33.43241932,126.9089867
33.43277216,126.9090993
33.43312612,126.9091997
33.43339441,126.9092882
33.42648286,126.9068532
33.42609168,126.9067125
33.42573657,126.9065771
33.4253792,126.9064417
33.42503197,126.9063023
33.42466558,126.9061562
33.42462176,126.9063337
33.42496452,126.9065269
33.42536023,126.9066958
33.42566012,126.9068326
33.42597127,126.9069532
33.42622492,126.9070403
33.42650898,126.9071179
33.45428403,126.9113813
33.45393694,126.9114274
33.45360564,126.9114815
33.45326775,126.9117857
33.45362611,126.9117504
33.45395065,126.9116828
33.4543721,126.9116125
33.40212631,126.8641663
33.40243149,126.8644485
33.40256119,126.8649521
33.40258408,126.8646317
33.40265274,126.8644791
33.40299988,126.8645401
33.40264511,126.8642044
33.40250778,126.8639526
33.40232086,126.8641129
33.37094498,126.8697662
33.36729431,126.8676529
33.3675499,126.8678207
33.36777115,126.867981
33.3679924,126.8681335
33.3682251,126.8682938
33.36837769,126.8684082
33.36853409,126.8685226
33.36886215,126.8687439
33.36903763,126.8688507
33.36931992,126.869072
33.36956024,126.8692322
33.36978149,126.8690796
33.36954498,126.8689346
33.36930084,126.868782
33.36901093,126.8685989
33.36883163,126.8684235
33.36836243,126.8681564
33.36809158,126.8680038
33.36786652,126.867836
33.36761475,126.8676682
33.36740875,126.8675232
33.36721802,126.8673935
33.36698532,126.8672333
33.37781143,126.8424988
33.37783051,126.8421478
33.3779335,126.841362
33.3777504,126.841629
33.3776207,126.8418198
33.37722778,126.8424835
33.37739944,126.8422546
33.37759018,126.8421783
33.36422776,126.8656565
33.36574809,126.8666669
33.36622629,126.8669831
33.36660071,126.8672163
33.36688945,126.8674253
33.36715336,126.8675996
33.36673121,126.8670012
33.36640638,126.8667679
33.47116852,126.9308701
33.47117996,126.9311523
33.47125626,126.9314804
33.47146225,126.9318314
33.4715004,126.9321671
33.47153473,126.9325409
33.47161865,126.93293
33.47171021,126.9333115
33.47174072,126.9336624
33.47172928,126.9339218
33.47160339,126.9341278
33.47140503,126.9342499
33.47124481,126.9344711
33.44984818,126.8514862
33.45016479,126.8515472
33.45047379,126.8526688
33.45046234,126.8523254
33.45046234,126.8520584
33.45046616,126.8517609
33.45044327,126.8512878
33.45034027,126.8500137
33.4503212,126.8503113
33.45031738,126.8506546
33.45029068,126.8510666
33.4481926,126.8764343
33.44800186,126.8768005
33.44739532,126.8771591
33.44651413,126.8774567
33.44564819,126.877739
33.44474792,126.8777542
33.44384003,126.8777542
33.4428215,126.8777313
33.44205475,126.8777313
33.44115448,126.8777237
33.44023514,126.8777237
33.43958282,126.877655
33.43971252,126.8778305
33.44061279,126.8778458
33.44151306,126.8778534
33.44241333,126.877861
33.4432869,126.8778687
33.44429779,126.8778763
33.44519043,126.8778915
33.4461174,126.8777084
33.44699478,126.8774185
33.4478302,126.8771133
33.44823074,126.8766556
33.44561005,126.8850555
33.4458046,126.8851776
33.44594955,126.8853531
33.44603729,126.8855591
33.44650269,126.8864517
33.44641495,126.8861008
33.44633484,126.8858948
33.44623566,126.8856583
33.44619751,126.8854065
33.44654846,126.8848724
33.44633102,126.8850174
33.44614029,126.8849945
33.44350433,126.88974
33.44368362,126.8908539
33.44382858,126.8918839
33.44405746,126.8932266
33.44425964,126.8944321
33.44446564,126.8954468
33.44463348,126.8964462
33.44473267,126.8959274
33.44453812,126.8948898
33.44435883,126.8937531
33.44415283,126.8925323
33.44397354,126.8913345
33.44373322,126.890007
33.44362259,126.8893127
33.4434967,126.88871
33.44339371,126.888298
33.44322205,126.8877106
33.44306946,126.8871765
33.44292068,126.8866806
33.44277573,126.8861618
33.4426384,126.885643
33.44253159,126.8851166
33.44246674,126.8846054
33.44241333,126.8840866
33.44225311,126.8842773
33.44232559,126.8848267
33.44239807,126.8854752
33.44254303,126.8860245
33.44265366,126.8864288
33.44281769,126.8870087
33.44293594,126.8874283
33.44311905,126.8880081
33.4432373,126.8884354
33.44334793,126.8889008
33.44236374,126.8836823
33.44248199,126.8833694
33.44248199,126.8830566
33.44231796,126.8827286
33.44216537,126.8824768
33.44181824,126.8823318
33.44187164,126.8825684
33.44182205,126.8828735
33.44207764,126.8831482
33.44215012,126.8835297
33.44178391,126.8818207
33.44118881,126.880806
33.44081497,126.8801804
33.44046783,126.8795853
33.44000626,126.8787842
33.43968964,126.8781891
33.43950653,126.8775558
33.43937302,126.8769836
33.43924713,126.8755417
33.43912888,126.8747101
33.43896866,126.8739624
33.43876266,126.8732376
33.43873978,126.873703
33.43889999,126.8743744
33.43905258,126.8753128
33.4391098,126.8758698
33.43915939,126.8765106
33.43925858,126.8773575
33.43943787,126.878006
33.43976593,126.8787079
33.44010544,126.879303
33.44052505,126.8800125
33.44093704,126.8807297
33.44124985,126.8812561
33.44147873,126.8816681
33.43876266,126.8729858
33.43881607,126.8726578
33.43884277,126.8724594
33.43887329,126.8722534
33.43890762,126.8720703
33.43819427,126.872139
33.43826294,126.8723602
33.43835449,126.872551
33.43840027,126.8727188
33.43846512,126.8730621
33.43852997,126.8732376
33.45054428,126.8701
33.45058461,126.8698607
33.45059784,126.8695891
33.4503776,126.8702132
33.45045601,126.8697479
33.45046017,126.8694145
33.45044636,126.8691483
33.43841563,126.8599972
33.43841417,126.8607056
33.47546387,126.9001389
33.47585297,126.8999329
33.4763031,126.8997116
33.47677994,126.8994598
33.47717285,126.8992462
33.47758484,126.8990402
33.47754288,126.89888
33.47711182,126.899086
33.47677612,126.8992691
33.47622681,126.8995514
33.47578812,126.8997803
33.47541809,126.8999786
33.472435,126.9015274
33.47200012,126.9017563
33.47159195,126.9019623
33.47122192,126.9021301
33.47093582,126.902298
33.47072601,126.9024811
33.47045898,126.9027176
33.47021484,126.9030228
33.47003174,126.9033432
33.46985626,126.903656
33.47002029,126.9037552
33.47021484,126.9034576
33.47037888,126.9032059
33.47062683,126.9029007
33.47089005,126.9026871
33.471138,126.9024734
33.47138596,126.9022903
33.47165298,126.9021149
33.47206116,126.9019012
33.4724884,126.9016876
33.47278595,126.9015274
33.47308731,126.9013824
33.47335815,126.9012604
33.47369766,126.901062
33.47429276,126.9007416
33.47464752,126.9005585
33.4749527,126.9004059
33.47523499,126.9002457
33.4825058,126.9016266
33.48202133,126.9016495
33.48159027,126.9018326
33.48121262,126.902153
33.48085785,126.9024506
33.48046875,126.9027786
33.48012924,126.9030533
33.47973251,126.9033966
33.47943878,126.9037018
33.47917175,126.9041443
33.47899246,126.9046326
33.47886658,126.9051743
33.47875977,126.9056778
33.47864151,126.9062195
33.47853851,126.9067307
33.47841644,126.9072495
33.47831345,126.9077454
33.47818756,126.908226
33.47899246,126.9098587
33.47938538,126.9116669
33.479496,126.9136276
33.47922897,126.9139404
33.47904205,126.9136963
33.47898483,126.9134598
33.47857285,126.9134293
33.47839355,126.9133301
33.4782753,126.9130859
33.47843933,126.8987503
33.47861862,126.8992157
33.47880936,126.8997192
33.47898865,126.9001923
33.4791832,126.9007034
33.47932053,126.9011536
33.47935867,126.9016953
33.47956085,126.9020462
33.47992325,126.9024658
33.4776268,126.8961639
33.47771454,126.8965759
33.47781372,126.8970032
33.47793579,126.8973694
33.46970279,126.9039723
33.46956323,126.9042145
33.46937641,126.9045589
33.46917606,126.90489
33.46899598,126.9052075
33.46912232,126.9053607
33.46932941,126.9049947
33.46951622,126.9046314
33.46968504,126.9043327
33.46982235,126.9040959
33.47416673,126.9082344
33.37106323,126.8700256
33.37137222,126.8701935
33.37166977,126.8703537
33.37189102,126.8704758
33.37217331,126.8706284
33.37249756,126.8708191
33.37277222,126.8709717
33.37302399,126.8711243
33.37334824,126.8713379
33.37362671,126.871582
33.37393951,126.8717957
33.37411499,126.8719101
33.3743782,126.8720703
33.37465286,126.8722534
33.37494278,126.8724594
33.37525558,126.8726883
33.37555695,126.8729019
33.3758049,126.873085
33.37610245,126.8733139
33.37620163,126.8731461
33.37588882,126.8729401
33.37564087,126.872757
33.37534714,126.8725433
33.37501907,126.8723145
33.37473679,126.8721085
33.37446976,126.8719177
33.37420273,126.8716965
33.37401962,126.8715591
33.37375641,126.8713531
33.37342453,126.8711319
33.3730545,126.8709183
33.37285614,126.8707886
33.37255478,126.8706436
33.37222672,126.8704758
33.37194443,126.8703156
33.37172318,126.8701935
33.37151337,126.870079
33.37751389,126.874321
33.3787117,126.8751602
33.37933731,126.8756104
33.37978363,126.875885
33.3802948,126.8761902
33.3810997,126.876564
33.3820076,126.8770142
33.3824234,126.8772202
33.38306427,126.8775787
33.38367462,126.8781357
33.38511658,126.8798904
33.38577652,126.8810806
33.38597488,126.8817139
33.38450241,126.8791428
33.38471222,126.8794022
33.38491821,126.8796539
33.38534164,126.880188
33.38551712,126.8805008
33.38565063,126.8807831
33.38591385,126.8814926
33.38613892,126.8820724
33.38624573,126.8823013
33.38635635,126.8826065
33.38647079,126.8829041
33.38659286,126.8832169
33.38676071,126.8835983
33.38694763,126.8839645
33.38710403,126.8842697
33.38726807,126.8845978
33.3874855,126.8849487
33.38760376,126.88517
33.38774109,126.8853989
33.38795853,126.8857422
33.38814926,126.886055
33.38832092,126.8863449
33.38848114,126.8866196
33.38863754,126.8868866
33.38882828,126.8872147
33.38900375,126.8874893
33.38922501,126.8878098
33.38942719,126.8880615
33.38964462,126.8882904
33.38994217,126.8885498
33.39017105,126.8887177
33.39048004,126.888916
33.39073563,126.8890915
33.39110947,126.8893433
33.39139557,126.8895264
33.39169312,126.8896942
33.39201736,126.8898773
33.39211273,126.8896713
33.3917923,126.8894653
33.39150238,126.8892822
33.39122009,126.889122
33.3908844,126.8889313
33.39057541,126.8887711
33.39030838,126.8886032
33.3900795,126.888443
33.38979721,126.8882065
33.389534,126.8879318
33.38933563,126.8876877
33.38910294,126.8873596
33.38895798,126.8871155
33.38876724,126.886795
33.38860703,126.886528
33.38843918,126.8862381
33.38827133,126.8859558
33.38808823,126.8856277
33.38788986,126.8852921
33.3877449,126.8850479
33.38758469,126.8847656
33.38740921,126.8844833
33.38723373,126.8841782
33.38706207,126.883873
33.38687515,126.8834915
33.38672638,126.8831329
33.38654327,126.8826752
33.38640594,126.8823013
33.38630676,126.8820343
33.38622665,126.8817444
33.38612366,126.8813858
33.38588333,126.8807755
33.38553238,126.8801956
33.38537216,126.8799591
33.38518524,126.8797226
33.38499069,126.8794785
33.38481903,126.8792801
33.38599396,126.8810501
33.38569641,126.8804245
33.38411713,126.8784256
33.3835144,126.8777084
33.38299942,126.8772583
33.3822403,126.8768768
33.38161469,126.8766327
33.38064194,126.8761444
33.38012314,126.8758926
33.3796463,126.875618
33.37896729,126.875145
33.37817001,126.8745728
33.37724304,126.8738785
33.39243698,126.8901215
33.39273453,126.8902893
33.39299774,126.8904495
33.3932457,126.8906555
33.39348221,126.8905334
33.39322662,126.8903885
33.39295959,126.8902283
33.39265442,126.8900375
33.39241028,126.8898773
33.39060593,126.8546829
33.39052582,126.8543396
33.3904953,126.8538589
33.3905983,126.853569
33.39051056,126.8533249
33.3902626,126.8531876
33.3902092,126.8534393
33.39027786,126.8538055
33.39015961,126.8541183
33.39021683,126.854454
33.39037323,126.8543777
33.34713364,126.8522644
33.34694672,126.8520203
33.34677505,126.8518219
33.34660339,126.8515854
33.34640884,126.851326
33.34623337,126.8511124
33.34606552,126.8508911
33.34587479,126.8506546
33.34567642,126.8503876
33.34545517,126.8501053
33.34522247,126.8498077
33.34505844,126.8495865
33.34489441,126.8496933
33.34511566,126.8499603
33.34534454,126.8502731
33.3455925,126.8505478
33.3457756,126.8507919
33.34595108,126.8510437
33.34612274,126.8512878
33.34629822,126.8515244
33.34646988,126.851738
33.3466568,126.8519669
33.34685135,126.8521881
33.34704208,126.852417
33.34258652,126.8468933
33.34284973,126.8471451
33.34318542,126.8475189
33.34345245,126.8478012
33.34380341,126.8482285
33.34412003,126.8486557
33.34446335,126.8490906
33.34457397,126.8489304
33.34422302,126.8484879
33.34391022,126.8480988
33.34358978,126.8477173
33.34332657,126.8474121
33.34296417,126.8470383
33.34268188,126.8467484
33.3463974,126.8520126
33.34629822,126.852356
33.34622574,126.852684
33.34610367,126.8529968
33.34600449,126.8532181
33.34589386,126.8537369
33.34559631,126.8550491
33.34541321,126.8553772
33.34521866,126.8557281
33.34575272,126.8548813
33.34588623,126.8544769
33.34596634,126.8540573
33.34725189,126.8526611
33.3474884,126.8529358
33.34770584,126.8532028
33.34793472,126.8534622
33.3481102,126.8536835
33.34838104,126.8540039
33.34858704,126.8542557
33.34869003,126.8541336
33.34848404,126.8538818
33.34827805,126.8536453
33.34801483,126.8533249
33.34780121,126.8530655
33.34757233,126.8527908
33.34733582,126.8525085
33.34884032,126.8545624
33.35277223,126.8586975
33.3525003,126.8584213
33.35220187,126.8581304
33.35189045,126.857818
33.35169972,126.857586
33.3514323,126.8573125
33.35115811,126.8570389
33.35091666,126.8568043
33.35063909,126.8565282
33.35040102,126.8562962
33.35012344,126.8560106
33.34985827,126.8557412
33.34961113,126.8554622
33.34936961,126.8551766
33.34910327,126.8548668
33.35288918,126.8584704
33.35262176,126.8581955
33.35236339,126.8579515
33.35208809,126.857678
33.35178914,126.8574354
33.35152231,126.857178
33.35125263,126.8569085
33.35101005,126.8566685
33.35072797,126.856391
33.35050907,126.8561725
33.35022247,126.8558856
33.34996745,126.8556201
33.34971129,126.8553345
33.34946978,126.855061
33.34919554,126.8547391
33.34894724,126.8544414
33.35553028,126.861375
33.35529559,126.8611403
33.3550248,126.8608735
33.35479802,126.860651
33.35456334,126.8604163
33.35429593,126.8601522
33.35404545,126.8598988
33.3537454,126.8596682
33.35350393,126.8594175
33.35324895,126.8591816
33.35301427,126.8589496
33.35534949,126.860967
33.35511706,126.8607324
33.3548993,126.8605125
33.35466011,126.8602832
33.35437353,126.8600043
33.35412756,126.8597563
33.35388716,126.8594531
33.35363667,126.8592024
33.3534697,126.8590482
33.35309509,126.8586661
33.35587671,126.8617679
33.35572553,126.8616218
33.35587075,126.8614752
33.35557853,126.8611936
33.36199951,126.8649902
33.36225128,126.8650513
33.36279297,126.8651962
33.36308289,126.865242
33.36338043,126.8653412
33.36365128,126.8654175
33.3639183,126.8654785
33.36401749,126.8652725
33.36373138,126.865181
33.36343765,126.865097
33.36299515,126.864975
33.36271286,126.8649521
33.36245728,126.8649063
33.36222839,126.8648605
33.36171708,126.8649257
33.36135182,126.8648403
33.36101138,126.8647683
33.36067883,126.8646936
33.3603474,126.8646202
33.36000583,126.8645455
33.35968004,126.8644735
33.35933169,126.8643841
33.35897993,126.8642638
33.35864616,126.8641165
33.35840935,126.863992
33.3581274,126.8638152
33.35783865,126.8636048
33.35759386,126.863401
33.35731293,126.8631328
33.35704215,126.8628674
33.35678152,126.8626099
33.35651413,126.8623484
33.35625688,126.8620897
33.3620066,126.8648097
33.36174393,126.8647483
33.36138094,126.8646643
33.3610326,126.864591
33.3607102,126.8645203
33.3603799,126.8644523
33.36002706,126.8643763
33.35969449,126.8642935
33.35936419,126.8642121
33.35908233,126.8641186
33.35879142,126.8639995
33.35847454,126.8638334
33.35818583,126.8636539
33.3579467,126.8634784
33.35767708,126.8632411
33.35740069,126.8629944
33.35714232,126.862741
33.35687717,126.8624755
33.35660751,126.8622059
33.35637509,126.8619767
33.35614267,126.8617474
33.36410821,126.8655788
33.36456384,126.8658601
33.36479391,126.8660075
33.36520222,126.8663131
33.36591914,126.8664275
33.3655695,126.866189
33.3652537,126.8659772
33.36487926,126.8657253
33.36452739,126.8655056
33.36425224,126.865361
33.46879959,126.926384
33.46880722,126.9259644
33.46880722,126.92556
33.46880341,126.9251328
33.46881485,126.9247055
33.46248245,126.9101639
33.46227646,126.9102249
33.46234512,126.9104385
33.46255112,126.9103775
33.46276093,126.9103699
33.46192932,126.9102325
33.46292496,126.9102249
33.46320724,126.9100723
33.46336365,126.9099655
33.46352386,126.9098663
33.46397781,126.909523
33.46427536,126.9093552
33.46455383,126.9092102
33.46482468,126.9090424
33.46511459,126.9088364
33.46543503,126.9086304
33.46577072,126.9084244
33.4661026,126.908226
33.46635437,126.9080582
33.46624756,126.9078827
33.46595001,126.9080505
33.46566391,126.9082336
33.46538544,126.9084015
33.46515656,126.9085236
33.46483994,126.9087143
33.46453094,126.9089203
33.46426773,126.9090958
33.46401596,126.9092865
33.46358109,126.9095688
33.46333694,126.9096985
33.46318436,126.9097977
33.46301651,126.9098892
33.46274567,126.9099808
33.4617424,126.9103088
33.46151733,126.910347
33.46124649,126.9103928
33.46093369,126.9104538
33.46061707,126.9104996
33.46033859,126.9105377
33.46004105,126.910553
33.45973969,126.9105835
33.45940781,126.9106369
33.45914078,126.9106827
33.4588089,126.9107285
33.45881271,126.9109421
33.45909882,126.9109192
33.45942688,126.9109116
33.45970535,126.9108734
33.45991898,126.9108124
33.4602623,126.9108047
33.46068192,126.910881
33.46090317,126.9107056
33.46119308,126.9106522
33.46144104,126.9106216
33.46198654,126.9105453
33.45444107,126.9132004
33.45389175,126.9134216
33.45354462,126.9135208
33.45316315,126.913681
33.45467241,126.9131597
33.45482171,126.9131112
33.45503128,126.9130424
33.45529834,126.9129695
33.45332604,126.9137446
33.45377785,126.913572
33.45426685,126.91339
33.45472668,126.913407
33.45496802,126.913634
33.46396101,126.9136251
33.46372737,126.9131292
33.46347344,126.9126225
33.46320483,126.9120849
33.46295993,126.9116038
33.46270825,126.9111025
33.46880123,126.9216712
33.46880715,126.9221243
33.46882328,126.9226716
33.46885279,126.9230199
33.46885305,126.9234273
33.46886565,126.9237622
33.46886583,126.9240567
33.46661097,126.9078565
33.46680922,126.9077191
33.46875734,126.9055843
33.46860203,126.9058642
33.46833414,126.9063136
33.46809769,126.9066124
33.46780036,126.9068789
33.46730697,126.9072022
33.46700508,126.9073961
33.46677753,126.9075416
33.46649366,126.9077167
33.46730487,126.9074039
33.46761803,126.9072045
33.46788837,126.9070187
33.46818571,126.9067629
33.46848299,126.9064264
33.46874645,126.9060872
33.46894004,126.9057455
33.45846481,126.9107774
33.45814251,126.9108181
33.45781572,126.9108722
33.45740553,126.9109344
33.45706746,126.9109751
33.45671586,126.9110212
33.45641611,126.9110645
33.4561096,126.9111133
33.45578054,126.9111593
33.45539739,126.9112108
33.45508637,126.9112595
33.4546266,126.9113326
33.45463354,126.91158
33.45490625,126.9115367
33.4552353,126.9114825
33.45571987,126.9114175
33.45612329,126.9113553
33.45640502,126.91132
33.45671153,126.9112713
33.45706313,126.9112279
33.4574012,126.9111738
33.45779787,126.9111223
33.45815171,126.9110655
33.45851006,126.911014
33.40478134,126.8965836
33.40511322,126.8966751
33.40544128,126.8967667
33.40574646,126.8968582
33.40606689,126.8969574
33.40636444,126.897049
33.40663147,126.8971558
33.40684509,126.8972244
33.40720749,126.8973541
33.40753937,126.8974991
33.40784073,126.8976135
33.40820694,126.897789
33.40853119,126.8978958
33.40882111,126.8980103
33.40916061,126.8981476
33.40951157,126.8983002
33.40977097,126.898407
33.41007996,126.8985596
33.41036224,126.898674
33.41062164,126.8987961
33.41081238,126.8988876
33.41118622,126.8990784
33.41150284,126.8992386
33.41175461,126.8993607
33.41213989,126.8994675
33.41246033,126.8996124
33.41278839,126.8997498
33.41301727,126.8998642
33.41326904,126.8999863
33.413517,126.900116
33.4138031,126.9002838
33.41402817,126.900383
33.41428375,126.9005127
33.41467285,126.9007263
33.41470337,126.9005585
33.41432571,126.9003448
33.41407394,126.9002151
33.41384506,126.9000854
33.41359329,126.8999481
33.41333008,126.899826
33.41304779,126.8996964
33.41270065,126.8995285
33.41215515,126.899292
33.41181183,126.8990402
33.41157532,126.8990097
33.41124725,126.8988495
33.41093445,126.8987198
33.41066742,126.8986359
33.41038132,126.8985138
33.4100914,126.8983688
33.40977478,126.8982391
33.40947723,126.8981018
33.40917969,126.8979721
33.40863037,126.897728
33.40819931,126.8975296
33.40790176,126.8974075
33.40758514,126.8972778
33.40725708,126.8971481
33.40697861,126.8970566
33.40671921,126.8969421
33.40641403,126.8968506
33.4060936,126.8967819
33.40546417,126.8965912
33.40515518,126.8964996
33.40480804,126.8964005
33.41592789,126.9015427
33.41618347,126.9017181
33.41645432,126.9019089
33.41672134,126.9021149
33.41700745,126.9023285
33.41724396,126.9025269
33.41751099,126.9027252
33.41786194,126.902977
33.41819382,126.9031677
33.41852188,126.9033356
33.41875839,126.9034576
33.41901779,126.9035797
33.41938019,126.9038391
33.41967773,126.9039001
33.41997528,126.9040451
33.42026901,126.9041901
33.41531643,126.9011253
33.41556676,126.9012917
33.41577425,126.9014366
33.42031479,126.9040375
33.4200325,126.9039001
33.41974258,126.9037476
33.41942215,126.9036026
33.41908646,126.9034348
33.41880798,126.9032974
33.41854858,126.9031754
33.41827393,126.9030228
33.41795349,126.902832
33.41759109,126.9025879
33.41732788,126.9023819
33.4170723,126.9021759
33.41679382,126.9019699
33.41652679,126.9017715
33.41625977,126.9015732
33.41601181,126.9013977
33.41583046,126.9012672
33.41562072,126.9011236
33.41545045,126.9010096
33.4107399,126.9078293
33.41086578,126.907341
33.41096115,126.9068375
33.41087341,126.9062881
33.41094971,126.9058151
33.4108696,126.9054184
33.41068268,126.9049683
33.41065216,126.904686
33.41107559,126.9037704
33.41133118,126.903244
33.4114418,126.9026566
33.4118309,126.9022598
33.41210938,126.9018631
33.41226959,126.9013519
33.41229248,126.9008636
33.41192245,126.9004669
33.41150665,126.9001846
33.41152573,126.8999023
33.41162872,126.8995132
33.40850449,126.9036789
33.40890121,126.9035187
33.40930557,126.9035492
33.40977097,126.9036636
33.41007996,126.9042282
33.39361954,126.8909302
33.39401245,126.8910675
33.39427185,126.891243
33.39455032,126.8914413
33.3945961,126.8912659
33.39430618,126.8910675
33.39403534,126.8908844
33.39378357,126.8907166
33.42429917,126.9059819
33.42399926,126.905825
33.42366329,126.9056587
33.42333182,126.9054991
33.42298345,126.9053395
33.42267791,126.9051866
33.42234644,126.905023
33.42201723,126.9048567
33.42166434,126.9046878
33.42133851,126.9045269
33.42101042,126.9043673
33.4206688,126.9041983
33.42062273,126.904365
33.42096322,126.9045353
33.42129581,126.9046949
33.42163517,126.9048572
33.42197228,126.9050315
33.42229811,126.9051897
33.42262733,126.9053601
33.4229543,126.9055385
33.42328352,126.9057142
33.42358343,126.9058711
33.42394533,126.9060333
33.42425311,126.9061809
,
,
,
33.37793717,126.8428312
33.37803212,126.8430459
33.37822635,126.8433519
,
33.37862799,126.8436843
33.3788874,126.8438343
,
,
33.37999267,126.844461
33.38088142,126.844986
,
33.44776041,126.9172334
33.44801135,126.9183652
,
33.45272127,126.9238691
33.45184872,126.9234772
33.45125098,126.9227948
33.45085368,126.9218634
,
,
,
33.44840262,126.9186552
33.44799967,126.9177333
,
,
,
,
,
,
33.45698254,126.9276986
33.45641648,126.9271841
,
,
33.45415207,126.924899
33.45359163,126.9243819
,
33.38494623,126.8850667
33.38497234,126.8852642
33.38506613,126.8855314
33.38515427,126.8857892
33.44596711,126.9029525
33.44564982,126.8979922
33.45024499,126.9085325
33.45102236,126.9081607
33.44999194,126.9077235
33.44961955,126.9070839
33.44975177,126.9090843
33.44814391,126.9111805
33.44868263,126.9111934
33.44906662,126.9091952
33.44857926,126.9085182
33.44709237,126.9088
33.44768389,126.9070678
33.44875225,126.9069941
33.44828871,126.9050721
33.44771031,126.90329
33.43558142,126.9165594
33.43547227,126.9185086
33.4241066,126.928566
33.42379379,126.9288864
33.42352676,126.9291534
33.42346954,126.9295502
33.42337418,126.9299088
33.42331314,126.9303741
33.42364883,126.9303894
33.42360306,126.9298935
33.43445969,126.9259491
33.43443298,126.9243088
33.43503952,126.9237976
33.43532944,126.9235611
33.43619156,126.92276
33.43611526,126.9224854
33.43579865,126.9224701
33.43545914,126.9223404
33.4355545,126.9215698
33.4355545,126.9209824
33.43563461,126.9203262
33.43565369,126.9198303
33.43605423,126.9200058
33.43569183,126.9190063
33.43610764,126.9191742
33.43588257,126.9184723
33.43530273,126.9180527
33.43524551,126.9176102
33.43552017,126.9176407
33.43523026,126.9171448
33.435215,126.9165878
33.43490982,126.9164429
33.43461227,126.9162369
33.43434143,126.9160309
33.43416977,126.915863
33.43416595,126.9157639
33.43432236,126.9154739
33.4343338,126.9149551
33.43437958,126.9144058
33.4337883,126.9157867
33.43310928,126.9157562
33.43313599,126.9155045
33.43296814,126.9153366
33.43256378,126.915123
33.43222427,126.9153824
33.43214798,126.9152679
33.43187714,126.9148254
33.43141937,126.9150009
33.43105316,126.9149475
33.43001175,126.9150314
33.42950058,126.9159164
33.42935944,126.9146729
33.42579651,126.9069138
33.42645645,126.9070969
33.42692947,126.9073029
33.42734909,126.9074478
33.42775726,126.9075775
33.42815781,126.9077072
33.42854691,126.9078369
33.42896271,126.9080276
33.43009567,126.9083557
33.43065643,126.9085312
33.43264008,126.9091568
33.4342041,126.9103241
33.43363571,126.9108353
33.43551636,126.9156189
33.43655396,126.9223404
33.43734741,126.9221649
33.43789291,126.9214478
33.43832016,126.9213791
33.43900681,126.920929
33.43919373,126.9212494
33.43667603,126.9216232
33.4367218,126.9212036
33.43652725,126.9193573
33.43693924,126.9202042
33.43832779,126.9200363
33.43790054,126.9202957
33.4378624,126.9207535
33.43890762,126.9197617
33.43893051,126.9200439
33.43898773,126.919426
33.43800735,126.9191666
33.43739319,126.9181671
33.43692398,126.9178772
33.43767166,126.9171753
33.43822861,126.9169312
33.43824387,126.9172745
33.43860245,126.9168396
33.43871307,126.9173126
33.43873596,126.9176712
33.43877029,126.9180603
33.43880081,126.9184875
33.43899536,126.9167938
33.43935013,126.9167709
33.4399147,126.9167786
33.44037247,126.9166565
33.44049454,126.9176865
33.44020462,126.9180145
33.4398613,126.9186401
33.43990326,126.9193344
33.44006348,126.9195404
33.44041443,126.9192734
33.44078445,126.91922
33.44113922,126.9191742
33.44159698,126.9191132
33.44224167,126.9190445
33.44221878,126.9192581
33.44264984,126.9189911
33.44326782,126.9188919
33.44392014,126.918808
33.44441605,126.9189224
33.44468307,126.9186401
33.44546509,126.918457
33.44582367,126.9183884
33.44644928,126.9184723
33.44680405,126.9184341
33.44702148,126.9184189
33.44712448,126.9179535
33.44726563,126.9176483
33.44703674,126.9185944
33.44772339,126.9190445
33.44808197,126.9192734
33.44867706,126.9196701
33.43966675,126.9195709
33.44102097,126.9161987
33.44139862,126.9159393
33.44170761,126.9157104
33.44202423,126.9154892
33.44230652,126.9151993
33.44284821,126.9146042
33.44334412,126.91539
33.4432869,126.9143448
33.44343948,126.9140778
33.43711853,126.9169998
33.43701172,126.9173813
33.43594742,126.9165802
33.43558502,126.9133301
33.43614578,126.912796
33.43499756,126.9099426
33.43538284,126.9099045
33.43415833,126.9092178
33.43345261,126.9090729
33.43304443,126.9089279
33.43270111,126.9088287
33.43223953,126.9086761
33.43182755,126.9085541
33.43144226,126.9083939
33.43103409,126.9082718
33.43044281,126.9080887
33.42990112,126.9079208
33.42953491,126.9077911
33.42934036,126.9077454
33.42807007,126.9073334
33.42741394,126.9071045
33.42705154,126.9069977
33.42647171,126.9068451
33.42589188,126.9065475
33.43494797,126.9090042
33.43484879,126.9081879
33.43476486,126.9077225
33.43468475,126.9072342
33.43463898,126.9068146
33.43458557,126.9062271
33.4344902,126.9057846
33.43407822,126.905304
33.43381882,126.9050446
33.43360901,126.9047775
33.43398666,126.9037933
33.43233871,126.9031219
33.4307518,126.9011307
33.42944336,126.8997574
33.42808533,126.8987198
33.43400192,126.9050674
33.43437958,126.9049988
33.43475342,126.9049759
33.43497849,126.9049835
33.43503952,126.9051514
33.43518448,126.9050217
33.43553543,126.9051361
33.43593597,126.9051208
33.43630981,126.9050903
33.43671417,126.9050522
33.43714523,126.9049988
33.43756104,126.9050217
33.43854523,126.904747
33.43891907,126.9046783
33.43936157,126.9047241
33.43975449,126.9048386
33.4402504,126.904686
33.44068146,126.9051971
33.44126129,126.9056396
33.44197464,126.905899
33.44273376,126.9060516
33.44346237,126.9063339
33.44442368,126.9068146
33.44539261,126.9067917
33.44532776,126.9071732
33.44552994,126.9068985
33.44555664,126.9067078
33.44598389,126.90522
33.44559479,126.9033585
33.4452858,126.9020309
33.4447403,126.9012451
33.44450378,126.901947
33.44496536,126.8999786
33.44435501,126.9001694
33.4438591,126.9003372
33.4432106,126.8989105
33.44324112,126.8979874
33.44239426,126.8981857
33.44056702,126.8976822
33.444664,126.8968887
33.44631577,126.907608
33.44583893,126.9079056
33.44628525,126.908989
33.44604874,126.9091492
33.44639206,126.912529
33.44598389,126.91259
33.44471741,126.9126205
33.4448967,126.9115829
33.44474792,126.9115143
33.4447937,126.9112854
33.44497681,126.9112167
33.44535446,126.9108047
33.44548035,126.9100113
33.44552612,126.9095764
33.44577789,126.9094543
33.44519806,126.9089508
33.44322205,126.9123459
33.44329071,126.9117813
33.44324112,126.9110947
33.44321442,126.9098587
33.44272614,126.9119873
33.44224167,126.9116516
33.44247818,126.9118271
33.44289017,126.9117279
33.44283581,126.9113688
33.44238281,126.9112625
33.44181824,126.9113846
33.44186783,126.911171
33.44178772,126.9106598
33.44157791,126.9102859
33.44141388,126.90979
33.4412384,126.9085236
33.43948746,126.9079895
33.44108582,126.910881
33.43582153,126.909668
33.44386673,126.9137573
33.44449615,126.913414
33.44496536,126.9137039
33.44550323,126.9140244
33.44589615,126.9142685
33.44618988,126.9144363
33.44656372,126.9146881
33.44685745,126.9148941
33.44714737,126.9150696
33.44719315,126.9151535
33.44741058,126.9152985
33.44758224,126.9166946
33.44548035,126.9138565
33.44506073,126.9135895
33.4445343,126.9130936
33.44549561,126.9129868
33.4459877,126.9129181
33.44625854,126.9128494
33.44670868,126.912796
33.44682312,126.9131241
33.44690704,126.9136963
33.44723129,126.9142227
33.44693756,126.9127731
33.44715881,126.9113541
33.44727707,126.9113235
33.44790268,126.9113922
33.44805527,126.9103088
33.4480896,126.910675
33.44638824,126.9050598
33.44678879,126.9051285
33.44702148,126.9047699
33.44691849,126.9054794
33.44493484,126.8965225
33.44509888,126.8968735
33.44578171,126.8982849
33.44598007,126.8997269
33.44612885,126.9001694
33.4463768,126.9008713
33.44637299,126.901413
33.44628143,126.9018173
33.44615173,126.9022751
33.44685745,126.9011307
33.44725418,126.9010925
33.44724274,126.9002686
33.44733047,126.899704
33.44741821,126.8990021
33.44770432,126.8983154
33.44823456,126.8969421
33.4488945,126.897377
33.44895935,126.897995
33.44812012,126.8941498
33.44883728,126.894104
33.44727707,126.901413
33.44731903,126.9019547
33.4474144,126.9016418
33.44887161,126.9010696
33.4492569,126.9010315
33.45008087,126.9009399
33.45036697,126.9010544
33.45175934,126.9020309
33.45262527,126.9017334
33.44717407,126.902298
33.44697571,126.9022675
33.44658661,126.9028778
33.44739914,126.9026642
33.44802475,126.9039078
33.44826508,126.9043732
33.44827271,126.9055099
33.44769669,126.9052658
33.44734955,126.9053574
33.44805908,126.906044
33.44876099,126.9064331
33.44819641,126.9072876
33.44743729,126.9070587
33.4472084,126.9063644
33.44718552,126.9070969
33.44678116,126.9071426
33.44906616,126.9067154
33.44936371,126.906868
33.44988632,126.9075623
33.44960785,126.9080276
33.44986343,126.9087601
33.44960785,126.9098282
33.44932938,126.9100647
33.44917297,126.9096069
33.44881439,126.9087296
33.44849777,126.9080429
33.4479599,126.9084091
33.4473877,126.9087296
33.44917679,126.9104538
33.44914246,126.910965
33.44885254,126.9111786
33.4493866,126.9113083
33.44987488,126.9116592
33.45013809,126.9119339
33.44911957,126.9121094
33.44859695,126.9121857
33.4480629,126.9122543
33.45064545,126.9083328
33.45088959,126.9083862
33.45109558,126.9088135
33.4510498,126.9090042
33.45122147,126.9092484
33.45155334,126.9095306
33.45174789,126.9094162
33.45127487,126.9099197
33.45145416,126.9100342
33.45145416,126.910675
33.45175552,126.9111328
33.45215607,126.9113693
33.45222473,126.9116364
33.45185089,126.9116821
33.45105362,126.9118195
33.45042419,126.9117355
33.45051956,126.9112396
33.45085144,126.9078064
33.4512825,126.9081345
33.45157623,126.9081726
33.45215607,126.9083633
33.45258713,126.9082336
33.45222855,126.9091644
33.45236969,126.9098129
33.45179367,126.9076309
33.45217133,126.9071121
33.45245743,126.9067307
33.45274353,126.9063339
33.45375443,126.9054413
33.45397568,126.9061432
33.45412064,126.9069824
33.45425797,126.9074478
33.45430756,126.9085922
33.45417023,126.9090042
33.45423889,126.9095459
33.4540596,126.9105835
33.45375443,126.9104614
33.45336914,126.9106598
33.45401001,126.9109039
33.45423126,126.9112167
33.45424652,126.9113541
33.4539032,126.9113998
33.45360565,126.911438
33.45283127,126.9115601
33.45042801,126.9122238
33.4507637,126.9123001
33.45114136,126.9123764
33.45181274,126.9124756
33.45209122,126.9126434
33.45297623,126.9123535
33.45254898,126.9126205
33.45347977,126.9127426
33.45333862,126.9117813
33.45365524,126.9117661
33.45402145,126.9117279
33.45398331,126.9124298
33.45225906,126.9132843
33.45204926,126.9130554
33.45231247,126.9141083
33.45220184,126.9139252
33.45186996,126.9140778
33.45170212,126.9134674
33.45187759,126.9142838
33.45159149,126.9143524
33.45148087,126.9141769
33.45137787,126.9134979
33.45137787,126.9127426
33.45101929,126.9127884
33.4510498,126.9145203
33.45116043,126.9150772
33.45078278,126.9139709
33.45079803,126.913765
33.45103455,126.9137726
33.4503212,126.9141541
33.45009995,126.9142685
33.45051193,126.9131088
33.45046997,126.9126129
33.45015335,126.913475
33.44998169,126.9138641
33.44980621,126.9139938
33.44992447,126.9144669
33.44788361,126.9129028
33.44794846,126.913269
33.44794846,126.9135742
33.44775009,126.9141464
33.44824219,126.912468
33.44790649,126.912529
33.44754028,126.9126205
33.44742584,126.9129715
33.44730759,126.9129257
33.44743729,126.9139328
33.44735336,126.9146118
33.44729614,126.9140854
33.44723511,126.9136276
33.44781113,126.9151764
33.44781113,126.9151382
33.4481163,126.9151306
33.4486084,126.9150925
33.44904327,126.9150391
33.44897079,126.9149323
33.44923401,126.9149017
33.44936371,126.9150391
33.44953537,126.9149857
33.44968033,126.915329
33.44974899,126.9157562
33.44987869,126.9160767
33.44991684,126.9163055
33.45006943,126.9154282
33.44982529,126.9148941
33.45006943,126.9148178
33.45038605,126.914711
33.45070267,126.9146881
33.45091629,126.9159317
33.44926834,126.9151154
33.44900513,126.9153519
33.44894409,126.9154739
33.44888306,126.9155884
33.44900894,126.9157562
33.44939423,126.9157181
33.44874573,126.915863
33.44861984,126.9161682
33.44837189,126.9158096
33.44791794,126.9153824
33.44797897,126.9158859
33.44870758,126.91642
33.44908142,126.9166641
33.4495697,126.9165039
33.4486084,126.916954
33.4485054,126.9176865
33.44928741,126.9172745
33.44939804,126.9176102
33.44940567,126.9180679
33.44982147,126.9222946
33.42545319,126.896286
33.42507935,126.8962097
33.42441177,126.8962021
33.44716263,126.9118576
33.45002307,126.9218534
33.44852445,126.9060606
33.44734609,126.906718
33.44634648,126.9009678
33.4459065,126.8990284
33.44501738,126.8964119
33.44521551,126.8961428
33.44963738,126.9114318
33.44991009,126.9113831
33.45230782,126.9106143
33.44502317,126.9119238
33.44731724,126.9143844
33.44737732,126.9132631
33.43350384,126.900606
33.43492274,126.912557
33.43554653,126.9218126
33.43692176,126.9222416
33.43716321,126.9191442
33.43434924,126.9127754
33.43434273,126.9131356
33.45058301,126.9147328
33.45076345,126.9149074
33.42386293,126.9136218
33.42420786,126.9137021
33.42462395,126.9140149
33.42501749,126.914325
33.42539521,126.9145746
33.42579779,126.9149048
33.42607982,126.9153212
33.42630772,126.9156705
33.44589781,126.9066308
33.45192848,126.9112654
33.4502858,126.9073319
33.42976274,126.899949
33.44781236,126.9040912
33.42448044,126.8497925
33.42420959,126.8490219
33.42381668,126.8482819
33.42351151,126.8478317
33.42232132,126.8459091
33.42180252,126.845314
33.42127228,126.8447647
33.42046356,126.8439713
33.41983032,126.8433228
33.41944122,126.8429337
33.41905212,126.8425293
33.41881943,126.8423004
33.41836166,126.8433914
33.41815948,126.8416672
33.41770172,126.8412018
33.4173851,126.8408661
33.41661072,126.8400192
33.41638947,126.8396378
33.41589355,126.8387756
33.41550446,126.8380585
33.41518021,126.8374252
33.41482162,126.836441
33.41429901,126.8358612
33.41361618,126.8348999
33.41309738,126.8339691
33.41284943,126.8330307
33.41241455,126.8324966
33.412323,126.8325882
33.4122963,126.8322601
33.41228867,126.8321533
33.41192627,126.8314438
33.41150665,126.8304672
33.41109848,126.8294373
33.41075897,126.8283768
33.41040802,126.8271866
33.41000366,126.8266449
33.40959167,126.8257217
33.40934753,126.8252182
33.40909576,126.82444
33.40865326,126.8235092
33.40820694,126.8225632
33.40754318,126.8211823
33.40742874,126.8209
33.40698242,126.8202667
33.40662384,126.8191605
33.40613937,126.8182602
33.4058876,126.8178711
33.412117,126.8332138
33.41095352,126.8364487
33.40958023,126.839035
33.40896988,126.8402557
33.40864563,126.8408966
33.40756607,126.843399
33.40636826,126.8462372
33.4056282,126.8491898
33.4050293,126.8524857
33.40423965,126.8555908
33.40383148,126.8570938
33.40346527,126.8589935
33.40290451,126.8621445
33.40332031,126.8647156
33.40489197,126.865387
33.4058609,126.864624
33.40494919,126.8624115
33.4079895,126.8665161
33.40855026,126.8670883
33.40948105,126.8681412
33.40791321,126.8712692
33.41118622,126.869072
33.41174316,126.8694305
33.41308594,126.8703156
33.41498184,126.869194
33.41578293,126.8685532
33.41587067,126.8681335
33.40799713,126.8748932
33.40777588,126.8740997
33.40677261,126.8722687
33.40641022,126.8715973
33.40646744,126.870163
33.40538788,126.8693771
33.40525818,126.8688354
33.40533447,126.8681946
33.40517426,126.8672867
33.4050293,126.8662643
33.39992142,126.8630447
33.40410614,126.8650436
33.40436935,126.8751907
33.4046402,126.8748627
33.40496826,126.874527
33.40508652,126.8740082
33.40552521,126.8731766
33.40419006,126.875061
33.40400314,126.8749695
33.40317917,126.8749084
33.40313339,126.8740997
33.4032402,126.8737106
33.4031601,126.8732605
33.40313339,126.8728714
33.40272522,126.8750381
33.40264893,126.8755112
33.40232849,126.8755722
33.40211487,126.8756027
33.40219498,126.8758621
33.40203094,126.876976
33.40309906,126.8774033
33.40075684,126.8785553
33.40072632,126.8788376
33.4007225,126.8807907
33.40107346,126.8814468
33.40188599,126.8750839
33.40162659,126.874649
33.40194321,126.8740768
33.40240479,126.873497
33.40261459,126.8732376
33.4025116,126.8724899
33.40245819,126.871994
33.40281296,126.8715439
33.40461731,126.8714447
33.40493393,126.8714828
33.40204239,126.8718643
33.40158463,126.8717041
33.40122223,126.8746567
33.40106583,126.8740463
33.40087128,126.87323
33.40086746,126.8722153
33.40122223,126.871376
33.40139771,126.8707886
33.40151596,126.8702927
33.40163422,126.8697968
33.40140533,126.8690262
33.40156555,126.868309
33.40206528,126.8678589
33.40257263,126.865448
33.40099335,126.8705597
33.40061569,126.8703995
33.4000206,126.8691864
33.39948273,126.8685913
33.39944077,126.8680954
33.39966202,126.867897
33.40013123,126.8678207
33.39991379,126.8674011
33.40000153,126.8664551
33.39985657,126.8645554
33.39933777,126.8640137
33.39913177,126.8680649
33.39883041,126.8674698
33.39893341,126.8667984
33.39892578,126.866394
33.39912033,126.8660049
33.39941406,126.8658524
33.3986969,126.8668137
33.39830399,126.866066
33.39809418,126.8656006
33.39858246,126.8653717
33.39776611,126.8646317
33.39801025,126.8638153
33.39780426,126.8635178
33.39706421,126.8624573
33.39647675,126.8612976
33.3941803,126.8618011
33.39539952,126.8671402
33.39566422,126.8671722
33.39641953,126.8664703
33.39656067,126.8660812
33.39611816,126.8640747
33.39640045,126.8635712
33.39666367,126.8625412
33.3958931,126.864357
33.3956604,126.8644638
33.39638138,126.8676987
33.39685822,126.8672485
33.39732742,126.866478
33.39719009,126.8661423
33.39723587,126.8673172
33.39638138,126.8679581
33.39709854,126.8680725
33.39762115,126.8685989
33.39826965,126.8683929
33.39841843,126.8686447
33.39815903,126.8698273
33.39849854,126.8683472
33.39853668,126.8706284
33.39902496,126.8706589
33.3993454,126.8696823
33.39916229,126.8694
33.39903259,126.8717575
33.39956665,126.8718796
33.4000206,126.8719788
33.40040588,126.8721085
33.40105057,126.8714066
33.40085602,126.8717575
33.40066147,126.8729935
33.40037918,126.8736954
33.40100861,126.874382
33.40107346,126.875206
33.4004631,126.8755951
33.39997101,126.8755264
33.3992691,126.8757019
33.39957428,126.8745728
33.39974976,126.8737946
33.39961624,126.8729324
33.39907455,126.8761444
33.39860916,126.8770523
33.39712143,126.8779907
33.39656448,126.8781586
33.39233017,126.878624
33.40514992,126.8516912
33.40353619,126.8585926
33.40250188,126.8670098
33.39427748,126.8686441
33.39385235,126.8694804
33.3933935,126.8704122
33.39247223,126.8721104
33.39676558,126.8715237
33.39825426,126.8703243
33.40490244,126.8791361
33.39888847,126.8766587
33.39970547,126.8754455
33.40531908,126.8677325
33.39709534,126.8668125
33.39606585,126.8673838
33.39623744,126.8676495
33.39505349,126.8671112
33.41426309,126.8635475
33.40485789,126.8643819
33.40474643,126.8634549
33.40513772,126.8667599
33.4027596,126.8776019
33.40488512,126.8730718
33.40092332,126.8783838
33.41138183,126.8352052
33.41044695,126.8373302
33.40691105,126.8449048
33.40610075,126.847661
33.40556702,126.8499033
33.40465438,126.8538823
33.40321929,126.8603936
33.4030669,126.8611894
33.40276019,126.8630737
33.39371865,126.858552
33.39518249,126.8593934
33.39599221,126.8598516
33.39825033,126.8614765
33.39887295,126.8619297
33.40079523,126.8635874
33.40442355,126.8650115
33.40680727,126.8661177
33.41006007,126.8684268
33.41229768,126.8699447
33.41472029,126.8716478
33.41692635,126.8732142
33.41824802,126.8739999
33.40490886,126.8764943
33.34609664,126.8466644
33.34609664,126.8466644
33.34609664,126.8466644
33.36582565,126.8682861
33.36548233,126.8692017
33.36594391,126.8696823
33.36653519,126.8703842
33.36658478,126.8711472
33.3672905,126.8712769
33.36740112,126.8714142
33.36763763,126.8716278
33.36794662,126.8719101
33.36888885,126.8722076
33.36930466,126.8723297
33.36980057,126.8722687
33.37049103,126.8719864
33.37073898,126.8715973
33.37077332,126.8712921
33.37085724,126.8709564
33.37084198,126.8705902
33.37080765,126.8699646
33.36993027,126.8710556
33.36953354,126.8710175
33.36920929,126.8714447
33.36954117,126.870163
33.36922073,126.8708954
33.36881638,126.8707428
33.36852646,126.8704758
33.36802292,126.8701401
33.36752319,126.8708725
33.36838913,126.8697662
33.36878967,126.8693161
33.36780548,126.869957
33.36749649,126.8698502
33.36730957,126.8701401
33.36712265,126.8692703
33.36708069,126.868866
33.36665344,126.8682327
33.36914825,126.869072
33.36944199,126.8692322
33.36999512,126.8694687
33.37041092,126.8693848
33.37036133,126.8691254
33.37000275,126.8691864
33.36975861,126.8684082
33.36955261,126.8678055
33.3695755,126.8688889
33.36924362,126.8686676
33.36863708,126.8682861
33.36616898,126.8665314
33.36610794,126.8658829
33.36985397,126.8387146
33.36943436,126.8380356
33.36896515,126.8375092
33.36772919,126.8364944
33.37026978,126.8395157
33.36994553,126.8399048
33.3697319,126.8400574
33.37036896,126.8400269
33.37068558,126.8403015
33.37083054,126.8410721
33.37118912,126.841156
33.37137985,126.8414841
33.37099838,126.8420181
33.37086487,126.8423615
33.37068939,126.8427429
33.37033081,126.8427505
33.37168121,126.8417892
33.37192154,126.8421631
33.37192535,126.8427887
33.37132645,126.8429871
33.37084961,126.8432236
33.3705864,126.8436432
33.37025833,126.8435669
33.37070847,126.8442688
33.3711853,126.8452759
33.37197876,126.846344
33.37202454,126.8468933
33.37198639,126.8488312
33.37142944,126.8491669
33.37057495,126.849144
33.37245941,126.8489838
33.37210083,126.849762
33.37119293,126.8516312
33.37242126,126.8498688
33.3720665,126.8505325
33.37166977,126.8513947
33.37185669,126.8521957
33.37285233,126.8518982
33.37324524,126.8521347
33.37332535,126.8516006
33.37366104,126.850769
33.37394333,126.8503647
33.3742981,126.8503952
33.37448883,126.8506393
33.37372971,126.849144
33.37305832,126.8493652
33.37342834,126.8488007
33.37320709,126.8484879
33.37280273,126.847702
33.37244415,126.8472748
33.37280655,126.8468246
33.37253189,126.8463211
33.37341309,126.8468323
33.37366867,126.8470612
33.37402725,126.8474655
33.3737793,126.8466034
33.37414169,126.8465805
33.37408829,126.8483582
33.37437057,126.8476486
33.37453461,126.8467865
33.37452316,126.8461914
33.37482071,126.8455429
33.37332535,126.8450851
33.37251663,126.8446274
33.37317276,126.8436813
33.37345505,126.8433228
33.37398148,126.8431702
33.37286758,126.8432236
33.37268448,126.8429794
33.37249374,126.8428497
33.37428665,126.8433685
33.37431335,126.8441925
33.37446594,126.844162
33.3747406,126.8444061
33.37519455,126.8451385
33.37569046,126.8451157
33.37559509,126.8447113
33.3760376,126.8439789
33.37643051,126.8436661
33.37585068,126.8432312
33.37460709,126.8433533
33.37693405,126.8434753
33.37685013,126.8430252
33.38097382,126.8453369
33.37578583,126.8467102
33.37583542,126.8462677
33.3759079,126.8459091
33.37526321,126.8489532
33.37559509,126.8524704
33.37056351,126.8678818
33.37074661,126.8690491
33.36906052,126.8679352
33.36897659,126.8675766
33.36897278,126.8670883
33.36910629,126.8662033
33.36927032,126.8657608
33.3694458,126.8652496
33.36966324,126.8646622
33.36989594,126.8638077
33.37039185,126.8630219
33.37072754,126.8623123
33.37093735,126.8618927
33.37141037,126.860878
33.37174988,126.8593597
33.37271118,126.8582306
33.37327576,126.8583984
33.37174606,126.8581619
33.3717804,126.8576202
33.37192535,126.85672
33.37212372,126.8554001
33.3721962,126.8549728
33.37246323,126.8541107
33.37285614,126.8529587
33.3740654,126.8521118
33.37427139,126.8516922
33.37403107,126.8498993
33.37855911,126.8404541
33.37883759,126.8400803
33.37979126,126.8388443
33.38057327,126.8374557
33.38464737,126.8309402
33.38735962,126.8253937
33.38768387,126.8175278
33.38779449,126.8163147
33.38890839,126.8164978
33.38772202,126.8154907
33.38755798,126.8144073
33.38754272,126.8122253
33.38748932,126.8099899
33.38780975,126.8083572
33.38807297,126.8083038
33.38872147,126.8084106
33.38880539,126.80896
33.40474701,126.8160095
33.40538025,126.81707
33.38893509,126.8308105
33.38805008,126.8308411
33.38640594,126.8314438
33.38796616,126.8269958
33.37323761,126.8423538
33.37305069,126.8412552
33.37131119,126.8406906
33.37115479,126.8399506
33.40271378,126.8141632
33.37212804,126.8389677
33.37187386,126.8644137
33.36671693,126.8606581
33.37655843,126.8434113
33.3730074,126.8409326
33.37191893,126.8393711
33.37229294,126.8500545
33.37226832,126.8520721
33.3747519,126.8480219
33.37623551,126.8493076
33.36989279,126.8641219
33.36673956,126.8695598
33.36623848,126.8699837
33.37061139,126.8711055
33.38157527,126.8359089
33.38413134,126.8316791
33.38517733,126.8301106
33.38748867,126.8267138
33.38746822,126.8257936
33.38060536,126.837113
33.37624351,126.843929
33.37629898,126.843225
33.3861528,126.8147719
33.36959593,126.8647349
33.36879408,126.869503
33.46287748,126.9318587
33.46141815,126.9354477
33.4609108,126.9345398
33.46084595,126.934021
33.4607811,126.9335938
33.46114349,126.9339142
33.46165848,126.9340668
33.46180725,126.934021
33.46164703,126.9347076
33.46199417,126.9343109
33.46224594,126.9343567
33.46257782,126.9347763
33.46295929,126.9347534
33.4630661,126.9351578
33.46331787,126.9352722
33.46372986,126.9354477
33.46388245,126.9352036
33.46274185,126.9345169
33.46313858,126.9339752
33.46397018,126.9356384
33.46444321,126.9359818
33.46448898,126.9356232
33.46459198,126.9354019
33.46491623,126.935051
33.46490097,126.9360123
33.46525192,126.936142
33.46726608,126.935463
33.46733475,126.9350204
33.4670372,126.9350128
33.46686554,126.9349899
33.4667778,126.9343491
33.46632767,126.9345398
33.4655571,126.9357376
33.46450043,126.9345474
33.46417618,126.9342041
33.46406174,126.9339905
33.46373367,126.9337158
33.46351242,126.9347687
33.46430969,126.9337463
33.46496201,126.933754
33.46550751,126.9338989
33.46588135,126.9339523
33.46538544,126.9342651
33.46524048,126.9347992
33.46558762,126.9334641
33.46576309,126.9328918
33.46619797,126.933136
33.4660759,126.9327087
33.46627045,126.9324112
33.46679306,126.9319916
33.46468353,126.9335175
33.46500397,126.9331589
33.46525955,126.9328308
33.46547318,126.9325256
33.46465302,126.9344254
33.46480942,126.9323959
33.46459961,126.932457
33.46404648,126.9322586
33.46390152,126.9323959
33.46371078,126.9326706
33.46347809,126.9329605
33.46344757,126.9334793
33.46366119,126.9331741
33.4631691,126.9332275
33.46276093,126.9328918
33.46233368,126.932518
33.4624176,126.9328003
33.46227264,126.9332275
33.46227264,126.9335709
33.46199417,126.933197
33.46148682,126.9331436
33.46165085,126.9324799
33.46103287,126.9332123
33.46122742,126.9335175
33.46130371,126.9337616
33.4609375,126.932579
33.46074677,126.932312
33.4607048,126.9318771
33.46046066,126.9314957
33.46019363,126.9316177
33.46034622,126.9319382
33.46047211,126.9323502
33.46060944,126.9327621
33.46075439,126.9332047
33.4626503,126.9321594
33.46313477,126.9316406
33.46277237,126.9311676
33.46215439,126.9318466
33.46208191,126.9314804
33.46227264,126.9305954
33.46182632,126.9320679
33.46142578,126.9317703
33.46105576,126.9314575
33.46142197,126.9311523
33.46075058,126.9311676
33.46107483,126.9308853
33.46131897,126.9306488
33.46055603,126.9310226
33.46020889,126.930687
33.45966721,126.9299698
33.46612549,126.9312897
33.46635056,126.9307785
33.4668541,126.9299316
33.46767807,126.929451
33.4678688,126.9291763
33.46818924,126.9290543
33.46907425,126.9291992
33.4692955,126.9294434
33.46980286,126.9298477
33.47015762,126.9300156
33.47001648,126.9302216
33.47027588,126.930336
33.4696846,126.9305191
33.46946335,126.9309616
33.46917343,126.9313126
33.46887589,126.9316177
33.47094345,126.9306183
33.47167587,126.9312439
33.47160721,126.9299545
33.47148132,126.9301147
33.47197342,126.9300537
33.47213364,126.9299164
33.47231293,126.9297333
33.47138596,126.9319
33.47127914,126.9318008
33.4715271,126.9327927
33.46520233,126.935585
33.46250309,126.931461
33.46465429,126.9340754
33.43791212,126.8496299
33.43281024,126.848808
33.43323124,126.8502482
33.43799591,126.8735199
33.45632935,126.8587341
33.44469833,126.8956604
33.44604874,126.8947144
33.44591522,126.8949738
33.44746399,126.8932419
33.44836044,126.8935852
33.45039749,126.89431
33.45075607,126.893837
33.45064163,126.8933258
33.44993591,126.8916168
33.44966888,126.8910599
33.45009232,126.8908691
33.44947433,126.8904495
33.44883728,126.8911591
33.44865799,126.8913422
33.44833374,126.8905258
33.44812775,126.8901291
33.44789124,126.890007
33.44852066,126.8899307
33.44852448,126.8894882
33.44877625,126.8892212
33.4491539,126.8893585
33.44858551,126.8917999
33.44386673,126.8907242
33.44380569,126.8903122
33.44453049,126.8886719
33.44470596,126.8891296
33.44658661,126.8915405
33.44675827,126.8923187
33.44544601,126.887207
33.44583893,126.8868256
33.44620514,126.8865509
33.44475174,126.8877106
33.44433212,126.8878937
33.44387817,126.8881683
33.44375229,126.8867645
33.4434967,126.8864441
33.44386673,126.8861618
33.4441452,126.8859406
33.44434357,126.8858109
33.44460297,126.8856201
33.44475555,126.8852386
33.44433594,126.8851547
33.44371796,126.8847198
33.44368744,126.8843079
33.44280243,126.8846436
33.44259262,126.8834152
33.44536591,126.8849411
33.44599915,126.8856049
33.44564056,126.8861008
33.4463501,126.8866882
33.44657516,126.8878021
33.4465065,126.8882294
33.44618607,126.8896255
33.44667816,126.8870773
33.44691086,126.8872299
33.44751358,126.8890076
33.44757462,126.8895569
33.44739914,126.8883591
33.44728088,126.8878937
33.44757462,126.8871765
33.44804382,126.8874283
33.448349,126.8875732
33.44873428,126.8877182
33.44927597,126.8886719
33.44963455,126.8897324
33.44965744,126.8899384
33.45064545,126.8894577
33.45107269,126.8895187
33.45094299,126.8899536
33.45147324,126.889473
33.45180511,126.8893356
33.4523735,126.8892593
33.44964218,126.887764
33.45309448,126.8853302
33.45146179,126.8878021
33.44989014,126.8868027
33.44983292,126.8860855
33.45077515,126.8825378
33.45187378,126.8813171
33.4492569,126.8879013
33.44801331,126.8862152
33.44668198,126.8849258
33.44717789,126.8842926
33.44742584,126.8844681
33.44775772,126.8848114
33.44810104,126.8852005
33.44787979,126.8845367
33.44828796,126.8838806
33.44725418,126.8828888
33.44757843,126.8831406
33.44783783,126.8824615
33.44821548,126.8822174
33.4483757,126.8820801
33.44879532,126.8816528
33.45032883,126.8810196
33.46078491,126.8777313
33.45949554,126.8778
33.45765686,126.878273
33.45643234,126.8787842
33.45502853,126.8790054
33.45307159,126.8801498
33.45238876,126.880455
33.4519577,126.8780518
33.45020294,126.8721008
33.45014572,126.8714066
33.45252609,126.8772888
33.45261765,126.876503
33.4497757,126.8807373
33.44919586,126.8790436
33.44913483,126.8785934
33.4489212,126.8777924
33.44875336,126.8773422
33.44859695,126.8769913
33.44891739,126.8766174
33.44846725,126.8767166
33.44835663,126.876152
33.44881058,126.8743286
33.45050049,126.8704681
33.45077515,126.8697205
33.45057678,126.8689423
33.45077133,126.8658524
33.45116425,126.859993
33.45059586,126.857048
33.4526329,126.8381882
33.45306778,126.8369064
33.45220947,126.8360443
33.44998932,126.8366852
33.44971466,126.8362427
33.44838715,126.8512726
33.44136047,126.8600464
33.4413681,126.859581
33.44125366,126.8589325
33.44117737,126.8581009
33.44099808,126.8571777
33.44093323,126.8566284
33.4408226,126.8555756
33.44044876,126.854599
33.44054413,126.8535538
33.44062042,126.8523407
33.44113159,126.8514862
33.44120789,126.8510513
33.44139099,126.8532181
33.43325424,126.8246918
33.43438721,126.8161774
33.43455124,126.8163834
33.43476105,126.8162918
33.43464661,126.8166122
33.4341507,126.8165359
33.43408966,126.8167343
33.43445587,126.8168335
33.43466187,126.8169708
33.43458176,126.8157043
33.43377686,126.8174744
33.43367004,126.8183212
33.43305969,126.8239594
33.43296814,126.8243637
33.4330101,126.8249207
33.43346786,126.8273621
33.44031906,126.8557205
33.43938446,126.8562164
33.43850708,126.8574829
33.44084549,126.8600388
33.44062805,126.8606491
33.44034958,126.860405
33.43950272,126.859581
33.4392662,126.8591614
33.43932724,126.8602371
33.43909836,126.8610306
33.43912888,126.8616638
33.43919754,126.8621368
33.44116974,126.8613739
33.4400444,126.8623047
33.43922043,126.8625031
33.4406662,126.8621368
33.44184875,126.8627319
33.44187927,126.8637772
33.44153214,126.8640366
33.44109344,126.8640213
33.4405632,126.8640366
33.44054413,126.8647766
33.44013977,126.8648834
33.44205856,126.8640213
33.44247818,126.8646317
33.44412613,126.8657837
33.44448471,126.8660202
33.44533539,126.8691864
33.44549561,126.8696747
33.44563675,126.8699799
33.44615173,126.8711319
33.44660568,126.8702087
33.44633102,126.8694382
33.44768524,126.872551
33.44781113,126.8738327
33.44683838,126.8697281
33.44724655,126.8693848
33.44745255,126.8689423
33.44731522,126.8670807
33.4478569,126.863945
33.44610214,126.8716202
33.44580841,126.8727036
33.44604111,126.8736649
33.44618225,126.8747101
33.44644547,126.8756104
33.44681549,126.8766022
33.44695663,126.8768768
33.44758224,126.8768921
33.44784546,126.8765564
33.44818878,126.8761749
33.44114304,126.8618546
33.44144821,126.8613739
33.44161606,126.860733
33.44189835,126.8605576
33.4421196,126.8604965
33.4429512,126.8599854
33.44340515,126.8584442
33.44407654,126.8573837
33.44430923,126.8552704
33.44448471,126.8536606
33.4459343,126.8528671
33.4464035,126.8526154
33.44677353,126.8527374
33.44688416,126.8519897
33.44800568,126.8515625
33.448349,126.8531265
33.44979095,126.8514938
33.45012283,126.8563614
33.45067596,126.862709
33.45075226,126.8640518
33.45015335,126.8707504
33.44975662,126.871727
33.44905853,126.8735275
33.44845963,126.8751526
33.44272232,126.8768539
33.44293594,126.8763962
33.44208527,126.8762512
33.44195175,126.8751297
33.44141388,126.87397
33.44001007,126.8719406
33.44314194,126.8783264
33.44357681,126.8782196
33.44384384,126.8786011
33.44457626,126.8784332
33.44493866,126.8781204
33.44556808,126.8780441
33.44602585,126.8779068
33.44639587,126.8783264
33.44709396,126.8782806
33.44732666,126.877739
33.44754028,126.8777771
33.44731903,126.8773651
33.44711685,126.8786392
33.44750214,126.8787537
33.44778061,126.8789368
33.44794083,126.8785629
33.44803238,126.8791809
33.44813156,126.8797302
33.4484787,126.8799591
33.44688034,126.8793106
33.44664764,126.8800278
33.44645309,126.8802643
33.44652939,126.8804169
33.44607544,126.8806686
33.44532013,126.8806839
33.44559097,126.881424
33.44470978,126.8804398
33.44501495,126.8797684
33.44493103,126.8791885
33.44399643,126.8800888
33.44350433,126.8796997
33.4437294,126.8792725
33.44405365,126.8790817
33.44310379,126.8792572
33.44326782,126.8798447
33.44290543,126.8799973
33.44262314,126.8802185
33.4421463,126.8812866
33.44364166,126.8810425
33.44365692,126.8819733
33.44368744,126.8825073
33.44152832,126.8798904
33.4488678,126.8798141
33.44890594,126.8803711
33.44887161,126.880661
33.44878387,126.8811493
33.44769669,126.8821487
33.44786835,126.881752
33.44744873,126.8825607
33.44696045,126.8828506
33.44670105,126.8827286
33.4464798,126.8825226
33.44682693,126.8817902
33.44691467,126.88134
33.44666672,126.8806839
33.44726181,126.8812943
33.44756317,126.8806152
33.44622803,126.8827209
33.44599152,126.8825989
33.44605637,126.8831406
33.44581985,126.8834457
33.44554901,126.8843155
33.44572449,126.8840103
33.44633102,126.8834839
33.44659042,126.8840179
33.44658279,126.882782
33.44701004,126.8834305
33.44517899,126.8845139
33.44491196,126.8843155
33.44473267,126.8841782
33.44438934,126.8835983
33.44446564,126.8831711
33.44449997,126.8843079
33.4438324,126.8841171
33.44357681,126.8835449
33.44327164,126.8838959
33.44294739,126.883606
33.43893814,126.8737259
33.43899918,126.8710861
33.43921661,126.8693161
33.44001007,126.8692474
33.44084549,126.8694077
33.43967438,126.8673477
33.43976593,126.866478
33.43974304,126.8658829
33.43966293,126.8647842
33.43943024,126.8638992
33.4389267,126.8621216
33.43855286,126.8611908
33.4384079,126.8564377
33.43778229,126.8522186
33.43838501,126.8589783
33.43805313,126.8586807
33.43777084,126.8576126
33.43704605,126.8570328
33.43663025,126.8560638
33.43602371,126.8554077
33.43546295,126.8550262
33.43519211,126.8545914
33.43484116,126.85569
33.43464661,126.8545151
33.43467712,126.8539581
33.43514633,126.8538437
33.43558121,126.854538
33.43043518,126.8454361
33.43099213,126.8446198
33.43099976,126.8441162
33.43119431,126.8441544
33.43178558,126.8449783
33.4322052,126.8453674
33.43826675,126.8623581
33.43766785,126.862587
33.43712234,126.862854
33.43479538,126.8622513
33.43447113,126.8614807
33.43247604,126.8624039
33.43319702,126.8628387
33.43567276,126.8628922
33.43685913,126.863678
33.43878174,126.8622818
33.43912125,126.8634109
33.43956375,126.8649902
33.43941879,126.8678284
33.43650818,126.8650894
33.436203,126.8677139
33.43577194,126.8669815
33.43493652,126.8658066
33.43463516,126.8655319
33.43419647,126.8651581
33.43373489,126.8647766
33.42982101,126.8567963
33.4310112,126.8570099
33.43150711,126.8573074
33.42674255,126.8524628
33.42596436,126.8515625
33.42274857,126.8465652
33.42313004,126.8471527
33.42482376,126.8505402
33.42546082,126.8512268
33.42620087,126.8520432
33.42713547,126.8531723
33.4274826,126.8538818
33.42781067,126.8547287
33.42815399,126.8555145
33.42847824,126.856308
33.42889023,126.857193
33.42909241,126.8575439
33.42966461,126.8586578
33.43013,126.8595657
33.43041992,126.8601074
33.43067169,126.8608017
33.43004608,126.8611832
33.42858887,126.86129
33.42802048,126.8617249
33.43087769,126.8609695
33.4315033,126.8619232
33.43190765,126.8626022
33.43221283,126.86306
33.43602753,126.8682404
33.43613434,126.8686829
33.43621063,126.8690796
33.43644714,126.8693085
33.43664551,126.8696518
33.4366951,126.8707275
33.43724823,126.8723526
33.43770218,126.8728561
33.43795395,126.8731613
33.43822098,126.8737793
33.43638992,126.8682785
33.43680954,126.8691025
33.43740845,126.8703613
33.43780136,126.8712769
33.43846893,126.8740158
33.43846512,126.8748856
33.43789673,126.8742294
33.43771744,126.8747482
33.44087601,126.8824387
33.43998718,126.8822327
33.43907928,126.8821106
33.4378891,126.8819733
33.43701935,126.8814926
33.43661499,126.8812943
33.43581009,126.8808289
33.43494415,126.8804398
33.43493271,126.8778458
33.4345932,126.8767166
33.43468857,126.8761749
33.43574905,126.8735046
33.43615723,126.8723679
33.43409348,126.880188
33.43241119,126.8803635
33.43002319,126.8780441
33.42954636,126.8774719
33.42867279,126.8768387
33.42831802,126.8766174
33.42795944,126.871727
33.42744064,126.8763657
33.42573166,126.8760223
33.42240906,126.8743973
33.42142105,126.8743134
33.42023849,126.8746338
33.43325043,126.8809128
33.43651581,126.8816223
33.43815994,126.8822937
33.44039536,126.8824768
33.44129944,126.8827362
33.44159698,126.8848724
33.44078064,126.8845825
33.44004059,126.8846283
33.43919373,126.884903
33.43804932,126.8857803
33.43901062,126.8865356
33.43998337,126.8869324
33.4377327,126.8862991
33.437603,126.8865738
33.43732071,126.8849792
33.44303894,126.8899689
33.44290924,126.8902054
33.44048691,126.8892212
33.43920898,126.8910828
33.43836212,126.8915634
33.43823624,126.8918457
33.44393158,126.8935165
33.44212341,126.897728
33.44921351,126.8735894
33.43839237,126.8593574
33.43206494,126.8476049
33.43136008,126.846305
33.43336962,126.8509845
33.43065536,126.8451315
33.4308893,126.8447493
33.43778589,126.869537
33.44194147,126.8635096
33.44134714,126.8621393
33.43854924,126.8605468
33.43607057,126.867409
33.43839749,126.8702633
33.43853282,126.8671485
33.44354018,126.8804685
33.44349464,126.8799927
33.44409178,126.8920614
33.44491846,126.8901554
33.45030798,126.8928886
33.45005709,126.8895332
33.44733868,126.8869715
33.44930296,126.8881037
33.44940094,126.8892786
33.45018628,126.8878122
33.45019854,126.8816008
33.43840741,126.8577268
33.43283874,126.8626515
33.44535518,126.8845744
33.43853718,126.8588557
33.43854339,126.8583718
33.43845724,126.8569524
33.43931156,126.8758191
33.43921142,126.8748702
33.43906531,126.8741459
33.43895126,126.8750481
33.4386709,126.8753146
33.43781671,126.870986
33.43722929,126.8696803
33.43516411,126.8660487
33.43443323,126.8655161
33.43062639,126.8606105
33.42915744,126.8572499
33.42951105,126.8570101
33.43079582,126.8569865
33.43114809,126.8575451
33.42767082,126.8542658
33.42686887,126.8527671
33.42587471,126.8517164
33.4240691,126.8751446
33.43094334,126.8791188
33.4316114,126.8800077
33.43941963,126.8712861
33.44026173,126.8725861
33.44055102,126.8733412
33.44147578,126.8695731
33.43464667,126.8618112
33.44211955,126.8764241
33.4420451,126.8821362
33.47527485,126.9012603
33.47588761,126.8980589
33.47356681,126.9070079
33.47436338,126.9023164
33.47332559,126.9025569
33.47506793,126.8962928
33.47153854,126.901268
33.47208786,126.9009933
33.47240448,126.9011154
33.47247314,126.9013672
33.4718132,126.900528
33.47361374,126.8989487
33.47378922,126.899437
33.47391891,126.899826
33.47398758,126.900177
33.47421646,126.8999329
33.47400665,126.9006042
33.47389221,126.8991318
33.47422791,126.8994141
33.47458267,126.8995438
33.47505569,126.8997116
33.47531891,126.8999252
33.47448349,126.8990402
33.47452545,126.8987656
33.47398758,126.8986282
33.4743576,126.8983841
33.47491837,126.8980255
33.47537994,126.8979645
33.47538757,126.898613
33.47551346,126.898941
33.47555923,126.8995132
33.47580338,126.8996506
33.47623062,126.8994217
33.47599411,126.8983917
33.47609711,126.8978043
33.47661209,126.8972092
33.47693253,126.896698
33.47548294,126.8975449
33.47611618,126.8968582
33.47685623,126.8963089
33.477314,126.8960571
33.48006821,126.8971405
33.48157501,126.8976593
33.48117065,126.8975067
33.48068619,126.8972855
33.48009491,126.8969955
33.47971725,126.8968201
33.4790535,126.8965225
33.47877502,126.896347
33.47835159,126.8960571
33.47838974,126.8951721
33.47771072,126.8957443
33.47738647,126.8957825
33.47567368,126.8963547
33.4757309,126.8970947
33.47447586,126.8942795
33.47377014,126.8955994
33.4740181,126.8960953
33.47385025,126.8964844
33.4748497,126.8958969
33.47324371,126.890358
33.47335434,126.8893127
33.47369385,126.8887177
33.4738884,126.8884506
33.4739418,126.8877411
33.47384644,126.8871765
33.4740181,126.88694
33.47447205,126.885849
33.46320343,126.8592606
33.46261215,126.8592224
33.46622086,126.8762436
33.46463394,126.877533
33.46376801,126.8773041
33.46284103,126.8771973
33.46158981,126.8774109
33.47268677,126.8931808
33.47309113,126.8958664
33.47146225,126.8943024
33.47115326,126.8934784
33.47092819,126.8927155
33.46965408,126.8905334
33.46931458,126.8883286
33.46832275,126.8864059
33.46787262,126.8851547
33.46654892,126.8838806
33.46649933,126.887764
33.46528244,126.888092
33.46603394,126.8894501
33.46612549,126.8902512
33.4732933,126.896431
33.47293472,126.8966446
33.47249985,126.8968277
33.4720993,126.896965
33.47365189,126.8968048
33.47323227,126.8973083
33.47338104,126.897995
33.47347641,126.8983917
33.47318268,126.8985977
33.47279739,126.8987656
33.47243118,126.8991394
33.47206116,126.8993683
33.47410583,126.8971024
33.47454834,126.8971863
33.47458267,126.8976288
33.47467422,126.8965302
33.47514343,126.8966827
33.47513962,126.8964081
33.47333145,126.8989716
33.47291946,126.8993149
33.47242355,126.899765
33.47219849,126.8999634
33.47190475,126.9002304
33.46998215,126.8981476
33.46938324,126.8953323
33.4680748,126.8931656
33.46680069,126.8911743
33.46440506,126.8897247
33.46268845,126.8888092
33.46585464,126.8907852
33.46543884,126.8914413
33.46477127,126.8923874
33.46434021,126.8930435
33.46580505,126.8951263
33.46638489,126.8958969
33.46765518,126.8971252
33.46881485,126.8978119
33.47026825,126.8987198
33.47111511,126.8989868
33.47137833,126.8995667
33.47123337,126.9000778
33.4716568,126.9003983
33.47107315,126.9010239
33.47068405,126.9018784
33.47030258,126.9027634
33.46947479,126.9032364
33.46898651,126.9033279
33.46856308,126.9031601
33.46804428,126.9029465
33.46776199,126.9021606
33.46845245,126.9022369
33.46982956,126.9035873
33.4693718,126.9044342
33.4727478,126.9013519
33.47305298,126.9011917
33.47328568,126.9010468
33.4736557,126.9008942
33.47385788,126.9007874
33.47424698,126.9005737
33.47459793,126.9003906
33.47489929,126.9002304
33.47518158,126.9001007
33.47544861,126.9002457
33.4753952,126.90065
33.47512817,126.9018631
33.47453308,126.9022903
33.47516251,126.9026108
33.47537613,126.9033966
33.47558212,126.903717
33.4754715,126.9044724
33.47536469,126.9047852
33.47488403,126.904541
33.47457886,126.9042664
33.47417831,126.9037476
33.47428131,126.9032059
33.47405243,126.9025574
33.47499847,126.9035645
33.47372055,126.9024811
33.473629,126.902832
33.47357559,126.9031754
33.47393036,126.9034805
33.47395706,126.903923
33.47369385,126.9045105
33.47399521,126.9042892
33.47376633,126.905014
33.47436523,126.9049454
33.47460938,126.9050293
33.47491074,126.9052582
33.47529984,126.9054642
33.4753685,126.905838
33.47510147,126.9056549
33.4757309,126.9056396
33.47586441,126.9061737
33.47643661,126.9068527
33.4763298,126.9070206
33.47674942,126.9071274
33.47742081,126.9077301
33.47776794,126.9080429
33.47853088,126.9089584
33.47877502,126.9092865
33.47894669,126.9096375
33.47803116,126.9086456
33.47730637,126.9098282
33.47682953,126.909996
33.47580719,126.9102173
33.47516632,126.9106369
33.47492218,126.9108505
33.47428131,126.9113541
33.4739418,126.9113083
33.47361374,126.9113617
33.47402573,126.9095459
33.47424316,126.9088287
33.47487259,126.9083023
33.47529602,126.9078827
33.47555542,126.9074707
33.4751358,126.9066544
33.4752655,126.9062729
33.47488403,126.9074173
33.47426605,126.9070129
33.47409439,126.9070129
33.47423172,126.9079132
33.47400284,126.908638
33.47400665,126.9060364
33.47438049,126.9061203
33.47478485,126.9062271
33.47370529,126.9055939
33.47354889,126.905098
33.47281265,126.9052429
33.47185898,126.9047089
33.47164154,126.9042358
33.47146225,126.9036713
33.47318268,126.9057388
33.47248459,126.905838
33.47208023,126.9058838
33.47158813,126.9058304
33.47167969,126.9061279
33.47065735,126.9057388
33.46969223,126.9056778
33.46917725,126.9056168
33.47105408,126.902626
33.4722023,126.9019012
33.4726944,126.9016953
33.47398376,126.9009857
33.47400665,126.9014816
33.47408676,126.9019394
33.47470856,126.9006042
33.47355286,126.9057015
33.4745874,126.9086347
33.47347157,126.8970169
33.47302545,126.8945457
33.47284894,126.8911328
33.4731546,126.8901306
33.46970182,126.8831463
33.47259374,126.8957995
33.46303341,126.853537
33.47503179,126.8961933
33.4754595,126.8982504
33.4732569,126.8977312
33.47509265,126.9046199
33.47316379,126.9053751
33.47394015,126.9066626
33.47349642,126.9070773
33.47451981,126.9071595
33.47527785,126.8966422
33.37379837,126.8636627
33.39663696,126.8451767
33.37114334,126.870163
33.37347031,126.8736191
33.37367249,126.8738708
33.37385559,126.874115
33.37411499,126.8743668
33.37442398,126.8745804
33.37461853,126.8747406
33.37480164,126.8748856
33.37549591,126.8753128
33.3759346,126.8761826
33.37570572,126.876091
33.376091,126.8766937
33.37656021,126.8770676
33.37654877,126.8770523
33.37671661,126.8772964
33.37709427,126.8777542
33.37723923,126.8780136
33.37758255,126.8784103
33.37776566,126.8786774
33.37802124,126.8789902
33.37851715,126.8796234
33.37886047,126.8799362
33.37939453,126.8806
33.3796463,126.8807526
33.37970352,126.8809586
33.38007736,126.8809814
33.38040924,126.8809433
33.38114929,126.8808136
33.38143921,126.8805847
33.38181686,126.880249
33.38198853,126.8804703
33.38250351,126.8800125
33.38284302,126.8800812
33.38298798,126.8805161
33.38304901,126.8808746
33.38315201,126.8811874
33.38318634,126.8815079
33.38334656,126.8811493
33.38499451,126.8803635
33.38337326,126.8820801
33.38362503,126.8823853
33.38388824,126.8827133
33.38410187,126.8830414
33.38435364,126.8834991
33.38471222,126.8842697
33.38476563,126.884491
33.38480377,126.8846512
33.38486099,126.8848572
33.38614655,126.8885269
33.38616562,126.8891602
33.38651657,126.8891907
33.38700485,126.8894348
33.38737869,126.8897324
33.38766479,126.8902206
33.3880043,126.8911362
33.38817596,126.8915863
33.38824081,126.8921356
33.38824463,126.8926163
33.38843918,126.8933868
33.38866043,126.8938522
33.38895416,126.8947678
33.38902283,126.895401
33.38900757,126.8959198
33.38895035,126.8974991
33.38896942,126.8979034
33.39336395,126.890976
33.38920212,126.8879623
33.38851166,126.8869019
33.38856506,126.8898087
33.38646317,126.8869324
33.38724518,126.8866806
33.38731384,126.8848495
33.38516998,126.8841629
33.38623047,126.8823853
33.3847084,126.8794632
33.38460159,126.8798752
33.38460541,126.8801041
33.38401413,126.8801651
33.38347626,126.8801193
33.38338089,126.8795471
33.38299179,126.8799057
33.38315201,126.8790512
33.38306046,126.8784714
33.38295746,126.8778687
33.38457108,126.8792725
33.38230896,126.8777161
33.38192749,126.8784103
33.38164902,126.8791885
33.38151169,126.8797073
33.3807869,126.8791275
33.38071823,126.8798599
33.38063049,126.880394
33.38021851,126.8798447
33.38002014,126.8800507
33.37989807,126.8803253
33.37970734,126.8792038
33.37921524,126.8787766
33.37897873,126.8784561
33.378582,126.8786545
33.37984085,126.8777084
33.38034058,126.8775253
33.38072968,126.8771057
33.38101196,126.8773804
33.38135147,126.8776779
33.38193893,126.8779449
33.38197708,126.8774338
33.38082504,126.8768539
33.37956238,126.8773804
33.37931442,126.877037
33.37904358,126.8767242
33.37844467,126.8782043
33.37815857,126.8773651
33.37801361,126.8766174
33.37846375,126.8760681
33.37887955,126.8763885
33.3792305,126.8760529
33.37988281,126.8759918
33.37820053,126.8757706
33.3773613,126.8748779
33.37695694,126.8744507
33.37682343,126.8739624
33.37637711,126.8755646
33.37656403,126.8737717
33.37082672,126.866127
33.37807465,126.86866
33.37663651,126.8733749
33.37962341,126.8695602
33.38116837,126.8705902
33.38253403,126.8713455
33.38256454,126.8718567
33.3820124,126.872201
33.38194275,126.8733139
33.38173294,126.873764
33.38127899,126.8745041
33.3811264,126.874733
33.38088608,126.8749161
33.38076019,126.8752747
33.3829155,126.8718033
33.39199066,126.8512955
33.3922348,126.8508148
33.39244843,126.8506393
33.39268112,126.8503189
33.39268112,126.8500977
33.39255524,126.8499603
33.39102173,126.8526001
33.39053345,126.8539352
33.39009857,126.8720169
33.38991165,126.8724594
33.38986588,126.8729706
33.38989258,126.8731766
33.39021683,126.8734665
33.390522,126.8736877
33.39184189,126.8731689
33.38998795,126.8752975
33.39063263,126.8753662
33.39079285,126.8755722
33.39029694,126.8773041
33.39056778,126.8781281
33.38784409,126.8800583
33.38915253,126.8716125
33.38835907,126.8711395
33.3871727,126.870842
33.38656235,126.8706284
33.3856163,126.870903
33.384758,126.8715897
33.3844223,126.8710327
33.38389587,126.8711853
33.38407516,126.8707657
33.38407898,126.8692627
33.38505554,126.8663635
33.38549805,126.8647766
33.38749313,126.858345
33.38895416,126.8570938
33.38368988,126.8716965
33.38385391,126.873291
33.38373947,126.8741989
33.38367081,126.8747559
33.3842392,126.8739243
33.38346481,126.8757553
33.38336563,126.8764114
33.3829422,126.8767319
33.38367081,126.8767014
33.38407135,126.8771973
33.38334656,126.8742371
33.38262177,126.8766632
33.38233948,126.8766251
33.37748718,126.8734665
33.37757874,126.8732224
33.3780632,126.8733673
33.37823868,126.8730469
33.37828445,126.8737183
33.37116241,126.8697891
33.37295914,126.8708038
33.37480164,126.8720551
33.375,126.8722
33.37646484,126.87323
33.39348984,126.8903809
33.39289093,126.8903732
33.39291,126.8901978
33.38882852,126.8490051
33.38859279,126.8574305
33.37770125,126.8741336
33.37835308,126.8734274
33.38288583,126.8710914
33.38332155,126.8717544
33.37831053,126.8793704
33.38616863,126.8870548
33.37993247,126.8806833
33.38412877,126.8787538
33.39088841,126.8553725
33.39206239,126.8569828
33.39207747,126.8729185
33.382061,126.8810806
33.34679413,126.8516846
33.34695816,126.8514709
33.34738922,126.8508224
33.34763336,126.8503036
33.34774399,126.8498611
33.34777069,126.8499603
33.34774399,126.8490524
33.34808731,126.8485336
33.34848022,126.8476791
33.34922791,126.8466339
33.34988403,126.845993
33.35055161,126.8449249
33.35100555,126.8445206
33.35148621,126.8448486
33.35184097,126.8436813
33.35253525,126.8434143
33.35262299,126.8437271
33.35302734,126.8439865
33.35310364,126.8445435
33.35345459,126.8423996
33.35401154,126.8417587
33.3543663,126.841156
33.3546257,126.8403778
33.3546524,126.8399353
33.3549881,126.8398209
33.35273361,126.846138
33.34673691,126.8487091
33.34591293,126.8482971
33.34575653,126.8480301
33.3456192,126.8476257
33.34573364,126.8468857
33.34560394,126.8486404
33.34537125,126.8491974
33.34508133,126.8489304
33.34519196,126.8496857
33.34478378,126.8492355
33.34452057,126.8487473
33.34564972,126.8502655
33.34590912,126.8503036
33.34703445,126.8520126
33.34840775,126.8536758
33.35483551,126.8507614
33.35717392,126.8509979
33.35689545,126.8499146
33.35630798,126.8485489
33.35922623,126.8475952
33.35930252,126.8467255
33.35942078,126.8457642
33.35962296,126.8536148
33.35578537,126.8570328
33.35547256,126.856575
33.358078,126.8542557
33.35554504,126.8558807
33.35048189,126.8560624
33.35140228,126.8557892
33.35310364,126.8586044
33.35694885,126.8595352
33.35564804,126.8611374
33.35511017,126.8610992
33.35326812,126.8591896
33.35292816,126.8589478
33.35255814,126.8592682
33.35276031,126.8597946
33.35311508,126.8605652
33.35242081,126.8602753
33.34954834,126.8635788
33.3503418,126.8642502
33.3507576,126.8643646
33.35169983,126.8653488
33.34781647,126.8605652
33.34736633,126.8595657
33.34679413,126.8591232
33.34593582,126.8585739
33.34527969,126.8580246
33.34483719,126.8579178
33.34399796,126.8582458
33.34515762,126.856842
33.34585953,126.8541412
33.34655762,126.853981
33.3468399,126.8540192
33.34693146,126.8545837
33.34759903,126.8540421
33.34811401,126.8537827
33.34758759,126.8531494
33.34613419,126.8531723
33.34545135,126.8524017
33.34532928,126.8526459
33.34563446,126.8541641
33.34492111,126.854454
33.34457779,126.8546143
33.34415054,126.8544769
33.34397125,126.8540955
33.34317398,126.8540192
33.34291458,126.8541489
33.34304047,126.8548508
33.34329987,126.8554993
33.3429451,126.8561935
33.34319687,126.8566818
33.3428154,126.8536682
33.34204865,126.8560181
33.34169006,126.8555984
33.34124374,126.8552017
33.34169006,126.8543396
33.34184647,126.8541946
33.34194183,126.8537903
33.34240341,126.853447
33.34061432,126.8551102
33.34033966,126.8550949
33.34026718,126.8552094
33.33969879,126.8550034
33.33946228,126.8553848
33.3392334,126.855072
33.33936691,126.8546982
33.33938217,126.8542786
33.3393898,126.8537903
33.33834457,126.851738
33.33815765,126.8513718
33.33972931,126.8505554
33.33995056,126.8514099
33.34046936,126.8518829
33.34022141,126.8521652
33.34035873,126.8525391
33.33986282,126.8523407
33.34082413,126.8521042
33.34132385,126.8527603
33.34096527,126.8530884
33.34004593,126.8532486
33.340065,126.8539429
33.33987808,126.8546524
33.34231949,126.8526611
33.3423233,126.8523865
33.34186935,126.8518372
33.34278488,126.8518524
33.34455872,126.8516998
33.34494019,126.8516922
33.34487915,126.8511505
33.345047,126.8503647
33.34469223,126.8502808
33.34439087,126.850769
33.34445572,126.8523254
33.34463501,126.8525925
33.34431839,126.8529892
33.34382248,126.8529663
33.34381866,126.8534317
33.34337616,126.8534622
33.3428154,126.8531723
33.34255219,126.8529129
33.34207535,126.8521271
33.34119797,126.8516846
33.34158707,126.8513489
33.34233856,126.8507462
33.34225082,126.8503799
33.34214783,126.8497314
33.34204102,126.8492126
33.34165573,126.848938
33.34262466,126.8491058
33.34262466,126.8506622
33.3431015,126.8503342
33.34347534,126.8503265
33.34381104,126.8500443
33.34398651,126.8496933
33.34445953,126.8495102
33.34449387,126.8492584
33.34474182,126.8494568
33.34502029,126.849968
33.34646988,126.8518219
33.34044647,126.8553696
33.34040451,126.8557358
33.34051895,126.8564453
33.34609664,126.8466644
33.3418396,126.851103
33.34187661,126.8557248
33.35270782,126.8457652
33.35260252,126.8453746
33.35763271,126.8558962
33.35590562,126.8554814
33.34986883,126.8439667
33.35931396,126.8644638
33.3625145,126.8673477
33.36319351,126.8670578
33.3643074,126.8672485
33.36252594,126.8651657
33.36390305,126.8651733
33.3634491,126.8650284
33.36312103,126.8649521
33.36177444,126.8646774
33.35894775,126.8639832
33.36326218,126.8645325
33.36297226,126.8637772
33.3625679,126.8627472
33.36200333,126.8617477
33.36139297,126.8606949
33.36097717,126.8600006
33.36066437,126.8592987
33.36038589,126.8590088
33.35911942,126.8586426
33.35872269,126.8592529
33.35860443,126.8597031
33.35879898,126.8600769
33.35900879,126.8605423
33.35794067,126.8598022
33.35981369,126.8546524
33.36007309,126.8562775
33.36123657,126.8592529
33.35970688,126.8526459
33.3596611,126.8515701
33.35950089,126.8505478
33.36010742,126.8504791
33.36166,126.850563
33.35960388,126.8497849
33.35957718,126.8489227
33.35985565,126.845047
33.36017227,126.8447113
33.36088562,126.8436356
33.36104584,126.8429871
33.36547852,126.8544083
33.36587524,126.8601303
33.36600113,126.8625336
33.36593246,126.8630676
33.36572266,126.864357
33.35948563,126.8406448
33.359272,126.8395309
33.35934067,126.8386993
33.36125946,126.8422012
33.3613472,126.8416901
33.36151505,126.841423
33.36141968,126.8409119
33.36158371,126.8403549
33.36185455,126.8404236
33.36144257,126.8396378
33.36105728,126.839653
33.36137772,126.8387299
33.36094284,126.8382874
33.36071014,126.838028
33.36045456,126.8379898
33.35995865,126.837471
33.36079407,126.838913
33.36159134,126.8384552
33.36194992,126.8384399
33.36231232,126.8384705
33.36269379,126.8381119
33.36337662,126.8381805
33.36368561,126.8383179
33.36326218,126.839035
33.36408234,126.8381348
33.361763,126.8374481
33.36187744,126.8368835
33.36208344,126.8364563
33.36172104,126.8362427
33.36135101,126.8358841
33.36091995,126.8356476
33.3605423,126.8353195
33.36017227,126.8351059
33.36032486,126.8360062
33.35993958,126.836113
33.3599968,126.8364716
33.35928345,126.8358536
33.35920715,126.836441
33.35859299,126.836998
33.35833359,126.8373489
33.35850143,126.8362885
33.35868073,126.8357544
33.35885239,126.8354187
33.35918808,126.8349838
33.35940933,126.8347321
33.35881424,126.8375778
33.35900497,126.8379059
33.35903168,126.8383026
33.35926819,126.8383789
33.35944366,126.8374329
33.35773087,126.8377838
33.356884,126.8381882
33.35624313,126.8386765
33.35558319,126.8393173
33.36112595,126.8345413
33.36114883,126.8340225
33.36075211,126.8342514
33.36031342,126.834053
33.36009979,126.8339462
33.36145401,126.8341827
33.36188889,126.8339386
33.36218643,126.8338242
33.36207199,126.8342972
33.36256409,126.8343658
33.36295319,126.8342209
33.36319733,126.834053
33.3632164,126.8334503
33.36333084,126.8329926
33.36319351,126.8327026
33.36378098,126.8326187
33.36413574,126.8326492
33.36362839,126.8338547
33.36127472,126.8331375
33.36152649,126.8332367
33.36134338,126.8325882
33.360569,126.832016
33.36139679,126.832016
33.36153793,126.8313141
33.36161041,126.8309097
33.36197281,126.8313904
33.36146164,126.8304291
33.36103821,126.8307266
33.36161423,126.8299484
33.36191177,126.8299408
33.36234665,126.8298187
33.36273193,126.8299332
33.36341476,126.8305588
33.36382294,126.830658
33.36372757,126.8310013
33.36394119,126.8303452
33.36410904,126.8299561
33.36393356,126.8293839
33.36382675,126.8288803
33.3646431,126.8294907
33.36438751,126.8303146
33.36459351,126.8305664
33.36459732,126.830925
33.36472702,126.8316574
33.361763,126.8294525
33.36194992,126.8289413
33.36252594,126.8280792
33.36296463,126.8279037
33.36343765,126.8275528
33.36364365,126.8279419
33.3637619,126.8282394
33.36331177,126.828598
33.36400986,126.8278351
33.36431503,126.8276901
33.36480331,126.8276215
33.36483765,126.8281479
33.36444092,126.8284454
33.36331177,126.8270645
33.36709213,126.824234
33.36720657,126.8245163
33.36714935,126.8249664
33.36709213,126.8253479
33.36888504,126.8212662
33.37149048,126.8219604
33.36159515,126.8353729
33.36289978,126.836525
33.36320114,126.8358536
33.36304474,126.8354416
33.36328125,126.8353271
33.36344528,126.836319
33.36441803,126.8352127
33.36381149,126.8348923
33.36346054,126.8349686
33.36482239,126.8356552
33.36486053,126.8361053
33.3650322,126.8365707
33.36526871,126.8374023
33.36545944,126.8376083
33.36568451,126.8380432
33.36577988,126.8385849
33.36645889,126.8388901
33.36534119,126.8386917
33.3650856,126.8389206
33.36494827,126.8380814
33.36527634,126.8359985
33.36601639,126.8360825
33.36749268,126.8362961
33.36780167,126.8361893
33.36507416,126.8341293
33.36550903,126.8332672
33.36487961,126.8328247
33.36458969,126.8326187
33.36596298,126.8336105
33.36630249,126.8348007
33.36665344,126.8344498
33.36633301,126.8330231
33.37091827,126.8289642
33.3720932,126.8272629
33.37794113,126.8183212
33.37903595,126.8170929
33.37965393,126.8165207
33.38482285,126.8148041
33.38581085,126.808136
33.38063049,126.8071747
33.37597275,126.8120956
33.38196945,126.8071671
33.38087463,126.8063736
33.38068008,126.8047867
33.38107681,126.8048477
33.38300705,126.8049927
33.38190842,126.8047562
33.38181305,126.804306
33.38079834,126.8022079
33.3669014,126.8361893
33.38641248,126.8080279
33.38369108,126.8046485
33.38406646,126.8039894
33.38413836,126.8038441
33.36500344,126.8680192
33.36604456,126.8615732
33.36283902,126.8633646
33.36145877,126.8400806
33.36370051,126.8358243
33.36464452,126.8354867
33.36475819,126.8345195
33.36012994,126.8576152
33.3620095,126.8654047
33.36269923,126.8633299
33.36054736,126.8343313
33.36409688,126.8355603
33.38720606,126.8081283
33.45070515,126.9153444
33.45076508,126.9156481
33.46925354,126.9231491
33.46994019,126.9228058
33.47013092,126.9225235
33.47042847,126.9222717
33.47022629,126.9218063
33.46949387,126.9213181
33.46932983,126.920929
33.46891785,126.9210587
33.46883011,126.9210587
33.46886876,126.9215259
33.46904373,126.920723
33.46917725,126.9203949
33.46943283,126.9199142
33.46965408,126.9195099
33.46985245,126.9191666
33.4703598,126.9183121
33.47112274,126.9170837
33.47177887,126.9165573
33.47193146,126.9161301
33.47192001,126.9153595
33.47189713,126.9149246
33.47188187,126.9144363
33.47102356,126.9150848
33.47190857,126.9137878
33.4719696,126.9134445
33.47235107,126.9124603
33.47274017,126.9120712
33.4729805,126.9118042
33.47141266,126.9168777
33.46885681,126.9204102
33.46884918,126.9199066
33.46885681,126.9191666
33.46886063,126.9188309
33.46888351,126.9182663
33.46870804,126.9172058
33.46860123,126.9168015
33.46909332,126.9167099
33.46958542,126.9167709
33.47006226,126.9168015
33.46839905,126.9163208
33.46820068,126.915802
33.46797562,126.9153061
33.4678421,126.9149551
33.46759796,126.9143448
33.46741104,126.9138565
33.46720123,126.9133377
33.46701431,126.9128418
33.4666481,126.9118805
33.46623993,126.910881
33.46587753,126.9099503
33.46554947,126.908905
33.46553421,126.908783
33.4673233,126.9074631
33.46782303,126.907074
33.46880722,126.9060974
33.46883392,126.9053497
33.46801758,126.9065933
33.46761322,126.906929
33.46701813,126.9072952
33.46641541,126.9076614
33.46568298,126.9080963
33.46500778,126.9085159
33.46461868,126.9087753
33.46516418,126.9090042
33.46682358,126.9132919
33.46648026,126.9131851
33.46572876,126.9131546
33.46509933,126.9135208
33.46450424,126.913681
33.4641037,126.9138794
33.46287537,126.910347
33.46417618,126.9094849
33.46450043,126.9093323
33.46328735,126.9141998
33.46307755,126.9142532
33.46313858,126.9136581
33.46297073,126.9129791
33.46272278,126.9126892
33.46279144,126.9143066
33.46273804,126.9148865
33.46260071,126.9151611
33.46212769,126.9144669
33.46233368,126.9140472
33.46228027,126.9134445
33.46240997,126.9126282
33.46246719,126.9123154
33.46258163,126.9116364
33.46258545,126.9110718
33.46199036,126.914978
33.46166229,126.9151001
33.46160507,126.9148178
33.46139145,126.9145279
33.4613266,126.9142227
33.4610939,126.9141159
33.46120453,126.9133606
33.46075821,126.912529
33.46044159,126.9128571
33.46098709,126.912056
33.46073532,126.9109039
33.46128845,126.9152756
33.46103668,126.9153595
33.46076965,126.9155045
33.46068192,126.9150772
33.46065521,126.9142075
33.46095657,126.9143066
33.46021271,126.9155807
33.45956421,126.9154968
33.45931625,126.9154205
33.45968246,126.9152603
33.4596405,126.91465
33.45970917,126.9142838
33.45938492,126.9140472
33.45925522,126.9141541
33.45877838,126.913887
33.45907974,126.9134903
33.45887756,126.9132385
33.4588356,126.9128647
33.45862579,126.9123306
33.45905304,126.9117889
33.45957565,126.9113846
33.45800018,126.9126282
33.45709229,126.9130402
33.45669937,126.9130707
33.45577621,126.9129562
33.45661545,126.9120941
33.45520401,126.9129486
33.45482254,126.9130936
33.45845032,126.9143982
33.45805359,126.9142227
33.45824814,126.9146576
33.45777893,126.9154053
33.45808411,126.9158173
33.45889282,126.9155884
33.4601059,126.9161453
33.46052551,126.9165878
33.45998001,126.9164124
33.46043777,126.91716
33.46050644,126.9176559
33.46090698,126.9170456
33.46113205,126.9171753
33.46141815,126.9168015
33.46175385,126.9166031
33.46197128,126.9175186
33.46221924,126.9187469
33.46285248,126.9194489
33.46151733,126.9160309
33.46176529,126.915947
33.46128845,126.9155731
33.46216965,126.9154816
33.45643997,126.9148178
33.46122742,126.91642
33.45695496,126.914978
33.45607376,126.9145126
33.45529556,126.9139328
33.45516205,126.9136505
33.4549675,126.9136505
33.45539856,126.9131088
33.45456314,126.9133606
33.45409393,126.9135437
33.45377731,126.9136353
33.45354843,126.9141388
33.4534111,126.9141083
33.45321655,126.9138107
33.45301437,126.9138641
33.45081711,126.91539
33.45114899,126.9155197
33.45415115,126.912941
33.45437241,126.9122772
33.45451736,126.9119339
33.45451736,126.9116135
33.45496368,126.9115372
33.45541763,126.9114914
33.45588303,126.9114304
33.45635986,126.9113541
33.4569397,126.9112701
33.45743942,126.9111938
33.45790863,126.9111404
33.4584198,126.9110641
33.46782303,126.9153671
33.46814346,126.916153
33.46844864,126.9169159
33.46855545,126.9171829
33.46846008,126.9217148
33.46829224,126.9216537
33.46789169,126.9214783
33.46754837,126.9214859
33.4670372,126.9216537
33.46670532,126.9213486
33.46387482,126.9092407
33.46393204,126.9088058
33.46396255,126.9083176
33.46403122,126.907959
33.46336746,126.9084473
33.46300507,126.9083939
33.46400833,126.9071808
33.46503067,126.9051895
33.46530914,126.9049683
33.46549606,126.9046249
33.46563339,126.9047775
33.46534348,126.9039001
33.46630096,126.9037247
33.46278381,126.9087219
33.46266174,126.9081039
33.46401215,126.9065475
33.46226883,126.90065
33.46212006,126.9023209
33.46213531,126.903717
33.4620018,126.904274
33.46175003,126.9052963
33.46219254,126.9063416
33.46189117,126.8993912
33.46118164,126.897522
33.46091843,126.8963318
33.46059036,126.8937378
33.4586792,126.8884277
33.46081543,126.8883362
33.46184921,126.8884125
33.46556473,126.8943787
33.46669388,126.8968201
33.45617676,126.8877182
33.45347214,126.8872528
33.45639801,126.8800888
33.45510483,126.8898163
33.45511246,126.8903122
33.45567067,126.8946312
33.45603561,126.8955994
33.45698929,126.8972855
33.45731354,126.897728
33.45750809,126.8984833
33.45795059,126.9001236
33.45868683,126.901062
33.4592247,126.9020157
33.45964432,126.9028397
33.45978165,126.903717
33.4600029,126.9044342
33.45985794,126.9050217
33.45951462,126.9055328
33.45956802,126.9074402
33.46028519,126.9078598
33.46109009,126.9086151
33.46134567,126.9090424
33.46003723,126.9085312
33.46020126,126.9082947
33.46047974,126.9091797
33.45965958,126.9096222
33.45943069,126.9103699
33.45840454,126.9054031
33.45644379,126.9031906
33.45614624,126.9027863
33.45518875,126.9019928
33.45492172,126.9015503
33.45404053,126.8988953
33.45414734,126.8984222
33.45447159,126.9076843
33.45438766,126.9081497
33.45425415,126.9100876
33.46031189,126.9057465
33.46105576,126.9060211
33.46119308,126.906929
33.46122742,126.9073105
33.46138763,126.9080505
33.46153641,126.9085007
33.46166229,126.9088745
33.46208954,126.9097595
33.4606781,126.9103622
33.46035004,126.9104156
33.45888901,126.9106445
33.45839691,126.9107437
33.45791626,126.9107895
33.45746994,126.9108658
33.45720673,126.9105072
33.45693207,126.9102097
33.45701218,126.9109421
33.4565239,126.9109955
33.45611572,126.9110641
33.45610046,126.9107742
33.45590591,126.9103851
33.45610428,126.9095993
33.45566177,126.9111252
33.4552536,126.9111786
33.45460892,126.9112778
33.4677124,126.9025116
33.45754543,126.899347
33.45653329,126.8965018
33.45702638,126.8958545
33.45588972,126.8951136
33.45538182,126.894239
33.45508959,126.8938387
33.45485137,126.893359
33.45475169,126.8927729
33.46011545,126.9027028
33.46054597,126.9027063
33.4607421,126.9027478
33.46076381,126.903131
33.46079121,126.9035733
33.46095149,126.9038932
33.46134827,126.9039895
33.46140223,126.9038147
33.46254744,126.9069854
33.45836,126.9123587
33.46128364,126.9158544
33.46182101,126.9172187
33.46220488,126.918247
33.46257525,126.9193331
33.46062776,126.9095166
33.46182755,126.9058473
33.45233149,126.8810924
33.46000225,126.9049699
33.45984306,126.9031495
33.45964429,126.9026173
33.39383316,126.8924637
33.39439774,126.8941345
33.39439011,126.897522
33.39535904,126.896637
33.39435577,126.8978119
33.39416885,126.8979263
33.39383698,126.8980865
33.38916779,126.8984756
33.38957214,126.8993683
33.38978958,126.8998718
33.39000702,126.9002838
33.39029694,126.9007339
33.39054871,126.9011841
33.39070892,126.9015121
33.39097214,126.9023132
33.39102554,126.9026871
33.39110947,126.9031525
33.39123535,126.9035645
33.39134598,126.9039307
33.39193344,126.9047928
33.39299011,126.9056015
33.39340973,126.9055939
33.39395142,126.9059448
33.39452744,126.9061813
33.39480972,126.9061813
33.39519119,126.9059906
33.39625168,126.9058838
33.39665604,126.9060135
33.39709473,126.9061584
33.39750671,126.9061966
33.39779282,126.9061203
33.39830017,126.9056244
33.39859772,126.9052963
33.39894104,126.9050064
33.40078735,126.9037323
33.40087509,126.9033203
33.40127945,126.9031906
33.40187836,126.9036789
33.40208054,126.904007
33.40205383,126.9027786
33.40198898,126.9033279
33.40219116,126.9033661
33.40223312,126.9036255
33.40240097,126.9040298
33.40246964,126.9030304
33.40218735,126.9029846
33.40228271,126.9026947
33.40281677,126.902771
33.4032135,126.90271
33.40369415,126.9029465
33.40385818,126.9032822
33.40454865,126.9034424
33.4048233,126.9035263
33.40512085,126.9035797
33.40522766,126.9039764
33.40532303,126.9039536
33.40558624,126.9042969
33.40547562,126.904541
33.40533829,126.904892
33.4058609,126.9057999
33.40631485,126.9065018
33.40668106,126.9070282
33.40731812,126.9075241
33.4076767,126.9076004
33.40827179,126.9076767
33.40877914,126.9078903
33.40922928,126.9079971
33.40988922,126.9081116
33.41024017,126.9081192
33.41060257,126.9079971
33.41091537,126.9079514
33.4111824,126.9080658
33.4115181,126.9081955
33.4118309,126.9081268
33.41212845,126.9080734
33.4123497,126.9077072
33.4126358,126.9089127
33.41292191,126.9092484
33.41378021,126.909523
33.42339325,126.9137878
33.4142189,126.9064636
33.41389084,126.9064102
33.41359329,126.9063263
33.41325378,126.9062576
33.41261292,126.8999786
33.41180801,126.9005432
33.41140747,126.9002228
33.41082001,126.899498
33.41045761,126.8996353
33.41026688,126.900032
33.41017151,126.9011688
33.41039276,126.9013596
33.41061783,126.9016113
33.41091537,126.9019699
33.4107933,126.9043961
33.40972137,126.9033508
33.40970612,126.9028625
33.40975189,126.9020157
33.40975952,126.9015808
33.40920639,126.9024734
33.40818787,126.9034119
33.40824127,126.9044952
33.40732956,126.9042206
33.40737915,126.9046631
33.40670776,126.9047394
33.40650558,126.905365
33.406147,126.9057236
33.40632248,126.9038239
33.40664291,126.9037857
33.40684128,126.9035873
33.40761185,126.9027405
33.4080658,126.9023972
33.40839767,126.9023972
33.40868759,126.901947
33.40834427,126.901474
33.40834427,126.9009171
33.40884018,126.9005966
33.40945435,126.9006958
33.40936279,126.9000397
33.40961456,126.9000397
33.40760803,126.9012527
33.40687561,126.9014511
33.40671158,126.9019699
33.40710068,126.9021835
33.40695953,126.9024811
33.40649033,126.902504
33.40645218,126.9030533
33.40599823,126.903595
33.40580368,126.9031677
33.40541077,126.9027863
33.40497589,126.9024506
33.40479279,126.903038
33.40352631,126.902626
33.40395355,126.9021835
33.40418243,126.9021759
33.40460205,126.9021912
33.40542603,126.9021683
33.40577698,126.9020844
33.40639877,126.9018402
33.40574646,126.9016647
33.40602875,126.9014816
33.40618896,126.9011002
33.40732193,126.9011078
33.407444,126.900238
33.40807343,126.8998566
33.40821075,126.900032
33.40821457,126.9004593
33.40865326,126.8994522
33.40904999,126.8993988
33.40931702,126.8993912
33.40948486,126.899147
33.40755463,126.8979492
33.40758133,126.898468
33.40762711,126.8990707
33.40748978,126.8992767
33.40684128,126.8993912
33.40638279,126.8993469
33.40559769,126.8997116
33.40507507,126.9001617
33.40456772,126.9002914
33.40467072,126.9007721
33.40468979,126.9010468
33.40485764,126.9014664
33.40499115,126.9019928
33.4042511,126.9012756
33.40401459,126.9013748
33.40370178,126.9008865
33.40377426,126.900383
33.40394974,126.9002762
33.40446472,126.8999557
33.40439224,126.8995514
33.40404129,126.8994522
33.40306091,126.8997345
33.40248489,126.8999481
33.40251541,126.9006119
33.40233994,126.9014511
33.40235138,126.9019928
33.40318298,126.9018936
33.40197372,126.9021606
33.40127182,126.9026108
33.40069199,126.9029846
33.40021133,126.9031219
33.40001297,126.9034195
33.39938354,126.9039841
33.40039825,126.9024963
33.40036011,126.9021149
33.40051651,126.9011459
33.4012413,126.9011536
33.40027237,126.9008026
33.39897537,126.9002228
33.39809418,126.8993301
33.39735031,126.8991394
33.39653397,126.8983002
33.39626694,126.8979111
33.39612961,126.8974838
33.40287399,126.8993683
33.40304947,126.8987808
33.40293503,126.8979797
33.40272141,126.8974152
33.40258026,126.8967514
33.40257645,126.8959885
33.40373611,126.8963776
33.40379715,126.8967209
33.40412903,126.8981857
33.40428543,126.8985367
33.40420151,126.8992081
33.40490341,126.8990402
33.40509033,126.8987427
33.40532684,126.8986969
33.40577698,126.8979187
33.40604782,126.897644
33.40657043,126.8972092
33.40000534,126.8962173
33.40016937,126.8968048
33.40064621,126.8977737
33.40389633,126.8973541
33.40972137,126.8984528
33.41094589,126.8990479
33.41191101,126.8994293
33.41917038,126.9037628
33.42425919,126.9058456
33.42108536,126.9042587
33.41388702,126.900032
33.41249084,126.8994141
33.41225052,126.8992767
33.41215134,126.8986664
33.41156387,126.8989639
33.4110527,126.8987122
33.40966034,126.8980713
33.40829086,126.8974915
33.40751648,126.8971939
33.40728378,126.8971024
33.40444183,126.8962021
33.40381622,126.8960114
33.40343857,126.8959045
33.40307617,126.8957901
33.40216064,126.8955688
33.39968491,126.8948669
33.39941788,126.8946762
33.39896011,126.889122
33.39974976,126.8915787
33.39922333,126.8925018
33.39916992,126.8931351
33.39927292,126.8936462
33.39914322,126.8881226
33.401474,126.8822556
33.40305328,126.8846512
33.40309525,126.8858032
33.40279388,126.8870087
33.40221786,126.8902435
33.40269089,126.8907928
33.40265274,126.8920364
33.40369797,126.8936768
33.40381622,126.8947983
33.40743256,126.8969345
33.40717697,126.8963089
33.40730667,126.8959122
33.40755081,126.8955994
33.4134407,126.8892517
33.41379547,126.8904877
33.41376114,126.8910217
33.41373444,126.8917542
33.41387939,126.8920898
33.41339493,126.8937912
33.413414,126.895134
33.41265488,126.8955612
33.41231918,126.8962173
33.41128159,126.8965073
33.41064453,126.8968964
33.41005325,126.8970337
33.40958405,126.8973465
33.4095726,126.8968735
33.40962982,126.8958969
33.40964508,126.8953476
33.4091568,126.8973312
33.40892792,126.8973236
33.41386414,126.8957748
33.41426086,126.8962021
33.4140625,126.896431
33.41432571,126.8971634
33.4131813,126.8971863
33.41332626,126.8970261
33.41307831,126.8975372
33.41267776,126.8979797
33.42636108,126.8975754
33.42409515,126.8961258
33.4237442,126.8960037
33.42344284,126.8958817
33.4208374,126.8944168
33.42045975,126.894165
33.41905975,126.8944016
33.41807938,126.8943176
33.41656113,126.8949127
33.41477203,126.8954697
33.41462708,126.894928
33.41427231,126.8934631
33.41721725,126.8900452
33.41746902,126.8902359
33.41946793,126.8930359
33.42222595,126.8872223
33.41505432,126.8853607
33.41540146,126.8858948
33.4169426,126.8889694
33.4141922,126.886322
33.41376877,126.8878403
33.41356659,126.888237
33.41329575,126.88871
33.40708923,126.8954926
33.40701294,126.8946152
33.40686417,126.8934631
33.40723038,126.8928833
33.40671539,126.8919449
33.40570068,126.8885956
33.40369415,126.8858948
33.3949721,126.8918004
33.40294962,126.8866232
33.40200167,126.8968097
33.40197258,126.9012264
33.39985341,126.9036246
33.40856447,126.9040288
33.41129121,126.9046413
33.41667881,126.9067064
33.40523621,126.9052822
33.40093218,126.8982446
33.40528512,126.9043872
33.40783646,126.9026335
33.41923521,126.9071243
33.41850519,126.9075122
33.41825932,126.9072705
33.40240998,126.8972069
33.40841702,126.9028169
33.38525143,126.8860471
,
,
,
,
,
,
,
,
,
,
,
,
,
,
,
,
,
,
,
,
,
,
,
,
,
33.46410082,126.8895584
33.46398799,126.889416
,
,
,
,
,
,
,
,
33.38819073,126.8576743
,
,
,
,
33.38377529,126.8724174
,
,
,
,
,
,
,
,
,
,
,
,
,
,
,
,
,
,
,
,
,
,
,
,
,
,
,
,
,
,
,
33.45822246,126.9003654
,
,
,
,
,
,
,
,
,
,
,
,
33.4580781,126.9002391
33.45808035,126.9002311
,
,
,
33.42008555,126.8886532
33.32955933,126.3543549
33.32975006,126.354454
33.32998657,126.3545685
33.33016968,126.3546753
33.33036423,126.3548355
33.33054352,126.3549576
33.3306694,126.3548889
33.33089447,126.3549042
33.33111572,126.3550186
33.33132172,126.3550186
33.33148956,126.3550491
33.33098602,126.3543396
33.33118057,126.3544235
33.33137131,126.3545074
33.33152008,126.3545761
33.33106232,126.354187
33.33071136,126.3542633
33.3306694,126.3540802
33.33056259,126.3541412
33.33037186,126.354126
33.33012772,126.3540878
33.32987976,126.3540115
33.32967758,126.3539276
33.3211937,126.3503723
33.29909134,126.3336487
33.31251144,126.3469162
33.3038559,126.3383865
33.30368423,126.33815
33.30352783,126.3380127
33.30339813,126.3382111
33.30316925,126.3384171
33.23640442,126.3379211
33.23664093,126.3375244
33.23698807,126.3372421
33.23737717,126.3369904
33.23654938,126.3394623
33.22093582,126.2952347
33.22075272,126.2945633
33.23334885,126.2989044
33.23355865,126.2989426
33.25858307,126.3532104
33.28615952,126.3649521
33.27730942,126.3600082
33.27742004,126.3598557
33.28425598,126.3544159
33.25701904,126.3542252
33.26081467,126.3513031
33.30886078,126.3492737
33.30961227,126.3537521
33.26550293,126.3036575
33.23091507,126.287674
33.22669601,126.2951584
33.23648834,126.3123627
33.23657227,126.3124313
33.23663712,126.3124008
33.23672867,126.3124695
33.23680878,126.312561
33.23685074,126.3126755
33.23690796,126.3128128
33.23698425,126.3129654
33.23701859,126.3131638
33.23704147,126.3133392
33.23705292,126.3134842
33.23716354,126.3134995
33.23723984,126.3132095
33.23738098,126.3129959
33.23747253,126.3130875
33.23762512,126.3128967
33.23766708,126.3131561
33.23772812,126.3129578
33.23783493,126.3128662
33.23783493,126.3129654
33.23793411,126.3128738
33.23794937,126.3129654
33.23801041,126.3129196
33.23631668,126.3125534
33.23631668,126.3123398
33.23647308,126.3121643
33.23649216,126.3117981
33.29457855,126.2972412
33.29426956,126.2972794
33.29408646,126.2968903
33.29390717,126.2964783
33.2942009,126.2962646
33.29447937,126.2960587
33.29475784,126.2958679
33.29494095,126.2962341
33.29515839,126.2966614
33.29499435,126.2969589
33.25995636,126.3601074
33.26010132,126.3606796
33.26030731,126.3612289
33.26055527,126.3617859
33.26071167,126.3622437
33.26074982,126.3624496
33.26097488,126.3630371
33.26109695,126.3636551
33.26114655,126.3630219
33.26100159,126.3623657
33.26091385,126.3621063
33.26073837,126.3617325
33.26045609,126.3611755
33.26025009,126.3606262
33.26012039,126.3600616
33.26007462,126.3595963
33.26005936,126.3591232
33.26005554,126.3584976
33.26005554,126.3580933
33.26005554,126.3574753
33.26006317,126.3571091
33.26006699,126.3566513
33.2600708,126.3562622
33.25992966,126.3556747
33.25965118,126.355072
33.25934601,126.3545609
33.25907135,126.3541489
33.25881195,126.3537292
33.25847244,126.3532867
33.25815964,126.3528137
33.25798416,126.3525085
33.25780106,126.3521805
33.25743866,126.3517685
33.25763702,126.3523331
33.25787354,126.3527756
33.25800705,126.3530197
33.2583046,126.3534393
33.25862122,126.3538666
33.25896454,126.3543396
33.25920105,126.3546906
33.25954437,126.3552628
33.25972748,126.3557587
33.2598114,126.3561172
33.25984955,126.3566742
33.25985718,126.3571243
33.2598877,126.3576355
33.25986862,126.3581314
33.25987625,126.3585129
33.2598877,126.3589325
33.25989151,126.3595657
33.25810242,126.3540573
33.25807571,126.3539505
33.2578125,126.3539429
33.25779724,126.3543167
33.25782394,126.354454
33.25786209,126.3546066
33.25789642,126.3547821
33.25791168,126.3549881
33.25812531,126.3550034
33.25825119,126.3549652
33.25854111,126.3549347
33.25853729,126.3547287
33.25852585,126.3545074
33.25852203,126.3542938
33.25830078,126.3541489
33.25801086,126.3542786
33.25840759,126.3538666
33.25820541,126.3538818
33.25806808,126.3537292
33.25749969,126.3513336
33.25732422,126.3507538
33.25723267,126.3504181
33.2571106,126.3499069
33.25698471,126.349472
33.25684357,126.3490067
33.25671005,126.348587
33.25653839,126.3480453
33.25643158,126.3476563
33.25627518,126.3471451
33.25614166,126.3466644
33.25598145,126.3460999
33.25583267,126.3456116
33.25566483,126.3450165
33.25544739,126.3442764
33.25545883,126.3440247
33.2552948,126.3434677
33.25506592,126.3435974
33.2551918,126.3441162
33.25524902,126.3443375
33.25567627,126.3456802
33.25596619,126.3466797
33.25611877,126.3471985
33.25627899,126.3477249
33.25639725,126.3481674
33.25654221,126.3486404
33.25664139,126.3490982
33.25678253,126.349556
33.25687027,126.3499527
33.2570343,126.3504791
33.25719452,126.3509369
33.2573204,126.3514099
33.25617218,126.3539963
33.25603485,126.3538132
33.25598145,126.3539658
33.2558403,126.3540039
33.255867,126.3541565
33.25595856,126.3542099
33.25615692,126.3541412
33.25606537,126.3539658
33.25615692,126.3539429
33.27946854,126.3178482
33.27998734,126.3185043
33.28011322,126.3183136
33.27985764,126.3180084
33.27960968,126.3176498
33.27550125,126.3108902
33.27523041,126.3108292
33.27511978,126.3102112
33.27501678,126.3096848
33.27485657,126.3100586
33.27493668,126.3104706
33.2750206,126.3111649
33.27491379,126.3116074
33.27497101,126.3118439
33.27523804,126.3119125
33.27543259,126.3125153
33.27565002,126.3129883
33.27648544,126.314209
33.27667236,126.3144531
33.27684784,126.3143234
33.27667236,126.3140564
33.27559662,126.3123093
33.27550507,126.3120499
33.27541733,126.3116684
33.27548981,126.311203
33.27352905,126.3041534
33.27371597,126.3042526
33.27384567,126.3048019
33.27396011,126.305336
33.27419662,126.305336
33.27410507,126.3048782
33.27402878,126.3044815
33.27414322,126.3040085
33.2740097,126.3037415
33.27383423,126.3035355
33.27366257,126.3029938
33.27350616,126.302597
33.27321625,126.3025055
33.27342987,126.3030014
33.27357483,126.3034744
33.27335739,126.3039169
33.25083542,126.330513
33.25080109,126.3302612
33.25072861,126.3298035
33.25064087,126.3292694
33.2505455,126.3287506
33.25043488,126.3282471
33.2504158,126.327713
33.25047684,126.3271637
33.25056839,126.3266754
33.25069809,126.326149
33.25080872,126.3256378
33.25090408,126.3250885
33.25093079,126.3245621
33.2508812,126.3240128
33.25080872,126.3234863
33.25074005,126.3229675
33.25070953,126.3224869
33.25063324,126.3219757
33.25054169,126.321373
33.2504425,126.3207321
33.25057602,126.3140411
33.25057983,126.3145599
33.25056839,126.3150711
33.25054932,126.3153534
33.2505722,126.3159561
33.25059509,126.316452
33.25059128,126.3170166
33.25055313,126.317543
33.25046921,126.3181458
33.25033569,126.3201447
33.25035095,126.3196793
33.25042343,126.3191528
33.2505188,126.3186874
33.25064087,126.3181
33.25071335,126.3175659
33.2507515,126.3170395
33.25076294,126.3164597
33.25075531,126.3159485
33.25075531,126.3153458
33.2507782,126.3150864
33.25078201,126.3145599
33.25076294,126.3140564
33.25079346,126.3137131
33.25073624,126.3133316
33.2507782,126.3128204
33.25073242,126.312561
33.25072861,126.3121643
33.25073624,126.3117676
33.25072098,126.3113785
33.25072098,126.3110504
33.25071716,126.3106461
33.25072098,126.3102722
33.25072098,126.3099823
33.25053787,126.3099594
33.2505455,126.3102722
33.25054932,126.3106461
33.25055695,126.3110275
33.25054932,126.3113708
33.25056076,126.3117828
33.25056458,126.3121567
33.25056839,126.3125381
33.25056839,126.3128738
33.25057602,126.3133087
33.25057602,126.3136673
33.2505188,126.307045
33.25051117,126.3075867
33.25047302,126.3080292
33.25044632,126.3083191
33.25050735,126.3088837
33.25054932,126.3095016
33.2507515,126.3095245
33.25078583,126.3088837
33.2507782,126.308403
33.25072479,126.308136
33.25072861,126.3076019
33.25069046,126.3070602
33.25067902,126.3066254
33.25067902,126.3063049
33.2506752,126.3059464
33.25067902,126.3055954
33.25066757,126.3052216
33.25061035,126.2971649
33.25060272,126.2968903
33.25059891,126.2965012
33.25060654,126.2960129
33.25059891,126.2957153
33.25059128,126.295372
33.25059509,126.2950211
33.32946396,126.3538666
33.32902908,126.3537292
33.32859802,126.3535767
33.32853317,126.3538589
33.32893372,126.3540497
33.32940292,126.3542099
33.33058929,126.3550949
33.33091736,126.3551331
33.33173752,126.3550873
33.33217239,126.3551483
33.33263016,126.3552017
33.32372665,126.3516541
33.32329178,126.3514328
33.32290268,126.3512344
33.32244492,126.3510895
33.32268524,126.3516083
33.32313919,126.3517456
33.32371902,126.3519363
33.3118515,126.3462067
33.31221008,126.3465118
33.31264496,126.346756
33.31116867,126.3454742
33.3107872,126.3452301
33.31040573,126.3449631
33.3099823,126.3447266
33.30942154,126.3444901
33.31024551,126.3410568
33.3103714,126.3410187
33.31047821,126.3409195
33.3103981,126.3407364
33.31046295,126.3405533
33.31014252,126.3396225
33.31011963,126.3399429
33.31003571,126.3402176
33.30988312,126.3403473
33.30971527,126.3404999
33.30975342,126.3406219
33.30971527,126.3407288
33.30976868,126.3409271
33.30990219,126.3409195
33.31004333,126.3409958
33.31030655,126.3399582
33.31032944,126.339653
33.31034851,126.3390503
33.31030273,126.3383789
33.31024933,126.337944
33.310215,126.3376007
33.31018448,126.337326
33.31014252,126.3370056
33.31011963,126.3367462
33.3100853,126.3364334
33.31005096,126.3361206
33.31000137,126.3358002
33.31004333,126.3355865
33.310009,126.335289
33.30993652,126.3349228
33.30975723,126.3349457
33.30978394,126.3353043
33.30981064,126.3356018
33.30984497,126.3358917
33.30987167,126.3361664
33.30990219,126.3364792
33.30994034,126.3367767
33.30996704,126.337059
33.31000137,126.3373718
33.31003571,126.3376389
33.31005478,126.3378525
33.31009293,126.3381958
33.310112,126.3384094
33.31014633,126.3387146
33.31016159,126.3390427
33.30971527,126.3337402
33.30971527,126.3340073
33.30971909,126.3343811
33.30972672,126.3346786
33.30992508,126.3346634
33.30990982,126.3343887
33.30994034,126.3340302
33.30989075,126.3337479
33.30988312,126.3334274
33.3098793,126.3331604
33.30986404,126.33284
33.30984879,126.3325272
33.30981827,126.3321838
33.30979156,126.3318253
33.30977249,126.3315125
33.30976486,126.3312302
33.30957031,126.3312454
33.30960083,126.3318481
33.30963135,126.3321915
33.30965805,126.3325653
33.30968475,126.3329468
33.3096962,126.333168
33.30970383,126.333519
33.30956268,126.3299561
33.30956268,126.330162
33.30955887,126.3304291
33.30955505,126.330719
33.3095665,126.3309479
33.30974579,126.3309555
33.30974579,126.3307724
33.30974197,126.3305206
33.30974579,126.3302841
33.30974197,126.3300934
33.30974579,126.3298798
33.3097496,126.3296432
33.30973816,126.3293533
33.30972672,126.3290405
33.30970764,126.3287277
33.30968094,126.3284149
33.30965042,126.3280792
33.30961609,126.3277969
33.30958176,126.3274612
33.30957031,126.3271408
33.30955505,126.326828
33.30955124,126.3264923
33.30956268,126.3262177
33.30958939,126.3258896
33.30961609,126.3255768
33.3094368,126.3255539
33.30940628,126.3258667
33.30937958,126.3262024
33.30937195,126.3264847
33.30936432,126.3268204
33.30937958,126.3271561
33.30940247,126.3274765
33.3094368,126.3278351
33.30947495,126.3281479
33.30950546,126.3284378
33.30952072,126.3287048
33.30953979,126.3290482
33.30955124,126.329361
33.30955505,126.3296127
33.30964279,126.3243408
33.30957413,126.3246689
33.30951691,126.3249817
33.30947876,126.3251953
33.30966187,126.3252563
33.30968475,126.3250885
33.30971909,126.324913
33.3097496,126.3247223
33.30981445,126.3243713
33.30501175,126.3380356
33.30490494,126.3384476
33.30467606,126.3383865
33.30441284,126.3386459
33.3040657,126.3388824
33.30387115,126.3391418
33.30350113,126.3393326
33.30324936,126.3386688
33.30374527,126.3386154
33.30412292,126.3383102
33.30450058,126.3380508
33.30483246,126.3376617
33.30506516,126.337326
33.30547333,126.3378296
33.30527115,126.3381271
33.3053627,126.3384018
33.30568695,126.3387222
33.30600357,126.3386993
33.29576492,126.3309174
33.29538345,126.330658
33.29495621,126.3302612
33.29501724,126.3301086
33.29480743,126.33004
33.29449463,126.3300247
33.2940712,126.3297195
33.29368591,126.3294296
33.29346848,126.329483
33.29382706,126.3297806
33.29412079,126.33004
33.29418945,126.3302612
33.29434967,126.3304443
33.2947998,126.3305511
33.29513931,126.3307571
33.29553986,126.3310013
33.25020599,126.3206406
33.25025558,126.3211365
33.25033951,126.3216629
33.25043488,126.3222351
33.25049973,126.3227081
33.25060272,126.323204
33.25069427,126.3237839
33.2507515,126.3242188
33.25078201,126.3248291
33.25070953,126.3253708
33.25060272,126.325882
33.25047684,126.326416
33.25037003,126.3269043
33.25027466,126.3274841
33.25026703,126.32798
33.25030518,126.3284607
33.25037003,126.3290253
33.25045776,126.3295135
33.2505455,126.3300629
33.25061035,126.3305511
33.25051498,126.3052444
33.25051117,126.3055801
33.25051498,126.3059387
33.25051498,126.3063126
33.25048447,126.3067551
33.25045395,126.3026733
33.25046539,126.3031845
33.2504921,126.3035736
33.25048828,126.3038712
33.25046158,126.3043137
33.25049973,126.304863
33.25066376,126.3048553
33.25070572,126.3043137
33.2506752,126.3039093
33.25097275,126.3039017
33.25066757,126.3036118
33.25069046,126.3031769
33.25066376,126.3026581
33.25065231,126.3022308
33.2506485,126.301712
33.25063705,126.3012848
33.25064087,126.3009644
33.25064087,126.3006134
33.25063324,126.3003159
33.25063324,126.2999039
33.25062943,126.2995834
33.25062561,126.299202
33.2506218,126.2988358
33.25062561,126.2984924
33.25045013,126.2984848
33.25045013,126.298851
33.25045776,126.2991867
33.25046539,126.2995529
33.25046539,126.2998734
33.25046921,126.300293
33.25047302,126.3005981
33.25047684,126.3009567
33.25047684,126.3012772
33.25047684,126.3016586
33.25048065,126.3020706
33.25048447,126.3024216
33.25042725,126.2950211
33.25041962,126.2953796
33.25043488,126.2957077
33.25043488,126.296051
33.25042725,126.2965012
33.25043106,126.2968826
33.25043488,126.2972412
33.25040436,126.2923355
33.25040054,126.2928238
33.25039291,126.2933731
33.25037766,126.2937012
33.25033951,126.2939911
33.25037766,126.2946167
33.25057602,126.2946243
33.25058746,126.2940674
33.25063324,126.2936096
33.25061035,126.293396
33.25057983,126.2928162
33.25056839,126.2923279
33.24082565,126.3210144
33.24092484,126.3212509
33.24104309,126.3211975
33.24094772,126.3209457
33.23632431,126.3136826
33.2364502,126.3140182
33.23657227,126.3143311
33.23672104,126.314621
33.23687363,126.3149033
33.23701096,126.3151779
33.23715973,126.3154526
33.23730087,126.3157043
33.23746109,126.3159637
33.23763657,126.3162155
33.23782349,126.3164597
33.23800278,126.3166962
33.23817444,126.3169098
33.23836517,126.3171539
33.23855972,126.3173981
33.23875809,126.3176193
33.23893356,126.3178635
33.23912048,126.3180847
33.23929977,126.3183289
33.23947906,126.3185577
33.23963547,126.3188019
33.23985291,126.3190231
33.24004364,126.3192749
33.24024582,126.3195343
33.23615265,126.3117294
33.23553848,126.3119736
33.23487091,126.3145447
33.23360825,126.3115463
33.22737503,126.3083191
33.22745514,126.3085251
33.22769547,126.3086243
33.22790527,126.3080597
33.22819901,126.3070374
33.2281723,126.3067474
33.22807693,126.3064041
33.22796249,126.3060684
33.22782516,126.3056793
33.22770691,126.3053589
33.22745895,126.3054886
33.2270546,126.3056335
33.23006058,126.2981796
33.22998428,126.2983627
33.23016357,126.2984848
33.23039246,126.2985764
33.2305069,126.2988663
33.23057175,126.299118
33.22755432,126.3029327
33.22745132,126.3024445
33.22731018,126.3019943
33.22711563,126.3014221
33.22684097,126.3009567
33.22642899,126.3005676
33.22616196,126.3003082
33.22576904,126.3000107
33.22510147,126.299324
33.22482681,126.298851
33.22459412,126.2984314
33.22436905,126.2979889
33.22411346,126.2975464
33.22385788,126.2971039
33.22326279,126.2961044
33.22543716,126.2999344
33.2248764,126.2992783
33.222332,126.29496
33.22274399,126.2952499
33.22197342,126.294632
33.22110367,126.294487
33.22016144,126.2942581
33.21935272,126.2940369
33.21855927,126.2938004
33.29259491,126.3511047
33.29204178,126.3512115
33.29221725,126.3514252
33.2924614,126.3513794
33.28089523,126.3571396
33.28097153,126.3569794
33.28111649,126.3564987
33.28096008,126.3566208
33.28050613,126.3569946
33.28072739,126.3571014
33.27885818,126.3621902
33.27961349,126.3663101
33.27973557,126.3654861
33.27951813,126.3653564
33.27932739,126.3664703
33.27297592,126.3645172
33.27276993,126.3647537
33.27302551,126.3648376
33.27308655,126.3646774
33.27203369,126.365181
33.27181244,126.3652344
33.271595,126.3653259
33.27187729,126.3654251
33.27212906,126.3653412
33.32635117,126.380806
33.32573318,126.3806686
33.32605362,126.3808975
33.32597351,126.3812866
33.32611084,126.3812256
33.32622528,126.3810883
33.32686996,126.3810425
33.32664871,126.3809204
33.32693481,126.3802795
33.32680511,126.3803711
33.32665634,126.3805008
33.32652664,126.3805695
33.30987167,126.3240814
33.30992508,126.3238297
33.30998993,126.3235168
33.31010437,126.3228912
33.31016922,126.3225479
33.31021881,126.3222961
33.31027603,126.3219604
33.31032944,126.3216553
33.3103714,126.3213501
33.31041718,126.3210068
33.31045151,126.320694
33.31023407,126.3206558
33.31019974,126.320961
33.31015778,126.3213348
33.310112,126.3216248
33.31007004,126.3219147
33.31001663,126.3222427
33.3099823,126.3225021
33.30991364,126.3228836
33.30987167,126.3231354
33.30980682,126.3234634
33.3097496,126.3237686
33.3096962,126.324028
33.31018066,126.3201447
33.31024551,126.3202133
33.31025696,126.3204651
33.3104744,126.3204803
33.31049728,126.3202591
33.31052017,126.3197784
33.31057358,126.3194885
33.31031036,126.3195038
33.31027985,126.3197479
33.31018829,126.31987
33.30402756,126.3183441
33.30424881,126.3186188
33.30447769,126.3188629
33.30475998,126.3191147
33.30500412,126.3193283
33.30521393,126.3194733
33.30553055,126.3196716
33.30582047,126.3198547
33.30611801,126.3199387
33.30643463,126.3200607
33.30671692,126.3201599
33.30703354,126.3202515
33.30734253,126.3203125
33.30767822,126.3204346
33.30794907,126.3205338
33.30824661,126.320549
33.30849457,126.3205185
33.30876923,126.3204193
33.30906677,126.3202515
33.30929184,126.320137
33.30962372,126.320076
33.30989456,126.3201141
33.30963135,126.3198166
33.30924225,126.3199234
33.30897141,126.3200378
33.30871582,126.3201904
33.30849838,126.3202744
33.30826569,126.3203201
33.30797195,126.3202896
33.30770111,126.3202286
33.30739975,126.3200836
33.30715179,126.3199997
33.30683136,126.319809
33.30652618,126.3196793
33.30625534,126.319603
33.30596161,126.3194656
33.30567932,126.319313
33.30541992,126.3191528
33.3052063,126.318985
33.3049202,126.3187485
33.3047142,126.318573
33.30448151,126.318306
33.30423737,126.3180847
33.30400848,126.3178787
33.30375671,126.3176727
33.3034668,126.3173981
33.30322647,126.3171768
33.30303955,126.3169327
33.30281067,126.3165665
33.30270004,126.3159866
33.30275345,126.3155823
33.30281067,126.3152084
33.30291367,126.3148117
33.30297852,126.3145142
33.30268097,126.3159485
33.29992294,126.3188095
33.30021286,126.3186798
33.30055237,126.3184433
33.30080032,126.3181763
33.30093002,126.3180161
33.30123138,126.3175888
33.30143356,126.317337
33.30163956,126.3170776
33.30190659,126.3168488
33.30215836,126.3166428
33.30238724,126.3166046
33.3026619,126.3167343
33.30288315,126.31707
33.30308151,126.317337
33.30333328,126.3175964
33.30357361,126.3178253
33.30379486,126.3180695
33.30232239,126.316597
33.30267715,126.3167725
33.30278015,126.3144455
33.3027153,126.3148193
33.30264664,126.3151855
33.30258179,126.3155441
33.30250168,126.3159103
33.30234909,126.3162155
33.30207825,126.3164825
33.30179977,126.316658
33.30154419,126.3168945
33.30129623,126.3171844
33.3010788,126.3174591
33.30088806,126.3177567
33.30068207,126.3180313
33.300457,126.3182373
33.30012894,126.318428
33.29985428,126.3185654
33.30251312,126.3158646
33.30220413,126.3163834
33.3030777,126.3140411
33.30298615,126.3136826
33.30291748,126.3133392
33.30282974,126.3130112
33.30274963,126.3126526
33.30269623,126.3123245
33.30265808,126.3119812
33.3026619,126.3116455
33.30268478,126.3113403
33.30271912,126.3110046
33.30278015,126.3106689
33.30287552,126.3102875
33.302948,126.309906
33.3030014,126.3095627
33.30302429,126.3090744
33.30301666,126.3087387
33.30300903,126.3083115
33.30295944,126.3080063
33.30289078,126.3074799
33.30297089,126.3070755
33.30290985,126.3072052
33.30271149,126.3074875
33.30275345,126.3080521
33.3027916,126.3083878
33.30281448,126.3087616
33.30282211,126.3090591
33.30279922,126.3095245
33.30274963,126.3098907
33.30269241,126.3102417
33.30261993,126.3106232
33.30255127,126.3109512
33.30250168,126.3113098
33.3024826,126.3116531
33.30249405,126.3120193
33.30253601,126.3123779
33.30256271,126.3127365
33.3026619,126.3130646
33.30272293,126.3134003
33.30279541,126.3137283
33.30283356,126.3140793
33.30272293,126.3073502
33.29350662,126.3166504
33.29377747,126.316597
33.29406738,126.3165588
33.29440308,126.3166122
33.29467773,126.3167191
33.29495621,126.3168869
33.29518509,126.3171158
33.29539871,126.3173752
33.295578,126.3176956
33.29578781,126.3179855
33.29601669,126.3182449
33.29626846,126.3184357
33.29655838,126.3185959
33.29685593,126.3187027
33.29718018,126.3187485
33.29748154,126.3187637
33.2978096,126.3187943
33.29811859,126.3188171
33.29843521,126.3188477
33.29875183,126.3188858
33.29906845,126.3189087
33.299366,126.3189392
33.29954529,126.3186417
33.29932022,126.318718
33.29901886,126.3187103
33.2987175,126.3186874
33.29841995,126.3186569
33.29810715,126.3186188
33.29779434,126.3186035
33.29748154,126.3185577
33.29716492,126.3185425
33.29685211,126.3184967
33.29660034,126.3184204
33.29628372,126.3182144
33.29602814,126.3179855
33.29581833,126.3177032
33.29561996,126.3174057
33.29541779,126.3171158
33.29520798,126.3168793
33.29496765,126.3166733
33.29471207,126.3165207
33.29439545,126.316391
33.29406738,126.3163681
33.29375076,126.3163834
33.2935257,126.3164368
33.2911377,126.318779
33.29136276,126.3185349
33.29153061,126.3182678
33.29175949,126.3178787
33.29192734,126.3175812
33.29244232,126.3170319
33.29277039,126.3168793
33.31053543,126.3192139
33.31054306,126.3188782
33.3105278,126.3185349
33.3105278,126.3182755
33.31051636,126.3179474
33.31049728,126.3176346
33.31046677,126.3173141
33.31044006,126.3169632
33.31040573,126.3167038
33.31035614,126.3163834
33.31031036,126.3160553
33.31026077,126.3157425
33.31020737,126.3154068
33.31016159,126.3150864
33.31011581,126.3147812
33.30993271,126.3148193
33.30997467,126.3151245
33.31003952,126.3155136
33.31007385,126.3157883
33.31012726,126.3161087
33.31018066,126.3164139
33.31022263,126.3167343
33.31024933,126.3170166
33.31028366,126.3172913
33.31030655,126.3176422
33.31031418,126.3179703
33.31031799,126.3182831
33.31032181,126.3185349
33.31032562,126.3188782
33.31032562,126.3192062
33.31006622,126.3144608
33.31001663,126.3141174
33.30997086,126.3138504
33.30992889,126.3135147
33.30987167,126.3132019
33.30982208,126.3129044
33.30977631,126.3125534
33.30973816,126.312294
33.3096962,126.3120422
33.30965805,126.3117828
33.3096199,126.3115234
33.30957794,126.311264
33.30952835,126.310936
33.3094902,126.3106766
33.3094368,126.3103409
33.30938721,126.3100357
33.30934143,126.3097153
33.30929184,126.3093872
33.30924988,126.3090744
33.30920792,126.3087463
33.30899048,126.3087921
33.30904007,126.3091202
33.30908203,126.3094406
33.30912399,126.3097763
33.30918884,126.3100815
33.30925751,126.3103867
33.30931091,126.3107224
33.30934906,126.3109894
33.30940247,126.3113251
33.3094368,126.3115845
33.30947876,126.3118362
33.30951309,126.3120956
33.30956268,126.3123627
33.30959702,126.3126068
33.30965424,126.3129501
33.30969238,126.3132477
33.30974579,126.3135757
33.30979156,126.3139114
33.30983353,126.3141708
33.30989075,126.3144989
33.30882263,126.3078995
33.30890274,126.3080597
33.30892944,126.3082581
33.30896378,126.3085175
33.30918503,126.3084946
33.3091507,126.3082275
33.30912018,126.3079758
33.30908203,126.3076401
33.30905914,126.3073654
33.309021,126.3070984
33.308815,126.3071518
33.30884171,126.3074265
33.30879974,126.3075943
33.30313873,126.3069611
33.30339432,126.3069992
33.30369568,126.3071518
33.30398941,126.307251
33.30427551,126.3073425
33.30458832,126.3073959
33.30490494,126.3073883
33.30516052,126.3073578
33.30545807,126.3073044
33.30578613,126.3072891
33.30608368,126.3073196
33.30632782,126.3073654
33.30672455,126.307457
33.30699539,126.3075104
33.30725861,126.3075638
33.30751801,126.3076172
33.30784225,126.3076859
33.30813599,126.3077469
33.30847931,126.3078156
33.30324554,126.3069534
33.30851746,126.307579
33.30815506,126.3075256
33.30784988,126.3074799
33.30756378,126.3074341
33.30726242,126.3073654
33.30698395,126.3072968
33.30664825,126.3072281
33.30635834,126.3071747
33.30614853,126.3071289
33.30582809,126.3070908
33.30543518,126.3071136
33.30515289,126.3071442
33.30490494,126.3071823
33.30461121,126.3071823
33.30430984,126.3071518
33.30402756,126.3070602
33.30376816,126.3069153
33.30339432,126.3067627
33.30317688,126.3066483
33.3032074,126.3067017
33.30302811,126.3065643
33.30273819,126.3064346
33.30254364,126.3065338
33.30220032,126.3063431
33.30193329,126.3060989
33.30168533,126.3059158
33.30139542,126.3057709
33.30108261,126.3056564
33.30077744,126.3055801
33.30047226,126.3055725
33.30015945,126.305603
33.29985809,126.305687
33.29956055,126.3058243
33.29925919,126.305954
33.29896164,126.3060837
33.29866791,126.306221
33.29836655,126.3063507
33.29807281,126.306488
33.29777908,126.3065872
33.29747391,126.3067245
33.29716873,126.306839
33.29686737,126.3069382
33.29655075,126.3069839
33.29623413,126.3069992
33.29601288,126.3069763
33.30290222,126.3062668
33.30277634,126.3063583
33.30241776,126.3065033
33.29600906,126.3072433
33.29623413,126.3072586
33.2965889,126.3072433
33.29690552,126.3071518
33.2972374,126.307045
33.29754639,126.3069153
33.29784393,126.306778
33.29813385,126.3066559
33.29842758,126.3065262
33.29872513,126.3063889
33.29902267,126.3062592
33.29931641,126.3061142
33.29960632,126.3059998
33.29989624,126.3058777
33.30018997,126.3057861
33.30048752,126.3057632
33.30076599,126.3057709
33.30104446,126.3058701
33.30131531,126.3059692
33.30158997,126.3061295
33.30184174,126.3062973
33.30209732,126.3065033
33.30246353,126.306778
33.30265427,126.3070526
33.30244827,126.3067551
33.29569244,126.3069229
33.29539871,126.3068466
33.29513168,126.3067245
33.29484177,126.3065872
33.29460526,126.3064194
33.29434586,126.3061676
33.29415512,126.305954
33.2939949,126.3057404
33.29375839,126.3054047
33.29356766,126.3051147
33.29334641,126.3048553
33.29314804,126.3045654
33.29294205,126.3042679
33.2927742,126.3039551
33.29255295,126.3036728
33.29239273,126.30336
33.29226685,126.3030243
33.29218292,126.3027191
33.29214859,126.3023529
33.29212189,126.3019867
33.29210663,126.3016205
33.29208755,126.3013
33.29205704,126.3009186
33.29196167,126.30056
33.29183578,126.300293
33.29163742,126.3000259
33.29143524,126.2998581
33.29125977,126.3000031
33.29145813,126.3001251
33.29167938,126.3003845
33.2918129,126.3006363
33.29188156,126.3009567
33.29189682,126.3013153
33.29192352,126.3016205
33.2919426,126.3019714
33.2919693,126.3023834
33.29203796,126.3027878
33.29212952,126.3031158
33.29226685,126.3034592
33.29243851,126.3038025
33.29262924,126.3041077
33.29281616,126.3044052
33.2930336,126.3047028
33.29320526,126.3049927
33.2934227,126.3052597
33.29361725,126.3055496
33.29384613,126.3058929
33.29402924,126.3061142
33.29423141,126.3063354
33.2945137,126.306572
33.29475021,126.3067474
33.29506683,126.3069229
33.29536057,126.3070755
33.29563904,126.3071747
33.29113007,126.3003464
33.29113388,126.3000412
33.29116821,126.2996826
33.29110718,126.2994308
33.29109573,126.2991562
33.29084778,126.2991867
33.29085159,126.2994461
33.29086304,126.2997055
33.29086304,126.3000031
33.29088593,126.3003311
33.30899048,126.3068848
33.30897141,126.3066711
33.30892563,126.3063736
33.30888748,126.306076
33.30882645,126.3057404
33.30878448,126.3054276
33.30872726,126.3050919
33.30867767,126.3047791
33.30863571,126.304512
33.30857468,126.3041992
33.30851364,126.3039017
33.30843353,126.303566
33.30834198,126.3032532
33.30826187,126.3030014
33.30816269,126.302742
33.30807877,126.3025055
33.3079567,126.3021851
33.30784607,126.301918
33.30773544,126.3016052
33.30765915,126.3013077
33.30748367,126.301384
33.30757141,126.3016739
33.30768204,126.3020096
33.30778885,126.3022842
33.3079071,126.3025894
33.30799103,126.302803
33.30808258,126.3030548
33.30817795,126.3033218
33.30826569,126.3036652
33.30834579,126.3039551
33.30839539,126.3042221
33.30846024,126.3045425
33.30849838,126.3048172
33.30854797,126.30513
33.30860138,126.3054581
33.3086319,126.3057785
33.30866623,126.3061142
33.30871964,126.3064117
33.3087616,126.3067093
33.30879593,126.3069305
33.30733109,126.3004684
33.30735397,126.3006668
33.30738449,126.3008728
33.30742264,126.3011398
33.30760574,126.3010559
33.30757523,126.3009033
33.30752945,126.3006287
33.30751801,126.3004532
33.30750656,126.3001633
33.30749512,126.299942
33.30747986,126.2996979
33.30746841,126.2993774
33.30743027,126.299057
33.30736923,126.2986984
33.30729675,126.2984085
33.3072052,126.2980957
33.30712509,126.2978287
33.30702209,126.2975159
33.30692291,126.2972107
33.30685043,126.2969666
33.30677414,126.2966461
33.30668259,126.2963409
33.30661774,126.2960205
33.30654907,126.295723
33.30648804,126.2954636
33.30644226,126.2951736
33.30625153,126.2952042
33.30630875,126.2954941
33.30636597,126.2957611
33.306427,126.2960815
33.30650711,126.2963867
33.30658722,126.2967148
33.30667496,126.29702
33.30676651,126.2973175
33.30684662,126.2976074
33.3069458,126.2979202
33.30703735,126.2981873
33.30710983,126.2984467
33.30718613,126.2987366
33.30723572,126.2990494
33.30728149,126.2993698
33.30729675,126.299675
33.3073082,126.2999268
33.3063736,126.2947998
33.30634689,126.294548
33.30630875,126.2942886
33.30626678,126.2939606
33.30622864,126.2936325
33.30620575,126.293335
33.30617905,126.292984
33.30615997,126.2926941
33.30613327,126.2923889
33.30607605,126.2920303
33.30599213,126.2917023
33.30590439,126.29142
33.30578613,126.2911301
33.30566025,126.290863
33.3055191,126.2905731
33.30532074,126.2906494
33.30544281,126.2908783
33.30556107,126.2910995
33.30562973,126.2912445
33.30574799,126.2915268
33.30583572,126.2917938
33.30592728,126.2921982
33.30595398,126.2924194
33.30597687,126.2927399
33.30599976,126.2930374
33.30602264,126.2933578
33.30604935,126.2936859
33.30607986,126.294014
33.30611801,126.2943268
33.30615997,126.2946014
33.30619431,126.2948303
33.30539703,126.2902908
33.30532074,126.2901077
33.305233,126.2898254
33.30500793,126.2899475
33.30509567,126.2901459
33.30517578,126.2903671
33.30508041,126.2891693
33.30505753,126.2889328
33.30503464,126.2886047
33.3051033,126.2883072
33.30527115,126.2880783
33.30542374,126.2878876
33.30527496,126.2877274
33.30512238,126.2878647
33.30496597,126.2877808
33.3049469,126.2875061
33.30471039,126.2875061
33.30472946,126.2878113
33.30469513,126.2881775
33.30463409,126.2883759
33.30451965,126.2885361
33.30438614,126.2886963
33.30454636,126.2889404
33.30469894,126.2888718
33.30477524,126.2889709
33.30483246,126.2892075
33.30077362,126.2933502
33.30096054,126.2932205
33.30117798,126.2931442
33.30140305,126.2930069
33.30158234,126.2928314
33.30157089,126.2925415
33.30136871,126.2926788
33.30118179,126.2927628
33.30093002,126.2929306
33.30064774,126.2930908
33.2990799,126.29422
33.29928589,126.2941513
33.29955673,126.2940903
33.29974747,126.2939453
33.29996872,126.2938232
33.29985809,126.2935638
33.29964447,126.2936707
33.29940796,126.2937775
33.29921341,126.2938766
33.29898453,126.2939606
33.29941559,126.2942123
33.2995224,126.2945023
33.29960632,126.2947693
33.29969025,126.2950592
33.29977798,126.2953491
33.29984665,126.2956619
33.29989243,126.2959671
33.29993439,126.2962799
33.29998398,126.2965851
33.30003357,126.2968903
33.30008698,126.2971802
33.30015564,126.2975006
33.30022049,126.2977982
33.30030823,126.2980957
33.30039597,126.2984009
33.30047989,126.2986832
33.30056,126.2990036
33.30065155,126.299263
33.30078506,126.2996216
33.30089569,126.2999039
33.30103683,126.3002167
33.30115128,126.3005295
33.30125046,126.3008041
33.30135345,126.3010864
33.30144501,126.3013382
33.30155182,126.3016129
33.301651,126.301918
33.30175781,126.3022079
33.30187225,126.3025055
33.30197525,126.3027878
33.30208206,126.3030853
33.30218506,126.3033829
33.30229187,126.303688
33.30239105,126.3039703
33.30250168,126.3042679
33.30260849,126.3045654
33.30271912,126.3048553
33.30280685,126.3051682
33.30283737,126.305481
33.30284119,126.3057938
33.3028183,126.3061066
33.30221558,126.3023224
33.30245209,126.3022003
33.30269241,126.3020554
33.30294037,126.3019257
33.30318832,126.301796
33.30344009,126.3016739
33.28609848,126.3030243
33.286129,126.3033218
33.28593063,126.3033142
33.28607178,126.3035202
33.28613663,126.303833
33.28855133,126.3247833
33.28876114,126.3247375
33.28911209,126.3250809
33.28948212,126.3254013
33.29037476,126.3264008
33.29056549,126.326622
33.29069901,126.3263397
33.29052734,126.326149
33.28954315,126.3251495
33.2892189,126.3247986
33.28894043,126.3245087
33.28879547,126.3236542
33.28855133,126.3236465
33.28831482,126.3237305
33.28793335,126.3234406
33.28759384,126.3230209
33.28754044,126.3234177
33.28784561,126.3237076
33.28817368,126.3240891
33.28824615,126.3246078
33.28633881,126.331459
33.28623199,126.331459
33.28621292,126.3315582
33.28631973,126.3315506
33.28479385,126.3211136
33.28454208,126.3210297
33.28448868,126.3213272
33.28469467,126.321373
33.26818085,126.3695221
33.26800537,126.3697281
33.26811981,126.3698502
33.26824951,126.3696823
33.26119232,126.3642654
33.26128769,126.3648682
33.26136398,126.3653259
33.26147842,126.3661041
33.26158524,126.3667603
33.26161575,126.3670273
33.26175308,126.3677368
33.26193237,126.368309
33.26214218,126.3687439
33.26239395,126.369194
33.26265335,126.3694305
33.26306152,126.3698425
33.26356506,126.3702698
33.26405716,126.3706894
33.26455688,126.3711319
33.26478958,126.3714752
33.26496124,126.3718491
33.26509476,126.3717194
33.26501465,126.3714371
33.26467514,126.3709793
33.26424408,126.3705292
33.26367188,126.3700867
33.26320267,126.3696976
33.26279831,126.3693085
33.2625618,126.368988
33.26236725,126.3686752
33.26211929,126.368187
33.26194382,126.3676605
33.26182175,126.3669662
33.26176453,126.3666153
33.26166916,126.3660736
33.26154709,126.3654556
33.26144791,126.3648224
33.26139832,126.3641968
33.26125717,126.3636017
33.23587036,126.3629456
33.2356987,126.3630066
33.2355957,126.3627167
33.23558426,126.3626633
33.23556137,126.3626099
33.23553467,126.3625412
33.2352829,126.3627014
33.23455429,126.3630905
33.2351532,126.3627777
33.25463867,126.3280411
33.25569916,126.3279724
33.25572968,126.3272934
33.2546463,126.3273697
33.25420761,126.3274002
33.2539978,126.3291931
33.25400925,126.3287735
33.25400543,126.3285828
33.25398254,126.3281021
33.2539444,126.3274002
33.25392532,126.3269043
33.25389099,126.3262939
33.25386429,126.3258133
33.2534256,126.3285675
33.25336456,126.3274536
33.25331879,126.3263397
33.25325012,126.3252792
33.25315857,126.3257904
33.25322723,126.3269043
33.25327301,126.3280411
33.25333405,126.3292999
33.25294113,126.3279724
33.25243378,126.3254166
33.25247955,126.3263855
33.25252914,126.3275223
33.25177765,126.3281555
33.25328827,126.3302307
33.2532959,126.330574
33.25329971,126.3309479
33.25333023,126.3315582
33.2533493,126.3320847
33.25476456,126.3419266
33.25454712,126.341423
33.25442886,126.3410645
33.25428391,126.3407059
33.25400543,126.340126
33.25383377,126.3397217
33.25358582,126.3391266
33.25330734,126.3384323
33.25304794,126.3377914
33.25278091,126.3371124
33.2525444,126.3364639
33.25233841,126.3358612
33.25208664,126.3350983
33.25188446,126.3344345
33.25172043,126.3336258
33.25128174,126.3324585
33.25107574,126.3316879
33.25092316,126.3309631
33.25091934,126.3307114
33.25074005,126.3312302
33.25090408,126.3319016
33.25116348,126.3326721
33.25135803,126.3332977
33.25152588,126.3338852
33.25168228,126.334343
33.25186157,126.3349152
33.25205231,126.3355026
33.25230026,126.3361893
33.25246811,126.3366928
33.25276947,126.3374786
33.25303268,126.3381577
33.25331497,126.338829
33.25357437,126.3394775
33.25378036,126.340065
33.25390244,126.3403931
33.25404739,126.3407516
33.25418091,126.3410797
33.25427628,126.3413544
33.2544899,126.3419189
33.25465775,126.3423309
33.2494812,126.3395844
33.24933624,126.3394623
33.24917603,126.339241
33.24907303,126.3388901
33.2491188,126.3385849
33.24916077,126.3382797
33.24919891,126.3379745
33.24923325,126.3375626
33.24927902,126.337204
33.24702454,126.3358688
33.24736404,126.3358612
33.24785995,126.3358536
33.24827576,126.3358459
33.24877167,126.3358459
33.24911118,126.3357239
33.24861145,126.3357315
33.24823761,126.3357315
33.24779129,126.3357315
33.24716187,126.3357468
33.24892426,126.3390427
33.24876785,126.3388748
33.2485466,126.3386459
33.24833298,126.3384171
33.2481041,126.3381729
33.24788666,126.337944
33.24743652,126.3374557
33.24707031,126.3369904
33.24690247,126.3365555
33.24677277,126.3359299
33.24668884,126.3359985
33.24675369,126.3363113
33.2468605,126.3367615
33.24716949,126.3373032
33.24753189,126.3377075
33.24773026,126.3379135
33.24672699,126.335701
33.2466774,126.335434
33.24654388,126.3347244
33.24650574,126.3343811
33.24646378,126.3337708
33.24642944,126.3328094
33.24641037,126.3323288
33.24631882,126.3326416
33.24633408,126.3330765
33.24636078,126.3335114
33.2463913,126.3340607
33.24649429,126.3349457
33.24654007,126.3352432
33.2466507,126.3357773
33.24599838,126.3300247
33.24642944,126.3300552
33.24681854,126.3300552
33.24722672,126.3300476
33.2475853,126.3300629
33.24794006,126.3300629
33.24832535,126.3300629
33.24865723,126.3300629
33.24901581,126.3300629
33.24936295,126.3300705
33.24979401,126.3300781
33.2501297,126.3300552
33.25040436,126.330101
33.25029755,126.3298569
33.24998093,126.3298645
33.24950409,126.3298721
33.24919891,126.3298645
33.24879074,126.3298645
33.24843216,126.3298645
33.24799728,126.3298721
33.24764252,126.3298569
33.24733353,126.3298569
33.24701309,126.3298492
33.24668884,126.3298492
33.24629974,126.329834
33.24590683,126.3298187
33.24486542,126.3391037
33.245121,126.339119
33.24547577,126.3391342
33.24576187,126.3391418
33.2460289,126.3391495
33.2462616,126.3391495
33.246521,126.3391571
33.24673843,126.3391647
33.24712753,126.33918
33.24747467,126.3391876
33.24837112,126.3393326
33.24873352,126.3394623
33.24898148,126.3395615
33.24427414,126.3380585
33.2442894,126.336998
33.24435425,126.3362045
33.23875427,126.3366089
33.23897171,126.3368607
33.23918533,126.3371124
33.23939133,126.3373642
33.23958588,126.3375778
33.23981476,126.3378296
33.2400589,126.3381271
33.24036789,126.3384705
33.24071121,126.338829
33.24091721,126.3389435
33.24119186,126.3390045
33.24147415,126.3390198
33.24175262,126.339035
33.24205017,126.3390503
33.24235916,126.3390427
33.24258041,126.3390503
33.24327087,126.3390732
33.24356461,126.3390808
33.24382401,126.3390808
33.24417114,126.3390884
33.24452972,126.3390961
33.24084091,126.3320541
33.24073792,126.3322601
33.24068069,126.3324509
33.24063873,126.332695
33.24051666,126.333046
33.24050903,126.3333206
33.26093399,126.3487892
33.26121759,126.348712
33.26150342,126.3486293
33.26179713,126.3485453
33.26209651,126.348468
33.26233956,126.3483924
33.26260064,126.3483194
33.25138018,126.3305265
33.25177972,126.3304242
33.25212862,126.3303343
33.25244827,126.3302568
33.25283317,126.3301559
33.2531686,126.3300783
33.30404035,126.3443378
33.30440769,126.3438975
33.30463285,126.3436382
33.30488087,126.3434403
33.30520889,126.3432379
33.30553364,126.3430583
33.30586508,126.3428639
33.30618079,126.3426776
33.30660661,126.3424288
33.30685272,126.3422954
33.30709433,126.3421634
33.3074191,126.3419865
33.30775636,126.3418269
33.30807337,126.3416756
33.30839383,126.3415362
33.30871883,126.3414023
33.309082,126.3412412
33.30936983,126.3411128
33.30927196,126.3409337
33.30898745,126.3410513
33.30863322,126.3411975
33.30830151,126.341341
33.30797767,126.3414803
33.30766177,126.341629
33.30733019,126.3417979
33.30701099,126.3419627
33.3066941,126.3421369
33.30645136,126.3422689
33.3061042,126.3424742
33.30577945,126.3426551
33.30545137,126.3428442
33.30509746,126.3430522
33.30478958,126.3432263
33.30452101,126.3433759
33.30425131,126.3435242
33.30395013,126.3436862
33.26838437,126.2975905
33.26862681,126.2978126
33.26886583,126.2980294
33.26915492,126.2983303
33.26944487,126.2985842
33.26974141,126.2988086
33.27003139,126.2990679
33.27031571,126.2993245
33.27060342,126.2995812
33.27089133,126.2998727
33.27118902,126.3001024
33.27143595,126.3003218
33.27172254,126.3005812
33.27199239,126.3008688
33.2722938,126.3011589
33.27254538,126.3014037
33.27278603,126.3017118
33.27300451,126.302083
33.27336679,126.302174
33.27312611,126.301862
33.27292171,126.3015886
33.27270371,126.3013005
33.27242134,126.3009902
33.27214255,126.300716
33.27184799,126.3004433
33.27157591,126.3001597
33.27129727,126.299911
33.27100184,126.2996853
33.27071528,126.2994313
33.27042644,126.2991734
33.27013759,126.2989154
33.26986211,126.2986278
33.26954743,126.2983862
33.26926541,126.2981389
33.26897994,126.2978795
33.26873412,126.2976575
33.26851982,126.2974271
33.25735092,126.3304596
33.25711823,126.330574
33.25734329,126.3300552
33.25748062,126.3300171
33.25751114,126.3303146
33.25776672,126.3299332
33.25780869,126.3303986
33.2578125,126.3308029
33.25717163,126.3311081
33.25710297,126.3311691
33.25708008,126.3310394
33.2355423,126.3617554
33.31271744,126.3462372
33.24976349,126.3319092
33.25625992,126.329834
33.25624847,126.3293762
33.2562294,126.3289948
33.25608444,126.3277435
33.25590897,126.3279953
33.25586319,126.3285141
33.25590134,126.3291321
33.25592422,126.3294983
33.25644684,126.3285675
33.25666046,126.3281326
33.25515747,126.3297958
33.25552368,126.3297501
33.25583649,126.3295288
33.25583649,126.3291779
33.25581741,126.3288269
33.25411224,126.3290558
33.25415421,126.3295059
33.25443649,126.3298111
33.25477219,126.3298187
33.25552368,126.328476
33.25530624,126.3284912
33.25509262,126.3285065
33.25475693,126.328537
33.25455856,126.328537
33.25432205,126.3285446
33.26053619,126.3300552
33.26044846,126.3296585
33.26045227,126.3294983
33.2530365,126.3433228
33.25229263,126.3434219
33.25572968,126.3470917
33.25643921,126.3489685
33.25670624,126.3516922
33.25628662,126.3516998
33.25567627,126.3515167
33.25585556,126.350769
33.25603104,126.3504791
33.25611877,126.35009
33.25510025,126.3509064
33.25437546,126.3505096
33.25415802,126.3501282
33.25430679,126.3496628
33.25608063,126.3525162
33.25598907,126.3529968
33.25542831,126.3532028
33.25475693,126.3526535
33.25425339,126.3525696
33.25767899,126.3526001
33.25621033,126.3541336
33.25572586,126.3543701
33.25502777,126.3546906
33.25467682,126.3549728
33.25415421,126.3554535
33.25386429,126.3558273
33.25362015,126.3561478
33.2533989,126.3564377
33.25296402,126.3570328
33.25268555,126.3573151
33.25239182,126.3574295
33.25188446,126.3577423
33.25160217,126.3579559
33.25129318,126.3580246
33.25089264,126.3574829
33.25085068,126.3569107
33.25051498,126.356514
33.24994278,126.3557053
33.24968338,126.355278
33.24928665,126.3550644
33.24837494,126.3546753
33.24698257,126.3536758
33.24666977,126.3525238
33.2461853,126.3522263
33.24602509,126.3534317
33.24580765,126.354332
33.24481583,126.3541336
33.24330902,126.3540192
33.24296188,126.3544846
33.24166489,126.3540573
33.24110794,126.3538513
33.25064468,126.3577118
33.23786926,126.3606949
33.23779678,126.3610916
33.23736954,126.361618
33.23723984,126.3615494
33.23710251,126.3613892
33.23693085,126.3612213
33.23674393,126.3609924
33.2370224,126.3606949
33.25171661,126.3597107
33.25131226,126.3591843
33.25098038,126.3588867
33.25688553,126.3542786
33.25685883,126.3546677
33.25660706,126.355072
33.25682068,126.3555603
33.25726318,126.3562546
33.25716782,126.3536835
33.25737,126.3535233
33.25760269,126.3533173
33.25783539,126.3531494
33.25939178,126.3559875
33.25932312,126.3566055
33.2590065,126.3565979
33.25867081,126.3566589
33.25807953,126.3569946
33.25824738,126.3573456
33.25853729,126.3581848
33.25930023,126.3582382
33.25839233,126.3584824
33.25825882,126.3588486
33.25829315,126.3591537
33.25828552,126.35952
33.25827789,126.3598785
33.25828171,126.3602524
33.25863266,126.3611374
33.25905228,126.3617935
33.25931168,126.3636093
33.25894547,126.3642044
33.26094818,126.3603821
33.26083755,126.3613358
33.26050186,126.359726
33.26027298,126.3563766
33.26073456,126.3566589
33.26065063,126.3569794
33.26165771,126.3568039
33.26224136,126.3571167
33.26213837,126.3532944
33.26153946,126.3522644
33.25983429,126.3544846
33.26004791,126.35466
33.26006317,126.3542786
33.26024246,126.3540344
33.26052856,126.3539505
33.26053238,126.3534241
33.26089478,126.3534775
33.26055908,126.3520355
33.26079559,126.3517761
33.26066971,126.3513107
33.2597847,126.3518372
33.25976181,126.3516464
33.2599144,126.3505325
33.25943375,126.3522568
33.25832367,126.3523178
33.25793839,126.3519897
33.25959015,126.3526154
33.25959015,126.353241
33.26008606,126.3531799
33.25949097,126.3536453
33.25925827,126.3538971
33.25902939,126.3536301
33.25788116,126.3503723
33.25758362,126.3497238
33.25833893,126.3495102
33.25874329,126.3492813
33.2591362,126.3490829
33.25958252,126.348877
33.26055908,126.3489914
33.25986099,126.3486023
33.25858307,126.3488998
33.25873947,126.348526
33.2579155,126.3495255
33.2574501,126.349472
33.25732803,126.3489456
33.257061,126.3482819
33.25702667,126.3477478
33.32849503,126.3817596
33.32926559,126.3820877
33.32952118,126.3821793
33.32995605,126.3825836
33.33026123,126.3827438
33.3306694,126.3828812
33.33106613,126.3830261
33.33231735,126.3831863
33.33309937,126.3833237
33.33387375,126.383606
33.33444595,126.3838806
33.33805847,126.3840332
33.33766174,126.3836975
33.33616638,126.3838043
33.33578873,126.3839493
33.33541107,126.3839417
33.33503723,126.3838577
33.33467865,126.3837814
33.33430862,126.3836288
33.32930374,126.3818588
33.32941437,126.3815002
33.32978058,126.3812866
33.32990265,126.3811493
33.33017731,126.3807449
33.33049011,126.3804855
33.33041382,126.3804016
33.33073044,126.380043
33.33096313,126.3796692
33.33132935,126.3788376
33.33150482,126.3783722
33.33249664,126.3776245
33.33250427,126.3784027
33.3328476,126.3766556
33.33309174,126.3761826
33.33308792,126.3757782
33.33326721,126.3749542
33.33345795,126.3742523
33.33357239,126.3732986
33.32771301,126.3791809
33.33304214,126.3655701
33.32808301,126.3785721
33.32786592,126.3775318
33.32786363,126.3766243
33.32806157,126.3760939
33.27120972,126.3655548
33.27508926,126.3339767
33.27404022,126.3349762
33.27253723,126.333168
33.27117538,126.3198853
33.27375031,126.3268661
33.27631378,126.3278046
33.27558899,126.3241043
33.27413177,126.322403
33.28422928,126.3234863
33.27190399,126.3190842
33.27224731,126.3186188
33.27355576,126.3157578
33.27983093,126.3186264
33.28035355,126.3193741
33.28085709,126.3201904
33.28274155,126.3208084
33.28080368,126.3189468
33.28013229,126.3181686
33.27722168,126.3138962
33.27746964,126.3140869
33.2780571,126.3146667
33.27839279,126.3148575
33.27745438,126.3106995
33.27772141,126.3111649
33.27823257,126.3132477
33.27852631,126.3137436
33.27893448,126.3147507
33.27965546,126.3149567
33.28102493,126.3157425
33.27920151,126.3152313
33.279953,126.3160782
33.28026581,126.3164902
33.28033066,126.3166809
33.28081894,126.3172073
33.28118134,126.3174515
33.27745819,126.3096924
33.27777863,126.309288
33.27803802,126.3089371
33.2783699,126.3085175
33.27587128,126.3056488
33.26628113,126.3003616
33.26588058,126.3013687
33.26509094,126.3037338
33.26589584,126.3035202
33.26599503,126.3031235
33.26677322,126.3035736
33.2675209,126.3042755
33.26657867,126.3005676
33.26785278,126.3048859
33.26484299,126.3045044
33.264431,126.3044357
33.26404572,126.3043823
33.2637291,126.3043213
33.26237869,126.3043213
33.26213455,126.3043213
33.26168442,126.3043289
33.26115799,126.3040009
33.26116943,126.3035583
33.26170731,126.3026886
33.26173401,126.3017502
33.2618866,126.3013992
33.26225281,126.3010178
33.2624321,126.3000488
33.26419067,126.3002548
33.26283646,126.29879
33.26398849,126.2962799
33.26456833,126.2960968
33.26287842,126.2965698
33.2624588,126.2960663
33.25930023,126.2965469
33.25830078,126.2982941
33.25765228,126.2995377
33.25734329,126.3005524
33.25726318,126.3020935
33.2568779,126.3024292
33.25621033,126.3026352
33.25497055,126.3047333
33.25463486,126.3047791
33.25441742,126.3047791
33.25359726,126.304245
33.25248337,126.3039017
33.25343323,126.3041306
33.25296783,126.3038177
33.25394821,126.3040161
33.25428391,126.3037643
33.25444412,126.3032227
33.25500107,126.303154
33.25416183,126.3029251
33.25454712,126.3023834
33.25396347,126.3017273
33.25427246,126.3013153
33.25445938,126.3003311
33.25387573,126.3028107
33.25353241,126.3029709
33.25321198,126.3032913
33.25291061,126.3035736
33.25258636,126.303093
33.25232697,126.3032913
33.25213242,126.3029251
33.25225449,126.3039246
33.25197983,126.3039169
33.25170517,126.3038712
33.25175858,126.3034134
33.25181198,126.3029327
33.25128937,126.3037872
33.25088501,126.3037338
33.2507782,126.3036499
33.25071335,126.2991104
33.25107574,126.2991333
33.2514534,126.29953
33.25061035,126.297966
33.25061417,126.2977524
33.25065231,126.2976303
33.25137711,126.3039474
33.25204468,126.3042526
33.25199509,126.304657
33.25177383,126.3051071
33.25167847,126.3054047
33.25089264,126.3061905
33.25067902,126.3047104
33.25242615,126.3047638
33.2527504,126.3048325
33.25318527,126.3047256
33.25333786,126.3050461
33.25315857,126.3054962
33.25322342,126.3057327
33.25336838,126.3058319
33.25355148,126.3067703
33.25329971,126.3073578
33.25381088,126.3070831
33.25411224,126.3074341
33.25381088,126.3045807
33.25393677,126.3046875
33.25421524,126.3058395
33.25430679,126.3063812
33.25424957,126.3066788
33.25449371,126.307045
33.25460052,126.3067474
33.25443268,126.3072128
33.25450516,126.307724
33.25455475,126.3082504
33.25460815,126.3090439
33.25491714,126.3091202
33.25563431,126.3079529
33.25437546,126.3097534
33.25458145,126.3101578
33.25490189,126.3104858
33.25510406,126.3104553
33.25400543,126.3100662
33.25350189,126.3100586
33.25305557,126.3101349
33.25246811,126.3097458
33.25207138,126.3093262
33.25151443,126.3089066
33.25110626,126.3085709
33.25111008,126.3084641
33.25388336,126.3104935
33.25432587,126.3111954
33.25439072,126.3114243
33.25475693,126.3116989
33.25502777,126.3119431
33.25527573,126.3125
33.25556183,126.31147
33.25563431,126.3106613
33.25582123,126.3102112
33.25349808,126.3110504
33.2533493,126.3114929
33.25304413,126.3120651
33.25283432,126.3124542
33.25241089,126.3131943
33.25207138,126.314064
33.25198746,126.3142624
33.25170517,126.3146667
33.25143433,126.3148346
33.25080109,126.3137054
33.25080872,126.3133316
33.25078964,126.3118515
33.25080109,126.3107758
33.2507782,126.3099365
33.25666428,126.3132248
33.25784302,126.3152237
33.25808716,126.3157425
33.25843048,126.3160477
33.25859451,126.3159409
33.25639343,126.3111115
33.25711441,126.3119278
33.26607132,126.3166885
33.26639938,126.316391
33.26677322,126.3159637
33.2668457,126.3150253
33.2672348,126.3159561
33.26787567,126.3159637
33.27130127,126.3137817
33.26681137,126.3092422
33.26340485,126.312355
33.26167297,126.3143234
33.26039886,126.3136063
33.25068665,126.3183136
33.25102234,126.3239594
33.25647736,126.3106079
33.25546646,126.304718
33.25582504,126.3046722
33.25624466,126.3046341
33.25614929,126.305336
33.25611115,126.3056412
33.25632858,126.3067093
33.25668335,126.3066101
33.25821686,126.3056793
33.25810242,126.3073502
33.26250076,126.3121719
33.25979996,126.3116531
33.25743484,126.3052063
33.25676346,126.3050537
33.25673294,126.3045502
33.25704956,126.304512
33.25726318,126.3044968
33.25776672,126.3044815
33.25808334,126.3044891
33.25854111,126.3044815
33.25894165,126.3044891
33.25926208,126.3044891
33.25959778,126.3044968
33.25997162,126.3044815
33.26046371,126.304451
33.26078796,126.3044662
33.26126862,126.3044739
33.26216507,126.3048859
33.26475525,126.3054733
33.26512909,126.3056183
33.26486969,126.3050537
33.26268768,126.304451
33.26400375,126.304512
33.26506424,126.3046494
33.26557922,126.3047028
33.26594162,126.3047333
33.26589584,126.3051071
33.26580048,126.3057785
33.26656342,126.3052444
33.26693726,126.3059769
33.26959991,126.3076248
33.26632309,126.3047867
33.266819,126.3048477
33.26728821,126.304924
33.2675972,126.3049774
33.26815033,126.3050308
33.26861954,126.3050995
33.2691803,126.3051758
33.26969147,126.3052521
33.27017975,126.3053284
33.27066803,126.3053741
33.27105331,126.3057556
33.27088928,126.3054886
33.27143097,126.3055878
33.27295303,126.3060455
33.27103806,126.3051834
33.27147293,126.3048859
33.27185059,126.3046646
33.27222824,126.3044205
33.27254105,126.3043747
33.27276611,126.304306
33.27306366,126.304245
33.27397537,126.3056488
33.27453613,126.3086472
33.27460861,126.3092346
33.27468491,126.3096924
33.27477646,126.3102036
33.27710402,126.3100579
33.27078251,126.3327545
33.27173469,126.3329378
33.27353186,126.333489
33.27434467,126.3337418
33.27566109,126.3335439
33.2762454,126.3330095
33.27696235,126.3328323
33.27776015,126.3328088
33.27849016,126.3325429
33.26836167,126.3067981
33.26974404,126.3008773
33.26835094,126.3006563
33.2672792,126.3006649
33.26644255,126.2997928
33.26531754,126.3003491
33.26281124,126.2973829
33.25409445,126.2943179
33.25807256,126.3077044
33.25807075,126.3055608
33.26007247,126.3067979
33.31576538,126.3443604
33.31462097,126.3438263
33.3105278,126.340538
33.31079483,126.3403854
33.31114197,126.340126
33.31172943,126.3396606
33.31187057,126.3400345
33.31219482,126.3404388
33.31244659,126.3407822
33.31269073,126.3410721
33.31303787,126.3414001
33.31330872,126.3416138
33.31351471,126.3417892
33.31425858,126.3420639
33.31447983,126.3420181
33.31491089,126.3419418
33.31519699,126.3421478
33.31193161,126.3394775
33.31231689,126.3391876
33.31258774,126.3389893
33.31310654,126.3385696
33.3137207,126.3380814
33.31402206,126.3378143
33.32102203,126.3336639
33.32220459,126.3340378
33.32228088,126.3344498
33.32233429,126.334877
33.32241821,126.3353424
33.32256317,126.3361893
33.32247162,126.3366165
33.32236862,126.3370514
33.31021881,126.3370209
33.31021118,126.3337708
33.31098938,126.3333359
33.31183624,126.3328323
33.31281662,126.3319855
33.3123436,126.3305054
33.31125259,126.3306046
33.30960464,126.3329544
33.30908966,126.3350372
33.30847931,126.335762
33.30758286,126.3355179
33.30712128,126.3355255
33.30680084,126.3362579
33.30688095,126.3364182
33.30688095,126.3371582
33.30739212,126.337471
33.30778122,126.3368683
33.30804062,126.3363342
33.30955124,126.337822
33.30890656,126.3373184
33.30854416,126.3372192
33.30700302,126.3385544
33.30744553,126.3389282
33.30953217,126.3401871
33.30923843,126.3400116
33.3086319,126.3396683
33.30763245,126.3394775
33.30725479,126.3392181
33.3063736,126.3383179
33.30614471,126.3381042
33.30518341,126.3370972
33.30469513,126.3365936
33.30172348,126.3347626
33.29942703,126.3336792
33.29531097,126.329895
33.29331207,126.3305206
33.29288483,126.3306198
33.29262543,126.3306656
33.29227448,126.3307343
33.29190063,126.3308334
33.29150391,126.3309555
33.2909317,126.3309479
33.29873657,126.3349762
33.30067444,126.3344727
33.29970932,126.3353119
33.3020401,126.3358612
33.30111694,126.3363876
33.3007164,126.3366013
33.30108261,126.337204
33.30099106,126.3376465
33.3008194,126.337822
33.30047226,126.3379593
33.30023575,126.3382339
33.3061676,126.3383331
33.30499649,126.3389511
33.3046875,126.3392334
33.30428696,126.3393555
33.30612564,126.3403778
33.3064537,126.3397675
33.30664825,126.3394928
33.30681229,126.3390045
33.30651093,126.3386993
33.30758286,126.339653
33.30379105,126.3440018
33.2989502,126.3465118
33.30374146,126.3444214
33.30395508,126.3445969
33.30410385,126.3453827
33.30407333,126.346077
33.30414963,126.3463821
33.30775452,126.3515396
33.31017685,126.3446579
33.31014633,126.3454895
33.3103981,126.3490829
33.31030655,126.3493881
33.31010437,126.3494873
33.30958939,126.3494949
33.30899429,126.3494034
33.3102951,126.3500366
33.31027985,126.3502426
33.30866623,126.3514404
33.31081772,126.3497543
33.31195831,126.349144
33.31458664,126.348053
33.314991,126.3482895
33.31534195,126.3485031
33.31507492,126.3510513
33.31154251,126.3511963
33.31041718,126.3516922
33.31362915,126.3564911
33.31384277,126.3571243
33.31379318,126.35746
33.31374359,126.3578415
33.31185532,126.3591461
33.31145859,126.3590775
33.31105042,126.3589783
33.3104744,126.3589478
33.30992889,126.3588638
33.30967331,126.3587265
33.31225204,126.3606567
33.31252289,126.3603973
33.31285477,126.3600311
33.31264496,126.3592987
33.31297302,126.3593521
33.31331253,126.3589554
33.31359482,126.358757
33.31351852,126.3594971
33.31346893,126.3599319
33.31328201,126.3598785
33.31332397,126.3607864
33.31303406,126.360321
33.31313324,126.3622055
33.31246567,126.3663559
33.31423569,126.3602066
33.3144722,126.3604965
33.31481934,126.3608627
33.31460953,126.3595276
33.31416321,126.3594208
33.31369781,126.3590927
33.30656433,126.3290329
33.31313021,126.3595626
33.31278883,126.3646309
33.29913087,126.333493
33.2988229,126.3332269
33.29851036,126.3329501
33.24773788,126.3239975
33.24795151,126.3239899
33.24828339,126.3239517
33.24884415,126.3239059
33.24911118,126.3238983
33.2495842,126.3239212
33.24986649,126.3239288
33.25068283,126.3239517
33.24953842,126.3233643
33.24952698,126.3229523
33.24970627,126.3225861
33.250103,126.3221283
33.24996948,126.3216629
33.24888229,126.323555
33.24855804,126.3233871
33.24896622,126.3228531
33.24831009,126.3231506
33.24891663,126.3224182
33.24808884,126.3231888
33.24825668,126.3229065
33.24846268,126.3225784
33.24862671,126.3222809
33.24890518,126.321907
33.24907684,126.3220825
33.24929047,126.3217392
33.24975967,126.321991
33.24979019,126.3215866
33.24969482,126.3211517
33.24991989,126.3207321
33.24914169,126.3214264
33.24979019,126.3205948
33.24996567,126.3198547
33.23685837,126.3097153
33.23668289,126.3105164
33.23649979,126.3111572
33.24447632,126.3057861
33.24801254,126.3114624
33.24814987,126.3122101
33.24867249,126.3125916
33.2485199,126.315773
33.24848938,126.3166733
33.24843597,126.3177719
33.24781036,126.3178864
33.24753571,126.3177643
33.2451973,126.3060455
33.24597931,126.3064957
33.24666214,126.3069611
33.2481842,126.3076096
33.24895477,126.3079224
33.24981689,126.3081894
33.24347687,126.3048401
33.24390793,126.3043823
33.24414063,126.3043289
33.2445755,126.3042984
33.24589157,126.3034439
33.24190903,126.3029709
33.24128723,126.3019333
33.24061203,126.3005371
33.24232101,126.3015442
33.24296951,126.3020248
33.24358749,126.3024368
33.24392319,126.302597
33.24475479,126.3027573
33.24549866,126.3029938
33.24593353,126.3031769
33.24625397,126.3032227
33.24676514,126.3033295
33.24765778,126.3033295
33.24865723,126.3034821
33.25046158,126.3065796
33.24943924,126.3035965
33.25007629,126.3037491
33.24979019,126.3035049
33.24817657,126.3031921
33.24632645,126.3005066
33.2460556,126.3001938
33.24573135,126.299675
33.24179077,126.3010483
33.24182129,126.3007278
33.24216461,126.3001938
33.24029922,126.3000946
33.24195862,126.2995987
33.24225616,126.2995148
33.24306488,126.2999115
33.24345016,126.300293
33.24397659,126.3003159
33.24423981,126.3008575
33.24490356,126.2999878
33.24542999,126.2998123
33.24542618,126.3008728
33.24549866,126.3014374
33.24378967,126.2977905
33.24397659,126.2972107
33.24422455,126.2968216
33.23938751,126.2993546
33.23885345,126.2990646
33.23834229,126.2984161
33.23791885,126.2979202
33.23743439,126.2976761
33.23662949,126.297554
33.23618317,126.2974319
33.2358284,126.2972641
33.23634338,126.2960434
33.23675537,126.296196
33.2363472,126.295105
33.23584747,126.2945404
33.23579407,126.294075
33.24152374,126.3050995
33.24122238,126.3049316
33.24071121,126.3047867
33.2399025,126.3040237
33.24126053,126.3052979
33.2395134,126.3057327
33.23784256,126.3069687
33.23816299,126.3057327
33.23822784,126.3039551
33.23911667,126.304451
33.23697662,126.2999649
33.23648453,126.2988205
33.23617935,126.2980957
33.23527908,126.2959518
33.23482513,126.2950516
33.23460007,126.294548
33.23436737,126.2940826
33.23404312,126.2933731
33.2336998,126.2926559
33.23401642,126.2927399
33.2342186,126.2927933
33.23466873,126.2929001
33.23509979,126.2932434
33.23542023,126.2934647
33.23560715,126.2936249
33.23588181,126.2937317
33.23593903,126.2939453
33.23633575,126.2941055
33.236763,126.29422
33.2371521,126.294342
33.23752594,126.294487
33.23788834,126.2946396
33.23817444,126.2946091
33.23840714,126.2945862
33.23888779,126.2945557
33.23921967,126.294548
33.23953247,126.2945633
33.23984909,126.2945786
33.24015427,126.2949066
33.23973846,126.2956467
33.24048996,126.2950439
33.24124908,126.2955093
33.24168015,126.2957153
33.24214935,126.2959747
33.24272919,126.2963333
33.24314499,126.2964096
33.2436676,126.2964859
33.24435043,126.2967072
33.24478531,126.2968445
33.24537659,126.2970428
33.24629593,126.2974472
33.24674225,126.2975464
33.24809647,126.2979584
33.24812698,126.2989578
33.24837494,126.2990189
33.248806,126.2980042
33.24914169,126.2979965
33.24925613,126.2988129
33.24917603,126.2995911
33.24955368,126.2978821
33.25027084,126.2977066
33.25040817,126.2976608
33.23733521,126.2896347
33.25035095,126.2980957
33.25040817,126.2980118
33.25038147,126.3012924
33.23346329,126.291748
33.23404312,126.2913208
33.23463821,126.2909927
33.23518372,126.2906799
33.235672,126.2898636
33.23606491,126.2892227
33.23763657,126.2889557
33.23908615,126.2891006
33.23909378,126.2895889
33.23912048,126.2901382
33.23902893,126.2885818
33.23912811,126.2880783
33.23955917,126.2877884
33.23774719,126.2886429
33.23928452,126.2861481
33.23709106,126.2889099
33.23672104,126.2889023
33.23308945,126.292038
33.23168564,126.2921524
33.23189545,126.2903442
33.23221588,126.2893372
33.23155594,126.2892532
33.23099136,126.2879715
33.23126984,126.2921982
33.23091125,126.2922058
33.23045731,126.2922287
33.23035431,126.2923889
33.2317276,126.2926178
33.23102951,126.292778
33.23178101,126.2930374
33.23189926,126.2936249
33.23181152,126.294632
33.23187637,126.2950974
33.23179626,126.2954712
33.23235321,126.295105
33.2324791,126.2924271
33.23461533,126.2948151
33.23550034,126.2970963
33.23434448,126.2968979
33.23331833,126.2968597
33.2326088,126.297226
33.23213959,126.2972412
33.231884,126.2972946
33.23196793,126.2977219
33.23147964,126.2977753
33.23584747,126.2975769
33.23723984,126.3009262
33.23744583,126.3014374
33.23761749,126.3019333
33.23794937,126.3029327
33.23801041,126.3034973
33.23701477,126.3035583
33.23643875,126.3040543
33.23481369,126.3034897
33.23461533,126.3030472
33.23431396,126.3044815
33.2340126,126.3048172
33.23395157,126.3051605
33.23805237,126.3040314
33.2381134,126.3049545
33.23579025,126.3082428
33.2366066,126.3079529
33.23704529,126.308876
33.23635864,126.3104324
33.23532104,126.3089142
33.23486328,126.3081894
33.23461914,126.3077927
33.23447037,126.3073196
33.23438263,126.3068161
33.23430634,126.3061752
33.23414993,126.3056335
33.2336998,126.3043289
33.23355484,126.3037186
33.23349762,126.3034134
33.23346329,126.303154
33.23337173,126.3025665
33.23331833,126.3021545
33.23319244,126.3017731
33.23308563,126.301445
33.23288345,126.3009109
33.23268509,126.3003922
33.23253632,126.2999954
33.2323761,126.2995071
33.23220825,126.2991409
33.23194504,126.2987671
33.23171234,126.2983704
33.23161316,126.2981567
33.23134613,126.2974243
33.2313385,126.297142
33.23134232,126.2968597
33.23139572,126.2964249
33.2317543,126.2961884
33.23148727,126.2959671
33.23154831,126.2956009
33.23161697,126.2951584
33.23159027,126.294693
33.23141861,126.2941742
33.23124695,126.2938232
33.23105621,126.2934723
33.23088074,126.2931519
33.23067474,126.292778
33.23013687,126.2921524
33.22992325,126.2919235
33.22968674,126.2916718
33.22936249,126.2913284
33.22883606,126.2907867
33.22854614,126.2904816
33.22820663,126.2901077
33.22786713,126.2897415
33.22752762,126.2893829
33.22735596,126.2892151
33.22676468,126.2897491
33.22694778,126.2908554
33.22945404,126.2929306
33.23044968,126.2926865
33.2302742,126.2928009
33.22966766,126.2932129
33.22941208,126.2932129
33.22957993,126.2938004
33.22986984,126.2946091
33.22961044,126.2950897
33.22887421,126.2942123
33.22903824,126.2947159
33.2287178,126.2959671
33.2285881,126.2963638
33.22848892,126.2943649
33.22821808,126.2947617
33.22814941,126.2950287
33.2287674,126.2934723
33.22803497,126.2942581
33.22817612,126.2936172
33.22761536,126.2942352
33.227211,126.2940979
33.22723007,126.2933121
33.22429276,126.2929001
33.22343063,126.2926712
33.22169113,126.2931061
33.2207489,126.292511
33.22249222,126.2935257
33.22246933,126.2938156
33.22232819,126.2948074
33.22182465,126.2956924
33.23100281,126.2942963
33.23152161,126.2948303
33.23110199,126.2962494
33.23112488,126.296524
33.23077011,126.2957993
33.23086166,126.2954941
33.23101425,126.2948914
33.23026657,126.295639
33.23023605,126.2959061
33.2312851,126.2965012
33.23125839,126.2966995
33.23125076,126.2969208
33.23082733,126.2970505
33.23032761,126.2970886
33.22976303,126.2969055
33.22891617,126.2967987
33.22830963,126.2967606
33.22783661,126.2982788
33.2271843,126.296257
33.22730637,126.2956009
33.22652054,126.2953949
33.22640228,126.2952118
33.22603989,126.2946014
33.22583771,126.294281
33.22679138,126.2961884
33.22632599,126.2961426
33.22612762,126.2961731
33.22553253,126.2962265
33.22561646,126.2958298
33.22558594,126.2965775
33.22712708,126.2969894
33.2265358,126.2969742
33.22697067,126.2975388
33.22666168,126.2974854
33.2269783,126.298027
33.22652435,126.2980042
33.2271347,126.2985535
33.22771835,126.2988205
33.2267952,126.2990494
33.2263031,126.2987442
33.22623062,126.2991943
33.22598648,126.2993851
33.22570801,126.2996368
33.22717667,126.2996063
33.22769547,126.3014832
33.2277565,126.301857
33.22794724,126.3027802
33.22829819,126.3027954
33.22799683,126.3036575
33.22828674,126.3043518
33.22831345,126.3037567
33.22779465,126.3039474
33.22833633,126.3046722
33.22877502,126.3040695
33.22895432,126.3029785
33.22914505,126.3020706
33.2291832,126.3013687
33.22921371,126.3005753
33.22843552,126.2997971
33.22952271,126.3006287
33.23012543,126.3000717
33.22979355,126.298172
33.22982025,126.2976608
33.23032379,126.2974701
33.23101044,126.2979279
33.23120117,126.2979431
33.23104858,126.2986069
33.23096466,126.2988434
33.23239136,126.2998886
33.23254013,126.3003845
33.23334885,126.3034973
33.23285294,126.303833
33.23285294,126.3044128
33.23281097,126.3049011
33.23206711,126.3050613
33.23183823,126.3052139
33.23158646,126.3054657
33.23139572,126.3056717
33.23080444,126.3058395
33.23042297,126.3055725
33.22989655,126.3057098
33.22959137,126.3060608
33.22932434,126.3061142
33.22862244,126.3062744
33.22856522,126.3059311
33.22846603,126.3053513
33.22838974,126.3051147
33.23370361,126.3049622
33.23454666,126.3083115
33.23413849,126.3084335
33.2338028,126.3084259
33.2334938,126.3084564
33.23338699,126.3082352
33.23321533,126.3085403
33.23295212,126.3085785
33.23270798,126.3086395
33.2323761,126.3087006
33.2321434,126.3087234
33.23180389,126.3086548
33.23152161,126.3085632
33.2311058,126.3084564
33.23123169,126.3078384
33.23075104,126.3083572
33.23038483,126.3082352
33.23019791,126.3082047
33.22996521,126.3081055
33.22960663,126.3078995
33.22932816,126.3077469
33.22892761,126.3077393
33.22857666,126.3078079
33.22823334,126.3075333
33.22841644,126.3069992
33.22792053,126.3049164
33.22807312,126.3052216
33.22829437,126.3058243
33.22811127,126.3074112
33.22798157,126.3077621
33.22805405,126.3082504
33.2281456,126.3081284
33.228302,126.3084793
33.22888565,126.3083191
33.23164368,126.3089218
33.23239136,126.3091049
33.23236465,126.3096161
33.23336029,126.3106232
33.23338318,126.3109436
33.23361206,126.3115082
33.23374939,126.311821
33.23369217,126.3106842
33.23395538,126.3107986
33.23465347,126.3095779
33.23339462,126.3090668
33.23628235,126.3111649
33.23952866,126.3187714
33.24038696,126.3198395
33.24049377,126.3201599
33.24056244,126.3205643
33.24113464,126.324707
33.24177933,126.3244095
33.24077606,126.3208771
33.2409668,126.3213425
33.24132538,126.3222656
33.24147415,126.3226624
33.24163818,126.323082
33.2417717,126.3234177
33.24195099,126.3239059
33.24212646,126.3243484
33.23469781,126.3037983
33.23076803,126.2990084
33.28002548,126.3645172
33.28010559,126.3638916
33.28024292,126.3629913
33.28039169,126.3622971
33.28172302,126.3632126
33.28653717,126.3660355
33.30640793,126.3797607
33.30603409,126.3795929
33.30750275,126.3780975
33.30697632,126.3772202
33.29133606,126.3680038
33.29006577,126.3675766
33.28932953,126.367424
33.28527451,126.3653412
33.28491592,126.3650665
33.28378677,126.3641434
33.28039169,126.3618088
33.28204346,126.3606033
33.28225708,126.3605576
33.28252792,126.3605194
33.27990723,126.3617859
33.2795639,126.3616333
33.27920151,126.3614807
33.27867126,126.3611832
33.2790184,126.3609238
33.27855301,126.3605576
33.27828598,126.3611374
33.2776947,126.3610153
33.27738953,126.3610306
33.27693176,126.3606644
33.27949142,126.3580017
33.27990723,126.3577118
33.29111862,126.3516998
33.28417587,126.3538284
33.28118896,126.3563538
33.27889252,126.3477936
33.28238678,126.3487625
33.28067398,126.3531113
33.27768707,126.3522949
33.27782822,126.3519516
33.27728653,126.3520279
33.27392578,126.3355026
33.27949142,126.3532181
33.27985764,126.3574677
33.27701187,126.3600998
33.276474,126.3609848
33.27621841,126.3611374
33.27600479,126.3608398
33.27553558,126.3606186
33.27565002,126.3601303
33.27534103,126.3599243
33.2756958,126.3618927
33.27501297,126.3624344
33.27482986,126.3624115
33.27455521,126.3624039
33.2747612,126.3625717
33.27432632,126.3628616
33.27421951,126.3624496
33.2741394,126.3621674
33.27401733,126.3615646
33.27382278,126.36129
33.27341461,126.3606033
33.27287292,126.3602676
33.27398682,126.362381
33.27338409,126.362442
33.2726593,126.3625488
33.27302551,126.3622818
33.27254486,126.3621902
33.271698,126.3621521
33.27075195,126.3648529
33.27394867,126.3631668
33.27313614,126.3642883
33.27293015,126.364563
33.27230453,126.3650055
33.27071381,126.3659058
33.27009201,126.3664856
33.26955032,126.3670044
33.26763535,126.3664932
33.26303482,126.3577423
33.26263046,126.3571625
33.26511002,126.3516922
33.26448441,126.3521271
33.26392746,126.3515549
33.26446152,126.3509216
33.26454544,126.3509369
33.26416779,126.3486786
33.26345062,126.3488312
33.26312256,126.3482895
33.26359558,126.3495712
33.26321793,126.3496552
33.26283646,126.3501968
33.26242828,126.3516922
33.26149368,126.3513412
33.26138687,126.3503723
33.26115417,126.3498764
33.26432037,126.3482285
33.26465988,126.3472977
33.26510239,126.3474731
33.26548386,126.3478317
33.26472473,126.3469162
33.26285172,126.3480911
33.2606926,126.3486404
33.26123047,126.3470001
33.26177979,126.3525467
33.26212311,126.3529739
33.26226425,126.3538971
33.26245117,126.3559494
33.26268768,126.3569489
33.27050781,126.3676605
33.27061462,126.3692474
33.27070618,126.3699951
33.27072906,126.37043
33.27129364,126.3673553
33.27144623,126.3675842
33.27166748,126.367363
33.27187729,126.3671188
33.27206421,126.3667526
33.27217102,126.3662491
33.27196121,126.3661423
33.27206802,126.3657913
33.27227783,126.3655243
33.27253723,126.3657684
33.27281952,126.3660202
33.2732048,126.3663177
33.27262115,126.3651123
33.27361679,126.3645554
33.27396774,126.3645325
33.27423859,126.3644485
33.27459335,126.364418
33.27481461,126.3646774
33.27514648,126.3648987
33.27544785,126.3651886
33.27565765,126.3655472
33.27580643,126.3658905
33.27640152,126.366333
33.2750206,126.3642349
33.27527237,126.3641434
33.27556992,126.3640366
33.27570724,126.3641815
33.27607346,126.3639679
33.27650452,126.3635788
33.27665329,126.3631973
33.27682495,126.3628922
33.27756119,126.3623199
33.27782059,126.362442
33.27859879,126.3622131
33.27870941,126.3616867
33.27310181,126.3647461
33.27365112,126.3639069
33.27393723,126.3635712
33.27441025,126.3631058
33.27475739,126.3628998
33.27647781,126.3614273
33.27664185,126.3613739
33.27876663,126.3614731
33.28167163,126.3534215
33.27988011,126.3622328
33.27983886,126.362539
33.27979343,126.3629123
33.27973909,126.3633045
33.27969166,126.3637249
33.27963203,126.3641855
33.27958762,126.3645374
33.27952682,126.36499
33.26412036,126.3501379
33.30745697,126.3790741
33.30742264,126.3797302
33.30714417,126.3801498
33.30676651,126.3798981
33.30695724,126.3795013
33.30664825,126.3803787
33.30699158,126.3806534
33.30688477,126.381134
33.30712509,126.381958
33.30742645,126.3824081
33.30765533,126.3825989
33.30803299,126.3827286
33.30846405,126.3829193
33.30890656,126.3834763
33.30966949,126.3882675
33.30719757,126.3814545
33.30736923,126.3812866
33.30761719,126.3814087
33.30784988,126.3813858
33.31105423,126.3721237
33.31115723,126.3712387
33.31131744,126.3703995
33.32758713,126.379982
33.32646179,126.3809967
33.30302429,126.2906799
33.30264664,126.2912292
33.30125809,126.2927017
33.30095291,126.2928848
33.29945755,126.2937317
33.29863358,126.2940292
33.29787827,126.2941513
33.29718399,126.2942276
33.29634857,126.2943954
33.29559708,126.2947693
33.29504395,126.2951889
33.29429626,126.2957458
33.29364777,126.2961731
33.29286194,126.2965622
33.29208374,126.2968674
33.29136658,126.2972565
33.28940201,126.2989731
33.28889465,126.2995987
33.28829575,126.3002853
33.28872681,126.3001328
33.28883362,126.3001862
33.29083633,126.2983398
33.29080582,126.3009415
33.29069519,126.3012924
33.29019928,126.3018265
33.28954697,126.3020859
33.28902435,126.3022308
33.28886795,126.3023682
33.28670883,126.302002
33.28612518,126.3017349
33.28591919,126.3013
33.286129,126.3008652
33.2865715,126.300354
33.28652954,126.299942
33.28704453,126.3005524
33.28775024,126.3003082
33.28810883,126.30159
33.28753281,126.3021393
33.28577423,126.3014069
33.28550339,126.3010941
33.28499222,126.3003998
33.2845192,126.2997589
33.28432846,126.2994766
33.283638,126.2985992
33.2833786,126.2983322
33.28622818,126.2968063
33.28534698,126.2973404
33.28515244,126.2968826
33.28521347,126.2964096
33.28527832,126.2959595
33.28479004,126.2977066
33.28466415,126.2986145
33.28458786,126.2989044
33.28195953,126.2993698
33.2832222,126.299202
33.28436279,126.3000565
33.28409195,126.3004227
33.28527069,126.3014755
33.28453064,126.3010178
33.2841301,126.3010178
33.28295517,126.3002167
33.28151703,126.300415
33.28114319,126.3008041
33.28094864,126.3012695
33.28024292,126.3021774
33.28072739,126.3016739
33.28190231,126.3007736
33.28162003,126.3016586
33.28244781,126.3001938
33.28324127,126.3006592
33.2833786,126.3008423
33.28407288,126.3011398
33.28504944,126.3014679
33.28487778,126.3018951
33.28518677,126.3026657
33.28489304,126.3024063
33.28438187,126.3023071
33.28340912,126.3019867
33.28720474,126.3025055
33.28755188,126.3027344
33.28835678,126.3028183
33.28797531,126.3034744
33.28720093,126.3032684
33.2870369,126.3034286
33.28675079,126.3034821
33.28669357,126.3036499
33.28714752,126.304451
33.28783035,126.304985
33.28817368,126.3047028
33.28830719,126.3053207
33.28814697,126.3064957
33.28801727,126.3068237
33.28852844,126.3043823
33.2889328,126.3044128
33.2898407,126.3044205
33.29078674,126.304512
33.29082489,126.3041611
33.2902565,126.3038025
33.29016495,126.3034286
33.28990173,126.3030396
33.28979874,126.3028259
33.29041672,126.3020935
33.2921524,126.3172836
33.29219818,126.3169174
33.29077911,126.3190231
33.29097748,126.3197784
33.2903595,126.3191681
33.292202,126.3167267
33.29204941,126.3162003
33.29203796,126.3158035
33.29189301,126.3153687
33.2918129,126.3152313
33.29148483,126.3151855
33.29137421,126.3149567
33.29022217,126.3188248
33.29018784,126.3184052
33.2901535,126.3179016
33.29013443,126.3174515
33.29013062,126.3168869
33.29010391,126.31633
33.29013062,126.3158264
33.29011917,126.3153839
33.2901268,126.3148575
33.29011536,126.3144302
33.29003525,126.3135147
33.28996658,126.3131104
33.28989029,126.3127518
33.28979492,126.3123322
33.28969193,126.3119278
33.28952026,126.3113327
33.28939819,126.3108749
33.28927994,126.310463
33.28917313,126.3100662
33.28902054,126.3095932
33.28886795,126.3091125
33.28873825,126.3086777
33.28855133,126.3080978
33.28835297,126.307663
33.28815842,126.3071976
33.28771973,126.3064499
33.28742599,126.3061142
33.2871666,126.3057938
33.28688812,126.3054657
33.28612518,126.3021469
33.28568268,126.3025131
33.28549576,126.302887
33.28520584,126.3028107
33.28491592,126.3029938
33.28450012,126.3031921
33.28493118,126.3039017
33.28525543,126.3041229
33.28421402,126.3035507
33.28378677,126.3039627
33.28305054,126.3045578
33.28264618,126.3048172
33.28225327,126.3051453
33.28184891,126.3054581
33.28142166,126.3058014
33.28108597,126.3060379
33.28071213,126.3063126
33.28033829,126.3066177
33.28002548,126.3069
33.27972412,126.3071671
33.27945328,126.307373
33.27912521,126.3076935
33.27891159,126.3079224
33.27821732,126.3082123
33.27796173,126.3079071
33.27745438,126.3057938
33.27814102,126.3063202
33.27988434,126.3035278
33.27949142,126.3047714
33.27936172,126.3051682
33.27931213,126.3056107
33.27931595,126.3060226
33.28004456,126.3058777
33.27915955,126.307312
33.28103256,126.3116989
33.28125381,126.3121033
33.28194427,126.3136673
33.28610992,126.3043213
33.28622055,126.3047028
33.28652954,126.3052979
33.28787613,126.3068848
33.28769684,126.3119507
33.28760147,126.3123932
33.28397369,126.3193283
33.28481293,126.3204956
33.28927612,126.3127365
33.28900146,126.3132782
33.28997421,126.3139343
33.28998184,126.3145599
33.29006958,126.3187561
33.29008102,126.3190384
33.28984833,126.3198395
33.28962326,126.3202286
33.28939819,126.3208008
33.28916931,126.3213501
33.28897476,126.3219604
33.28887558,126.3223495
33.28880692,126.3226547
33.28888321,126.3231659
33.28899002,126.3225861
33.2890892,126.3221588
33.28961563,126.3206253
33.28190613,126.3274307
33.28042603,126.3318253
33.27880859,126.3323364
33.28625107,126.3260727
33.28689194,126.3262329
33.28597641,126.3269272
33.28543091,126.3275299
33.28454971,126.3276749
33.28491211,126.3278427
33.28527832,126.3279953
33.28569412,126.32827
33.28647614,126.3286438
33.28548431,126.3290558
33.28518677,126.3301468
33.28513718,126.3302765
33.28429413,126.3301163
33.28518295,126.3310852
33.28593826,126.3314819
33.28527832,126.3315506
33.28444672,126.3316498
33.28400803,126.3317108
33.28357315,126.3317642
33.28267288,126.3319321
33.28489304,126.331749
33.28541183,126.3327255
33.28491211,126.3326645
33.28804398,126.3254242
33.28784561,126.3258896
33.28761673,126.3263474
33.28746414,126.3267975
33.28728104,126.3272781
33.28682327,126.3286972
33.28666306,126.3294373
33.28645706,126.3303604
33.28633118,126.330925
33.28610992,126.3320541
33.28604507,126.3324432
33.28599548,126.3331604
33.28603363,126.3338623
33.28604126,126.3342361
33.28565598,126.3361282
33.28557587,126.3367233
33.28548431,126.3373184
33.28496933,126.337265
33.28491592,126.337738
33.28538132,126.3378677
33.28553009,126.3378601
33.28563309,126.3373566
33.28608322,126.3353729
33.28633118,126.3326874
33.28665924,126.3327255
33.28676224,126.3319244
33.28872681,126.3316269
33.28953552,126.331543
33.2906723,126.3308716
33.29031754,126.3309937
33.2900238,126.3310852
33.28973389,126.331192
33.28941727,126.3312759
33.28909302,126.3312988
33.28872299,126.3312912
33.28831482,126.3314133
33.28794479,126.3314896
33.2876091,126.3315582
33.28683853,126.3314514
33.28657913,126.3314438
33.28684998,126.3307724
33.28665924,126.3300323
33.28688812,126.3289948
33.28724289,126.3289719
33.28767014,126.3291779
33.28809738,126.3293915
33.28873062,126.3298264
33.28862381,126.3302841
33.28907776,126.3300247
33.28989029,126.3305283
33.29029083,126.3307648
33.28707886,126.32827
33.28721237,126.3278732
33.28736877,126.3274384
33.28760147,126.3267822
33.28815842,126.3273849
33.2888298,126.3276825
33.28876877,126.3267441
33.28892899,126.3259354
33.2890358,126.3255615
33.28774643,126.326416
33.28794098,126.3259735
33.28829956,126.3251724
33.28922653,126.3252487
33.28938293,126.3255234
33.28941345,126.3258438
33.28928375,126.3262787
33.2898674,126.3259201
33.28965759,126.3257523
33.28969574,126.3260727
33.2896843,126.3263626
33.28967285,126.3266068
33.2903862,126.3269882
33.29043198,126.3273849
33.29033661,126.3277893
33.29035187,126.3283615
33.29023361,126.3296051
33.29047012,126.3296585
33.29079056,126.3296585
33.29025269,126.3301392
33.29045868,126.3301468
33.2907753,126.3301544
33.29150772,126.3276367
33.29174042,126.3278732
33.29224014,126.328392
33.28725433,126.3226395
33.27915287,126.3321287
33.27998338,126.3321089
33.28095848,126.3321525
33.26522064,126.371933
33.26531601,126.3715897
33.26560974,126.3713303
33.2676239,126.3704147
33.26800156,126.3702698
33.26821136,126.3707809
33.26877975,126.3712692
33.2694931,126.3712616
33.26916885,126.371994
33.26942444,126.3726654
33.27012634,126.3723297
33.27040863,126.3720551
33.27079391,126.371727
33.26999283,126.3694458
33.26934052,126.3698349
33.2696228,126.370491
33.26892471,126.3701859
33.26871872,126.3697586
33.26830292,126.3696899
33.26872253,126.3691101
33.26886368,126.3687592
33.26926804,126.3671799
33.26710129,126.3625488
33.26662445,126.3620071
33.2649498,126.3648834
33.26402283,126.3652802
33.2633934,126.3649597
33.26250458,126.3648911
33.26250839,126.3652573
33.26198578,126.3651123
33.26208496,126.366745
33.2626152,126.3666229
33.26245117,126.3671188
33.26289749,126.3664856
33.26303482,126.3671265
33.26313019,126.3675079
33.26287079,126.3678055
33.26300812,126.3682556
33.26337051,126.366333
33.26384354,126.3661804
33.26456833,126.3661041
33.2651329,126.3652191
33.26523972,126.3654938
33.26568222,126.3655548
33.26626587,126.3658142
33.26530457,126.366066
33.26524353,126.3663025
33.26566696,126.3662567
33.26548386,126.3668823
33.26601791,126.3672104
33.26616669,126.3668213
33.26646423,126.36689
33.26716614,126.3693161
33.26725006,126.3685913
33.2675209,126.3683624
33.2677803,126.3680573
33.26678467,126.3693161
33.26667023,126.3697662
33.26645279,126.370285
33.2664032,126.3691711
33.26627731,126.3687057
33.26613998,126.3690796
33.26567459,126.368927
33.26536179,126.3686523
33.26509857,126.3686371
33.2652626,126.3679581
33.26549149,126.3673401
33.26462936,126.368721
33.26454163,126.3696365
33.26490021,126.3697205
33.2651062,126.3694992
33.26478577,126.3703003
33.26506042,126.3704834
33.26428604,126.3687286
33.26396179,126.3687439
33.26295853,126.3688354
33.2628746,126.3692322
33.2637558,126.3684006
33.26370239,126.3686523
33.2635498,126.3687363
33.26306915,126.3687057
33.26289749,126.368721
33.2688942,126.3680191
33.26857376,126.3689423
33.26750565,126.3702393
33.26675034,126.3705978
33.26617432,126.3707809
33.26576614,126.3709488
33.26531601,126.3712311
33.23308182,126.3680878
33.23257065,126.3677139
33.23231506,126.3674469
33.23219681,126.3673553
33.23200607,126.3670807
33.23205185,126.3659439
33.23209381,126.3656082
33.23240662,126.3651428
33.23272705,126.3654861
33.23340225,126.3655777
33.23370743,126.3656006
33.23423767,126.3658524
33.23418427,126.3661499
33.23371124,126.3665695
33.23325729,126.3676071
33.23471451,126.3659744
33.23469925,126.3664856
33.23468781,126.3671875
33.23445892,126.3672409
33.23471832,126.3675995
33.23475647,126.365654
33.2348938,126.3654633
33.23526764,126.3655624
33.23521042,126.3653488
33.23501968,126.3649139
33.23519516,126.3644791
33.23561096,126.3636551
33.23573685,126.3632813
33.23443222,126.3633423
33.234272,126.3633041
33.23406601,126.3635406
33.23394394,126.3639755
33.23421478,126.364769
33.23448181,126.365303
33.2336731,126.364151
33.23328018,126.3642654
33.23274231,126.3645248
33.23247528,126.3649063
33.23600769,126.3627472
33.23629379,126.3619385
33.23699188,126.3625412
33.2371788,126.3623962
33.23743439,126.3621216
33.23746109,126.361702
33.23859406,126.3620071
33.23832703,126.3632126
33.23719406,126.364006
33.23691559,126.3637924
33.23718643,126.3628845
33.23662949,126.3641281
33.23598099,126.3647308
33.23638153,126.3650589
33.23710251,126.3652878
33.23760986,126.3662186
33.23727798,126.3662949
33.23698425,126.3663635
33.23655319,126.3664551
33.23625565,126.3665237
33.23584366,126.3666382
33.23557663,126.3664322
33.23578262,126.3656845
33.23519516,126.3669052
33.23522186,126.3660126
33.23497391,126.367012
33.23563004,126.3679962
33.23639679,126.3684845
33.23731995,126.3688889
33.23807144,126.3691864
33.23830414,126.3692932
33.23862457,126.3690262
33.23903656,126.369606
33.23978043,126.3694839
33.24038315,126.3691711
33.24124146,126.3706894
33.24102402,126.3690491
33.24196243,126.3689117
33.24217224,126.3689804
33.24245071,126.3690872
33.24288177,126.3697662
33.24313354,126.3698578
33.24339294,126.3699417
33.24369049,126.3699646
33.24413681,126.3701096
33.24407578,126.3704605
33.2440033,126.3707581
33.24389267,126.3710861
33.24445724,126.370224
33.24482727,126.370285
33.24509048,126.3701553
33.26334763,126.369751
33.26109695,126.3645706
33.26032639,126.3640671
33.26199341,126.3689651
33.26176453,126.3686447
33.26049805,126.3711548
33.26009369,126.3714066
33.25917053,126.3682861
33.25929642,126.3676987
33.25995636,126.3659058
33.25938797,126.36409
33.25949478,126.3630142
33.25940704,126.3625031
33.25984955,126.3625336
33.26029968,126.3625107
33.25082779,126.3581619
33.24692917,126.3598099
33.246315,126.360199
33.24492645,126.3630753
33.24462891,126.3631363
33.24341202,126.3682404
33.244133,126.3680573
33.24485397,126.3681564
33.24520874,126.3680267
33.23825836,126.3683701
33.23833466,126.3679657
33.23839951,126.3673553
33.23836899,126.3662415
33.23951721,126.3635178
33.23871231,126.3660202
33.23900986,126.3659821
33.23944855,126.3658676
33.23986816,126.3658066
33.24019623,126.3658066
33.24058914,126.3657074
33.24094772,126.3656235
33.24124146,126.3666077
33.24161148,126.3669281
33.24168777,126.3673859
33.24180222,126.3679123
33.24025345,126.3649826
33.24061584,126.364624
33.24148941,126.3642349
33.24160385,126.363739
33.24232101,126.3641129
33.24176025,126.3656845
33.24248123,126.3662109
33.2427597,126.3663483
33.2422142,126.3651581
33.2428627,126.3640442
33.24311829,126.3637772
33.25019455,126.3586426
33.24422836,126.3632813
33.24385834,126.3634491
33.24637604,126.3630295
33.24655151,126.3639145
33.24519348,126.3630295
33.24536133,126.3626709
33.24545288,126.3622589
33.24559021,126.3615494
33.24602509,126.3609238
33.24665833,126.3600082
33.24721909,126.3600922
33.24790955,126.3600769
33.24807739,126.3598785
33.24832535,126.359581
33.24855042,126.3593063
33.24897003,126.3590546
33.24928284,126.3589172
33.24957657,126.3588409
33.2606163,126.3412323
33.26810074,126.3328094
33.26821136,126.3322525
33.26441193,126.3337021
33.25911331,126.3371658
33.26000977,126.3380508
33.26068497,126.3386841
33.26283264,126.3399887
33.25880051,126.3379898
33.25905991,126.3385086
33.25685883,126.3375244
33.25736618,126.3370667
33.25717926,126.3371353
33.25687408,126.3373032
33.25595474,126.338707
33.25587845,126.3391953
33.25570297,126.3396454
33.25546265,126.3400269
33.25525284,126.3403931
33.25507355,126.3407211
33.25475693,126.3410568
33.25407791,126.3399429
33.25391006,126.339447
33.25372314,126.3389282
33.25349808,126.3383255
33.25332642,126.3379822
33.25315475,126.3375778
33.25219727,126.3347244
33.25273514,126.3350067
33.25382233,126.3355408
33.25437164,126.3354111
33.25549698,126.3351517
33.25610733,126.3353577
33.25638962,126.3355637
33.2567482,126.3357697
33.25700378,126.3358459
33.25725937,126.3360443
33.25751877,126.3362732
33.25834274,126.3367004
33.25612259,126.3352051
33.25631714,126.3351059
33.25781631,126.3345566
33.26396942,126.3319321
33.26016235,126.328598
33.25920868,126.3291397
33.25833893,126.3294601
33.25749207,126.3297806
33.25677872,126.3299408
33.25650406,126.3301315
33.25610733,126.3307495
33.25575256,126.3311157
33.25539398,126.3314133
33.25496292,126.331749
33.25485611,126.3322601
33.25453949,126.332634
33.25427246,126.3330231
33.25476456,126.3332138
33.25517654,126.3331757
33.25377274,126.3326187
33.25328064,126.3330917
33.25294113,126.3334808
33.25247192,126.3338165
33.2519989,126.3328171
33.25224304,126.3329468
33.25263596,126.3328705
33.25297928,126.3327255
33.25344467,126.3301086
33.25394058,126.3301315
33.25606155,126.330162
33.25549316,126.3300476
33.25483322,126.3300858
33.25436401,126.3300629
33.2538414,126.3299866
33.25323868,126.3298798
33.25360489,126.3291168
33.25328827,126.3257751
33.25253677,126.3258286
33.25142288,126.328125
33.2523613,126.3301468
33.25164032,126.3303223
33.25151062,126.3303146
33.25110245,126.3304596
33.25149536,126.3297577
33.25104523,126.329895
33.25193405,126.3296585
33.25138092,126.329216
33.25169373,126.3291168
33.25091171,126.3292389
33.25130463,126.3288498
33.25121689,126.3284073
33.2508812,126.3284836
33.25173569,126.32827
33.24662018,126.3297806
33.24668121,126.3291626
33.24673462,126.3286743
33.24677277,126.3282394
33.24637985,126.3281326
33.24688339,126.3276825
33.2468605,126.3271408
33.24710083,126.3266983
33.24725723,126.3261185
33.24736023,126.3255692
33.24739456,126.3251114
33.24745941,126.3246841
33.2505188,126.330246
33.25059128,126.3307037
33.25041199,126.3310776
33.24964905,126.3308945
33.24901581,126.3310471
33.24842453,126.3310623
33.24799347,126.3309097
33.24757767,126.3310471
33.24735641,126.3308411
33.24760437,126.3302612
33.24701691,126.3311157
33.24641037,126.3312683
33.24738693,126.3316879
33.24724197,126.3321915
33.24679184,126.3323135
33.24657822,126.3319092
33.24778748,126.3320847
33.24808884,126.332016
33.24833298,126.3318329
33.24892044,126.3318024
33.24935913,126.3323746
33.24972916,126.3315811
33.24987411,126.3323135
33.24990463,126.3326111
33.24995041,126.3330536
33.25016403,126.3335419
33.25032043,126.333931
33.2509613,126.3340073
33.25047684,126.334404
33.25038528,126.3346939
33.25021744,126.3348846
33.25000381,126.3350983
33.24957657,126.3347702
33.24924469,126.334404
33.24891663,126.334053
33.24858475,126.3337173
33.24806595,126.3333359
33.24766159,126.3330154
33.24733734,126.3327942
33.24971008,126.3353958
33.24949646,126.3356018
33.24734879,126.335556
33.24718857,126.3347321
33.24707413,126.3339386
33.24798584,126.3339462
33.24676514,126.3325577
33.24674225,126.3357162
33.24666214,126.3353271
33.24653625,126.3346405
33.24647141,126.3338852
33.24643326,126.3328018
33.24641037,126.3320847
33.24649811,126.33078
33.24656296,126.3303833
33.24688339,126.330452
33.24630356,126.3311157
33.24597549,126.3305893
33.24547577,126.3295364
33.2451973,126.3289871
33.24488068,126.3283386
33.24465179,126.3278885
33.2444725,126.3275681
33.24422073,126.3272476
33.24382401,126.3268585
33.24341965,126.3264847
33.24308395,126.3261719
33.24280548,126.3257904
33.24259186,126.3254166
33.24232483,126.3249817
33.24227905,126.3247452
33.24369812,126.3270798
33.24340439,126.3274155
33.24317932,126.3277435
33.24303055,126.3280945
33.24130249,126.3310013
33.24128342,126.3312531
33.24137497,126.3316193
33.24143219,126.3320694
33.24160385,126.3327866
33.2416954,126.3333282
33.24189758,126.3331375
33.24226379,126.3328552
33.24240875,126.3326187
33.24264908,126.3323059
33.24385452,126.3322678
33.24405289,126.3321686
33.24428558,126.3318253
33.24440765,126.3319931
33.24451828,126.3317566
33.24480057,126.331398
33.24503708,126.3309174
33.24522018,126.3315125
33.24557877,126.3314819
33.24564743,126.3318863
33.24609375,126.3313828
33.24629593,126.3319626
33.24631119,126.3322983
33.246315,126.3329315
33.24608231,126.3333206
33.24640656,126.3344574
33.24652481,126.3352051
33.24663162,126.335762
33.24435043,126.3348694
33.24515915,126.3350449
33.2456665,126.3349991
33.24607086,126.3349304
33.24620056,126.3354034
33.24638367,126.3352203
33.24435806,126.3344498
33.24437332,126.3336716
33.24437714,126.3329468
33.2443924,126.3323593
33.243927,126.3337708
33.24403381,126.3343124
33.24399567,126.3349075
33.24394226,126.3355408
33.24359894,126.3349152
33.24307632,126.3345261
33.24232101,126.3346786
33.24190521,126.3349075
33.24182129,126.3343658
33.24169159,126.3341599
33.24169922,126.3338242
33.24156189,126.333313
33.24103165,126.3333893
33.24064255,126.3330688
33.24078369,126.3329315
33.24062729,126.3335114
33.2406311,126.3339233
33.24062729,126.3335495
33.24063492,126.3338089
33.24090576,126.3338089
33.2406311,126.3340073
33.2404213,126.3344498
33.24028778,126.3346634
33.2401123,126.3349228
33.2399025,126.3351593
33.23937225,126.3359451
33.2387886,126.3362656
33.23855209,126.3363342
33.23813629,126.3365173
33.23783493,126.3366089
33.23762512,126.3366852
33.23738861,126.3368378
33.23778152,126.3371964
33.23786545,126.337532
33.23796463,126.3379822
33.23794174,126.3383026
33.23807526,126.3386383
33.2389679,126.3388443
33.23893738,126.3383102
33.23921204,126.3384018
33.23947525,126.3382645
33.23976898,126.3385315
33.23957062,126.339325
33.2399025,126.3385544
33.24041748,126.3381958
33.24028015,126.3380356
33.23952866,126.3372192
33.23886871,126.3363953
33.24007797,126.3367462
33.24016571,126.3353882
33.24040222,126.335144
33.24048615,126.3349075
33.24084473,126.3351593
33.24128342,126.3353348
33.24102783,126.3359375
33.24088669,126.3363495
33.24069595,126.3371201
33.24180222,126.3354874
33.24230194,126.3356323
33.24285889,126.3357697
33.24319839,126.3359299
33.24334335,126.3362656
33.24338531,126.3367615
33.24330902,126.3371735
33.2437439,126.3368683
33.24336624,126.3373947
33.24333954,126.337822
33.24302292,126.3378983
33.24253082,126.338028
33.24211884,126.3378372
33.24178314,126.3376236
33.24154282,126.33741
33.24118042,126.3373642
33.243927,126.3378448
33.24365616,126.3361435
33.24393845,126.3361893
33.24414825,126.3361969
33.24154282,126.3350906
33.24376678,126.3339691
33.2429657,126.336174
33.24337387,126.3360519
33.24464035,126.3362045
33.24550629,126.336235
33.24572754,126.3362656
33.24619293,126.3361588
33.24670792,126.3361053
33.2461586,126.3370667
33.24553299,126.3366318
33.24489594,126.336853
33.24453354,126.3371582
33.24466324,126.338768
33.24588013,126.3374405
33.24777985,126.3379974
33.24861145,126.3391647
33.24825287,126.3390732
33.24782181,126.3389816
33.24704742,126.3389282
33.24602127,126.3388977
33.24541473,126.3388901
33.245224,126.3389053
33.2448082,126.3388977
33.24450684,126.3388596
33.24435806,126.3388901
33.24356842,126.3388367
33.24320984,126.3388367
33.24274826,126.338829
33.24260712,126.3388443
33.24241638,126.3388062
33.2420578,126.3387985
33.24169922,126.3388214
33.24146271,126.3387909
33.2408905,126.338707
33.24063492,126.3384171
33.24312592,126.3393936
33.24485397,126.3391876
33.24504089,126.3394165
33.24518204,126.3397751
33.24988556,126.3403549
33.25019455,126.3407288
33.25027847,126.3418961
33.25041199,126.3420792
33.25091171,126.3428574
33.25124359,126.3433838
33.25144577,126.3435822
33.25161362,126.3438339
33.25348663,126.3426285
33.25428391,126.3431625
33.25346375,126.3409729
33.25317001,126.3409119
33.25285721,126.3408585
33.25256348,126.3408127
33.2522583,126.3407364
33.2517662,126.3406067
33.25139236,126.3405685
33.2507782,126.3404312
33.25008011,126.3400726
33.24985504,126.3395767
33.25029755,126.33992
33.24737167,126.3373718
33.24700546,126.3368607
33.24685287,126.3362885
33.24754333,126.3358612
33.24809647,126.3358536
33.24845123,126.3358536
33.24906158,126.3358459
33.24930954,126.335907
33.24927139,126.3362122
33.24921036,126.3363495
33.24854279,126.3365479
33.24807358,126.3366699
33.24749756,126.3367004
33.24954987,126.3364563
33.24922562,126.3366776
33.24956131,126.3372955
33.25054169,126.3347397
33.25086975,126.3349686
33.25125504,126.3359222
33.25144577,126.3363037
33.2545166,126.3409119
33.24039078,126.3376465
33.24102783,126.3321609
33.24473953,126.3306122
33.25529099,126.3280029
33.25526428,126.3273315
33.25370789,126.3299026
33.25996461,126.3288392
33.26048802,126.3285105
33.25506664,126.3427763
33.23974391,126.335823
33.23912643,126.3379614
33.23639246,126.3382073
33.26138394,126.3343687
33.26473966,126.3336349
33.26498716,126.3335526
33.26638858,126.333232
33.2673713,126.3330153
33.26908622,126.3327312
33.26998435,126.3327123
33.26364542,126.3338646
33.26268525,126.3340838
33.26032076,126.3345042
33.25975951,126.3345045
33.25921163,126.3344764
33.25813852,126.3344416
33.25668349,126.3350644
33.25487707,126.3348902
33.25318206,126.3353162
33.35805218,126.7634061
33.35744219,126.7686427
33.35753668,126.7685485
33.35768761,126.7684971
33.35962296,126.763246
33.36362011,126.7554775
33.35899889,126.7587217
33.35679348,126.7582363
33.35677773,126.7582497
33.39257473,126.7238984
33.35401363,126.7673626
33.35363058,126.7674361
33.34846625,126.7783781
33.35967816,126.767412
33.35745068,126.7683634
33.35580379,126.7688056
33.34911176,126.7738483
33.35135549,126.7731281
33.3546631,126.7615807
33.35133966,126.7564384
33.40948764,126.7757507
33.4059534,126.8139814
33.40549787,126.8138373
33.40534002,126.8137946
33.41795495,126.7919341
33.39042759,126.795388
33.39074965,126.7952261
33.39075508,126.793063
33.39101409,126.7929414
33.39749606,126.7994023
33.39828656,126.7976
33.39690485,126.7989979
33.4042354,126.8137029
33.33010799,126.7947451
33.32990257,126.7945656
33.30378564,126.7965462
33.30373619,126.7966269
33.34118636,126.795898
33.33983368,126.7999052
33.3397942,126.8005847
33.3396558,126.8042641
33.3405055,126.7971913
33.34123345,126.7957502
33.32771926,126.8020488
33.33478652,126.7955639
33.33198061,126.7999635
33.34201517,126.7941156
33.34167304,126.7944118
33.30902121,126.79753
33.30914287,126.7974922
33.32352183,126.7791071
33.32365428,126.7788061
33.32210231,126.7794168
33.32079933,126.7793449
33.32082972,126.7786844
33.32124834,126.7783289
33.32357919,126.777147
33.32355216,126.7771578
33.32571371,126.7636895
33.32529671,126.7636906
33.32076135,126.7683826
33.33297499,126.7726413
33.32650178,126.7680211
33.33498018,126.7709095
33.33191914,126.7648704
33.33248527,126.7662544
33.31275702,126.7820203
33.31746418,126.7698841
33.33362475,126.8151047
33.33690803,126.8085669
33.3376001,126.8071555
33.33702907,126.8081235
33.33527931,126.81215
33.3324215,126.8079564
33.3331622,126.8163087
33.33138026,126.8185438
33.33077186,126.8202287
33.33067995,126.8205833
33.33207206,126.8093804
33.33098905,126.8146403
33.33986122,126.8002113
33.33802795,126.8279572
33.33828354,126.8278961
33.33855057,126.8278275
33.33881378,126.8277588
33.33909988,126.8276978
33.3393631,126.8276291
33.33961105,126.8275681
33.33988953,126.8274918
33.34016037,126.8274307
33.34041595,126.8273697
33.34068298,126.827301
33.34095001,126.82724
33.34128189,126.8271561
33.3415451,126.8270874
33.34181213,126.8270187
33.34207153,126.8269577
33.34233856,126.8268814
33.34256744,126.826828
33.34272766,126.8267288
33.34266281,126.8267441
33.34210587,126.8268814
33.33355713,126.8288116
33.33329773,126.8288803
33.33309937,126.8289185
33.33294296,126.8288879
33.3328743,126.8287582
33.33280945,126.8284378
33.3331337,126.83004
33.33310699,126.8297272
33.33308411,126.8294373
33.33314514,126.8293152
33.33334351,126.8292313
33.3335762,126.8291626
33.33272552,126.8279953
33.33268738,126.8274078
33.33251572,126.826973
33.33238602,126.8265076
33.33223343,126.8259659
33.33207321,126.8254776
33.33186722,126.8249741
33.33164978,126.8245316
33.33136749,126.8240585
33.33108521,126.8236618
33.33075714,126.8232651
33.33042526,126.8229141
33.3300972,126.8225937
33.32979202,126.8223648
33.32961655,126.8226929
33.33008957,126.8229141
33.33045959,126.823204
33.33078384,126.8235397
33.33109665,126.8239365
33.33136368,126.8243408
33.33161545,126.8247986
33.33181763,126.8252487
33.33201218,126.8257599
33.33213806,126.8262329
33.3322525,126.8267517
33.3323555,126.8272705
33.33245087,126.8278503
33.33250809,126.8281555
33.32943344,126.8220749
33.32899857,126.8219299
33.32854843,126.8217926
33.32809067,126.8216705
33.32765961,126.8215637
33.32720566,126.8214645
33.3267746,126.821373
33.32626724,126.8212738
33.32586288,126.8211899
33.32544708,126.821106
33.32515717,126.8210449
33.32461166,126.8209305
33.32409668,126.8208237
33.32367706,126.8207321
33.32321548,126.8206406
33.32277679,126.820549
33.32232285,126.8204346
33.32180786,126.8202591
33.32156754,126.8206024
33.32194138,126.8206253
33.32246017,126.8207016
33.32295227,126.820755
33.32337952,126.8208466
33.32382584,126.8209457
33.32424927,126.8210297
33.3246994,126.8211288
33.32524109,126.8212357
33.32560349,126.821312
33.32602692,126.8213959
33.32656097,126.8215179
33.32691193,126.8215866
33.3273735,126.8216858
33.32780075,126.8217773
33.3282547,126.8218918
33.32866669,126.8220673
33.32908249,126.822258
33.329319,126.8225479
33.32788849,126.8259735
33.32803345,126.8257904
33.32822418,126.8255386
33.32838058,126.8253326
33.32852936,126.8251343
33.32867432,126.8249435
33.32883835,126.8247147
33.32902908,126.8244629
33.32914352,126.8243103
33.32929611,126.8240891
33.32940674,126.8238602
33.32946777,126.8235703
33.32936859,126.8234787
33.32927704,126.8239136
33.32903671,126.8242722
33.3289032,126.8244629
33.32875824,126.824646
33.32858658,126.8248672
33.32842636,126.8250961
33.32823944,126.8253479
33.32806778,126.8255692
33.32788467,126.8258286
33.32774734,126.826004
33.32752609,126.8262939
33.32736206,126.8264999
33.32726669,126.8266296
33.32710648,126.8268433
33.32700729,126.8269653
33.32687378,126.8271408
33.3266716,126.8274078
33.32652283,126.8276062
33.32633209,126.827858
33.32617188,126.8280716
33.32600021,126.8282547
33.32608795,126.8283539
33.32624817,126.8281403
33.32639313,126.8279419
33.32660566,126.8277031
33.32675552,126.8274765
33.32691574,126.8272629
33.32709122,126.8270416
33.32728195,126.8267899
33.3275528,126.8264847
33.32762146,126.8305969
33.3271904,126.8300247
33.32677841,126.8294373
33.32637405,126.8288651
33.32609177,126.8286667
33.32644653,126.829155
33.32686996,126.8297348
33.32733154,126.8303833
33.32776642,126.8309937
33.32574844,126.8286438
33.32558441,126.8288422
33.32540894,126.8290863
33.32520676,126.8293457
33.32504654,126.8295593
33.32488251,126.8297653
33.32466888,126.8300552
33.32452011,126.8302612
33.32437134,126.830452
33.32422638,126.8306503
33.32411194,126.8307953
33.32397461,126.830986
33.32382202,126.8311691
33.32365799,126.8313828
33.32374191,126.8314514
33.32395172,126.8311691
33.32413101,126.8309326
33.32429123,126.830719
33.32448578,126.8304596
33.32465744,126.8302383
33.32481003,126.83004
33.32499695,126.8297958
33.32517624,126.8295593
33.32532501,126.8293457
33.32547379,126.8291702
33.32567978,126.8288879
33.32582474,126.8286896
33.32349777,126.8314514
33.32323074,126.8313217
33.32299423,126.8312073
33.32269287,126.8310699
33.32244492,126.8309402
33.32202148,126.8307343
33.32178116,126.8306198
33.32155991,126.8305206
33.32132721,126.8304138
33.32111359,126.8303146
33.32083511,126.8301849
33.3205452,126.8300476
33.3202858,126.8299332
33.32009125,126.829834
33.31984329,126.8297272
33.31965637,126.829628
33.31933975,126.8295135
33.33075333,126.8371353
33.33054352,126.8369217
33.33031464,126.8366623
33.33008575,126.8364716
33.32987213,126.8362656
33.32965469,126.8360748
33.32946014,126.8358841
33.32921219,126.8356552
33.32899475,126.8354645
33.32875824,126.8352509
33.32859802,126.8350983
33.32838821,126.8349152
33.32818985,126.8347168
33.32794952,126.8344879
33.32775879,126.8343201
33.32749557,126.8340912
33.32733154,126.8339233
33.32694244,126.8335419
33.32663727,126.8332291
33.3263092,126.832901
33.32566833,126.8324966
33.32473755,126.8320618
33.32425308,126.8318253
33.32396317,126.8316803
33.32365036,126.8316498
33.32411575,126.8318787
33.32450867,126.8320618
33.32500076,126.8323059
33.32539749,126.8324966
33.32587814,126.8327255
33.32582474,126.8330307
33.32569504,126.8336029
33.32571793,126.8341751
33.32572174,126.8346634
33.32570648,126.8352509
33.32568741,126.8357239
33.32567596,126.8359528
33.32566833,126.8362656
33.32579422,126.8354721
33.32582092,126.8349533
33.32582855,126.8344193
33.32580185,126.8337936
33.32582474,126.8333664
33.32597733,126.8329086
33.32608414,126.8328476
33.32638931,126.8331375
33.32675934,126.8335114
33.32705688,126.8338089
33.32746506,126.8341827
33.3277092,126.8344116
33.32789612,126.8345795
33.32814026,126.834816
33.32833099,126.8349915
33.32854843,126.8351898
33.32870865,126.8353424
33.32894516,126.8355637
33.32915878,126.8357391
33.32940292,126.8359528
33.32958984,126.8361359
33.32983017,126.8363419
33.33002853,126.8365555
33.32580185,126.8353043
33.32582855,126.8346634
33.32581711,126.8341446
33.32580185,126.8336029
33.32590866,126.8330917
33.32625198,126.8329926
33.32658386,126.8333282
33.32691574,126.8336716
33.32681656,126.8334274
33.32649994,126.8330917
33.32629395,126.8325348
33.32661438,126.8322754
33.32690048,126.8320313
33.32723236,126.8316269
33.32709503,126.8317413
33.3263588,126.8323593
33.32588196,126.8326187
33.32544327,126.8323898
33.32503891,126.8321991
33.32414627,126.8317642
33.32433701,126.8319702
33.32469177,126.8321533
33.32521057,126.8323898
33.32563782,126.8326035
33.32588959,126.8328781
33.3257637,126.8332291
33.32572937,126.8344116
33.32571411,126.8349609
33.32569504,126.8354645
33.33200836,126.8296661
33.3322525,126.8295746
33.33260345,126.829483
33.33275604,126.8295822
33.33282852,126.8297653
33.332901,126.8300934
33.33257675,126.8285065
33.33257675,126.8287125
33.33261108,126.8288879
33.33259964,126.8290253
33.33226013,126.829277
33.33181,126.8294373
33.3315239,126.8295288
33.33136749,126.8295975
33.33121109,126.8296738
33.3310585,126.8297348
33.33090973,126.8298035
33.33075714,126.8298721
33.33056641,126.8299561
33.33042526,126.8300171
33.33026886,126.8300858
33.33005142,126.8301773
33.32945633,126.8303909
33.32932663,126.830452
33.32921219,126.8305283
33.32908249,126.8305893
33.32895279,126.8306503
33.32881165,126.8307037
33.3286705,126.8307648
33.32849503,126.8308411
33.32833862,126.8309097
33.32817459,126.8309784
33.32801819,126.8310471
33.32782364,126.8312149
33.32745361,126.8314362
33.32695389,126.8318481
33.32653046,126.8322067
33.32620239,126.832489
33.32602692,126.832634
33.32620239,126.8326111
33.32640076,126.8324356
33.32677841,126.8321381
33.32714462,126.8318405
33.32766724,126.8314667
33.3261795,126.8306427
33.32587433,126.8308487
33.32603455,126.8310547
33.32624435,126.8311386
33.32632065,126.8309631
33.32842636,126.8312302
33.3286171,126.8311539
33.32869339,126.8311234
33.32881546,126.8310699
33.32920837,126.8308334
33.32933807,126.8307724
33.32946014,126.8307266
33.32957458,126.8306656
33.32970047,126.8306198
33.32981491,126.8305664
33.32992935,126.8305206
33.33008575,126.830452
33.33023071,126.8303909
33.3303833,126.8303299
33.33050156,126.8302765
33.33063507,126.8302155
33.33075714,126.8301773
33.33086395,126.8301315
33.33097839,126.8300858
33.33114624,126.8300171
33.33134842,126.8299408
33.3314743,126.829895
33.33155441,126.8298569
33.33177948,126.8297882
33.33057785,126.8365479
33.33072281,126.8355637
33.33063126,126.8350449
33.33049393,126.8345566
33.33010864,126.8340378
33.32945633,126.8331528
33.32918549,126.8327713
33.32891846,126.8324051
33.32856369,126.8318787
33.33013535,126.8372269
33.3299408,126.8370285
33.33050156,126.8372345
33.32538986,126.8421707
33.32539749,126.8419495
33.32540131,126.841629
33.32540512,126.8413086
33.32540512,126.8410339
33.32540894,126.8406601
33.32541656,126.8403244
33.32542801,126.8400116
33.32543182,126.8396912
33.32542801,126.8393631
33.32543564,126.8390427
33.32543182,126.8387222
33.32543945,126.8384018
33.32544327,126.8380814
33.32556534,126.8378067
33.32570648,126.8374939
33.32574463,126.837204
33.32593918,126.8370056
33.32620621,126.8370132
33.32646942,126.8369293
33.32674026,126.8368759
33.32699966,126.8368073
33.32726669,126.8367538
33.32754135,126.8367004
33.32780838,126.836647
33.32807922,126.8365936
33.32834625,126.8365784
33.32861328,126.8366013
33.32888031,126.8366547
33.32910538,126.836731
33.32938766,126.836853
33.32961273,126.8369751
33.32544708,126.8412704
33.32577896,126.8374863
33.32574844,126.837532
33.32681274,126.836853
33.32551575,126.8369904
33.32579422,126.8370514
33.32579422,126.8367081
33.32556915,126.8366852
33.32575226,126.8377151
33.32601166,126.83741
33.32633972,126.8371811
33.32579422,126.8371964
33.32551575,126.8371506
33.32497787,126.8387375
33.32518005,126.8384018
33.32531738,126.8385086
33.32530975,126.838829
33.32531357,126.8391571
33.32530594,126.8394775
33.32530975,126.839798
33.32530212,126.8401184
33.32530212,126.8404388
33.32529449,126.8407669
33.32529068,126.8411331
33.32528687,126.8414383
33.32527924,126.8417358
33.32528305,126.8420639
33.32486343,126.8391266
33.32476807,126.8394699
33.32483673,126.8399124
33.32475281,126.8403397
33.32483292,126.8407593
33.32474899,126.8411942
33.32482147,126.8416214
33.32472229,126.8419952
33.32481003,126.8424683
33.32497787,126.8426514
33.32522964,126.8419647
33.32522964,126.841713
33.32523346,126.8414536
33.3252449,126.8411789
33.32524109,126.8409348
33.3252449,126.8406601
33.32523727,126.8403397
33.32498169,126.8403702
33.32497787,126.8406601
33.32497025,126.8409348
33.32497025,126.8411713
33.32497787,126.8414307
33.32497787,126.8417358
33.32505417,126.8419876
33.32523727,126.8419266
33.32516479,126.8399277
33.32540512,126.8417435
33.32541275,126.8406067
33.32543182,126.8400803
33.32542801,126.8395309
33.32543564,126.8391418
33.32041931,126.8448105
33.32065201,126.8451538
33.32092285,126.845459
33.32118607,126.8457489
33.32145309,126.8460464
33.3217659,126.8462677
33.32211685,126.8463364
33.32247543,126.8462677
33.3228035,126.8461227
33.32313156,126.8459702
33.32348251,126.8458023
33.32378006,126.8456726
33.3241272,126.8454895
33.32443237,126.8452454
33.32477188,126.8453217
33.3250351,126.8451385
33.32518005,126.8450699
33.3251915,126.844841
33.3249855,126.8449173
33.32477188,126.8450546
33.32538605,126.8452988
33.32542801,126.845047
33.32546616,126.8447952
33.32564926,126.8447113
33.32582855,126.844635
33.32598114,126.8447876
33.32611847,126.8449326
33.3263855,126.8457565
33.32647705,126.8458405
33.32666779,126.845787
33.32678223,126.8457489
33.32691956,126.8457031
33.32705307,126.8456573
33.32719421,126.8456116
33.32531738,126.8448105
33.32535553,126.8459091
33.32540894,126.8460922
33.32546616,126.8463211
33.32551956,126.8465271
33.32556152,126.8467331
33.32575989,126.8467636
33.32606125,126.8467484
33.32631302,126.8467407
33.32472992,126.8388443
33.32453918,126.8389587
33.32429504,126.8390274
33.32407379,126.8390961
33.32382584,126.8391571
33.32357407,126.8392258
33.32335281,126.8393326
33.32310486,126.8394623
33.32279968,126.8395844
33.32252884,126.8395691
33.32230377,126.8396378
33.32199097,126.8397369
33.32174683,126.8398819
33.32146072,126.8399963
33.32116318,126.8400497
33.32091141,126.8401489
33.32066727,126.840271
33.32041931,126.8403854
33.32017136,126.8405075
33.31988525,126.8406067
33.31964874,126.8407059
33.31939697,126.8408432
33.3191452,126.8410187
33.31895447,126.8411636
33.31876755,126.8414078
33.31855774,126.8416519
33.318367,126.841835
33.31816101,126.8420258
33.31793976,126.8422012
33.31772232,126.8423538
33.32477951,126.8364487
33.32453918,126.8362656
33.32424545,126.8359909
33.32397461,126.8357162
33.32375717,126.8354874
33.32351685,126.8352432
33.32325745,126.8349838
33.32303619,126.8347549
33.32280731,126.8345184
33.32254791,126.8342514
33.32233429,126.8340378
33.322155,126.833847
33.32209396,126.8336945
33.32211304,126.8335953
33.32227707,126.833374
33.32240295,126.8332214
33.3225441,126.8330307
33.32269669,126.8328171
33.32284927,126.8326263
33.32301331,126.8324051
33.32313156,126.8322372
33.32323456,126.8320999
33.32336426,126.8319244
33.32351303,126.8317261
33.32343292,126.8316727
33.32329559,126.8318558
33.32316971,126.832016
33.32305527,126.8321609
33.32294464,126.8323288
33.32277679,126.8325348
33.32263565,126.8327255
33.32246399,126.8329468
33.32232285,126.8331375
33.32220078,126.8332901
33.32204437,126.8334961
33.32190323,126.833519
33.32144547,126.8330765
33.32122803,126.8328629
33.32104111,126.8326721
33.32083893,126.8324432
33.32065201,126.8322449
33.32044601,126.832016
33.32012558,126.8316879
33.31986237,126.8313904
33.31960297,126.8311081
33.31933594,126.8308182
33.31906509,126.8305359
33.31878281,126.8302155
33.31854248,126.8299637
33.31828308,126.8295517
33.31930542,126.8296051
33.31952286,126.8296814
33.3198204,126.8298187
33.32006454,126.8299255
33.32025146,126.8300247
33.32049942,126.8301392
33.32073975,126.830246
33.32107925,126.8304062
33.32127762,126.8304977
33.32157135,126.8306503
33.32180405,126.8307648
33.3222084,126.8309555
33.3224678,126.8310852
33.3226738,126.8311768
33.32297134,126.8313217
33.32318115,126.8314285
33.32339096,126.8315201
33.32256699,126.8304443
33.32289886,126.8301163
33.32263947,126.8293762
33.32241058,126.8296967
33.32236099,126.8301315
33.32204056,126.8302155
33.3217926,126.8296967
33.32199478,126.8297501
33.32206726,126.8298492
33.32212448,126.8301163
33.31858444,126.8290253
33.31880188,126.8286896
33.31903076,126.8283539
33.31926727,126.8280182
33.31948853,126.8276978
33.31977081,126.8274612
33.32025528,126.8272018
33.3206749,126.8270874
33.32103348,126.827034
33.32138824,126.8269653
33.32171631,126.8269119
33.322052,126.8268509
33.32238388,126.8267975
33.32273865,126.8268204
33.32310486,126.8269272
33.32342911,126.8270798
33.32370758,126.8272095
33.32378387,126.8271255
33.32346725,126.8269882
33.3230896,126.8267975
33.32266617,126.8266983
33.31095886,126.8167343
33.31115723,126.8170319
33.31131744,126.8172379
33.31119919,126.8172913
33.31142807,126.8171082
33.30995941,126.8138428
33.30984879,126.8135147
33.30970383,126.8131104
33.30957794,126.812767
33.30942154,126.8123932
33.30931091,126.8120041
33.30916595,126.8115921
33.30901718,126.8118515
33.30913544,126.8121948
33.30929947,126.8125458
33.30943298,126.8128586
33.30955505,126.8131866
33.3096962,126.8135605
33.30982208,126.8139038
33.308918,126.8111801
33.30876923,126.8108444
33.30863571,126.8105316
33.30848312,126.8101807
33.30830002,126.809761
33.30817032,126.8094559
33.30792236,126.8088913
33.30780029,126.8085785
33.30764389,126.8081589
33.30751801,126.8078766
33.30728912,126.8071747
33.30720901,126.8067932
33.30715179,126.8064651
33.30692673,126.8064346
33.30698776,126.8068619
33.30702591,126.8070831
33.30712891,126.8074646
33.30725098,126.8078308
33.30739975,126.8082047
33.30753326,126.8085022
33.30768585,126.8088455
33.30783844,126.8091736
33.30800629,126.8095093
33.30810165,126.8097076
33.30823517,126.8100433
33.30839539,126.8103943
33.30857849,126.8108292
33.30871201,126.8111267
33.37048721,126.8117676
33.37063217,126.8114929
33.37078476,126.8112183
33.37094116,126.810936
33.37108994,126.8106689
33.37123871,126.8104095
33.37139893,126.8101273
33.3715477,126.8098526
33.3717041,126.8095627
33.37185287,126.809288
33.37200165,126.8090134
33.37216187,126.8087311
33.37231827,126.8084564
33.37248611,126.8081894
33.37266541,126.8079453
33.3728714,126.807724
33.37307739,126.8075027
33.37328339,126.8072815
33.37349701,126.8070602
33.37369156,126.8068314
33.37205887,126.8088226
33.37194824,126.8090134
33.37179947,126.8092957
33.36564636,126.8167114
33.36584854,126.8165283
33.36605835,126.8163223
33.36626816,126.816124
33.36647415,126.8159103
33.36668777,126.8157196
33.36690521,126.8155136
33.36711121,126.8153076
33.36732483,126.815094
33.36752701,126.8148956
33.36774826,126.8146896
33.36796188,126.8144913
33.36817932,126.8142853
33.36839676,126.8141022
33.36861801,126.8139191
33.36885834,126.8137054
33.36906815,126.8135071
33.36930084,126.8133316
33.36951447,126.8131409
33.36972809,126.8129425
33.36993027,126.8127365
33.37009048,126.8124695
33.3702507,126.8122253
33.36166763,126.8201523
33.36190414,126.8199921
33.36215591,126.8198318
33.36237717,126.8196869
33.36263657,126.8195114
33.36288834,126.8193359
33.36310577,126.8191757
33.36333466,126.8189621
33.36353302,126.8187561
33.36375427,126.8185501
33.36394501,126.818367
33.36417389,126.8181458
33.36440659,126.8179245
33.36460876,126.8177185
33.36483002,126.8175049
33.36509323,126.8172379
33.36529541,126.8170624
33.36051559,126.8211517
33.36067581,126.8210449
33.36087036,126.8209229
33.36102676,126.8210602
33.36116409,126.8211288
33.36123276,126.8208542
33.36135483,126.8206482
33.36150742,126.8205032
33.36168671,126.8203888
33.36083603,126.8207169
33.36158752,126.8198929
33.36139679,126.820015
33.36122894,126.8199768
33.36116409,126.8198318
33.36104202,126.8198624
33.36103058,126.8201218
33.36091232,126.820343
33.36071396,126.8204498
33.36051941,126.8205948
33.36026764,126.820755
33.36160278,126.8201218
33.35792542,126.8226166
33.35817719,126.8224564
33.3584404,126.8222809
33.35870743,126.822113
33.35896683,126.8219376
33.35920334,126.8217773
33.35947418,126.8216019
33.35973358,126.821434
33.35995865,126.8212738
33.36022949,126.8210907
33.36048508,126.8209305
33.36074448,126.8207626
33.35940933,126.821579
33.35925674,126.8216705
33.35905075,126.8218155
33.35363007,126.8236542
33.35392761,126.8236237
33.35419846,126.8235931
33.3544426,126.8235703
33.35471725,126.8235397
33.35499573,126.8235168
33.35526276,126.823494
33.35553741,126.8234711
33.35581589,126.8234634
33.35608673,126.8234482
33.35633469,126.8234177
33.35663605,126.8233643
33.35687256,126.8232727
33.3530426,126.8231049
33.35295486,126.8233566
33.35276794,126.8235016
33.35252762,126.823555
33.3522377,126.8236313
33.35381317,126.823349
33.35355377,126.8233795
33.35335922,126.8233871
33.35325241,126.8233261
33.35319519,126.8230438
33.35350037,126.8235931
33.3522644,126.8241577
33.35251999,126.8240891
33.35277939,126.8240051
33.35297394,126.8240051
33.35317993,126.8242264
33.35334015,126.824234
33.35329437,126.8240204
33.35341263,126.8238831
33.35360336,126.8238602
33.35388565,126.8238449
33.35258102,126.823822
33.34835052,126.8252258
33.34866714,126.825119
33.34889603,126.8250427
33.34916306,126.8249512
33.3494339,126.8248596
33.34973145,126.8247604
33.34998703,126.8246765
33.35025024,126.8245926
33.35051346,126.8245087
33.3507576,126.8244095
33.35102463,126.8243179
33.35131454,126.8242188
33.35158157,126.8241272
33.35186768,126.8240356
33.35212708,126.8239517
33.35239029,126.8238678
33.35267639,126.8237915
33.35095978,126.8242798
33.35074997,126.8243561
33.35049438,126.8244324
33.34382629,126.8265076
33.34410858,126.8264313
33.34436417,126.8263626
33.34465408,126.8263016
33.34492874,126.8262253
33.3451767,126.8261642
33.34545135,126.8260956
33.34570313,126.8260269
33.34597015,126.8259583
33.34624481,126.8258896
33.34651184,126.8258133
33.34676743,126.825737
33.34702682,126.8256607
33.34729004,126.8255768
33.34753036,126.8254929
33.34231186,126.8271027
33.34253693,126.8270416
33.34275055,126.8269958
33.34296036,126.8269348
33.34313583,126.8269958
33.34318542,126.8271255
33.34332275,126.8271255
33.34331512,126.8269653
33.34342957,126.826828
33.34365845,126.826767
33.3438797,126.8266983
33.34408188,126.8266449
33.34281921,126.8267746
33.34622192,126.8258362
33.34605026,126.825882
33.34576416,126.8259583
33.34409332,126.8261337
33.34386826,126.8262024
33.34366226,126.8262405
33.34342575,126.8263092
33.34326172,126.8262329
33.34302902,126.8263092
33.34285736,126.8264542
33.34264755,126.8265152
33.342453,126.8265686
33.34218597,126.8266296
33.34358978,126.8264923
33.33614349,126.8416214
33.33639908,126.841835
33.33665466,126.8420563
33.33688736,126.8422318
33.33718872,126.8424911
33.33760452,126.8428268
33.33778763,126.8429871
33.33802414,126.8431702
33.33837128,126.8434448
33.33864212,126.8436661
33.33891296,126.8438873
33.33918762,126.844101
33.33948517,126.8443298
33.33972931,126.8445206
33.34003067,126.84478
33.34028244,126.8449936
33.34053421,126.8451691
33.34078979,126.8453598
33.34103394,126.8455658
33.34129715,126.8457718
33.34157562,126.845993
33.34152603,126.8457108
33.34126282,126.8455048
33.34099579,126.8452682
33.34080887,126.8451233
33.34054565,126.8449173
33.34027863,126.8447189
33.34002304,126.8445282
33.33977127,126.8443375
33.33953476,126.8441315
33.33927155,126.8439331
33.33901596,126.8437424
33.33866882,126.8434601
33.3383522,126.8432236
33.33812332,126.8430252
33.33785248,126.8428192
33.33758545,126.8426056
33.33733368,126.8423843
33.33710861,126.8422089
33.33683777,126.8419113
33.33659363,126.8416672
33.33637238,126.8414383
33.349823,126.8379669
33.35014343,126.8377838
33.35049438,126.8376465
33.35091019,126.8374634
33.35122299,126.837326
33.35154724,126.837204
33.35209656,126.8370056
33.35243225,126.8368912
33.35280228,126.8368073
33.35317993,126.836731
33.3534317,126.8367004
33.35354996,126.8368073
33.37424469,126.8062515
33.37443161,126.8060303
33.37462997,126.805809
33.37483215,126.8056107
33.37506866,126.8053818
33.37526321,126.8051987
33.37548065,126.804985
33.37571335,126.8047714
33.37591934,126.8045731
33.37612152,126.8043442
33.37631607,126.8041077
33.37771225,126.8016052
33.37765121,126.8017578
33.37759781,126.8018875
33.37751389,126.802063
33.37739944,126.8021698
33.37727737,126.8022766
33.37714386,126.8023148
33.37696075,126.8022919
33.37693024,126.8024826
33.37705612,126.8025513
33.37711716,126.8026886
33.37705612,126.8028336
33.37699127,126.8029785
33.37717438,126.8031845
33.37727356,126.8030624
33.37739182,126.8029556
33.37747574,126.8028488
33.37756729,126.8027573
33.37769318,126.8026581
33.37783432,126.8025742
33.37809753,126.8024216
33.37802124,126.8022308
33.37790298,126.8022919
33.37778091,126.8022995
33.37775421,126.8021698
33.37781525,126.8020172
33.37786102,126.8018723
33.37792969,126.8017273
33.37928391,126.7983551
33.37909317,126.7983093
33.38183975,126.7918091
33.38176346,126.7919083
33.38163757,126.7919693
33.38151932,126.791954
33.38137054,126.7918854
33.38109207,126.7919388
33.38134003,126.7921219
33.38140488,126.7922363
33.38143921,126.7923584
33.38141632,126.7925034
33.38137436,126.7926559
33.38129425,126.7928162
33.38149643,126.7929611
33.38157272,126.7928162
33.38166046,126.792717
33.3817482,126.7926407
33.38186646,126.7926025
33.38199615,126.7926178
33.38212204,126.7926941
33.38225174,126.7927933
33.38234711,126.7925873
33.38222504,126.7924957
33.38211823,126.7924118
33.38205338,126.7922974
33.38203812,126.7921524
33.38208771,126.7920151
33.38524628,126.789566
33.3849678,126.7896271
33.384655,126.789711
33.3843956,126.7898102
33.38444519,126.7900848
33.38471222,126.7900085
33.38499832,126.7899094
33.38525009,126.789856
33.38909912,126.7897415
33.38886642,126.7897186
33.38872528,126.78965
33.3886261,126.7897339
33.3883934,126.789711
33.38846207,126.7895813
33.38811874,126.78965
33.38781738,126.7896194
33.38779831,126.7899094
33.38809586,126.7899399
33.38825989,126.7901077
33.38830566,126.7899246
33.38853455,126.7899475
33.38848877,126.7900543
33.3888092,126.7900085
33.38907242,126.7900391
33.39847946,126.7886353
33.39788055,126.788559
33.39810944,126.7884521
33.39830017,126.7884827
33.39834213,126.7886429
33.39825058,126.7888794
33.39812851,126.7891693
33.39796829,126.789505
33.39784622,126.7897415
33.3976593,126.7900162
33.39741135,126.790123
33.3971405,126.7901535
33.39686203,126.7901077
33.39657593,126.7900543
33.39982986,126.786499
33.39945984,126.7869034
33.39922333,126.7871323
33.39891434,126.7874146
33.39837646,126.7878647
33.39816666,126.7880859
33.39798355,126.7881851
33.39773941,126.7884064
33.39850235,126.7880554
33.39865494,126.7882843
33.39879227,126.7880249
33.39905167,126.7877121
33.39937592,126.7873764
33.39968109,126.7870712
33.39997482,126.7866821
33.400177,126.786438
33.40036011,126.7862091
33.40497208,126.7793655
33.40480804,126.7795944
33.40459442,126.7798691
33.40438843,126.7800903
33.40414047,126.7801743
33.40415955,126.7803955
33.40399933,126.7806625
33.4038353,126.7809372
33.40405655,126.7810135
33.40421677,126.7808609
33.40437317,126.7806473
33.40464783,126.7802505
33.40476227,126.7800522
33.40492249,126.7797623
33.40507507,126.7795334
33.40988922,126.7707367
33.41004944,126.7704468
33.4102211,126.7700806
33.41046143,126.7697449
33.41184616,126.7701645
33.41160202,126.7700348
33.41137695,126.7699356
33.41117096,126.7698441
33.41096497,126.7697296
33.41076279,126.7696304
33.41057587,126.7694244
33.41070557,126.7691193
33.41081238,126.7688828
33.41096497,126.7685852
33.41074753,126.7684097
33.4106369,126.7686844
33.41043854,126.7689819
33.41033936,126.7692184
33.41012573,126.7696304
33.41003418,126.7699509
33.40987396,126.7703094
33.40962601,126.770874
33.42017746,126.7587433
33.41999054,126.7589111
33.41978073,126.7589874
33.41980743,126.7591248
33.41955566,126.7589645
33.4196167,126.7591248
33.41967392,126.7592392
33.41942596,126.7594452
33.41921234,126.7596588
33.41888809,126.7603226
33.41913986,126.7600861
33.41935349,126.7598801
33.41957092,126.7596664
33.41975403,126.7595062
33.41993713,126.7593155
33.4201355,126.75914
33.42029572,126.7589798
33.39234161,126.8006744
33.39262772,126.8007965
33.39253998,126.8011932
33.39221573,126.8011093
33.39196777,126.8010712
33.39178848,126.8014984
33.39211655,126.8015671
33.3924408,126.8016357
33.39234161,126.8020859
33.39205933,126.8020248
33.39165878,126.8019333
33.39153671,126.8023987
33.39195251,126.802475
33.39225006,126.802536
33.39141464,126.8028641
33.39183044,126.8029633
33.3922081,126.8030624
33.39270401,126.8031998
33.39283752,126.8027649
33.39257431,126.8026505
33.39266586,126.8022156
33.39291,126.8023224
33.39299393,126.8018646
33.3927536,126.8017502
33.3928566,126.8013229
33.39307785,126.8014526
33.39296341,126.8008652
33.39317322,126.7979813
33.39295197,126.7985077
33.39266968,126.7991257
33.39304352,126.7994003
33.39356232,126.7993851
33.3939476,126.7990112
33.39344025,126.7985382
33.39324951,126.7989502
33.39347076,126.7979431
33.39392471,126.798233
33.39420319,126.7986603
33.39433289,126.7991562
33.3943367,126.7998047
33.39431381,126.8003693
33.39380264,126.7973099
33.39434814,126.7975845
33.39396286,126.79776
33.39435959,126.7982025
33.39483261,126.7975769
33.3948555,126.7980881
33.39487839,126.7985916
33.39477921,126.799118
33.39509964,126.7992783
33.39526749,126.7990723
33.3952713,126.7986374
33.39523697,126.7981567
33.39506531,126.7981567
33.39515305,126.7977066
33.39521408,126.7974548
33.39499664,126.7973557
33.35200882,126.7751923
33.35189438,126.7755432
33.35214233,126.7755432
33.35273743,126.775322
33.35299301,126.7752228
33.3536377,126.7750778
33.35376358,126.7749634
33.35358047,126.7749252
33.35342407,126.7749176
33.35323715,126.7749557
33.35293579,126.7749786
33.35270691,126.7750702
33.35265732,126.7749252
33.35232162,126.7749405
33.34714508,126.7735901
33.34746552,126.7736816
33.34751129,126.7741623
33.34759521,126.7742844
33.3477478,126.7738342
33.34805679,126.7738113
33.34796524,126.773674
33.34768677,126.7735825
33.34736633,126.7734528
33.30670166,126.800415
33.30676651,126.7999039
33.30674744,126.7994614
33.30673218,126.7990494
33.30674362,126.7986298
33.30674744,126.798233
33.30676651,126.7978439
33.30677414,126.7974701
33.3067894,126.7971191
33.30679703,126.7967529
33.30681229,126.7963104
33.30683136,126.7960052
33.30666351,126.7959366
33.3066597,126.7962341
33.30664063,126.7966156
33.30662918,126.7969894
33.30661392,126.7974014
33.30660629,126.7977982
33.30657959,126.7982178
33.30657578,126.7986069
33.30656052,126.7990723
33.30654144,126.799469
33.30651474,126.7998581
33.30648804,126.8003006
33.30644226,126.8008652
33.3070488,126.8057098
33.30700684,126.8053207
33.30698395,126.8050613
33.30694199,126.8044739
33.30691147,126.8040161
33.30686188,126.8036118
33.30682373,126.8031769
33.30677795,126.8027573
33.30673981,126.8022537
33.30670929,126.8019333
33.30669022,126.801384
33.30667877,126.8009644
33.30649185,126.8010788
33.30651093,126.8013916
33.30653,126.8017502
33.3065567,126.8021698
33.30660248,126.8027191
33.30664444,126.8031616
33.3066864,126.8035736
33.30671692,126.8040314
33.3067627,126.8044586
33.30684662,126.80513
33.30687332,126.8054199
33.30688858,126.8056412
33.32500839,126.7926254
33.32489014,126.7927399
33.32469177,126.7926788
33.32456589,126.7929688
33.32446289,126.7929001
33.30371475,126.8059845
33.30344772,126.8059311
33.30334854,126.8055573
33.30328751,126.8052597
33.30314636,126.805191
33.302948,126.805069
33.30286407,126.8047943
33.30730438,126.7782745
33.30731201,126.7786331
33.30731964,126.7789993
33.30731964,126.7793961
33.30731964,126.7797928
33.30731583,126.7801895
33.30731583,126.7807541
33.30729294,126.7812119
33.30727768,126.7816315
33.30727768,126.7819748
33.30727005,126.7824478
33.30726242,126.7827835
33.30724716,126.7831039
33.30725098,126.7834015
33.30724716,126.7836914
33.30724716,126.7840729
33.30719376,126.7802963
33.30712509,126.78022
33.30706024,126.7800674
33.30702972,126.7798615
33.30702591,126.7796631
33.30712509,126.7794952
33.30709457,126.779274
33.30715179,126.7789536
33.30672455,126.7825089
33.30625916,126.7835617
33.30638504,126.7861862
33.30669785,126.782547
33.30648422,126.7832031
33.30725098,126.7845459
33.30723953,126.7850037
33.30721664,126.7853775
33.30715942,126.78582
33.30711746,126.7863846
33.30709457,126.7867661
33.3070755,126.7871552
33.30704498,126.7877502
33.30701447,126.7882156
33.30699539,126.7886887
33.3069725,126.7892532
33.30696487,126.7897034
33.30693817,126.790184
33.30690384,126.7907639
33.30687332,126.7912598
33.30683899,126.791832
33.30681229,126.7923203
33.30667496,126.7928925
33.30672455,126.7932358
33.3069458,126.7929306
33.30695724,126.7926788
33.3069725,126.7923279
33.30700684,126.791832
33.30703735,126.7912598
33.30706787,126.7907715
33.30709839,126.7901917
33.30713272,126.7897034
33.30715179,126.7892685
33.30719757,126.7887039
33.30724335,126.788208
33.30725098,126.7877502
33.30672897,126.7935127
33.30670843,126.7940389
33.30669996,126.7943677
33.30667683,126.7946939
33.30667856,126.795059
33.30666122,126.7954805
33.30684285,126.7955888
33.30686777,126.7949767
33.3068752,126.7947002
33.3068902,126.794229
33.30695696,126.7937081
33.30727768,126.7871323
33.30729675,126.7867737
33.30731964,126.7863846
33.3073349,126.7859955
33.3073616,126.7856369
33.30738449,126.7852478
33.30741119,126.7847748
33.30742645,126.7843552
33.30743408,126.7839279
33.30744171,126.7835388
33.30747604,126.7831726
33.30747604,126.7828522
33.30749893,126.7824631
33.3074913,126.7821121
33.30749893,126.7816772
33.30751038,126.7811966
33.30751419,126.7808304
33.30751419,126.7805328
33.30751801,126.7801132
33.30752182,126.7797928
33.30751419,126.7793732
33.30751038,126.7790985
33.30750656,126.7787552
33.30749893,126.778389
33.32900238,126.7702789
33.32913589,126.770462
33.3293457,126.7706375
33.32950211,126.7708282
33.32951355,126.7705231
33.32952881,126.7702713
33.32928085,126.7702408
33.32172012,126.7779846
33.38616943,126.7992096
33.3864212,126.7991562
33.38645172,126.7994385
33.38676071,126.7994537
33.38702011,126.7994232
33.38725662,126.7993698
33.38752365,126.7993393
33.38534927,126.7973557
33.38582611,126.7982483
33.33417987,126.8355816
33.33410839,126.8352232
33.33403918,126.8348783
33.33394954,126.834426
33.33382697,126.8337845
33.33373393,126.8333255
33.33366696,126.8329658
33.33358075,126.8325578
33.33350244,126.8321524
33.33342754,126.8317699
33.33335481,126.8313256
33.33328648,126.8308116
33.33320481,126.8304277
33.33597661,126.8409718
33.33583547,126.8407652
33.33568302,126.8405346
33.33553168,126.8402851
33.33538821,126.8400222
33.33521306,126.8396654
33.33504914,126.839283
33.33484553,126.8387087
33.33470397,126.8381787
33.33459964,126.8376928
33.33448506,126.8371157
33.33443514,126.8368634
33.33432059,126.8363158
33.33423776,126.835893
33.33405741,126.8358745
33.33413678,126.8362369
33.33423662,126.8367415
33.33432061,126.8371925
33.33440683,126.8376247
33.33450203,126.8380273
33.33462992,126.8384393
33.33470924,126.8387694
33.33488795,126.8392645
33.33502364,126.8396053
33.33521013,126.8400158
33.33543164,126.840488
33.334217,126.8398512
33.33455433,126.8401177
33.33494694,126.8404325
33.33525268,126.8406737
33.33548834,126.8407605
33.33297494,126.830455
33.33306115,126.8308643
33.33316664,126.8313636
33.33327312,126.8317568
33.33335485,126.832189
33.33344444,126.832605
33.33352726,126.8330076
33.33358855,126.8333244
33.33366914,126.8337539
33.33380527,126.8344196
33.33389158,126.8349081
33.33396417,126.8352557
33.3340141,126.8355108
33.31117552,126.8167548
33.31096863,126.8163203
33.31078321,126.8159274
33.31062603,126.815572
33.31046884,126.815214
33.31031839,126.8148438
33.31019841,126.8144978
33.31011465,126.8142604
33.31646834,126.8192352
33.3161538,126.8191687
33.31583018,126.819062
33.31555516,126.8190464
33.31526317,126.8189839
33.31491256,126.8189122
33.31465776,126.8188536
33.31432519,126.8187859
33.31384267,126.8186849
33.31348074,126.8185809
33.31316386,126.8184607
33.31283905,126.8183097
33.31249726,126.8180997
33.3121757,126.8178601
33.311792,126.8175173
33.32093493,126.8201146
33.32068581,126.8200856
33.3203882,126.8200339
33.32008157,126.8199822
33.31978282,126.819921
33.31935442,126.8198346
33.31900719,126.8197602
33.31857765,126.8196698
33.31822253,126.819594
33.31784825,126.8195223
33.31751566,126.8194491
33.31717069,126.81938
33.31683135,126.8193069
33.31662755,126.8194442
33.31703679,126.819528
33.31734118,126.8195891
33.31773463,126.8196729
33.31808526,126.81975
33.31843587,126.8198244
33.31883156,126.8198948
33.31917542,126.8199692
33.31954971,126.820049
33.31986425,126.8201168
33.32015737,126.8201766
33.32046739,126.8202364
33.32072333,126.8203084
33.32096122,126.820367
33.31158247,126.8175808
33.31195147,126.8178928
33.31236556,126.8182168
33.31272429,126.8184388
33.31309422,126.8186179
33.31340771,126.8187368
33.31375836,126.8188394
33.31413717,126.8189218
33.31449117,126.8190003
33.31485757,126.8190761
33.31594557,126.8193544
33.31628483,126.8193738
33.30998632,126.8143626
33.31012774,126.8147194
33.31024657,126.815052
33.31032712,126.8154089
33.31044366,126.8157134
33.31065754,126.8163035
33.39037916,126.6863663
33.39073875,126.686396
33.39107915,126.6864109
33.39139588,126.6864258
33.39174074,126.6864233
33.39209003,126.6863871
33.39240318,126.6863241
33.39273994,126.6862396
33.39304734,126.6861297
33.39337159,126.6859969
33.39376451,126.6858356
33.39404261,126.6857271
33.39436124,126.6856023
33.39469,126.6854722
33.39502328,126.68535
33.39542185,126.6851928
33.39569877,126.6850641
33.39600272,126.68493
33.39633596,126.6847891
33.39664896,126.6846643
33.39698226,126.6845503
33.3972999,126.6844766
33.3976548,126.6844336
33.3979951,126.6844122
33.39831512,126.6843909
33.39866445,126.6843735
33.30748978,126.7778644
33.3074766,126.7774255
33.3074129,126.7770995
33.35766588,126.7559749
33.34124374,126.770752
33.34097672,126.7711105
33.33918762,126.7741394
33.33966446,126.7747955
33.340065,126.7759857
33.34049225,126.7770081
33.33780289,126.7766571
33.33742142,126.7785873
33.33801651,126.7793579
33.34156418,126.7687607
33.3417244,126.7680664
33.34168243,126.7710266
33.34220886,126.7713928
33.34255981,126.7718201
33.34273529,126.7716446
33.34357452,126.7715225
33.34389114,126.7709808
33.34418869,126.7704773
33.3443718,126.7708206
33.34418106,126.7725449
33.34508896,126.7733765
33.34452057,126.7734833
33.34380341,126.7738113
33.34332657,126.7739563
33.34300995,126.7740402
33.34227371,126.7742996
33.34542084,126.7734756
33.34595108,126.7742233
33.34622192,126.773613
33.34749985,126.7751312
33.34751511,126.7765579
33.34721756,126.7774429
33.34654999,126.777832
33.34661865,126.7787628
33.34635162,126.7793655
33.34659195,126.781189
33.34650421,126.7820969
33.34590149,126.7820587
33.34597015,126.7826385
33.34604645,126.783165
33.34603882,126.7847977
33.34695816,126.7834473
33.34770966,126.7834244
33.34703064,126.7837982
33.34673309,126.7849731
33.3457756,126.7867737
33.34429169,126.7944489
33.34502792,126.7942581
33.34548187,126.79422
33.34888077,126.7950058
33.34981537,126.7949066
33.35232925,126.7954941
33.35251617,126.7954483
33.35212326,126.7932587
33.35228729,126.7905502
33.35128784,126.7886581
33.35090637,126.7881622
33.35078812,126.7878647
33.34989166,126.7857361
33.34932327,126.7834549
33.34866333,126.7805862
33.34815979,126.7777252
33.34910965,126.7825317
33.34951019,126.7824478
33.34878159,126.7798996
33.35017776,126.7797852
33.35036087,126.7799683
33.35055923,126.7795258
33.34994507,126.7780762
33.3499527,126.7772522
33.35031891,126.777153
33.34846497,126.7795868
33.34843826,126.7792587
33.34874344,126.7763901
33.34974289,126.7761993
33.35033798,126.7746124
33.35063934,126.7754517
33.35133743,126.7752151
33.35174179,126.7743301
33.35149002,126.7739487
33.35121918,126.7735748
33.35219193,126.7749405
33.35322571,126.7745667
33.35338211,126.7741089
33.35394669,126.7736435
33.35363388,126.7728348
33.35343933,126.7723999
33.35324097,126.7719574
33.35427094,126.7735748
33.35470963,126.7736282
33.35473251,126.7743607
33.35469818,126.774826
33.35476303,126.7752075
33.3552742,126.7735291
33.35598755,126.7734833
33.35586548,126.7730331
33.35709381,126.77211
33.35521317,126.7725372
33.354702,126.7721252
33.35411453,126.7718201
33.35367203,126.7719498
33.35390854,126.771843
33.35632324,126.7733841
33.35655975,126.7740173
33.3561554,126.7743073
33.3563652,126.7748718
33.35668182,126.7758484
33.35532379,126.7757492
33.35572815,126.7760391
33.35625076,126.7763138
33.35611725,126.7767715
33.35682297,126.7763748
33.35748672,126.7761307
33.35751724,126.776413
33.35724258,126.7731171
33.35795593,126.7730408
33.35823059,126.7728424
33.35884476,126.7724762
33.35917282,126.7734375
33.35934067,126.7739105
33.35954666,126.7743835
33.36001968,126.7737961
33.36026382,126.7741928
33.36041641,126.7749634
33.36062622,126.7760773
33.35951996,126.7719727
33.36049271,126.7704926
33.36078262,126.7712021
33.36112976,126.7715149
33.36097717,126.7724152
33.36064529,126.7731476
33.36009979,126.7733841
33.36130905,126.7701645
33.36179352,126.7697678
33.36169434,126.7684555
33.36156845,126.7669373
33.36232376,126.7679901
33.36140823,126.7735519
33.37059021,126.7831802
33.37130737,126.7841568
33.37182999,126.7841949
33.37046051,126.7930298
33.36582565,126.7966156
33.36112976,126.7966385
33.35644913,126.7968063
33.3542366,126.7963562
33.35282898,126.7960968
33.34391022,126.7884598
33.36233139,126.7648926
33.36421204,126.7631226
33.36325073,126.7557526
33.36021042,126.7590332
33.3584671,126.7595215
33.35818863,126.7595291
33.35894012,126.7597275
33.35903931,126.7603302
33.3614502,126.7517319
33.36037445,126.752533
33.35983658,126.7530441
33.35977173,126.7533722
33.35943604,126.7539063
33.35874557,126.7536469
33.35855103,126.7525558
33.35809326,126.7539139
33.35876846,126.7548523
33.35848999,126.7558594
33.35773468,126.7567749
33.36031723,126.7542877
33.35959244,126.7387161
33.35064697,126.7535553
33.34999084,126.756752
33.35260391,126.7533798
33.35438538,126.7549896
33.3571701,126.7576447
33.35731125,126.7584457
33.35770416,126.7596664
33.35705185,126.7601929
33.35562515,126.7610016
33.35273743,126.7600098
33.3519249,126.7609406
33.35360336,126.7606888
33.35449982,126.7615433
33.35792542,126.7607117
33.35780334,126.7610931
33.35836029,126.7615814
33.35903549,126.7629471
33.36007309,126.762886
33.36006165,126.7641678
33.36138535,126.765976
33.36045456,126.7669067
33.36003494,126.7671432
33.35906219,126.7677765
33.35808182,126.7682877
33.35547256,126.7688675
33.35552979,126.7684631
33.35689163,126.7668762
33.356987,126.7660599
33.35522079,126.7691269
33.3547821,126.7696533
33.35428619,126.7699661
33.35342407,126.7703018
33.35283279,126.7711182
33.35279083,126.7709579
33.35247803,126.7702713
33.35224533,126.7696533
33.3519249,126.7687912
33.35186768,126.7681351
33.35176468,126.7674255
33.35179901,126.7665329
33.3517189,126.7659073
33.35181046,126.7654037
33.35238647,126.7655945
33.35264206,126.7661057
33.35152054,126.7652054
33.35070038,126.7648697
33.35039139,126.7641068
33.34971619,126.7645798
33.34896469,126.7650833
33.34747314,126.7651901
33.34677124,126.7647095
33.34565735,126.7635422
33.34512711,126.7636795
33.34488678,126.7637634
33.34477997,126.7642746
33.34479141,126.7632751
33.34434891,126.76297
33.34361649,126.7631683
33.34508514,126.7626801
33.34535599,126.7626038
33.35073853,126.7637482
33.35099792,126.7635269
33.35123825,126.7633514
33.35152435,126.7642212
33.35182953,126.7647095
33.35107422,126.7612686
33.35035324,126.7613297
33.35217285,126.7628632
33.35266876,126.7626648
33.35298157,126.7624512
33.35342026,126.7621155
33.35381317,126.7618103
33.35766983,126.7638321
33.36040497,126.7657547
33.35840988,126.7688065
33.35847855,126.7693176
33.35687256,126.7690735
33.35684586,126.7694702
33.35681534,126.7702942
33.35514832,126.7684937
33.35465622,126.7711639
33.35254288,126.7714996
33.3518486,126.7722321
33.35185623,126.7728119
33.35105896,126.7733459
33.35072327,126.7735138
33.3501091,126.7738647
33.34988403,126.774147
33.34958267,126.7742462
33.34912109,126.7739258
33.35211182,126.7718582
33.34652328,126.7806396
33.35329056,126.7714005
33.35357666,126.771347
33.35364151,126.7715302
33.35392761,126.7715759
33.34917831,126.7575531
33.37754059,126.7466583
33.38409805,126.736557
33.38391876,126.7362671
33.38367081,126.7359467
33.38341141,126.7355499
33.38314438,126.7351227
33.38289261,126.7347412
33.39305878,126.7242966
33.35992432,126.7713394
33.34684372,126.7829742
33.34389877,126.7900162
33.35165787,126.7750931
33.358078,126.7734756
33.35826492,126.774437
33.35911942,126.7846527
33.35795975,126.7852478
33.35456467,126.7561493
33.35289764,126.7690887
33.35095596,126.7712631
33.36092758,126.7616577
33.38441467,126.7370224
33.35120392,126.7618179
33.35140991,126.7627487
33.36092377,126.7667236
33.36159515,126.7691956
33.35896301,126.754631
33.35783386,126.7726822
33.35016251,126.7790146
33.34849167,126.7831039
33.36079025,126.7660294
33.34897995,126.7811813
33.36212921,126.7672653
33.34680939,126.7834473
33.35242081,126.7909393
33.35973358,126.7740402
33.3614494,126.7665705
33.36198495,126.7572791
33.35702536,126.7687379
33.35358709,126.7599802
33.35517314,126.7584046
33.35602283,126.7583566
33.37869066,126.7464753
33.37896062,126.7473235
33.34772597,126.7765886
33.34752463,126.7761863
33.34753515,126.7757673
33.35251459,126.7887514
33.35408844,126.7569948
33.4115715,126.7667007
33.41120529,126.7673035
33.41102982,126.7676849
33.41083527,126.7681122
33.41213989,126.7703629
33.41213608,126.7710037
33.41246414,126.7704773
33.41267395,126.7703247
33.41310883,126.7703552
33.41369629,126.7707214
33.41275787,126.7713928
33.41291809,126.7718582
33.41307831,126.7723618
33.41324234,126.7727737
33.41270065,126.7726288
33.41295242,126.7731628
33.41239166,126.7739334
33.41190338,126.7740326
33.41153336,126.7741013
33.4111557,126.7744522
33.41102219,126.7746887
33.4108963,126.7756424
33.41048431,126.7755356
33.40907288,126.7764435
33.41081238,126.7760391
33.41077423,126.7769623
33.41155243,126.7770615
33.41372681,126.7728119
33.41363525,126.7731934
33.41371536,126.7737961
33.41315079,126.7740021
33.41374969,126.7742996
33.41394806,126.7743454
33.4143219,126.7727814
33.41466904,126.7727203
33.41505814,126.7729492
33.41342545,126.7719421
33.41308975,126.7716599
33.41285706,126.7708054
33.41415405,126.7715912
33.41371918,126.7713776
33.41470337,126.771492
33.4156189,126.7719955
33.4158287,126.7721329
33.42002106,126.7814789
33.42020035,126.7816544
33.42045212,126.7820816
33.42040253,126.782753
33.42095184,126.7825317
33.42106247,126.7826004
33.42038727,126.7831268
33.41986465,126.7823944
33.42127609,126.7830353
33.40644455,126.7768021
33.40586853,126.7777786
33.40556717,126.7789307
33.39847565,126.7874985
33.39818954,126.7876129
33.39720535,126.787796
33.39685059,126.7880402
33.39633179,126.7882462
33.39596558,126.7880096
33.39554214,126.787674
33.3960762,126.7888031
33.40322113,126.7824173
33.40353012,126.7829666
33.40365601,126.7834244
33.40378571,126.7838593
33.40367508,126.7848129
33.4036293,126.7857895
33.40391159,126.7859268
33.40415955,126.7859268
33.38887405,126.7889252
33.38913345,126.788208
33.38952255,126.7872238
33.38932037,126.7869568
33.38883591,126.787056
33.38990784,126.7862549
33.38948059,126.7858353
33.38875961,126.7855148
33.38980103,126.7852325
33.38872147,126.7848511
33.38634491,126.7894211
33.37592316,126.7873459
33.37557983,126.7869339
33.38362885,126.775856
33.37154007,126.7917786
33.37203979,126.7920151
33.37418365,126.7913818
33.37483978,126.7908173
33.3789978,126.7978592
33.37752533,126.79702
33.37571716,126.7954178
33.37635422,126.8023224
33.3751297,126.8032379
33.37397003,126.802948
33.37322617,126.801506
33.37207794,126.8007507
33.37112808,126.7999268
33.37015152,126.7981644
33.37550735,126.8046036
33.37600708,126.8047409
33.37637711,126.8043137
33.37853241,126.8019562
33.37885666,126.8018494
33.37916565,126.8016586
33.37954712,126.8015671
33.37984848,126.8014908
33.38020706,126.8013229
33.38051987,126.8011398
33.38083267,126.8009338
33.38109589,126.800705
33.38147736,126.8003769
33.38182831,126.8003159
33.38225555,126.8000412
33.38177872,126.8000107
33.38141632,126.7993317
33.38074493,126.7989197
33.38043213,126.7986145
33.37972641,126.7987289
33.3794632,126.7987595
33.38260269,126.8000183
33.38299561,126.8001862
33.38338852,126.8003998
33.38372421,126.8005676
33.38441086,126.8009567
33.38419724,126.8012848
33.38415909,126.8028946
33.38456345,126.8033905
33.38529968,126.8014145
33.38787079,126.8050995
33.38834381,126.8057098
33.39097977,126.8042755
33.38878632,126.8047791
33.38920975,126.8039703
33.38962173,126.8032455
33.38990402,126.8026657
33.39016724,126.802124
33.39038467,126.8025894
33.39027405,126.8028793
33.39055252,126.8028793
33.3904686,126.8022156
33.39074707,126.8020325
33.39105988,126.802002
33.39029694,126.8013992
33.39556503,126.8012314
33.39847565,126.7964096
33.39567566,126.8014832
33.39617538,126.8016968
33.39665985,126.802124
33.39694214,126.8023682
33.39738083,126.8027344
33.39776611,126.8030701
33.39750671,126.8041306
33.39728165,126.8044434
33.3971405,126.8048401
33.39705276,126.8052902
33.39753723,126.8053207
33.39761734,126.8050232
33.39765167,126.8047791
33.39777374,126.8040466
33.39779282,126.8038025
33.397892,126.8034897
33.39810562,126.8034286
33.39880371,126.8031616
33.3993988,126.8029022
33.39948273,126.8023834
33.39975739,126.8019028
33.40003586,126.8013382
33.39954376,126.8061295
33.39981461,126.8065796
33.3997612,126.8072586
33.39956665,126.8073273
33.39923859,126.8073578
33.39561081,126.8088303
33.39684296,126.8079529
33.4003334,126.8074036
33.4032135,126.8130493
33.40348816,126.8133698
33.39494705,126.8009949
33.39462662,126.8008728
33.39425659,126.8008499
33.39382553,126.8008804
33.39365768,126.8009949
33.39371109,126.8013535
33.39334488,126.8020706
33.39329529,126.8009491
33.39203644,126.8003769
33.39209366,126.8007736
33.39221954,126.7998886
33.3926239,126.7999039
33.39297867,126.7999191
33.39365387,126.7998581
33.39242935,126.7994232
33.39262009,126.7990265
33.39297104,126.7982559
33.3931427,126.7979279
33.39319992,126.7974472
33.39346313,126.7970047
33.3940773,126.79702
33.39388275,126.7960587
33.39405823,126.7956696
33.39425659,126.7952347
33.39412689,126.7951508
33.39427948,126.7946548
33.39439392,126.7941284
33.39449692,126.7937241
33.39454269,126.7932205
33.39449692,126.7926865
33.39446259,126.7921982
33.3944397,126.791748
33.39458084,126.7917633
33.39466095,126.7914581
33.39479065,126.7911224
33.39507675,126.7907715
33.39532471,126.7904739
33.39559174,126.7902603
33.39587402,126.7901535
33.39625168,126.7901993
33.39675522,126.7902527
33.39714813,126.7902908
33.39732361,126.7902908
33.39303207,126.7969589
33.39269257,126.797226
33.39200211,126.7974701
33.39156342,126.7976608
33.39152908,126.7975082
33.3911705,126.7978058
33.39026642,126.7981339
33.38985825,126.7982941
33.39041901,126.7972488
33.39052582,126.7964859
33.38937759,126.7933502
33.3899498,126.7929459
33.39056778,126.7926178
33.39126587,126.7926941
33.39135361,126.7931519
33.39175415,126.7931519
33.39202499,126.7930222
33.38975906,126.7980576
33.38945007,126.7971649
33.38925552,126.7966309
33.3896637,126.7966309
33.38907242,126.7960892
33.38835907,126.7955551
33.38838959,126.7957611
33.38793182,126.7953644
33.38766479,126.7952499
33.38723755,126.7950668
33.38729477,126.7949829
33.38698196,126.79496
33.38660431,126.7947922
33.38699341,126.7938461
33.38619614,126.7946091
33.38576126,126.7944183
33.38523865,126.7943802
33.38498306,126.794075
33.38521957,126.7927933
33.38511658,126.7924118
33.38505554,126.7914963
33.38519287,126.7911606
33.38480759,126.7941895
33.38454437,126.7938766
33.38383102,126.7935944
33.38318253,126.793251
33.38173676,126.7932205
33.38169098,126.7948151
33.38256454,126.7959824
33.3825264,126.7931061
33.38274765,126.7932434
33.38303757,126.7933807
33.38332748,126.7935181
33.38363647,126.7938232
33.3838501,126.7941971
33.38427734,126.7951355
33.3844223,126.7960892
33.38454819,126.7965012
33.38433838,126.7966385
33.38394547,126.7973175
33.38420868,126.7976303
33.38442993,126.7989807
33.38529587,126.7978439
33.38500214,126.79673
33.38611221,126.7988663
33.3848877,126.7993317
33.38399506,126.7994995
33.38299179,126.7996826
33.38310623,126.7998199
33.38360596,126.7997284
33.38449478,126.7995682
33.38538742,126.7993698
33.3867569,126.7986832
33.38698578,126.7990799
33.38746643,126.7989578
33.38788605,126.7988663
33.38828659,126.79879
33.38863373,126.7986984
33.38901138,126.7985916
33.38955688,126.7991562
33.38900757,126.7980652
33.38895798,126.7977448
33.38890076,126.7973099
33.38879013,126.7969513
33.38941193,126.7984314
33.38991165,126.7994156
33.3900032,126.7999344
33.38988876,126.7999496
33.39012146,126.8004303
33.39060593,126.8005447
33.39135361,126.8005524
33.39152145,126.799942
33.39043427,126.8009415
33.39088058,126.8009033
33.39139557,126.8008499
33.39175797,126.8008423
33.38993835,126.8010025
33.38952637,126.8010406
33.38906479,126.8010635
33.3894043,126.8017426
33.38948441,126.8021469
33.38902283,126.8022003
33.38864899,126.8011246
33.38848495,126.8006744
33.38873291,126.8030396
33.3880806,126.8033295
33.38772964,126.8034058
33.38772964,126.8041229
33.39025116,126.8009644
33.38901085,126.8044304
33.39097997,126.8038482
33.39627314,126.8000339
33.39677839,126.7988531
33.39727969,126.7980216
33.39783285,126.7972007
33.39888987,126.7957498
33.39755609,126.8031066
33.39925523,126.8057081
33.39898502,126.8051631
33.39865023,126.8044074
33.39643505,126.8019039
33.40069459,126.807977
33.40088884,126.8082386
33.40108997,126.8085727
33.40191002,126.8083009
33.39527492,126.8080897
33.39034348,126.7977044
33.39039215,126.7957656
33.38963778,126.7975932
33.38625748,126.7953145
33.384992,126.7906826
33.38335581,126.7962509
33.38208802,126.7956306
33.39158806,126.7993084
33.39234226,126.7973612
33.39037379,126.799717
33.39594517,126.801432
33.40123846,126.8069372
33.40131314,126.8056874
33.40979129,126.7778973
33.38471988,126.7910487
33.41048323,126.777874
33.41451895,126.772206
33.41415789,126.7719785
33.39308958,126.8023199
33.33506775,126.7807083
33.33444214,126.7843246
33.3352356,126.7846146
33.3355751,126.7853546
33.33491516,126.7863693
33.33376694,126.7874832
33.33383942,126.7869644
33.33359146,126.7879715
33.33301544,126.7889786
33.33272552,126.7889023
33.33229828,126.7888718
33.33182144,126.7888184
33.33132935,126.7887726
33.33097839,126.7887344
33.33065796,126.788681
33.33033371,126.7885513
33.33008957,126.7883759
33.3298111,126.7880554
33.32954788,126.7877731
33.32925797,126.7875443
33.32993698,126.787468
33.33029175,126.7874908
33.33051682,126.787117
33.32867813,126.7874069
33.32810974,126.7875595
33.32760239,126.7876968
33.32731247,126.787735
33.326931,126.7877808
33.32663727,126.7878265
33.32631302,126.7878418
33.32584381,126.7879257
33.32261658,126.7893524
33.32236481,126.7894974
33.32272339,126.7901993
33.32289505,126.7910538
33.32299805,126.7915421
33.32295609,126.7920151
33.32292175,126.7923431
33.32265091,126.7926102
33.32263565,126.7917252
33.32204437,126.7915726
33.32188416,126.791275
33.32145691,126.7921982
33.32071686,126.7922211
33.31986237,126.7924194
33.31919098,126.7923508
33.32144165,126.7910614
33.32125092,126.7908173
33.32116318,126.7903519
33.32075119,126.7904739
33.32038498,126.7903137
33.32006836,126.7900009
33.31864929,126.7900772
33.31823349,126.7901001
33.31799698,126.790741
33.3181076,126.7912827
33.31777191,126.7920074
33.31829834,126.7922668
33.31752777,126.7924957
33.31751633,126.7929535
33.31747818,126.793396
33.31758881,126.7941132
33.31755829,126.7902145
33.31732559,126.7902451
33.31713486,126.7903519
33.31679153,126.7908478
33.31661224,126.7910767
33.31608582,126.7915878
33.31560516,126.7919998
33.31484222,126.7926407
33.31424332,126.7930984
33.31418991,126.7929001
33.31361008,126.7930832
33.30932617,126.793045
33.30876541,126.793045
33.31397247,126.7933731
33.31363297,126.7937927
33.31336594,126.7940674
33.31263733,126.7945404
33.31206894,126.7952652
33.31121063,126.7960587
33.31113815,126.7957535
33.31097412,126.7963409
33.31184387,126.7960358
33.3127327,126.7954712
33.31365967,126.7950363
33.31001282,126.7973633
33.30950928,126.797554
33.30880737,126.7977829
33.30818939,126.7981339
33.30762482,126.7987061
33.30716324,126.799263
33.30678177,126.7996445
33.30679703,126.7983704
33.30713272,126.7983627
33.30679321,126.7979431
33.30705261,126.7971497
33.30688477,126.7956161
33.30690384,126.7952194
33.3069191,126.7947617
33.3069191,126.7944794
33.30694199,126.7937851
33.30667114,126.7936859
33.30665207,126.7942047
33.30661774,126.7950592
33.30661011,126.7954178
33.30662537,126.7957153
33.30661774,126.7960739
33.30659866,126.7967987
33.3065567,126.7980347
33.30619049,126.7980194
33.30615997,126.7973633
33.30573654,126.7980042
33.3054924,126.7978439
33.30511856,126.7982559
33.30452347,126.7982178
33.30341339,126.7983322
33.3033905,126.7974243
33.30651855,126.7988815
33.30617523,126.7989807
33.30649948,126.799202
33.30644989,126.8001175
33.30565643,126.8003235
33.3053093,126.8002777
33.30465317,126.8006287
33.30416107,126.8006439
33.30644989,126.8013458
33.30539322,126.8003769
33.30552292,126.8006897
33.30564499,126.8010178
33.30578613,126.8014069
33.30649948,126.802002
33.30649948,126.8023682
33.30657959,126.803009
33.30643463,126.8030701
33.30621719,126.8028641
33.30586624,126.8026505
33.30513763,126.8029251
33.30475235,126.8033905
33.30447388,126.8032074
33.30408096,126.8030472
33.30495071,126.8038406
33.30662918,126.8033676
33.30672073,126.8044434
33.30674744,126.8048019
33.30629349,126.8050232
33.30594254,126.8051987
33.30555344,126.8050079
33.3052063,126.8047104
33.30685425,126.8062744
33.30664063,126.8062057
33.30644608,126.80616
33.30617142,126.8065491
33.30601883,126.8060989
33.30591583,126.8059692
33.30538559,126.8064651
33.30501556,126.8065491
33.30513382,126.8069458
33.30534363,126.8078232
33.30458832,126.8065338
33.30423355,126.8062973
33.30415344,126.805748
33.30389786,126.8058472
33.30410004,126.8063126
33.30371857,126.8063736
33.30355072,126.8064804
33.30313492,126.8070068
33.30296707,126.8074036
33.3031311,126.8081665
33.30368042,126.8091888
33.304245,126.8101654
33.30450821,126.8105774
33.30485916,126.8108139
33.30518341,126.8110046
33.30563736,126.8107681
33.30710983,126.8076553
33.30724716,126.8079529
33.30674744,126.8080368
33.30646133,126.8081589
33.30633163,126.8077927
33.30613327,126.808609
33.30547333,126.8087769
33.30532837,126.8086395
33.30755615,126.8086853
33.30776215,126.8097687
33.30731964,126.8099594
33.30920792,126.8088531
33.31100464,126.8080292
33.31150818,126.8073502
33.30821991,126.8080978
33.30760574,126.8078918
33.3074379,126.8075562
33.30735397,126.8071899
33.30727768,126.8068542
33.30705261,126.8053284
33.30698013,126.8045959
33.30761337,126.8043594
33.30693817,126.8042755
33.30690384,126.8037033
33.30681229,126.8028564
33.30719757,126.8038712
33.3072319,126.8027954
33.30712509,126.8022156
33.30755997,126.8026886
33.30789185,126.8026505
33.3082428,126.8027496
33.30836105,126.8033829
33.30832672,126.8040085
33.30863953,126.8040009
33.30890656,126.8040543
33.3091774,126.8040466
33.30858994,126.803299
33.30900574,126.8031387
33.30940247,126.802742
33.31278992,126.8018265
33.30870819,126.8008652
33.30805588,126.8006821
33.30768967,126.800499
33.30787659,126.8002167
33.30804825,126.7997589
33.30821609,126.7996063
33.30714035,126.8006973
33.30687714,126.8007889
33.30690002,126.8011398
33.30672455,126.800766
33.30671692,126.8011627
33.30675125,126.800087
33.32313156,126.7920761
33.32414627,126.7924957
33.32646942,126.7929535
33.32398987,126.7928848
33.32452011,126.7940292
33.32482529,126.7946014
33.32482147,126.7949219
33.32030869,126.795517
33.3197403,126.795517
33.31744003,126.7948227
33.31664658,126.7948456
33.31581497,126.7948456
33.31506348,126.79496
33.32500458,126.7949524
33.32525253,126.7950287
33.32578659,126.7950974
33.32653427,126.7954941
33.3272438,126.7960052
33.32839584,126.7955627
33.32827377,126.7951965
33.32816315,126.7947998
33.32836151,126.794342
33.32838058,126.7931671
33.3274498,126.792511
33.32917786,126.7946243
33.32966995,126.7937546
33.32960892,126.7933884
33.33034515,126.7933578
33.33072662,126.7927933
33.33118057,126.7922897
33.33300018,126.7896805
33.33302307,126.7899933
33.33306503,126.7903366
33.33286667,126.7909546
33.33298111,126.7914658
33.33310699,126.7921143
33.33336258,126.792984
33.33329773,126.7936554
33.33315277,126.7945709
33.33280182,126.7944794
33.33325195,126.795105
33.33312988,126.7956696
33.33350372,126.7954407
33.33410263,126.7958603
33.3348465,126.7955856
33.33589935,126.7952118
33.33615494,126.7953033
33.33637238,126.7958069
33.33680725,126.7953262
33.3376236,126.7955322
33.33797455,126.7954407
33.33893585,126.7952652
33.3364296,126.7926712
33.3356781,126.7924042
33.33530426,126.7923889
33.33993912,126.7953796
33.34101868,126.7954102
33.34142303,126.795372
33.34196472,126.7939453
33.34225082,126.7927246
33.34187317,126.7919083
33.34111404,126.7926331
33.33807373,126.7901306
33.33847809,126.7888947
33.33943558,126.7890091
33.34259415,126.7927322
33.34380341,126.7912216
33.34375381,126.7908401
33.34379578,126.789917
33.34346771,126.7889709
33.34344482,126.788353
33.34292984,126.7882767
33.34222031,126.7880096
33.34076309,126.7882843
33.34343338,126.7947083
33.34512329,126.7955551
33.34628296,126.7980576
33.34067154,126.7980652
33.34260559,126.797699
33.34365082,126.7984314
33.34450912,126.7985687
33.34514236,126.7988815
33.34621048,126.7989731
33.34012985,126.7982788
33.33955002,126.7977982
33.33922958,126.7975311
33.34014511,126.7976303
33.33994675,126.7993851
33.33955765,126.7993622
33.33886337,126.7984772
33.33971786,126.801712
33.33970642,126.8029327
33.33845901,126.8021317
33.3395462,126.8044205
33.33962631,126.8049469
33.34017944,126.8051071
33.34060669,126.8051147
33.34117889,126.8051376
33.34167099,126.8049469
33.34271622,126.8049698
33.34378433,126.8049316
33.34505081,126.8051453
33.33914566,126.8049469
33.33878326,126.805542
33.33824158,126.8063507
33.33761215,126.8074112
33.33828735,126.8078079
33.33737564,126.8036346
33.33708954,126.8028946
33.33635712,126.8025208
33.33582306,126.8020554
33.33511734,126.8016052
33.335289,126.8027267
33.33438492,126.8010483
33.33344269,126.8006439
33.3331871,126.8004684
33.33345413,126.8003082
33.33375931,126.8001251
33.33443832,126.8001022
33.33512115,126.7997818
33.33553696,126.7995758
33.33257675,126.8005371
33.33213806,126.8005981
33.33195114,126.8013992
33.33249283,126.801445
33.33255768,126.8022156
33.33267212,126.8028107
33.33282471,126.8034286
33.33314896,126.8039627
33.33382034,126.8042755
33.33419037,126.8049011
33.33423233,126.8053741
33.3343544,126.8057022
33.33474731,126.8061218
33.33556747,126.8058319
33.33559036,126.8054123
33.33624649,126.80616
33.33280182,126.8043823
33.33271408,126.8050766
33.33218384,126.8048935
33.33206177,126.8050461
33.33142853,126.8051147
33.33031464,126.8055115
33.32988358,126.8047638
33.32955933,126.8042297
33.33272552,126.8058243
33.33253479,126.8064575
33.33247757,126.8074646
33.33139038,126.8009491
33.33092117,126.8008881
33.32999039,126.8015442
33.33207703,126.7999039
33.33197403,126.7994537
33.33179474,126.7989883
33.33174133,126.7986603
33.3316803,126.7979355
33.33192062,126.7981796
33.33189392,126.7978973
33.33166885,126.7975235
33.33153534,126.7972336
33.33190155,126.7968903
33.33221054,126.7965317
33.33275986,126.7968369
33.33240509,126.7961884
33.33253479,126.795784
33.33263779,126.7953262
33.33427811,126.7969437
33.33443069,126.7971649
33.33491516,126.7973099
33.33537674,126.7974014
33.33568954,126.7977905
33.33618546,126.7984772
33.3368454,126.798584
33.33738708,126.7992249
33.33752441,126.7989578
33.33804321,126.7984314
33.33687592,126.7995529
33.33150864,126.7982101
33.3311615,126.7984695
33.33089828,126.7980728
33.33055878,126.7978134
33.33008194,126.7977982
33.32994843,126.7980652
33.32991791,126.7985687
33.33013535,126.798996
33.33036423,126.7997208
33.33056259,126.8001099
33.30866241,126.8093643
33.32981491,126.7978668
33.3299942,126.7972946
33.33035278,126.7969284
33.32963562,126.7967987
33.32990646,126.7964478
33.3295784,126.7955246
33.33046722,126.7947922
33.33115768,126.7940979
33.33127975,126.7946396
33.331707,126.7946091
33.33207703,126.794487
33.33237457,126.7950211
33.32930756,126.7957458
33.32866287,126.7961273
33.32922745,126.798027
33.32867813,126.7980881
33.32816696,126.7980881
33.32743454,126.798172
33.3288269,126.7984467
33.32855606,126.7989349
33.32875824,126.7995758
33.32932281,126.7995758
33.32855606,126.8001709
33.32813263,126.8002777
33.32786942,126.8008804
33.32783508,126.8011398
33.32777405,126.80159
33.32754135,126.8024368
33.3274498,126.8043213
33.32788467,126.8070831
33.32686996,126.802002
33.32667542,126.8017273
33.3262291,126.8015213
33.32575226,126.8013535
33.32565689,126.803627
33.32581329,126.8006744
33.32611465,126.8000259
33.32613754,126.7992935
33.32515717,126.7996063
33.32466507,126.7997131
33.32806396,126.7996368
33.32756805,126.7998581
33.32701111,126.7998657
33.32750702,126.7976456
33.32695389,126.7967148
33.32647324,126.7973099
33.32617569,126.7973557
33.32638931,126.7976227
33.32597351,126.7977142
33.32551575,126.797821
33.32477951,126.7982483
33.32411194,126.7985611
33.32408905,126.7990875
33.32317352,126.801918
33.32227707,126.8030167
33.32257462,126.8039551
33.3237648,126.7985764
33.32194519,126.7981567
33.32209778,126.799614
33.32199478,126.8000412
33.32059479,126.800766
33.31985092,126.8010483
33.31822586,126.8011398
33.31744766,126.8012314
33.31710815,126.801651
33.31646729,126.8014679
33.316082,126.801239
33.31566238,126.8009491
33.31615067,126.8024597
33.31663895,126.8029709
33.3155098,126.8025436
33.31482315,126.8030396
33.31406403,126.8034058
33.31329727,126.8036957
33.31319046,126.8027649
33.31292725,126.8022308
33.31328583,126.8020935
33.31354904,126.8016663
33.31397247,126.8015213
33.31437302,126.8013916
33.31474304,126.8009872
33.31491089,126.7991028
33.31520844,126.7981033
33.31551361,126.7975006
33.31501389,126.797493
33.3125267,126.8037033
33.31218719,126.8037949
33.31175613,126.8039627
33.31126785,126.8043213
33.31054306,126.8042831
33.30972672,126.8044434
33.30913162,126.8050156
33.30885315,126.8058319
33.30849457,126.8064804
33.30840302,126.8068695
33.30806351,126.8070145
33.30789566,126.8072815
33.31833649,126.8006363
33.32472992,126.795929
33.3461113,126.79702
33.31129837,126.8076477
33.33192702,126.8016848
33.30666733,126.7935181
33.3068161,126.7874832
33.3069191,126.7865601
33.30702591,126.7859879
33.30678177,126.7863998
33.30645752,126.7867126
33.30619812,126.7871704
33.30592346,126.78759
33.30502319,126.7875137
33.30487823,126.7878647
33.30487061,126.7881241
33.3047905,126.7886505
33.30467606,126.7890244
33.30451202,126.7893219
33.30423355,126.7895966
33.30400085,126.7898102
33.30718231,126.7847672
33.30718994,126.7834396
33.30648422,126.7831802
33.30638123,126.7838821
33.30632019,126.7842331
33.30631256,126.7847061
33.30617905,126.7849197
33.30719757,126.782074
33.30695724,126.7819138
33.3072319,126.7815018
33.30726242,126.7803268
33.30727386,126.7786331
33.30725479,126.7778473
33.30722427,126.7773666
33.30720139,126.7769699
33.30712128,126.7765579
33.30710983,126.7773056
33.30725861,126.7765045
33.30738068,126.7769089
33.30739594,126.7770157
33.30750656,126.7767487
33.30786896,126.7758255
33.30810165,126.7762299
33.30809402,126.7767563
33.30770111,126.7767181
33.30806351,126.777359
33.30821991,126.7775726
33.30848312,126.7767792
33.30905914,126.7763138
33.30942917,126.7768021
33.30885696,126.7752609
33.3093071,126.7747955
33.30818558,126.7754211
33.30738831,126.7761612
33.30750656,126.7770233
33.30750275,126.7772446
33.3074913,126.7775116
33.30752182,126.7777481
33.30764008,126.7786407
33.30820084,126.7785339
33.30756378,126.7795868
33.30756378,126.7803421
33.30755615,126.7814026
33.30756378,126.7821579
33.30752945,126.7824707
33.30748749,126.7842102
33.3074646,126.7849197
33.30742645,126.7853012
33.30741119,126.7859955
33.30741501,126.7863541
33.30734634,126.7871399
33.30726624,126.7907486
33.30704117,126.7934341
33.30784988,126.7932281
33.3082428,126.7932281
33.30826569,126.7823334
33.30857086,126.7823868
33.30875015,126.7819748
33.30887604,126.781395
33.30835724,126.7813339
33.30787277,126.7813263
33.30897522,126.7807617
33.30909729,126.7827301
33.30921936,126.7829437
33.30943298,126.7831955
33.3091507,126.7831955
33.3092041,126.7836456
33.30934525,126.7840195
33.30970001,126.7847595
33.30992508,126.7853851
33.310215,126.7861023
33.31077194,126.7868805
33.31087875,126.7872009
33.31071472,126.7884369
33.31049347,126.7890854
33.31145096,126.7874298
33.31209183,126.7876587
33.31282425,126.7879639
33.3131752,126.7881393
33.31373596,126.7880783
33.3141098,126.7880478
33.31445313,126.7880478
33.31504822,126.788269
33.31549454,126.7884521
33.31591034,126.7886353
33.31629562,126.7888794
33.31679153,126.7887878
33.31713486,126.7886963
33.31653976,126.7891617
33.31687927,126.7896805
33.31707001,126.7900467
33.31887817,126.7899094
33.3191452,126.7898865
33.31973267,126.7898483
33.32032013,126.7896957
33.3202858,126.7892914
33.32022858,126.7889862
33.32002258,126.7885666
33.31994247,126.7873917
33.32053375,126.7895584
33.32056427,126.7887497
33.32112885,126.78936
33.3229332,126.7890549
33.32379532,126.788887
33.32440948,126.788475
33.32476425,126.7883453
33.32507706,126.7882614
33.32542038,126.7868423
33.32502747,126.7869186
33.32448196,126.7866974
33.32378387,126.7859192
33.32297516,126.7853165
33.32268143,126.7852707
33.3215332,126.7839355
33.31911469,126.7823944
33.31814575,126.7820206
33.31763458,126.7814941
33.31756973,126.7805023
33.31712341,126.7801971
33.31686401,126.7799149
33.31607056,126.7793274
33.31619644,126.7785873
33.31614304,126.7775421
33.31483459,126.7770996
33.3140831,126.7765427
33.31799698,126.7781296
33.318367,126.7786713
33.31929016,126.7787323
33.3200798,126.7787781
33.3227005,126.7796478
33.31532669,126.7802048
33.31461716,126.7790985
33.31375504,126.7791138
33.31293488,126.7795563
33.31255341,126.7801666
33.31173325,126.7809677
33.31113815,126.7811966
33.31031036,126.781311
33.31010818,126.7818756
33.3098793,126.7822876
33.31010056,126.7823486
33.31048965,126.7824783
33.31090546,126.7825928
33.31121063,126.7830734
33.31159973,126.7833862
33.31196594,126.7836685
33.31222916,126.7839203
33.31212234,126.7842941
33.3131752,126.7843704
33.3094368,126.7825241
33.31282043,126.7788391
33.31266785,126.7783432
33.31219101,126.7781906
33.31157303,126.7778702
33.31095123,126.7778625
33.31093597,126.7773743
33.3099556,126.7769165
33.30817413,126.7800217
33.30847931,126.7798309
33.30866623,126.7798691
33.30878067,126.7798386
33.30882645,126.7798996
33.30905151,126.7799225
33.30866241,126.7794647
33.30840683,126.7791595
33.3087616,126.7789917
33.308918,126.7784882
33.30923843,126.7781677
33.30936813,126.777626
33.30975723,126.778183
33.31047058,126.7766647
33.31074142,126.7757568
33.31060791,126.7754135
33.31093597,126.7767487
33.31177139,126.776535
33.31251526,126.776268
33.31328964,126.7760315
33.3141098,126.7756577
33.31442261,126.7754517
33.31468964,126.7754211
33.31549072,126.7750626
33.31585693,126.7749329
33.3164978,126.7747726
33.31727219,126.7746277
33.31785583,126.7740402
33.31828308,126.7736893
33.31867599,126.7735214
33.31898499,126.7728882
33.319767,126.7723999
33.32004929,126.772049
33.32032013,126.7717209
33.32090378,126.7711639
33.32115936,126.7707901
33.32102585,126.7703476
33.32095337,126.7692795
33.32000351,126.7666931
33.31581116,126.7682571
33.31933975,126.7633514
33.31959152,126.762558
33.32132339,126.7689285
33.32193375,126.7687149
33.32443619,126.7678299
33.32479858,126.7676926
33.32528305,126.7667847
33.32611465,126.7663574
33.32620621,126.7658844
33.32600784,126.7657852
33.32564545,126.7654037
33.32461929,126.765686
33.32447052,126.7659683
33.32140732,126.7655792
33.32457352,126.7650223
33.32466125,126.7615738
33.32412338,126.7611008
33.32616425,126.765564
33.32605743,126.7651672
33.32673264,126.7651901
33.32665253,126.7638702
33.32590485,126.7633362
33.32640839,126.7628403
33.32707214,126.7637329
33.32774353,126.7633667
33.32786179,126.7644196
33.32738113,126.7649231
33.32809448,126.761528
33.3271904,126.7613983
33.32597351,126.7612
33.32526398,126.7601318
33.32469559,126.7587662
33.32550049,126.7588425
33.32793808,126.7610855
33.32923889,126.7609406
33.32991409,126.7608643
33.33040237,126.7608414
33.33877945,126.7641525
33.32711792,126.7662506
33.32770157,126.7662201
33.32757187,126.7666473
33.32749939,126.7654572
33.32836533,126.7661819
33.32866287,126.7663574
33.32845306,126.767067
33.32886887,126.7659454
33.32913208,126.7655563
33.32933044,126.7648163
33.3296051,126.76577
33.33110809,126.7659912
33.3263588,126.7665024
33.32634354,126.7671585
33.3264122,126.7674637
33.32674408,126.7678223
33.32735825,126.7680664
33.32846451,126.7680969
33.3290596,126.7680664
33.32746506,126.7684555
33.32771301,126.7684555
33.32798386,126.7687454
33.3282814,126.7690735
33.32870102,126.7695236
33.32913971,126.7704926
33.32911301,126.7716675
33.32886124,126.7722321
33.32862091,126.7728348
33.32979584,126.7711182
33.33037186,126.7713242
33.33089828,126.7716675
33.33055115,126.7723999
33.33043671,126.7727127
33.33172989,126.7722778
33.33203125,126.7725449
33.33282471,126.7715378
33.33366013,126.7715912
33.33410263,126.7716293
33.33220673,126.7730026
33.33425903,126.7781143
33.33052063,126.7696533
33.33131409,126.7692261
33.33017349,126.7677994
33.3321991,126.769043
33.3326416,126.7689819
33.33282852,126.7683258
33.33257675,126.7676697
33.33244705,126.7668381
33.33314133,126.7691269
33.33309174,126.7701035
33.33315659,126.7708359
33.33354568,126.7687988
33.33432007,126.7686615
33.3348732,126.7686996
33.33530807,126.7684402
33.33555222,126.7680283
33.33494186,126.7666779
33.33444595,126.7665939
33.33353424,126.7664032
33.33325195,126.7650986
33.33238983,126.7644501
33.33726501,126.7655106
33.33630371,126.7685471
33.33678055,126.7684402
33.33781433,126.7687378
33.33854675,126.7689972
33.33942032,126.7692795
33.33984375,126.7694016
33.34064484,126.7698212
33.34127808,126.7704773
33.34065628,126.7715149
33.33707428,126.7773209
33.33635712,126.7778549
33.32546616,126.7882919
33.31999207,126.7880707
33.31809998,126.7881165
33.31477356,126.7881546
33.31041336,126.7863922
33.31090546,126.7829361
33.31199646,126.7805634
33.31173706,126.7780762
33.31412125,126.7791519
33.31526566,126.7792282
33.31629562,126.7795715
33.31982422,126.7836075
33.32081985,126.7832184
33.31433868,126.7727432
33.31542587,126.7707748
33.31728745,126.7703476
33.31905746,126.7680664
33.33471205,126.7746642
33.32067258,126.7867904
33.32051182,126.7876822
33.32836163,126.7610134
33.33597565,126.8408813
33.3358078,126.8405762
33.33454514,126.8384781
33.33432007,126.8374634
33.33398438,126.8357544
33.33382416,126.8347778
33.33366013,126.8339615
33.33345795,126.8329773
33.33329391,126.8321762
33.3331337,126.8314667
33.33329773,126.8306732
33.33437347,126.8289719
33.33459091,126.8288956
33.3360939,126.8285828
33.33655167,126.8284683
33.33694077,126.8283844
33.33726501,126.8283234
33.33793259,126.8282089
33.3385849,126.828064
33.3392868,126.828331
33.34026718,126.8271484
33.33908463,126.8274307
33.33873749,126.826889
33.34026337,126.8246613
33.33962631,126.8238525
33.3393364,126.8237839
33.33936691,126.8267746
33.33808899,126.827652
33.33736801,126.8278198
33.33707047,126.8279724
33.3367424,126.8280563
33.33532333,126.8282776
33.33444214,126.8285599
33.3327446,126.8271103
33.33291626,126.8269196
33.33263397,126.8268738
33.33251572,126.8264694
33.3323555,126.825882
33.33224869,126.8255539
33.33213425,126.825264
33.33199692,126.8248367
33.33155823,126.8240585
33.33126068,126.8237381
33.33163071,126.8235626
33.33200455,126.823204
33.3321991,126.8229523
33.33240128,126.8227844
33.33290482,126.8224182
33.33329773,126.822197
33.33354187,126.821991
33.33387756,126.8218994
33.33483124,126.8209763
33.33076859,126.823082
33.3303299,126.8226318
33.32974243,126.822258
33.33001709,126.8213959
33.33060074,126.8207626
33.33110046,126.8189621
33.33189011,126.8181152
33.33263016,126.8189316
33.33220673,126.817688
33.33249664,126.8172226
33.33280182,126.8168869
33.33338928,126.81604
33.33400726,126.8141861
33.33470917,126.8131638
33.33539581,126.8112488
33.33554459,126.8108368
33.33575821,126.8102188
33.33591461,126.8097382
33.33612061,126.8092422
33.32987976,126.8208313
33.32967377,126.8194885
33.32993317,126.8184891
33.33006668,126.8179703
33.33050156,126.8169861
33.33055115,126.8164978
33.33064763,126.8154412
33.33103943,126.8145676
33.3315091,126.8142123
33.33156586,126.8138733
33.33160782,126.8132019
33.33169556,126.8115845
33.338974,126.8081436
33.32989502,126.8211899
33.32957458,126.821785
33.32976532,126.8199921
33.33164597,126.8121567
33.33115768,126.811348
33.32949066,126.8113251
33.33181381,126.8109818
33.33175278,126.8098145
33.33220291,126.8093033
33.33267975,126.8088913
33.33324051,126.8092117
33.33226013,126.808548
33.32595062,126.8211441
33.32551575,126.8210754
33.3246727,126.8209
33.32385254,126.8207245
33.3231163,126.8205795
33.32209396,126.8203278
33.32167053,126.8202057
33.32181549,126.8200073
33.32206345,126.8194504
33.32209015,126.8192749
33.32223511,126.8188705
33.32204819,126.8184128
33.32188034,126.8181076
33.3214798,126.8180695
33.32120514,126.8178101
33.32101059,126.8176346
33.3218956,126.8175812
33.32186508,126.8171234
33.32181931,126.8167419
33.32158661,126.8157272
33.32132339,126.8140717
33.3196907,126.8160019
33.31928635,126.8161011
33.32078171,126.8200455
33.31142426,126.8168106
33.31231308,126.8177567
33.31241226,126.8159256
33.31056595,126.8152618
33.31006241,126.8137589
33.30985641,126.8132629
33.31010818,126.8130875
33.30958176,126.8126144
33.3092041,126.810936
33.30947495,126.8104706
33.30913162,126.8114471
33.30879211,126.8107071
33.30855942,126.8101959
33.30831528,126.8096008
33.30801392,126.8097153
33.30884933,126.8115997
33.30907822,126.8121796
33.30954742,126.8134155
33.30905914,126.8130722
33.30867767,126.8127136
33.30870056,126.8119812
33.3081131,126.8126984
33.30773926,126.8125381
33.30736923,126.8124619
33.30729675,126.8119583
33.30716324,126.8126297
33.30690002,126.8128586
33.30653381,126.8105164
33.30616379,126.8106995
33.30591583,126.8107758
33.30567551,126.8112793
33.30609512,126.8119431
33.30643845,126.8130112
33.30870438,126.8134537
33.30855942,126.8138885
33.30820847,126.8145905
33.30992889,126.8143539
33.31005096,126.8147125
33.31024551,126.815239
33.31045395,126.8158167
33.31068802,126.8163681
33.31110764,126.8175735
33.31571198,126.8193359
33.31541824,126.8197403
33.3152504,126.820015
33.31529617,126.8205185
33.31535339,126.8208389
33.31538773,126.8212433
33.316082,126.8194199
33.31645966,126.8194885
33.31678009,126.8195572
33.31749725,126.8196793
33.31814957,126.8198395
33.31877518,126.8199387
33.31936264,126.8200684
33.32017517,126.8202515
33.32118607,126.820488
33.32143784,126.8205566
33.32146835,126.8206253
33.32155228,126.8223801
33.32155609,126.8229675
33.32136154,126.8233261
33.32069016,126.8231201
33.32058334,126.8237381
33.3203125,126.8240509
33.31981659,126.8241806
33.31954575,126.8244629
33.32184601,126.8232346
33.32214355,126.8231735
33.32230759,126.8236313
33.32258987,126.8244781
33.32260132,126.8251114
33.32255554,126.8255539
33.32258987,126.8260498
33.32161713,126.8202286
33.32933044,126.8226013
33.32894135,126.8223648
33.32868195,126.8222733
33.3293457,126.8235321
33.32857895,126.8234558
33.3271637,126.8263474
33.32720947,126.8258591
33.32704926,126.8255692
33.32692337,126.8250961
33.32682419,126.8246994
33.32684326,126.8240891
33.32727814,126.823349
33.32757187,126.8233566
33.3276825,126.8233643
33.32568741,126.8282242
33.32536316,126.8280182
33.32468796,126.8276978
33.32422638,126.8274612
33.32416916,126.8272934
33.32400894,126.8268433
33.32387924,126.8273468
33.32278824,126.8266907
33.32034302,126.8269272
33.31993484,126.8270493
33.31951141,126.8257217
33.319561,126.8252487
33.31895065,126.8255386
33.31817627,126.8252182
33.31724167,126.8250656
33.31649399,126.8248672
33.31562805,126.8246918
33.31361008,126.8234787
33.32120132,126.8283234
33.3237114,126.8273544
33.32347488,126.827713
33.3228035,126.8278122
33.32213211,126.8280792
33.32190323,126.8276291
33.32197952,126.8284988
33.32167816,126.8286591
33.32349014,126.8283463
33.32352066,126.8285751
33.32314301,126.8287125
33.32281494,126.8286819
33.32262802,126.8291168
33.32365036,126.8288956
33.32311249,126.8293839
33.3235321,126.8296738
33.32352066,126.8305588
33.32337189,126.8308411
33.32318878,126.8309937
33.32371521,126.8306427
33.32401276,126.8303909
33.32384109,126.8275299
33.32404709,126.8283539
33.32434845,126.8286896
33.32461548,126.8291626
33.32435608,126.8299561
33.3249588,126.8290176
33.32769012,126.826683
33.328228,126.8264465
33.32823181,126.8269119
33.32838058,126.826767
33.32876968,126.8268356
33.32839966,126.8260345
33.32865143,126.8257675
33.33081436,126.8249588
33.33091736,126.8244247
33.32966232,126.8227386
33.32740784,126.8275299
33.32703018,126.8275146
33.32735062,126.8280258
33.32772446,126.8284225
33.32800674,126.8287048
33.32737732,126.8288269
33.32702637,126.8293991
33.32974243,126.8298416
33.32915115,126.8290329
33.32876205,126.8289413
33.33162689,126.8286896
33.33164978,126.8282471
33.33206177,126.8282013
33.3323288,126.8278351
33.32725906,126.8310547
33.32719421,126.8305588
33.32709122,126.8301468
33.32694626,126.8301315
33.32676697,126.8303604
33.32649994,126.8306961
33.32735443,126.8316574
33.32608032,126.8321991
33.32608032,126.8319855
33.32598495,126.8315506
33.32579803,126.8311462
33.32543945,126.8308563
33.32534027,126.8304367
33.3250618,126.830452
33.32452011,126.8304367
33.32543182,126.8296051
33.32575989,126.8294983
33.32460022,126.831192
33.32420731,126.8314667
33.32464218,126.8317032
33.32182693,126.8293228
33.32071304,126.8295212
33.33435059,126.8416061
33.33486557,126.8413239
33.335289,126.8410263
33.33498383,126.8407516
33.33435822,126.8402786
33.33395767,126.8399658
33.33319473,126.8394165
33.33266449,126.8390274
33.33202362,126.8385696
33.33122253,126.8379288
33.33052444,126.838295
33.33059311,126.8386917
33.33087921,126.8376541
33.33517075,126.840538
33.33413696,126.8397369
33.33283234,126.8387909
33.33159256,126.8378677
33.33105087,126.8373566
33.33094406,126.8365555
33.33046722,126.8368225
33.33058167,126.8363113
33.33018875,126.8343735
33.32973862,126.8337479
33.33015442,126.8337784
33.33240891,126.833931
33.32901001,126.8335266
33.32941437,126.8332977
33.32878113,126.834404
33.32870483,126.8335648
33.32862091,126.8333054
33.32820511,126.8334351
33.32794571,126.8337631
33.3275032,126.8337173
33.32764435,126.8334503
33.32763672,126.8331909
33.32764816,126.8327866
33.32738876,126.8324966
33.32772064,126.8324585
33.32775497,126.8323135
33.32777023,126.8317642
33.32878494,126.8330994
33.32861328,126.8328629
33.32868195,126.8324051
33.32866287,126.8320007
33.32709122,126.8332367
33.32700348,126.8329315
33.32689285,126.8327255
33.32940674,126.8367081
33.32873917,126.8364716
33.32857513,126.8363876
33.32891083,126.8358002
33.32820129,126.8363495
33.32769394,126.8362122
33.32734299,126.8360443
33.3272171,126.8357544
33.32700729,126.8353424
33.32707977,126.8347702
33.32666779,126.8349915
33.3270607,126.8345184
33.32697296,126.8340454
33.32659912,126.8354263
33.32661819,126.8359146
33.32616425,126.8347168
33.32696533,126.8360901
33.3266716,126.8361206
33.32638931,126.8361664
33.32722473,126.8366013
33.32662964,126.8367462
33.32636261,126.8367538
33.32595062,126.8367004
33.32575989,126.8365097
33.32595825,126.83564
33.32608032,126.8338852
33.32614517,126.8336182
33.32537079,126.8366089
33.32564926,126.8363037
33.3255806,126.836174
33.3253212,126.8356628
33.32516098,126.8353806
33.32531738,126.8362198
33.32480621,126.8353882
33.32476807,126.8350143
33.32485962,126.8346405
33.32492065,126.8342743
33.3251915,126.8343658
33.3254509,126.8344879
33.32533264,126.8338547
33.3249054,126.8337097
33.32489395,126.8333817
33.32506943,126.8329773
33.32460022,126.8326645
33.32452774,126.8324051
33.3246727,126.8334961
33.32442093,126.8338165
33.32459641,126.8341751
33.32398605,126.8338089
33.32397461,126.8332825
33.32390213,126.8322067
33.32359695,126.8323898
33.32323456,126.8325272
33.30665588,126.813385
33.30677795,126.8138199
33.30694962,126.8143616
33.30731964,126.8146744
33.30776978,126.8151779
33.30805206,126.8153152
33.30793762,126.8155975
33.30809402,126.8164749
33.30876923,126.8164978
33.3077774,126.817276
33.30768967,126.8176498
33.30766678,126.8181305
33.30784607,126.818924
33.30775833,126.8202133
33.30947113,126.8217545
33.30871582,126.8219681
33.30776215,126.8227844
33.31049347,126.8217697
33.30599594,126.8224945
33.30605316,126.8228378
33.30622864,126.8232193
33.30640793,126.8242874
33.3065834,126.8252411
33.30668259,126.8257294
33.30726624,126.8282242
33.30752563,126.8286362
33.30823517,126.8292313
33.30854034,126.8295212
33.30887604,126.83004
33.30963898,126.8307419
33.31006622,126.8315582
33.31042862,126.8323669
33.31069946,126.8327713
33.31108093,126.8335571
33.31129456,126.8339691
33.31160355,126.8344727
33.31521225,126.8326035
33.31628418,126.8329315
33.31595993,126.8323441
33.31657028,126.8318329
33.31674957,126.8312607
33.3172493,126.8311539
33.31800842,126.8312759
33.31872571,126.8311981
33.31207275,126.835701
33.31394196,126.8358841
33.31210327,126.8360748
33.31214905,126.8363876
33.31238937,126.8367462
33.31272507,126.8371735
33.31240845,126.8370361
33.31298065,126.8369751
33.31364059,126.8369446
33.31428146,126.8366928
33.31474686,126.8371429
33.31519699,126.8379135
33.31581497,126.8387146
33.31618881,126.839386
33.31638718,126.8397446
33.31653595,126.840332
33.31655502,126.8408279
33.31659698,126.8412094
33.31718063,126.8421173
33.31832123,126.8429565
33.31826401,126.8424835
33.31851196,126.8427124
33.31900787,126.8426056
33.31933975,126.8427353
33.31960678,126.8430252
33.31998062,126.8436203
33.32016754,126.8439026
33.3421936,126.8175201
33.34221268,126.8167343
33.34230804,126.8162155
33.342556,126.8155594
33.32266998,126.8180237
33.32277679,126.8170166
33.32308197,126.8166809
33.32344437,126.8164597
33.32337189,126.8162079
33.32324982,126.8158798
33.32355118,126.8158188
33.32244873,126.8174515
33.31138229,126.8178329
33.31155396,126.8185654
33.31173706,126.8192062
33.3117981,126.8195801
33.31189728,126.8199921
33.31199265,126.8204193
33.31208038,126.8208084
33.31197357,126.8212357
33.31188202,126.8206787
33.31220245,126.8216095
33.31216049,126.8221664
33.31222153,126.8224792
33.31229401,126.8227692
33.31256485,126.8239365
33.3126297,126.8241425
33.3127594,126.8245392
33.31234741,126.8223267
33.32302475,126.8329926
33.32344818,126.8329239
33.32398224,126.8342361
33.32361603,126.8342285
33.323349,126.8342056
33.32289505,126.834198
33.32297134,126.8337097
33.32258987,126.8341293
33.32400894,126.8346405
33.32388306,126.8351822
33.32392502,126.8353348
33.32425308,126.8355942
33.32525635,126.8368607
33.32499313,126.8367081
33.3247757,126.8369217
33.32432938,126.8374863
33.32411957,126.8376923
33.32389069,126.8379059
33.32364655,126.838028
33.32341766,126.8382797
33.32326126,126.8381577
33.32291794,126.8388977
33.32275009,126.8393631
33.32455444,126.8372192
33.32456207,126.8364258
33.32399368,126.8359222
33.32357025,126.8355026
33.32338333,126.8353043
33.32313538,126.8350449
33.32263565,126.8345337
33.3222847,126.8341599
33.32190323,126.8337555
33.32153702,126.833168
33.32029724,126.8318481
33.3215065,126.8326874
33.32221222,126.832756
33.32223129,126.8323364
33.3225708,126.8322296
33.32236862,126.8320847
33.32282257,126.8317413
33.32320023,126.8316422
33.32139969,126.8321762
33.32199097,126.8318787
33.3217659,126.8314667
33.3217392,126.8310776
33.3211174,126.8317261
33.3211441,126.8310318
33.31987762,126.8298416
33.31936264,126.8301392
33.31864929,126.829422
33.31243896,126.8227844
33.31257248,126.8233185
33.31268692,126.8237839
33.31284714,126.8243179
33.31298065,126.824791
33.31304932,126.8250198
33.3132515,126.8257446
33.31344986,126.8261337
33.313694,126.8264084
33.31394196,126.8266068
33.31423569,126.8268051
33.31493759,126.82724
33.3151741,126.8274078
33.31554794,126.8276443
33.31596756,126.827919
33.3169632,126.8285522
33.31733704,126.8287811
33.31763458,126.8289642
33.31312943,126.8258057
33.31329346,126.8263474
33.31358337,126.8265457
33.3139267,126.8267899
33.3138237,126.8274536
33.31338882,126.8277435
33.31261826,126.8282394
33.31204224,126.8287354
33.31089401,126.8294144
33.31159592,126.8298264
33.31446838,126.8271561
33.31529236,126.827652
33.31648254,126.8284073
33.31761551,126.8292236
33.31784821,126.8294373
33.31806183,126.8296661
33.31844711,126.8300858
33.31885147,126.8304977
33.31922913,126.830925
33.31941605,126.831131
33.31978989,126.8315201
33.32047653,126.832283
33.32106018,126.8329239
33.32149887,126.8333817
33.32099533,126.8332367
33.32076645,126.8331223
33.3204422,126.8329697
33.31999588,126.8331528
33.31963348,126.8333282
33.31885147,126.8337936
33.31868362,126.8336258
33.31801224,126.8334579
33.31761551,126.8332443
33.31847382,126.833931
33.31958771,126.8332825
33.32083511,126.834137
33.32048416,126.8347015
33.32029724,126.8349915
33.32003403,126.8353119
33.31958008,126.8359985
33.31909561,126.8364792
33.31885529,126.8367081
33.3182869,126.8362579
33.31787491,126.8370132
33.31742477,126.8366699
33.31827545,126.8295288
33.32043457,126.8299713
33.32157135,126.8300323
33.32115555,126.829422
33.320961,126.8293533
33.32175446,126.82901
33.32126999,126.8277588
33.32098389,126.8274612
33.32584763,126.8325729
33.33570862,126.8359451
33.32570267,126.8375244
33.32535934,126.8378525
33.32521439,126.8380661
33.32497025,126.8384781
33.32481766,126.8382263
33.32502365,126.8380508
33.32484055,126.838707
33.32454681,126.8383102
33.32486343,126.8392105
33.32484818,126.8396301
33.32487106,126.8400497
33.32485199,126.8404846
33.32485199,126.8409119
33.32484818,126.8412704
33.32483673,126.8425522
33.32482147,126.8430176
33.32439041,126.8450775
33.32466507,126.8453751
33.32478333,126.8460312
33.32486343,126.8463364
33.3249321,126.8466797
33.32528687,126.8469391
33.32524872,126.845108
33.32519913,126.8446808
33.32580948,126.8443604
33.32613754,126.8446121
33.32609558,126.8452377
33.32633209,126.8454437
33.32656479,126.8456955
33.32689667,126.8454971
33.32683182,126.8452988
33.325634,126.8439255
33.32496643,126.844101
33.32528687,126.8429718
33.32537079,126.8429947
33.32537079,126.8425369
33.3252449,126.8424988
33.32528305,126.8419952
33.32546616,126.8384933
33.30780411,126.8124695
33.31287003,126.8191986
33.31331635,126.8197403
33.31354904,126.8200836
33.31365204,126.8203812
33.3274349,126.8195831
33.32663727,126.8162155
33.33005142,126.8210373
33.31524277,126.8192291
33.3210907,126.8338776
33.31830978,126.8341827
33.31785583,126.834198
33.31761169,126.8341827
33.31729126,126.8343582
33.3156395,126.8325272
33.31588364,126.8187714
33.31212616,126.8212204
33.31227493,126.8219452
33.30932617,126.8212433
33.3087883,126.8209686
33.30837631,126.8208313
33.3079071,126.8205032
33.30902481,126.8217468
33.3082962,126.8220139
33.3073349,126.8228455
33.30662537,126.8227386
33.31031036,126.8140564
33.31808472,126.8169327
33.31865692,126.8162155
33.31975937,126.816452
33.31954956,126.8172379
33.32601929,126.8157272
33.32731247,126.8185883
33.31155014,126.8083496
33.3114624,126.8090897
33.30981064,126.8085556
33.3261795,126.8327255
33.32536316,126.8331146
33.32565308,126.8357239
33.33401489,126.8417892
33.33383179,126.8418503
33.32386572,126.8284321
33.31317775,126.8194836
33.3181832,126.8268055
33.32969247,126.8188937
33.32884999,126.8192606
33.32844294,126.8199113
33.32696957,126.8173608
33.33019204,126.8245906
33.33932979,126.8342722
33.31162692,126.8089121
33.36623383,126.7969742
33.36709213,126.7983322
33.352314,126.7964859
33.36934662,126.8129272
33.36821365,126.814621
33.36327362,126.8194046
33.36219788,126.8201141
33.35995102,126.8149948
33.36091995,126.8225403
33.36109924,126.8235474
33.36091232,126.8236847
33.360569,126.8245392
33.3598175,126.8255768
33.35978699,126.8260193
33.35962677,126.8271103
33.35935593,126.8268661
33.3591156,126.8263474
33.35863113,126.8259659
33.35976791,126.8282242
33.36208344,126.824852
33.36209488,126.8257751
33.36235046,126.8261719
33.36006165,126.8215866
33.35909271,126.8222351
33.35840607,126.8226089
33.358078,126.8228302
33.35782242,126.8229065
33.35757065,126.8230667
33.35725784,126.8232422
33.35685349,126.8234253
33.35604095,126.823616
33.35559464,126.8236694
33.35744095,126.8226242
33.35627747,126.823143
33.35525131,126.8232346
33.35567856,126.8219833
33.35587311,126.8211746
33.35607529,126.820816
33.3540802,126.8232803
33.35310745,126.8224106
33.35317993,126.8218918
33.3531456,126.821106
33.35322952,126.8203583
33.35351181,126.819458
33.35353088,126.8187943
33.35379791,126.8182983
33.35450363,126.8181152
33.35368347,126.8179626
33.35353088,126.8177261
33.35345078,126.8171844
33.35450363,126.8171844
33.35319519,126.8162231
33.35290527,126.8148346
33.35293961,126.8141251
33.3519783,126.8143692
33.35123444,126.8144836
33.35086823,126.8144913
33.35058594,126.8143921
33.35022736,126.8144455
33.34992599,126.8147125
33.34960938,126.8153381
33.34915161,126.8154984
33.34844208,126.8156357
33.34940338,126.8181381
33.35311508,126.8138504
33.35359955,126.8132477
33.35355377,126.812027
33.3536644,126.8111115
33.35356522,126.8105087
33.35346222,126.8099976
33.352314,126.8059769
33.35206604,126.8041992
33.35219574,126.803833
33.35218811,126.80336
33.35215759,126.8028564
33.35182571,126.801506
33.35228348,126.8125076
33.352005,126.8121643
33.35175705,126.8118286
33.35115051,126.8110809
33.35123444,126.8107681
33.35108948,126.8098373
33.35120392,126.8092728
33.35163116,126.8093796
33.35198975,126.8099518
33.35140228,126.8089294
33.35103607,126.8087311
33.35102081,126.8111877
33.35059357,126.8118668
33.34958267,126.8115997
33.34975052,126.8092957
33.3489418,126.8082657
33.348423,126.8076019
33.34757996,126.8065567
33.35111237,126.8240051
33.35044098,126.8242569
33.35152054,126.8238678
33.34733582,126.8242645
33.34659958,126.822052
33.34627533,126.8210678
33.34567261,126.8204956
33.3452301,126.8195267
33.34468079,126.8179703
33.3444252,126.8173523
33.34399033,126.8168564
33.34331131,126.816658
33.34272766,126.8163452
33.34250259,126.8149948
33.34675598,126.8254776
33.34608078,126.8256531
33.34283829,126.8251419
33.34313202,126.824707
33.3428421,126.8232117
33.34295654,126.822525
33.34317398,126.8220901
33.34342194,126.8216248
33.3434906,126.8208923
33.34313583,126.8204498
33.34264755,126.8195801
33.34870148,126.8258362
33.34888458,126.8264771
33.34910583,126.8275375
33.34918594,126.8281174
33.34959412,126.8288879
33.34978104,126.8299866
33.35005188,126.8303452
33.35033798,126.8306885
33.35134506,126.831604
33.35100937,126.8326187
33.34967422,126.834053
33.34887314,126.83638
33.34808731,126.8255768
33.34766388,126.8256989
33.34722519,126.8258133
33.34424973,126.8302002
33.34466553,126.830162
33.34189224,126.8299179
33.33976364,126.8359222
33.33818054,126.8361282
33.33735275,126.8356323
33.33530807,126.8363342
33.33454895,126.8369064
33.33839035,126.8384628
33.33862305,126.837944
33.33896637,126.8376465
33.33935165,126.8371964
33.34138489,126.8369217
33.34142303,126.8381424
33.34148788,126.8410339
33.34122467,126.8406067
33.33803177,126.8412018
33.33814621,126.8415985
33.33771515,126.8422012
33.3417244,126.836235
33.35340118,126.8247757
33.35337067,126.8253098
33.35327148,126.8258362
33.35293961,126.826622
33.35290527,126.827034
33.3525238,126.827919
33.35248184,126.8289642
33.35247803,126.8295593
33.35252762,126.8301315
33.35274506,126.8311234
33.35260773,126.8320084
33.35269928,126.8325729
33.35314178,126.8336868
33.35347748,126.8346024
33.35354614,126.8348999
33.35368729,126.8353806
33.3537941,126.8361893
33.3532753,126.8360672
33.35271072,126.8358231
33.35238266,126.8358002
33.35204315,126.8356552
33.35375977,126.8366241
33.35386276,126.8371658
33.35474014,126.837616
33.35332108,126.8376389
33.35307312,126.8384171
33.35280609,126.839035
33.35317612,126.8390808
33.3523407,126.8389816
33.3522644,126.8381424
33.35175705,126.8378906
33.35176849,126.8372726
33.35177612,126.8369598
33.35123062,126.8382874
33.35214996,126.8395767
33.35188675,126.840004
33.35144806,126.8399658
33.35160828,126.8391953
33.35100174,126.8389816
33.35047531,126.8392029
33.35119247,126.8393478
33.3506813,126.8394089
33.34999084,126.8398514
33.34934235,126.8401108
33.34962845,126.8394089
33.34986115,126.8377838
33.34960938,126.8379669
33.34930038,126.8381882
33.34920883,126.8385239
33.34889603,126.8388748
33.34858704,126.8391953
33.34827423,126.8394394
33.34805298,126.8395767
33.34785843,126.8397064
33.34766769,126.8398132
33.34924316,126.8403931
33.34919739,126.8407059
33.34928131,126.8416214
33.34881973,126.8423691
33.34810257,126.8423996
33.34751511,126.842308
33.34769058,126.8417969
33.34799957,126.8417587
33.34787369,126.8411789
33.34753799,126.8408966
33.3488121,126.8400421
33.34851837,126.8402176
33.34794998,126.8401642
33.34768677,126.8403473
33.34749985,126.8402481
33.347332,126.8400345
33.34713745,126.8407059
33.34656525,126.8411026
33.34631348,126.8410873
33.34601593,126.8413849
33.3457489,126.8410263
33.34716034,126.8399582
33.34698486,126.8400269
33.34679031,126.8400955
33.34661865,126.8401794
33.34637451,126.8402939
33.34601212,126.8405457
33.34560013,126.8407822
33.34534836,126.8402328
33.34522247,126.8399277
33.34425735,126.83992
33.3437767,126.8389816
33.34383774,126.8410645
33.34562683,126.8410568
33.34527969,126.8413544
33.34485245,126.8417435
33.34597778,126.8418808
33.34534454,126.8421249
33.34490585,126.8429489
33.34371567,126.8444824
33.34453964,126.8420334
33.34427261,126.8423233
33.34407043,126.8424759
33.34386063,126.8426819
33.34357834,126.8429642
33.34331131,126.8432465
33.34304428,126.8434982
33.34265137,126.8436966
33.34267044,126.8440247
33.34230423,126.8442459
33.34194946,126.8445511
33.34175873,126.8447189
33.34181976,126.8440399
33.34180069,126.8435135
33.34222031,126.8429489
33.34215164,126.8425369
33.34121704,126.8453674
33.34011078,126.8444824
33.33982468,126.8442688
33.33961487,126.8441467
33.33921814,126.8437881
33.33868408,126.8433685
33.33836365,126.8430939
33.33816528,126.8429337
33.33745193,126.8423996
33.33686066,126.8418503
33.3367424,126.8413239
33.33632278,126.8412857
33.33561325,126.8412781
33.33647156,126.8431854
33.33610153,126.8438721
33.33573151,126.8434372
33.33756256,126.8428726
33.33960724,126.8445511
33.33935547,126.8452301
33.33901215,126.845459
33.33827591,126.8455429
33.33751678,126.8462296
33.33756256,126.8465652
33.33737946,126.8461227
33.33713913,126.8461456
33.33656693,126.8463058
33.33600235,126.8464737
33.33962631,126.8454971
33.33984756,126.8457947
33.34040833,126.8451385
33.34093475,126.8455505
33.34043121,126.8456573
33.34023666,126.8460922
33.34000015,126.8463516
33.3393898,126.8464813
33.33931351,126.8468399
33.33874512,126.8475418
33.33811951,126.8478012
33.33753967,126.848259
33.33738708,126.8484802
33.33706665,126.8487015
33.33664703,126.8491745
33.33626175,126.8486938
33.33622742,126.848465
33.33599091,126.8476563
33.33594894,126.84729
33.33574677,126.846962
33.3355217,126.8467102
33.33498383,126.846489
33.33446884,126.8459625
33.33405304,126.8455887
33.33407211,126.8452301
33.33385086,126.8448105
33.33359909,126.8443909
33.33333969,126.8439636
33.33307648,126.8436737
33.33280945,126.8434601
33.33859253,126.8360596
33.33355704,126.8342025
33.33372287,126.8351716
33.33533246,126.8404909
33.33454121,126.8404333
33.3357757,126.8416206
33.33205534,126.838969
33.33242491,126.8389012
33.33311068,126.8393081
33.33353491,126.8396698
33.33300743,126.8311397
33.33306902,126.8316793
33.33328859,126.8323636
33.33332368,126.8333168
33.34161946,126.8356213
33.35383194,126.835593
33.35325707,126.8338402
33.35297849,126.8328496
33.35291236,126.8322804
33.35280117,126.8317327
33.35285167,126.8307469
33.35250023,126.8292408
33.35246529,126.826794
33.34725878,126.8270622
33.35232334,126.8385476
33.34159954,126.8393462
33.33799243,126.8459804
33.2865448,126.5948563
33.28662109,126.5952225
33.28672028,126.5956116
33.28683853,126.5959778
33.28697205,126.596344
33.28711319,126.5967331
33.28728104,126.5971069
33.28742599,126.5974426
33.2876091,126.5977859
33.28777695,126.5980682
33.2878418,126.5982819
33.28826523,126.5989456
33.28841019,126.5992661
33.28858948,126.5996017
33.28746414,126.5969543
33.28731918,126.596611
33.28717422,126.5962372
33.28704834,126.5958786
33.28695297,126.5955276
33.28689194,126.5951385
33.2868309,126.59478
33.28676987,126.5943832
33.28673935,126.5940323
33.28672028,126.5937119
33.28685379,126.5935745
33.28713226,126.5936432
33.28743362,126.5937271
33.28769302,126.5937729
33.28796005,126.5937881
33.2882576,126.5938034
33.28856659,126.5938644
33.28885651,126.5939255
33.28875351,126.5936356
33.28843307,126.5935669
33.28808975,126.5934982
33.28781128,126.5934296
33.28746796,126.5933228
33.28718567,126.5933075
33.28687286,126.5932007
33.28661346,126.5930405
33.28633881,126.5928345
33.28612137,126.5926208
33.28593063,126.5924149
33.28568649,126.5921555
33.28544998,126.5919113
33.28522491,126.5916901
33.2849617,126.5914154
33.28490829,126.591713
33.28517914,126.5920105
33.28541946,126.592247
33.28565598,126.5925293
33.28591919,126.5928116
33.28614426,126.5930557
33.28634644,126.5933304
33.28641129,126.593689
33.28644943,126.5940704
33.28648376,126.5944366
33.28461456,126.5910568
33.28423309,126.5906754
33.28396606,126.5903473
33.28360367,126.5900116
33.28327942,126.5896606
33.28306961,126.5894547
33.28312683,126.5890198
33.28289795,126.5891418
33.28265762,126.5889664
33.28229141,126.5886078
33.2818718,126.5882721
33.28145599,126.5879822
33.28119278,126.5878296
33.28091812,126.5884705
33.28120422,126.5884552
33.28155899,126.5884476
33.28188705,126.5886917
33.28225327,126.5890045
33.28264999,126.5894089
33.28293228,126.5896988
33.28325272,126.5900421
33.28358841,126.5903854
33.28394699,126.5907211
33.28430176,126.5911102
33.28462219,126.5914154
33.25799179,126.5789261
33.25772095,126.5786819
33.25744247,126.5784302
33.25709152,126.5781555
33.25679016,126.5778885
33.25643539,126.5776215
33.2561264,126.5774307
33.25581741,126.5772705
33.25548553,126.5771637
33.25511551,126.5770111
33.29367065,126.5948563
33.29396439,126.5947418
33.29418945,126.5947876
33.29438782,126.5948639
33.29456329,126.5949707
33.29466629,126.5950317
33.29480362,126.595108
33.29501724,126.5952072
33.2953186,126.5953674
33.29558563,126.5955124
33.29586029,126.5957184
33.29616547,126.5958633
33.2963829,126.5960693
33.29655838,126.596344
33.2967186,126.5966797
33.29687119,126.5970001
33.29701996,126.5973282
33.29718781,126.5976563
33.2972908,126.5973587
33.29714584,126.5970535
33.29698181,126.5967102
33.29681015,126.5963287
33.29665756,126.5960617
33.29645157,126.5957413
33.29614639,126.5954742
33.29586411,126.5953445
33.2953949,126.5950394
33.29514313,126.5949249
33.29490662,126.5947876
33.29480362,126.5947495
33.29468918,126.5946808
33.29440308,126.5945206
33.29404831,126.5944138
33.29371643,126.5944138
33.29732895,126.5979919
33.29748917,126.5983047
33.29764938,126.5986328
33.29779816,126.5989456
33.29795074,126.5992813
33.29811096,126.599617
33.29828644,126.5999146
33.29851532,126.6001892
33.29877472,126.6004028
33.2990799,126.600563
33.29940033,126.6006851
33.29970932,126.6007385
33.30002975,126.6007156
33.30034256,126.6007004
33.30067825,126.6004868
33.30093002,126.6003494
33.3010025,126.600029
33.30072403,126.6001587
33.30041885,126.6002502
33.29984665,126.6004028
33.29958344,126.6004333
33.29929733,126.6003723
33.29907227,126.6002731
33.29878998,126.6000977
33.29857254,126.5998764
33.29837418,126.5996246
33.29822922,126.5993271
33.29807281,126.5990067
33.29791641,126.5986862
33.29776382,126.5983505
33.29760742,126.5980225
33.29745483,126.5977097
33.29339981,126.5944366
33.29306412,126.5944977
33.2927742,126.5945053
33.29245758,126.5945358
33.2921257,126.5945129
33.29175186,126.5945129
33.29149246,126.5945129
33.29118729,126.5944519
33.29089355,126.5943451
33.29059219,126.5942307
33.29027176,126.594101
33.28992462,126.5939407
33.28967285,126.5938873
33.28939819,126.5937958
33.28910065,126.5937119
33.28920746,126.594017
33.28948593,126.594101
33.28976059,126.5942078
33.29005432,126.5943146
33.29037857,126.5944672
33.29066467,126.594574
33.29098892,126.5946579
33.29130554,126.5947571
33.29161072,126.5948029
33.2919693,126.5948105
33.29232025,126.5947952
33.29257202,126.5947952
33.29297256,126.5947876
33.29325485,126.59478
33.28881454,126.5994873
33.2886467,126.5990906
33.28850555,126.5987701
33.28820419,126.5981674
33.28799438,126.5978851
33.28783417,126.5975952
33.28765869,126.5972748
33.27777481,126.5857239
33.27746201,126.58564
33.27529526,126.5852737
33.27507401,126.5852814
33.27457047,126.5852814
33.27507401,126.5855103
33.27530289,126.5855103
33.27740097,126.5858612
33.27766037,126.5860596
33.27803421,126.5859299
33.2808609,126.5877838
33.28047943,126.5875702
33.28020096,126.5873871
33.2796402,126.587059
33.2793541,126.5868912
33.27908325,126.5867233
33.27879333,126.5865402
33.27850342,126.58638
33.27821732,126.5861969
33.27696609,126.5855331
33.27666092,126.5854645
33.27624512,126.5854034
33.27588272,126.5853882
33.2755394,126.5853882
33.27458191,126.5855179
33.26786804,126.5856247
33.2680397,126.585556
33.26831055,126.585556
33.27235413,126.5855408
33.27281189,126.585495
33.27317047,126.585495
33.27315903,126.5852966
33.27281189,126.5852966
33.27244186,126.5853043
33.26816559,126.5852585
33.26790619,126.5852509
33.26700974,126.5856247
33.26844788,126.5854034
33.26876831,126.5854034
33.26909637,126.5854111
33.2694397,126.5853958
33.26978683,126.5854034
33.2701683,126.5854034
33.27051926,126.5854034
33.27088165,126.5853958
33.27125549,126.5853958
33.27163315,126.5854034
33.27203751,126.5853958
33.27351379,126.5853958
33.27388,126.5853958
33.27425003,126.5853958
33.25588989,126.5776749
33.2563858,126.5779419
33.25682068,126.5783234
33.25723648,126.5786667
33.25770187,126.5790634
33.25811768,126.5794373
33.25860214,126.5797729
33.25907516,126.5802078
33.25950623,126.5805511
33.25997925,126.5809555
33.26039505,126.5813065
33.26082993,126.5816727
33.26108932,126.5819016
33.26171494,126.5824127
33.26224136,126.5828323
33.26262283,126.5831375
33.26317215,126.58358
33.26351166,126.5838776
33.26397324,126.5842133
33.26422119,126.5844421
33.26477814,126.5845032
33.26435089,126.5841293
33.26388931,126.5837784
33.26343155,126.5834198
33.26298141,126.5830688
33.26255417,126.5827332
33.262146,126.5823975
33.26163864,126.5819931
33.26118851,126.5816269
33.260746,126.5812531
33.25985718,126.5804825
33.2594223,126.5801392
33.25903702,126.5797729
33.25862503,126.5793839
33.27863227,126.5866328
33.2341652,126.4795002
33.23429405,126.4790488
33.23431141,126.4783513
33.23432679,126.4777183
33.23435943,126.4769027
33.24304962,126.5903702
33.24311066,126.5901413
33.24337387,126.589798
33.24358749,126.589119
33.24377823,126.5882492
33.24382019,126.5877151
33.24403381,126.5871658
33.24432755,126.5865936
33.24459839,126.5861816
33.24452591,126.5855942
33.24418259,126.5850525
33.24407959,126.5846939
33.24423981,126.5841217
33.24417114,126.5832672
33.24411774,126.5829315
33.24406052,126.5823517
33.26617432,126.5905533
33.25730515,126.5859375
33.23420334,126.4830017
33.23396301,126.4831467
33.23364258,126.4832306
33.23334503,126.4832611
33.23347092,126.4835281
33.2338562,126.4833679
33.23420334,126.4832993
33.25030518,126.4862442
33.25029755,126.4859543
33.25027084,126.4855423
33.2502594,126.4852371
33.24311447,126.4882813
33.24347687,126.4882202
33.24382401,126.4881821
33.24427032,126.4881134
33.24466324,126.4880447
33.24513245,126.4879684
33.24570084,126.487854
33.24606323,126.4877701
33.24646378,126.4876785
33.24684525,126.487587
33.24721909,126.4874878
33.24772263,126.4873734
33.24812698,126.4872742
33.24855042,126.4871674
33.24898148,126.4870605
33.24936676,126.4869843
33.2497139,126.4868851
33.25002289,126.4868011
33.25026703,126.4869614
33.25030899,126.4872894
33.25033188,126.4878693
33.25037003,126.488327
33.24150467,126.4880066
33.24170685,126.4881897
33.2420311,126.4881592
33.24254608,126.4881287
33.24284363,126.4880905
33.24324799,126.4880447
33.24362183,126.487999
33.24400711,126.4879456
33.24438858,126.4878845
33.24486923,126.4878159
33.24539566,126.4877014
33.24586868,126.4875946
33.24623871,126.4875183
33.24661636,126.4874268
33.24699783,126.4873428
33.24730301,126.4872437
33.24765778,126.4871216
33.24799347,126.4870453
33.24830246,126.4869843
33.24873352,126.4868927
33.24912643,126.4867935
33.24951172,126.4867096
33.24985504,126.486618
33.25018311,126.4865112
33.24147034,126.4877625
33.24142838,126.4873428
33.24137878,126.4868698
33.24131393,126.4863663
33.24128723,126.4859772
33.24122238,126.4855194
33.24110413,126.4851074
33.24092102,126.4847336
33.24068451,126.4843903
33.24043655,126.4841003
33.24009705,126.4838333
33.2396698,126.4836349
33.23910141,126.4835205
33.23873138,126.4834747
33.23832321,126.483429
33.237854,126.4833679
33.23740768,126.4833069
33.23700714,126.4832458
33.23659515,126.4831924
33.23622894,126.4831238
33.23590088,126.4831009
33.23558044,126.4830704
33.23510742,126.4830551
33.24228287,126.4883652
33.24186325,126.4884109
33.24271774,126.4883347
33.24155426,126.4886246
33.24124908,126.4886169
33.24110031,126.4882889
33.24119186,126.4879608
33.24123383,126.4875488
33.24117279,126.4871063
33.24114227,126.4866104
33.24108887,126.4861832
33.24106979,126.4857178
33.24097443,126.4853058
33.24082184,126.4849625
33.24066162,126.4846725
33.24039078,126.4843903
33.24007034,126.4840927
33.23973465,126.4838943
33.23932648,126.4837723
33.23889542,126.4837189
33.23849487,126.4836655
33.23801041,126.4836044
33.23757935,126.483551
33.23713684,126.48349
33.23669815,126.4834213
33.23637772,126.4833679
33.23601532,126.4833298
33.23572922,126.4833069
33.23532104,126.4832687
33.23493958,126.4832535
33.23375702,126.4844971
33.23366928,126.4842758
33.23355484,126.4840088
33.23347092,126.4838409
33.2334404,126.4836731
33.26108551,126.4531784
33.26137543,126.4531021
33.25236893,126.5049133
33.25233078,126.5051041
33.25225449,126.505394
33.25221252,126.5055923
33.25215149,126.5058289
33.2497406,126.5081635
33.24994278,126.5082245
33.25018692,126.5082626
33.25041962,126.5081863
33.25061798,126.5082703
33.25075912,126.5085907
33.25114059,126.5089111
33.25062943,126.5123749
33.25067139,126.5122223
33.25074005,126.5119553
33.25079727,126.5117111
33.25086594,126.5114594
33.25092316,126.5112381
33.25098801,126.5109863
33.25104141,126.5107574
33.25115967,126.5103149
33.25121689,126.5100555
33.25133896,126.5096359
33.25141907,126.5093079
33.25150681,126.5089645
33.25156403,126.5087509
33.25162125,126.5085144
33.2517128,126.5081482
33.25177002,126.5078964
33.25183487,126.5076523
33.25192642,126.5072937
33.25196838,126.5071335
33.25205231,126.5067902
33.25211334,126.5065613
33.25217819,126.5063095
33.25227737,126.505867
33.25233459,126.5056305
33.25240326,126.505394
33.25246048,126.5051422
33.25252151,126.5049591
33.2520256,126.5062332
33.25197983,126.5065079
33.25191116,126.5067368
33.25185394,126.5070038
33.25178528,126.5072556
33.25169373,126.5075989
33.25162506,126.5078506
33.25156784,126.5081024
33.25152206,126.5082932
33.25147247,126.5084686
33.25141525,126.508728
33.25136185,126.5089264
33.25128555,126.5092545
33.2512207,126.5095139
33.25115204,126.509758
33.251091,126.5100174
33.2510376,126.5102615
33.25091553,126.5107269
33.25085449,126.5109482
33.2508049,126.5111694
33.25074005,126.5114136
33.25065613,126.5116653
33.25060272,126.5119324
33.25054932,126.5121841
33.25050354,126.5123367
33.2608757,126.6151886
33.26113129,126.615181
33.26141739,126.6151886
33.26169968,126.6151962
33.26194763,126.6151886
33.26225662,126.615181
33.2625351,126.6151886
33.26280594,126.615181
33.26308441,126.615181
33.26345444,126.615181
33.26389313,126.6151733
33.26404572,126.615181
33.26431656,126.6151886
33.26454163,126.615181
33.26488113,126.6151886
33.26505661,126.6151886
33.26531601,126.6151962
33.26556015,126.6151962
33.26586533,126.6151886
33.26609421,126.6151962
33.26636505,126.6152039
33.26662445,126.6151962
33.26689529,126.6151962
33.26713943,126.6151962
33.24376678,126.5548325
33.24352646,126.5546875
33.24316406,126.5544434
33.2428894,126.5542526
33.24255371,126.5540085
33.24229431,126.5536728
33.24225998,126.5532379
33.24226761,126.5527802
33.24228668,126.55233
33.24229431,126.5518951
33.24223709,126.551445
33.24219131,126.5510178
33.24221802,126.5505142
33.24225998,126.5501404
33.24225235,126.5497055
33.24197769,126.5492477
33.24180222,126.5488968
33.24163818,126.548439
33.24139786,126.548027
33.24114227,126.5475693
33.24093628,126.5470657
33.24477386,126.5443344
33.24430847,126.5443802
33.24385071,126.544281
33.24342728,126.5442047
33.24298477,126.5443573
33.24262238,126.5446854
33.24227142,126.5449982
33.24186707,126.5452042
33.24145126,126.5454102
33.24123764,126.545929
33.2410965,126.5464554
33.24305344,126.5602188
33.24284744,126.5600815
33.24264145,126.5599442
33.24240494,126.5597839
33.2421875,126.5596466
33.24040604,126.5587921
33.24034119,126.5585785
33.24039078,126.5583878
33.24055862,126.5583344
33.24074173,126.5584106
33.24090958,126.5585251
33.24108887,126.558548
33.24105072,126.5583572
33.24087906,126.5582123
33.24067688,126.5580978
33.24046326,126.5580215
33.24055099,126.5589142
33.24082565,126.5589371
33.24108124,126.5589981
33.24133301,126.5591049
33.24156952,126.5592804
33.24174118,126.5594177
33.24189377,126.5595627
33.24375153,126.5555191
33.24364853,126.5560608
33.24355316,126.5565872
33.24346542,126.5571213
33.24335098,126.5576248
33.24023056,126.5580292
33.24122238,126.5581818
33.24166107,126.5583649
33.24202347,126.5586624
33.24333572,126.5578995
33.24351883,126.5574036
33.24367523,126.5563736
33.24378967,126.555809
33.24387741,126.5553131
33.24739838,126.552948
33.24702454,126.5529556
33.2466774,126.5529556
33.24632263,126.5530167
33.24598312,126.5531464
33.24562073,126.5533752
33.24533081,126.5535278
33.24499512,126.5537109
33.24466324,126.5539017
33.24436569,126.5541382
33.24411011,126.5544434
33.24763489,126.5530624
33.23764801,126.387558
33.23802185,126.3874359
33.23857498,126.387291
33.2389183,126.3871002
33.23940277,126.3867722
33.23978043,126.3865662
33.24020386,126.3865509
33.24066544,126.3865585
33.24111557,126.3865585
33.24155426,126.3865662
33.24201584,126.3865814
33.24248123,126.3865891
33.24295807,126.3865967
33.24315643,126.3864594
33.24272919,126.3864746
33.2422142,126.3864746
33.2417984,126.3864746
33.24133682,126.3864517
33.24087524,126.3864441
33.24043274,126.3864441
33.24000168,126.3864365
33.2395401,126.3865509
33.23906326,126.3868561
33.23867035,126.3871307
33.23821259,126.387291
33.23778534,126.3874054
33.23748398,126.3874969
33.23664093,126.3885269
33.23686981,126.3884354
33.23706436,126.3882904
33.2368927,126.3879776
33.23669815,126.3881226
33.23649979,126.3882828
33.25040436,126.4998169
33.25073624,126.4998093
33.25101852,126.4998245
33.25130463,126.499855
33.25159073,126.4998398
33.25189209,126.4998474
33.25217056,126.4998856
33.25246048,126.4998856
33.25283813,126.4998932
33.25312805,126.4999161
33.25339508,126.4999771
33.25366974,126.5000992
33.25392151,126.5002747
33.25413895,126.5004883
33.25432205,126.5007553
33.25449371,126.5010376
33.25463867,126.5013351
33.2548027,126.5016098
33.25495148,126.5018921
33.25511551,126.5021744
33.25527573,126.5024643
33.25541306,126.5027542
33.25559235,126.5030441
33.25574875,126.5033264
33.25586319,126.5036392
33.25592804,126.5039749
33.25596237,126.5043182
33.25598526,126.5046539
33.25599289,126.5050049
33.25613403,126.5051575
33.25612259,126.5047989
33.25610352,126.5044785
33.25608444,126.5041199
33.25604248,126.5037842
33.25593567,126.5034103
33.25579834,126.5030975
33.25564575,126.5028
33.25547791,126.5025177
33.25530624,126.5022354
33.25515366,126.5019455
33.25499725,126.5016632
33.25484085,126.5013809
33.25467682,126.5010834
33.2545166,126.5008011
33.25435257,126.5005112
33.25410843,126.5002213
33.25389099,126.5000381
33.25360489,126.499855
33.25331879,126.4997482
33.25299072,126.4996948
33.25263596,126.4996948
33.25231171,126.4996872
33.25201797,126.4996872
33.25172806,126.4996796
33.25144577,126.4996567
33.25115967,126.4996567
33.25085449,126.4996185
33.25055695,126.4996338
33.25271606,126.5024948
33.25299072,126.502739
33.25297546,126.5030746
33.25296402,126.5034637
33.25295639,126.5038452
33.2529335,126.5042648
33.25307846,126.5044556
33.2532196,126.5046082
33.25323486,126.5042496
33.25324249,126.5038452
33.2532692,126.5034561
33.25327301,126.5030518
33.25308228,126.5026932
33.25341034,126.503067
33.25367355,126.503418
33.25391769,126.50383
33.25412369,126.5042572
33.25420761,126.5047531
33.25427246,126.5044708
33.25410843,126.5039978
33.25387573,126.5035553
33.25361252,126.5031509
33.2532959,126.5027695
33.2529335,126.5024338
33.25257874,126.5000305
33.25256348,126.5005417
33.25253296,126.5009232
33.25254059,126.5015717
33.25252533,126.5020828
33.25251007,126.5026321
33.25248718,126.5031052
33.25247955,126.503624
33.25244522,126.5041199
33.25240326,126.5045319
33.25257874,126.5043945
33.25259018,126.5038834
33.25262451,126.5033569
33.25263596,126.5028458
33.25266647,126.5023041
33.25267029,126.5018234
33.25267792,126.5013351
33.25270462,126.5008087
33.25271988,126.5002823
33.2389679,126.4380722
33.23901367,126.4382324
33.23904037,126.4383545
33.2390213,126.4384155
33.23888397,126.4384537
33.23873901,126.4384918
33.23907852,126.4385452
33.23906326,126.4387054
33.23901749,126.4388657
33.23898315,126.4389496
33.23892212,126.4390869
33.23887253,126.4391861
33.23875046,126.4392319
33.24066544,126.4312363
33.24039841,126.4311676
33.24015427,126.4311142
33.23987579,126.4310532
33.23960114,126.4309769
33.23927689,126.4309006
33.23905182,126.4308548
33.23884583,126.4308014
33.24256134,126.4316635
33.2422905,126.4316101
33.24204254,126.4315491
33.2417717,126.431488
33.24149704,126.4314194
33.24125671,126.431366
33.24097061,126.4312973
33.2411499,126.4314575
33.24137878,126.4315109
33.24164963,126.431572
33.24186325,126.431633
33.24215698,126.4316864
33.2424469,126.4317474
33.24492645,126.4321213
33.24441528,126.4320221
33.24406433,126.4319534
33.24375916,126.4318848
33.24348068,126.4318314
33.24327087,126.4317932
33.24294281,126.4317398
33.24280167,126.4318237
33.24312973,126.4318848
33.24338913,126.4319382
33.2439003,126.4320374
33.24427032,126.4321213
33.24472427,126.4321899
33.24825668,126.4326706
33.24795532,126.4326096
33.24766922,126.4325714
33.2470665,126.4324646
33.24677277,126.4324188
33.24648285,126.432373
33.24617004,126.4323273
33.24590683,126.4322891
33.2456398,126.432251
33.24540329,126.4322052
33.24502945,126.432251
33.24526978,126.4322891
33.24552155,126.4323425
33.24578857,126.4323883
33.24604797,126.4324265
33.24631119,126.4324646
33.24662018,126.4325104
33.24691391,126.4325714
33.24720383,126.4326172
33.24750137,126.432663
33.24780273,126.4327087
33.24808884,126.4327469
33.25103806,126.4338478
33.25075335,126.433694
33.25048684,126.4335777
33.24993351,126.4333398
33.24966933,126.4332396
33.2493261,126.433105
33.29565048,126.5950012
33.29590225,126.5945435
33.29616165,126.5940933
33.29640579,126.5936356
33.29666138,126.5931931
33.29691315,126.5927505
33.2971611,126.5923004
33.29740906,126.5918579
33.29767609,126.5914154
33.29795456,126.5910034
33.29825592,126.5906067
33.2985611,126.59021
33.29887009,126.5898285
33.29929733,126.58918
33.29944229,126.5888367
33.29957199,126.5884781
33.29970551,126.5881119
33.29986954,126.5876236
33.29990387,126.5870819
33.29978943,126.5865707
33.29968643,126.5860443
33.29969788,126.5855179
33.29972458,126.5849762
33.29980087,126.5844574
33.29995346,126.5839615
33.30014038,126.5834198
33.30030823,126.5829468
33.30048752,126.5824356
33.30066681,126.581955
33.30086136,126.581398
33.30104828,126.5809174
33.30125046,126.5805283
33.30142975,126.5801926
33.30165863,126.5797729
33.30182648,126.5793762
33.30199051,126.5789795
33.30213165,126.5785751
33.30226517,126.5780258
33.30236053,126.5776215
33.30244446,126.5772095
33.30330276,126.5726776
33.30295181,126.5731506
33.30275726,126.5736389
33.30254364,126.5742416
33.30231476,126.5744858
33.30235672,126.5749969
33.30238724,126.5756912
33.3024292,126.5761337
33.30230713,126.5762482
33.30256653,126.5764389
33.30254364,126.5762405
33.30249405,126.5758743
33.30244064,126.5753403
33.30249405,126.5746918
33.30268478,126.5741119
33.3029213,126.5734406
33.30309677,126.5730896
33.30358505,126.5725632
33.30753708,126.5700684
33.30692291,126.5702133
33.30638123,126.5702133
33.30584717,126.5702209
33.30527878,126.5703735
33.30480957,126.5708313
33.30449295,126.5713959
33.30414963,126.5718842
33.30374527,126.5722885
33.30400467,126.5721741
33.30439758,126.5717239
33.30472183,126.5711746
33.30509567,126.5706329
33.3055954,126.5703583
33.30611801,126.5703125
33.30665207,126.5703278
33.30721664,126.5703201
33.30766296,126.5704498
33.2487793,126.5673752
33.25239563,126.5615387
33.25222778,126.5618286
33.25206375,126.562088
33.25189209,126.5623932
33.25170517,126.5627213
33.25150681,126.5630417
33.25135803,126.5633087
33.25113297,126.5636368
33.25091934,126.5640106
33.25067902,126.5643768
33.25051117,126.564682
33.25029373,126.5650482
33.25004196,126.5654602
33.2498436,126.5657806
33.24966049,126.5661011
33.24943542,126.5664139
33.24921417,126.5668106
33.24903107,126.5671005
33.24892044,126.5674896
33.24901581,126.567337
33.24919128,126.5670471
33.24941254,126.5666962
33.24965668,126.5662689
33.24984741,126.5659866
33.25,126.5657196
33.25027466,126.5652771
33.25069809,126.5645828
33.25092697,126.564209
33.25117194,126.5638382
33.25132751,126.5635452
33.25152969,126.5632248
33.25171661,126.5629196
33.25188828,126.5626373
33.25206757,126.5623398
33.25222778,126.5620651
33.25239182,126.5618134
33.2525444,126.5615387
33.25695419,126.571579
33.25694275,126.5710907
33.25693893,126.5706253
33.25693512,126.5701523
33.25685883,126.5699387
33.25685883,126.5704727
33.25687408,126.5709
33.25686646,126.571434
33.25685501,126.5750046
33.25685501,126.57547
33.25683212,126.5760345
33.2568512,126.5765533
33.25677872,126.5771103
33.25657654,126.5774841
33.25674057,126.5773544
33.25734329,126.5767746
33.25695801,126.576889
33.25691605,126.5767899
33.25692368,126.5762787
33.25692749,126.5757751
33.25695801,126.5752792
33.25694275,126.5747299
33.25694275,126.5742722
33.25693893,126.5737228
33.25694275,126.5731812
33.25694656,126.5726547
33.2568779,126.5723877
33.2568779,126.5729599
33.25687027,126.5733643
33.25688553,126.5739746
33.25688553,126.5744476
33.25695419,126.572197
33.25529861,126.5749207
33.25569153,126.5749207
33.25617599,126.5749207
33.25656128,126.5749435
33.25747681,126.5749283
33.25786972,126.5749359
33.258255,126.5749359
33.25866699,126.5749359
33.25837708,126.5748367
33.25797272,126.5748291
33.25756836,126.5748291
33.25719452,126.5748215
33.25679398,126.5748138
33.25639725,126.5748215
33.25599289,126.5748215
33.25550461,126.5748138
33.25510406,126.5748138
33.25654602,126.5663452
33.25687027,126.5662766
33.25717545,126.5663071
33.25748825,126.5663605
33.2578125,126.5662308
33.25743866,126.5681305
33.25744629,126.5677872
33.25743866,126.5673904
33.2574501,126.5668259
33.25745773,126.5664444
33.25744629,126.5659409
33.25745392,126.565506
33.25744629,126.5651245
33.25743484,126.5647278
33.25742722,126.5643005
33.25740814,126.5639572
33.2640686,126.570076
33.2639122,126.5698547
33.26370621,126.569664
33.26351929,126.5695343
33.26339722,126.5691299
33.26318741,126.5687332
33.26302338,126.5683289
33.26287842,126.5679092
33.26303101,126.5687714
33.26301956,126.5691757
33.2527771,126.567749
33.25302505,126.567749
33.25320816,126.5677261
33.25346375,126.5677261
33.25381851,126.5676956
33.25416565,126.5677109
33.25481033,126.5677338
33.25504684,126.5677567
33.25528717,126.5678253
33.25555801,126.5679092
33.25588226,126.5680237
33.25614166,126.5681
33.25641632,126.5681839
33.25669479,126.5682602
33.2569313,126.5683441
33.25721741,126.568428
33.25745773,126.5684891
33.25766373,126.5685425
33.2579422,126.5686035
33.25814819,126.568512
33.25846481,126.5684738
33.25872421,126.5684509
33.2590065,126.5684204
33.25925827,126.5682983
33.25942612,126.5681915
33.25963974,126.5681
33.25989532,126.5679855
33.26012039,126.5679169
33.26034927,126.5678177
33.26057816,126.5676804
33.26083374,126.5676041
33.26107407,126.5675812
33.26133347,126.5675659
33.26157379,126.5675964
33.26183701,126.5676193
33.2620697,126.5676498
33.26233292,126.567688
33.26258469,126.5677261
33.26288605,126.5677643
33.2632103,126.5677948
33.2633667,126.5678177
33.26356888,126.5678482
33.26381683,126.5678635
33.26407623,126.5678864
33.26434326,126.5679169
33.2645874,126.5679398
33.26484299,126.5679779
33.26508331,126.5680161
33.26537323,126.5680466
33.2656517,126.5680923
33.26583481,126.5681381
33.26584244,126.5679016
33.26561737,126.5678482
33.26536942,126.5678177
33.2651062,126.5677719
33.26485825,126.5677567
33.27511597,126.5672455
33.2754631,126.5670624
33.27578354,126.5669174
33.27614594,126.5667267
33.27645111,126.5665665
33.2768631,126.5663147
33.27708435,126.5661163
33.27737045,126.5659103
33.27769089,126.5656891
33.27797318,126.5654755
33.27768707,126.5654678
33.27744293,126.5656433
33.2771492,126.5658493
33.27684021,126.5660858
33.27653885,126.5662994
33.27622604,126.5664902
33.27590561,126.5666656
33.2755661,126.5668259
33.27523041,126.5669861
33.27497864,126.5671234
33.27513885,126.5673141
33.27513885,126.5673981
33.27505112,126.567337
33.27827835,126.5653
33.27864838,126.5652237
33.27896118,126.5651627
33.2793045,126.5650406
33.27960968,126.5648575
33.27991104,126.5646515
33.28024673,126.5644302
33.28053284,126.5642395
33.28090286,126.564003
33.28120041,126.5638046
33.28149414,126.5635986
33.28128433,126.5635376
33.2809639,126.5637512
33.28065491,126.5639648
33.28035355,126.5641556
33.27999496,126.5643921
33.2796936,126.5645828
33.27940369,126.5647812
33.27906418,126.564949
33.2787323,126.5650177
33.27841568,126.5650864
33.27806473,126.5652161
33.27456665,126.5673218
33.27419281,126.5674973
33.27383041,126.5676498
33.27349854,126.5678711
33.27319717,126.5681686
33.27290344,126.5685196
33.27264023,126.5687943
33.27231598,126.5691681
33.27197266,126.5695419
33.27165222,126.5696793
33.27128601,126.5696259
33.27095032,126.569458
33.27057648,126.5692749
33.27019119,126.5691757
33.26990891,126.5691833
33.26960754,126.569191
33.26926041,126.5692139
33.26885605,126.5692444
33.26848602,126.5690994
33.26810455,126.5688477
33.26767349,126.5685959
33.26725769,126.5683594
33.26674271,126.5681839
33.26625061,126.5680542
33.29163361,126.5560226
33.29148102,126.5561447
33.29122162,126.5562286
33.29092026,126.5562973
33.29057312,126.556366
33.29021835,126.556488
33.28989792,126.5566635
33.28955841,126.5568314
33.28924561,126.5569992
33.28897095,126.5571594
33.28863525,126.5573502
33.28834915,126.5575638
33.28804398,126.5577927
33.2877388,126.5580215
33.28792572,126.5580521
33.28823471,126.5578308
33.28853989,126.5576019
33.28884888,126.5573883
33.2891655,126.5572128
33.28948212,126.5570526
33.28979492,126.5568771
33.29011917,126.5567017
33.29043198,126.5565643
33.2907753,126.5564728
33.29111862,126.5564117
33.29145813,126.5563507
33.2917366,126.5564804
33.26427078,126.5691147
33.26429367,126.5686111
33.26432419,126.5681534
33.2665329,126.5682983
33.26696396,126.568428
33.26745987,126.5686417
33.2678833,126.5689087
33.26828003,126.5691528
33.26869202,126.5693741
33.26908112,126.569397
33.26951218,126.5693741
33.25416946,126.5674896
33.25374603,126.5674744
33.25347519,126.5674973
33.25321198,126.5675201
33.25299072,126.5675278
33.25277735,126.5675338
33.25907135,126.5721817
33.25905609,126.5725937
33.25902176,126.5729675
33.2589798,126.5733795
33.25893402,126.5737762
33.25888443,126.5742035
33.25884628,126.5746155
33.25911713,126.5686569
33.25914001,126.5690079
33.25914764,126.5694427
33.25915146,126.5696411
33.25917435,126.5701523
33.25918961,126.570549
33.25918961,126.5707932
33.25920105,126.5713577
33.25914764,126.5717697
33.25876999,126.5752945
33.25872803,126.5757675
33.25868225,126.5761642
33.25863266,126.5765991
33.25858688,126.5770111
33.25852966,126.5774231
33.2584877,126.5778198
33.25847244,126.578186
33.25842667,126.5785294
33.25838089,126.5789413
33.25497437,126.5697174
33.25540161,126.569725
33.25518036,126.5696487
33.25877762,126.5694962
33.25836563,126.5695114
33.2581749,126.5696182
33.25857544,126.5695877
33.25898361,126.5695724
33.25729752,126.569664
33.2576828,126.5696487
33.25790787,126.5695496
33.25746155,126.5695648
33.25712204,126.5695801
33.25437546,126.5696259
33.25392914,126.5696182
33.25349045,126.5696259
33.25310516,126.569603
33.25260162,126.5696106
33.25215149,126.5695801
33.25238419,126.5696793
33.25278473,126.5696793
33.25330734,126.5697021
33.25373459,126.5696945
33.25415039,126.5697021
33.25577545,126.5724869
33.25576782,126.5727692
33.25531387,126.572113
33.25569916,126.5720978
33.25609207,126.5720978
33.25660324,126.5721054
33.25679779,126.5720062
33.25630569,126.571991
33.25587463,126.5719986
33.25548553,126.5720062
33.25513458,126.5719986
33.25723648,126.572113
33.25762558,126.572113
33.25812912,126.5721207
33.25856781,126.5721207
33.25892258,126.5721207
33.25873947,126.5720062
33.25829697,126.5720062
33.25782394,126.5720062
33.25740051,126.5720062
33.25697708,126.571991
33.25950928,126.5721355
33.25984573,126.571991
33.26031494,126.5718002
33.26074219,126.5716248
33.26121521,126.5715408
33.2616539,126.5714569
33.26213074,126.5713425
33.26251602,126.5712967
33.26302719,126.5712662
33.2634201,126.5712967
33.26388931,126.571312
33.26434708,126.5713348
33.26479721,126.5713577
33.2650032,126.5712738
33.26456833,126.5712433
33.2640419,126.5712128
33.2636528,126.5711975
33.26321411,126.5711746
33.26275253,126.5711594
33.26230621,126.5711899
33.26186752,126.5712891
33.26140976,126.5713806
33.26097107,126.5714722
33.26051331,126.5716019
33.2600975,126.571785
33.25964355,126.5718842
33.25930023,126.5719604
33.25453186,126.5719452
33.25434113,126.5719223
33.25413513,126.571907
33.2539444,126.5718765
33.2537384,126.5718536
33.25328064,126.5717926
33.25310516,126.5717621
33.25272369,126.571785
33.25254822,126.5718079
33.25237656,126.5718384
33.25220108,126.5718613
33.25340271,126.5718155
33.2579422,126.5716095
33.25793839,126.5713425
33.24293518,126.5993118
33.24328613,126.5993042
33.24362183,126.5992737
33.24394989,126.5992661
33.24427795,126.5992355
33.24459457,126.5992355
33.24485779,126.5992432
33.24516678,126.5992889
33.24547958,126.5994034
33.24579239,126.5995026
33.24610901,126.5996399
33.23687744,126.4809418
33.2365036,126.4809265
33.23612595,126.4809647
33.23586273,126.4810181
33.23316956,126.4831467
33.23296356,126.4826813
33.23279953,126.4827042
33.23291779,126.4829712
33.23299789,126.4834061
33.23280334,126.4837189
33.23309708,126.483696
33.23270035,126.4820557
33.23255539,126.4817276
33.23235703,126.4812393
33.23217773,126.4808121
33.23203278,126.4804382
33.23181915,126.4799423
33.23168945,126.4795685
33.23178101,126.4794006
33.23142242,126.4795074
33.23160553,126.479805
33.23179245,126.4802628
33.23193741,126.4806747
33.23215485,126.4812164
33.23233414,126.4816437
33.23252487,126.4820557
33.23159409,126.479248
33.23119736,126.4791718
33.23080444,126.4790573
33.23041153,126.4788284
33.23008347,126.4785309
33.22981262,126.4784241
33.23012161,126.4787979
33.23054123,126.4791031
33.23094177,126.4792786
33.22978973,126.478096
33.22960281,126.4777374
33.22940445,126.4773712
33.22922516,126.4770279
33.22897339,126.4765549
33.2288208,126.4762878
33.22859955,126.4758377
33.22828674,126.4752731
33.22848511,126.4759979
33.22878647,126.4765396
33.22898483,126.4769058
33.22919083,126.477272
33.22938538,126.4776459
33.22957611,126.4780045
33.24827841,126.4780028
33.24802382,126.4780311
33.24773349,126.4781375
33.24748141,126.4782275
33.24722702,126.4783041
33.2469861,126.4783673
33.24676993,126.4784195
33.24655376,126.4784718
33.24629915,126.4784947
33.24604887,126.4784775
33.24574022,126.4785142
33.24545647,126.4785775
33.24517744,126.4786892
33.24491891,126.4788544
33.24469426,126.4790354
33.2444852,126.4791708
33.24421968,126.4792797
33.24396524,126.4793455
33.24365892,126.479401
33.24335019,126.4794189
33.24309531,126.4793775
33.24282036,126.4793899
33.24258387,126.4794342
33.24232055,126.4795297
33.24203003,126.4795904
33.24171444,126.4795869
33.24139667,126.4795995
33.24111955,126.4796307
33.2409169,126.4796828
33.24069852,126.4797458
33.24043502,126.4797983
33.24736786,126.5639572
33.24730682,126.5636597
33.24723816,126.5633774
33.24720001,126.5631866
33.24707031,126.5626221
33.24695969,126.5623245
33.24691391,126.5621796
33.24697495,126.5625
33.24705505,126.5628281
33.24710083,126.5630646
33.24721909,126.5635681
33.24728394,126.5638046
33.24733353,126.5641174
33.2473793,126.5644379
33.24740982,126.5647812
33.24741364,126.5651093
33.24744034,126.5654449
33.24745178,126.5657349
33.24750137,126.5660553
33.24776459,126.5668869
33.24797821,126.5671692
33.2481308,126.567421
33.2482338,126.5674896
33.24807358,126.5672455
33.24791718,126.5670013
33.2477684,126.5667801
33.24760818,126.5664139
33.24758148,126.5662079
33.24753571,126.5659256
33.24751282,126.5655746
33.24747086,126.5651779
33.24745941,126.564949
33.24744034,126.5645905
33.24743271,126.5643082
33.28827286,126.5750046
33.28843307,126.5752945
33.28862762,126.5756302
33.2888031,126.5759277
33.28898239,126.5762558
33.28917694,126.5765915
33.28936386,126.5769043
33.28955078,126.57724
33.28973007,126.5775528
33.28990555,126.577858
33.29009628,126.578186
33.2902832,126.5785141
33.29043579,126.5787811
33.29046249,126.578537
33.29032516,126.5782776
33.29013824,126.5779648
33.28992081,126.5775757
33.28974533,126.5772552
33.28955841,126.5769348
33.28938293,126.5766373
33.28921127,126.5763168
33.28904724,126.5760345
33.28884125,126.5756836
33.28865051,126.5753555
33.28847504,126.5750504
33.28611374,126.5712051
33.2863884,126.5717697
33.28658676,126.5720825
33.28680038,126.572464
33.28703308,126.5728607
33.28721237,126.5731812
33.28742981,126.573555
33.28762054,126.5738831
33.28781891,126.574234
33.2880249,126.5745773
33.28823471,126.5746765
33.28804779,126.5743408
33.28783035,126.5739594
33.28763199,126.573616
33.28743744,126.573288
33.28723907,126.5729141
33.2870369,126.5725632
33.28682709,126.5722046
33.28662872,126.5718536
33.28643036,126.5714722
33.25209045,126.5694427
33.25197983,126.5687714
33.25213623,126.5715256
33.2521286,126.5712433
33.25211716,126.5709839
33.25210571,126.5706635
33.25211716,126.5704117
33.25210571,126.5698853
33.25468445,126.5721283
33.24760818,126.5163956
33.24743271,126.5164185
33.24716949,126.5163803
33.2468071,126.5163269
33.24642563,126.516304
33.24604797,126.5162964
33.24569321,126.5162811
33.24533081,126.5162659
33.24494934,126.5163269
33.24455261,126.5164337
33.24419785,126.5165176
33.24382019,126.5166168
33.2435379,126.5166931
33.24315262,126.5167847
33.242836,126.5168762
33.24250412,126.5169754
33.24209595,126.5172195
33.24181747,126.5174866
33.24158096,126.5177231
33.241745,126.5177231
33.24202728,126.5174484
33.24237823,126.5171738
33.24272919,126.5170364
33.24302673,126.5169601
33.24336243,126.5168686
33.24371719,126.516777
33.2440834,126.5166855
33.24441528,126.5166016
33.24478531,126.5165024
33.24514771,126.5164261
33.24550629,126.5164032
33.2458725,126.5164261
33.24622345,126.5164337
33.24658585,126.516449
33.24697495,126.5164871
33.24731445,126.5165329
33.24755478,126.5165939
33.23741531,126.5953522
33.23760986,126.5949631
33.23791504,126.5944824
33.23817825,126.5940781
33.23854828,126.5936813
33.23894501,126.5934677
33.24280167,126.5922089
33.24320221,126.5919189
33.24353027,126.591507
33.24384689,126.5910721
33.244133,126.5906982
33.24444962,126.5902481
33.24474716,126.5898438
33.24504471,126.589447
33.24532318,126.5891266
33.24172592,126.5973434
33.24176407,126.5977325
33.24178314,126.5980148
33.24188995,126.598465
33.24049377,126.5643539
33.2399559,126.5640793
33.24434662,126.5651779
33.24393845,126.5651855
33.24345779,126.5651627
33.24312592,126.5650635
33.24272156,126.5649414
33.24226761,126.5648193
33.24192429,126.5647278
33.24145889,126.5645905
33.24097824,126.564476
33.24126434,126.5646667
33.24168396,126.5647812
33.24215317,126.5649109
33.24252701,126.5650177
33.24294281,126.5651398
33.24323654,126.5652084
33.24365234,126.5653152
33.24419403,126.5652924
33.24459076,126.5652695
33.30663265,126.4193607
33.3063169,126.4193199
33.30597424,126.4193114
33.30559558,126.4193139
33.30505473,126.419339
33.30470341,126.4194057
33.3043878,126.4193971
33.30412634,126.4193988
33.30382892,126.4194223
33.30360357,126.4194345
33.30346833,126.4194354
33.29197311,126.5564499
33.29203415,126.5561523
33.29189301,126.5558929
33.29160309,126.5554657
33.29159927,126.5558014
33.26989746,126.3952637
33.27040482,126.3955231
33.27082443,126.3957443
33.27132797,126.3958054
33.2718277,126.3958664
33.27229309,126.3960114
33.27272797,126.396225
33.27313232,126.3964539
33.27365494,126.3966293
33.2741127,126.3968048
33.2745285,126.3969498
33.27496719,126.3970947
33.27536011,126.3972092
33.27572632,126.3973465
33.27615738,126.3974991
33.27655792,126.3975296
33.27700043,126.3974762
33.27743912,126.3973923
33.2779007,126.3972855
33.27830887,126.3971634
33.26457596,126.3930206
33.26496506,126.3933487
33.26543808,126.3936081
33.2659111,126.3937302
33.26682663,126.3940582
33.26726151,126.3942184
33.26771927,126.3943634
33.26813507,126.3945389
33.25601196,126.5196228
33.25580978,126.5197067
33.25561523,126.5197906
33.25548172,126.5198669
33.25550842,126.5200119
33.25553131,126.5201721
33.2571373,126.5198212
33.25713348,126.5196152
33.25714874,126.5194016
33.25737,126.5191803
33.2571907,126.5191803
33.25700378,126.5191803
33.25682449,126.5192261
33.25666809,126.5192871
33.25649643,126.5193787
33.25634384,126.5194626
33.25619125,126.5195084
33.2585907,126.5190811
33.25839615,126.5190811
33.25821686,126.5190659
33.2580452,126.5190659
33.25786591,126.5190811
33.25776291,126.5191956
33.25773239,126.519371
33.25772095,126.5195618
33.25772476,126.5197601
33.25920486,126.5198975
33.25920105,126.5196686
33.25920105,126.519455
33.25912476,126.5191116
33.25893021,126.519104
33.25985718,126.5191422
33.25967407,126.5191422
33.25963593,126.5193176
33.2596283,126.5194931
33.2596283,126.5196838
33.25963593,126.5198517
33.26057816,126.5198669
33.26056671,126.5196609
33.26055908,126.5194626
33.26054001,126.5192032
33.26037598,126.519165
33.26020813,126.5191574
33.2543602,126.5208282
33.25459671,126.5207367
33.25489807,126.5206223
33.25518417,126.5205154
33.25558853,126.5203629
33.25625229,126.5201111
33.25656128,126.52005
33.25684738,126.5200577
33.25711823,126.5200577
33.25733566,126.5200653
33.25776672,126.5200348
33.25801086,126.5200348
33.25833511,126.5200424
33.25867844,126.5200424
33.25896454,126.52005
33.25923538,126.5200424
33.25960159,126.52005
33.2598877,126.5200577
33.26023865,126.5200577
33.26057816,126.5200729
33.26085281,126.5200729
33.26073837,126.5199814
33.26039886,126.5199814
33.25999451,126.5199738
33.25976944,126.5199738
33.25936127,126.5199661
33.25905609,126.5199585
33.25884628,126.5199509
33.2584877,126.5199509
33.25811768,126.5199509
33.25789261,126.5199509
33.25756073,126.5199432
33.25750351,126.5199356
33.2573204,126.519928
33.25724792,126.5199432
33.25697327,126.5199432
33.25669861,126.5199356
33.2563858,126.5199432
33.2560463,126.5200653
33.25571823,126.5201874
33.25537109,126.5203247
33.25502014,126.5204544
33.2546463,126.5205917
33.25446701,126.520668
33.25628281,126.5199051
33.25622559,126.5196915
33.25664902,126.519722
33.25663376,126.5195236
33.25825882,126.5198364
33.25826263,126.5196609
33.25827026,126.5194702
33.25826645,126.5192795
33.25877762,126.5197144
33.25878143,126.5194855
33.25878906,126.5192566
33.25878906,126.5190506
33.25878525,126.5188751
33.26005173,126.5190353
33.26002884,126.5191345
33.26006317,126.5193329
33.26006699,126.5195313
33.26006699,126.519722
33.26029587,126.40625
33.26022339,126.4060593
33.2599411,126.4055862
33.25978088,126.4053116
33.25963593,126.4050751
33.25949478,126.4048233
33.26039886,126.4070053
33.26047134,126.4072647
33.26055145,126.4076385
33.26065063,126.4080048
33.26069641,126.4084015
33.26071548,126.4087524
33.26073837,126.4091797
33.26078415,126.4095078
33.26085663,126.409874
33.26093674,126.4102859
33.26098251,126.4106064
33.26097488,126.4109497
33.25666714,126.4133331
33.25651387,126.4133328
33.25634394,126.4133875
33.25618769,126.4134731
33.25600424,126.413528
33.25586123,126.4135531
33.25570455,126.4135474
33.2603302,126.4118729
33.2600975,126.411377
33.25993347,126.4110031
33.26162338,126.4122925
33.26164627,126.4124603
33.25858307,126.4136658
33.25881577,126.4136734
33.25902557,126.4136581
33.2592659,126.4136734
33.25962067,126.4136658
33.26000595,126.4136734
33.26037979,126.4135437
33.26071167,126.4133682
33.26105499,126.4131241
33.26137543,126.4128418
33.26163864,126.4126205
33.25684428,126.4133735
33.24758108,126.5709354
33.24701001,126.5707048
33.2469512,126.5699942
33.24706011,126.5695484
33.24737516,126.5693993
33.24757545,126.5693044
33.25090408,126.5583038
33.25106812,126.5581589
33.25127411,126.5581055
33.2514267,126.5581055
33.25147247,126.558403
33.25004578,126.5589218
33.24994278,126.5589523
33.24981689,126.5589981
33.24967575,126.5590363
33.24950027,126.5590973
33.24941254,126.5591278
33.24935532,126.5591431
33.24919891,126.5591965
33.24905777,126.5592499
33.24893188,126.559288
33.24879837,126.5593338
33.24873352,126.5593567
33.24863815,126.5593872
33.24852753,126.5594254
33.24845886,126.5594559
33.24834061,126.5595016
33.24819946,126.5595398
33.2481308,126.5595551
33.24805832,126.5595703
33.24792862,126.5596161
33.24779129,126.5596695
33.24770737,126.5596848
33.24906921,126.5585251
33.24900436,126.5589294
33.24901962,126.5595627
33.24908066,126.5598526
33.24914932,126.5602112
33.24919891,126.5605545
33.25226974,126.5604706
33.25197601,126.5601959
33.25172043,126.5599518
33.25137329,126.559639
33.25107956,126.5593719
33.25081253,126.5591202
33.25054932,126.558876
33.25020218,126.5585709
33.2498703,126.5582733
33.24954605,126.5579758
33.24928284,126.557724
33.24896622,126.5574417
33.24866486,126.5571747
33.24832535,126.5568542
33.2480278,126.556572
33.24766922,126.5564194
33.24782181,126.5565186
33.24814224,126.5568161
33.24847794,126.5571213
33.24872971,126.5573807
33.24900436,126.5576172
33.24931335,126.5579147
33.24966431,126.5582428
33.24992752,126.5584717
33.25019455,126.5587234
33.25048447,126.5589828
33.25080109,126.5592728
33.25108719,126.5595398
33.25140762,126.5598373
33.25173569,126.5601196
33.25201035,126.5604019
33.25097656,126.5584412
33.24995422,126.5156708
33.24997711,126.5154419
33.24998093,126.5152512
33.24995422,126.5150375
33.24986267,126.5148315
33.24973297,126.5147018
33.24960327,126.5146408
33.2494278,126.5145721
33.24920654,126.5144958
33.24900436,126.5143967
33.24884796,126.5143661
33.2486763,126.514328
33.24860764,126.5144119
33.24858093,126.5146332
33.24856186,126.5148468
33.24853897,126.5150681
33.24852753,126.515274
33.24869156,126.5153046
33.24887848,126.5153427
33.24904251,126.5154114
33.24920273,126.5154953
33.24935913,126.5155945
33.24953842,126.5156631
33.24970627,126.5157242
33.24982452,126.51577
33.25,126.5158081
33.25015259,126.5158539
33.2490387,126.5146255
33.24901962,126.5148392
33.24899292,126.5150528
33.24894714,126.5152435
33.24945068,126.5154724
33.24948502,126.5152435
33.2495079,126.5150757
33.24953079,126.5149231
33.25269318,126.5156708
33.25297928,126.5158768
33.25326157,126.5160675
33.25354004,126.5162659
33.2538414,126.5164185
33.25416183,126.5165253
33.25432587,126.5165863
33.25428772,126.516449
33.25404358,126.5163727
33.25373077,126.516243
33.253479,126.5160828
33.25317764,126.5158691
33.25291443,126.515686
33.25262451,126.51548
33.25040436,126.5126266
33.25061035,126.5126724
33.25064087,126.5125275
33.25046921,126.5124664
33.2504158,126.5127869
33.25037003,126.513031
33.25031281,126.5133514
33.25028229,126.5135269
33.25021744,126.5140533
33.25017548,126.5142822
33.25012589,126.5143661
33.25003815,126.5144119
33.24973679,126.5143433
33.24942017,126.5142365
33.24910736,126.5141068
33.248806,126.5140076
33.24850845,126.5138626
33.24834824,126.5140076
33.24860382,126.5140839
33.24892807,126.5141678
33.24929428,126.5143051
33.24954605,126.514389
33.24985123,126.5145111
33.24998856,126.5146103
33.25009918,126.51474
33.25233078,126.5153351
33.25201416,126.5152054
33.25168991,126.5150909
33.25141144,126.5149841
33.25109482,126.5148621
33.25082016,126.5147552
33.25064468,126.514679
33.25053024,126.514595
33.2504425,126.5144806
33.25038147,126.5142975
33.25039291,126.5139923
33.25042343,126.5137482
33.25045776,126.5134735
33.25051117,126.5131607
33.25055313,126.512825
33.25053406,126.517395
33.25052643,126.5171204
33.25051117,126.5169144
33.25048065,126.5166702
33.25044632,126.5164032
33.25040817,126.516098
33.25037766,126.5158615
33.25035477,126.5156326
33.25033569,126.5154037
33.25032425,126.515152
33.25035095,126.5149307
33.25040054,126.5148315
33.25048065,126.5147858
33.25073624,126.5148392
33.2509613,126.5149307
33.2512207,126.5150223
33.25151825,126.5151443
33.25182724,126.5152588
33.25214386,126.5153809
33.25243759,126.5155106
33.25016022,126.5149078
33.25019836,126.5151596
33.25020599,126.515419
33.25022125,126.515625
33.25025558,126.5159378
33.25028229,126.5161285
33.25031281,126.5164261
33.25034714,126.5166855
33.25037766,126.5169373
33.2503891,126.517189
33.25038147,126.5174026
33.25030136,126.5175247
33.24991226,126.5239029
33.24991989,126.5235443
33.24993134,126.5231781
33.24994659,126.5227966
33.24998856,126.5224991
33.24998856,126.5223923
33.25001144,126.5220337
33.2500267,126.521843
33.25001526,126.5214844
33.25003052,126.5211029
33.25005341,126.5207291
33.25010681,126.5203476
33.25014877,126.5201035
33.2502327,126.5196762
33.25030136,126.5192871
33.25037003,126.5189285
33.25044632,126.5185547
33.25035095,126.5183487
33.25030899,126.5187073
33.25022888,126.5190735
33.2501564,126.5194473
33.25008392,126.5198059
33.25002289,126.5201797
33.24998856,126.520462
33.24995422,126.5208969
33.24992371,126.5216446
33.249897,126.5220032
33.24983978,126.5221252
33.2497673,126.5221329
33.24951172,126.5221024
33.24923706,126.5220795
33.24897385,126.5220413
33.24871826,126.5219879
33.2483139,126.5219345
33.24814224,126.5219421
33.24790955,126.5219269
33.24765396,126.521904
33.24747086,126.5219955
33.24778366,126.5220184
33.24806213,126.5220566
33.24831772,126.5221176
33.24860001,126.5221481
33.24885178,126.522171
33.24912262,126.5221863
33.24938583,126.5222015
33.24966431,126.5222397
33.24983978,126.5222778
33.24986649,126.5226059
33.24983215,126.5233612
33.24982071,126.5237274
33.24982071,126.524086
33.25331879,126.5226746
33.2532196,126.5228119
33.25311661,126.5229645
33.25300598,126.5231323
33.2529068,126.5232697
33.2527771,126.5234146
33.25262451,126.523407
33.25242233,126.5234146
33.25225449,126.523407
33.25209427,126.523407
33.25192261,126.5233994
33.25174713,126.5233994
33.25154495,126.5233994
33.25136185,126.5233917
33.25120544,126.5233917
33.25098801,126.5233994
33.25098419,126.5237274
33.25098801,126.5240784
33.25107574,126.5239182
33.25107193,126.5235443
33.25746155,126.5198288
33.25746918,126.5195313
33.25753021,126.5192413
33.25749588,126.5190125
33.2573967,126.5193863
33.25737,126.5196762
33.25748444,126.5188293
33.25767899,126.5189362
33.25775146,126.5188599
33.25815582,126.5146484
33.25813293,126.5149994
33.25811768,126.5153961
33.25810242,126.5157013
33.25809097,126.516037
33.25803757,126.5163269
33.25802994,126.5164871
33.25806808,126.5165863
33.25805664,126.5169067
33.2580452,126.5172119
33.25800705,126.5175171
33.25793076,126.5177536
33.25781631,126.5180969
33.25787735,126.5182571
33.25794983,126.5179901
33.25805664,126.5176773
33.25811386,126.5174026
33.25814056,126.5170364
33.25814438,126.5167618
33.25815964,126.5164795
33.25816727,126.5163422
33.25817108,126.5162354
33.25818253,126.5159073
33.25823212,126.515564
33.25831223,126.5154037
33.25851059,126.515419
33.2586937,126.5154114
33.25886917,126.5154037
33.25904846,126.5154114
33.25924683,126.5154266
33.25941849,126.5154419
33.25959396,126.5155106
33.25952148,126.5152969
33.2586174,126.5152969
33.25841522,126.5152588
33.258255,126.515152
33.25826645,126.5148239
33.25813293,126.5143738
33.25813675,126.514534
33.258255,126.5145264
33.25825882,126.5143967
33.25470352,126.5166779
33.25497055,126.5166931
33.25510788,126.5167313
33.25524902,126.516716
33.25534058,126.5167084
33.25562286,126.5167084
33.2559433,126.5166702
33.2562561,126.5166168
33.25658417,126.5165558
33.25689697,126.51651
33.25720215,126.5164795
33.25748825,126.5164719
33.25772858,126.5164642
33.25786972,126.5163498
33.25760269,126.5163498
33.25736618,126.5163498
33.25705338,126.5163727
33.25671768,126.5164108
33.25640869,126.5164719
33.25608826,126.5165253
33.25578308,126.516571
33.25546646,126.5165863
33.25522995,126.5165863
33.25511551,126.5165863
33.25484848,126.5165634
33.25443268,126.516655
33.25445175,126.5168152
33.25442505,126.5170364
33.25441742,126.5172577
33.25440979,126.5174408
33.2543869,126.5176697
33.25436401,126.5178986
33.2543335,126.5181961
33.25429535,126.518364
33.25423431,126.5185852
33.25419235,126.5187759
33.25412369,126.5189743
33.25401688,126.5192108
33.2539444,126.51931
33.2542305,126.5193176
33.25425339,126.5190735
33.25431061,126.5188675
33.25437546,126.5186615
33.25443268,126.5184174
33.25447845,126.5181961
33.2545166,126.517952
33.25458527,126.5177078
33.25458908,126.5174637
33.25458527,126.5172653
33.25459671,126.5170364
33.2545929,126.5168381
33.25460815,126.5167389
33.2539978,126.5134201
33.25401306,126.5136108
33.25399399,126.5138245
33.25398254,126.514061
33.25399017,126.5142899
33.25400543,126.5145187
33.25404739,126.51474
33.25408554,126.5149689
33.25414658,126.5151901
33.2542038,126.5153961
33.25427246,126.5156174
33.25432968,126.5158386
33.25437164,126.5160599
33.25440598,126.5162888
33.25437927,126.5164108
33.25458145,126.5164948
33.2545433,126.516243
33.2545166,126.5160141
33.25445938,126.5157852
33.25441742,126.5155792
33.25437546,126.5153046
33.25428009,126.5151291
33.25421906,126.5149231
33.25417709,126.5147095
33.25415039,126.5144958
33.25413513,126.5142822
33.25413132,126.514061
33.25413132,126.5138474
33.25414658,126.5136261
33.25419235,126.5134735
33.25420761,126.5238571
33.25421524,126.5235443
33.25422287,126.523201
33.25422287,126.5229034
33.25422287,126.5225677
33.25422287,126.5222321
33.25422287,126.5219345
33.25422287,126.5216217
33.2542305,126.5213089
33.25422287,126.5210037
33.25419998,126.5206375
33.25418091,126.5203629
33.25416183,126.5200348
33.25406647,126.5201874
33.25410461,126.5204926
33.25412369,126.5208511
33.25413895,126.5211411
33.25414276,126.5214615
33.25413132,126.5217514
33.25413513,126.5220947
33.25413895,126.5223923
33.25413513,126.5227203
33.25413132,126.5230331
33.25413895,126.5233612
33.2541275,126.5236969
33.2541275,126.5240021
33.25783539,126.5188141
33.25795746,126.5187759
33.25818634,126.5187378
33.25839996,126.5187378
33.25861359,126.5187531
33.25896835,126.5187912
33.25915527,126.5187988
33.25934982,126.5187836
33.25959015,126.5188065
33.25979614,126.5188065
33.25997925,126.5188217
33.26014709,126.5188904
33.26034927,126.518837
33.26055527,126.5188675
33.26075745,126.5188904
33.26073074,126.5186386
33.26056671,126.518631
33.26034927,126.5186615
33.25996399,126.5186386
33.25979233,126.518631
33.25959396,126.5186234
33.25934982,126.5186157
33.25915146,126.5185699
33.2589798,126.5185776
33.25878906,126.5185928
33.25860977,126.5185776
33.25839615,126.5185699
33.25822449,126.5185547
33.2579689,126.5185013
33.25788879,126.518425
33.25770187,126.5183105
33.25760651,126.5183945
33.25748825,126.5184555
33.25734711,126.5184937
33.25715256,126.5185471
33.25697708,126.5186005
33.25678253,126.5186844
33.25658798,126.5187759
33.25641632,126.5188751
33.25625229,126.518959
33.25611877,126.5190353
33.25589752,126.5191498
33.25568771,126.5192184
33.25549698,126.5192642
33.25529861,126.5193558
33.25513458,126.5194092
33.25493622,126.5194473
33.25479507,126.520195
33.25478363,126.5198822
33.2548027,126.5196915
33.25495529,126.5196228
33.25515366,126.519577
33.25534058,126.5195541
33.2555542,126.5194702
33.25572968,126.5194092
33.25593185,126.51931
33.25611877,126.5193634
33.25614548,126.5192032
33.25630188,126.5191193
33.25647736,126.5190277
33.25666428,126.5189362
33.25681686,126.5188522
33.25701141,126.5187683
33.25717545,126.5187302
33.25737381,126.5187531
33.254776,126.5178604
33.25474167,126.518074
33.25464249,126.5185471
33.25460434,126.5187073
33.25455093,126.5189285
33.25456238,126.5191422
33.2547226,126.5192108
33.25476456,126.5192795
33.25469589,126.5194244
33.25457001,126.5195007
33.2543869,126.5195084
33.25426483,126.5193939
33.25422287,126.519783
33.25437927,126.5196915
33.25456619,126.5196838
33.25467682,126.5197906
33.25470352,126.5200043
33.25470734,126.5203552
33.25512314,126.5168304
33.25510788,126.517189
33.25509644,126.5175552
33.2550621,126.5178909
33.25502014,126.518158
33.25496674,126.5184555
33.2549057,126.5187454
33.25483704,126.5190201
33.25488281,126.5191956
33.25496674,126.5189056
33.25503159,126.5186234
33.25508881,126.5183258
33.25513458,126.5180283
33.25517273,126.5177536
33.25519943,126.5173645
33.25520706,126.5170059
33.25018692,126.5175476
33.25000763,126.5174484
33.2498436,126.5173264
33.24966049,126.5171661
33.24946594,126.5170517
33.24929047,126.5169525
33.24918747,126.5168839
33.24902725,126.5168076
33.24889755,126.5167542
33.24871826,126.5166931
33.24849319,126.5166168
33.24832535,126.5165482
33.24811554,126.5164642
33.24806976,126.5166931
33.24825668,126.5167542
33.24847794,126.5167847
33.2486763,126.5168533
33.24885941,126.516922
33.24922943,126.5171051
33.24940491,126.5172272
33.2495842,126.5173416
33.24973679,126.5175018
33.24991608,126.517601
33.2501297,126.517746
33.25024414,126.517868
33.25030136,126.5179977
33.25033188,126.5181351
33.25383759,126.5193787
33.2537117,126.5194244
33.25353241,126.5194321
33.25336075,126.5194092
33.25318146,126.519371
33.25297546,126.5193176
33.2527771,126.5192566
33.25257111,126.5192032
33.25237656,126.5191345
33.2523613,126.5193481
33.25255585,126.5194016
33.25275803,126.5194321
33.25295639,126.5194855
33.25314331,126.5195465
33.25333405,126.5195923
33.25351334,126.5196381
33.25370407,126.5197067
33.25391769,126.5198822
33.25060272,126.5182571
33.25074005,126.5182571
33.25090027,126.5183945
33.2510643,126.5185547
33.25124741,126.5187073
33.25140762,126.5188293
33.25158691,126.5189438
33.25177765,126.5190506
33.2519455,126.519165
33.25213242,126.5192642
33.25213623,126.5190353
33.25200272,126.5189819
33.25182724,126.5188904
33.25164795,126.5187836
33.25147247,126.5186615
33.25130463,126.5185394
33.25098801,126.5182571
33.2508316,126.5180969
33.25069427,126.5178757
33.25063324,126.517746
33.25059128,126.5176392
33.2530899,126.5217438
33.25312805,126.521286
33.2531662,126.5207443
33.2531929,126.5203476
33.25323486,126.5198822
33.25318527,126.5196381
33.25315094,126.5201111
33.25310898,126.5205841
33.25307846,126.5210495
33.2530365,126.5215073
33.25028229,126.5200043
33.25045395,126.5201111
33.25061417,126.5201874
33.2507782,126.5202866
33.25094604,126.5203934
33.25110626,126.5205002
33.25127411,126.5205612
33.2514534,126.5206299
33.25162888,126.5206985
33.25179672,126.5207672
33.25196838,126.5208282
33.25203323,126.520668
33.25205612,126.5205307
33.25209808,126.5203171
33.25213623,126.5200882
33.25217819,126.5198517
33.25221634,126.5196304
33.25225449,126.5194244
33.2504158,126.5199203
33.25027847,126.5198212
33.26010513,126.5243225
33.25971603,126.5243225
33.25935745,126.5243225
33.25898361,126.5243149
33.25865555,126.5243149
33.25834656,126.5243149
33.25798035,126.5243149
33.25761414,126.5243073
33.25727844,126.5243073
33.2569313,126.5242996
33.25656891,126.5242996
33.25621033,126.5242996
33.25584412,126.5242996
33.25548935,126.5242996
33.2551384,126.524292
33.25471878,126.5242844
33.2545433,126.5243912
33.2549324,126.5243912
33.25529099,126.5244064
33.25576401,126.5244141
33.25608063,126.5244141
33.25642014,126.5244141
33.25675964,126.5244217
33.25712967,126.5244064
33.2574501,126.5244217
33.25785446,126.5244293
33.25821686,126.5244217
33.2584877,126.5244217
33.25882721,126.5244293
33.25919342,126.5244293
33.25955582,126.5244293
33.25990677,126.5244293
33.26293182,126.5225372
33.26266098,126.5226212
33.26239777,126.5227432
33.26216507,126.5229874
33.26194382,126.5233231
33.26169968,126.5236359
33.26147079,126.5239258
33.26150513,126.5241699
33.26169586,126.5239105
33.2618866,126.5236435
33.25089645,126.5242081
33.25062561,126.5242081
33.25031281,126.5242004
33.24999619,126.5242004
33.24973679,126.5242081
33.24941635,126.5242081
33.24907303,126.5242233
33.24877167,126.5242386
33.24840164,126.5242538
33.24811935,126.5242691
33.24782562,126.5242844
33.24743652,126.5242996
33.24806595,126.553009
33.25223541,126.5536346
33.24132538,126.5625458
33.24147797,126.5624237
33.24111557,126.5624466
33.24168777,126.5625839
33.24194336,126.5628815
33.24212646,126.563118
33.24240875,126.563446
33.24268723,126.5637207
33.24305344,126.5639267
33.2433815,126.5640182
33.24378586,126.5641861
33.24407578,126.5642776
33.24440384,126.5643463
33.24468231,126.5644226
33.2446022,126.5642929
33.24428558,126.5642166
33.24401474,126.5641403
33.2436142,126.5640182
33.24322891,126.5638809
33.24285126,126.563736
33.24259949,126.5635147
33.24230194,126.563179
33.24215698,126.5629654
33.24189758,126.5626526
33.25505447,126.5559235
33.25542068,126.5559082
33.25592041,126.5559006
33.25180435,126.6231079
33.25209045,126.6232758
33.25235748,126.6231384
33.25652313,126.6228943
33.25610352,126.6227112
33.25573349,126.6226349
33.25528336,126.622551
33.25490189,126.6225281
33.25452423,126.6225128
33.25413132,126.6225128
33.25371552,126.6225281
33.25329971,126.6225967
33.25285339,126.6227341
33.25247955,126.6229401
33.26329803,126.6239395
33.26296616,126.6239777
33.26264191,126.6240005
33.26223755,126.6240234
33.26186752,126.62397
33.26145935,126.6239243
33.26110458,126.6238174
33.26082611,126.6237335
33.26047134,126.6236191
33.26008224,126.6235199
33.25974274,126.6235199
33.25938416,126.6235352
33.25904846,126.6235352
33.25868225,126.623497
33.25824356,126.6234512
33.2579422,126.6234207
33.25759888,126.6233749
33.25724792,126.6232986
33.25692368,126.6231461
33.25050354,126.6198273
33.25065231,126.620285
33.25065613,126.6207733
33.25024796,126.6194687
33.24687708,126.524259
33.2586937,126.5144348
33.25898361,126.5144958
33.25919724,126.5145416
33.2593689,126.5145798
33.2595253,126.5146179
33.2596817,126.5146561
33.25983047,126.5146942
33.25999832,126.5147247
33.26016235,126.5147629
33.26033401,126.5148087
33.25705719,126.5140533
33.25724411,126.5140915
33.25741577,126.5141296
33.25758743,126.5141754
33.25775528,126.5142136
33.25687408,126.5139236
33.25652313,126.5138474
33.25618362,126.5137558
33.25581741,126.5136948
33.25547791,126.5136261
33.25508499,126.5135422
33.25469589,126.5134583
33.25429535,126.5133667
33.25448608,126.513504
33.25488663,126.5135956
33.25527954,126.5136795
33.25563812,126.5137634
33.25598526,126.5138321
33.25634003,126.5139084
33.25666046,126.5139618
33.25402451,126.5132523
33.2542038,126.5133133
33.2509079,126.5127029
33.25120163,126.5127716
33.2515564,126.5128555
33.25193787,126.5129395
33.25229263,126.5130157
33.25263214,126.513092
33.25297546,126.513176
33.25332642,126.5132446
33.25368881,126.5133286
33.25391769,126.5132904
33.25352097,126.5131989
33.25311661,126.5131149
33.25283432,126.5130463
33.25247955,126.5129623
33.25216293,126.5128937
33.25177002,126.5128021
33.25142288,126.5127258
33.25105286,126.5126419
33.25072098,126.5125656
33.24872208,126.5122299
33.24902344,126.512291
33.24933624,126.5123596
33.24964523,126.5124359
33.24995804,126.5124969
33.25027466,126.5125732
33.25013351,126.5124359
33.24982834,126.5123749
33.24951172,126.5122986
33.24918747,126.5122223
33.24888611,126.5121613
33.2485733,126.5120926
33.25780487,126.5115356
33.25804138,126.5116806
33.25825882,126.5118103
33.25850296,126.5119629
33.25872421,126.5121002
33.25891876,126.5122299
33.25852203,126.5088882
33.25854874,126.509079
33.25855255,126.509346
33.25855255,126.5096054
33.25855637,126.5098267
33.25854492,126.5101013
33.25829697,126.5058899
33.25828934,126.506134
33.25828934,126.5063705
33.25827408,126.5066223
33.25827026,126.5068893
33.25825882,126.5071716
33.25828552,126.5073624
33.25832367,126.5075989
33.25836182,126.5078506
33.25840378,126.5081024
33.25844193,126.5083389
33.25846481,126.5085678
33.25830078,126.5119629
33.25821304,126.5121765
33.25815582,126.5124054
33.25814056,126.5126572
33.25814438,126.5129013
33.25816345,126.513176
33.25818253,126.5134354
33.2582016,126.5136871
33.2582016,126.5139465
33.25817871,126.5141983
33.25854492,126.5105667
33.25855255,126.5108337
33.25854492,126.5110703
33.25853348,126.5113297
33.25847626,126.5115662
33.25839615,126.5117569
33.25988388,126.5130997
33.2597084,126.5131149
33.25954056,126.5131302
33.25541687,126.5071259
33.25531006,126.5070877
33.25511169,126.5070114
33.25494766,126.5069275
33.25470734,126.5068359
33.25448227,126.5067825
33.25427246,126.5067139
33.25407791,126.5066452
33.25375748,126.5065231
33.25360107,126.5064697
33.25337601,126.5063934
33.25320816,126.5063248
33.25298691,126.5062485
33.25279236,126.5061722
33.25257492,126.5061035
33.25237656,126.5060349
33.25201035,126.505867
33.25182724,126.5058212
33.25159836,126.5057526
33.25128937,126.5056534
33.25117111,126.5056152
33.25093842,126.5055695
33.2507019,126.5055237
33.25048065,126.5055466
33.25025177,126.5055389
33.2501297,126.5054398
33.2504921,126.5057373
33.25071335,126.5057449
33.25110626,126.5057907
33.25133514,126.5058289
33.25155258,126.5059509
33.25178909,126.5060272
33.25194168,126.5060883
33.25233841,126.5061874
33.25251389,126.5062637
33.25275803,126.5063553
33.25292587,126.5064163
33.25317764,126.5064926
33.25332642,126.506546
33.25353241,126.5066147
33.25370407,126.5066833
33.25402069,126.5067978
33.25421143,126.5069046
33.25443649,126.5069733
33.25463486,126.5070114
33.25487518,126.507103
33.25503922,126.507164
33.25524139,126.5072327
33.2553978,126.5072861
33.25009537,126.5058136
33.25023651,126.5057144
33.25707245,126.5098267
33.25702667,126.5096588
33.25696564,126.5094452
33.2568779,126.5090714
33.2567749,126.508728
33.25672531,126.5084839
33.25664902,126.5082169
33.25658798,126.507988
33.25650406,126.5077667
33.2563591,126.5075836
33.25623322,126.5074463
33.25603104,126.5073318
33.25585938,126.5072937
33.25585556,126.5074539
33.25602341,126.507515
33.25617981,126.5076294
33.25628281,126.5077362
33.25638199,126.5078812
33.25646591,126.5080948
33.25654602,126.5083847
33.25658417,126.5085526
33.25664902,126.5087662
33.25670624,126.5090179
33.25677109,126.5092392
33.25685883,126.5095749
33.25689316,126.5097275
33.2569313,126.5099716
33.26029587,126.5111923
33.26026154,126.5108643
33.26025391,126.5106125
33.26024628,126.5104065
33.26029205,126.5102234
33.26039124,126.509964
33.26049042,126.5097122
33.26057434,126.5094833
33.26066971,126.5092621
33.26075363,126.5090408
33.26091003,126.5082932
33.26081085,126.5085144
33.26070786,126.5087662
33.26062012,126.5089951
33.26053619,126.509201
33.26044083,126.5094299
33.2603569,126.5096588
33.26025772,126.509903
33.26015472,126.5101242
33.25997162,126.5102386
33.25977707,126.5102615
33.25962067,126.5102615
33.25938034,126.5102615
33.25922012,126.5102463
33.25897217,126.5102539
33.25878143,126.5102539
33.2583847,126.5102463
33.25816727,126.5102463
33.25793839,126.5102386
33.2576828,126.510231
33.25751495,126.5102386
33.25730896,126.5101929
33.25715256,126.5100708
33.2599411,126.5104752
33.26008224,126.5106354
33.26010895,126.5108795
33.26014328,126.5112
33.26015854,126.511467
33.26016998,126.5117111
33.26018906,126.5120163
33.26021194,126.5122681
33.26021957,126.5125275
33.26024246,126.512764
33.26023865,126.5130157
33.24930191,126.5098267
33.24919891,126.5096741
33.24919128,126.5095062
33.24929047,126.509285
33.24936676,126.5090332
33.24944687,126.5087814
33.24949265,126.5085373
33.24956131,126.5082932
33.24964142,126.5079651
33.2497673,126.5075302
33.24982452,126.5073547
33.24990082,126.5070724
33.24996185,126.5067978
33.25002289,126.506546
33.25003815,126.5063019
33.25005722,126.5060196
33.25468445,126.5119324
33.25488281,126.5120087
33.2550621,126.5120621
33.25527191,126.5120697
33.25549316,126.5119705
33.25566483,126.5118027
33.25585175,126.5116425
33.25601196,126.5114746
33.25619888,126.5112991
33.25634384,126.5111618
33.25653076,126.510994
33.25666046,126.5108566
33.25681305,126.5106888
33.2570076,126.5105286
33.25714111,126.5104446
33.25731659,126.5104065
33.25753021,126.5104065
33.25770187,126.5104141
33.25798035,126.5104065
33.25817108,126.5104065
33.25838852,126.5104141
33.25874329,126.5104294
33.25902557,126.5104218
33.25920486,126.5104218
33.25940323,126.5104294
33.2595787,126.5104294
33.25979233,126.510437
33.25691605,126.5101929
33.25686646,126.5103378
33.25680542,126.5104752
33.25665283,126.5106354
33.25646973,126.5108109
33.25629425,126.5109863
33.25614166,126.5111313
33.25596619,126.5113144
33.25579834,126.5114746
33.25555038,126.5117035
33.25538635,126.5118561
33.25524521,126.5118942
33.25511169,126.5118866
33.25492859,126.5118332
33.25471878,126.5117722
33.25431061,126.5116196
33.25411606,126.5115509
33.25389481,126.511467
33.25371933,126.5114059
33.25354004,126.5113373
33.2531929,126.5111771
33.25302124,126.5111389
33.25285339,126.5109634
33.25266647,126.5110321
33.25229263,126.5109024
33.25207901,126.5108185
33.25183487,126.5107346
33.25167465,126.5106735
33.25144958,126.5105743
33.25127411,126.5105362
33.25119019,126.510498
33.2508316,126.510376
33.25069809,126.5103302
33.2505188,126.5102692
33.25030899,126.5101852
33.25013733,126.5101242
33.24999619,126.510025
33.24969864,126.5099411
33.24953842,126.509903
33.24925995,126.5099869
33.2494812,126.5100555
33.24969864,126.5101318
33.24989319,126.5102158
33.25009537,126.5102921
33.25027466,126.5103912
33.25049973,126.510437
33.25066757,126.5104904
33.25083923,126.5105515
33.25115585,126.5106659
33.25124741,126.5106964
33.25143051,126.5107574
33.25164032,126.5108414
33.25181198,126.5109024
33.25205612,126.510994
33.25224686,126.5110474
33.25244522,126.5111237
33.25262833,126.5112
33.2528801,126.5112991
33.25310516,126.5113754
33.25337982,126.511467
33.25350952,126.5115356
33.2537117,126.5116119
33.25392914,126.5116577
33.25408173,126.5117111
33.25424957,126.5117798
33.25397873,126.5065002
33.25404739,126.5062714
33.2541008,126.5060349
33.25416565,126.5057526
33.25422287,126.5055237
33.25428009,126.5053482
33.25341034,126.5087509
33.25347137,126.508522
33.25353622,126.5082703
33.25358582,126.5080719
33.25362015,126.5078888
33.25368118,126.5076752
33.25374603,126.5074158
33.25381851,126.5071716
33.25387573,126.5069275
33.25291443,126.5107117
33.25297546,126.5104675
33.25304794,126.5102081
33.25310135,126.509964
33.25315857,126.5097504
33.2532196,126.5095062
33.2532959,126.5092468
33.25239182,126.5127716
33.25244904,126.512558
33.25250244,126.5123138
33.25256729,126.5120697
33.25262833,126.5118484
33.25268173,126.5116425
33.25275421,126.5113678
33.25929642,126.5084305
33.25942993,126.5085678
33.26005173,126.5082779
33.26011658,126.5081558
33.26023483,126.5081024
33.26036835,126.508194
33.26054001,126.5082855
33.25764465,126.508728
33.25784302,126.5087814
33.25801086,126.5088348
33.25821304,126.5088196
33.25864792,126.5087204
33.25879669,126.5086975
33.25896454,126.5085907
33.25912094,126.5084305
33.25224686,126.5046387
33.25203323,126.5045853
33.25182724,126.5045319
33.25162888,126.5044785
33.25141144,126.5044174
33.25118637,126.5043488
33.25088501,126.5042725
33.25068665,126.5042191
33.25047684,126.504158
33.2502594,126.5041046
33.25598526,126.5053406
33.25587463,126.5053558
33.25414658,126.5050278
33.2539711,126.5050049
33.25375366,126.5049667
33.25354004,126.5049286
33.25333405,126.5048752
33.25309372,126.5048294
33.25289154,126.504776
33.25264359,126.5047302
33.25561523,126.5052948
33.25540924,126.5052719
33.25520325,126.5052338
33.25491714,126.5052032
33.25473785,126.5051727
33.25452805,126.5051422
33.25431442,126.5050659
33.25623703,126.5054321
33.25636292,126.505455
33.25656509,126.5054932
33.25682831,126.5055389
33.257061,126.5055618
33.25732803,126.5056076
33.25756836,126.5056458
33.25780487,126.5056686
33.25341797,126.5090637
33.25361252,126.5091858
33.25379181,126.5092163
33.25394821,126.5092545
33.25410843,126.5092926
33.25431824,126.509346
33.2544632,126.509407
33.25460434,126.5094833
33.25471878,126.5095444
33.25172806,126.508461
33.25187302,126.508522
33.25199127,126.508606
33.25213623,126.5086441
33.25227737,126.5086212
33.25239944,126.5086823
33.2526474,126.5087509
33.25279236,126.5088654
33.25293732,126.5089264
33.25307846,126.5089417
33.25323486,126.5090179
33.25177765,126.5082779
33.25193405,126.5082932
33.25204086,126.508316
33.25220108,126.5083847
33.25234222,126.5084305
33.25246811,126.5084305
33.25271988,126.5085678
33.25289154,126.5085983
33.25305176,126.5086594
33.25318527,126.5087662
33.25331116,126.5087891
33.25353622,126.5088959
33.25369644,126.5089035
33.25383377,126.5089417
33.2539978,126.5090179
33.25416565,126.5090637
33.25438309,126.5091705
33.2545166,126.5092316
33.25464249,126.509285
33.25479507,126.5092926
33.25778198,126.5143356
33.25750732,126.5142746
33.25724792,126.5142059
33.25701141,126.5141525
33.25735855,126.5143204
33.2576561,126.5143967
33.25796127,126.5144653
33.25684357,126.5072403
33.25704193,126.5073242
33.257164,126.5075531
33.25723267,126.5077972
33.25730133,126.5080566
33.25736237,126.5082855
33.25742722,126.5085297
33.25596619,126.5055847
33.25590515,126.5058136
33.2558136,126.5062027
33.25577164,126.5063934
33.25571442,126.5066223
33.25565338,126.5068512
33.25561905,126.5070038
33.25544357,126.5074997
33.25537872,126.5077591
33.25532532,126.5079956
33.2552681,126.5082169
33.25521088,126.5084534
33.2551651,126.5086288
33.25510406,126.5088272
33.25506973,126.5089722
33.25498962,126.5091553
33.25533676,126.5089035
33.25538635,126.508728
33.25541687,126.5085602
33.25551224,126.5082245
33.25555038,126.508049
33.25559616,126.5078278
33.25566483,126.507576
33.25575256,126.5070877
33.25579071,126.5069275
33.25585556,126.5066452
33.2559166,126.5063934
33.25598526,126.5061417
33.2560463,126.5058899
33.25610352,126.5056458
33.25421524,126.5131378
33.25425339,126.51297
33.25431442,126.5127258
33.25439453,126.512413
33.25444031,126.5122452
33.25448227,126.5120621
33.25466919,126.5115585
33.25472641,126.511322
33.25485229,126.5108261
33.25489807,126.5106125
33.25498199,126.510437
33.25503159,126.5102386
33.25504684,126.5100708
33.25509262,126.5098495
33.2551651,126.5095749
33.25528717,126.5090714
33.25483704,126.5097885
33.25482178,126.5099564
33.25476456,126.5101624
33.25473022,126.5103378
33.254673,126.5105438
33.25461197,126.5107803
33.25455856,126.5109787
33.2544899,126.511261
33.25442886,126.5114975
33.25435257,126.512001
33.25431061,126.5121841
33.25426865,126.512352
33.25418854,126.5126801
33.25411987,126.5129395
33.25407028,126.5131149
33.2641425,126.6123384
33.2644333,126.6123451
33.26464973,126.6123576
33.26484809,126.6123594
33.26515469,126.6123741
33.26547234,126.6123164
33.26582394,126.6123068
33.26600443,126.6123597
33.26630197,126.6123583
33.26657022,126.6123652
33.26680466,126.6123695
33.26708859,126.6123415
33.26723752,126.6123945
33.26394653,126.6122131
33.26355743,126.6122208
33.26276016,126.6122131
33.26239395,126.612236
33.26202393,126.612236
33.26169205,126.6122208
33.26137543,126.6122055
33.26387024,126.6136093
33.26358032,126.6136169
33.26326752,126.6136169
33.26288986,126.6136169
33.26246262,126.6136169
33.26218414,126.6136246
33.26182556,126.6136246
33.26142502,126.6136246
33.26095581,126.6136246
33.26982498,126.6129684
33.26940155,126.6131287
33.26894379,126.6130676
33.2685318,126.6130371
33.26812363,126.6131592
33.26772308,126.6133347
33.26698303,126.6141434
33.26657486,126.614212
33.26615143,126.6141129
33.26568985,126.6138687
33.26488113,126.6138
33.26409531,126.6141129
33.26425552,126.6140442
33.26455688,126.6139603
33.26514816,126.6139374
33.26549149,126.613945
33.26601791,126.6141586
33.26628113,126.614296
33.26675034,126.6143265
33.26753616,126.6136398
33.26794052,126.6133347
33.26830673,126.6132126
33.2687149,126.6131363
33.26913452,126.6132126
33.26958847,126.6131668
33.27001572,126.6129608
33.25160033,126.3945825
33.25150268,126.3942023
33.2514071,126.3937858
33.2511378,126.3935663
33.25084647,126.3934516
33.25064775,126.3933765
33.2503745,126.3932725
33.25001993,126.3931327
33.25948715,126.4921112
33.25027847,126.3971252
33.25029373,126.3968506
33.25029373,126.3963318
33.25024414,126.3955765
33.25011826,126.3950958
33.25009918,126.3946075
33.25017548,126.3943481
33.24997711,126.3944397
33.25001144,126.3948288
33.25006485,126.3953705
33.25016785,126.3960495
33.25019455,126.3966141
33.24152756,126.3839722
33.24167252,126.3845062
33.24205017,126.3848419
33.2423439,126.3851547
33.24264145,126.3854675
33.24295807,126.385849
33.24312973,126.3862839
33.2432518,126.3867111
33.24342728,126.3872375
33.24356842,126.3876877
33.25811386,126.4051666
33.25785446,126.4045868
33.25760651,126.4040222
33.25735474,126.4034271
33.25710297,126.4032745
33.2573204,126.4037628
33.25758743,126.4043808
33.2578125,126.4048843
33.25806808,126.4054794
33.2571106,126.4029083
33.25682831,126.4023743
33.25637054,126.4018784
33.25590897,126.4014587
33.25569534,126.4011765
33.25556946,126.4011307
33.25610352,126.4018707
33.25652695,126.4022598
33.25686264,126.4027405
33.251194,126.3945313
33.25151825,126.3947144
33.25180435,126.3950653
33.25204849,126.3954315
33.25229645,126.395813
33.252491,126.3961105
33.2526741,126.3963852
33.25289536,126.3967133
33.25308609,126.3970108
33.25327682,126.3972931
33.25347137,126.397583
33.25377655,126.3979721
33.2539711,126.3982239
33.25418091,126.3984909
33.25443649,126.3988342
33.25468063,126.3991699
33.25488663,126.3995819
33.25505066,126.4000015
33.25521088,126.4003677
33.2553978,126.4007416
33.24369812,126.3881454
33.24384308,126.3886261
33.24398422,126.3890686
33.24411011,126.3894958
33.24421692,126.3899078
33.24440765,126.3904953
33.24452591,126.3908615
33.24471283,126.391243
33.24505234,126.3916016
33.2454567,126.3919754
33.2457962,126.3922653
33.24616241,126.3925934
33.2465477,126.3929367
33.24689484,126.3932495
33.24725723,126.3936005
33.247612,126.3938446
33.24803543,126.3939972
33.2484436,126.3940659
33.23378372,126.376091
33.23397446,126.3758087
33.23406219,126.3754425
33.23382187,126.3750916
33.23276138,126.3722153
33.23252869,126.3718796
33.23236465,126.3715973
33.23227692,126.3712311
33.23215103,126.370842
33.23195267,126.3704834
33.23179626,126.3701401
33.23176956,126.3697433
33.23171616,126.3692932
33.23200607,126.3691711
33.23228073,126.3690262
33.23468399,126.3696365
33.23430634,126.3695068
33.23394775,126.3693695
33.23358154,126.3693085
33.23327255,126.3692169
33.23298645,126.3690262
33.23261642,126.3688507
33.23277664,126.3687057
33.23290634,126.3684006
33.23283386,126.3725891
33.23288727,126.3730316
33.23299408,126.3734283
33.23310089,126.3738251
33.2332077,126.3742294
33.23331833,126.374649
33.23340607,126.375061
33.25543213,126.4012833
33.25486374,126.4009857
33.25439453,126.4007339
33.25389862,126.4004669
33.25355911,126.4004898
33.25406265,126.4007492
33.25455475,126.4010086
33.25504684,126.4012756
33.25555038,126.4015427
33.2383728,126.3876266
33.23851013,126.3881683
33.23870087,126.3888702
33.2389183,126.3894272
33.23931122,126.3899612
33.23973846,126.3903732
33.24025726,126.3906937
33.24073029,126.3909683
33.24121857,126.3912659
33.24172592,126.3915482
33.2421608,126.3918991
33.24254608,126.3923798
33.24278641,126.3928757
33.24305344,126.3934402
33.24312973,126.3938828
33.24284744,126.3941345
33.24261856,126.3943176
33.24235916,126.394516
33.24219894,126.3948135
33.24341583,126.3940277
33.24376297,126.3944626
33.24420547,126.3948288
33.24470901,126.3951645
33.24522781,126.3953934
33.24577332,126.3955002
33.246315,126.395546
33.2468338,126.3955612
33.24739075,126.3955688
33.24794006,126.3955841
33.24845886,126.3956375
33.24893188,126.395874
33.24930573,126.3962021
33.24968338,126.396698
33.25009537,126.3972321
33.25046158,126.3977356
33.25073242,126.3981171
33.25110626,126.3986053
33.25142288,126.3990631
33.2518692,126.3995895
33.25224686,126.3998184
33.25286865,126.4001541
33.25335693,126.4004135
33.2531929,126.4000702
33.25273895,126.3997803
33.25218964,126.3994904
33.25179291,126.3992233
33.25139999,126.398735
33.25106049,126.3982697
33.25070572,126.3978119
33.25044632,126.397438
33.24992752,126.3967438
33.24960327,126.3963165
33.24917221,126.3958359
33.24871826,126.395546
33.2481308,126.3954239
33.24764633,126.395401
33.24708557,126.3953857
33.2465477,126.3953705
33.24600601,126.3953552
33.24549103,126.3952789
33.24497604,126.3951111
33.24449158,126.3948441
33.24406052,126.3944931
33.2436676,126.3940735
33.24332047,126.3935852
33.24303818,126.3930359
33.24277496,126.3924713
33.24240112,126.3919067
33.24200058,126.3915405
33.24154663,126.391243
33.24104309,126.3909531
33.24055481,126.3906784
33.24001312,126.3903732
33.23968887,126.3901138
33.23925781,126.3896027
33.23895645,126.3890839
33.23875809,126.3884964
33.23859406,126.387886
33.25130081,126.3994446
33.251297,126.3999023
33.25131607,126.4001999
33.25131226,126.4005661
33.25127029,126.4009399
33.25117493,126.401329
33.25104141,126.4016495
33.25091553,126.4019928
33.25078964,126.4023666
33.25072098,126.4027405
33.24453735,126.505867
33.24427795,126.5057755
33.24403,126.5056992
33.2437706,126.5056
33.2434845,126.5055084
33.24319839,126.5054321
33.24293518,126.5053482
33.24263763,126.5052567
33.24237442,126.5052032
33.24202728,126.5052032
33.24179077,126.5051956
33.24154663,126.5052032
33.24129486,126.5052109
33.2410202,126.5052338
33.24076843,126.5052567
33.2404747,126.5052872
33.24019241,126.5053253
33.23987579,126.5053787
33.23955154,126.5054245
33.23926926,126.5054932
33.2390213,126.5055695
33.23870087,126.5056229
33.23847198,126.5056992
33.23822021,126.5057755
33.23796082,126.5058746
33.23772812,126.5059586
33.23746872,126.5060577
33.23723984,126.5061493
33.23698044,126.5062408
33.2367363,126.5063248
33.23655319,126.5064163
33.23630524,126.5065079
33.2354393,126.5065384
33.23509598,126.5065079
33.23468399,126.5065002
33.23431778,126.5064621
33.23387909,126.5063629
33.23357391,126.506279
33.23329544,126.5061951
33.23293304,126.5060654
33.23255157,126.5059586
33.23227692,126.5058594
33.23189926,126.5057831
33.23152161,126.5056992
33.2314682,126.5058441
33.23176193,126.5058975
33.23205566,126.5059738
33.23239136,126.506073
33.23268509,126.5061798
33.23304367,126.5062866
33.23340607,126.5063934
33.23373413,126.5064926
33.23408508,126.5065918
33.23442841,126.5066528
33.23478699,126.5066757
33.23524094,126.5067062
33.23588181,126.5064468
33.23601532,126.5066071
33.23609543,126.5067368
33.23601151,126.5068359
33.24473572,126.5061035
33.24504471,126.5062103
33.24852753,126.5076065
33.24879837,126.5077133
33.24904251,126.5078201
33.24926376,126.5079269
33.2491188,126.5075836
33.2488327,126.5074768
33.24843597,126.5073166
33.24810028,126.5071793
33.24783707,126.5070877
33.24750137,126.506958
33.24723053,126.5068512
33.24693298,126.5067444
33.24668503,126.5066528
33.24635696,126.5065384
33.24607849,126.5064392
33.24574661,126.5063171
33.24550629,126.5062256
33.24516678,126.5060883
33.24482727,126.5059662
33.26697922,126.610672
33.26666641,126.6103058
33.2663765,126.6098099
33.26628494,126.6093674
33.26615906,126.6088181
33.26594162,126.6082993
33.26581192,126.6077499
33.26571655,126.6072006
33.26561356,126.6066132
33.26552582,126.6060486
33.26544952,126.6056061
33.26770782,126.5976868
33.26776505,126.5973663
33.26793289,126.5970535
33.2681694,126.5968475
33.26832962,126.5966339
33.26839066,126.596283
33.26843262,126.5959854
33.26845551,126.5956497
33.26848602,126.5952988
33.26852417,126.5950165
33.26858521,126.5947495
33.26865005,126.5944138
33.26870346,126.5942154
33.26879883,126.5938034
33.26887131,126.5934753
33.2689476,126.5931473
33.23546954,126.4814746
33.23578286,126.4814755
33.23608486,126.4814656
33.23545072,126.481287
33.23557703,126.481305
33.23587017,126.4813328
33.23634135,126.4813515
33.23524857,126.4812622
33.23536301,126.4809036
33.23552322,126.4803696
33.23571014,126.4797668
33.23589325,126.4792023
33.23602295,126.4787216
33.2361145,126.4782639
33.23623276,126.4778061
33.23646927,126.4772263
33.23660278,126.4768829
33.23684311,126.4763489
33.23711014,126.4758759
33.23734665,126.4756088
33.2377243,126.4751663
33.23802567,126.474762
33.23825455,126.4743652
33.23880768,126.435379
33.23868179,126.434967
33.23854446,126.434494
33.23839951,126.4339828
33.23822403,126.4333572
33.23806763,126.4328156
33.237957,126.4322891
33.23804474,126.4318619
33.23833466,126.4311981
33.23864746,126.4305191
33.23888397,126.4300003
33.23914719,126.4294128
33.23933029,126.4289856
33.23948288,126.4287109
33.23975754,126.4284439
33.23966599,126.4282379
33.23944092,126.428421
33.23926544,126.4286499
33.23914337,126.4289398
33.23900986,126.4292221
33.2388916,126.4294968
33.23875046,126.4297943
33.23861313,126.4300919
33.23847961,126.4303894
33.23836517,126.4306412
33.23820496,126.431015
33.2380867,126.431282
33.23794937,126.4315796
33.23778915,126.4319916
33.23776245,126.432312
33.23780823,126.4326477
33.23790741,126.4329758
33.23800278,126.4332962
33.23809052,126.4335938
33.23817825,126.4339142
33.23825073,126.4341812
33.23834229,126.4344864
33.23844147,126.4347992
33.23854065,126.4351578
33.23864746,126.4354935
33.23872757,126.4357681
33.23880768,126.4360504
33.23891068,126.4363251
33.23907089,126.4367065
33.23924637,126.4370193
33.23941422,126.4373016
33.23959351,126.4376068
33.23971939,126.4378433
33.23984909,126.4381256
33.24001694,126.4384842
33.23973846,126.4388199
33.23834991,126.4740295
33.23807526,126.4744797
33.23784637,126.474884
33.23749161,126.4752731
33.23716354,126.4756393
33.23692322,126.475975
33.23662567,126.4765625
33.23641968,126.4770966
33.23627853,126.4774246
33.23608017,126.4779587
33.23596954,126.478508
33.23587418,126.4789352
33.23572922,126.4794235
33.23551178,126.4800873
33.23538208,126.4805374
33.23523331,126.4810104
33.24195099,126.4669266
33.24206924,126.4663086
33.24218369,126.4656906
33.24224091,126.4651031
33.24227524,126.464447
33.24242783,126.4638367
33.24259186,126.4632111
33.24276733,126.4625778
33.24294662,126.4618912
33.24277115,126.4622116
33.2426033,126.462822
33.24243546,126.4634476
33.24224472,126.464119
33.24217606,126.4647217
33.24213409,126.4653549
33.2420311,126.4659958
33.24192047,126.4665833
33.23443985,126.4827957
33.2325325,126.4836273
33.23215485,126.4837341
33.23237228,126.4838486
33.23439026,126.4834747
33.23460388,126.4833069
33.23456192,126.4829254
33.28820801,126.5750427
33.28794479,126.5752563
33.28759766,126.575592
33.28740311,126.5762024
33.28719711,126.5766678
33.28714752,126.57724
33.28710556,126.577774
33.28707123,126.5782013
33.28699875,126.5789566
33.28696823,126.5794067
33.28691483,126.5799561
33.28684616,126.5806198
33.28816986,126.5748901
33.2880249,126.5750732
33.28777695,126.5752792
33.28746414,126.5758972
33.28714752,126.576561
33.2870903,126.5769043
33.28705215,126.5775223
33.28701019,126.5779343
33.28695679,126.5785904
33.28686905,126.5792618
33.28684235,126.5797958
33.28680038,126.5801773
33.2868042,126.5810165
33.28675842,126.5815582
33.28673172,126.5820999
33.28668594,126.5826492
33.28663254,126.5831985
33.28657913,126.5837479
33.2865715,126.5842285
33.28650284,126.5848312
33.28644943,126.5854645
33.28639603,126.5859451
33.28635788,126.5865631
33.28634644,126.5869904
33.28675079,126.5807877
33.28670502,126.581192
33.2866478,126.58181
33.28660202,126.5824127
33.2865715,126.5829697
33.28653336,126.5834579
33.28645706,126.5840225
33.28639603,126.5846024
33.28638077,126.584816
33.28637695,126.5850906
33.28635025,126.5856552
33.28630066,126.5861816
33.28625488,126.5867004
33.28620529,126.5870056
33.26045227,126.6065521
33.24957275,126.5346909
33.250103,126.5353699
33.2539711,126.5395279
33.25389481,126.539093
33.25020218,126.53508
33.24991989,126.534729
33.24967575,126.5344086
33.24866104,126.5332947
33.24890137,126.5336075
33.24913788,126.5339127
33.24938583,126.5342331
33.25037003,126.5354919
33.25061035,126.5357971
33.2509079,126.5361481
33.25127792,126.5365448
33.25153351,126.5368118
33.25179291,126.5371017
33.25207138,126.537384
33.25234604,126.5376663
33.2526207,126.5379486
33.25289154,126.5382309
33.25317001,126.5385132
33.25343704,126.5387955
33.25367355,126.5390472
33.2542572,126.5396423
33.25453186,126.5399323
33.26028824,126.6013336
33.26034927,126.6016617
33.26037979,126.602066
33.26040649,126.6024323
33.26042938,126.6028748
33.2604332,126.603241
33.26044083,126.603569
33.26043701,126.6039505
33.26044846,126.6043167
33.26044464,126.60466
33.26043701,126.6050568
33.26044846,126.6054306
33.26044846,126.6058044
33.26045227,126.6062317
33.26045609,126.606926
33.26045609,126.6073074
33.26046371,126.6076584
33.26046371,126.6080856
33.26046371,126.6084518
33.26046753,126.6088028
33.26046753,126.6091995
33.26046753,126.6095352
33.26046753,126.6099243
33.26047134,126.6102982
33.26046753,126.6106873
33.25920868,126.5939484
33.25933456,126.5943298
33.2594223,126.5946579
33.25949097,126.5950241
33.25954056,126.5954208
33.25956726,126.5957031
33.2596283,126.5960312
33.25967407,126.5964279
33.25973129,126.5968781
33.25976563,126.5971985
33.25980759,126.5975647
33.25985718,126.5979614
33.2599144,126.5983658
33.26034164,126.5998383
33.26026535,126.5995102
33.26017761,126.5989761
33.26010132,126.5984344
33.2600441,126.5980072
33.25999451,126.5977097
33.25993347,126.5973358
33.25989532,126.5969696
33.25984573,126.5965424
33.2598114,126.5962677
33.25976181,126.5958557
33.25494385,126.5768356
33.25492859,126.5764694
33.25492477,126.5760727
33.25491333,126.5756073
33.25494385,126.5751495
33.25492096,126.5746384
33.25492859,126.5741806
33.25492096,126.5737381
33.25492096,126.5733414
33.25492096,126.5729599
33.25494766,126.5725403
33.25497055,126.5721512
33.25496292,126.5719147
33.25492859,126.5715027
33.2549057,126.5711899
33.25484848,126.5707932
33.25481796,126.5703812
33.25479126,126.5699615
33.25476074,126.569397
33.25472641,126.568985
33.25473404,126.5685349
33.25469971,126.5681229
33.25318146,126.5616379
33.25326157,126.5619965
33.25331879,126.5622635
33.25337601,126.5625687
33.25344467,126.562912
33.25354004,126.5633469
33.25363159,126.5638046
33.25366211,126.563942
33.25373077,126.5642776
33.2538147,126.5647125
33.25389099,126.5650635
33.25452042,126.566864
33.25442123,126.5663757
33.25434113,126.5660706
33.25427628,126.5656738
33.25417709,126.5652237
33.25408173,126.5647659
33.25400162,126.5643921
33.25392151,126.5639954
33.25381851,126.5635681
33.25372314,126.5630341
33.25365448,126.562706
33.25357437,126.562355
33.25350952,126.5620346
33.25345993,126.5617981
33.25339127,126.5614624
33.25333023,126.5611801
33.25377655,126.5639114
33.25379562,126.5640106
33.25402069,126.5650864
33.25403595,126.5651779
33.2530899,126.5613708
33.25317383,126.5604553
33.25311661,126.5600967
33.25305939,126.5597229
33.25301361,126.5593796
33.25292969,126.5588989
33.25290298,126.5586624
33.25283051,126.5582275
33.25278473,126.5579529
33.25272751,126.5576096
33.25269699,126.5573196
33.25264359,126.5569458
33.25257874,126.556488
33.25252151,126.5561523
33.25250244,126.5558167
33.2524147,126.5554581
33.25237656,126.5551224
33.25231934,126.5547333
33.25226212,126.5543747
33.25219727,126.5540314
33.25195694,126.5539093
33.25201035,126.5542755
33.25206375,126.5546265
33.25211334,126.5550003
33.25219345,126.5554581
33.25223541,126.5558014
33.25229645,126.55616
33.25233459,126.5565338
33.25238419,126.5568161
33.25243759,126.5571594
33.25248337,126.557518
33.25254059,126.5578842
33.25256348,126.5582199
33.25263214,126.558548
33.25269699,126.5588837
33.25274658,126.5592499
33.25279999,126.5596085
33.25285339,126.559967
33.25291824,126.5603333
33.26338959,126.6237411
33.25271606,126.5505676
33.25192261,126.5524445
33.25185013,126.5528717
33.25214005,126.5533066
33.25210571,126.5530548
33.25210953,126.5526886
33.25218582,126.5523605
33.25284195,126.5508423
33.2530632,126.5503693
33.25431061,126.5476379
33.25439072,126.5473557
33.25464249,126.5467834
33.25477219,126.5465317
33.25410843,126.5477066
33.25398636,126.5480194
33.25385284,126.5483246
33.25371933,126.5486069
33.25359344,126.5489044
33.25347137,126.5491867
33.25333405,126.549469
33.25321579,126.5497513
33.25308228,126.5500259
33.25265884,126.5509949
33.25253296,126.5512695
33.25239944,126.5515442
33.25227737,126.5518265
33.2521553,126.5521088
33.25410461,126.5643387
33.25428391,126.56427
33.25445557,126.564209
33.2547493,126.5641174
33.25494003,126.5639114
33.25510406,126.5637054
33.25524139,126.5635147
33.25526428,126.5632324
33.25529099,126.5630188
33.25542068,126.5628357
33.25442123,126.5678558
33.25444794,126.5683289
33.25448227,126.568779
33.2545433,126.5692444
33.25457764,126.5697937
33.25460815,126.5702133
33.25463486,126.5706406
33.25466919,126.5710602
33.25467682,126.5714645
33.25469208,126.5723267
33.25468826,126.5727615
33.25468826,126.5731735
33.25469971,126.5735474
33.25471115,126.5739594
33.2547226,126.5743637
33.25472641,126.5748138
33.2547226,126.5753326
33.25471878,126.5758514
33.2547226,126.5762329
33.25470734,126.576622
33.25468063,126.576828
33.26041412,126.6179123
33.2604332,126.6183548
33.26055527,126.6187973
33.26068115,126.6191254
33.26085663,126.6194916
33.26107788,126.6198273
33.26133728,126.6201324
33.26157379,126.6203918
33.26178741,126.6205902
33.26208496,126.6208801
33.26231003,126.6211395
33.26252747,126.6213913
33.26277161,126.6216125
33.26297379,126.6219254
33.26317215,126.6216431
33.26285172,126.6212692
33.26259995,126.6210175
33.26236343,126.6207809
33.26183319,126.6203003
33.2616272,126.6200714
33.26136017,126.6198196
33.2611351,126.6195145
33.26095963,126.6191788
33.26084518,126.6188812
33.26074982,126.6185532
33.26070404,126.618187
33.26069641,126.6176834
33.26044846,126.6115036
33.26044464,126.6118164
33.26044464,126.6121521
33.26043701,126.6125717
33.26042175,126.6129074
33.26040649,126.6136627
33.26042557,126.6139832
33.26045227,126.6144257
33.26044464,126.6147156
33.26044846,126.6150589
33.26044846,126.6154404
33.26044846,126.6158066
33.26044464,126.6162186
33.2604332,126.6165695
33.26041031,126.6169434
33.26041794,126.6173935
33.26070404,126.6171799
33.26068878,126.6167603
33.26068497,126.6163483
33.26067734,126.6159973
33.26068497,126.615593
33.2606926,126.615242
33.26067352,126.6148682
33.26068497,126.6144714
33.26070786,126.6140823
33.26069641,126.6138229
33.26070023,126.6134415
33.26068497,126.6130981
33.26070786,126.6128387
33.26068115,126.6119766
33.26066589,126.6116333
33.26065063,126.611145
33.26065445,126.6109085
33.26065063,126.6106873
33.26064301,126.6104584
33.26065826,126.6102371
33.26065063,126.6100082
33.26065063,126.6097946
33.26064682,126.609581
33.26064682,126.6093521
33.26064301,126.6091385
33.25442505,126.5660553
33.25471497,126.566185
33.25500488,126.566246
33.25539017,126.5662613
33.25569534,126.5662766
33.25597,126.5663223
33.25623322,126.5663681
33.25927353,126.5933762
33.25910187,126.5928574
33.2590065,126.592453
33.25895309,126.5920105
33.25890732,126.5915604
33.25883865,126.5911179
33.25878906,126.5906754
33.25872803,126.5902328
33.25865555,126.5897751
33.25858307,126.589325
33.25850677,126.5888977
33.25840378,126.5884476
33.25829697,126.5879974
33.25816345,126.5875549
33.2580452,126.5871582
33.25790024,126.5867691
33.25784683,126.5865479
33.25780869,126.5863876
33.26063538,126.6061859
33.26063156,126.6058807
33.26063919,126.6056213
33.26063538,126.6053467
33.26062775,126.605011
33.26062775,126.6047287
33.26063538,126.6044006
33.26062775,126.6040726
33.26062393,126.6037216
33.26063156,126.6034393
33.26062393,126.603157
33.26059723,126.6025696
33.26057053,126.6022873
33.26055908,126.6019669
33.26052856,126.6016769
33.26049423,126.6013794
33.26047134,126.6010971
33.25732422,126.5855713
33.25730896,126.5857162
33.25743103,126.5858612
33.2575531,126.5863113
33.25779724,126.5862808
33.25770187,126.5861359
33.25769424,126.5860291
33.25757599,126.5856857
33.25754547,126.5855484
33.25746155,126.5852737
33.25737,126.5849304
33.25764465,126.5867081
33.25770187,126.5870361
33.2578392,126.5874481
33.25811005,126.5883255
33.25822067,126.5887222
33.25831223,126.5891495
33.25838852,126.5896454
33.25841522,126.5900345
33.25846863,126.5904694
33.25851822,126.590889
33.25859451,126.5913925
33.25864792,126.591835
33.25873566,126.5922852
33.25881195,126.5927277
33.25892258,126.5932083
33.25725174,126.5845642
33.2571373,126.5841064
33.25699997,126.5836411
33.25683975,126.5831833
33.25667572,126.5827179
33.25654602,126.5823135
33.25645447,126.5819473
33.25627899,126.5814972
33.25614929,126.5810242
33.25598145,126.5805206
33.25581741,126.5800323
33.25570297,126.5797195
33.25553131,126.5791626
33.2553978,126.578804
33.25528717,126.5783615
33.25515747,126.5779419
33.24851608,126.5119171
33.2485733,126.511673
33.24865341,126.5114212
33.24872971,126.5111923
33.24878693,126.5109329
33.24885941,126.5106964
33.24892807,126.5104752
33.24900055,126.5102234
33.24909592,126.5100174
33.25446701,126.5770798
33.25461578,126.5772476
33.25471497,126.5771255
33.25474167,126.5773087
33.25494003,126.5771942
33.25504303,126.577446
33.25525284,126.5774078
33.25475311,126.5776443
33.25491333,126.5782089
33.25506973,126.5786667
33.25523758,126.5791626
33.25537491,126.5795822
33.25554276,126.5801315
33.25572586,126.5805817
33.25588226,126.5810165
33.25605011,126.5814743
33.25619507,126.5819092
33.25634003,126.5823746
33.2564888,126.5828476
33.25662613,126.5832825
33.25676346,126.5837631
33.25689697,126.5842361
33.25704193,126.584671
33.25720978,126.5851517
33.25727463,126.5854034
33.24712372,126.5237656
33.24716568,126.5233994
33.24721527,126.5230484
33.24725342,126.522789
33.24728394,126.5224991
33.24731827,126.5221786
33.24738693,126.5216446
33.24742508,126.5213013
33.24746704,126.5209961
33.24748611,126.5206375
33.24750137,126.5203705
33.24753952,126.5200882
33.24757767,126.5197296
33.24763107,126.5192795
33.24766922,126.5189438
33.24770355,126.5186005
33.24773788,126.5182877
33.24777603,126.5179367
33.24783325,126.5176315
33.24788284,126.5172806
33.24790573,126.5170517
33.24793243,126.5168228
33.24793625,126.5166092
33.24795914,126.5163879
33.24798965,126.5163116
33.2480278,126.5159531
33.24807358,126.5155945
33.24811935,126.5152359
33.24815369,126.5148621
33.24819946,126.5145035
33.2482338,126.5141678
33.24824142,126.5139465
33.24824524,126.5137863
33.24829483,126.513649
33.24832916,126.5132904
33.24837112,126.5129776
33.2484169,126.5126266
33.24845505,126.5122986
33.24798965,126.513916
33.24797058,126.5140762
33.24792862,126.5144653
33.24788666,126.5148392
33.24785995,126.5151825
33.2477951,126.5155487
33.24775696,126.5158997
33.24772263,126.5163879
33.24934006,126.5081177
33.2492218,126.5083923
33.24914932,126.5086517
33.24906921,126.5088959
33.24899292,126.5091858
33.24895859,126.5094757
33.24875641,126.5100098
33.24856567,126.5108261
33.24982452,126.505127
33.24980927,126.5055008
33.24977875,126.5058899
33.24976349,126.5061722
33.2497406,126.5063705
33.24965286,126.5069122
33.24960709,126.5071869
33.24948883,126.5075455
33.24769974,126.5165939
33.24764633,126.5168228
33.24762726,126.5170212
33.24759293,126.5172653
33.24755859,126.5175858
33.24750519,126.5179138
33.24749374,126.5182495
33.24745941,126.5185623
33.24743652,126.5189133
33.24739456,126.5192413
33.24734116,126.5196762
33.24729919,126.5200653
33.2472496,126.5203323
33.2472229,126.5205917
33.24718475,126.5209579
33.24717331,126.5212631
33.24712372,126.5215683
33.2470932,126.5218964
33.24707794,126.5221634
33.24702454,126.5224533
33.2469902,126.5227432
33.24697876,126.5230103
33.24691391,126.5233459
33.24741364,126.5286942
33.24745941,126.5291138
33.24762344,126.5304031
33.24766159,126.530777
33.24771118,126.5312271
33.24777603,126.531601
33.24788284,126.5320435
33.24803925,126.5317154
33.24795532,126.5312881
33.24790192,126.5308685
33.24765778,126.5288696
33.24718094,126.5258102
33.24723434,126.5262299
33.24728775,126.5266495
33.24733734,126.5270844
33.24738693,126.5274963
33.24743652,126.5279236
33.24748611,126.5283508
33.24759674,126.5293045
33.24765396,126.5297394
33.24770355,126.5301514
33.24805069,126.5321732
33.2482338,126.5326157
33.24842834,126.5329666
33.25460434,126.5402069
33.254776,126.5404282
33.25492096,126.5407104
33.25503159,126.541069
33.25507736,126.5413971
33.25528717,126.5411987
33.25524902,126.5406799
33.25518417,126.5405731
33.25502396,126.540329
33.25475311,126.5399857
33.25521469,126.5416031
33.25525284,126.5419159
33.25529099,126.5422363
33.25532913,126.5425644
33.25536728,126.5428772
33.25540161,126.5432053
33.25540543,126.5435257
33.25540924,126.5438538
33.25538254,126.5441589
33.25534058,126.5444717
33.25527191,126.5447922
33.25518799,126.5450974
33.25508118,126.5453949
33.25496292,126.5456848
33.25484085,126.5459824
33.25434605,126.4306741
33.25438773,126.4306698
33.25443592,126.4308573
33.25461458,126.4309849
33.25482034,126.4311258
33.25514352,126.4313115
33.25551614,126.4314647
33.2557689,126.4315328
33.25598334,126.4315985
33.25626103,126.431696
33.25642811,126.4317566
33.25662881,126.4317768
33.25642023,126.4315125
33.25651113,126.4311792
33.25661952,126.4307305
33.25257111,126.4747086
33.25133133,126.4776306
33.25105286,126.4779816
33.25084305,126.4782791
33.25072861,126.4785385
33.25063705,126.4788513
33.25054932,126.4790726
33.25076294,126.4791718
33.25094986,126.4786758
33.25110245,126.4783707
33.25131607,126.4780426
33.25279999,126.4749374
33.2528038,126.4741516
33.25281525,126.473381
33.25283432,126.4722443
33.25284195,126.471756
33.25277328,126.4708176
33.2527504,126.471283
33.25271606,126.4726028
33.25271225,126.4732208
33.25265884,126.4750519
33.25252151,126.4756622
33.25243378,126.4760895
33.25233078,126.4764862
33.2520752,126.477005
33.25181961,126.4773102
33.25547791,126.4348907
33.25537872,126.4353104
33.25527954,126.4356003
33.25515366,126.4359665
33.25505829,126.4362869
33.25487518,126.4367981
33.25472641,126.4372177
33.25462723,126.4375153
33.25450897,126.4377899
33.25432968,126.4383011
33.25419998,126.4386902
33.25407028,126.4390488
33.25395966,126.4393921
33.25382614,126.4397659
33.25371933,126.4400787
33.25360107,126.4403687
33.25348282,126.4406891
33.25339508,126.4409714
33.25328445,126.4412994
33.25317001,126.4415894
33.25306702,126.4418869
33.25296021,126.4421692
33.25286102,126.4424667
33.25276947,126.4427032
33.25265503,126.4430008
33.25262451,126.4451218
33.25258636,126.4447556
33.25257111,126.4444351
33.25257492,126.4440384
33.25263214,126.4437408
33.25270081,126.4434967
33.25280762,126.4431763
33.25291443,126.4428558
33.25300598,126.4425964
33.25313187,126.442215
33.25326157,126.4418488
33.25337601,126.4415283
33.25349045,126.4412003
33.25360489,126.4408798
33.25368881,126.4406433
33.25382614,126.4402847
33.25392532,126.4400177
33.25400543,126.4397507
33.25413132,126.4394073
33.25420761,126.4391937
33.25437164,126.4387512
33.25447464,126.4384689
33.25456238,126.4382019
33.25470352,126.4378357
33.25479507,126.4375534
33.254879,126.4373016
33.25501633,126.4369125
33.25514984,126.4365311
33.2552681,126.4362106
33.25540924,126.4358444
33.25553894,126.4355087
33.25561142,126.4352875
33.2557869,126.4351044
33.25788116,126.408226
33.25789642,126.4088821
33.25790405,126.4093857
33.25790787,126.4099274
33.25790787,126.4104309
33.25791168,126.4109497
33.25790787,126.4114532
33.25791168,126.412056
33.25790787,126.4125366
33.25790405,126.4131851
33.24996948,126.5046082
33.24998093,126.5042191
33.25,126.5038147
33.25001526,126.503418
33.25003815,126.5030136
33.25005722,126.5025635
33.25006866,126.5022202
33.25009155,126.5017929
33.25010681,126.5013657
33.25012589,126.5009079
33.25014877,126.500473
33.25011063,126.4982758
33.25009537,126.4978561
33.25008011,126.4974594
33.25006485,126.4970169
33.25004959,126.4965744
33.25003815,126.4961777
33.25001907,126.4957275
33.25001144,126.4952927
33.25,126.4948578
33.24998093,126.4944305
33.25032425,126.4905243
33.25017929,126.4909134
33.2500267,126.4913177
33.24993134,126.4917297
33.24989319,126.4921494
33.24991226,126.4925537
33.24992752,126.492981
33.25283813,126.4698105
33.25287628,126.4692383
33.25289536,126.4689331
33.25292206,126.4683838
33.25292969,126.4680099
33.25293732,126.4675827
33.25296021,126.4671631
33.25297165,126.4667282
33.25298309,126.4663086
33.25299835,126.4659042
33.25301361,126.465416
33.25304031,126.4648819
33.25308228,126.4645462
33.25313568,126.4643097
33.25328445,126.4637299
33.25337219,126.4633636
33.25350189,126.4628754
33.2536087,126.4624329
33.25366211,126.4622345
33.25403214,126.4612579
33.2541275,126.4609528
33.25419998,126.4606247
33.25432587,126.4600143
33.25441742,126.4595184
33.2538414,126.460968
33.25373459,126.4613342
33.25367737,126.461525
33.25011063,126.5049744
33.25012207,126.5046997
33.25014114,126.5044479
33.25415039,126.4585724
33.25405502,126.4581909
33.25395584,126.4577637
33.25384903,126.4573364
33.2537384,126.4568939
33.25362396,126.4564056
33.25351715,126.4560013
33.25341797,126.4555969
33.25330734,126.4551392
33.25320816,126.4547501
33.25310516,126.454361
33.25300217,126.4539261
33.25291061,126.4535446
33.25285721,126.4531174
33.25287628,126.4526825
33.25290298,126.4523087
33.25294113,126.4517975
33.25297546,126.4513321
33.25300217,126.4508896
33.25300217,126.4504166
33.25297546,126.4500046
33.25292969,126.449501
33.25288773,126.4490433
33.25283813,126.4485016
33.25276947,126.4477768
33.25272369,126.4472809
33.25029755,126.5004807
33.25032043,126.5000458
33.25001526,126.4987335
33.25001907,126.4991684
33.25004196,126.4995041
33.25004578,126.5000305
33.25001907,126.5004654
33.25031281,126.4995117
33.25029755,126.4991455
33.25027466,126.4987183
33.25045395,126.4840164
33.25042725,126.483551
33.2504158,126.4830399
33.2504158,126.4825745
33.25054169,126.4889984
33.25053024,126.4886322
33.25051117,126.4883194
33.25049591,126.487793
33.25046539,126.487381
33.25046158,126.4869461
33.25044632,126.4865112
33.25042343,126.486084
33.25040436,126.4856491
33.25038528,126.485199
33.25037003,126.4847794
33.25026703,126.4820709
33.25026321,126.4816589
33.25028229,126.4812775
33.25033188,126.480751
33.2503891,126.4802551
33.25045395,126.479866
33.25628281,126.5626907
33.25627136,126.5623322
33.25624847,126.561882
33.2562294,126.5613251
33.25621033,126.5608902
33.25605774,126.5606766
33.25606537,126.5611115
33.25608444,126.5615997
33.25611115,126.5621796
33.25613022,126.5626144
33.25563812,126.5628204
33.25585938,126.5627747
33.25610733,126.5627594
33.2562027,126.5631638
33.25621796,126.5635147
33.25623703,126.5639191
33.24725723,126.5681076
33.24757767,126.5680389
33.2480011,126.5679474
33.2480278,126.5677261
33.2477417,126.5677948
33.24732208,126.5678787
33.24699402,126.5679703
33.2447319,126.5696106
33.24469376,126.5693741
33.24477386,126.5694427
33.24491501,126.5691528
33.24528885,126.5689545
33.2456665,126.568779
33.24608612,126.5685654
33.24643326,126.5683899
33.24679947,126.5681992
33.24653244,126.5681076
33.24624252,126.5682526
33.24592209,126.5684128
33.24544144,126.5686569
33.24502182,126.5688629
33.24478912,126.568924
33.24470139,126.5690765
33.24456406,126.5692368
33.24819565,126.5780487
33.24877167,126.5780334
33.24931717,126.5780029
33.24983978,126.57798
33.25033569,126.577919
33.25080109,126.5776825
33.25122833,126.5773087
33.25161362,126.5769806
33.25209427,126.5767593
33.25235367,126.5766983
33.25289917,126.5767822
33.2533493,126.5768585
33.25380325,126.5769424
33.25421906,126.5770111
33.25363541,126.5767441
33.25315857,126.5766525
33.25259781,126.576561
33.2517662,126.5767059
33.25132751,126.5770264
33.25091934,126.5774002
33.25049973,126.5776901
33.25008392,126.5777969
33.24957657,126.5778275
33.2490387,126.5778503
33.24848557,126.5778732
33.24567795,126.4288712
33.24594498,126.4291611
33.24624634,126.4294128
33.24655533,126.4296188
33.24689102,126.4298019
33.24722672,126.4299545
33.24757004,126.4300842
33.24790573,126.4302292
33.24824905,126.4303589
33.24858856,126.4304962
33.24894333,126.4306259
33.24923706,126.430748
33.24951935,126.4308777
33.24982834,126.4309845
33.25012589,126.4310913
33.25045395,126.4312363
33.25079727,126.431366
33.25104904,126.4314728
33.25119019,126.431633
33.25096893,126.4311905
33.2505722,126.4310303
33.25032425,126.4309387
33.25006104,126.4308319
33.24971771,126.4306946
33.2494278,126.4305878
33.24908447,126.4304581
33.248806,126.4303436
33.24846649,126.4302139
33.24812317,126.430069
33.24779129,126.4299393
33.24744415,126.4297943
33.24709702,126.429657
33.24676895,126.4294891
33.24645233,126.4292908
33.2461586,126.4290466
33.24586487,126.4287491
33.24401357,126.4197268
33.24429038,126.4191483
33.24448456,126.4187379
33.24492204,126.4185378
33.24379587,126.4192038
33.24396257,126.4187011
33.245327,126.4286804
33.24500656,126.4286652
33.2446785,126.4286423
33.24435425,126.4286118
33.24403381,126.4285736
33.24372101,126.4285355
33.24341583,126.4284973
33.24310684,126.4284592
33.24278641,126.4284134
33.24244308,126.4283752
33.24213791,126.4283371
33.24183655,126.428299
33.24150848,126.4282684
33.24114227,126.4282227
33.24076843,126.4281769
33.24041748,126.4281311
33.24061203,126.4283829
33.24095535,126.4284134
33.2413559,126.4284821
33.24170303,126.4285355
33.24201584,126.4285736
33.24234009,126.4286041
33.24264526,126.4286346
33.24296951,126.4286652
33.24327469,126.4286957
33.24356461,126.4287415
33.24385834,126.428772
33.24417496,126.4288101
33.24450684,126.4288483
33.24481964,126.4288788
33.24513626,126.4289093
33.24545288,126.4288788
33.29021072,126.4600906
33.29035568,126.4604263
33.29042435,126.4607239
33.29054642,126.4610138
33.29056168,126.461319
33.29056549,126.4616165
33.29056549,126.4619293
33.29056549,126.4621735
33.29076004,126.4614716
33.29068375,126.4610901
33.29089737,126.4613266
33.29079819,126.4610443
33.29073715,126.4606781
33.29076385,126.4603271
33.29079056,126.4600372
33.29087067,126.4596252
33.29057312,126.460289
33.25256729,126.4228516
33.25267792,126.4226303
33.25284576,126.4222641
33.2530632,126.4218979
33.25352478,126.4232254
33.25376129,126.4227448
33.25399017,126.4223862
33.25440979,126.4241791
33.25462341,126.4237137
33.25481796,126.4233246
33.25552368,126.4240646
33.25530624,126.4247131
33.25752258,126.4251862
33.25751495,126.4256668
33.25745773,126.4261856
33.25580215,126.4237671
33.25622177,126.4239426
33.25658417,126.4240799
33.25706482,126.4241409
33.25743103,126.424408
33.25775528,126.4246979
33.25569534,126.4235611
33.25532913,126.4232788
33.25495911,126.4229813
33.25458145,126.4226837
33.2542038,126.4223785
33.25378799,126.4220123
33.25344467,126.421669
33.25311279,126.4213409
33.25324249,126.4216232
33.25837433,126.428279
33.25869741,126.4284432
33.25894601,126.4285865
33.25921271,126.428743
33.25946353,126.4288782
33.25981151,126.4290638
33.26010529,126.4292282
33.26040831,126.4294409
33.26064785,126.4295735
33.26088288,126.4297061
33.26124877,126.4298674
33.26163518,126.4300768
33.26188819,126.4301986
33.26222167,126.4301723
33.25515747,126.4277496
33.25501251,126.4283295
33.25487518,126.4287643
33.25479889,126.4290237
33.25467682,126.4293671
33.25458145,126.4296875
33.2545261,126.4298775
33.25447512,126.4300656
33.25435243,126.4303455
33.2545911,126.4300421
33.25451534,126.4302331
33.25326437,126.4327066
33.25342736,126.4323649
33.25362411,126.4320122
33.25387653,126.4315115
33.25402427,126.4312879
33.25416731,126.4310214
33.25428162,126.4308784
33.25412146,126.4308527
33.25399852,126.4310788
33.25384644,126.43134
33.25364296,126.4316982
33.25354008,126.4318759
33.25338815,126.4321693
33.25325199,126.4324626
33.25121689,126.4250717
33.25005722,126.4244537
33.24965668,126.4242401
33.24924469,126.4240189
33.24935913,126.4242172
33.24982071,126.4244614
33.25020599,126.4246674
33.25040817,126.4247742
33.25061417,126.4248886
33.2509346,126.4250565
33.25155258,126.4252548
33.2559433,126.4255905
33.2557373,126.4261093
33.25556564,126.4264374
33.25541687,126.4268265
33.2552948,126.4272385
33.26825719,126.5770354
33.26476288,126.5693283
33.26501846,126.5689774
33.26541519,126.5691452
33.26454163,126.569252
33.26427078,126.5695496
33.26409531,126.569603
33.26423264,126.5574188
33.26422119,126.5567245
33.26420593,126.5562973
33.2641983,126.5555573
33.26419067,126.554863
33.26417923,126.5543747
33.2641449,126.5535736
33.26406479,126.5529861
33.26403439,126.5526205
33.26395416,126.5523224
33.26385117,126.5517273
33.26354599,126.5511017
33.26363373,126.551506
33.26372528,126.5519791
33.26382829,126.5523479
33.26383209,126.5526505
33.26393127,126.5532532
33.26400757,126.5539703
33.26399231,126.554451
33.26402283,126.5552292
33.26402664,126.5558319
33.2640419,126.5565491
33.26407214,126.5568677
33.26404572,126.5571213
33.26405334,126.5577774
33.26405716,126.5584106
33.26096344,126.5201035
33.26099014,126.5204163
33.26101685,126.5208054
33.26102066,126.5210648
33.26104736,126.5213776
33.26106644,126.5217743
33.26108932,126.5221024
33.26111603,126.5226059
33.26112366,126.5230026
33.26115036,126.5232697
33.26115799,126.5234985
33.26117325,126.5237732
33.26118469,126.5241089
33.2661705,126.5679474
33.26612091,126.5672073
33.26589966,126.5665131
33.26570511,126.5658798
33.2654953,126.5652695
33.26528168,126.5645294
33.26512909,126.5640106
33.26486969,126.5633163
33.26470947,126.562561
33.26464081,126.5619354
33.26413727,126.5593109
33.26422501,126.5600739
33.26431274,126.5607452
33.2644043,126.561554
33.26448059,126.5622406
33.26457596,126.5629883
33.26477051,126.5636444
33.26503372,126.5643539
33.26524353,126.5650711
33.2654686,126.5656967
33.26566315,126.5662766
33.26587296,126.5669403
33.2659874,126.5673828
33.26601028,126.5678253
33.26472092,126.561882
33.26511383,126.5618973
33.26544952,126.5619049
33.26579666,126.5619278
33.26610947,126.5619431
33.26652527,126.5619659
33.2638161,126.5508427
33.26375446,126.5506257
33.26370758,126.5501295
33.26367275,126.549848
33.26364919,126.5495664
33.26361659,126.5492795
33.26356846,126.5490597
33.26356087,126.5488317
33.26352653,126.5486843
33.26351,126.5484778
33.26348195,126.5482015
33.26345875,126.5480219
33.26341945,126.5477511
33.26339603,126.5475098
33.2633748,126.5472496
33.26336707,126.546984
33.2633183,126.5465898
33.26326078,126.5462709
33.26321013,126.5459813
33.26318429,126.5456944
33.26314018,126.5453431
33.26308649,126.544839
33.26305122,126.5444394
33.26296172,126.5440052
33.26290794,126.5434796
33.26284052,126.5429192
33.26278459,126.5424204
33.26089096,126.5188599
33.26085281,126.5189819
33.26088333,126.5192719
33.26089478,126.5195618
33.26092148,126.5198364
33.26112366,126.5198135
33.2611084,126.5195389
33.26108932,126.5192337
33.26107407,126.5189514
33.26105499,126.5188293
33.26038742,126.5149078
33.26042938,126.5151978
33.26049423,126.5155029
33.26052856,126.5157852
33.26056671,126.5161285
33.26060867,126.5164795
33.26065063,126.5168304
33.2606926,126.5171509
33.26072693,126.5174866
33.26074219,126.5178299
33.26078033,126.5181656
33.26082611,126.5185089
33.26087952,126.5186768
33.26103973,126.5186615
33.26100922,126.5184708
33.2609787,126.5181351
33.26093674,126.517807
33.26089478,126.5174637
33.26085663,126.5171356
33.26081467,126.5167999
33.26077271,126.5164413
33.26073837,126.5161057
33.2606926,126.5157547
33.26066208,126.5154724
33.26062775,126.5151596
33.26060104,126.5149765
33.2677269,126.5852203
33.26760483,126.5850525
33.26736069,126.585762
33.26747894,126.5860214
33.26745224,126.5842514
33.26737976,126.5836105
33.26731491,126.5830307
33.26725769,126.5823441
33.26715469,126.5816193
33.26705551,126.5808563
33.26697922,126.5801468
33.26686859,126.5792542
33.26674652,126.5786819
33.26658249,126.5779419
33.2664566,126.5773697
33.26631927,126.5766983
33.26611328,126.5758209
33.26594925,126.5750351
33.26580429,126.5743713
33.26563644,126.5735931
33.26550293,126.572876
33.26542282,126.5721817
33.26547623,126.5714188
33.26560974,126.570694
33.26575851,126.5699997
33.26593399,126.569252
33.26609421,126.568428
33.26594543,126.5682144
33.26582336,126.5689163
33.26568604,126.5695724
33.26552582,126.5703354
33.26539612,126.5709915
33.26533127,126.5713577
33.26527405,126.5718079
33.26528549,126.5725632
33.26541138,126.573288
33.26557541,126.5740051
33.26573563,126.5747223
33.26586533,126.5753784
33.26597595,126.5761032
33.26608658,126.576355
33.26620483,126.5769577
33.26649094,126.5782776
33.2666626,126.579071
33.26680756,126.5799484
33.26688385,126.5805283
33.26696396,126.5812759
33.26704407,126.5821533
33.26712799,126.5828323
33.26717758,126.5833588
33.26725388,126.5839767
33.26735306,126.5848312
33.26694069,126.5793251
33.26716748,126.5790664
33.26736494,126.5788012
33.26750136,126.5784853
33.26762989,126.5781653
33.26777324,126.5778977
33.26793118,126.5776098
33.26812395,126.5772936
33.26837443,126.5767128
33.2685368,126.5764048
33.26052067,126.51427
33.260488,126.5139871
33.26046548,126.5137042
33.26046831,126.5132749
33.26028955,126.5133872
33.26031907,126.5137291
33.26034279,126.5140308
33.2603711,126.5143553
33.26039133,126.5146289
33.26167097,126.5326948
33.26162933,126.5324106
33.26159433,126.5320942
33.26156383,126.5317778
33.26152406,126.5313916
33.26147983,126.5310189
33.26144925,126.530681
33.26143901,126.5303564
33.26143319,126.5300103
33.2614363,126.5296401
33.26123436,126.5280984
33.26142879,126.5288459
33.26142513,126.5284757
33.2614305,126.5281081
33.26142246,126.5277727
33.26141661,126.5274186
33.2614222,126.52711
33.26140739,126.5267721
33.26140387,126.5264394
33.26140053,126.526155
33.26139915,126.5257928
33.26139315,126.5254011
33.26138743,126.5250845
33.26138161,126.5247411
33.2613826,126.5244111
33.26118437,126.5244444
33.26119473,126.5247958
33.26121198,126.5251821
33.26120896,126.5255711
33.2612105,126.5259736
33.26121184,126.5263277
33.2612222,126.5266791
33.2612236,126.5270467
33.26122496,126.5274062
33.26122853,126.5277523
33.26124023,126.5284579
33.26125273,126.5287825
33.26125185,126.5291447
33.26124649,126.529515
33.2612477,126.5298369
33.26124216,126.5301589
33.26124117,126.5304943
33.26126289,126.5308725
33.26130263,126.5312506
33.26135835,126.5316823
33.2614073,126.5321086
33.26144007,126.5324331
33.26147502,126.5327361
33.26271981,126.54197
33.26268004,126.5415758
33.26263574,126.5411762
33.26260528,126.5408625
33.26258398,126.5405889
33.26254932,126.5403584
33.26252145,126.5401358
33.26248658,126.5398489
33.26246083,126.5395915
33.26243274,126.5393099
33.26239313,126.538964
33.26234662,126.5385779
33.26230229,126.5381729
33.26225797,126.5377707
33.26218822,126.5371996
33.26214355,126.5367035
33.26209443,126.5362261
33.26204795,126.5358508
33.26201303,126.5355531
33.26197338,126.5351965
33.26192489,126.5348882
33.26188994,126.5345852
33.26185967,126.5343251
33.26184061,126.5340515
33.2618104,126.5338102
33.2617868,126.5335259
33.26174749,126.5332632
33.26172844,126.5329923
33.26152794,126.5330229
33.26154478,126.5333045
33.26157279,126.5335619
33.26160538,126.5338354
33.26162891,126.5341009
33.26165921,126.5343664
33.26168273,126.5346292
33.26172221,126.5349376
33.26175282,126.5352889
33.26180135,126.5356079
33.26183622,126.5358921
33.26186905,126.5362327
33.2619249,126.5367019
33.26198336,126.5372678
33.26205541,126.5378523
33.262095,126.5381955
33.26214159,126.5386031
33.26218142,126.539008
33.26224135,126.5393672
33.26226032,126.5396193
33.26228613,126.5398929
33.2623232,126.5401664
33.26236019,126.5404157
33.26236562,126.5406652
33.26240033,126.5409092
33.26243751,126.5412095
33.26247951,126.5415983
33.26252153,126.5419898
33.26207349,126.4983173
33.2619096,126.49904
33.26100922,126.5088501
33.26080322,126.5097198
33.26065445,126.5103226
33.26048279,126.5109787
33.26039886,126.5117188
33.26325989,126.4619522
33.26323318,126.4615936
33.2632103,126.4612045
33.26319122,126.4608231
33.26319504,126.4604645
33.26316452,126.4601212
33.26311493,126.4598312
33.2630043,126.4593506
33.26293945,126.4589615
33.26285553,126.4585876
33.26266861,126.4582291
33.26259232,126.4578857
33.26249695,126.4575348
33.26239014,126.457222
33.26226425,126.4569168
33.26213455,126.4565735
33.26203156,126.4562302
33.26196289,126.4559174
33.26190567,126.4555511
33.26188278,126.4552002
33.26264572,126.4586258
33.26270294,126.4590225
33.26278305,126.4593658
33.26285934,126.4598007
33.26287079,126.4601669
33.26290131,126.4605103
33.26291275,126.4608383
33.2629776,126.461235
33.26300812,126.4616165
33.26302719,126.4619827
33.26317215,126.4623413
33.26319885,126.4627075
33.26321411,126.4631042
33.26323318,126.4634857
33.26325989,126.4638824
33.26327896,126.4642639
33.26330185,126.4647217
33.26331329,126.4650574
33.26198959,126.4549332
33.26197433,126.4545517
33.26197052,126.4541626
33.26197815,126.4537964
33.26196671,126.4534149
33.26197433,126.4529724
33.26195908,126.4526443
33.26196671,126.4523087
33.26198196,126.4518814
33.262043,126.4515228
33.26203156,126.4511032
33.26213455,126.4507141
33.26223755,126.450325
33.26233292,126.4499588
33.26241684,126.4496155
33.26247025,126.449295
33.26252747,126.4489288
33.2625885,126.4485245
33.26264572,126.4481583
33.26179886,126.4515152
33.26174927,126.4518585
33.26172638,126.4522629
33.26170349,126.4525986
33.26169205,126.4528809
33.26169205,126.4532089
33.26171112,126.4534454
33.26174927,126.4538193
33.26173782,126.4541626
33.26174927,126.454567
33.26175308,126.4549103
33.26121521,126.4841995
33.26125717,126.483902
33.26132202,126.4835052
33.26136017,126.4831314
33.26137543,126.4827728
33.26140976,126.4824829
33.26156998,126.4824677
33.26194,126.4826279
33.26131058,126.4821167
33.26115036,126.4816895
33.26100159,126.4814377
33.26081848,126.4811249
33.26053619,126.4807816
33.2603035,126.4805222
33.25944901,126.4795456
33.25925446,126.4792938
33.25910187,126.4790421
33.25895691,126.4787216
33.25885391,126.4783936
33.25880051,126.4780426
33.2587738,126.4776535
33.25880814,126.4773026
33.25894547,126.4762573
33.25899506,126.4758453
33.25907516,126.4752808
33.25909424,126.4751282
33.2591629,126.4747162
33.25921631,126.4742966
33.25933456,126.4739609
33.25941849,126.4736633
33.25953293,126.4733276
33.25967407,126.4730072
33.25981522,126.4726791
33.26016235,126.472084
33.26032639,126.4718246
33.26050186,126.4715805
33.26067352,126.471344
33.26092148,126.4710236
33.26111984,126.4707413
33.26132202,126.4704742
33.26153946,126.470192
33.26176453,126.4698868
33.2618866,126.4697189
33.26215363,126.4693604
33.26239395,126.4690552
33.26305771,126.4439697
33.26305771,126.4446487
33.26296997,126.4450378
33.26281357,126.4454422
33.26301575,126.4454117
33.26319504,126.4448853
33.2632637,126.444519
33.2633667,126.4441452
33.26281357,126.445694
33.26275253,126.4459305
33.2627182,126.4461746
33.26270294,126.4464188
33.26270676,126.4467163
33.26270676,126.4469757
33.26269913,126.4472198
33.26339722,126.443718
33.26332855,126.4433975
33.26333618,126.4430695
33.26334381,126.4427414
33.26314545,126.4425659
33.26315689,126.4428864
33.26314545,126.4432602
33.26311493,126.4436035
33.26224136,126.4688339
33.26203156,126.4691162
33.26180267,126.4694214
33.26160049,126.4697113
33.2614212,126.4699326
33.26118469,126.4702377
33.26097107,126.4705353
33.26078415,126.4707947
33.26056671,126.4710922
33.2603302,126.4713974
33.26015091,126.4716263
33.25997925,126.4719009
33.25977325,126.4722443
33.25962067,126.4725342
33.25947189,126.4728775
33.25932693,126.4732208
33.25920486,126.4735565
33.25905609,126.4739075
33.25879288,126.4740219
33.25899506,126.4742966
33.25890732,126.4747162
33.25886536,126.4750977
33.25882339,126.4754333
33.25878143,126.4757767
33.25870895,126.476265
33.25863266,126.4769745
33.25857544,126.477356
33.258564,126.4776459
33.25859451,126.4781189
33.25865936,126.4784927
33.25876999,126.4788361
33.25891495,126.4791718
33.25908279,126.4794693
33.25930023,126.479744
33.25958252,126.4800644
33.25990295,126.4804611
33.2601738,126.4807358
33.26039505,126.4810028
33.26063919,126.4812851
33.26080704,126.4815826
33.26091766,126.4819107
33.26057053,126.4821701
33.26082993,126.4821548
33.26105499,126.4824142
33.26109695,126.4827728
33.26113129,126.483139
33.26108932,126.4835281
33.26105118,126.4838867
33.26099777,126.4842834
33.26242065,126.4217682
33.2621727,126.4213867
33.26288223,126.4211426
33.26270294,126.4214859
33.26258087,126.4212952
33.26235199,126.4212799
33.26200867,126.4210663
33.26197815,126.4215317
33.26209641,126.4218597
33.26219177,126.4222565
33.26219177,126.4226074
33.26620102,126.4127045
33.26613617,126.413002
33.26607895,126.4133453
33.26601791,126.4136276
33.26646042,126.4134674
33.26652527,126.4131012
33.26658249,126.4127808
33.26661301,126.4124756
33.26589203,126.4142151
33.26582336,126.4146118
33.26573181,126.4150085
33.26566315,126.4154053
33.26555634,126.4158401
33.26605606,126.4153976
33.26613617,126.415123
33.26619339,126.4148788
33.26627731,126.4144897
33.26633072,126.4142075
33.27564621,126.3781891
33.27547073,126.3784943
33.27532196,126.3788071
33.2756424,126.3791275
33.27573395,126.3789063
33.27586746,126.3786392
33.27600098,126.3783417
33.27499771,126.3804169
33.27511215,126.380188
33.27525711,126.3798904
33.27540588,126.3796005
33.27445984,126.3806763
33.2743454,126.3809967
33.27481842,126.379776
33.27474213,126.3799667
33.26094818,126.4846878
33.26091766,126.4850693
33.26086044,126.4853821
33.2608223,126.485817
33.26077652,126.4861679
33.26074982,126.4864807
33.26070023,126.4869232
33.26065063,126.4872589
33.26060104,126.4875565
33.26053238,126.4878922
33.26045227,126.4883347
33.26034546,126.4888687
33.26026535,126.4892578
33.26018906,126.4895706
33.26012039,126.4899139
33.26002884,126.4904327
33.2599411,126.4908981
33.25986481,126.4913254
33.25983047,126.4916229
33.25979996,126.4919586
33.25986099,126.4922028
33.25992203,126.4924927
33.26005554,126.4928436
33.2601738,126.4931946
33.26027679,126.4935455
33.2603569,126.4938736
33.26044464,126.4942093
33.26062012,126.4947128
33.260746,126.4950409
33.26086807,126.4953918
33.26097107,126.4957428
33.26109314,126.4961243
33.26121521,126.4965286
33.26133728,126.4969254
33.26147461,126.4973602
33.26156998,126.4977188
33.2616272,126.4981155
33.26163101,126.4984894
33.26158524,126.4988708
33.26152802,126.4992599
33.26148224,126.4995651
33.26144409,126.4999924
33.26142502,126.5003891
33.26146698,126.5008469
33.26122284,126.5009689
33.2614975,126.5012589
33.26152802,126.5017319
33.26154327,126.502243
33.2615509,126.5028305
33.26151657,126.5034256
33.26144028,126.5040436
33.26135254,126.5046921
33.2612648,126.5053024
33.26117325,126.5059204
33.2610817,126.5065765
33.26103973,126.5072403
33.2610321,126.5078888
33.26171494,126.4455719
33.26147079,126.4455566
33.26128387,126.445694
33.261846,126.4452937
33.26192999,126.4449202
33.26199596,126.4445522
33.26205989,126.4442298
33.26211472,126.4438887
33.26346207,126.4672394
33.26350021,126.4669113
33.26347733,126.4664688
33.26345062,126.4661179
33.26343918,126.4657288
33.26342392,126.4653702
33.26320648,126.4653625
33.26322556,126.4657364
33.26323318,126.4660721
33.26325226,126.4664688
33.26322556,126.4668961
33.26298523,126.4671097
33.26319122,126.4672775
33.26305771,126.4676819
33.26265717,126.4682999
33.26244354,126.4685898
33.26244798,126.4266923
33.2624194,126.4263597
33.26237095,126.4258744
33.26234628,126.4256573
33.26232471,126.4253784
33.26227133,126.425046
33.2622335,126.4246653
33.26224628,126.4242614
33.26238558,126.4246495
33.26250821,126.4243589
33.2619913,126.4239585
33.26197967,126.4243664
33.26201757,126.4247633
33.26205062,126.4250877
33.26206964,126.4252995
33.26209675,126.4255569
33.26213329,126.4259055
33.26217341,126.4262943
33.26221444,126.4266388
33.26224629,126.4269471
33.26052475,126.5122299
33.26058578,126.5114517
33.26073074,126.5106659
33.26089859,126.5100555
33.26105118,126.5094681
33.26112747,126.5092316
33.26118851,126.5083389
33.26119614,126.507576
33.26121902,126.5069199
33.26129913,126.5063019
33.26138306,126.5056534
33.26147461,126.5050201
33.26155472,126.5043869
33.26165009,126.503746
33.26171112,126.5031281
33.26175308,126.5019455
33.26175308,126.5015335
33.26174164,126.5011902
33.26171875,126.5007324
33.2616806,126.5003662
33.26167297,126.4999924
33.26169968,126.4996033
33.26175308,126.4992828
33.26183701,126.4987869
33.26185989,126.4985275
33.26185608,126.4981079
33.26872183,126.3970833
33.26882245,126.396452
33.26889009,126.3959927
33.26894231,126.395606
33.26901012,126.3951815
33.26912337,126.3943677
33.26916599,126.393863
33.26922633,126.3932937
33.26926011,126.3928266
33.26935242,126.392343
33.26841991,126.3971095
33.26844162,126.3964734
33.26846855,126.3959849
33.26848443,126.395542
33.26847776,126.3950967
33.26844237,126.3947722
33.26853746,126.3943959
33.26864078,126.3938586
33.26878695,126.3933263
33.26890624,126.3928291
33.26909078,126.3923072
33.26179504,126.4976501
33.26167679,126.4972382
33.26154709,126.4968491
33.26142502,126.4964447
33.26128769,126.4960251
33.26118469,126.4956436
33.26106644,126.4952927
33.26095581,126.4949265
33.26086807,126.4945679
33.26079559,126.4942398
33.26062775,126.4938049
33.26051331,126.4935226
33.26037216,126.4930878
33.26026917,126.4927521
33.26016617,126.4923859
33.2600975,126.4920654
33.26007462,126.4918137
33.2600708,126.4915848
33.26008606,126.4913559
33.26015472,126.4909592
33.26022339,126.4905472
33.26057053,126.488884
33.26074982,126.4879608
33.26081848,126.4876633
33.26086426,126.4872742
33.26091385,126.4869766
33.26097107,126.4866028
33.26101303,126.4861832
33.26103973,126.4859695
33.26109695,126.4854813
33.26111984,126.4851303
33.26116943,126.4847565
33.26134872,126.5238876
33.26133728,126.5235672
33.26131821,126.5232315
33.26129913,126.5229111
33.26128387,126.5226746
33.26125717,126.5222549
33.26124573,126.5219727
33.26122665,126.5216751
33.26120377,126.5213089
33.26118088,126.5210724
33.26116943,126.5207901
33.26115417,126.520401
33.2611351,126.5201111
33.26143256,126.5292484
33.24901581,126.5678482
33.24930191,126.5678787
33.2495842,126.5679169
33.24977875,126.5679474
33.25004578,126.5679626
33.25030136,126.5679398
33.25048828,126.5679321
33.25069809,126.5679245
33.25094223,126.5676804
33.25075912,126.567688
33.25053406,126.5677109
33.25032425,126.5677338
33.25001907,126.5677338
33.24981689,126.5677185
33.24954224,126.5676804
33.24932098,126.5676727
33.2490654,126.5676498
33.24893951,126.5676041
33.24798965,126.560524
33.24809265,126.5599899
33.24791336,126.5600815
33.24785233,126.5597382
33.24848175,126.5601501
33.24838257,126.5597
33.24832916,126.5591812
33.24826813,126.5586853
33.24978638,126.5602951
33.2497406,126.5599823
33.24964142,126.5595474
33.24958038,126.5591965
33.24959564,126.5588074
33.24951172,126.5583801
33.25045013,126.5634766
33.25042343,126.5633011
33.2503891,126.5630875
33.25033951,126.5628738
33.25020218,126.562439
33.25015259,126.5621567
33.250103,126.5618896
33.25006866,126.5616531
33.25101852,126.5615387
33.25106049,126.5617523
33.25110626,126.5619812
33.25114059,126.5622177
33.25084686,126.5619431
33.25064087,126.5619888
33.25043488,126.5620117
33.25118637,126.5626755
33.25127411,126.5629349
33.2513504,126.5631561
33.26096725,126.5620346
33.26063538,126.5620499
33.26034927,126.5620651
33.26004028,126.562088
33.25972748,126.5621109
33.26202401,126.5621878
33.26199621,126.5626146
33.26196811,126.5629581
33.26201718,126.5634516
33.26213324,126.5637649
33.26224931,126.5640836
33.26239565,126.5646758
33.26278059,126.5651757
33.26288339,126.5655669
33.26295435,126.5658778
33.26301633,126.5661994
33.26310604,126.5667142
33.26311863,126.5670951
33.26312646,126.5674009
33.26235962,126.564949
33.2621727,126.5652542
33.26198959,126.5655594
33.26170349,126.565567
33.26143265,126.5654068
33.26113129,126.5653
33.26082993,126.5652847
33.26049805,126.5652847
33.26018524,126.5652695
33.25992584,126.5650406
33.2597847,126.5648575
33.26163101,126.5659332
33.26137543,126.565712
33.26111221,126.5656281
33.26081848,126.5656052
33.26052475,126.5656052
33.26012802,126.5656281
33.24507141,126.5620804
33.24540329,126.5620651
33.24577713,126.5620422
33.2461319,126.562027
33.24650192,126.5620041
33.24681473,126.5619965
33.24716949,126.5619736
33.24737167,126.5617905
33.24704361,126.5618057
33.24668884,126.561821
33.24608612,126.5618668
33.24588776,126.5618668
33.2455101,126.561882
33.24522781,126.5618973
33.24487305,126.5619202
33.24469757,126.5618362
33.26386261,126.5586548
33.26371002,126.5586726
33.26356506,126.5586853
33.26338442,126.5587037
33.26319885,126.5587158
33.26298674,126.5587486
33.26283264,126.5587616
33.26267801,126.558773
33.26247787,126.5587845
33.2623276,126.5587989
33.26210403,126.5588226
33.26191186,126.5588372
33.26173782,126.5588608
33.26157386,126.5588684
33.26139832,126.5588837
33.26120103,126.558932
33.26104736,126.5589752
33.26084411,126.5590291
33.26063538,126.5590973
33.26046467,126.5591343
33.26027679,126.5591736
33.26011331,126.5592125
33.2599411,126.5592575
33.25975301,126.5593109
33.25958633,126.5593719
33.25944232,126.5594171
33.25930786,126.5594559
33.24803925,126.5618668
33.24842453,126.5617981
33.24879837,126.5617371
33.24926376,126.5616684
33.24973297,126.5615845
33.25017929,126.5615158
33.25061035,126.5614395
33.25753403,126.5601349
33.25732612,126.5601575
33.25705353,126.5602004
33.25681305,126.560257
33.25668075,126.5602761
33.25653076,126.5602951
33.25638449,126.5603205
33.25621033,126.5603561
33.25593567,126.5604019
33.25551987,126.5604706
33.25523376,126.560524
33.25483704,126.5605927
33.25444794,126.5606613
33.25415802,126.5607071
33.25368881,126.5607834
33.25209808,126.5610199
33.25172806,126.5610809
33.25131989,126.5611572
33.25081253,126.5612335
33.25040436,126.5613022
33.24995804,126.5613785
33.24950027,126.5614471
33.24908447,126.5615158
33.24863434,126.5615921
33.24815369,126.5616684
33.24774551,126.5617294
33.25108719,126.5613708
33.25156021,126.5613022
33.25195313,126.5612183
33.26213455,126.561821
33.26218033,126.5614853
33.26221848,126.5611191
33.26221085,126.5607605
33.26220322,126.5603561
33.26220703,126.5598679
33.26220703,126.5594635
33.26221085,126.5591278
33.26088333,126.559227
33.26105428,126.5591809
33.26122665,126.5591278
33.2613977,126.5590893
33.26158905,126.5590668
33.26175709,126.5590526
33.26193237,126.5590363
33.26209398,126.5590255
33.26228714,126.5590057
33.26247707,126.5589981
33.26266861,126.5589828
33.26287479,126.5589625
33.26303482,126.5589447
33.26335907,126.5589066
33.26374054,126.558876
33.26395864,126.5588605
33.26405334,126.5589371
33.25359344,126.5610046
33.25392532,126.5609512
33.25431824,126.5608749
33.25466156,126.5608292
33.25502777,126.5607758
33.25538254,126.5607147
33.25580597,126.5606461
33.25624444,126.5605559
33.25645065,126.560524
33.25658236,126.5604992
33.25670624,126.5604858
33.25686059,126.5604589
33.25701904,126.5604248
33.25738907,126.5603867
33.25755669,126.5603441
33.25774384,126.5603256
33.25807571,126.5602417
33.25827391,126.5601447
33.25842667,126.5600739
33.25864411,126.5599778
33.25883102,126.5598907
33.25911331,126.559761
33.25929566,126.5596942
33.25944519,126.5596313
33.25965881,126.5595703
33.25771024,126.5601019
33.25806154,126.5600062
33.25835976,126.5598813
33.24934769,126.5628128
33.2494545,126.5627975
33.24959946,126.5627823
33.2497673,126.5627441
33.25018692,126.5626755
33.25033569,126.5626526
33.25051117,126.5626221
33.25066376,126.5625916
33.25084305,126.562561
33.25102997,126.5625305
33.24742126,126.5630035
33.24768829,126.5629883
33.24753571,126.5629501
33.24728394,126.5629578
33.24714279,126.5629272
33.25178909,126.5613632
33.25166321,126.5616302
33.25157547,126.5617905
33.25145721,126.5619659
33.2513237,126.5621948
33.25106812,126.5626144
33.25099945,126.5627365
33.25092697,126.562851
33.25085449,126.5629654
33.25066376,126.5632629
33.24861145,126.5670395
33.24858093,126.5665741
33.24854279,126.5662689
33.24851608,126.5659332
33.24843597,126.5654984
33.24833679,126.5650558
33.24827194,126.5647659
33.24816895,126.5643845
33.24809265,126.5640335
33.24802399,126.5636139
33.24790192,126.5632019
33.24783325,126.5629196
33.24773788,126.5624237
33.24766541,126.562088
33.24772263,126.5619278
33.24750137,126.5619888
33.24758911,126.5623016
33.24768066,126.562706
33.2477684,126.5630646
33.24785614,126.5634689
33.24795914,126.5638885
33.24804306,126.5642166
33.24811172,126.5645676
33.24823761,126.5650253
33.24829483,126.5653915
33.24838638,126.5657654
33.24843597,126.5661163
33.24845886,126.5663986
33.24848557,126.5667038
33.24853516,126.5672073
33.24764252,126.5615921
33.24760818,126.5612106
33.24760056,126.5608215
33.24760437,126.5605469
33.24760056,126.5602951
33.24759293,126.5599976
33.24759674,126.5595016
33.2475853,126.5591888
33.2475853,126.5589218
33.24758148,126.5586929
33.24759293,126.5583267
33.24757767,126.5580902
33.2475853,126.5578079
33.24757385,126.5574951
33.24755096,126.5572433
33.2475853,126.5568085
33.24748611,126.5566177
33.24749374,126.5570145
33.24750137,126.5573578
33.24749756,126.5576096
33.24748993,126.5579605
33.24748611,126.5582123
33.24750137,126.558548
33.24748993,126.5587845
33.24749374,126.5590515
33.24748611,126.5593872
33.24748993,126.5597153
33.24749374,126.5601349
33.24750137,126.5604324
33.247509,126.5607071
33.24751663,126.5609665
33.24834061,126.567894
33.24855423,126.5681458
33.24855423,126.5686874
33.24844742,126.5693893
33.24857712,126.5696487
33.24865341,126.5690613
33.24871826,126.5684738
33.24884415,126.567894
33.24853134,126.5680466
33.24873352,126.5680542
33.24796295,126.5585251
33.2482338,126.5585403
33.25056458,126.5634689
33.25122754,126.5623409
33.25023587,126.4240853
33.25026624,126.4238302
33.25016358,126.4235653
33.25040236,126.4235316
33.2507065,126.4234974
33.25106032,126.4234843
33.25124359,126.4229813
33.25122833,126.4233475
33.25118256,126.4238663
33.25114441,126.4243393
33.25112534,126.4248199
33.251194,126.4250031
33.25130081,126.4235458
33.25135422,126.4231415
33.25175858,126.4231796
33.25157928,126.4230499
33.25160217,126.4254456
33.2516098,126.4260635
33.25175858,126.4251938
33.25177383,126.4246063
33.25182724,126.4240112
33.25187302,126.4235001
33.25190735,126.4229965
33.25215912,126.4223404
33.25235367,126.4219208
33.25256348,126.421524
33.25272751,126.4212494
33.25156784,126.4266357
33.25152588,126.4271851
33.25149536,126.427681
33.2514267,126.4283905
33.25138474,126.4289703
33.25132751,126.4293442
33.25787735,126.4061127
33.25775909,126.406456
33.25761032,126.4068298
33.25747299,126.4072189
33.25735855,126.407547
33.25722504,126.4079132
33.25710678,126.4082794
33.25700378,126.4086456
33.2568779,126.4090042
33.25677872,126.4093552
33.25667191,126.4097443
33.25654984,126.4101105
33.25646973,126.4104385
33.25633621,126.4108658
33.25623703,126.4112091
33.25612259,126.4115906
33.25600052,126.411972
33.2558403,126.412384
33.2557106,126.4127045
33.2555542,126.4129868
33.25120163,126.4318542
33.25115967,126.4322052
33.25113297,126.4327698
33.25108719,126.4333038
33.25105667,126.4339371
33.25145721,126.4302979
33.25175858,126.4303207
33.25204468,126.4303131
33.25231171,126.4303436
33.25269318,126.4303818
33.2530098,126.4304047
33.25328064,126.4303284
33.2536087,126.430397
33.25382614,126.4304962
33.25403214,126.4306259
33.25143814,126.4295273
33.25147247,126.4292679
33.25151825,126.4287415
33.25156021,126.4281387
33.25158691,126.4278946
33.25160599,126.427475
33.25164795,126.4269562
33.25169373,126.4263077
33.25172806,126.4257889
33.25355148,126.4195557
33.25350952,126.4197159
33.25339508,126.4200516
33.25322723,126.4204407
33.25304413,126.4207382
33.25289536,126.420929
33.25263214,126.4212799
33.25240326,126.4215927
33.25216675,126.422081
33.25202179,126.4223557
33.25188446,126.4226685
33.25177002,126.4232407
33.25175095,126.4237213
33.25168228,126.4243393
33.25166702,126.424881
33.24870682,126.5608292
33.2491951,126.5607605
33.24981689,126.5606613
33.25014877,126.560585
33.25056076,126.5604706
33.24768448,126.5610123
33.24781418,126.560997
33.24792099,126.5609741
33.24802017,126.5609589
33.24830246,126.5609131
33.24845505,126.5608978
33.24859238,126.5608597
33.24887085,126.5608139
33.24908829,126.5607758
33.24937057,126.56073
33.24951935,126.5607224
33.24970245,126.5606842
33.24999619,126.5606308
33.25027466,126.5605469
33.25043106,126.5605164
33.25067902,126.5604324
33.25079727,126.5603027
33.25092316,126.5601654
33.25104523,126.5600357
33.25119781,126.5598831
33.24063624,126.5625144
33.24114994,126.5618091
33.2410202,126.5628891
33.24100876,126.5625916
33.24092865,126.5630875
33.24092484,126.5632858
33.24088669,126.5634537
33.24081802,126.563858
33.2407608,126.5642166
33.2408905,126.5640793
33.24095535,126.5637054
33.24659348,126.5754242
33.24619293,126.575386
33.2457428,126.5751038
33.24676592,126.5754422
33.2468866,126.5754664
33.24692535,126.5757523
33.23967361,126.5637665
33.23967743,126.5634689
33.23986053,126.5628967
33.23995972,126.5626144
33.24002075,126.5624084
33.24008942,126.5622406
33.24015045,126.5620651
33.24035263,126.5618591
33.24057007,126.5617599
33.24075699,126.561676
33.24096298,126.5615921
33.24115372,126.5615082
33.24137115,126.5614014
33.24156189,126.5613174
33.24176407,126.5612259
33.24193573,126.5611877
33.24211884,126.561348
33.24227524,126.5615311
33.24241257,126.5617065
33.24258423,126.561821
33.24277878,126.5619049
33.24296951,126.5619431
33.24316025,126.5619431
33.2433815,126.5618134
33.23994827,126.5623856
33.23984146,126.5627136
33.23971939,126.5630493
33.23954773,126.56353
33.23944473,126.5637894
33.23931885,126.5641708
33.23973083,126.5642166
33.23993683,126.5648041
33.24028778,126.5652237
33.24072266,126.5656586
33.24105835,126.5660019
33.24167252,126.5665436
33.24202347,126.5668335
33.24232483,126.567131
33.24260712,126.5674438
33.24287033,126.5677643
33.24317932,126.5681229
33.24346924,126.5684433
33.24397659,126.5690308
33.24432755,126.5694351
33.24460983,126.5697632
33.24486923,126.5697556
33.24433136,126.569191
33.24382019,126.5686111
33.24349213,126.568222
33.24315262,126.5678406
33.242836,126.567482
33.24249649,126.5668945
33.24223709,126.5668259
33.24201202,126.5666122
33.24171829,126.5663681
33.24128342,126.565979
33.24098587,126.565712
33.24085617,126.5655975
33.24050903,126.5653076
33.24012756,126.5649567
33.23991394,126.5644913
33.26032639,126.6174698
33.25995636,126.6174622
33.25959778,126.6174774
33.25908661,126.6174774
33.25875092,126.6174622
33.25837326,126.6174774
33.25796127,126.6174698
33.25751877,126.6174698
33.24335861,126.6071701
33.24320221,126.6066971
33.24306488,126.6061935
33.24290466,126.6056824
33.24548721,126.5892487
33.24541092,126.5896683
33.24530029,126.5900803
33.24518585,126.5904922
33.24507904,126.590889
33.2449379,126.5914001
33.24480438,126.5918884
33.24465942,126.5924149
33.24451447,126.5928802
33.24429321,126.5937195
33.24416351,126.5942535
33.24402618,126.5947723
33.24376297,126.5958328
33.24363327,126.5963364
33.24350357,126.5968552
33.24337769,126.5973053
33.2432518,126.5978088
33.24313354,126.5982513
33.24300766,126.5987091
33.24289322,126.5989838
33.24303436,126.5989075
33.24317169,126.5984726
33.24328232,126.5980682
33.24337006,126.5976791
33.24351883,126.5971451
33.24364853,126.5966415
33.24380112,126.5961075
33.24391937,126.5955734
33.24404526,126.595108
33.24418259,126.5945511
33.24432373,126.5940018
33.24446487,126.5934906
33.24622345,126.6116867
33.2460289,126.6115341
33.24581909,126.6113739
33.24559402,126.6112213
33.24539566,126.6110687
33.24493027,126.6106796
33.2447052,126.610527
33.24447632,126.6103745
33.24419403,126.6101685
33.24401855,126.6100464
33.24375534,126.6098557
33.24351501,126.6095886
33.24346542,126.6093826
33.24343872,126.6089783
33.24345398,126.6086502
33.24345398,126.6083984
33.24345779,126.6080399
33.24344254,126.6077423
33.24341202,126.607399
33.24805069,126.5788651
33.24810791,126.5791702
33.24813843,126.5794373
33.24816132,126.5797119
33.24819183,126.5800781
33.24822235,126.5803604
33.24824524,126.5806732
33.24826813,126.5809708
33.2482872,126.5813828
33.24829865,126.581665
33.24823761,126.5819702
33.24816132,126.582283
33.24810028,126.58255
33.24803543,126.5828781
33.24795914,126.5832062
33.24790192,126.5835114
33.24782944,126.5838623
33.24773788,126.5842819
33.24766922,126.58461
33.24760437,126.584938
33.24753571,126.585228
33.24745941,126.5855331
33.24739075,126.5858765
33.24727631,126.5861816
33.24712372,126.5864258
33.24692917,126.5866699
33.24675751,126.5869217
33.24659729,126.5871429
33.24642563,126.5873642
33.24626541,126.5876007
33.24606705,126.5878677
33.24588394,126.5881271
33.24562454,126.5884857
33.24556732,126.5887222
33.24790955,126.578476
33.24793526,126.578268
33.2467804,126.5747681
33.24670029,126.5744095
33.24656677,126.5738831
33.2464447,126.5734406
33.246315,126.5730286
33.2461853,126.5725937
33.24610519,126.5723038
33.24600601,126.5718918
33.24587633,126.5713958
33.24571991,126.571022
33.24552155,126.5706558
33.24532318,126.5703201
33.24503326,126.5699997
33.24794006,126.5778732
33.24778748,126.5775299
33.24766922,126.577179
33.24754333,126.5767746
33.24740982,126.5763245
33.24727631,126.5759354
33.24708557,126.5755081
33.24689865,126.5750504
33.24499893,126.5702209
33.2451973,126.5704422
33.24538422,126.5707016
33.24557495,126.5710526
33.24572372,126.5714035
33.24586487,126.571907
33.24596024,126.5723495
33.24604797,126.5726624
33.24617386,126.5730743
33.24629974,126.5734863
33.24642181,126.5739288
33.24652481,126.5743179
33.24661636,126.5747299
33.24674606,126.5751038
33.24713516,126.576004
33.24727631,126.5764084
33.24741364,126.576828
33.24740982,126.5780106
33.24753189,126.5772324
33.24764633,126.5775909
33.24772644,126.5778732
33.24776806,126.5781508
33.2565155,126.6174927
33.25623322,126.6174927
33.2559166,126.6174927
33.25556946,126.6174698
33.25522614,126.617485
33.25498581,126.6174927
33.25476456,126.617485
33.25445175,126.617485
33.25419617,126.617485
33.25394821,126.6175003
33.25372696,126.6174927
33.25346375,126.6175079
33.25320816,126.6174545
33.25283813,126.6172256
33.25265121,126.6170807
33.25244141,126.6168976
33.25218582,126.6166534
33.2519722,126.6164627
33.25183868,126.6163254
33.25156021,126.6160736
33.25133133,126.6158524
33.25112534,126.6156616
33.25090027,126.6154633
33.25066757,126.6152344
33.25045395,126.615036
33.25020218,126.6148148
33.25001907,126.6146469
33.24982071,126.6144791
33.24954987,126.6142349
33.24935532,126.6140442
33.24908447,126.6137924
33.24879456,126.6135941
33.24852371,126.6133728
33.24829483,126.6132126
33.24808121,126.6130371
33.24783707,126.6128616
33.24750137,126.6126175
33.24717331,126.6123734
33.24687576,126.6121597
33.24669266,126.6120224
33.24643707,126.6118164
33.2472496,126.5610428
33.24700928,126.561058
33.24650955,126.5610886
33.24631882,126.5610962
33.24605179,126.5611038
33.24583054,126.5611191
33.2456131,126.5614624
33.2455864,126.5617218
33.24716949,126.5604858
33.24698639,126.5601425
33.24679947,126.5597382
33.24662018,126.5593796
33.24648666,126.5589447
33.24668121,126.5648193
33.24670792,126.5645294
33.24671936,126.564209
33.24669266,126.5640106
33.24663925,126.5638046
33.24658585,126.5636368
33.24652863,126.5634155
33.24648285,126.5631714
33.24644089,126.5629196
33.24637222,126.5624695
33.24635315,126.5622559
33.24634171,126.5620575
33.24663811,126.5642309
33.24663914,126.564526
33.24664911,126.5647968
33.24663494,126.5652583
33.24848938,126.5703964
33.24834061,126.5706635
33.24816513,126.5709229
33.24797058,126.5713501
33.24777603,126.5713196
33.24757767,126.5712204
33.24729919,126.5712433
33.24721146,126.571373
33.24718094,126.5716553
33.24585724,126.5709534
33.24606705,126.5711975
33.24626541,126.5714264
33.24664688,126.5717087
33.2469101,126.5718155
33.24882889,126.5736313
33.24847031,126.5738907
33.24808502,126.5741577
33.24769592,126.5744247
33.24727631,126.574707
33.24689102,126.5748825
33.24710846,126.5748749
33.24749374,126.5746613
33.24794006,126.5743561
33.2483139,126.5740891
33.2486763,126.5738373
33.25110102,126.5739417
33.25080656,126.5741819
33.25064244,126.5743087
33.25023767,126.5745897
33.2499656,126.5747869
33.24973848,126.5749462
33.24948797,126.5748562
33.24931315,126.5744869
33.2491112,126.5740962
33.24892511,126.5737296
33.24593735,126.5600052
33.2457962,126.560257
33.24568176,126.560524
33.2454567,126.5607452
33.2451973,126.5609589
33.24499893,126.5611877
33.24482727,126.5613708
33.24462891,126.5616302
33.24448395,126.5618515
33.24716568,126.5565262
33.24697495,126.5569077
33.24678802,126.557312
33.24668121,126.5577621
33.24655533,126.5581741
33.2464447,126.5585632
33.24632645,126.5589981
33.24623871,126.5593033
33.24610138,126.5596085
33.24822617,126.5693665
33.24791718,126.5690384
33.24764633,126.5687943
33.24742126,126.5685501
33.24716949,126.5682144
33.2468338,126.5679321
33.24657803,126.5676837
33.2464447,126.5674973
33.24621201,126.5672379
33.24596405,126.5668335
33.24568939,126.5663681
33.24546432,126.5662308
33.24569321,126.5666656
33.24586105,126.566925
33.24611282,126.5672836
33.24635315,126.5676041
33.24658585,126.5678787
33.2469101,126.5682373
33.24716187,126.5684814
33.24734497,126.5686722
33.24756622,126.5689163
33.24779096,126.5690512
33.24788666,126.569252
33.24814987,126.569519
33.24837875,126.5697632
33.24856186,126.5699997
33.24433899,126.5622101
33.24434662,126.5626221
33.24445724,126.5630875
33.24457169,126.5635834
33.24466705,126.5640259
33.24477005,126.5645142
33.24493027,126.5649261
33.24512482,126.5653915
33.24524689,126.5656967
33.24478912,126.5639801
33.24469376,126.5635452
33.24459457,126.5630646
33.24449158,126.5625763
33.24450684,126.5621643
33.24469757,126.562088
33.24764252,126.5558853
33.2477417,126.5554199
33.24780273,126.5550842
33.24786758,126.554718
33.2479248,126.5543823
33.24792862,126.5541
33.24792099,126.5537186
33.2479248,126.5533447
33.24773788,126.5524826
33.24777222,126.5528412
33.24774933,126.5531693
33.24777603,126.5535736
33.24779129,126.5539398
33.24779129,126.5543137
33.24774551,126.5546799
33.24767685,126.5550385
33.2476387,126.5552673
33.24753952,126.5556183
33.24742508,126.5559464
33.24727631,126.5562744
33.24771609,126.5560945
33.24749344,126.5562351
33.24681854,126.5483551
33.24665833,126.5481796
33.24651337,126.5478745
33.24599457,126.5466766
33.24581909,126.5463791
33.24570084,126.5461273
33.24560165,126.5459137
33.2455368,126.5457153
33.24545288,126.5454636
33.25447845,126.576828
33.25409317,126.5764999
33.25365067,126.5761337
33.25325394,126.5758057
33.25282669,126.5754547
33.25247955,126.5750046
33.25226974,126.5746841
33.2518692,126.5740662
33.25155258,126.5735703
33.25120163,126.5730057
33.25084305,126.572464
33.2504921,126.5720215
33.25011063,126.5716629
33.24969864,126.5712738
33.24927521,126.5708466
33.24897003,126.5703888
33.24892044,126.5706482
33.24941254,126.5712128
33.24981308,126.5716095
33.25040817,126.5721588
33.25066376,126.5724411
33.25093079,126.5728912
33.25123978,126.5733566
33.25156784,126.5738602
33.2518158,126.5742569
33.2520752,126.5746536
33.25238419,126.5751343
33.25258255,126.5754242
33.25298309,126.5757904
33.25337982,126.5761185
33.25376129,126.5764389
33.24680328,126.5236435
33.24564362,126.5259552
33.24550629,126.5262985
33.24549103,126.5266571
33.24534225,126.5269699
33.24529266,126.5273285
33.24519348,126.5277328
33.245121,126.5280533
33.24506378,126.5283585
33.24498749,126.5287476
33.24491882,126.5291138
33.24483871,126.5295029
33.24475098,126.5298996
33.24467087,126.53022
33.24459076,126.5305939
33.24452591,126.5309448
33.24445343,126.5313034
33.24424591,126.5324039
33.24420845,126.5326322
33.24411759,126.5330457
33.24405819,126.533435
33.24396945,126.5338164
33.24392341,126.53416
33.24386385,126.5345091
33.24386973,126.5348739
33.24393835,126.5351417
33.24404076,126.5354041
33.24413185,126.5356504
33.24441394,126.5363437
33.24455934,126.5366514
33.24467766,126.5369485
33.24480765,126.5373529
33.24489067,126.5378568
33.2449232,126.5381195
33.24490823,126.5383369
33.24836865,126.5725036
33.24852076,126.5728194
33.24863197,126.5730402
33.24879429,126.5733774
33.29034424,126.5821609
33.29061127,126.5819397
33.29085159,126.5817337
33.29114532,126.5815125
33.29141617,126.5812912
33.29165649,126.5810928
33.2918663,126.5812225
33.2920723,126.5815735
33.29231644,126.5820389
33.29263687,126.58255
33.29284668,126.5829086
33.29301834,126.5829468
33.29279327,126.58255
33.29254913,126.5821457
33.2923584,126.5817642
33.29210281,126.581337
33.29188919,126.5809937
33.29166412,126.580574
33.29143143,126.5801697
33.29121399,126.5797806
33.29098511,126.5793991
33.2907486,126.5790024
33.29055405,126.5789642
33.29077911,126.5793304
33.29098892,126.579689
33.29121399,126.5800781
33.29141998,126.580452
33.29163742,126.5808105
33.29195404,126.5808411
33.29229355,126.5805664
33.29256439,126.5803299
33.29281235,126.5801468
33.2930336,126.5799484
33.28319168,126.5892105
33.28345871,126.588974
33.28372955,126.5887527
33.28393936,126.5885696
33.28417587,126.5883865
33.28436661,126.5882187
33.28461075,126.5880051
33.28481293,126.5878372
33.28504944,126.587677
33.28527451,126.5875626
33.28552628,126.5874557
33.28578949,126.5873718
33.28607559,126.5872879
33.28630829,126.5872192
33.28652954,126.5871353
33.28682709,126.5870667
33.28707123,126.586998
33.28733826,126.586937
33.28761292,126.5868759
33.28787994,126.5868149
33.28814697,126.5867538
33.28839493,126.5866699
33.28863907,126.5865555
33.28889084,126.5864105
33.28913879,126.5862656
33.28937531,126.5861359
33.28955841,126.5860291
33.28978729,126.5858917
33.29003143,126.5857544
33.29026031,126.5856247
33.29050446,126.5854874
33.29072189,126.58535
33.29092789,126.5851898
33.29114532,126.5850067
33.2715683,126.5879898
33.27193451,126.5879669
33.27229309,126.5879669
33.27267456,126.5879517
33.26940536,126.5880585
33.2698288,126.5880432
33.27022552,126.5880432
33.27054214,126.5880203
33.27096939,126.5880127
33.27006149,126.5897446
33.26947403,126.5897827
33.26884842,126.5898132
33.26820755,126.5898285
33.26867294,126.5899353
33.26911545,126.5899124
33.26977158,126.5899048
33.26766586,126.5898819
33.26703644,126.5899124
33.26610565,126.5902023
33.26571655,126.5903549
33.26522827,126.5905533
33.2654953,126.5905457
33.26599503,126.5903625
33.26645279,126.5901871
33.26678848,126.590065
33.2673378,126.590004
33.25947952,126.5932617
33.25978088,126.5931854
33.26003265,126.5931168
33.2603035,126.5930634
33.26056671,126.5929947
33.26082993,126.592926
33.26111221,126.5928574
33.26133347,126.592804
33.26162338,126.59272
33.26189804,126.592659
33.2621994,126.5925598
33.26244736,126.5924454
33.26271057,126.5922852
33.26294708,126.5921478
33.26318359,126.59198
33.26339722,126.591835
33.26360321,126.5916748
33.2638588,126.5914841
33.26409912,126.5913086
33.26431656,126.5911407
33.264534,126.5909882
33.2647438,126.5908585
33.26498795,126.5907516
33.27137375,126.5896606
33.27127457,126.5891876
33.27126312,126.5887451
33.27125168,126.5883408
33.27124405,126.5881195
33.27095032,126.5859222
33.27100754,126.5865479
33.27113342,126.5869598
33.27114868,126.5873795
33.27115631,126.5878677
33.26912689,126.5879593
33.26868439,126.5879745
33.26831818,126.5879974
33.26799011,126.5880127
33.27283096,126.5895004
33.27283096,126.5890732
33.2728157,126.5887756
33.2728157,126.5884552
33.27280807,126.5881195
33.27279282,126.5877991
33.27278519,126.5874329
33.27277756,126.5870514
33.27276611,126.5868149
33.27274323,126.5864944
33.27269745,126.5862274
33.272686,126.585907
33.272686,126.5856171
33.26707458,126.6196594
33.26708221,126.6198196
33.28764343,126.5984955
33.28731155,126.5986557
33.28755188,126.5987625
33.28778839,126.598671
33.28806686,126.5986633
33.28844452,126.5984726
33.28871536,126.5983047
33.28900146,126.5981369
33.28884888,126.5980377
33.288517,126.5981293
33.27678299,126.6055756
33.27663422,126.6059113
33.27630615,126.6062164
33.2759552,126.6065598
33.27558136,126.6069031
33.27521515,126.607254
33.27487564,126.6075821
33.27459335,126.6078415
33.27427673,126.6081619
33.27391815,126.60849
33.27362061,126.6087799
33.27329636,126.6091003
33.27300644,126.609375
33.27697372,126.6058578
33.26704025,126.617218
33.266819,126.6174011
33.26651764,126.6174698
33.26615524,126.6174622
33.265728,126.6174698
33.26540756,126.6174698
33.26507568,126.6174698
33.26471329,126.6174622
33.26439285,126.6174698
33.26409149,126.6174622
33.26373291,126.6174316
33.26370621,126.6176376
33.26389313,126.617569
33.26422501,126.6175766
33.26457977,126.6175919
33.26490784,126.6175842
33.26524353,126.6175842
33.26555634,126.6175766
33.26595688,126.6175919
33.26626587,126.6175919
33.26695633,126.6174545
33.26340485,126.6174698
33.26307678,126.6174622
33.26271439,126.6174622
33.26237488,126.6174698
33.2620163,126.6174622
33.26165009,126.6174622
33.26128006,126.6174698
33.26093674,126.6174545
33.27876663,126.6031036
33.27856445,126.6033936
33.2783699,126.6036911
33.27814484,126.6040192
33.27793503,126.6043167
33.27774429,126.6046219
33.27753448,126.6049194
33.27732468,126.6052094
33.27711868,126.6054611
33.27698898,126.6054993
33.2771225,126.6057205
33.26799011,126.6161118
33.26834106,126.6156616
33.26913834,126.6145782
33.26983261,126.6136093
33.2702179,126.6130753
33.26995087,126.613266
33.26951218,126.613884
33.2693634,126.61409
33.26919556,126.6143188
33.26888657,126.6147461
33.26863861,126.6150818
33.26847839,126.6153107
33.26811218,126.6157837
33.26773453,126.6162567
33.26757431,126.6165085
33.26739502,126.6167526
33.24367905,126.386528
33.24406815,126.3864594
33.24425507,126.3864441
33.24451065,126.3864059
33.24469757,126.3864059
33.24488831,126.3867798
33.24493027,126.3871765
33.24497223,126.3874588
33.24520111,126.3879318
33.24541855,126.3882065
33.24538803,126.3880005
33.24512482,126.3876648
33.24505997,126.3873901
33.24501801,126.3869934
33.24494934,126.3865814
33.24486923,126.3863983
33.24457169,126.3862762
33.2443924,126.3862915
33.24415207,126.3863297
33.24388504,126.3863831
33.24359894,126.3864136
33.26262283,126.4687424
33.26282501,126.4684906
33.26308823,126.4681396
33.26335907,126.4677811
33.26364136,126.4672241
33.26375961,126.4670563
33.26345444,126.4603348
33.26379776,126.4604721
33.26375961,126.4603119
33.2634697,126.4601974
33.26345659,126.6194168
33.26328079,126.6194229
33.26309596,126.6194237
33.26287962,126.6194407
33.26255729,126.6194421
33.26242908,126.6195312
33.26232131,126.6196712
33.26216642,126.6198812
33.26197789,126.6201449
33.26615143,126.5567627
33.26574707,126.5563736
33.26589966,126.556694
33.2662468,126.5571365
33.25736237,126.5203552
33.25735474,126.5207901
33.25735855,126.5211868
33.25735855,126.5216522
33.25735855,126.5220642
33.25735092,126.5224838
33.25735474,126.5229721
33.25735092,126.5233459
33.25734711,126.5237732
33.25734329,126.5241547
33.25744247,126.5240707
33.25744629,126.5235748
33.2574501,126.5231857
33.25745392,126.5227051
33.25745392,126.5222626
33.25745392,126.5218887
33.25746536,126.5213852
33.25746536,126.5209808
33.25754166,126.5205688
33.25749207,126.5201111
33.25733566,126.5246887
33.25733185,126.5251389
33.25733185,126.5260239
33.25732422,126.5264053
33.25731659,126.5268021
33.25731659,126.5280762
33.25730133,126.5285263
33.25730133,126.5289841
33.25730515,126.5293884
33.2572937,126.5298157
33.25729752,126.5302505
33.2572937,126.5306168
33.25737381,126.5304184
33.25737762,126.5300369
33.25738525,126.5296097
33.25738907,126.5291824
33.25739288,126.5287399
33.25740051,126.5282974
33.25740433,126.5279007
33.25740433,126.5266266
33.25740814,126.5261993
33.25740814,126.5258713
33.25741577,126.5256195
33.25742722,126.5253372
33.25742722,126.5249557
33.25412369,126.5244904
33.2541275,126.5249252
33.25411606,126.5253448
33.25411987,126.5257416
33.25410843,126.5262222
33.25409698,126.5265961
33.25410461,126.5270615
33.25413513,126.5275269
33.25415802,126.5279236
33.25419617,126.5283966
33.25421906,126.528717
33.25424576,126.5292664
33.25426865,126.5295639
33.25435257,126.5294189
33.25432205,126.5290833
33.25429535,126.5286026
33.25426102,126.5281906
33.25423813,126.5277328
33.2542038,126.5272827
33.25418854,126.5268555
33.25418472,126.5264359
33.25419235,126.5261002
33.2542038,126.5255508
33.25420761,126.5251465
33.2542038,126.5247269
33.25492859,126.5572739
33.25466537,126.5572968
33.25395966,126.5574265
33.25622559,126.5576935
33.25648117,126.557579
33.25669479,126.557457
33.25691223,126.5573425
33.2570343,126.5572815
33.25753021,126.5569916
33.25767517,126.5569153
33.25803375,126.5566864
33.25826263,126.5565643
33.25846481,126.5564346
33.25867462,126.5563354
33.25894547,126.5561905
33.25912476,126.5561066
33.25955582,126.5558548
33.2598114,126.5557251
33.25967407,126.5556488
33.25948715,126.5557556
33.25904846,126.556015
33.25892258,126.556076
33.25873184,126.5561829
33.25856018,126.5562592
33.25832748,126.5563965
33.25812912,126.5565033
33.25794983,126.5566101
33.25775146,126.5567245
33.25759506,126.5568085
33.25732803,126.5569839
33.25674057,126.5572968
33.25653839,126.5573959
33.25632095,126.5575104
33.25614166,126.5575943
33.25312805,126.5591049
33.25378799,126.55896
33.25419617,126.5587921
33.25479507,126.5584488
33.25547028,126.5580826
33.25598907,126.5578232
33.25561523,126.557869
33.25514984,126.5581284
33.25448227,126.5584946
33.2539978,126.5587921
33.25339508,126.5589218
33.25942993,126.5562057
33.25943375,126.5564804
33.25945663,126.5567245
33.25946808,126.5570297
33.26295471,126.555069
33.26294708,126.5555038
33.26291656,126.555809
33.26273727,126.5557785
33.26250839,126.5557404
33.2623558,126.5557251
33.26201248,126.5556641
33.26172638,126.5556412
33.26148987,126.5555954
33.26129913,126.5555801
33.26106262,126.555542
33.26079178,126.5554733
33.26055527,126.5554886
33.26029968,126.5554886
33.25495529,126.5559998
33.25497055,126.5565643
33.25499344,126.557106
33.25500488,126.5574493
33.25502777,126.5581512
33.25623703,126.5558701
33.25655746,126.5558624
33.25683594,126.5558548
33.25703917,126.5558434
33.26272964,126.6082687
33.26228714,126.6084442
33.26254272,126.6084518
33.26259995,126.6086273
33.26297379,126.6082611
33.26983643,126.6223602
33.26965714,126.6220016
33.26947784,126.6216354
33.26929092,126.6212616
33.26906586,126.6208115
33.2688446,126.6203766
33.26870346,126.6200714
33.26849747,126.6196594
33.26832199,126.6193008
33.26815033,126.6189423
33.26797104,126.6185913
33.26782608,126.6183014
33.26768112,126.6180191
33.26752853,126.6177139
33.26737213,126.6174011
33.26749802,126.6110001
33.26784897,126.6109924
33.26822662,126.6109543
33.26863098,126.6108093
33.26911545,126.6106796
33.26946259,126.6104736
33.2698555,126.6103973
33.270298,126.610405
33.27070618,126.6104431
33.27113724,126.6104813
33.260746,126.6127472
33.26101303,126.6124573
33.26130676,126.6121597
33.26154709,126.6118851
33.26178741,126.6116409
33.26205826,126.6113281
33.26237869,126.6110992
33.2627182,126.6110229
33.26313019,126.6110153
33.2634964,126.6110077
33.26385498,126.6110077
33.26417923,126.6110077
33.2645607,126.6110077
33.2649498,126.6110077
33.26528931,126.6110077
33.2599678,126.6136169
33.25963211,126.6139984
33.25922012,126.6144714
33.2594986,126.6142883
33.2598877,126.6138611
33.2602272,126.6134644
33.25883102,126.6148911
33.2582283,126.6152725
33.25764847,126.615654
33.25717545,126.6159286
33.25675964,126.6163101
33.25671005,126.6170197
33.25679779,126.6173401
33.25679398,126.6166687
33.2569809,126.6161804
33.25744247,126.6158676
33.25799179,126.6155243
33.25850296,126.6152115
33.25669098,126.6197205
33.25668716,126.6202316
33.25667953,126.6206284
33.25658417,126.6208801
33.25653076,126.62117
33.25665283,126.6216431
33.25664902,126.6221466
33.25662994,126.6225815
33.25658035,126.622879
33.25670624,126.6228409
33.25671387,126.6224213
33.25675201,126.6218643
33.25674057,126.6213226
33.25680161,126.6211624
33.25701523,126.6212616
33.25734711,126.6214676
33.25764847,126.6216583
33.25798798,126.6218719
33.25837708,126.6220779
33.25871277,126.6221848
33.25856781,126.6220245
33.25820541,126.6218796
33.25785828,126.6216736
33.25754547,126.6214752
33.25720596,126.6212692
33.25689697,126.6210175
33.25675201,126.6207657
33.25675583,126.6204453
33.25675964,126.6200104
33.25675964,126.6196976
33.25908279,126.6223068
33.25950623,126.6224442
33.25998306,126.6225967
33.26049805,126.6227722
33.26119232,126.6230164
33.26173019,126.62323
33.26223755,126.6234283
33.26277542,126.6234055
33.26332092,126.623291
33.2633667,126.6231232
33.26307678,126.6232376
33.26243591,126.6233521
33.2620163,126.62323
33.26146698,126.6229782
33.2609024,126.6227951
33.26023483,126.6225815
33.25970459,126.622406
33.25936508,126.6222916
33.25891113,126.622139
33.26671982,126.6110077
33.2670784,126.6110382
33.26725006,126.6113739
33.26724625,126.6118317
33.26725769,126.6122894
33.26725006,126.6127319
33.26724243,126.6131668
33.26723862,126.6135864
33.26722336,126.6139297
33.26721573,126.6143265
33.26723099,126.6147842
33.26723099,126.6152496
33.26723099,126.6156845
33.26722717,126.6161194
33.26722717,126.6165543
33.26722336,126.6169128
33.26670837,126.6203156
33.26617432,126.6207733
33.26579666,126.621048
33.26542664,126.6212921
33.26502228,126.6215286
33.26462173,126.6217575
33.26422119,126.621994
33.26381683,126.6222534
33.26366806,126.6224442
33.26400375,126.6222382
33.26446152,126.6219635
33.26486969,126.6217194
33.26525497,126.6214981
33.26562119,126.6212769
33.26603317,126.6209793
33.26642609,126.6207123
33.25948715,126.5573502
33.25950623,126.5576096
33.25867462,126.5791855
33.26026154,126.5812149
33.26025391,126.5817642
33.2599144,126.5824966
33.2608757,126.5832825
33.26194,126.5826492
33.26232717,126.5825025
33.26256561,126.582222
33.26233292,126.5814667
33.26216888,126.5807648
33.26216888,126.5805511
33.26186371,126.5800323
33.26155472,126.5802002
33.26318741,126.5832214
33.26340866,126.5822525
33.26366425,126.5814362
33.26367188,126.5807114
33.26358032,126.5800629
33.26357651,126.579216
33.2630043,126.584053
33.26290131,126.5851135
33.26273738,126.58654
33.26485062,126.5849075
33.26533508,126.5849152
33.2653923,126.5852432
33.26569748,126.5850906
33.26591873,126.585495
33.26620102,126.5851974
33.26647186,126.5856018
33.26678467,126.5852356
33.26721573,126.5852051
33.26963916,126.581432
33.27148819,126.5857544
33.27155685,126.5861893
33.27745438,126.5859528
33.27812958,126.585289
33.27892685,126.5839157
33.28196716,126.5887756
33.27907562,126.5861359
33.27783966,126.586235
33.28374913,126.5900747
33.28422928,126.5897827
33.2844429,126.5905228
33.28484344,126.5902786
33.28517532,126.5903244
33.28568268,126.5904465
33.2864418,126.5909729
33.28681183,126.5909958
33.28734207,126.5912857
33.28580093,126.5921783
33.28840256,126.5926056
33.28830419,126.5923494
33.28806232,126.5917977
33.28983688,126.5949631
33.28992081,126.5943222
33.28901769,126.5951347
33.28792191,126.5954056
33.28733063,126.5958633
33.28669357,126.5961456
33.2864418,126.5954132
33.28553391,126.595932
33.28572464,126.5962753
33.28536987,126.5955887
33.28544998,126.5962982
33.28450394,126.59655
33.2812233,126.5972443
33.28009415,126.5976486
33.27979279,126.5979614
33.27935028,126.5982132
33.27753247,126.5983798
33.27674103,126.5982285
33.27588272,126.5984955
33.27568971,126.5987116
33.27529144,126.5988235
33.27511215,126.5988922
33.27481461,126.598938
33.2747612,126.5993576
33.29445267,126.5959702
33.29436874,126.596405
33.29418564,126.5967789
33.29824448,126.6001511
33.2978096,126.6000748
33.29734802,126.6000748
33.29909897,126.5987549
33.29944229,126.5978546
33.29949951,126.6011963
33.31500244,126.5969238
33.31532669,126.5966568
33.31632614,126.5968475
33.31671407,126.5960564
33.31688635,126.595661
33.31725319,126.5947948
33.31762314,126.5942841
33.31816101,126.5940323
33.31846237,126.5936584
33.31878281,126.5939026
33.31948853,126.593956
33.32020569,126.5934219
33.32080841,126.5929947
33.32134628,126.5922012
33.3219814,126.5930009
33.32243457,126.593031
33.32277486,126.5930106
33.25146484,126.431366
33.25174713,126.4316254
33.25210571,126.4319687
33.25246429,126.4323273
33.25281525,126.4326782
33.25345612,126.4331284
33.25365067,126.4333115
33.25389481,126.4334869
33.25429916,126.4338074
33.25476837,126.4323425
33.25468063,126.4317017
33.25592041,126.4321594
33.2546196,126.4312057
33.25461578,126.4306793
33.25421143,126.4304962
33.25433731,126.4301453
33.25434494,126.429718
33.25432587,126.4293442
33.25424576,126.4289093
33.25502001,126.4343774
33.25580978,126.4348831
33.25634766,126.4355545
33.25688171,126.4363327
33.25721741,126.4369965
33.258255,126.4339066
33.26665324,126.4381206
33.27031342,126.4375337
33.27264786,126.4397736
33.25765228,126.4374084
33.25789261,126.4377899
33.25838852,126.4384689
33.25904083,126.4393005
33.25940704,126.4400177
33.25993347,126.4405365
33.26021957,126.4408951
33.26070023,126.4414978
33.2610321,126.4419327
33.26111603,126.4423141
33.26068497,126.4422836
33.26035309,126.441925
33.25918961,126.4416428
33.25842725,126.4414116
33.25971985,126.4416885
33.25939941,126.4416122
33.26134491,126.4423676
33.26177216,126.4428635
33.26179886,126.4431458
33.26203156,126.443512
33.26233673,126.443718
33.26276398,126.4434738
33.26223755,126.4432373
33.26274872,126.4438858
33.26302719,126.4435806
33.26354599,126.4432907
33.2637291,126.4430313
33.26351547,126.4438171
33.26411819,126.4434586
33.26392746,126.4440689
33.26377106,126.4442978
33.26423264,126.4442215
33.26400757,126.444458
33.26451111,126.4443665
33.26435852,126.4444504
33.26474106,126.4444758
33.26510437,126.4445674
33.2654244,126.4445573
33.26499557,126.4447708
33.26541519,126.4453506
33.26574707,126.4456482
33.26610184,126.4459763
33.26666641,126.4463425
33.26679611,126.4467087
33.26687241,126.4466324
33.26743698,126.446434
33.26790418,126.4461435
33.26830006,126.4459572
33.26861994,126.4456614
33.26901602,126.4455193
33.26942286,126.4452619
33.2672348,126.4466629
33.26865768,126.446991
33.27035692,126.4474858
33.27073669,126.4471359
33.27545166,126.4477539
33.2709729,126.4481339
33.27045822,126.4474258
33.27178095,126.4483811
33.27227908,126.448378
33.27262923,126.4485502
33.27275294,126.4484917
33.27389311,126.4496773
33.27443275,126.4503958
33.2764005,126.4519184
33.28208765,126.4534957
33.28411318,126.4533006
33.28506298,126.451192
33.28514734,126.454738
33.28541942,126.4551013
33.28603563,126.4558114
33.30265822,126.4581643
33.30239924,126.4628902
33.30298615,126.4650345
33.30347816,126.4668993
33.30372145,126.4673918
33.30390167,126.4678574
33.30448914,126.4584732
33.30513622,126.4583476
33.30558395,126.4582214
33.30760045,126.4569284
33.25017548,126.4334717
33.27143097,126.3733139
33.27141212,126.3727271
33.2712424,126.3721487
33.27008438,126.3729019
33.26946259,126.3735428
33.27266312,126.3734283
33.27277756,126.3724442
33.27348328,126.3724365
33.27386856,126.3715363
33.27450562,126.3708038
33.26968002,126.3742065
33.2702179,126.3746643
33.27059174,126.3744888
33.27114487,126.3742752
33.27152634,126.3741074
33.27193069,126.3738022
33.2723465,126.3735962
33.27292252,126.3738022
33.2733078,126.3740997
33.2734375,126.3731079
33.27678893,126.3747012
33.2769167,126.3750089
33.23578262,126.4755936
33.23581696,126.475174
33.23637009,126.4751434
33.2366066,126.4745331
33.23672867,126.4740677
33.23672867,126.4735031
33.23994827,126.4771957
33.2407074,126.4744568
33.2404747,126.4742203
33.228508,126.4754639
33.22919083,126.4753494
33.23622131,126.4757614
33.23000336,126.4753342
33.23072433,126.4755096
33.23134232,126.4752655
33.23215103,126.475235
33.23295975,126.4751129
33.23308182,126.4749298
33.23370743,126.475029
33.23431022,126.4753875
33.23455811,126.4754105
33.23529816,126.4757614
33.23546982,126.4762268
33.23593521,126.4765091
33.23692322,126.4771194
33.23733902,126.4774323
33.23736954,126.4776459
33.23757553,126.4779129
33.23814392,126.4777145
33.23799515,126.477478
33.23786163,126.4772415
33.23759842,126.4768143
33.23749161,126.4766083
33.23832321,126.4779892
33.23866272,126.4776917
33.23902893,126.477356
33.23974609,126.4778137
33.23988724,126.4783325
33.23990631,126.4787292
33.23997116,126.4790878
33.24004364,126.4793854
33.24010086,126.4796753
33.23984528,126.4784927
33.23957825,126.4784241
33.23931885,126.4783554
33.23904419,126.4782791
33.23875046,126.4781876
33.23845291,126.4780884
33.23960495,126.4787979
33.23925018,126.4792023
33.23902512,126.4787369
33.23904419,126.4795074
33.22723389,126.4752045
33.23796844,126.4737625
33.23739243,126.4737473
33.23715591,126.473587
33.2369957,126.4730225
33.2372818,126.4721527
33.23752213,126.4716187
33.23723984,126.4714279
33.23652267,126.47332
33.23628235,126.473175
33.23595428,126.4731979
33.23590851,126.4727859
33.23583221,126.4718933
33.23554993,126.4712982
33.23531723,126.4698105
33.23623326,126.4738632
33.23589706,126.473938
33.23548126,126.473938
33.23560715,126.474411
33.23566055,126.4750748
33.23534012,126.4750748
33.23527145,126.4740143
33.23516846,126.4738312
33.2351532,126.4735718
33.23549271,126.4732056
33.23491669,126.4753952
33.23471451,126.4758835
33.2345314,126.4760284
33.23427963,126.4765015
33.23438644,126.4766388
33.2346077,126.4771042
33.2348938,126.4778214
33.23513031,126.4783096
33.23546982,126.4787521
33.25299835,126.584259
33.25319672,126.5838318
33.25320816,126.583374
33.25339508,126.583252
33.25336838,126.5827332
33.2535553,126.582489
33.25390971,126.5819443
33.25435257,126.5810165
33.25490477,126.5802386
33.25471497,126.5798721
33.25273514,126.5849152
33.25259399,126.5852966
33.25216293,126.5853119
33.25187302,126.5851135
33.25263596,126.5856934
33.25243378,126.5861893
33.25239563,126.5867615
33.25096893,126.5881805
33.25065613,126.5885315
33.25038147,126.5886688
33.24976349,126.5891647
33.24908066,126.5888214
33.24895096,126.5892181
33.24855423,126.5891953
33.26644135,126.5917892
33.26631927,126.5922699
33.2661171,126.5929108
33.26609039,126.5932922
33.26553345,126.5939102
33.26667262,126.5936064
33.2672348,126.5932922
33.26796025,126.5923984
33.26773071,126.5929108
33.26763153,126.5932693
33.26850635,126.594309
33.269104,126.594429
33.27017212,126.5948792
33.27128983,126.5954514
33.27175522,126.5954819
33.2440834,126.5818787
33.2444725,126.5819931
33.24479675,126.5820999
33.24511337,126.5821915
33.24543381,126.5823059
33.24573517,126.5824432
33.24595261,126.58255
33.24635696,126.5826263
33.24680328,126.5826111
33.24718102,126.582537
33.24765015,126.5826492
33.24834824,126.582756
33.24862671,126.5824738
33.24935913,126.5816269
33.24977875,126.5813446
33.25036621,126.5812607
33.25092316,126.5812531
33.2512207,126.5812607
33.25147049,126.582188
33.25145721,126.5829315
33.25165939,126.5839539
33.25242233,126.5844421
33.25286865,126.5845871
33.25343323,126.5846481
33.25402451,126.5847931
33.25346756,126.5857468
33.25431824,126.5848694
33.25461578,126.5849609
33.25499344,126.5850525
33.25538254,126.5851746
33.25571442,126.5852509
33.25606537,126.58535
33.25641251,126.5854797
33.25676346,126.5856476
33.25649261,126.5863113
33.25658035,126.5871964
33.2566452,126.588028
33.25658035,126.5890656
33.25622559,126.5901871
33.2557106,126.5906296
33.25706482,126.5857925
33.25790661,126.586116
33.25840378,126.5862122
33.25889587,126.5863113
33.25985336,126.5864487
33.26002884,126.5861359
33.26077271,126.5867691
33.26110077,126.5868988
33.26158524,126.587265
33.26229136,126.5866279
33.26253128,126.585495
33.2624321,126.5853348
33.26206207,126.5847321
33.26231003,126.5877457
33.26168442,126.5882111
33.26290894,126.5880051
33.2632103,126.58815
33.2634964,126.5883865
33.26400375,126.5890198
33.2646904,126.589798
33.26500702,126.5902405
33.26522446,126.5909348
33.26564407,126.5911102
33.26596451,126.591423
33.26607895,126.5909348
33.26665878,126.5903854
33.26612854,126.5913544
33.26629639,126.5914536
33.26691055,126.591713
33.26705551,126.5918655
33.26709366,126.5913849
33.26742554,126.5911484
33.26781082,126.5914459
33.26787567,126.5918045
33.2743988,126.5104828
33.27608109,126.5121155
33.27357483,126.5109634
33.27217589,126.5112578
33.26965332,126.5172424
33.26075745,126.5159836
33.26125336,126.5159073
33.26175308,126.5160065
33.26208115,126.5155869
33.26247911,126.5147595
33.26263046,126.5144043
33.2630039,126.5135036
33.26319122,126.5130463
33.26333618,126.5126114
33.26361084,126.5119781
33.26405334,126.5112534
33.26442719,126.5111465
33.26438904,126.511795
33.2644577,126.5104752
33.26491928,126.5101013
33.26533508,126.509819
33.26569366,126.5094376
33.2666626,126.5084686
33.26751709,126.5080109
33.268013,126.5078125
33.26842117,126.5076599
33.26884079,126.5078812
33.26964951,126.507988
33.26992416,126.5080109
33.27033234,126.5082169
33.27077484,126.5082245
33.27153778,126.5086823
33.27226257,126.5091324
33.27272415,126.5092392
33.27318954,126.509407
33.27349854,126.5096512
33.27409363,126.509758
33.273983,126.5090714
33.27381897,126.5084152
33.2735405,126.5076675
33.27487564,126.5105896
33.27556992,126.5103226
33.27458191,126.5105515
33.27475739,126.5102386
33.2758255,126.5097198
33.27643204,126.5087128
33.27602633,126.5090976
33.27670288,126.5086212
33.27724075,126.5085983
33.28004837,126.5079803
33.28058243,126.5080185
33.28298569,126.5075073
33.26071543,126.6211954
33.26103867,126.6214945
33.2612016,126.6217031
33.26140976,126.6219406
33.26165723,126.6221761
33.26181669,126.6223551
33.26199762,126.6225529
33.26024246,126.62043
33.25986862,126.6206207
33.26029205,126.619873
33.26014709,126.6194077
33.26030731,126.6187668
33.26002884,126.6185989
33.2608757,126.6205368
33.26043701,126.6209717
33.25996399,126.6217346
33.25961685,126.6220245
33.25725555,126.4554749
33.25434875,126.4542999
33.25347519,126.4534378
33.25299072,126.4533539
33.25942627,126.4562662
33.26015854,126.4567108
33.25951004,126.4568634
33.25950241,126.4572449
33.25918198,126.4575119
33.25911713,126.4570313
33.25915146,126.4581528
33.25759888,126.457634
33.25754547,126.4570084
33.25779724,126.4565659
33.25806046,126.4563293
33.25838852,126.4562149
33.25873184,126.4560776
33.25941467,126.4555969
33.25995636,126.4547729
33.26017761,126.4540939
33.2603035,126.4537048
33.26080322,126.4533463
33.26145172,126.4527664
33.25226593,126.5077896
33.25257492,126.5078888
33.25285721,126.5079727
33.25333786,126.5071487
33.25314331,126.5079651
33.25393677,126.5082169
33.25419235,126.5074844
33.25432968,126.5083923
33.25193787,126.5091782
33.2523613,126.5093231
33.25216675,126.5100479
33.25362396,126.5098877
33.25257874,126.5098343
33.2509346,126.5113144
33.26125336,126.6146393
33.26330185,126.6150742
33.24237442,126.5523224
33.24269485,126.5525513
33.24241638,126.5541153
33.24213028,126.5542679
33.24154282,126.5553894
33.24140549,126.5560532
33.24154663,126.5563812
33.24167252,126.5567245
33.24160385,126.5572891
33.2419281,126.5574417
33.2411499,126.5568924
33.24297333,126.5548553
33.24275589,126.5549011
33.24479294,126.5445023
33.24442673,126.5445251
33.24124527,126.5469284
33.24135208,126.5474167
33.24108505,126.5474319
33.24157333,126.5482635
33.24325562,126.5546188
33.24372482,126.5549316
33.24380112,126.5550308
33.24346542,126.5559158
33.2431221,126.5558395
33.24284363,126.5558014
33.24259567,126.5557556
33.24237442,126.5556259
33.24225616,126.5552368
33.24210358,126.5546341
33.24202347,126.55439
33.24450302,126.5539703
33.2442894,126.5532608
33.24459839,126.553421
33.24543762,126.5531311
33.24519348,126.5527039
33.24503326,126.5523834
33.2448616,126.5520172
33.24316788,126.5592422
33.24330521,126.5587845
33.24329758,126.558342
33.23987961,126.5590134
33.24020386,126.5587234
33.23970795,126.5580826
33.24050903,126.5578995
33.24073792,126.5579147
33.2409935,126.5579529
33.24141312,126.5581284
33.24184418,126.5583725
33.24224472,126.5586853
33.24246597,126.5586548
33.24261475,126.5584946
33.24273682,126.558342
33.24287796,126.558197
33.24298859,126.5580368
33.24393845,126.5560455
33.24394608,126.5550613
33.24397659,126.5549469
33.24113083,126.3866348
33.24177933,126.3870544
33.24253464,126.3875656
33.24310643,126.3877767
33.24319077,126.3880157
33.24355316,126.3878479
33.23725128,126.3877716
33.24009705,126.3861313
33.24026108,126.3859634
33.24018478,126.3856506
33.24044418,126.3852921
33.24082184,126.3849487
33.24096298,126.384552
33.24095154,126.3842163
33.24084854,126.3841019
33.2405476,126.3840285
33.24036407,126.3839493
33.24159622,126.3844833
33.26954269,126.5417786
33.26976013,126.5407867
33.2694664,126.5441284
33.26961899,126.5446625
33.26955032,126.5454025
33.26962662,126.5465775
33.26330948,126.5453491
33.26351166,126.5450516
33.26380157,126.5445709
33.26440048,126.5441055
33.26465988,126.5439758
33.26515198,126.5438232
33.26555252,126.5433884
33.26594162,126.5430756
33.26636887,126.5427551
33.26670837,126.5426865
33.26704691,126.5430019
33.26861882,126.5432245
33.26939774,126.5426102
33.27332306,126.5435562
33.23391207,126.376868
33.23402824,126.3766607
33.23418802,126.3766086
33.24561691,126.5064697
33.24598694,126.5066071
33.24639893,126.506752
33.24672318,126.5068741
33.24704361,126.5069809
33.24734497,126.5070953
33.24794006,126.507309
33.24820328,126.5074768
33.2431221,126.4389572
33.24332809,126.439415
33.24356461,126.4396133
33.24367523,126.4400635
33.24380152,126.440099
33.24425507,126.4406891
33.24449921,126.4408951
33.24471664,126.4411469
33.2449646,126.441391
33.2455101,126.4433594
33.24617004,126.4444275
33.24552917,126.4439011
33.24540884,126.4446625
33.24543818,126.446186
33.2445755,126.4389954
33.24359199,126.4386196
33.24411526,126.4386914
33.25105667,126.4385529
33.24254608,126.430809
33.24214172,126.4305649
33.24168051,126.4301849
33.24174984,126.4310509
33.24339294,126.4304581
33.24350739,126.4308319
33.24188871,126.4338209
33.24261475,126.4439163
33.24287796,126.4427261
33.24267578,126.442009
33.24235916,126.4406357
33.24214172,126.4397659
33.24230576,126.438797
33.24268341,126.4386902
33.24296188,126.4384537
33.24278641,126.4372253
33.24274744,126.4357897
33.24243927,126.4351425
33.24213409,126.4347687
33.24223709,126.4342499
33.24259949,126.4334488
33.24262619,126.4325638
33.2427063,126.4323044
33.24271011,126.4320221
33.24272919,126.4316864
33.24281693,126.4310303
33.24313736,126.4305191
33.24310989,126.4297598
33.24305725,126.4294968
33.24352646,126.4287491
33.24354553,126.4322739
33.2411499,126.4317245
33.24081421,126.431778
33.24936676,126.4308777
33.24901962,126.4310684
33.24869537,126.4312668
33.24832535,126.4315643
33.24780273,126.4317474
33.24744415,126.4318924
33.24713516,126.4319992
33.24686936,126.4316642
33.24699783,126.4306488
33.24701691,126.4301987
33.24631119,126.4319763
33.24549866,126.4320221
33.24428558,126.4326096
33.2442894,126.4333649
33.24378586,126.4323273
33.24348068,126.4325256
33.24335861,126.4332504
33.24330902,126.4335938
33.24325562,126.4320831
33.24170685,126.4322586
33.24137497,126.4323654
33.24111176,126.4326324
33.24052048,126.4328766
33.24002075,126.433403
33.23973465,126.4338226
33.23948288,126.4344711
33.23928452,126.4349136
33.23917389,126.4353714
33.23880005,126.4367371
33.23839951,126.4367447
33.23797989,126.4367828
33.23721695,126.4363708
33.23701859,126.4363251
33.23688507,126.4355698
33.23895264,126.4372101
33.23904419,126.4377365
33.23900604,126.4379425
33.23919296,126.438446
33.23946381,126.4388123
33.23916626,126.4388351
33.23866272,126.4392319
33.2382164,126.4392471
33.23894501,126.4394226
33.24762726,126.4361191
33.24872462,126.4409019
33.24873537,126.4415376
33.24870303,126.4426189
33.24975649,126.4448174
33.25065994,126.4455185
33.25106812,126.4456482
33.2516861,126.4468231
33.25222015,126.4468842
33.23937526,126.4367609
33.23963928,126.4367371
33.24007797,126.4362259
33.24032974,126.4358521
33.24074936,126.4356995
33.2410202,126.4353943
33.24118464,126.435628
33.24132919,126.4358292
33.24173566,126.4348627
33.24195099,126.4347
33.24276733,126.4342422
33.24307251,126.4344025
33.2431221,126.4345856
33.24323654,126.4349518
33.24333191,126.4354172
33.24328995,126.4341583
33.24373627,126.434494
33.24362946,126.4339142
33.24385071,126.4338455
33.24419022,126.4336166
33.24488831,126.4336777
33.24497223,126.4340897
33.24509811,126.4339676
33.24573898,126.4346161
33.24620819,126.4346771
33.2468338,126.4348068
33.24759674,126.4354248
33.24789047,126.4354172
33.24843597,126.4353714
33.24878311,126.4352417
33.24924469,126.4353409
33.24968719,126.4352417
33.2503624,126.4354019
33.25085449,126.4356003
33.25166702,126.4364853
33.25186346,126.4369195
33.25210066,126.4370334
33.25245453,126.4370311
33.25281906,126.4370422
33.25311184,126.4368364
33.25330353,126.4365463
33.25372314,126.4364243
33.25404739,126.4362488
33.2410202,126.4296036
33.24054718,126.4296494
33.2404213,126.4300613
33.24034882,126.4303284
33.24061491,126.4308007
33.24047089,126.430748
33.24259186,126.4295959
33.24196243,126.4294662
33.24174118,126.4294434
33.24112701,126.4295578
33.24131012,126.4293518
33.24132919,126.4291
33.24119949,126.4285736
33.24134064,126.4304428
33.24086761,126.4310074
33.24010086,126.4314575
33.23987579,126.4319
33.23972702,126.4323502
33.23974228,126.4327621
33.2446683,126.4319172
33.24471664,126.4317322
33.2447319,126.4311523
33.24391174,126.4315262
33.25058365,126.433815
33.25069046,126.4335098
33.25061892,126.4328847
33.25037766,126.4333954
33.24993515,126.4332199
33.24972534,126.4331284
33.24950027,126.4329987
33.24911499,126.4328537
33.2489357,126.4329605
33.24875259,126.4327164
33.24850845,126.432663
33.24834442,126.4328461
33.2473526,126.4324875
33.24382019,126.4318542
33.24189377,126.4314728
33.23851013,126.4308853
33.25064087,126.4745712
33.2505455,126.4750824
33.25049973,126.4756088
33.2503891,126.4755707
33.25017166,126.4761734
33.25219727,126.473793
33.25219345,126.4733887
33.25214005,126.4730453
33.25162125,126.4734421
33.2514534,126.4734268
33.25137102,126.4737323
33.2509613,126.4737701
33.25096893,126.4735107
33.2506218,126.4735718
33.25018692,126.4728546
33.24961853,126.4727173
33.24932098,126.4724808
33.24750035,126.4704425
33.25052261,126.473938
33.24995422,126.4741745
33.24973679,126.4747086
33.24929428,126.4746017
33.24923706,126.4743729
33.2486763,126.4745178
33.24850082,126.4738388
33.24898911,126.4736481
33.2482872,126.4732971
33.24789321,126.4727177
33.24770486,126.472421
33.24759069,126.4720756
33.24963379,126.4751663
33.24935913,126.4760742
33.24916458,126.4766159
33.24953461,126.4757767
33.24930191,126.475563
33.24892426,126.4759445
33.24863052,126.4760437
33.24799347,126.4762115
33.24831009,126.4775238
33.24838257,126.4778442
33.24806213,126.4767761
33.24769592,126.476738
33.24727249,126.4766159
33.2467308,126.4764633
33.24577713,126.4756012
33.24261093,126.4756165
33.25191116,126.4743958
33.25180817,126.4752274
33.25149494,126.4753197
33.25156403,126.4757614
33.25128555,126.4760208
33.25053024,126.4766312
33.25085449,126.4771652
33.25138474,126.4769897
33.25193296,126.4765646
33.2510643,126.4777069
33.25289536,126.4745789
33.25325012,126.4746704
33.25386047,126.4742279
33.25418091,126.4740448
33.2548027,126.47435
33.25576782,126.4742126
33.25644416,126.4730231
33.25781319,126.472151
33.25989701,126.4713416
33.29865646,126.5931931
33.29926682,126.5935669
33.29966736,126.593399
33.2999382,126.5933304
33.30018234,126.5932465
33.30047607,126.5931091
33.29897308,126.5915527
33.29944611,126.5918045
33.29906082,126.5894241
33.29847336,126.5895004
33.29806137,126.5895386
33.29773712,126.5895386
33.29727173,126.5890961
33.29692841,126.5887451
33.29646683,126.5882568
33.29515839,126.5868912
33.2942543,126.5859451
33.29325485,126.5850983
33.2926712,126.5845184
33.30037082,126.5884388
33.3009491,126.5880203
33.30175781,126.587944
33.3024559,126.5877151
33.30317307,126.5871658
33.30341721,126.5868759
33.3037262,126.58638
33.3042494,126.5862033
33.30474737,126.5861499
33.30276871,126.5758743
33.30287552,126.5760422
33.30321868,126.5763218
33.3035202,126.5764465
33.30385002,126.576712
33.30410004,126.5771408
33.30088043,126.5823059
33.30224609,126.5740585
33.30197723,126.5741709
33.30170441,126.5743103
33.3024025,126.5734406
33.30312347,126.5728149
33.30361503,126.5729228
33.30376026,126.5732053
33.30413055,126.5737381
33.30391693,126.5731735
33.30449295,126.5734863
33.3085289,126.5593567
33.30824848,126.570703
33.30858644,126.5713134
33.2523311,126.5627164
33.25198914,126.5616248
33.25220871,126.563385
33.24971008,126.5671844
33.25018692,126.5663605
33.25036605,126.5660769
33.2506218,126.5656509
33.25079727,126.5653763
33.25100018,126.5649979
33.2514534,126.5642853
33.25169754,126.5638962
33.25188065,126.5636063
33.25220108,126.5632858
33.25235367,126.563118
33.25198765,126.5618408
33.25269318,126.5629959
33.25267029,126.5630951
33.25310898,126.5628738
33.24608612,126.5697784
33.24652863,126.570137
33.24630356,126.5703964
33.24652481,126.5708542
33.24668503,126.571228
33.24517059,126.569725
33.24592209,126.5694351
33.24577713,126.5688934
33.24633789,126.5692139
33.24658203,126.5690308
33.24688749,126.569171
33.24679947,126.5690002
33.24695587,126.5687561
33.28097534,126.6090927
33.28125763,126.6087112
33.28128052,126.6091156
33.28129578,126.6095047
33.28110123,126.609642
33.28144455,126.6084213
33.2793021,126.6112006
33.2801123,126.6107958
33.27947617,126.6109772
33.278965,126.611824
33.2792244,126.6103516
33.27877808,126.6090927
33.27881241,126.608757
33.27849579,126.6078796
33.27806091,126.6072845
33.28129959,126.6114044
33.28168809,126.61086
33.28167725,126.6112823
33.28218842,126.6110611
33.28260422,126.61026
33.28255844,126.6111221
33.28278351,126.6112595
33.28314972,126.6109619
33.28367996,126.6105576
33.28393173,126.6104584
33.28396988,126.6096878
33.28435135,126.6096268
33.28499985,126.6090698
33.28017835,126.6124567
33.28013429,126.6120611
33.28008446,126.6116252
33.28003106,126.6111263
33.27997777,126.6106636
33.27984477,126.6103005
33.27979531,126.6099828
33.27975617,126.6097226
33.27980943,126.609454
33.27977467,126.6091536
33.27961731,126.6087952
33.27969239,126.6084348
33.27968921,126.607784
33.27968091,126.6080108
33.2794075,126.6076584
33.2798233,126.60746
33.27962104,126.6072543
33.27927399,126.6073532
33.27936554,126.6126175
33.27820206,126.6121979
33.27803421,126.6122904
33.27714062,126.6119777
33.27653524,126.6122863
33.27616422,126.6125751
33.27557309,126.6127588
33.27481115,126.6127367
33.27382774,126.6125331
33.27341461,126.6120529
33.28019714,126.607399
33.28042861,126.6081618
33.28056926,126.6088052
33.28067447,126.6096461
33.28068924,126.6101532
33.28062927,126.6106875
33.28072357,126.6109543
33.28087234,126.6115189
33.28095627,126.6121597
33.28105164,126.6125641
33.28150558,126.6127396
33.28178887,126.6135405
33.2818985,126.6137848
33.28069305,126.6125412
33.28010559,126.6127701
33.27970378,126.6135161
33.27927017,126.61409
33.25659561,126.5769882
33.25645828,126.576973
33.25619888,126.5769806
33.25590897,126.5769272
33.25566864,126.5764008
33.25572586,126.5755005
33.25536728,126.5767288
33.25707245,126.5686722
33.25709152,126.5690918
33.25699615,126.5697479
33.25701141,126.5727692
33.25736618,126.5744095
33.25764084,126.5744095
33.25728989,126.5739365
33.25727463,126.5735931
33.25728607,126.5731812
33.25726318,126.5753021
33.25725937,126.5756989
33.25727844,126.5762558
33.25726318,126.5770264
33.25727081,126.5773315
33.25727844,126.5778656
33.25765228,126.5735474
33.25764465,126.5753632
33.25765228,126.5756607
33.25764847,126.5760651
33.25764847,126.5763779
33.25798416,126.5769043
33.25782776,126.5773392
33.25783157,126.5776901
33.25699234,126.5749283
33.24918365,126.5682526
33.24916661,126.5685924
33.24911013,126.5692043
33.24960709,126.5681763
33.24959183,126.5683594
33.24956131,126.5687332
33.25170898,126.5683365
33.25536346,126.5681915
33.25565338,126.567955
33.25574875,126.5684814
33.25559998,126.5684814
33.25544739,126.5690384
33.25536346,126.5685196
33.25514984,126.5686569
33.25525665,126.5692215
33.25630188,126.5688629
33.25583318,126.5673349
33.25704575,126.5678635
33.25653076,126.568718
33.25654984,126.5691986
33.25657654,126.5695801
33.25862122,126.5657578
33.25880814,126.5656967
33.25856275,126.5679506
33.25867462,126.5675812
33.25885288,126.5667928
33.25891495,126.5664902
33.25904786,126.5658247
33.2592471,126.565432
33.25948715,126.5651016
33.25969315,126.5646973
33.25920105,126.5641251
33.25935745,126.5639496
33.25945663,126.5637894
33.25966644,126.5633545
33.25975037,126.5627594
33.25979996,126.5624619
33.26018906,126.5623932
33.26041651,126.5624091
33.26085281,126.5622787
33.26277542,126.5677567
33.26301193,126.5697708
33.26290131,126.5692062
33.26263428,126.569191
33.26262283,126.5687103
33.26416016,126.5701828
33.26428604,126.5705109
33.26468277,126.5719147
33.26485825,126.5724258
33.2649498,126.5727921
33.26505661,126.5731659
33.26984406,126.5690002
33.27017975,126.5687485
33.27041245,126.5678329
33.27064133,126.5672684
33.27100372,126.5667877
33.27119827,126.5662079
33.27132034,126.5656052
33.27145386,126.5652466
33.27068329,126.56604
33.27050018,126.5663986
33.27017593,126.5669479
33.26985168,126.5675583
33.27116013,126.5652313
33.27118683,126.5650177
33.27098083,126.5655136
33.27168655,126.5647278
33.27206421,126.5640869
33.27261734,126.5639267
33.27303932,126.5633779
33.27330017,126.5630493
33.27371979,126.5627289
33.27358627,126.5625153
33.27048874,126.57061
33.26910782,126.5705719
33.2687645,126.571167
33.26873398,126.5717239
33.26950836,126.5721893
33.27004242,126.5722427
33.27001572,126.5726929
33.27009583,126.5737381
33.26964569,126.5757675
33.26959229,126.5753784
33.26954651,126.5750885
33.26946259,126.5746689
33.2702179,126.5740738
33.27475739,126.567482
33.2754364,126.567482
33.27585602,126.5677719
33.27696991,126.5681152
33.277771,126.5685349
33.27854538,126.5679169
33.27932358,126.5674973
33.28042984,126.5672073
33.28147507,126.5663834
33.28185272,126.5662231
33.28184891,126.5658112
33.28186035,126.5654068
33.28266907,126.5661163
33.28186417,126.5650787
33.2747345,126.5671539
33.27470398,126.5669937
33.2746315,126.5666733
33.27484131,126.5663223
33.27483749,126.565834
33.27445221,126.5661011
33.27408218,126.5646286
33.27390289,126.5640182
33.27402115,126.5638657
33.27394867,126.5635529
33.27523422,126.5632782
33.27593613,126.5629578
33.27626038,126.5629044
33.27643585,126.5621872
33.27703094,126.5617447
33.25099945,126.5678711
33.25110626,126.5676346
33.25150413,126.5676299
33.25139618,126.5678253
33.25172495,126.5676087
33.25151825,126.5678482
33.25183868,126.5678024
33.25198974,126.5675886
33.25220948,126.5675795
33.25251818,126.5675498
33.25226974,126.5677872
33.25251389,126.567749
33.25256348,126.5681839
33.25289917,126.5680695
33.25502396,126.5675125
33.25537491,126.5675888
33.2560997,126.5678558
33.25667953,126.5680466
33.257061,126.5681305
33.25793457,126.5682983
33.25802994,126.5689697
33.25794983,126.5693588
33.25795746,126.5694885
33.25885434,126.5681853
33.25915527,126.5680695
33.25935745,126.5679855
33.25963211,126.5678635
33.25986099,126.5677719
33.26013947,126.5676498
33.26071548,126.5679092
33.26085663,126.5685577
33.26091766,126.5692749
33.26081085,126.5673904
33.26112747,126.5673447
33.2614975,126.5673523
33.26182556,126.5673981
33.26215363,126.5674362
33.26241302,126.5674667
33.26279449,126.5674973
33.26311874,126.5675583
33.26348877,126.5676041
33.26375198,126.567627
33.26414108,126.5676727
33.26448441,126.5677261
33.26623535,126.5682144
33.26705827,126.5682536
33.26752472,126.5677261
33.26781845,126.5673752
33.26790619,126.5683365
33.26821899,126.5683975
33.26854324,126.5683823
33.26887512,126.5694351
33.26860809,126.5697403
33.26956177,126.5691223
33.27142715,126.5696564
33.27153397,126.5699005
33.2726063,126.5691252
33.27389908,126.5687561
33.27413559,126.5690384
33.27444839,126.5694885
33.27332306,126.5682983
33.27359009,126.5683517
33.27373123,126.5682678
33.27412033,126.5680847
33.27480698,126.5671997
33.27822495,126.5650558
33.2822876,126.5628433
33.2591629,126.57061
33.25884247,126.57061
33.25872803,126.57061
33.2583847,126.5707016
33.25796509,126.57061
33.25774002,126.570694
33.25740051,126.5706024
33.26016523,126.5721403
33.26022602,126.5724472
33.26042175,126.5726852
33.26072311,126.5729141
33.26102829,126.5733414
33.26126099,126.5736237
33.26146317,126.5735931
33.26177979,126.5740204
33.26269531,126.574173
33.26383591,126.5737228
33.26420212,126.5737915
33.26453781,126.5738373
33.26341469,126.5778073
33.25865189,126.5735307
33.25805664,126.5735168
33.25746536,126.5735092
33.25939941,126.5741348
33.25991058,126.5751572
33.2618283,126.5766236
33.26212679,126.5769039
33.26254654,126.5772247
33.26278305,126.5781174
33.25919724,126.577179
33.25978851,126.5775757
33.26140213,126.578064
33.25910187,126.5684586
33.25924301,126.5689392
33.25925827,126.5698624
33.25930786,126.5707474
33.25919724,126.5711441
33.25929642,126.5712814
33.25911331,126.5719452
33.25901794,126.5731659
33.25906372,126.5734406
33.25896835,126.574379
33.25881958,126.574791
33.25879669,126.5749969
33.25884247,126.5755386
33.25870514,126.5759354
33.25862503,126.5763321
33.25834656,126.5763397
33.25862885,126.5775146
33.25852585,126.5773544
33.25857544,126.5779724
33.25775146,126.5781631
33.25750351,126.5779419
33.25852966,126.5783997
33.2585144,126.5788803
33.25729752,126.5699463
33.25730133,126.5702438
33.25728989,126.5710526
33.25740814,126.5716095
33.25767517,126.5716171
33.25831985,126.5716171
33.25857544,126.5716248
33.25730133,126.5717545
33.25879738,126.5696357
33.25871658,126.5699692
33.25848007,126.5699768
33.2582016,126.5699539
33.25753784,126.5699615
33.25877762,126.5705719
33.25875854,126.5707321
33.25878906,126.5710907
33.25885391,126.5712891
33.25832367,126.5712814
33.25772858,126.5712357
33.24971771,126.5706863
33.25026321,126.5705643
33.25061798,126.5705643
33.25088501,126.570549
33.25106812,126.5705566
33.25146103,126.5705566
33.25170135,126.5695877
33.25246429,126.5702515
33.25572968,126.5696411
33.25605011,126.5696182
33.25675964,126.5695801
33.25656509,126.5697098
33.25658779,126.5701147
33.25654221,126.5705872
33.25799561,126.5698013
33.25799942,126.5702591
33.25140381,126.5717697
33.25147247,126.5716248
33.25162888,126.5714035
33.2516098,126.5709457
33.25180435,126.5709229
33.25155258,126.5706787
33.25146103,126.5702438
33.25137711,126.5697861
33.25532532,126.5719223
33.2552681,126.5715027
33.25523758,126.5708237
33.25520706,126.570488
33.25537109,126.5725327
33.25538635,126.573082
33.25538635,126.5728073
33.25537872,126.57341
33.25537491,126.5738602
33.25535965,126.5743942
33.25531006,126.5752563
33.25529861,126.5756454
33.25516129,126.5759811
33.25530243,126.5762939
33.25605392,126.5724869
33.25654602,126.5726547
33.25643921,126.5728531
33.25623322,126.5728455
33.2559967,126.5728302
33.25653839,126.5736237
33.25643158,126.5734177
33.25624466,126.5734177
33.25598907,126.5734177
33.25575638,126.5734024
33.25654221,126.5740356
33.2560997,126.5741501
33.25634003,126.5741577
33.2557869,126.5741501
33.25611115,126.5744324
33.25645065,126.5753403
33.25645447,126.5752411
33.25621033,126.5753098
33.25597,126.5753174
33.25569916,126.5752258
33.25645065,126.5755768
33.25645065,126.575676
33.25646591,126.5758438
33.25619888,126.5759048
33.25583267,126.5759964
33.25541306,126.5759659
33.25645447,126.5760269
33.25644684,126.5764999
33.25606537,126.5765381
33.25871658,126.5724869
33.25831604,126.5725021
33.25811768,126.5725021
33.25868607,126.5727921
33.25789505,126.5753333
33.25803027,126.5753246
33.25816727,126.5727921
33.25862122,126.5731277
33.25860977,126.5735626
33.25857925,126.5738678
33.25854111,126.5741577
33.25789642,126.5740891
33.25849915,126.5745316
33.25802994,126.5744247
33.25831604,126.5755768
33.25775909,126.5763474
33.2582283,126.5762405
33.25821686,126.5763779
33.2582283,126.5769119
33.2582283,126.5772552
33.25816345,126.5776825
33.25811005,126.578125
33.25115409,126.5720031
33.25111389,126.5721512
33.25139236,126.5721436
33.25178909,126.5720749
33.25422287,126.5715408
33.25422287,126.5712662
33.25419998,126.570961
33.25567627,126.573082
33.25567245,126.5738678
33.25566101,126.5744095
33.25794601,126.5721588
33.25920868,126.5722046
33.26007843,126.5718918
33.26454163,126.5713501
33.2652092,126.5713959
33.24362946,126.5995178
33.24407196,126.5997543
33.24415207,126.6001892
33.24427032,126.6007767
33.24424744,126.6013947
33.24472046,126.6005707
33.24524307,126.6004562
33.24532318,126.5999222
33.245224,126.5997696
33.2450676,126.5995483
33.24536514,126.6000443
33.24583435,126.6000137
33.24712372,126.6001053
33.2473793,126.5995865
33.25230408,126.5965729
33.25436401,126.594017
33.2549324,126.5933838
33.25683975,126.5914078
33.25690842,126.5912247
33.25730896,126.5912476
33.25776672,126.5911102
33.25827408,126.5909424
33.24645233,126.5996323
33.24675369,126.5995483
33.24708176,126.5993195
33.24741745,126.5990753
33.24772644,126.5986404
33.24802017,126.5984344
33.24835968,126.5982132
33.24928665,126.597641
33.24997711,126.5972366
33.2505722,126.5969009
33.25100327,126.5966721
33.25159454,126.596283
33.25222397,126.5958633
33.25298691,126.5953598
33.25346756,126.594635
33.25300598,126.5927353
33.25366592,126.5951157
33.25402451,126.5946808
33.25440216,126.5944366
33.25476837,126.5941925
33.25503159,126.594017
33.25540543,126.5938187
33.25591278,126.5937347
33.2563858,126.5936737
33.25695801,126.5935898
33.25757217,126.5935211
33.25792186,126.5934726
33.25831223,126.5934143
33.25857162,126.5933838
33.25631332,126.5220642
33.25658035,126.5221329
33.25658035,126.5217896
33.25667953,126.5214081
33.25699615,126.5252609
33.25665665,126.5244598
33.25636292,126.5234985
33.25637817,126.5226822
33.25600815,126.5226669
33.2557869,126.5220642
33.25587463,126.5214691
33.25566101,126.5208893
33.25547409,126.5205612
33.25716782,126.5246735
33.23807526,126.5160904
33.2384491,126.5164032
33.23823547,126.5164566
33.23809052,126.5168152
33.2378273,126.5151215
33.23779297,126.5146713
33.23809814,126.5143661
33.2376442,126.5141144
33.23747253,126.513855
33.2372551,126.5138702
33.23703384,126.5137634
33.23750687,126.5160599
33.23748552,126.516668
33.23745346,126.5165634
33.23735046,126.516777
33.23720169,126.5167236
33.24066544,126.5185089
33.24044418,126.5178452
33.24059296,126.5174866
33.24070358,126.5170364
33.2405014,126.5168991
33.24012683,126.5162564
33.23978424,126.5161285
33.23978043,126.5158234
33.23944092,126.5164032
33.23499152,126.5140987
33.23916245,126.5162811
33.23900986,126.515831
33.23877335,126.5156937
33.23823166,126.5155258
33.23788452,126.51548
33.23761749,126.5153503
33.23729706,126.514946
33.23722839,126.515274
33.23635483,126.5150604
33.2362175,126.5151901
33.23591614,126.5149536
33.2355957,126.5146942
33.23571777,126.5145721
33.23599625,126.5141373
33.2358551,126.5138474
33.23538589,126.5144501
33.23439789,126.5133286
33.2342453,126.5135269
33.23443222,126.5131226
33.2341156,126.5128479
33.23400879,126.5126877
33.23381424,126.5124054
33.23374176,126.5119781
33.2334137,126.5120392
33.23303604,126.5115814
33.23120117,126.5073929
33.23112488,126.506897
33.23119736,126.5063477
33.23125076,126.5059128
33.23916245,126.480278
33.23915482,126.4868698
33.2380867,126.4791718
33.23828125,126.478447
33.23807907,126.47892
33.23788071,126.478569
33.2376976,126.4787369
33.2372818,126.4782867
33.23666763,126.4778595
33.23587799,126.4773178
33.23558426,126.4771881
33.23523331,126.4770203
33.2348175,126.4768372
33.23714828,126.4804535
33.23736572,126.4808502
33.23748779,126.4808426
33.23694992,126.4807205
33.23686981,126.481102
33.23703003,126.4813766
33.23677826,126.4817352
33.23724747,126.4817581
33.2375679,126.4824295
33.23816681,126.4829559
33.23802864,126.4827336
33.23710251,126.4830475
33.23677444,126.4834137
33.2358551,126.4842834
33.23412704,126.4850311
33.23382187,126.4853363
33.23641586,126.4842682
33.23638153,126.484993
33.2367208,126.4793778
33.23700714,126.4792557
33.23641968,126.4790573
33.23642731,126.4794769
33.23350143,126.4794769
33.23331833,126.4786453
33.23303223,126.4780045
33.23351288,126.4769211
33.23363113,126.476387
33.23350525,126.4759293
33.23344803,126.4754868
33.23337936,126.4750671
33.23332214,126.4749374
33.23292542,126.4739151
33.23322296,126.4717026
33.23315811,126.4711151
33.23477936,126.4711609
33.23404312,126.4677353
33.23251343,126.480217
33.23239899,126.4806519
33.23285415,126.4813157
33.23246765,126.4812012
33.25072479,126.4779892
33.25053406,126.4783249
33.25017548,126.4782867
33.24934769,126.4782562
33.2487793,126.4782333
33.24795532,126.4780502
33.24715424,126.4783249
33.24597168,126.4784546
33.24564362,126.4784851
33.24492645,126.4788132
33.24384689,126.4792786
33.24312973,126.4793472
33.2422142,126.4795609
33.24146271,126.4795837
33.24037933,126.479805
33.24010086,126.4798508
33.23980331,126.4799118
33.23911045,126.4799966
33.23874664,126.4799881
33.23849487,126.4797897
33.23802948,126.4800415
33.23830795,126.4796066
33.23800278,126.4794998
33.23788071,126.4795609
33.23756409,126.4797592
33.23735428,126.4799805
33.23715973,126.4800186
33.23628235,126.4799805
33.23570251,126.4799194
33.23538208,126.4798965
33.2351799,126.4795303
33.23468018,126.4798203
33.234478,126.4797821
33.23469162,126.4801483
33.23413467,126.4796829
33.23364639,126.4796143
33.23314667,126.4795685
33.23267746,126.4795532
33.23230743,126.4794922
33.23113632,126.4791031
33.23049164,126.4788361
33.22919846,126.4767838
33.22896576,126.4763565
33.22806931,126.4751205
33.22761154,126.4749069
33.22712326,126.474823
33.22714233,126.4743576
33.22704315,126.4738159
33.22693634,126.4732056
33.22696304,126.4733734
33.22753525,126.4730682
33.22835922,126.4727859
33.2287178,126.4722977
33.22899628,126.4719543
33.22787476,126.4715042
33.22819138,126.4709244
33.228302,126.4704132
33.22675323,126.4723206
33.22663879,126.4719391
33.22652435,126.4716263
33.22719193,126.4704742
33.22751617,126.4701385
33.22787476,126.4697647
33.22813797,126.4694901
33.22853088,126.4691162
33.22890854,126.4688034
33.2294426,126.4682693
33.22991562,126.4678497
33.23044205,126.4671097
33.23095322,126.4662628
33.23136139,126.4656067
33.23152542,126.4651031
33.23137283,126.4670486
33.23194122,126.4663086
33.23272705,126.4664612
33.23174667,126.4642944
33.23193359,126.4636917
33.23215866,126.4629745
33.23401642,126.4636536
33.23807134,126.4677419
33.23865911,126.4678805
33.23906326,126.4677582
33.23981877,126.4678654
33.24025345,126.4681244
33.23437881,126.4634781
33.23450851,126.4633255
33.234478,126.4633255
33.23541641,126.4631577
33.24758148,126.5665894
33.2521553,126.5689621
33.25231934,126.5690536
33.25255966,126.5690308
33.25288391,126.569046
33.25337601,126.5688934
33.25337982,126.5693207
33.25388718,126.5690308
33.25403595,126.5688477
33.25204849,126.5678787
33.25206757,126.5682373
33.2520752,126.5687561
33.25178146,126.5689468
33.25136566,126.5689697
33.25215175,126.5701083
33.23989314,126.5967508
33.24031067,126.5965042
33.24039744,126.5955199
33.24094772,126.5951309
33.24112701,126.594902
33.24108763,126.5942721
33.24641037,126.5970078
33.24966188,126.593154
33.2499832,126.5921546
33.25022888,126.589119
33.23708725,126.5972595
33.23742215,126.5972878
33.23799515,126.5972977
33.2384589,126.5972496
33.23865128,126.5972977
33.23931993,126.5972389
33.2397995,126.5973511
33.24050522,126.5972061
33.2413826,126.5979614
33.24116898,126.5970459
33.24147034,126.5968246
33.24172592,126.5966415
33.24204254,126.596405
33.24246216,126.5960999
33.2430687,126.5958023
33.24343491,126.5956421
33.24428558,126.5959396
33.24504852,126.5962524
33.2458992,126.5966415
33.24660873,126.5972443
33.24656677,126.5978088
33.24655151,126.5984192
33.24650192,126.5992355
33.29243088,126.5924988
33.29206848,126.5919571
33.29182053,126.5918884
33.29172516,126.5915527
33.29163361,126.5912628
33.29133224,126.5913925
33.29172897,126.590744
33.29198074,126.5903168
33.29172516,126.5897598
33.29154587,126.5892334
33.29229736,126.5885239
33.29180788,126.5885098
33.29250217,126.5940061
33.29254913,126.5937042
33.29264069,126.5928192
33.29278946,126.5919647
33.29320526,126.5913849
33.29325485,126.5912933
33.29428101,126.5913239
33.29465103,126.5912628
33.29545975,126.5912933
33.29516983,126.5903778
33.29525757,126.5899048
33.29560089,126.5894241
33.29589844,126.5889969
33.29618454,126.5886002
33.29737854,126.5869904
33.25518799,126.4590683
33.25588226,126.4593582
33.25575256,126.4600906
33.25445175,126.4594574
33.25500575,126.4598161
33.25521851,126.4588013
33.25557709,126.4582672
33.2553978,126.4581451
33.25608826,126.4579544
33.25643921,126.4576492
33.25649614,126.4573306
33.25693893,126.4581375
33.2567482,126.4584808
33.25636292,126.4590454
33.25800705,126.4574356
33.25841141,126.4575882
33.25881577,126.4578934
33.25883865,126.4583969
33.25948715,126.458786
33.25933076,126.4589149
33.25900293,126.4594642
33.25900269,126.4598618
33.25889206,126.4602356
33.25890867,126.460597
33.25964355,126.4590149
33.25979614,126.4592896
33.26008987,126.4596405
33.26029205,126.4599228
33.26044083,126.4600754
33.26172638,126.4603424
33.26218796,126.4605026
33.26270148,126.4604207
33.23517658,126.5069938
33.24396133,126.5165329
33.23753525,126.5117966
33.2373085,126.5116043
33.2373144,126.5112346
33.23750821,126.5112254
33.23794999,126.5112203
33.23830831,126.5111995
33.23849538,126.5111958
33.23806763,126.5123672
33.23797607,126.5127792
33.23814392,126.5128784
33.2380867,126.5132675
33.23989487,126.5108261
33.24019241,126.5108109
33.24031067,126.5111313
33.24132919,126.5111084
33.24168777,126.5107117
33.24198914,126.5102005
33.24218369,126.5100632
33.24269104,126.5097198
33.24332809,126.5095062
33.24357605,126.5094299
33.24380875,126.5092545
33.24396896,126.5090942
33.24452209,126.5089417
33.24475861,126.5087738
33.23961639,126.5102234
33.23980331,126.5106583
33.2396698,126.5116806
33.23959503,126.5122573
33.23933411,126.5125656
33.23914719,126.5129623
33.23931122,126.5131912
33.23931885,126.5134964
33.23929214,126.5138474
33.23870087,126.5133743
33.23865509,126.5128403
33.23839569,126.5127716
33.23904419,126.5091248
33.23873138,126.5087891
33.23805897,126.5079875
33.23829651,126.5087967
33.2379837,126.5088654
33.23760986,126.5083389
33.23723221,126.5081406
33.23691177,126.5077438
33.23629761,126.5148773
33.23638916,126.5145798
33.2363472,126.5144501
33.23672485,126.5139847
33.23678207,126.5137329
33.2558403,126.4580612
33.23693085,126.5130615
33.23704147,126.5126495
33.23771913,126.5121282
33.25653458,126.4588165
33.23787308,126.5119781
33.23839569,126.5115128
33.23861694,126.5109329
33.2388382,126.5114136
33.23828888,126.5108185
33.2392807,126.510643
33.23926544,126.510437
33.23928833,126.5100098
33.23941803,126.5099182
33.23950577,126.5093765
33.23971558,126.5090485
33.24069214,126.5071564
33.24092102,126.5068512
33.2411499,126.5063934
33.24137497,126.5058594
33.24175262,126.5055542
33.24088669,126.5165558
33.24166107,126.5167465
33.24188995,126.5167236
33.24232483,126.5171356
33.24268341,126.5168381
33.24290085,126.5164948
33.24374008,126.5162811
33.24400565,126.5161439
33.24429321,126.5159836
33.24435043,126.5156403
33.24440765,126.5149536
33.24475861,126.5140915
33.24496078,126.5138779
33.24505234,126.5133209
33.24528122,126.5127716
33.24532318,126.5138779
33.24593735,126.5139847
33.24626923,126.5137863
33.24687958,126.5134964
33.24745941,126.513649
33.24752808,126.5130157
33.24744034,126.5121155
33.24797821,126.5137482
33.24161148,126.5146103
33.24205017,126.5148697
33.24224091,126.5150299
33.24261856,126.5153885
33.24255753,126.5156174
33.24274445,126.5159836
33.24305344,126.5160751
33.24323654,126.5163727
33.24455643,126.5166855
33.24481964,126.5168228
33.245121,126.5168839
33.24547958,126.516861
33.24617767,126.5170898
33.24671936,126.5177383
33.24647141,126.5177841
33.24620438,126.5180359
33.24751282,126.5178452
33.24098587,126.5144653
33.24080658,126.5144501
33.24062729,126.5141602
33.24075317,126.5148087
33.24051666,126.5149155
33.24005508,126.5148392
33.23973465,126.5148849
33.2410202,126.513382
33.24078751,126.5132599
33.24070358,126.5128403
33.24022675,126.5125427
33.24014664,126.5122604
33.23981857,126.5120926
33.24150085,126.5130539
33.24194336,126.5122147
33.2424202,126.5124588
33.24268723,126.5127945
33.24303436,126.5130615
33.24343215,126.5135853
33.24409295,126.5142536
33.24429321,126.514534
33.24138032,126.507698
33.24195099,126.5096512
33.24123383,126.5166092
33.24114609,126.5159225
33.24129868,126.515564
33.24142075,126.5152969
33.24146271,126.5146255
33.24134827,126.5144348
33.24119949,126.5139008
33.24092484,126.5128021
33.24121094,126.5124969
33.24112701,126.511673
33.24081421,126.5121994
33.24080658,126.5116653
33.24081039,126.511261
33.24087906,126.510704
33.24082184,126.5100555
33.24086761,126.5093842
33.24091339,126.5089569
33.23991013,126.5085831
33.24079895,126.5085068
33.24003601,126.5082779
33.24075699,126.5076523
33.24032974,126.5079193
33.2404747,126.5076218
33.24040985,126.5074234
33.23715591,126.5154266
33.23694992,126.5157242
33.236763,126.5159302
33.23660278,126.5162048
33.23646927,126.516449
33.23604965,126.5115204
33.23584747,126.5117264
33.23626709,126.5117111
33.23656845,126.5120163
33.23659515,126.5121765
33.23671722,126.5123291
33.23551559,126.5122986
33.23563766,126.5127258
33.23615265,126.5134735
33.23623657,126.5137863
33.23638535,126.5138779
33.23434067,126.5122147
33.23627853,126.5108337
33.2363205,126.5112
33.23592377,126.5111923
33.23555756,126.5105896
33.23555756,126.5114517
33.23521423,126.5114746
33.23519516,126.512001
33.2347641,126.5125198
33.23498917,126.5128632
33.23474884,126.5130615
33.23549652,126.5130768
33.23540115,126.5135193
33.23673248,126.5129013
33.23875427,126.6012192
33.23841095,126.6008377
33.23802185,126.6000824
33.23801422,126.5995712
33.23842239,126.5993271
33.23871613,126.5991745
33.23891068,126.5990448
33.23939133,126.5985641
33.24023819,126.5980148
33.23992157,126.5978012
33.23986435,126.5975494
33.23815155,126.60186
33.23766327,126.6019363
33.23742676,126.6016312
33.23723984,126.6012573
33.23696899,126.6007233
33.23680878,126.6002579
33.23682785,126.6000824
33.23633575,126.5993958
33.23623276,126.5990524
33.23620605,126.5988007
33.23619461,126.5984039
33.23626709,126.5980682
33.23641586,126.5977783
33.23658371,126.5974884
33.23674011,126.5971985
33.2367897,126.5965195
33.23693848,126.5960846
33.23691177,126.5968781
33.23702621,126.5964966
33.23703766,126.5960541
33.23728943,126.5957642
33.2393905,126.5932968
33.23971176,126.5932236
33.24004364,126.5931549
33.24049377,126.5932388
33.24089813,126.5932388
33.24052429,126.5930939
33.24088393,126.5929814
33.24131987,126.5929137
33.24174881,126.5928574
33.24204636,126.5926971
33.24235153,126.5925217
33.2426033,126.5923538
33.24320221,126.5919266
33.23875046,126.6025009
33.23879242,126.6031723
33.23885345,126.6039658
33.239151,126.604187
33.23947525,126.6043396
33.23983002,126.6045761
33.23987198,126.60392
33.24021912,126.6037903
33.24065781,126.6036224
33.24123001,126.6030273
33.2414093,126.603302
33.242939,126.598381
33.24242401,126.5985031
33.24207687,126.5986099
33.24169922,126.5987854
33.24185562,126.5992661
33.24150467,126.5984116
33.24197388,126.5995331
33.24128342,126.5991211
33.24097443,126.599411
33.24022675,126.5995789
33.2396698,126.5996704
33.23937988,126.5997543
33.23897171,126.6004486
33.23884583,126.6015396
33.23898697,126.6021805
33.23954773,126.6021118
33.24000168,126.6020203
33.2400322,126.6014557
33.24039078,126.6019669
33.24076462,126.6023102
33.24106979,126.6023178
33.24183655,126.6001129
33.24220657,126.599678
33.24243546,126.599472
33.24140549,126.6003418
33.24111557,126.600647
33.24065399,126.6001892
33.24032593,126.6004105
33.24053574,126.5996094
33.24047852,126.5992584
33.24039459,126.5988007
33.240345,126.5984497
33.24041748,126.5975723
33.24221039,126.6053848
33.24186707,126.6054382
33.2414856,126.6055298
33.24214172,126.6059799
33.24017715,126.6081467
33.24037552,126.607872
33.24066925,126.6075439
33.24095917,126.6071777
33.24097824,126.6066666
33.24126053,126.6063614
33.24158096,126.6062469
33.2421608,126.6062088
33.24257278,126.6061707
33.24114609,126.6111755
33.24149323,126.6111755
33.2423172,126.6114883
33.2429924,126.6118088
33.24328995,126.6118088
33.24384308,126.611351
33.24417114,126.6111984
33.24474335,126.6109924
33.24580002,126.6103287
33.24648666,126.6101303
33.24681473,126.6186371
33.2467041,126.6182556
33.24646378,126.6178665
33.24615479,126.6177444
33.24563217,126.6172562
33.24264526,126.6119385
33.24208069,126.6046829
33.24186325,126.6046219
33.24149323,126.6044922
33.24110413,126.6044769
33.2408638,126.6046295
33.24081802,126.6048508
33.24090777,126.6054526
33.24061966,126.6056137
33.240345,126.6063919
33.24032211,126.6057892
33.23999786,126.6059723
33.23971318,126.6058321
33.23950958,126.6061401
33.23985672,126.6077881
33.23974609,126.608223
33.24002075,126.6084595
33.24028778,126.6089706
33.24050903,126.6096039
33.24071884,126.6102448
33.2408756,126.6109825
33.24106598,126.61129
33.24108505,126.6120453
33.24115961,126.6122467
33.24128796,126.6127444
33.24116516,126.6129913
33.24117279,126.6134109
33.2412726,126.6137859
33.24133682,126.6141663
33.24168396,126.6151352
33.24182892,126.615593
33.24191284,126.6160736
33.24223337,126.6166915
33.24228287,126.6172028
33.24260987,126.6176267
33.24272156,126.617897
33.24330521,126.6185379
33.24378555,126.6187858
33.24400711,126.618866
33.24427032,126.6187286
33.24451447,126.6185684
33.24473953,126.6184845
33.24605082,126.6187572
33.24672264,126.6187918
33.24723434,126.6186829
33.24790573,126.6187668
33.24776805,126.6186344
33.24811172,126.618988
33.24829865,126.6192856
33.24856567,126.619339
33.24884796,126.6194458
33.24945391,126.6193085
33.24952316,126.6193085
33.24449158,126.5656128
33.24458694,126.5665894
33.2448616,126.5651474
33.24066544,126.5645065
33.24025726,126.5644073
33.27215823,126.618244
33.27278656,126.6180614
33.27286678,126.6162981
33.27127075,126.6142578
33.27605438,126.6172867
33.27611923,126.6177521
33.27613831,126.6180115
33.2761879,126.6185455
33.27570343,126.6190872
33.27531815,126.6191254
33.27381403,126.620142
33.26410922,126.619811
33.2644043,126.6197128
33.26466751,126.619606
33.26506805,126.6190567
33.26585007,126.6194611
33.26645279,126.6199265
33.26700211,126.619957
33.2677269,126.6199875
33.26863752,126.6197646
33.26890444,126.6193341
33.26936548,126.618994
33.26985748,126.6184579
33.27027658,126.6184051
33.27083084,126.6183276
33.27130854,126.6182745
33.27173456,126.6182753
33.27247138,126.6181889
33.27312874,126.6179177
33.27415509,126.6174302
33.27445877,126.6172277
33.27465676,126.6171087
33.27503917,126.6168548
33.27513885,126.6163483
33.27511597,126.6155548
33.27542114,126.6162872
33.27520687,126.616414
33.27655159,126.6161022
33.27694094,126.6159073
33.2773908,126.6155994
33.27769579,126.6150935
33.27816049,126.6152096
33.27859879,126.6152115
33.27904892,126.6152039
33.2794494,126.6150751
33.28133011,126.6143951
33.28057098,126.6147232
33.28240967,126.6134491
33.28294754,126.6135649
33.28369141,126.6135559
33.27809143,126.5520782
33.27932358,126.5526276
33.27999878,126.5525894
33.28020859,126.5521927
33.28059387,126.5518875
33.28045162,126.5516082
33.28024673,126.5512314
33.28028488,126.5508652
33.28033447,126.5506592
33.28355789,126.5491028
33.26645279,126.5541763
33.26702118,126.5539322
33.2673378,126.5536804
33.2677536,126.55336
33.26844231,126.5542133
33.26900522,126.5540428
33.26875009,126.5542399
33.26953786,126.553604
33.26956019,126.5541755
33.27027208,126.5540645
33.27056122,126.5535965
33.27031326,126.5528107
33.2714386,126.5528183
33.27060318,126.5540314
33.27147675,126.5540466
33.27085876,126.5544815
33.27150726,126.5552139
33.27194214,126.5552292
33.27552414,126.5539474
33.28097083,126.5468502
33.30067062,126.4036102
33.29381561,126.4319687
33.29394531,126.4324265
33.28811264,126.4993362
33.2878952,126.4997406
33.28781128,126.5003433
33.28754807,126.5006027
33.299366,126.5729675
33.30175318,126.5758859
33.30479813,126.5854187
33.30491638,126.5859222
33.30514526,126.5864105
33.30534744,126.5868835
33.30565262,126.5873337
33.31542587,126.596199
33.31532288,126.5961609
33.31560516,126.5965347
33.2508812,126.3913803
33.25037766,126.3917084
33.25000381,126.3920746
33.2467041,126.3908997
33.24693298,126.3907928
33.24762726,126.3909531
33.24753952,126.3904724
33.24803925,126.3896942
33.24813843,126.3903351
33.24849319,126.3901443
33.24908066,126.3900833
33.24940109,126.3901749
33.25003815,126.3902054
33.25048447,126.3905716
33.25092316,126.390564
33.25112915,126.3900909
33.25119781,126.3908234
33.25197601,126.390831
33.25200272,126.3909912
33.2527771,126.3933716
33.2533989,126.3934021
33.25392532,126.394043
33.25497055,126.3948975
33.25260544,126.3902206
33.25302887,126.3901062
33.25329971,126.3899078
33.2539723,126.3891979
33.25468826,126.3891068
33.25549698,126.3894043
33.25622177,126.3894501
33.2566452,126.389389
33.25727081,126.3897858
33.25767517,126.3898087
33.25783835,126.3890396
33.25736618,126.3908539
33.25870514,126.3901901
33.25902939,126.3905182
33.25945663,126.3903885
33.26028061,126.3902359
33.26113129,126.3902512
33.26197433,126.3902512
33.26291275,126.3910522
33.26369095,126.3919373
33.26401138,126.3922501
33.26649692,126.393805
33.268466,126.3945333
33.269104,126.39505
33.2690467,126.3948244
33.27048874,126.5988541
33.27011108,126.5992508
33.26983261,126.5996399
33.26936722,126.5995483
33.26852417,126.5992661
33.26794815,126.5992889
33.27170944,126.5980377
33.27197266,126.5980377
33.2726059,126.5983505
33.27306747,126.5986252
33.27161407,126.5983276
33.27159144,126.5985962
33.27153015,126.5989761
33.2712326,126.5994568
33.27140045,126.6001663
33.27141953,126.600853
33.27150284,126.6015348
33.27228014,126.6021297
33.27193069,126.6031644
33.27252194,126.6026733
33.27571106,126.6044693
33.26027679,126.5955811
33.26103973,126.595726
33.26185226,126.5959854
33.2625351,126.5962753
33.26277542,126.596489
33.26419449,126.5974121
33.26307678,126.5966415
33.26480577,126.597617
33.26582336,126.59758
33.26615143,126.5978699
33.26646423,126.5982819
33.26657486,126.597641
33.26690674,126.5976563
33.26727676,126.59758
33.26749039,126.5977707
33.26805496,126.5977402
33.26858139,126.5976486
33.26906967,126.5977325
33.26968002,126.597702
33.27053452,126.5979385
33.27087402,126.5980072
33.27107239,126.5972748
33.27100176,126.5967822
33.27142334,126.5976334
33.2721405,126.5972672
33.27241898,126.5969772
33.27272034,126.5968475
33.25494385,126.5210571
33.25474167,126.5212784
33.25442886,126.5214691
33.2563324,126.5201492
33.25639725,126.5205383
33.26177216,126.4098816
33.26256561,126.4098206
33.26331674,126.4097926
33.26398982,126.4100805
33.26285553,126.4100418
33.26299286,126.4103317
33.26306534,126.4108124
33.2630043,126.4112701
33.26252365,126.41185
33.26218796,126.4117813
33.26286697,126.4121246
33.26282501,126.4124985
33.26276016,126.4130554
33.26263046,126.4141769
33.26023483,126.4104309
33.25980759,126.4106216
33.25944519,126.4108429
33.25917053,126.4114075
33.25907135,126.4118729
33.25935364,126.4131851
33.25950241,126.4139862
33.25981522,126.4142227
33.26014709,126.41436
33.26069481,126.4144612
33.26110458,126.4146042
33.26169205,126.4143753
33.26065826,126.4108734
33.26031876,126.4106064
33.25703049,126.4106064
33.26198196,126.4117126
33.26226425,126.4110794
33.2624321,126.4113007
33.26235962,126.4105988
33.26269913,126.4106979
33.26198959,126.4102554
33.26225281,126.4099503
33.26206423,126.4094737
33.26180649,126.4089737
33.26170731,126.4082413
33.26198959,126.4077835
33.26225662,126.4073257
33.2625885,126.4074936
33.26341248,126.4075012
33.26396179,126.4075012
33.26517487,126.4077148
33.26626205,126.4074707
33.26176834,126.4063568
33.26165771,126.40522
33.26167679,126.4046326
33.2616272,126.4042969
33.26108932,126.4034653
33.26024246,126.4035873
33.25993848,126.4032984
33.25963593,126.4031906
33.26103411,126.4171138
33.26275051,126.4221707
33.26300512,126.4216646
33.26317034,126.4213254
33.2634969,126.4207813
33.26401539,126.419828
33.26479021,126.4187389
33.26499511,126.4182117
33.26685233,126.423995
33.26638754,126.4238961
33.25898743,126.404007
33.25897217,126.4042435
33.25912476,126.4044571
33.25926971,126.4047318
33.25960922,126.4052658
33.26001358,126.405983
33.26020813,126.4063797
33.26085663,126.409111
33.26103973,126.4112015
33.26137161,126.411499
33.26156616,126.4119492
33.26181793,126.4132309
33.26187134,126.4135818
33.26195908,126.4141235
33.26195193,126.414324
33.26188278,126.4148331
33.26195145,126.4157104
33.26198578,126.4161835
33.26195908,126.4171906
33.26213513,126.4182977
33.2621751,126.4191346
33.26302567,126.4193033
33.26195145,126.4190216
33.26041794,126.4197083
33.26192474,126.4202347
33.26182175,126.4211807
33.26335526,126.4240265
33.26390839,126.423996
33.26404572,126.4242477
33.26419067,126.4243546
33.26431656,126.4245224
33.26008987,126.4127884
33.25961304,126.4123001
33.26076126,126.4120026
33.26078796,126.4125748
33.26052856,126.4120712
33.26064682,126.4113464
33.26605606,126.4128876
33.26613998,126.4120712
33.26597977,126.411087
33.26577377,126.4099045
33.26233673,126.4036331
33.26262283,126.4033203
33.26349258,126.4033508
33.26565933,126.4033279
33.26189041,126.4034882
33.26639557,126.4138489
33.26672745,126.412262
33.26773071,126.4112473
33.26849747,126.4079056
33.26816559,126.4069595
33.26866913,126.4100571
33.26914597,126.4092255
33.27147675,126.4089355
33.2740097,126.4090729
33.27110672,126.4140091
33.27151489,126.4137497
33.27179337,126.4134293
33.27216721,126.4129639
33.27253342,126.4122849
33.27294159,126.4113083
33.27297211,126.4109955
33.27317429,126.4101028
33.27328873,126.4096756
33.27344513,126.4091492
33.27373886,126.4082794
33.27330399,126.4078369
33.27378845,126.4066772
33.27705002,126.4143524
33.27768326,126.4148254
33.27809525,126.4148483
33.27845764,126.4150238
33.27902659,126.4153358
33.27917862,126.4154282
33.28010178,126.4156113
33.28077797,126.4158125
33.28105927,126.4158478
33.28154373,126.4159164
33.28186798,126.4157944
33.28248215,126.4155426
33.2832186,126.4152273
33.25563812,126.4136734
33.25608444,126.4136505
33.25629425,126.4135437
33.25653458,126.4134674
33.25688171,126.4135208
33.25718689,126.4135132
33.25723648,126.413208
33.25746155,126.41362
33.25815964,126.4138184
33.25814819,126.413475
33.25844193,126.4135895
33.26102597,126.4132261
33.26111483,126.4139057
33.26202774,126.4124756
33.26235962,126.4123306
33.26273346,126.4124527
33.26328278,126.4123688
33.2637291,126.4125671
33.26398849,126.4126968
33.26470184,126.4131927
33.26521683,126.4137955
33.26551819,126.4139175
33.26571655,126.4139481
33.26590347,126.4139709
33.26567078,126.4151688
33.26525497,126.4163284
33.26663208,126.4141693
33.2673912,126.4139938
33.26779556,126.4139786
33.26844946,126.4141344
33.26825333,126.4139481
33.26861954,126.4141388
33.2688341,126.4144431
33.26901245,126.4145813
33.26932526,126.4148026
33.26961899,126.4148941
33.26997375,126.4148788
33.270298,126.4146957
33.27111816,126.4143066
33.27253342,126.4144363
33.27284241,126.4143906
33.27416611,126.414505
33.27547543,126.4141572
33.24726105,126.5712509
33.24695206,126.6021423
33.24940109,126.6004715
33.24999619,126.6002579
33.25109863,126.5999374
33.24249268,126.6046524
33.24307632,126.604332
33.24341202,126.6041794
33.24409103,126.6039429
33.24510193,126.6034546
33.24546432,126.603157
33.246418,126.6023178
33.24723982,126.6029025
33.24781288,126.6034183
33.24860639,126.6037963
33.24950409,126.6043243
33.2500267,126.6048431
33.25017929,126.6063004
33.25009756,126.6041799
33.25083075,126.6040183
33.25103114,126.60501
33.25134064,126.6055841
33.25214386,126.6058884
33.25320007,126.6058816
33.25376795,126.6061896
33.25414276,126.6059723
33.25481796,126.6056747
33.25538493,126.6057343
33.25576401,126.605835
33.25627074,126.6057182
33.25701141,126.6045914
33.2568512,126.6040573
33.25694656,126.6033783
33.25722885,126.6052704
33.25752491,126.6049399
33.25808616,126.6045792
33.25791121,126.6041427
33.25743466,126.6056204
33.25770241,126.60618
33.25887782,126.6075779
33.25918961,126.6079483
33.25950492,126.6080808
33.25979996,126.6082382
33.26041412,126.6084137
33.26067475,126.6084271
33.26102829,126.6088181
33.26144791,126.6104431
33.26137161,126.6111298
33.26160431,126.6095734
33.26237106,126.6103134
33.26276779,126.6106339
33.26324844,126.6105728
33.2513237,126.5579987
33.25164032,126.5579224
33.25217438,126.5578003
33.2472496,126.5598755
33.24712372,126.5598221
33.24710083,126.5594406
33.2469635,126.5598831
33.24990841,126.5580592
33.25165206,126.5568258
33.25035095,126.5575485
33.25030136,126.5572739
33.25047302,126.557724
33.25072098,126.5574036
33.25092815,126.5572023
33.25103378,126.5575714
33.25109482,126.5580215
33.25144577,126.5568771
33.25148773,126.5565186
33.25168228,126.5562363
33.25189972,126.5559845
33.24868393,126.5557785
33.24901199,126.5556641
33.24868393,126.5560226
33.24879456,126.5562592
33.25170135,126.558548
33.25164413,126.5581589
33.25159836,126.557869
33.2514801,126.5574112
33.25149536,126.5571823
33.24776077,126.5562134
33.24810028,126.5559006
33.24857712,126.5562744
33.24888926,126.5565473
33.24868488,126.5569145
33.24938336,126.5569928
33.24978256,126.5573807
33.25012589,126.5576859
33.25042343,126.5580826
33.25069809,126.558342
33.25111771,126.5585861
33.25154877,126.5589981
33.25183035,126.5592675
33.25476215,126.5240513
33.25461197,126.5236435
33.25447083,126.5235062
33.25400543,126.5235062
33.25374985,126.5230331
33.25362015,126.5228119
33.25507355,126.5240097
33.25494003,126.5234299
33.25540161,126.5234528
33.25564194,126.5237732
33.25602381,126.523595
33.2567215,126.5231476
33.25689697,126.522583
33.25703522,126.5222454
33.25723069,126.5229607
33.25799942,126.5220032
33.25828934,126.5225677
33.25922012,126.5226288
33.25881577,126.5227432
33.25905991,126.5231018
33.25872803,126.523468
33.25847244,126.5238037
33.25850677,126.5241852
33.25954819,126.5225525
33.25960541,126.5229645
33.25981522,126.5226212
33.25752258,126.5207214
33.2582016,126.5206757
33.2587738,126.5208817
33.2587204,126.5212631
33.25886917,126.5204315
33.25915909,126.520813
33.25953293,126.5205841
33.25964355,126.521225
33.25966144,126.5217187
33.25986862,126.5220108
33.26026109,126.5223245
33.26040268,126.5224304
33.26067734,126.5224991
33.26097488,126.5224686
33.24922943,126.5102386
33.24912262,126.510582
33.24904251,126.5108643
33.24889374,126.5114059
33.24879074,126.5117111
33.25111389,126.5243912
33.251091,126.5246964
33.25073242,126.5251694
33.25083784,126.5255306
33.25065906,126.5259367
33.25048828,126.5262375
33.25037005,126.5269925
33.25001144,126.5274658
33.2497139,126.5277634
33.24993134,126.5283203
33.24930191,126.5292969
33.24861908,126.5291138
33.25575936,126.5245838
33.25572586,126.5250015
33.25571466,126.5252735
33.25566864,126.5259476
33.25571442,126.5264282
33.2575531,126.5244217
33.26742172,126.5204239
33.24731156,126.5241118
33.24749374,126.5244141
33.2491188,126.5243835
33.25050735,126.5242004
33.25074768,126.5241928
33.25107574,126.5241852
33.2514534,126.5242004
33.25178528,126.5242157
33.2522049,126.5241928
33.25259781,126.5242233
33.25297165,126.524231
33.25328445,126.524437
33.25323105,126.5248795
33.25392532,126.524437
33.2542572,126.5242615
33.25487137,126.5247803
33.25812149,126.5251007
33.26074219,126.5243073
33.26196289,126.522438
33.26171112,126.5224609
33.26312637,126.5220642
33.26329302,126.5217928
33.26334763,126.5215378
33.26298904,126.522728
33.26420593,126.5218887
33.26527786,126.5211029
33.26598358,126.5207825
33.27016068,126.5192795
33.2702179,126.519516
33.27402115,126.5162582
33.27467743,126.5160338
33.27615738,126.5155334
33.27754519,126.5153202
33.27833961,126.5155735
33.24820402,126.5544985
33.25224589,126.5533271
33.25238037,126.5529404
33.25243378,126.552597
33.25251811,126.5525558
33.25294495,126.5522156
33.25349426,126.5519638
33.25376129,126.5514908
33.25392248,126.5507028
33.25407028,126.5500259
33.25463104,126.5487671
33.25465012,126.5478287
33.25474507,126.5475543
33.253827,126.5523546
33.25404668,126.5520141
33.25435861,126.5516316
33.25485251,126.5510764
33.25507212,126.5507211
33.25518133,126.5503771
33.2553215,126.5499191
33.25531627,126.5502933
33.25558472,126.5493622
33.25572205,126.5489731
33.2558403,126.5487747
33.25717163,126.5476761
33.25947189,126.546814
33.26013947,126.5463028
33.26108932,126.5461655
33.26148605,126.5465393
33.26175493,126.5468528
33.26228333,126.5464859
33.26266988,126.54618
33.262146,126.546936
33.26247406,126.5473709
33.26269869,126.5478997
33.26302719,126.5484009
33.26315689,126.5489044
33.26317215,126.5494843
33.26350784,126.5510788
33.26331064,126.5513135
33.26301441,126.5516772
33.26272592,126.551998
33.26236725,126.5523758
33.2620697,126.5526962
33.26167679,126.5531616
33.26134872,126.5535431
33.26105118,126.5538788
33.26039886,126.5542145
33.26016235,126.5544662
33.25994492,126.5547714
33.25974655,126.5548706
33.25945086,126.554852
33.25907516,126.5549622
33.25878912,126.5551182
33.25826658,126.5552322
33.25797162,126.5553236
33.25774002,126.5551987
33.25745765,126.5549949
33.25713707,126.5548556
33.25649261,126.5547562
33.25590134,126.5545883
33.25553176,126.5544278
33.25415039,126.5542831
33.25487816,126.5544499
33.25455398,126.5542477
33.25440979,126.553833
33.25414276,126.553566
33.26667786,126.5478821
33.26899338,126.5488815
33.26914404,126.5494094
33.26926804,126.549675
33.26920504,126.5500692
33.26936722,126.5504684
33.26907349,126.5511475
33.26873016,126.5510406
33.26976258,126.5509115
33.2701513,126.551194
33.27046654,126.5517263
33.27057208,126.5516158
33.27089517,126.5518261
33.27104556,126.5516509
33.27151956,126.551831
33.26847839,126.5522537
33.27837753,126.5382843
33.27668762,126.5382385
33.27708585,126.5431254
33.28038788,126.543869
33.27896881,126.5449295
33.27941596,126.546351
33.248232,126.5528727
33.24835968,126.5543137
33.24856186,126.5546494
33.24850464,126.5528336
33.24887085,126.5529022
33.24911118,126.5529633
33.24939346,126.5530243
33.24975586,126.5531158
33.25006485,126.5531845
33.25037766,126.5532227
33.25084358,126.5532511
33.25097439,126.5532719
33.25117111,126.5533218
33.25141525,126.5533524
33.25128174,126.5535278
33.25161743,126.553566
33.2518425,126.5535965
33.25263977,126.5536575
33.25305939,126.5535889
33.25347137,126.5533066
33.25398254,126.5531464
33.25401688,126.5532913
33.2545166,126.5530396
33.254879,126.5529861
33.25483704,126.553154
33.25526047,126.5530701
33.25596619,126.5528412
33.25597382,126.5529633
33.25634003,126.5529175
33.25668716,126.5527115
33.25688553,126.5528259
33.2571907,126.5526276
33.25719452,126.5527802
33.25762558,126.5525665
33.25759506,126.5527191
33.25794601,126.5524979
33.25815582,126.5526123
33.25819397,126.5524368
33.25885391,126.5523834
33.25912476,126.5523376
33.25954437,126.5520401
33.25954056,126.5522156
33.25988007,126.5519562
33.25992203,126.5520859
33.26026154,126.5518341
33.26027298,126.5519791
33.26063156,126.5517044
33.26064682,126.5518951
33.26116562,126.5517273
33.26140594,126.5514908
33.26146698,126.5516357
33.26183701,126.5515442
33.26184082,126.551384
33.26176453,126.5509491
33.26222992,126.5514221
33.26256943,126.5513229
33.26291275,126.5512085
33.26393509,126.5509567
33.26403809,126.5505447
33.26425934,126.5508881
33.26486588,126.5507889
33.26504074,126.5510296
33.2651567,126.5513081
33.26527786,126.5507355
33.26552963,126.5505371
33.26595328,126.5503085
33.26575851,126.5500259
33.26550674,126.5498276
33.26513768,126.5497868
33.26618606,126.5504764
33.26641846,126.5504074
33.26692963,126.5501404
33.26742935,126.549881
33.26779175,126.5496826
33.26811981,126.5494995
33.26863861,126.5490341
33.2686947,126.549193
33.26888657,126.5486679
33.26937103,126.5485229
33.26999283,126.5482864
33.2705307,126.548111
33.27083639,126.5480429
33.26939774,126.5478745
33.26984406,126.5476532
33.27050018,126.5464859
33.2706604,126.5460968
33.27160263,126.5450439
33.24063873,126.5048752
33.23976135,126.5044785
33.24156952,126.498703
33.24199295,126.4981461
33.24502563,126.5006485
33.24060059,126.4985352
33.240345,126.4981384
33.23989487,126.4981308
33.2393837,126.4979172
33.23791504,126.4981842
33.23740387,126.4983597
33.23973259,126.4947674
33.24053574,126.4934158
33.24074468,126.4931093
33.24095452,126.4926064
33.24078155,126.4921997
33.2384491,126.4950256
33.23740387,126.4930954
33.23769379,126.4953613
33.2372818,126.495697
33.23641586,126.4958725
33.23608398,126.4959259
33.24677522,126.4684886
33.24571991,126.4669647
33.24523832,126.4664699
33.24442058,126.4660564
33.24407276,126.4658949
33.24351804,126.4658446
33.24315242,126.4657368
33.24248468,126.4656121
33.2470638,126.4685029
33.24111781,126.5051646
33.24111176,126.505043
33.2411499,126.5045319
33.24120712,126.5040817
33.24129105,126.5035934
33.24131393,126.5030746
33.24132538,126.5027695
33.24134445,126.5023804
33.24136353,126.5020294
33.24139786,126.5014801
33.24145508,126.5009384
33.24152374,126.5000916
33.24146271,126.4994659
33.24141693,126.4991302
33.24119949,126.4986877
33.24089813,126.4983139
33.24093246,126.4968338
33.24131012,126.4960022
33.24163437,126.4953461
33.24187088,126.4954224
33.2421608,126.4959717
33.24244308,126.4959335
33.24256134,126.4963684
33.24243546,126.4968643
33.24355316,126.4955063
33.24389267,126.4954453
33.24436188,126.4953613
33.24445343,126.4948959
33.2409606,126.4869465
33.23863602,126.4884338
33.23822403,126.4874496
33.24143219,126.4801025
33.24156189,126.4787216
33.2416687,126.4749298
33.24197388,126.4688721
33.24185562,126.4683762
33.2417717,126.4679794
33.24806595,126.3874512
33.24800873,126.3863297
33.24816895,126.3857727
33.24839783,126.3852844
33.24895375,126.382824
33.24860347,126.382188
33.24833937,126.3816587
33.2482991,126.380814
33.24832694,126.3809721
33.24830941,126.3801674
33.24828221,126.3792341
33.24799645,126.3788847
33.24815899,126.3780304
33.24840692,126.377578
33.25469093,126.387052
33.25773239,126.3785477
33.25821668,126.3780584
33.25919342,126.3774567
33.25857544,126.377037
33.25806046,126.3768387
33.25721741,126.3764572
33.26028232,126.3773435
33.25995255,126.3774567
33.26070786,126.377388
33.26148605,126.3774796
33.26184082,126.3774643
33.26234436,126.3773193
33.26315689,126.3768997
33.26382065,126.3767624
33.25892639,126.3866119
33.25915527,126.3868332
33.2598114,126.3866119
33.26024628,126.3863602
33.26099014,126.3861008
33.26161957,126.3856506
33.26234185,126.3853646
33.26273335,126.3852224
33.26352818,126.3850505
33.26382065,126.3848419
33.26449709,126.3845285
33.2649357,126.3843403
33.26598049,126.384121
33.26677039,126.3843194
33.26800444,126.3840853
33.26839284,126.3842275
33.26869164,126.384483
33.26930162,126.3847631
33.26990205,126.384936
33.27028862,126.3847079
33.27101893,126.3847082
33.27190664,126.3846322
33.24554062,126.3882446
33.24603653,126.3880844
33.24591827,126.3876266
33.2462616,126.3883286
33.24691772,126.3881607
33.24755478,126.3875198
33.2474556,126.3880005
33.24851227,126.3881302
33.24809647,126.3883743
33.24824524,126.3891678
33.24886703,126.389267
33.24945068,126.3889618
33.25012207,126.3886185
33.2502861,126.3894119
33.25089264,126.3882751
33.25217438,126.3878555
33.25305176,126.3877335
33.25356461,126.3890264
33.25405854,126.3877124
33.25485611,126.3878403
33.25593185,126.3873138
33.25559235,126.3875351
33.25675583,126.3864899
33.25751711,126.3856023
33.25975418,126.382988
33.2619133,126.3809509
33.26240921,126.3803787
33.26309967,126.3801422
33.25731659,126.3870621
33.25808716,126.3868484
33.25912749,126.3862591
33.25953293,126.3853912
33.26022339,126.3851318
33.25933947,126.3858217
33.26153183,126.3837357
33.26271439,126.3830566
33.26307297,126.3829956
33.26361465,126.3827591
33.26393127,126.3825989
33.2447052,126.567009
33.24446869,126.566864
33.24393463,126.5668793
33.24301529,126.5669174
33.24524307,126.5661545
33.2448349,126.5660858
33.24518585,126.5664597
33.24509811,126.5663681
33.24514008,126.566658
33.24502182,126.5666733
33.24507904,126.5669098
33.24496841,126.5669022
33.24505615,126.5670547
33.24497223,126.5673981
33.24491501,126.5676498
33.24482346,126.5677719
33.2448082,126.5681
33.24480438,126.5682373
33.24488068,126.5684891
33.24480438,126.5683975
33.24480057,126.5685806
33.24487686,126.5687408
33.24478912,126.5687256
33.24128342,126.5294342
33.24123764,126.5266418
33.24065781,126.5263062
33.24140549,126.5289459
33.24206123,126.5292878
33.24222946,126.5293655
33.24244308,126.5294571
33.2428894,126.529541
33.24325562,126.5296936
33.24383545,126.5297928
33.24440384,126.5299454
33.2447052,126.5299911
33.24514771,126.5302429
33.24546814,126.5304947
33.24564743,126.5310364
33.24560928,126.5315094
33.24568558,126.5322037
33.24572372,126.5307236
33.24632263,126.5311127
33.24687576,126.5314255
33.2483254,126.5311039
33.24906699,126.531104
33.24945964,126.5312226
33.24991989,126.5318222
33.25035095,126.5322189
33.25101471,126.5321045
33.25082016,126.53228
33.25082397,126.5312424
33.25140762,126.5314789
33.24391937,126.5639343
33.24376678,126.5635452
33.24367905,126.5629578
33.2431488,126.5625763
33.242733,126.5625
33.24199228,126.5622555
33.24200821,126.5620804
33.2435379,126.5644455
33.24342346,126.5648422
33.24331665,126.5646439
33.24307632,126.5642471
33.24341583,126.5655823
33.24341202,126.5658035
33.24341202,126.5661697
33.2434082,126.5665207
33.2433548,126.5669098
33.24336624,126.5673904
33.2427597,126.564064
33.24279676,126.5654034
33.24271774,126.5657196
33.24260712,126.5663452
33.24323273,126.5630951
33.24343109,126.5627136
33.24381256,126.5623016
33.24407959,126.5625534
33.2440567,126.5621567
33.24390411,126.5645447
33.24403381,126.5648727
33.2424736,126.5639496
33.24266434,126.5629425
33.2550354,126.5599289
33.25562286,126.5598907
33.25590515,126.5598602
33.25464249,126.5591888
33.25500107,126.5592117
33.25362015,126.5561142
33.25398254,126.5559692
33.25430298,126.5559769
33.2544632,126.5559769
33.25492477,126.5557556
33.25346375,126.5548325
33.25296021,126.5549316
33.25257111,126.5550079
33.25245285,126.5544739
33.25429153,126.5604248
33.2542038,126.559761
33.2542038,126.5593567
33.25410843,126.559021
33.25399399,126.5583954
33.25395203,126.5580673
33.25382614,126.5572739
33.25376892,126.5568008
33.25370026,126.556366
33.25373459,126.5559921
33.25357056,126.555481
33.25339127,126.5543442
33.24265289,126.6051254
33.24248505,126.6047974
33.24246216,126.6049805
33.24267197,126.6053925
33.24285126,126.6058578
33.2430191,126.6063843
33.24318314,126.6069412
33.25971222,126.6234055
33.26001358,126.6234665
33.25992584,126.6227341
33.26257324,126.6237259
33.25159836,126.6228409
33.25150681,126.6224823
33.2513504,126.6223297
33.25087915,126.6217382
33.2506962,126.6216183
33.25045013,126.6214066
33.25034714,126.6209106
33.25039673,126.6202469
33.25072202,126.6214002
33.25071335,126.6210098
33.2507019,126.6201248
33.2505188,126.6196594
33.25004196,126.6192932
33.25037003,126.6188431
33.25079346,126.6184769
33.25111771,126.6182175
33.25180817,126.6177292
33.25130844,126.6180573
33.25214386,126.6175995
33.25095367,126.5121994
33.25106812,126.5119705
33.25140762,126.5120773
33.25175095,126.512207
33.25209808,126.5124054
33.25111389,126.5115433
33.25118637,126.5114136
33.25156021,126.5115433
33.25188065,126.5116653
33.25222778,126.5118103
33.2512207,126.5110168
33.25196838,126.5113068
33.25278473,126.5125122
33.25342178,126.5127335
33.25374603,126.5128632
33.25291443,126.5120316
33.25314331,126.5121155
33.25354767,126.5122528
33.25299072,126.5116806
33.25336075,126.5118027
33.25398254,126.5120316
33.25400925,126.5124207
33.25460052,126.512619
33.25489426,126.5127335
33.25525665,126.5128708
33.25564957,126.5130081
33.25516129,126.5124283
33.25563431,126.5122833
33.25630569,126.5116425
33.25655365,126.5112534
33.25695801,126.5110092
33.25735092,126.5107498
33.2579155,126.5107574
33.25909805,126.5106888
33.25954819,126.5107727
33.25990295,126.5107956
33.25995636,126.5115051
33.25999069,126.5119019
33.26001905,126.5122323
33.26002884,126.5126266
33.26008987,126.5136414
33.25948334,126.5136337
33.26012802,126.5142212
33.25952148,126.5139923
33.25802231,126.5142288
33.2584877,126.5143814
33.26018906,126.5146255
33.25740051,126.511322
33.25714874,126.511322
33.25690842,126.5115433
33.25647736,126.5120697
33.25933838,126.5125046
33.25390244,126.5106354
33.25406647,126.5099487
33.25465393,126.5075531
33.25588226,126.5123978
33.25579834,126.5128021
33.25574875,126.513092
33.25568008,126.5135269
33.25629425,126.5123749
33.25699234,126.5119019
33.25684738,126.5126114
33.25718689,126.5131378
33.25767136,126.5134201
33.2583046,126.5132599
33.25970473,126.5119765
33.25378799,126.5056763
33.25279236,126.5049438
33.25270081,126.5052719
33.25305939,126.5054398
33.25306702,126.5059433
33.25344086,126.506073
33.2527504,126.5095901
33.25370789,126.5108185
33.25247955,126.5104752
33.2521019,126.5103455
33.25453186,126.5056076
33.25490952,126.5057602
33.25529099,126.5058899
33.25551987,126.5059586
33.25444951,126.5060177
33.25539017,126.5063553
33.25424957,126.5063782
33.25469971,126.5065002
33.25510406,126.5066376
33.25535202,126.506691
33.25704956,126.5048141
33.2578392,126.5058289
33.25780869,126.5062714
33.25777435,126.5071487
33.25786576,126.5074902
33.25791168,126.5079117
33.25815964,126.5094528
33.25820541,126.5098801
33.25776291,126.5124588
33.25777435,126.513443
33.25867081,126.5060196
33.25864029,126.5071259
33.25875473,126.5078735
33.25907516,126.5090637
33.25908485,126.5093963
33.25907898,126.5098343
33.2584877,126.5126953
33.25852203,126.5131836
33.25900269,126.5065002
33.25900269,126.5069656
33.25900269,126.507164
33.25911713,126.5079498
33.25953293,126.5088196
33.25944519,126.5090485
33.25941849,126.5095749
33.25905228,126.5112915
33.25949097,126.5113678
33.2593689,126.5117416
33.25884193,126.5126816
33.25893784,126.5131683
33.25891495,126.5139771
33.25956345,126.5064926
33.25948334,126.5070343
33.25948715,126.5073776
33.25981903,126.5075836
33.26040649,126.5069199
33.25987625,126.5090714
33.26041412,126.5066452
33.25994492,126.5067291
33.25997162,126.5073166
33.25946045,126.5080261
33.25799179,126.5083771
33.26084137,126.5063248
33.26077271,126.5066528
33.26074219,126.5075684
33.26073837,126.5078659
33.26059341,126.5083466
33.26041794,126.5087509
33.26020813,126.5092621
33.26008224,126.5095901
33.25979233,126.5099106
33.25926208,126.5099106
33.25725174,126.5097885
33.25719279,126.5094525
33.25697327,126.5087128
33.25688934,126.5083466
33.25670624,126.5077286
33.25334549,126.5050354
33.25367355,126.5050964
33.25405502,126.5051956
33.25463486,126.5052872
33.25505447,126.5053558
33.25564194,126.5054398
33.25741959,126.5047379
33.25902939,126.5059433
33.25961685,126.506012
33.26016617,126.5061951
33.26053619,126.506218
33.26108932,126.5062485
33.26405334,126.5086594
33.26424789,126.5085678
33.26145935,126.508873
33.26171494,126.5089569
33.26205826,126.5089951
33.26228333,126.5086899
33.26267242,126.5084534
33.2630043,126.5082626
33.26363754,126.5082016
33.2640078,126.5079869
33.26432252,126.5077732
33.26461591,126.5075811
33.26496542,126.5073282
33.26520538,126.5071259
33.26582336,126.506485
33.26648331,126.5059814
33.26899338,126.5034103
33.25590897,126.5069275
33.25610733,126.5067902
33.25617218,126.5063705
33.25631714,126.505928
33.25629807,126.5070648
33.25751495,126.5079346
33.2575531,126.5090637
33.25766373,126.5094528
33.25776291,126.5098801
33.25754547,126.5119858
33.25746918,126.512352
33.25741577,126.5127029
33.26292801,126.6129684
33.26300812,126.6126938
33.2627652,126.6123176
33.26303762,126.6122158
33.26295609,126.6117319
33.2606926,126.6136093
33.261296,126.6139152
33.26106262,126.614212
33.26317978,126.6142731
33.26308441,126.6144257
33.26448059,126.6145401
33.2648201,126.6152039
33.26488113,126.6158524
33.26507568,126.6162415
33.26542282,126.6165619
33.26587677,126.6167984
33.26640701,126.6130829
33.26677322,126.612915
33.26704788,126.612793
33.26597595,126.6143799
33.26625824,126.6147308
33.26579666,126.614975
33.26610184,126.6156082
33.26570129,126.615593
33.2659874,126.616066
33.2660675,126.6165085
33.26855087,126.6126328
33.26904678,126.6123199
33.26924896,126.611908
33.2695694,126.6112442
33.26939011,126.6110382
33.26889147,126.6136684
33.26938812,126.6142727
33.27006149,126.6145706
33.27050781,126.614624
33.27098846,126.6144485
33.27244949,126.6140366
33.27326747,126.6132158
33.27327349,126.6137015
33.26793671,126.6129074
33.27023315,126.612648
33.26529694,126.5045929
33.26563263,126.5036926
33.26481628,126.501976
33.26653671,126.5010986
33.26709366,126.4976959
33.26700974,126.4973373
33.26719666,126.4962311
33.26742172,126.4970932
33.26794815,126.4971619
33.2671051,126.4951859
33.26682281,126.4941635
33.24793625,126.3923645
33.24791718,126.3919754
33.2483139,126.3919678
33.24859238,126.3916473
33.24888229,126.3913498
33.24909973,126.391098
33.2492218,126.3906097
33.25012589,126.3939285
33.2497139,126.3936157
33.24931335,126.393631
33.24872208,126.3932648
33.24823761,126.3929443
33.24765396,126.3924332
33.2469101,126.3928146
33.24632645,126.3921509
33.24644852,126.3915253
33.24655151,126.3911133
33.24684906,126.3899841
33.24686432,126.3896713
33.24697876,126.3891373
33.24686432,126.3887024
33.2469101,126.3882675
33.24685287,126.3875275
33.24680328,126.3871765
33.24654388,126.3869476
33.24692535,126.3865128
33.24697113,126.3862381
33.24699783,126.3858795
33.24700928,126.3854523
33.24716949,126.3837433
33.24611282,126.3827972
33.24580002,126.3826523
33.24558258,126.3825607
33.24539185,126.3821945
33.25267792,126.4943314
33.25281143,126.4948425
33.25375366,126.4948044
33.25337219,126.4954376
33.25310898,126.4951706
33.25302124,126.4956055
33.25294371,126.4964419
33.25311661,126.4968643
33.25340652,126.4965744
33.25378036,126.4969177
33.25022125,126.4937668
33.25071335,126.4937515
33.25130081,126.4938126
33.25177765,126.4939041
33.2517395,126.4944077
33.25131989,126.494606
33.25246811,126.4939651
33.25255966,126.4932861
33.2525444,126.4924393
33.25171661,126.4917374
33.25324631,126.4920959
33.25351715,126.4916153
33.25384521,126.4921341
33.25436739,126.4923425
33.25483322,126.4920044
33.2552948,126.4915543
33.25527978,126.4911152
33.25609589,126.4917145
33.25685066,126.4921685
33.25696814,126.4922349
33.25712204,126.4913177
33.25740893,126.4903355
33.2569809,126.4923553
33.25751114,126.4925613
33.25830622,126.4925813
33.25809479,126.4925385
33.25885797,126.49246
33.25904465,126.4923325
33.25974655,126.4919128
33.25517273,126.3993301
33.25518417,126.3988724
33.25529861,126.3984528
33.25511932,126.3978043
33.25555801,126.3976288
33.25583649,126.3975983
33.25571893,126.398624
33.25803727,126.3993352
33.25795087,126.4001138
33.2580232,126.4010899
33.25862885,126.4016953
33.25891113,126.4022903
33.25964355,126.3982162
33.26036835,126.3979263
33.2609024,126.3978348
33.26118088,126.397644
33.26149368,126.3975143
33.26180649,126.397316
33.26219177,126.3970184
33.26256943,126.3967514
33.26301575,126.3967667
33.25372696,126.3982162
33.25369263,126.3991318
33.2535392,126.3995457
33.25346646,126.3984865
33.25323486,126.3984985
33.25270081,126.3982697
33.25198364,126.3981323
33.25144196,126.3985214
33.25069427,126.3974075
33.25337053,126.395901
33.25424993,126.3959674
33.25600678,126.3961619
33.25641969,126.3967117
33.25654041,126.3969711
33.25735778,126.3977247
33.25765327,126.3982352
33.25486209,126.3957727
33.25534936,126.3953911
33.2571939,126.3936881
33.25777324,126.3936975
33.25318527,126.3962555
33.25442505,126.3962173
33.25523376,126.3955917
33.25577164,126.3949051
33.25649289,126.3946132
33.2565918,126.3944244
33.25746918,126.3935928
33.25860214,126.3931885
33.2593689,126.3932648
33.25970374,126.3932174
33.26018524,126.3930359
33.26056503,126.393037
33.26153946,126.3928528
33.26185127,126.3926364
33.26220927,126.3923267
33.262574,126.3920089
33.26298759,126.3920034
33.26338577,126.3918533
33.25221634,126.3961105
33.2513504,126.3962326
33.25085831,126.3963242
33.25037384,126.3962173
33.25011444,126.3948898
33.24987793,126.3941574
33.24981689,126.3932724
33.24985886,126.3929367
33.24964905,126.3924026
33.24946213,126.3921432
33.24859238,126.3905334
33.24181366,126.3836899
33.2421875,126.3832703
33.24213791,126.3835754
33.24115753,126.3831711
33.24046326,126.3828735
33.24014664,126.3826904
33.23949814,126.3835449
33.23794937,126.3863068
33.23943329,126.3822861
33.23983765,126.3827286
33.23751831,126.3800354
33.23726273,126.3799286
33.23707199,126.3797531
33.23663712,126.379715
33.2365799,126.3751678
33.23712158,126.3749771
33.23694611,126.3745117
33.23753357,126.3734512
33.23847961,126.374054
33.24036026,126.3734283
33.24381256,126.3722534
33.25775146,126.4042892
33.25660324,126.4020386
33.25437167,126.4001624
33.25532532,126.4002762
33.25497437,126.3995056
33.25468063,126.398941
33.2541275,126.3982162
33.2539711,126.3980103
33.25347519,126.3976135
33.25346375,126.3973312
33.25317764,126.3968887
33.25285721,126.3964386
33.2526207,126.3960495
33.25239182,126.3957291
33.25223923,126.3955078
33.25197983,126.3951721
33.25167465,126.3946686
33.25183868,126.3949051
33.25077438,126.39431
33.24973297,126.3943024
33.24953079,126.3942719
33.24932861,126.3942337
33.24918747,126.3942032
33.24668884,126.3930511
33.246521,126.3930588
33.24676132,126.3929291
33.24596024,126.3927155
33.24578476,126.3932114
33.24610901,126.3923798
33.24423981,126.3906479
33.24436951,126.38974
33.24386978,126.3888626
33.2436409,126.3888397
33.24339676,126.3886948
33.24323654,126.3883972
33.24306488,126.3880768
33.24358368,126.387413
33.24307632,126.3854599
33.24325562,126.3851471
33.24269104,126.3856888
33.24142838,126.3837204
33.24144363,126.3819275
33.24141693,126.3815231
33.24140167,126.3810959
33.24138641,126.3806
33.24111938,126.3802795
33.24340439,126.3783646
33.24079514,126.379982
33.24101639,126.3791351
33.24124146,126.3787918
33.241539,126.3780441
33.24222183,126.3762589
33.24046707,126.37957
33.2399025,126.3791733
33.2393074,126.3788986
33.23885727,126.3786774
33.23849487,126.3786011
33.23799515,126.3781815
33.2372551,126.3786011
33.23713303,126.378624
33.2367897,126.3788681
33.23822403,126.3781738
33.2374115,126.3774567
33.23713303,126.3771973
33.23683929,126.376915
33.23671302,126.3767006
33.23646164,126.3764343
33.23613739,126.376236
33.2360878,126.375618
33.23608398,126.3752823
33.2361908,126.3750153
33.23626709,126.3747711
33.23648071,126.3740311
33.23645782,126.3736496
33.23631287,126.3733444
33.23631287,126.3733597
33.23639679,126.3732758
33.23604965,126.3727646
33.23623276,126.3723068
33.23637009,126.3717728
33.23651505,126.3712616
33.23667145,126.3706894
33.23683548,126.3702621
33.23606491,126.372139
33.23600006,126.3718185
33.23570251,126.3712158
33.23589336,126.3714868
33.23567963,126.370636
33.23541641,126.3701172
33.23520279,126.3697433
33.23482513,126.3687057
33.23479462,126.3682632
33.23419189,126.3694611
33.23377228,126.3693695
33.23303986,126.3692703
33.23274612,126.3687286
33.23299408,126.3727493
33.23319244,126.3732071
33.2332077,126.373642
33.23336411,126.374176
33.2335701,126.3753357
33.23355103,126.3756943
33.23390198,126.3750458
33.23382187,126.3750687
33.23408508,126.3754654
33.23421097,126.3757553
33.23371124,126.3769684
33.2343102,126.376251
33.23422058,126.3765842
33.23340988,126.3772812
33.23313141,126.3773422
33.23452759,126.3821869
33.23455811,126.3825302
33.2354126,126.3830719
33.23592377,126.3834839
33.23640823,126.383522
33.2368694,126.3834293
33.23881881,126.3835873
33.23390579,126.3829956
33.23389435,126.3834915
33.23629761,126.3881912
33.23688507,126.3891983
33.2366066,126.3885498
33.2367897,126.3886871
33.23663712,126.3887329
33.23698425,126.3887939
33.23720169,126.3889389
33.23737335,126.3890991
33.23754883,126.3886566
33.23750687,126.3894119
33.23757935,126.3896713
33.23772049,126.3901291
33.23799896,126.390564
33.23817825,126.3908768
33.24118042,126.395874
33.2486763,126.3980789
33.24906158,126.3983536
33.24943161,126.3986664
33.24973297,126.3989258
33.25007629,126.3987274
33.25355148,126.4002304
33.25419235,126.4005737
33.25114059,126.4847641
33.2505188,126.4847107
33.25209045,126.4845428
33.25234985,126.4846573
33.25242615,126.4852448
33.25283813,126.4859543
33.25313187,126.484375
33.25356293,126.4844589
33.2541275,126.4845352
33.25480546,126.4843156
33.2551918,126.4843521
33.25568771,126.484375
33.25597382,126.4846115
33.2566452,126.4845276
33.25712204,126.4845657
33.25738144,126.4840927
33.25768661,126.4847412
33.25811005,126.4850616
33.25855637,126.4856186
33.258255,126.486084
33.25810194,126.4867444
33.25938416,126.4856339
33.26003265,126.4857941
33.26063919,126.4862366
33.25123978,126.483139
33.25122452,126.4834137
33.25121689,126.4841995
33.25083923,126.4831543
33.25073242,126.4836349
33.25046921,126.4831619
33.25175476,126.481163
33.25128474,126.4810942
33.25120163,126.4815216
33.2510643,126.4819183
33.25108337,126.4824295
33.25084305,126.4810486
33.252285,126.4815369
33.25320435,126.4820175
33.25404739,126.4822235
33.25410953,126.4817428
33.25414658,126.4814453
33.25418091,126.4827347
33.25479507,126.4828339
33.25497818,126.4833755
33.25559616,126.4825516
33.25693893,126.4825211
33.25814056,126.4824066
33.25846863,126.4824371
33.26033401,126.4826126
33.26229858,126.4826584
33.26267242,126.482811
33.26292419,126.4830017
33.26339722,126.4829636
33.26390076,126.4827576
33.26366043,126.4827881
33.26436234,126.4828033
33.26491547,126.4828796
33.26523209,126.4829559
33.26541901,126.4861069
33.26604462,126.4823685
33.26691055,126.4818115
33.26713562,126.4807129
33.26576996,126.4832535
33.26768494,126.4848404
33.26681137,126.4841003
33.26718903,126.4844666
33.26639557,126.4836884
33.26839331,126.4854928
33.26922283,126.4860434
33.27639771,126.4902496
33.27755737,126.4907074
33.27829361,126.4908752
33.27864838,126.4910126
33.27934647,126.4913788
33.29073715,126.4940338
33.25086975,126.4871674
33.25092086,126.4868347
33.25112312,126.4861413
33.25120544,126.4857559
33.25147247,126.484787
33.25161743,126.4843674
33.25148773,126.483757
33.25152969,126.4831085
33.25161362,126.4825363
33.25160217,126.4822006
33.25203705,126.4814987
33.2522316,126.4809952
33.25222778,126.4800262
33.25255585,126.4792328
33.25288773,126.478447
33.25369263,126.4780502
33.25577545,126.478447
33.25617981,126.4784164
33.2566452,126.4786453
33.25717926,126.4785995
33.26464462,126.3922501
33.26507187,126.3923569
33.26535797,126.3924332
33.26448441,126.3915329
33.26467896,126.3915558
33.26514816,126.3916397
33.26576614,126.3917847
33.26587677,126.3911438
33.24224854,126.5045853
33.24302949,126.5040888
33.24317551,126.5031509
33.24331665,126.5022964
33.24344635,126.502037
33.24383163,126.5018997
33.24737549,126.5010834
33.24784088,126.500824
33.2486496,126.5004272
33.24453735,126.5062256
33.2443428,126.5059967
33.24393082,126.5058365
33.24350739,126.5056992
33.24314117,126.5055923
33.24223709,126.5053711
33.24178314,126.5053711
33.2415123,126.505394
33.24110413,126.5054474
33.24067688,126.5054779
33.24024582,126.5055161
33.23992157,126.5055771
33.23917389,126.5057449
33.23880005,126.5058136
33.23839569,126.5059204
33.23809814,126.5060272
33.23782349,126.506134
33.23741913,126.5062866
33.23709488,126.5064087
33.23660278,126.5065994
33.23620987,126.5065308
33.23583984,126.5068054
33.23560333,126.506752
33.23564911,126.506546
33.2312851,126.5056381
33.26537323,126.605751
33.26544189,126.6062241
33.26551437,126.60672
33.26561737,126.6073074
33.26519394,126.6084518
33.26651382,126.6095276
33.26639557,126.6091461
33.26694107,126.6092911
33.26745987,126.6083069
33.26750565,126.6084366
33.26766205,126.6082993
33.266819,126.6102982
33.26759338,126.6101685
33.26805115,126.6106262
33.26882553,126.6105423
33.26251602,126.6058731
33.26294708,126.6057663
33.26315689,126.6058502
33.26338577,126.6056595
33.26386642,126.6055374
33.26397705,126.6054916
33.26430893,126.6054382
33.26442337,126.605545
33.26478958,126.6053543
33.26521683,126.6052856
33.26552963,126.6053696
33.26580429,126.6053238
33.26616287,126.6051102
33.26651764,126.6048813
33.266922,126.6046219
33.26720428,126.6041641
33.26735306,126.6041489
33.26727676,126.6037674
33.2671814,126.6033096
33.26710892,126.6027527
33.26733017,126.602417
33.26761627,126.6022263
33.26838303,126.6026993
33.26740646,126.6020508
33.2676506,126.601326
33.26773834,126.6006393
33.26784134,126.6000977
33.26783752,126.5991592
33.26771927,126.598259
33.26767349,126.5978546
33.26758957,126.5974426
33.26777267,126.5969925
33.26846313,126.595665
33.26830292,126.5954132
33.26875305,126.594017
33.2688179,126.5931168
33.26114655,126.4942169
33.26177597,126.494194
33.26306534,126.494278
33.26383972,126.4940948
33.26470818,126.4937919
33.26518631,126.493721
33.26554489,126.49366
33.26607513,126.4935684
33.26654053,126.4933395
33.2685585,126.4940643
33.27126439,126.4941378
33.2738533,126.4947128
33.27475204,126.4948449
33.27521224,126.4949362
33.24440765,126.4595413
33.24427032,126.4602737
33.24380493,126.4605255
33.24365234,126.4608002
33.24611664,126.4597092
33.24614334,126.4592667
33.24653625,126.4592438
33.24659348,126.4590378
33.24573135,126.4603195
33.24563217,126.4614868
33.24544144,126.4618607
33.24516678,126.461792
33.24495697,126.4619446
33.24502563,126.4614258
33.24451828,126.4620056
33.24433517,126.4624176
33.24406433,126.4628983
33.2438736,126.4638596
33.2444725,126.4648056
33.24468613,126.4613419
33.24438858,126.461235
33.24437332,126.4607544
33.24389267,126.4589081
33.24408722,126.4584656
33.24444832,126.4589154
33.24465561,126.4586182
33.24446869,126.459343
33.24483871,126.4594421
33.24497604,126.4590607
33.24510193,126.4586105
33.24550247,126.4585114
33.24508286,126.4593124
33.24555588,126.4593353
33.24644852,126.4600067
33.24575043,126.4597244
33.24601746,126.4601974
33.24554443,126.4601288
33.24567795,126.4608536
33.24591446,126.4612045
33.24597931,126.4613724
33.24595261,126.4617386
33.24612808,126.4624023
33.24646378,126.4633484
33.24657059,126.4645767
33.2467041,126.4653778
33.2465125,126.4624275
33.24715045,126.4624411
33.24799351,126.4624493
33.2484922,126.4620546
33.24929022,126.4620725
33.25011874,126.4618475
33.25080348,126.4617333
33.25115602,126.4611624
33.2519231,126.4608036
33.25204086,126.4607697
33.25272751,126.4611282
33.25318146,126.4610519
33.25362396,126.4612122
33.24634552,126.4574814
33.24697876,126.4562454
33.24746323,126.4555664
33.24765396,126.4548492
33.2474556,126.4540863
33.24715042,126.4534302
33.24303055,126.4617233
33.24323273,126.4609528
33.24333572,126.4605408
33.24357986,126.4596329
33.24362183,126.4593658
33.2436142,126.4589081
33.2436142,126.4586792
33.24379954,126.4579698
33.24388147,126.4576313
33.2438736,126.4572678
33.24404526,126.4569473
33.24450302,126.4571457
33.24562454,126.458107
33.24623871,126.4581375
33.24677277,126.4582367
33.24703217,126.4585037
33.24723434,126.4587021
33.24785614,126.4590759
33.24778366,126.4594345
33.24797058,126.4601212
33.24763107,126.4599075
33.24868393,126.4591675
33.24905396,126.459198
33.24964142,126.459343
33.25016785,126.4594727
33.25073242,126.4596558
33.25138855,126.4594269
33.25134277,126.4600449
33.25219345,126.4603424
33.25238419,126.4596558
33.25246429,126.4590149
33.25226593,126.4588699
33.25206906,126.4585988
33.25182724,126.4583511
33.25285339,126.4601898
33.25315857,126.4600983
33.25345993,126.459816
33.25382996,126.4595795
33.24343872,126.4590836
33.24333954,126.4587479
33.24344254,126.4586792
33.24382401,126.4465942
33.24465561,126.447113
33.24541092,126.4472733
33.24570847,126.447403
33.2462616,126.4474258
33.24710846,126.4476318
33.2480278,126.447876
33.24871445,126.4477539
33.24899673,126.4477234
33.24307632,126.4560242
33.24368668,126.4560013
33.24416733,126.4557343
33.24499512,126.4555664
33.24401855,126.4553833
33.24342728,126.4536362
33.24415207,126.4545746
33.24488831,126.4537125
33.24533081,126.4529724
33.24606705,126.4526291
33.24643707,126.4524384
33.24681854,126.4517059
33.24708557,126.4512482
33.24748231,126.4506933
33.24784851,126.4503021
33.2481842,126.4498138
33.24403763,126.4543381
33.24855423,126.4489517
33.24847794,126.4485245
33.24800873,126.4485245
33.24758911,126.4483032
33.24712753,126.4482498
33.24658203,126.4483566
33.2461853,126.44841
33.24942398,126.4473648
33.25012207,126.4469376
33.25052643,126.4464264
33.24272537,126.4637375
33.24307251,126.4636841
33.24349976,126.4638214
33.24437074,126.4639026
33.24457596,126.4639255
33.24494171,126.4641113
33.24528885,126.4638443
33.24553299,126.4636612
33.24597168,126.463768
33.23899078,126.4652328
33.23625946,126.5037384
33.23664093,126.5034866
33.23719788,126.5030823
33.23920441,126.4993744
33.24417877,126.5213928
33.24474716,126.5212097
33.24507523,126.5220566
33.24568939,126.5222702
33.24615097,126.5223465
33.24649811,126.522522
33.24673462,126.5225906
33.24698257,126.5226288
33.24596786,126.5245438
33.24546051,126.5242081
33.24514008,126.5243301
33.24467468,126.5243225
33.24423218,126.5245667
33.24401855,126.5253448
33.24437332,126.5259476
33.24432373,126.5240936
33.24443054,126.5237045
33.2443924,126.523407
33.24433136,126.5228424
33.24398804,126.5238647
33.24370193,126.5237198
33.24323273,126.523407
33.24276352,126.5231857
33.24243164,126.5232391
33.23905945,126.4360352
33.23958206,126.4383698
33.23978043,126.437439
33.24021912,126.4381714
33.24017334,126.4385529
33.23966217,126.4391556
33.23953247,126.4390335
33.23889542,126.4398575
33.23897552,126.4401169
33.23899841,126.4407959
33.23915482,126.4414597
33.23920822,126.4417343
33.23931503,126.4420853
33.23941422,126.4427872
33.23991394,126.4426498
33.24032593,126.4428024
33.24076462,126.4430084
33.24111938,126.4431992
33.24132156,126.4434204
33.241539,126.4434433
33.24146652,126.4435577
33.24182892,126.4439316
33.24214554,126.4443207
33.24274826,126.4450912
33.2427597,126.4453735
33.24277496,126.4459457
33.24278641,126.4463043
33.24263763,126.4465866
33.24280548,126.446579
33.24279404,126.4471588
33.24284744,126.447464
33.24287415,126.448349
33.24287033,126.4485703
33.24291992,126.4491577
33.24292374,126.4495239
33.24298096,126.4499817
33.24301147,126.4504242
33.24302673,126.4507523
33.24343872,126.4507904
33.24384308,126.4508743
33.24431229,126.4510803
33.24459839,126.4509277
33.24304962,126.4516296
33.24308777,126.4521713
33.24309158,126.4524536
33.24316788,126.4531403
33.24316788,126.4536285
33.24321365,126.4542236
33.24323654,126.4546432
33.24319077,126.4550323
33.24302292,126.4559174
33.24291611,126.4564362
33.2427597,126.4569016
33.24266052,126.4572067
33.24256134,126.4575272
33.24251175,126.4577332
33.24243927,126.4581146
33.24246216,126.4588928
33.24246979,126.4596176
33.24281693,126.460289
33.24256897,126.460289
33.24241257,126.4601059
33.24206924,126.4601974
33.24126053,126.4609604
33.24103928,126.4612579
33.24075699,126.4617538
33.24005508,126.4618607
33.24003601,126.4623947
33.23967743,126.4625702
33.23852158,126.4633179
33.23740768,126.4637909
33.23662949,126.4638977
33.23616028,126.4651489
33.23664189,126.4634589
33.23635101,126.4635315
33.23604965,126.4632339
33.24263382,126.460701
33.24273682,126.4612503
33.24280548,126.4615707
33.24154282,126.4656372
33.24100113,126.465416
33.23988325,126.4650325
33.23779678,126.4658356
33.23916938,126.464664
33.23842239,126.4641571
33.24177933,126.4673843
33.24123001,126.4679565
33.24054718,126.4685974
33.24016571,126.4691238
33.23985672,126.4697647
33.23953629,126.4704666
33.23928833,126.4709778
33.23897934,126.4716644
33.23881149,126.4719315
33.23881531,126.4721375
33.23897934,126.4726486
33.23884201,126.4730148
33.23867035,126.4737244
33.2381897,126.4742203
33.2378273,126.4748764
33.2374649,126.4747467
33.23736463,126.4759567
33.23714828,126.4761429
33.23664856,126.4758606
33.23705673,126.4766235
33.23577881,126.477684
33.235672,126.47995
33.23583603,126.480545
33.23506165,126.481781
33.23490906,126.4821243
33.2347374,126.4825287
33.23423977,126.4838717
33.23407364,126.4844131
33.2338028,126.484848
33.23369217,126.4852295
33.2335968,126.4855042
33.23352814,126.4858398
33.23347092,126.4861984
33.23339462,126.4866791
33.2334671,126.4869614
33.23380661,126.4871368
33.23390579,126.487175
33.23377609,126.4873962
33.2341423,126.4875488
33.23421097,126.4878082
33.23439789,126.4884109
33.23464203,126.4892044
33.23469162,126.4897842
33.23567581,126.4894333
33.23609459,126.4898141
33.23453522,126.4903183
33.23456573,126.4906998
33.23470306,126.4915085
33.23515701,126.4907608
33.23574829,126.4909286
33.23606873,126.4916611
33.23705673,126.4921188
33.23744965,126.4920654
33.23822021,126.491745
33.2390213,126.4911194
33.23448181,126.4914856
33.23455048,126.4922485
33.23480225,126.4923325
33.23531342,126.4930801
33.23550797,126.4934616
33.23564529,126.4941483
33.23519897,126.4946671
33.23567581,126.4946442
33.23576355,126.4953003
33.23561096,126.4952927
33.23583984,126.4960251
33.23587418,126.4964905
33.23601532,126.4968185
33.23599625,126.4972076
33.23632431,126.4977036
33.23632813,126.4982529
33.23650742,126.4984207
33.23643494,126.4989319
33.23664093,126.499176
33.23665619,126.499527
33.23660278,126.5002289
33.23653793,126.5006485
33.23633957,126.5010452
33.23598862,126.5013733
33.23594284,126.5017776
33.2358017,126.5017395
33.23589325,126.5022049
33.23591232,126.5029297
33.23579407,126.5032196
33.23533739,126.503223
33.23490906,126.5031662
33.23438263,126.5024414
33.23461381,126.5026531
33.23386383,126.501976
33.23369988,126.5018321
33.233181,126.5013351
33.23279953,126.501091
33.23268509,126.5006638
33.23273849,126.4998322
33.2359581,126.5036163
33.23586273,126.5041046
33.2359314,126.5045624
33.23591995,126.5049057
33.23603821,126.5051346
33.23591232,126.5054169
33.23600769,126.5057907
33.23607254,126.5063705
33.23627853,126.5068283
33.23639679,126.5071106
33.23652267,126.5073776
33.2356987,126.5069656
33.23480606,126.5069504
33.2345314,126.5068665
33.23394394,126.5067291
33.23369598,126.5066681
33.23340607,126.5066376
33.23287382,126.506654
33.23259735,126.5063477
33.23234712,126.5062761
33.23659515,126.5077286
33.23664474,126.5083618
33.2365036,126.5084152
33.23668289,126.508728
33.23655319,126.5090027
33.23669434,126.509201
33.23669434,126.509697
33.2366066,126.5099945
33.23631287,126.5100021
33.23674011,126.5104904
33.23681641,126.5109634
33.23714183,126.5112007
33.23728831,126.5111931
33.23704529,126.5115128
33.23723221,126.5119553
33.23742676,126.5124054
33.23766327,126.5130844
33.23791504,126.5135422
33.23818588,126.5139847
33.23855591,126.5140686
33.2387886,126.5143433
33.23898315,126.5149384
33.23891068,126.5152206
33.23911285,126.5145035
33.23947525,126.5147171
33.23937988,126.5153275
33.23986053,126.515419
33.2401619,126.5158463
33.24044037,126.5162811
33.24068069,126.5166779
33.2408905,126.5170364
33.24108887,126.5173569
33.24131012,126.5177307
33.24160385,126.5182724
33.24183655,126.5186691
33.24209976,126.5191269
33.24233627,126.5195923
33.24264526,126.5199966
33.24295044,126.52034
33.24313354,126.5203323
33.24327087,126.5206909
33.24359131,126.5210495
33.24341965,126.5214386
33.24349213,126.5217285
33.24335861,126.522171
33.24446869,126.5220795
33.24476242,126.5224152
33.24505615,126.5227814
33.24531937,126.5230637
33.24571991,126.5233994
33.24563599,126.5235443
33.24616623,126.5238037
33.24585342,126.5239029
33.24598694,126.524826
33.24777222,126.5651093
33.24768448,126.565361
33.2459259,126.56427
33.24598312,126.5645065
33.24582291,126.5645676
33.28650665,126.5775909
33.28671,126.5776656
33.28615867,126.5785996
33.28582764,126.5793152
33.2855072,126.5796967
33.28483582,126.5805206
33.28447723,126.5806198
33.2838974,126.5807266
33.28320694,126.5807343
33.28319931,126.5802765
33.28317642,126.5791626
33.28204747,126.5816666
33.28173447,126.582016
33.28108597,126.5821991
33.28074299,126.5808476
33.28012466,126.5828934
33.27987671,126.5830917
33.27971268,126.5832291
33.27954865,126.5834808
33.27930832,126.5844116
33.2786293,126.5847626
33.28904724,126.5779648
33.28521825,126.5801244
33.28861671,126.5742935
33.28882974,126.5739731
33.28914903,126.5737434
33.29016495,126.5731125
33.29033279,126.5727463
33.28944397,126.573555
33.29149815,126.5722156
33.2921929,126.5717063
33.29578709,126.5687972
33.29643922,126.567705
33.25403214,126.566803
33.25367355,126.5667801
33.25349045,126.5668259
33.25308609,126.5666199
33.25289154,126.5666733
33.25304413,126.5664902
33.25285339,126.5664215
33.25308609,126.5660095
33.25330353,126.5659027
33.25355148,126.5657349
33.25413895,126.5637589
33.25453186,126.5637894
33.25418854,126.5623322
33.25417709,126.562706
33.25458908,126.5629578
33.25429153,126.5632477
33.24841857,126.5113901
33.24829624,126.5118092
33.24823193,126.5120805
33.24817029,126.5124564
33.24810514,126.5130872
33.24806358,126.5134094
33.26343155,126.6233215
33.26361465,126.6230774
33.26338959,126.6229782
33.26334381,126.6227112
33.26327515,126.6224518
33.26342773,126.6222687
33.26334,126.6220627
33.26309204,126.6220779
33.26211929,126.6206207
33.2607193,126.6173706
33.26042175,126.6111984
33.26064458,126.6088672
33.2606452,126.6087076
33.26064456,126.6085037
33.26063601,126.6082958
33.26063759,126.6080811
33.26062592,126.6079537
33.26040649,126.6077194
33.26037598,126.6079407
33.26064301,126.6074219
33.26066208,126.6069946
33.26093292,126.6038895
33.2601738,126.6009369
33.26019669,126.6004791
33.26047516,126.6004333
33.26011276,126.5999756
33.26005173,126.5995407
33.25991821,126.5989838
33.25988007,126.5985794
33.25971603,126.595459
33.25973129,126.5952072
33.25964737,126.5948334
33.25955582,126.5945511
33.25946045,126.5941849
33.2593689,126.5938797
33.25640869,126.5816956
33.25540543,126.5814209
33.25431442,126.5748825
33.25402832,126.5750961
33.25463104,126.5673828
33.25455856,126.5670776
33.25429535,126.5670166
33.2542038,126.5665894
33.25415039,126.5663071
33.25407791,126.5659714
33.25397491,126.5654678
33.25196457,126.5552673
33.25416565,126.5471954
33.25433731,126.5468597
33.25450516,126.5464554
33.25463867,126.5461426
33.24785233,126.5304565
33.24695587,126.5252075
33.24693374,126.5249293
33.24726486,126.5246887
33.24727249,126.5248566
33.24983978,126.5031662
33.24946594,126.503418
33.24891281,126.5038757
33.24863434,126.5043869
33.24840164,126.504631
33.24801254,126.5047607
33.24778366,126.5056229
33.24761963,126.5058823
33.24713872,126.5063713
33.24690718,126.5065296
33.25087357,126.4889603
33.25111008,126.4888687
33.25154114,126.4887848
33.25173838,126.4888527
33.25199127,126.4890442
33.25270462,126.4890213
33.25252053,126.4888508
33.25299454,126.488945
33.25365067,126.4887161
33.25391006,126.4886627
33.25444794,126.4884491
33.25488281,126.4882584
33.25527191,126.4881363
33.25550842,126.4879837
33.25559616,126.4881363
33.25562668,126.4885712
33.2555275,126.4872818
33.25561905,126.4867477
33.25631332,126.4870605
33.25674057,126.4872513
33.25543594,126.4860458
33.25519943,126.4853439
33.24995422,126.4858093
33.24963724,126.4857611
33.24932098,126.4857483
33.24901581,126.4853287
33.2498436,126.4827728
33.24895477,126.4826279
33.24828339,126.4830399
33.24848175,126.4834824
33.24789429,126.4832153
33.24688605,126.4830168
33.24725342,126.4827576
33.25340652,126.4719925
33.25391006,126.4719315
33.25390244,126.4723587
33.25436401,126.4718094
33.25478745,126.471756
33.25501251,126.4711838
33.25580215,126.4706573
33.25625712,126.4703816
33.25654602,126.4703064
33.25674438,126.4699097
33.25724411,126.4697418
33.25740771,126.4679788
33.25783539,126.4695358
33.25841141,126.4692307
33.25858688,126.4695892
33.25894547,126.4691544
33.25925827,126.4691238
33.2708237,126.4732346
33.25354385,126.4504852
33.25461197,126.4506836
33.25414276,126.4499741
33.25642395,126.4474335
33.25679779,126.4466324
33.25718307,126.4455414
33.25299072,126.4483032
33.25348282,126.4483109
33.25387955,126.4483261
33.25411224,126.448349
33.25450897,126.4483643
33.25489426,126.4483414
33.25579834,126.4484787
33.25693538,126.4490619
33.25827408,126.4490128
33.25864792,126.4492722
33.2589035,126.4495163
33.25917435,126.449295
33.25946808,126.4490204
33.25669098,126.4505615
33.26008224,126.449234
33.26060867,126.4498367
33.25331116,126.4454346
33.25360489,126.445343
33.25435257,126.4449921
33.25481033,126.4448929
33.25544357,126.4448547
33.25588226,126.4447479
33.25658035,126.4449234
33.25696182,126.4451675
33.25773239,126.4452744
33.2581749,126.4453201
33.25865555,126.4453506
33.25917853,126.4450878
33.25960329,126.4448061
33.25994873,126.4446564
33.26050186,126.4446259
33.26076508,126.4446869
33.26115417,126.444458
33.26177233,126.4441927
33.2617772,126.4435179
33.26190948,126.4427719
33.26253891,126.4428406
33.26279068,126.4424973
33.26290355,126.4428615
33.25756838,126.4413956
33.25703812,126.432785
33.25786972,126.4337921
33.24732507,126.5061852
33.25318146,126.4984283
33.24984741,126.4947281
33.24983597,126.4942322
33.2501297,126.4941788
33.24982452,126.4937744
33.25012046,126.4939351
33.24979019,126.4933548
33.24975967,126.4925766
33.24980334,126.4918954
33.25096893,126.492157
33.24988472,126.4914013
33.24206353,126.4931633
33.25575638,126.4899673
33.25037261,126.4899981
33.25058534,126.4902034
33.25090603,126.4898045
33.2511733,126.4895696
33.25198746,126.4896622
33.25143006,126.4895198
33.25226212,126.4896774
33.25309877,126.4896898
33.25372823,126.4892824
33.2543173,126.4891918
33.25468063,126.489151
33.25070953,126.489769
33.25040436,126.4894485
33.25070953,126.4892654
33.25064468,126.4878845
33.25025177,126.4857941
33.25049591,126.4843369
33.25018311,126.4835587
33.2501564,126.4830704
33.25014496,126.4825287
33.25285339,126.4762421
33.25350952,126.4758377
33.25416565,126.4754257
33.25522232,126.4748611
33.25600052,126.4745483
33.25237274,126.4755402
33.25252533,126.4749146
33.25259781,126.4742889
33.25257485,126.4737707
33.25307846,126.4737854
33.25337219,126.4732742
33.2532196,126.4726563
33.2525444,126.4720688
33.25254059,126.4716873
33.25310135,126.4706802
33.25353241,126.4706268
33.25260925,126.4703445
33.25297546,126.4701996
33.25306702,126.4703217
33.25325394,126.4701462
33.25364304,126.4701309
33.25390961,126.4701396
33.25273132,126.4686813
33.25172424,126.4685898
33.25349808,126.4649887
33.2537384,126.4651642
33.25385284,126.4657516
33.2540741,126.4660339
33.25306702,126.4632111
33.25356674,126.4620361
33.25399017,126.4603882
33.25413895,126.459259
33.25417263,126.4569131
33.25270081,126.4487991
33.25268555,126.4482498
33.25254059,126.4464951
33.252491,126.4460754
33.25271988,126.4458466
33.25245667,126.4456253
33.25239944,126.4451294
33.25237656,126.4446945
33.25230789,126.4443665
33.25248337,126.4434586
33.25411987,126.4389114
33.25445938,126.4379044
33.25485611,126.4367599
33.25579071,126.4347763
33.25561523,126.4346542
33.25607681,126.4339981
33.25619125,126.4330292
33.25638962,126.4330826
33.25662994,126.4324265
33.25675964,126.4320831
33.25689316,126.4317017
33.25685501,126.4310989
33.25710297,126.431015
33.25709534,126.4304504
33.25746155,126.4301453
33.25746918,126.4294662
33.25772095,126.4293518
33.25804138,126.4285126
33.25831223,126.427742
33.25794601,126.427681
33.25798035,126.4279404
33.2582283,126.4271774
33.25836945,126.4268112
33.25854492,126.427124
33.25874329,126.4266739
33.25886917,126.4262848
33.25913239,126.4254684
33.25918198,126.425087
33.25920868,126.4246292
33.25922775,126.4238281
33.25883865,126.4234772
33.25861359,126.4233322
33.258461,126.4234238
33.25915527,126.4228516
33.2600445,126.4228941
33.26032227,126.422522
33.26039659,126.4220225
33.25984291,126.4231691
33.25909424,126.4218979
33.25902072,126.4213447
33.25882721,126.4213867
33.25849915,126.4221115
33.25828934,126.4227371
33.25904465,126.4209747
33.25894547,126.4200439
33.26005554,126.4193802
33.26062393,126.4186096
33.26077271,126.4181137
33.25878906,126.4192276
33.25868988,126.4186172
33.2584343,126.4184723
33.25857925,126.4179306
33.258255,126.4176178
33.25841904,126.4170761
33.25819778,126.4170074
33.25801849,126.4163132
33.25827408,126.416214
33.25818253,126.4156342
33.25812531,126.414917
33.25813293,126.4146194
33.25812149,126.4142075
33.25790405,126.4138641
33.25813293,126.4075089
33.25812149,126.4070969
33.25809479,126.4066391
33.25813293,126.4061584
33.25824738,126.4057693
33.25803757,126.4055252
33.25839233,126.4053726
33.25823593,126.405098
33.25857162,126.4050064
33.25850296,126.4043503
33.25870132,126.4046326
33.25884628,126.404274
33.25873566,126.4038696
33.25883484,126.4036179
33.25901031,126.403801
33.25904465,126.4031525
33.25926971,126.402626
33.2594986,126.4024658
33.25977707,126.4021225
33.26005936,126.4020233
33.26042938,126.4018021
33.26074219,126.4015732
33.26122704,126.4012639
33.2614975,126.4011002
33.26184082,126.4008484
33.26216888,126.4007034
33.26204681,126.4004593
33.2623024,126.4003525
33.26216125,126.4000931
33.26243973,126.3999023
33.26229095,126.3996964
33.26255035,126.399498
33.26245499,126.3991623
33.2625885,126.3986969
33.26275635,126.3987274
33.26270676,126.3983002
33.26283264,126.3978119
33.26306915,126.3976288
33.26294708,126.3972778
33.26304245,126.3969269
33.2632103,126.3970032
33.26319504,126.396347
33.26331711,126.3965836
33.26342773,126.3961639
33.26331711,126.395874
33.26352692,126.395813
33.26345444,126.3953857
33.26362991,126.3954315
33.26356888,126.3948746
33.26377487,126.3949814
33.26368332,126.3943329
33.2639122,126.3944168
33.26383972,126.3938599
33.26387787,126.3935394
33.26400757,126.3930206
33.26427078,126.3930893
33.26410675,126.3925476
33.26438522,126.3927155
33.26417923,126.3922195
33.26422119,126.3918533
33.26442337,126.3920441
33.26425552,126.3915176
33.26430893,126.3910446
33.26453018,126.391098
33.26452255,126.3907089
33.26433945,126.3903503
33.26456833,126.3902359
33.26438141,126.3898087
33.26463318,126.3897247
33.26480865,126.3897858
33.26545334,126.3898849
33.26569554,126.389873
33.26591873,126.3898773
33.26724625,126.3891754
33.26819611,126.3884811
33.26441956,126.3892441
33.26464081,126.389267
33.26465607,126.3887329
33.26465988,126.3883286
33.26442337,126.3882141
33.26465225,126.3878708
33.26442337,126.3878021
33.26464462,126.3874741
33.26438141,126.387291
33.26461029,126.3871689
33.26438141,126.3867569
33.26457596,126.386734
33.2643013,126.3862381
33.26427841,126.3857269
33.26423645,126.3852615
33.26414108,126.3846054
33.26435089,126.3845139
33.26411057,126.3842697
33.26406097,126.3837891
33.26425934,126.3836823
33.26402283,126.3833466
33.26420975,126.3833313
33.26399612,126.3829346
33.26422119,126.3829193
33.26398087,126.3826599
33.26416245,126.3824998
33.26447805,126.3820521
33.26510402,126.3814682
33.26584712,126.3813207
33.26642987,126.3806566
33.26738751,126.38014
33.26773834,126.3794022
33.26803758,126.3794163
33.26864019,126.3791223
33.26418686,126.3822632
33.26396942,126.382103
33.26397705,126.3815918
33.26399994,126.3810272
33.26403046,126.3805008
33.2640419,126.3800278
33.26406479,126.3795471
33.26408768,126.3790588
33.26412201,126.3785934
33.26433945,126.3784332
33.26412201,126.3781586
33.26445007,126.3781433
33.26478195,126.3781662
33.26436615,126.3779221
33.2641449,126.3777237
33.2641449,126.3774719
33.26412201,126.3772507
33.2641716,126.3767853
33.26422501,126.3764496
33.26442337,126.3767471
33.26423645,126.3759995
33.26427078,126.3755569
33.26403809,126.3753738
33.26354599,126.3751373
33.2629509,126.3751907
33.26258087,126.3751526
33.26436615,126.3752213
33.26447678,126.3748474
33.26472855,126.3746414
33.2645607,126.3745346
33.26467133,126.3741226
33.2645607,126.3741837
33.2640419,126.3738022
33.26380176,126.3734791
33.26358032,126.3736801
33.26339669,126.3731627
33.26306152,126.3733978
33.26288605,126.3730545
33.26284828,126.3725817
33.26231467,126.3727009
33.26477814,126.3737793
33.26491928,126.3739777
33.26488495,126.3734131
33.26510239,126.3734131
33.26508713,126.3734512
33.2654953,126.3738251
33.26572037,126.3737335
33.26431656,126.3728256
33.26498413,126.373024
33.26520538,126.3730316
33.26501846,126.3725128
33.26527786,126.3726959
33.25619888,126.565979
33.25488663,126.5658035
33.25569153,126.565834
33.25523758,126.5658264
33.25445938,126.5657272
33.25656509,126.5659866
33.25674057,126.5659866
33.25706482,126.5658951
33.25637054,126.5639114
33.25666809,126.5639114
33.25696945,126.5638962
33.25727844,126.563858
33.25745773,126.563858
33.25761032,126.5638428
33.25839233,126.5638199
33.25603867,126.5584564
33.2555575,126.5584828
33.25651169,126.5677872
33.25641251,126.5671997
33.25651169,126.567482
33.25637054,126.5666122
33.25646973,126.5667725
33.25634766,126.5663528
33.25630951,126.565979
33.25630569,126.5653458
33.25628662,126.5651093
33.25626755,126.5646973
33.25624466,126.5644073
33.25608826,126.559845
33.25606537,126.5594025
33.25605392,126.5588303
33.25603485,126.5580902
33.25578872,126.5572663
33.25607163,126.5572729
33.25608063,126.5567474
33.25597763,126.5561371
33.25597763,126.5557785
33.25595093,126.5552902
33.25593185,126.5547638
33.26342392,126.4449387
33.26395416,126.444931
33.2641449,126.4449387
33.26454544,126.4457245
33.26445007,126.4460526
33.26515579,126.4465332
33.26551819,126.4457626
33.24794388,126.5683212
33.24768448,126.5685196
33.24754715,126.5686111
33.24601364,126.5683823
33.24917984,126.5781937
33.26589663,126.3781409
33.26552582,126.3777466
33.26595306,126.3779678
33.26630783,126.3781204
33.2665863,126.3779678
33.26738358,126.3779755
33.26771545,126.3779755
33.2680397,126.3780975
33.26865768,126.3785629
33.26900864,126.3788452
33.26993561,126.37883
33.26959991,126.3791122
33.26957703,126.3789139
33.26986345,126.3789848
33.27014461,126.3788647
33.2702713,126.3788834
33.2706337,126.3788757
33.27105331,126.3788528
33.27150345,126.3789825
33.27170429,126.378843
33.27331161,126.3787308
33.27367401,126.3787613
33.27398682,126.3787155
33.27472305,126.3793335
33.27514648,126.3791733
33.27631396,126.3797764
33.27656737,126.3801945
33.27670879,126.380529
33.27657458,126.3791547
33.26551437,126.3769608
33.26521301,126.3766785
33.26500702,126.3764954
33.2652092,126.3760986
33.26509857,126.3758774
33.2647438,126.3755493
33.26461792,126.3764191
33.26455307,126.3767395
33.26439667,126.3774872
33.2645461,126.3776192
33.26512527,126.3775406
33.26566315,126.3772202
33.2658507,126.3770706
33.26601224,126.3769219
33.26655513,126.3764055
33.26690292,126.3761444
33.26721191,126.375885
33.26791382,126.375412
33.26840591,126.3752594
33.26865005,126.3747787
33.26907349,126.3739471
33.27227467,126.3788631
33.27259002,126.3788206
33.27291435,126.37877
33.27315091,126.3787469
33.26259613,126.430748
33.25344086,126.5654526
33.25335693,126.5650558
33.25327682,126.5646744
33.25292587,126.5654068
33.25278091,126.5651932
33.25269631,126.5646596
33.25194931,126.5659027
33.25188065,126.5656357
33.25184631,126.5654755
33.25177002,126.5650864
33.25136566,126.5660095
33.25130844,126.5657959
33.25126648,126.5655746
33.25120926,126.5652618
33.25034332,126.5671005
33.25020599,126.5669785
33.24995041,126.5667496
33.25384872,126.5654694
33.2532159,126.5656335
33.25295639,126.5657196
33.25262451,126.5658264
33.25220871,126.5659485
33.25202038,126.5660311
33.25214005,126.5664291
33.25184631,126.5660553
33.25158691,126.5661469
33.25149918,126.5663605
33.25139618,126.5667953
33.25144958,126.5670013
33.2508812,126.5672836
33.25137711,126.5662231
33.25082397,126.5671616
33.25098038,126.5663605
33.25080109,126.566452
33.25053024,126.5668793
33.25030518,126.5673218
33.25005341,126.5685654
33.24986267,126.5688095
33.24981308,126.5695114
33.25020981,126.5694427
33.2495079,126.5692368
33.2492981,126.5694962
33.24903488,126.5697098
33.24734116,126.4293518
33.2474823,126.4291153
33.24868774,126.427124
33.25782394,126.4159088
33.25756454,126.4155502
33.25704575,126.4151382
33.25671005,126.4149933
33.25607681,126.4146729
33.25542831,126.41436
33.24321423,126.4189435
33.24299121,126.4184889
33.24268744,126.4186009
33.24249955,126.418912
33.24658585,126.4287643
33.25337601,126.4226303
33.25341034,126.4222488
33.25294495,126.4221573
33.25365067,126.4250641
33.25353241,126.4253235
33.25377274,126.4253235
33.25646973,126.4251022
33.25655746,126.4248047
33.2557373,126.4259949
33.25535202,126.4262619
33.25510406,126.4261017
33.25493622,126.4260178
33.25514603,126.426651
33.25758743,126.425827
33.25850296,126.4264984
33.25802612,126.4260254
33.25854874,126.4262009
33.25867081,126.4256287
33.2586441,126.4251099
33.25835419,126.424942
33.25793076,126.424736
33.25729829,126.4239424
33.2575798,126.4239349
33.25769043,126.42379
33.25784302,126.4235764
33.25827016,126.4232948
33.26047134,126.4266205
33.26044846,126.4258804
33.26055908,126.4255295
33.26114655,126.4249725
33.26139832,126.4242859
33.26153564,126.4239502
33.25209808,126.423111
33.25242615,126.4231491
33.25240707,126.4239273
33.25237274,126.4242096
33.25489405,126.424366
33.25262451,126.4233856
33.25289536,126.4234161
33.25338745,126.4237518
33.25360489,126.4235153
33.2538147,126.4229736
33.25408554,126.4231949
33.25366592,126.4240265
33.25391388,126.4243698
33.25420761,126.4243393
33.25468063,126.4245682
33.25507355,126.4247589
33.25557327,126.4251251
33.25561905,126.4252777
33.2560997,126.4255371
33.25656891,126.4263077
33.25671768,126.4269562
33.25674438,126.4276505
33.25659943,126.4258575
33.25704193,126.4261551
33.25725937,126.4263
33.25764465,126.4265137
33.2579422,126.4267883
33.2588501,126.427124
33.25906121,126.4271691
33.25976181,126.427002
33.26060104,126.4272156
33.26129532,126.427475
33.26258469,126.4269943
33.26298141,126.426712
33.26340485,126.4263992
33.26383972,126.4260178
33.264431,126.4256439
33.26468658,126.4253693
33.26536179,126.4246979
33.26603666,126.4250334
33.26631509,126.4248008
33.26749802,126.4251404
33.250103,126.4242554
33.25006485,126.4235229
33.25004578,126.423233
33.24969482,126.4229813
33.24985886,126.4222183
33.24979782,126.4213715
33.2495575,126.4212189
33.24961853,126.4208145
33.24949646,126.4203491
33.24881363,126.4185104
33.24885178,126.4183807
33.24937057,126.4193039
33.24934769,126.4185944
33.24989319,126.4247208
33.24956894,126.4250259
33.24969482,126.4256516
33.24949646,126.4259109
33.2497673,126.4263153
33.25450516,126.426239
33.26472855,126.4303665
33.27228928,126.4375305
33.27304077,126.4377441
33.2733345,126.437645
33.27520111,126.4374849
33.26848984,126.432663
33.27108119,126.4333723
33.27313614,126.4345093
33.24865723,126.4238815
33.24884033,126.4236145
33.24903488,126.4238586
33.24896658,126.4240292
33.25229645,126.4245224
33.25187302,126.4255753
33.25227737,126.4255219
33.25231934,126.4248962
33.25231934,126.4245987
33.25215912,126.4256592
33.25266266,126.4256592
33.25271225,126.4258499
33.25294876,126.4260025
33.2532692,126.425972
33.25347519,126.4263687
33.25374985,126.4268646
33.25378036,126.4263077
33.25378036,126.4265594
33.25404739,126.4264755
33.25440216,126.4266129
33.25463486,126.4270172
33.25492859,126.4270172
33.25491333,126.4272079
33.25515747,126.4272232
33.25549316,126.4269485
33.25584793,126.4261169
33.25551987,126.4273376
33.25597,126.4275055
33.25632858,126.4276123
33.25660706,126.4278412
33.2569046,126.4281006
33.2567749,126.4283218
33.25672913,126.4286423
33.25681686,126.4293747
33.25689316,126.4300385
33.25697708,126.4305725
33.2571373,126.4277802
33.25714111,126.4279861
33.25745392,126.4280701
33.25772858,126.4280167
33.25791168,126.4280624
33.25828934,126.4287949
33.25997162,126.4291992
33.2595253,126.4292908
33.25889206,126.4290237
33.25855255,126.4290237
33.26039124,126.4294052
33.26056671,126.4295273
33.26088333,126.4297104
33.26062393,126.4293671
33.26131439,126.4299164
33.2616539,126.4301147
33.26194382,126.4302063
33.2614212,126.4309845
33.26014709,126.431427
33.25912857,126.4318848
33.25816345,126.4326477
33.25733185,126.433075
33.26406596,126.4302757
33.26542282,126.4294815
33.26582336,126.4292603
33.26575089,126.4286575
33.26615524,126.4293594
33.26652268,126.4297419
33.2667923,126.4299774
33.26773071,126.430069
33.26903602,126.4297578
33.26952421,126.4300444
33.2736702,126.5975647
33.27389526,126.597435
33.27403641,126.5971756
33.27396393,126.5968781
33.27441403,126.5970067
33.27497482,126.5973663
33.27513123,126.5975189
33.27555466,126.5977707
33.27586746,126.5980453
33.27609607,126.5982079
33.26664734,126.5841446
33.26558304,126.5836334
33.26530457,126.5828934
33.26515198,126.5821304
33.26449966,126.5814056
33.26479721,126.5812759
33.2646637,126.5806351
33.26421356,126.579567
33.26450234,126.5801552
33.26348877,126.5786209
33.26592255,126.5725784
33.26607895,126.5721207
33.266716,126.5722733
33.26705551,126.5721893
33.2674408,126.5721588
33.26752472,126.5725327
33.26752472,126.5718689
33.26766586,126.5717239
33.26807404,126.5717087
33.26491165,126.5708618
33.26473236,126.5707855
33.26466751,126.5703583
33.26445389,126.5708466
33.26587296,126.5702744
33.26623535,126.570343
33.26636887,126.5694275
33.26656723,126.5694046
33.26551819,126.566864
33.26507187,126.567276
33.264534,126.5671844
33.26414108,126.5670547
33.26358795,126.5664749
33.26371002,126.5662079
33.26358414,126.565567
33.26320648,126.5665741
33.26273346,126.5665665
33.26446152,126.5634995
33.26378632,126.5634155
33.26287992,126.5636109
33.2625618,126.5637207
33.26231003,126.563797
33.26248932,126.5426941
33.26214218,126.5427856
33.2617836,126.5425568
33.26120377,126.5430374
33.26047516,126.5428619
33.25964737,126.5427399
33.25950623,126.5421829
33.2611618,126.544136
33.26111221,126.5446854
33.2611351,126.5450668
33.26118469,126.5455017
33.26129913,126.5459976
33.26314926,126.5422134
33.2634697,126.54216
33.26375012,126.5420223
33.26397324,126.5420151
33.26469421,126.5416183
33.26509094,126.54142
33.26555252,126.5410538
33.26594788,126.5414246
33.26648712,126.541481
33.26289749,126.5401459
33.26346588,126.5396271
33.26189804,126.5267487
33.26244702,126.5260179
33.2628479,126.5255051
33.26334763,126.5251312
33.26494217,126.5256577
33.26656342,126.5247421
33.26733017,126.5244293
33.2661994,126.5675843
33.28964233,126.6027603
33.28939056,126.6015701
33.28588486,126.6086502
33.28555298,126.6086349
33.2848053,126.6082001
33.28414536,126.6078033
33.2839293,126.6078415
33.28408813,126.6074677
33.28302383,126.6076355
33.28263092,126.6075745
33.28221893,126.6075134
33.28184509,126.6075668
33.28139114,126.6073761
33.28085709,126.6072922
33.28046417,126.607254
33.28011322,126.6072083
33.27922821,126.6070938
33.27894211,126.606987
33.27902222,126.6066895
33.27839279,126.6070786
33.27859497,126.6069489
33.27807236,126.6066742
33.27746201,126.6062088
33.2764473,126.604805
33.27595139,126.6040802
33.27544022,126.6032333
33.27532578,126.602829
33.27521515,126.6019592
33.27508926,126.6011734
33.2750206,126.6008224
33.27496719,126.6005859
33.27482605,126.6003113
33.27432951,126.5998019
33.27423096,126.5993958
33.27402496,126.5991211
33.27349091,126.5985336
33.27349091,126.5981674
33.2732073,126.5978025
33.27301025,126.5973587
33.27284241,126.596611
33.27259651,126.5960839
33.27223587,126.595192
33.27205658,126.5947952
33.27170944,126.5944672
33.2710762,126.594101
33.2703476,126.5941544
33.2701683,126.5935135
33.26949692,126.5931549
33.26899719,126.5928726
33.26880264,126.5927353
33.26863861,126.5925446
33.26822281,126.5920486
33.26826859,126.5914764
33.2681427,126.5904007
33.26812744,126.5901642
33.26818085,126.5893707
33.26797485,126.588974
33.26792908,126.5884628
33.26791,126.5879135
33.26779556,126.5871124
33.26776886,126.586792
33.26770782,126.586174
33.26642227,126.5799103
33.26584625,126.5799026
33.26541519,126.5802307
33.26502991,126.5807495
33.26775742,126.5787582
33.26795578,126.5782166
33.26835251,126.5775375
33.26868439,126.5767365
33.26639557,126.579483
33.26587677,126.5794907
33.26517868,126.5799637
33.26725006,126.5771866
33.26695251,126.575592
33.26721954,126.5753555
33.26666005,126.5756746
33.26893616,126.5764923
33.26609802,126.565834
33.26548767,126.5651627
33.26552963,126.5644684
33.26560974,126.5649414
33.26578903,126.5652924
33.26564407,126.5651474
33.26408386,126.5609512
33.26573615,126.5627408
33.26457596,126.5615311
33.264534,126.5611191
33.26451422,126.5607587
33.26442719,126.5602341
33.26456833,126.5604172
33.26498032,126.5604324
33.26523209,126.5603943
33.26559448,126.5603867
33.26596069,126.5603638
33.26630402,126.5603409
33.26440762,126.5599355
33.26433945,126.5595779
33.26432037,126.5590897
33.26424789,126.5585556
33.26423264,126.5580978
33.26438141,126.5572586
33.26480865,126.557312
33.26493073,126.5570602
33.2637291,126.5570145
33.26358032,126.5570297
33.26318359,126.5570374
33.26449966,126.5568466
33.26378358,126.5543336
33.26337051,126.5543747
33.26292038,126.5546036
33.2626915,126.5546036
33.26226807,126.5545959
33.26158905,126.5545654
33.26135635,126.5544586
33.26108932,126.5542755
33.26089096,126.5541153
33.26360321,126.5538025
33.26371765,126.5534592
33.26350021,126.5508881
33.26379013,126.5508041
33.26348877,126.5506592
33.26368332,126.5504913
33.26340485,126.549736
33.26356125,126.5494232
33.26333237,126.5489731
33.26350403,126.5485535
33.26378632,126.5482941
33.26444696,126.5482771
33.26479721,126.5479202
33.26456451,126.5476227
33.26382828,126.5476608
33.26343155,126.5477142
33.26476288,126.5475693
33.26326752,126.5483017
33.26318741,126.5475159
33.26422882,126.5468826
33.26328278,126.5468979
33.26309586,126.5467224
33.26302338,126.5459366
33.2629509,126.5454102
33.26307678,126.5450211
33.26286316,126.5447159
33.26281738,126.544342
33.26277161,126.5439758
33.26294708,126.5439529
33.26270676,126.5435867
33.26287079,126.5433044
33.26265335,126.54319
33.26280594,126.5428085
33.2625885,126.542717
33.26275635,126.5422745
33.26270676,126.5364151
33.26215744,126.5326157
33.26197052,126.5313492
33.2625618,126.5309296
33.2606043,126.5149067
33.26057816,126.5144501
33.26049423,126.5136795
33.26049042,126.5131836
33.26062393,126.4949417
33.26083755,126.4954987
33.26094437,126.4959412
33.26013184,126.4944305
33.25943756,126.4942017
33.25902939,126.4941864
33.25844193,126.4947357
33.25811386,126.4954605
33.25754166,126.4962845
33.25713346,126.4968619
33.25634003,126.4970016
33.25613022,126.4975586
33.25557709,126.4983749
33.25520325,126.4992599
33.25458908,126.499855
33.26260376,126.4899216
33.26317215,126.4895935
33.26374435,126.4896927
33.26179123,126.4860306
33.2624321,126.4862061
33.26270676,126.4863586
33.26306915,126.4865265
33.26317215,126.4870529
33.26347733,126.4865952
33.2638092,126.4866257
33.26457214,126.4866409
33.26444626,126.4880066
33.26414108,126.4888458
33.26534653,126.4866791
33.25932312,126.4747009
33.25987625,126.474411
33.26141357,126.4742813
33.26213455,126.474472
33.26286697,126.4748077
33.26351929,126.4750214
33.26431656,126.4755554
33.26538603,126.4751589
33.26491928,126.4759521
33.26499557,126.4766693
33.26562119,126.4770737
33.26620865,126.4776154
33.26141357,126.4711533
33.26250839,126.4713974
33.26359177,126.4707489
33.26430511,126.4707947
33.26468931,126.4708513
33.26498413,126.4709702
33.26564407,126.4726105
33.26624298,126.4726105
33.26733398,126.4729156
33.26874893,126.4729895
33.26897884,126.4729881
33.2694927,126.4729743
33.27149844,126.4734184
33.27485477,126.4750271
33.27536602,126.4751944
33.27649183,126.4757069
33.27739539,126.4756318
33.26404839,126.466978
33.26446793,126.4670452
33.26467035,126.4679938
33.26645088,126.469008
33.26705608,126.4692673
33.26781619,126.4688549
33.26860649,126.4686515
33.26949891,126.4686085
33.26980588,126.4681774
33.27031878,126.4679381
33.27088035,126.4674839
33.2712115,126.466913
33.26855699,126.4691992
33.26927454,126.4693773
33.27019932,126.469522
33.27108289,126.4695166
33.27209563,126.4691456
33.27324075,126.4691601
33.27415031,126.4689077
33.27501703,126.4691816
33.27587259,126.468951
33.27663002,126.4689679
33.27727163,126.4693075
33.27813126,126.4700322
33.28027725,126.4666595
33.28062057,126.4661865
33.2808609,126.4660873
33.28100586,126.465683
33.2820282,126.4650879
33.28175735,126.4656906
33.28184891,126.4659424
33.28207016,126.4660645
33.26229858,126.4518051
33.26272202,126.4521713
33.26329803,126.4523621
33.26350958,126.452946
33.26394272,126.4523849
33.26426697,126.4520798
33.26512527,126.4519424
33.26582336,126.4517136
33.26607838,126.4517347
33.26667023,126.4515839
33.2674942,126.4515457
33.26804733,126.4518738
33.26248169,126.4452972
33.2624588,126.44487
33.26335456,126.4419021
33.26359558,126.441925
33.26377106,126.4420547
33.26434326,126.4426651
33.26485825,126.4427338
33.26528822,126.4428356
33.26565933,126.4428406
33.26591873,126.4428253
33.26660912,126.4428406
33.26740064,126.442417
33.26792267,126.4422125
33.2684608,126.4420829
33.26890155,126.4415985
33.27076073,126.4405039
33.27241996,126.4410609
33.27339172,126.4408722
33.27512215,126.4427235
33.27578318,126.4438638
33.26646212,126.4472769
33.2617836,126.5005569
33.2620532,126.4980371
33.26161575,126.4966431
33.2603569,126.4899063
33.26042557,126.4895401
33.26052475,126.4891891
33.26067734,126.4883957
33.2600441,126.4802322
33.25966644,126.4797974
33.25796127,126.4739456
33.25754547,126.4738388
33.25690079,126.4738541
33.25660324,126.4739532
33.25624084,126.4743576
33.25998688,126.472374
33.26102829,126.4709167
33.26081848,126.4693146
33.25963593,126.4695358
33.2634697,126.4659042
33.26255215,126.4477147
33.26280975,126.4477615
33.26290131,126.4473572
33.26321793,126.4474487
33.26354599,126.4474335
33.26383209,126.4476852
33.26397705,126.447731
33.26435089,126.4475861
33.26472092,126.4471283
33.26489258,126.446907
33.2651329,126.4467316
33.2653389,126.4466324
33.26578903,126.4467926
33.26261139,126.4471664
33.26283646,126.4465866
33.26311111,126.4466095
33.2634964,126.4465637
33.26259995,126.4465179
33.2622261,126.4464722
33.26195145,126.4464264
33.26232698,126.4457414
33.26211592,126.4456729
33.26285553,126.4460144
33.26329803,126.4459534
33.26358414,126.4460373
33.26388931,126.446106
33.26398849,126.4457321
33.26408386,126.4453583
33.26293182,126.4456329
33.26350403,126.4459686
33.26334381,126.443634
33.26336288,126.442421
33.26314926,126.441864
33.26313782,126.4414825
33.26338577,126.4414368
33.26315689,126.4410172
33.26315308,126.4405289
33.26291275,126.4403534
33.26089478,126.4393158
33.26042938,126.4392395
33.25995636,126.438797
33.2633667,126.4401855
33.26341629,126.4395828
33.26343536,126.4391861
33.26348495,126.4383087
33.26330185,126.4378281
33.26351547,126.4378586
33.2634697,126.437233
33.26301956,126.43647
33.26311493,126.4359131
33.26265717,126.4343567
33.2626152,126.4325256
33.26237106,126.431778
33.2625885,126.431778
33.26229477,126.4301758
33.26255417,126.430336
33.26256943,126.4275284
33.26223373,126.4270172
33.26246262,126.426712
33.26838303,126.4089508
33.24503326,126.562851
33.24534607,126.5630417
33.24530027,126.5635749
33.24827957,126.5621567
33.24834442,126.5625458
33.24838429,126.5627387
33.24911118,126.5643158
33.24929657,126.5661009
33.2482338,126.5580368
33.24887466,126.5619583
33.24902885,126.5620689
33.24914256,126.5620348
33.24897385,126.5623627
33.24909535,126.5623891
33.24954247,126.5645464
33.24939954,126.5642842
33.24919891,126.5645981
33.24979977,126.5652883
33.24996028,126.5654216
33.25015474,126.5655977
33.2504425,126.5658569
33.2507515,126.5661087
33.25001836,126.5611008
33.24989572,126.5608385
33.25040817,126.5636292
33.25096893,126.564537
33.25122833,126.5647736
33.25152237,126.5647834
33.25168991,126.564743
33.25193024,126.5646591
33.25221634,126.5645752
33.25273895,126.5644073
33.25308609,126.5643005
33.25348663,126.5641785
33.25083608,126.5606367
33.25067579,126.5599292
33.25053024,126.5598068
33.25019455,126.5599289
33.25055103,126.5593893
33.25048453,126.5590677
33.25170517,126.5635071
33.25204074,126.5641182
33.25218201,126.5645523
33.25230426,126.5650264
33.25239563,126.5654526
33.25242615,126.5659409
33.25247192,126.5662003
33.25248718,126.5663376
33.25259399,126.5668793
33.2526741,126.5671539
33.25181961,126.5606537
33.25146866,126.5606842
33.25127792,126.5605316
33.2525177,126.5603714
33.25246842,126.5599511
33.25240825,126.5595087
33.25226974,126.5587845
33.25220483,126.5582395
33.2520752,126.5574493
33.25197983,126.5568161
33.25195313,126.5565491
33.25216293,126.5564117
33.253685,126.5604553
33.25362778,126.5600586
33.25354004,126.559494
33.25351334,126.5593338
33.25347137,126.5590897
33.25338745,126.5586319
33.25333023,126.5581207
33.25331915,126.5578341
33.25318146,126.5571976
33.25313568,126.5569
33.25305176,126.5563507
33.25297928,126.5559235
33.25294113,126.5555344
33.25290298,126.5552673
33.25284195,126.5548477
33.25276947,126.554451
33.2527504,126.5540619
33.25452042,126.5610886
33.2542038,126.5614166
33.25473785,126.5617599
33.25494766,126.561615
33.25487137,126.5611801
33.25466156,126.5599594
33.25463104,126.5588913
33.25509262,126.5604706
33.25507736,126.559845
33.25504684,126.5592575
33.25502014,126.5585327
33.25558472,126.5602951
33.25556183,126.5593872
33.25823212,126.5605392
33.2586441,126.5607452
33.25885391,126.560997
33.25900269,126.5607605
33.25906754,126.5612411
33.25923538,126.5612488
33.25930405,126.5614853
33.25945663,126.5617981
33.25989914,126.5617905
33.26029205,126.5617752
33.26083755,126.5617599
33.26115083,126.5619467
33.262146,126.5621185
33.26246262,126.5621033
33.26287842,126.5620956
33.26311493,126.5620956
33.26360372,126.562078
33.26401901,126.5619583
33.25819397,126.5595474
33.25817108,126.5593033
33.2578125,126.5591888
33.2608757,126.5594101
33.26092294,126.5596484
33.26111603,126.5601959
33.26122284,126.5605927
33.26134472,126.5609986
33.26151276,126.5615311
33.2616272,126.5618973
33.26163101,126.5621414
33.26169205,126.5624771
33.26166153,126.5626144
33.26181412,126.5629578
33.26192856,126.5632019
33.26232147,126.5642776
33.26249695,126.5645523
33.26247025,126.5649261
33.26269531,126.565155
33.26334889,126.5646094
33.26257324,126.5653839
33.26234055,126.5658035
33.26216125,126.5660629
33.26186752,126.566124
33.26185226,126.566452
33.26211548,126.5667648
33.26229095,126.5666885
33.26268768,126.56707
33.26191711,126.5584793
33.26190567,126.558136
33.26189423,126.5577545
33.26189804,126.5572433
33.26217189,126.5571644
33.26250546,126.5571546
33.26273421,126.5571454
33.26190186,126.5568085
33.26189041,126.5564194
33.26305771,126.5582504
33.26305771,126.5579834
33.26306152,126.5573807
33.26298127,126.5572126
33.26297984,126.5568088
33.26299083,126.5564157
33.24487673,126.5623565
33.24623705,126.561392
33.24645996,126.5612717
33.24708927,126.5617633
33.25390402,126.5606776
33.2534479,126.5610904
33.25360107,126.5613861
33.25391195,126.5610076
33.25727081,126.5604324
33.25730896,126.5608063
33.2571907,126.5610428
33.25787922,126.5600796
33.25822137,126.5599477
33.25856566,126.5597837
33.25893923,126.5596114
33.26446152,126.5586395
33.26490402,126.5583496
33.26508713,126.5582809
33.26551819,126.5580215
33.26597977,126.5585251
33.26611053,126.5576999
33.26593399,126.5578918
33.26644516,126.5575409
33.2667923,126.5574875
33.26697159,126.5572128
33.26698685,126.5566864
33.26715469,126.5580215
33.26738739,126.5583954
33.24766541,126.557106
33.24789047,126.5573196
33.24799728,126.5575104
33.24821472,126.5577087
33.24833679,126.5578079
33.24871063,126.5581818
33.24790955,126.5614929
33.24830384,126.5613374
33.24869919,126.5612564
33.24897003,126.5612106
33.24958038,126.5609818
33.2483139,126.5630264
33.24880219,126.5629196
33.2492485,126.5628357
33.2466774,126.5630722
33.24684906,126.5629654
33.24861,126.5660426
33.24894333,126.5659943
33.24912529,126.5657879
33.24924412,126.5656049
33.24936062,126.5654004
33.24945477,126.5652524
33.24954224,126.5651169
33.24967194,126.5649185
33.24979019,126.5647278
33.24994659,126.5644684
33.24962616,126.5643463
33.25007248,126.5642548
33.2502327,126.5639877
33.25127029,126.5616531
33.24711609,126.557663
33.24694443,126.5588989
33.24876404,126.5663834
33.24815369,126.5666275
33.24824524,126.5669098
33.24839783,126.5687256
33.24816132,126.5684967
33.24848175,126.5674133
33.25332642,126.4642944
33.2537117,126.4640198
33.25404739,126.4638367
33.2543602,126.463707
33.25474167,126.4635773
33.25499725,126.4631958
33.25587463,126.4630737
33.25591278,126.4638901
33.25593567,126.4642868
33.25618621,126.4643509
33.25616455,126.4630203
33.2563858,126.4633636
33.25676346,126.4631653
33.25738144,126.4632111
33.25735474,126.4634857
33.25761795,126.4630661
33.25774384,126.463501
33.25784302,126.4637909
33.25804138,126.4639359
33.25857544,126.4641571
33.25962448,126.4645996
33.26051712,126.4645996
33.2677803,126.5591125
33.26810837,126.5592422
33.26815414,126.5596085
33.26855087,126.5601273
33.26886749,126.5606079
33.27913284,126.5561829
33.27614975,126.559166
33.27597046,126.5593643
33.27573127,126.5597123
33.27542877,126.5598984
33.27511057,126.5601126
33.27440643,126.5606003
33.27377319,126.561142
33.27338409,126.5617523
33.27307129,126.5621567
33.27193832,126.5633545
33.27166367,126.56353
33.2712326,126.5638199
33.27088547,126.5640411
33.27062607,126.5642471
33.27033997,126.5645218
33.26900323,126.5649329
33.26961517,126.5647583
33.26847076,126.5648499
33.26927185,126.5648346
33.26783752,126.5653687
33.26777267,126.5657196
33.26780319,126.5665054
33.26779175,126.5668106
33.26752853,126.5670319
33.26719284,126.5668488
33.26787567,126.5647583
33.26760864,126.5629883
33.26717377,126.5628891
33.26676559,126.5628433
33.26634979,126.5627899
33.26587296,126.5633011
33.2658577,126.5636368
33.26509094,126.559494
33.26489258,126.5601578
33.2652359,126.5601807
33.26531601,126.5599213
33.26567841,126.5599213
33.26599121,126.5599899
33.26638019,126.5600061
33.26664352,126.5598526
33.26657867,126.5602646
33.2665863,126.5607376
33.26656723,126.5612717
33.26673889,126.5618515
33.26719284,126.5619049
33.26677704,126.5623016
33.26699066,126.5593567
33.2672081,126.5591431
33.26765823,126.558815
33.26802444,126.5587616
33.26824188,126.5586014
33.26871872,126.5583649
33.26890182,126.5588379
33.268013,126.5582123
33.26788712,126.5579224
33.26834869,126.5583496
33.26873981,126.5579899
33.26927185,126.5578003
33.26941299,126.5575562
33.26976776,126.5573425
33.270401,126.5573578
33.27087021,126.5574417
33.27130127,126.5575333
33.27210236,126.5574188
33.27177048,126.5575714
33.27255249,126.5572739
33.27331924,126.556572
33.27461243,126.556282
33.27474976,126.5559692
33.27589798,126.5553741
33.27301788,126.557869
33.27381897,126.5580063
33.2746048,126.5579529
33.27555717,126.557655
33.27589798,126.5574417
33.27627461,126.5572032
33.26782741,126.5651641
33.27737034,126.5566422
33.27762002,126.556496
33.27804076,126.5562819
33.25143433,126.4226227
33.25118256,126.4226456
33.25092316,126.4223328
33.25082397,126.4220123
33.25149536,126.4234924
33.25117493,126.4234695
33.25093079,126.4227676
33.25070572,126.4234619
33.24932861,126.423584
33.25197601,126.4244308
33.25246429,126.4245682
33.25271988,126.4246216
33.25322342,126.4248657
33.25137711,126.4247208
33.25125122,126.4242172
33.25094604,126.4245682
33.25054169,126.4240952
33.25054169,126.424408
33.25024033,126.4241867
33.25179291,126.4268417
33.25218201,126.4268723
33.25263977,126.4269104
33.25322723,126.4271469
33.25337219,126.4270706
33.25099564,126.4267502
33.25080109,126.4268188
33.25034714,126.4267807
33.25006104,126.4267883
33.24967575,126.42659
33.25179291,126.4274368
33.25223541,126.4275513
33.25261688,126.4275894
33.25302505,126.4276199
33.25344467,126.4277954
33.25350952,126.4282608
33.25352859,126.428688
33.25378799,126.4284897
33.25402832,126.4284363
33.25426073,126.428291
33.25452805,126.4281387
33.25495529,126.4278793
33.25518417,126.4281311
33.25534439,126.4275436
33.25115967,126.4273987
33.25048447,126.4272537
33.24995041,126.4275284
33.25019073,126.427124
33.2494545,126.4268417
33.2491951,126.4267273
33.24885941,126.426651
33.24843216,126.4264603
33.24778748,126.4264374
33.24750137,126.4261169
33.25107193,126.4296188
33.25081451,126.4298131
33.25056839,126.4298859
33.25047684,126.430069
33.25008011,126.430336
33.24996948,126.4301758
33.24983215,126.4298553
33.24883652,126.4289627
33.24976349,126.4305725
33.2566185,126.4104462
33.2561549,126.4120192
33.25576401,126.4129257
33.25561905,126.4132614
33.25502777,126.4145126
33.25496292,126.4149094
33.25489426,126.4153366
33.25483322,126.4157257
33.25476074,126.4161224
33.2550087,126.4166718
33.25528717,126.4167099
33.25554657,126.4169006
33.25606155,126.4169388
33.25634384,126.4176636
33.25676521,126.4171716
33.25696945,126.4179688
33.25677059,126.4168765
33.25678351,126.4162674
33.25685501,126.4176712
33.25468063,126.4165497
33.25455093,126.4169464
33.25441742,126.4173355
33.25428391,126.4177246
33.25414276,126.418129
33.2538681,126.4187775
33.25371119,126.4191463
33.25353622,126.4198761
33.25339508,126.4202576
33.25320053,126.420639
33.25217056,126.4213257
33.25193024,126.4211807
33.25172806,126.4209442
33.2525177,126.4222488
33.25175858,126.4220581
33.25160599,126.4218292
33.25135422,126.4216766
33.25128555,126.4262085
33.25183487,126.426445
33.25101852,126.4282913
33.25134659,126.4295654
33.25130463,126.4299469
33.25133896,126.4309921
33.25106049,126.4335709
33.25118256,126.433815
33.25146866,126.4338837
33.25180435,126.4339142
33.25222397,126.43367
33.25262833,126.4333649
33.25101089,126.4344559
33.25099945,126.4347
33.25110245,126.4351425
33.25111389,126.4356384
33.25112152,126.435936
33.25130463,126.4368591
33.25138474,126.437355
33.25148392,126.4378204
33.2515831,126.4383469
33.25165176,126.4388657
33.25206375,126.4380417
33.25274277,126.4380417
33.25155258,126.4393768
33.2515831,126.4398346
33.25156784,126.4404831
33.25161362,126.4411774
33.2517395,126.4415359
33.25190735,126.4419403
33.25212097,126.4424438
33.25182343,126.4425125
33.25140762,126.4436569
33.2506485,126.4450531
33.25218201,126.4427109
33.25225449,126.4434128
33.25230789,126.443985
33.24814798,126.5609224
33.25186157,126.5593185
33.25237274,126.5592194
33.24121475,126.5653381
33.24176025,126.5640717
33.24143982,126.5631332
33.2406311,126.5631332
33.24027634,126.5630875
33.24251175,126.5619202
33.24180222,126.5614395
33.24136734,126.5616074
33.24033737,126.5624619
33.24031448,126.5627594
33.24009323,126.563385
33.23991776,126.5638428
33.24150085,126.5660095
33.241539,126.5657806
33.24159241,126.5654678
33.24303534,126.5620894
33.24143982,126.5641632
33.24183273,126.5643692
33.24185944,126.564064
33.24258808,126.5624591
33.24189377,126.5636139
33.2419281,126.5631943
33.24219131,126.5626526
33.24232101,126.5625153
33.24309921,126.5620651
33.2432518,126.5619812
33.24342346,126.5619049
33.24361038,126.5617599
33.2436676,126.5615845
33.23466649,126.5136968
33.23421478,126.5136719
33.23395812,126.5135438
33.23396301,126.513382
33.23368073,126.5130539
33.23353577,126.5127945
33.23321533,126.5125885
33.23299408,126.5122223
33.23290634,126.5119858
33.23287582,126.5114746
33.23265076,126.5110931
33.23244095,126.5106735
33.23219299,126.5102615
33.23199463,126.5099258
33.23147583,126.5091171
33.23166656,126.509285
33.23142624,126.5090103
33.23133469,126.5088043
33.23104095,126.5083771
33.23084259,126.5080719
33.23086166,126.5077744
33.23095322,126.5076599
33.23089981,126.5073318
33.230896,126.506958
33.23091125,126.5065231
33.23110962,126.5061417
33.23939133,126.5645752
33.23946762,126.564949
33.23979187,126.5655975
33.23989105,126.5655518
33.24395752,126.5683517
33.2439537,126.5674591
33.24641418,126.5755539
33.24593353,126.5753326
33.24541855,126.5749664
33.24525452,126.5765839
33.2453537,126.5746841
33.24514389,126.5744705
33.24509811,126.5741196
33.24488831,126.5738983
33.24489212,126.5734711
33.24477386,126.573349
33.24486923,126.5731125
33.24733353,126.5867004
33.2472496,126.5871964
33.24720001,126.5876846
33.24707794,126.589119
33.24725342,126.5897598
33.24745178,126.5908661
33.24760437,126.5912781
33.24835205,126.5906982
33.2483902,126.59021
33.24824905,126.5898056
33.24715805,126.5915604
33.24652481,126.5916672
33.24597168,126.5916595
33.24536896,126.5920715
33.24482727,126.5930328
33.24158244,126.5929031
33.24406102,126.5936615
33.24368587,126.5937088
33.24337769,126.5935287
33.24298096,126.5934525
33.24277115,126.5925827
33.2423461,126.5927601
33.24184418,126.5928879
33.24199677,126.6025314
33.2422905,126.6022568
33.24228287,126.6016464
33.24266815,126.602066
33.24280548,126.6012344
33.24309158,126.6017303
33.24317932,126.6012039
33.24314944,126.5999789
33.24316206,126.6003973
33.24354935,126.6016922
33.2440033,126.6015396
33.24451828,126.6018219
33.24469376,126.6015701
33.24546051,126.6017761
33.24623489,126.602005
33.24641418,126.6017151
33.24653244,126.6014328
33.24671936,126.6011124
33.24355472,126.601946
33.24249649,126.6041946
33.24290625,126.60393
33.24361801,126.6035843
33.24346924,126.6030121
33.24351501,126.6023483
33.24133682,126.6041565
33.2414856,126.6036377
33.24108505,126.6042175
33.2405777,126.6046371
33.24050903,126.604393
33.24015045,126.6045151
33.24391556,126.6072845
33.24433136,126.6072159
33.24459457,126.6068878
33.2511351,126.6090209
33.25213509,126.6087589
33.25333319,126.6084209
33.25387192,126.609787
33.25653244,126.6107998
33.25670239,126.6110861
33.25709903,126.6110602
33.25755202,126.6110367
33.25954437,126.6116562
33.24972534,126.6183472
33.24965668,126.6187897
33.25514984,126.6174698
33.25713348,126.6174622
33.25774668,126.6171074
33.25831604,126.6169052
33.25873566,126.616745
33.25912857,126.6171036
33.25906372,126.616684
33.2598877,126.6169128
33.2415123,126.5612335
33.24124527,126.5610199
33.24099731,126.5610733
33.24120712,126.5613708
33.24039841,126.5655136
33.24646759,126.5777512
33.24672699,126.5855484
33.24607468,126.5857468
33.24562454,126.5855179
33.24536159,126.5857915
33.2449379,126.5857391
33.24389267,126.5952911
33.24349976,126.5980835
33.24269104,126.5995102
33.24273682,126.5997391
33.24251938,126.5995789
33.24252701,126.5997696
33.24234772,126.5998459
33.24227524,126.6001816
33.24206924,126.6002731
33.24200439,126.6005936
33.2417717,126.6007538
33.24176407,126.6010056
33.24157333,126.6011429
33.24161911,126.6014786
33.24151993,126.6017609
33.24163055,126.6020508
33.241539,126.6022491
33.24165726,126.6026154
33.24155807,126.6027985
33.24169922,126.6031342
33.2416687,126.6034012
33.24188614,126.6035843
33.24190521,126.6038971
33.24212265,126.6040573
33.24209595,126.6042633
33.24359131,126.6064758
33.24341965,126.6073761
33.24345398,126.6085129
33.24346161,126.6093826
33.24358749,126.6096573
33.24386215,126.6099014
33.24459839,126.6104431
33.24495316,126.6107178
33.24518967,126.6109009
33.24576569,126.6112976
33.2474556,126.6125946
33.24827194,126.6131516
33.24814606,126.6139297
33.2488327,126.6135559
33.24947357,126.6141205
33.2494812,126.6142883
33.25020599,126.6147995
33.25057983,126.615097
33.25128937,126.6157455
33.25180435,126.6162415
33.2522583,126.616684
33.25276566,126.617157
33.25284576,126.6174164
33.25310135,126.6175308
33.2534523,126.6174927
33.25329186,126.6175936
33.25379944,126.6176147
33.25411203,126.6174894
33.25448227,126.6176071
33.25489044,126.6176071
33.25524139,126.6175995
33.25561905,126.6175766
33.256073,126.6174774
33.25597087,126.6176061
33.25632858,126.6175995
33.25630188,126.6178055
33.25584793,126.6181793
33.25500107,126.6183624
33.25664902,126.617424
33.2566185,126.6176376
33.25683975,126.6174545
33.25732803,126.6175995
33.25843347,126.6176115
33.25939941,126.6175919
33.24343491,126.5329056
33.24300766,126.5325317
33.24232483,126.5320511
33.24180603,126.5317307
33.24143982,126.5315628
33.24092484,126.5313263
33.2440096,126.5361124
33.2437439,126.5362091
33.24332047,126.5361557
33.24291931,126.5356917
33.24248505,126.5355377
33.24211369,126.5357482
33.24163055,126.5353851
33.24145126,126.5348282
33.24184799,126.5359955
33.25277826,126.5395349
33.24517059,126.5439606
33.24523926,126.543396
33.24547577,126.5427704
33.24588234,126.54209
33.24632645,126.5412827
33.24709702,126.5404282
33.24817657,126.5400696
33.24898529,126.5400238
33.25007248,126.5397568
33.25068283,126.539711
33.25049805,126.5406964
33.25043854,126.5413661
33.25140381,126.5420227
33.25086975,126.5398483
33.25110626,126.5398407
33.25130495,126.5397653
33.25161743,126.5397568
33.25322705,126.5395956
33.24694439,126.5577683
33.2469368,126.5582886
33.24693149,126.5585785
33.24686813,126.5592957
33.2466507,126.5596313
33.24697876,126.560318
33.24720383,126.5607452
33.24743271,126.561615
33.24565506,126.562355
33.24568558,126.5625839
33.2457428,126.5630188
33.24578094,126.5632248
33.24580002,126.5634003
33.24583817,126.5638046
33.24606705,126.5634613
33.24584961,126.5639343
33.24512482,126.5633087
33.24541473,126.5632629
33.2454834,126.5652542
33.24572372,126.5653076
33.24595642,126.565361
33.2460022,126.56604
33.24639511,126.5659027
33.24619293,126.5655594
33.2466774,126.5658951
33.24811172,126.5659714
33.24605179,126.5669785
33.24625128,126.5667397
33.24655151,126.5664444
33.24674988,126.5665283
33.24691391,126.5664825
33.24707413,126.5663071
33.24660492,126.5656815
33.24660873,126.5654907
33.24697113,126.5654831
33.24662781,126.565094
33.24707031,126.5649414
33.24661636,126.5645294
33.24634933,126.5628967
33.24628067,126.5624313
33.24583817,126.5672379
33.2456665,126.5676346
33.24586487,126.567749
33.24604797,126.5680237
33.24539185,126.5677795
33.24547195,126.5680237
33.24523544,126.5676727
33.24478149,126.5678406
33.2443428,126.5678711
33.24394989,126.5677414
33.24686813,126.5674896
33.24710846,126.5675812
33.24736023,126.5675812
33.24777222,126.5677643
33.24837112,126.5707474
33.24796677,126.5714645
33.25059128,126.5728302
33.25077057,126.5731125
33.25048065,126.5722809
33.24999619,126.5729446
33.24952316,126.5732727
33.24913788,126.5735703
33.25131989,126.5741043
33.25108719,126.5738907
33.2509079,126.5736084
33.25083923,126.5736618
33.25046921,126.5736389
33.25179291,126.576004
33.25151443,126.5764999
33.25158691,126.5763092
33.25117493,126.5762329
33.25242233,126.5741425
33.25204086,126.5734482
33.25169373,126.5737
33.25295639,126.5737457
33.25294876,126.5735397
33.25293732,126.5732727
33.25303268,126.5728073
33.25341797,126.5729523
33.25291061,126.5724182
33.25299072,126.572258
33.25288391,126.5719452
33.2528801,126.5713501
33.25288773,126.570816
33.25318146,126.5709152
33.25354385,126.5709229
33.25388336,126.5708389
33.25417328,126.5708542
33.25289917,126.5703506
33.25300598,126.569313
33.24654388,126.5240555
33.24642181,126.5239944
33.24637604,126.5243912
33.24640656,126.5248871
33.24620819,126.5248337
33.24620358,126.5252659
33.24594879,126.5253067
33.24602509,126.5256577
33.2457962,126.5261917
33.24563217,126.5266418
33.24499893,126.52668
33.24550247,126.5270615
33.24524307,126.5275421
33.24521255,126.5280151
33.2450943,126.5285492
33.24502205,126.5290158
33.2449136,126.5295435
33.24481583,126.5299149
33.2447319,126.5305405
33.24465561,126.5309143
33.24461365,126.5311279
33.24454498,126.5314636
33.24434662,126.5315247
33.24448013,126.5318298
33.24432755,126.5318451
33.24429703,126.532074
33.2443924,126.53228
33.2442627,126.5328979
33.24411774,126.5330811
33.24412155,126.5335999
33.243927,126.5344696
33.24390793,126.5347443
33.24401474,126.5352097
33.24413681,126.5354691
33.24428177,126.5357361
33.24412918,126.5357132
33.24435043,126.5360107
33.24454498,126.5363922
33.24475861,126.53685
33.24487686,126.5371628
33.2449646,126.5376663
33.24484253,126.5376968
33.24502182,126.5380859
33.24504852,126.5385666
33.2449646,126.539032
33.24488449,126.5395813
33.24473572,126.5400696
33.24451065,126.5404739
33.24425888,126.5408173
33.24420547,126.5411377
33.24433517,126.5415421
33.24459076,126.5420151
33.24465561,126.5424347
33.24476242,126.5429916
33.24467468,126.5430069
33.24484634,126.5435104
33.24491882,126.5439835
33.24508286,126.5443878
33.24489212,126.5445175
33.24521637,126.54496
33.24535751,126.5450058
33.24530029,126.5454788
33.24546432,126.5459671
33.24565887,126.5464249
33.24589539,126.5469208
33.24604797,126.5471497
33.24629593,126.5469589
33.24618149,126.5473938
33.24644089,126.5472183
33.24631119,126.547821
33.24650574,126.5474701
33.24648666,126.548233
33.24676514,126.5485382
33.24701309,126.548439
33.24721909,126.5486374
33.24703746,126.5488495
33.24733734,126.5489349
33.24732971,126.5493622
33.24742889,126.5494843
33.24758911,126.5512085
33.2477684,126.5513763
33.24779892,126.5517883
33.24788284,126.5521851
33.24794769,126.5524521
33.24790955,126.5526581
33.24540329,126.5616531
33.24409485,126.5618134
33.24386978,126.5619507
33.24371338,126.5619965
33.24352646,126.5620651
33.24346924,126.5621185
33.2433815,126.5621185
33.24324036,126.5621643
33.24312973,126.562294
33.24305344,126.5622025
33.24293137,126.5621185
33.24491119,126.5644608
33.24505615,126.5648575
33.2452774,126.5653229
33.24544144,126.5657578
33.24872208,126.5699615
33.24916458,126.5699158
33.24898148,126.5710678
33.24918365,126.571785
33.24884415,126.5719757
33.24850464,126.5721817
33.24835968,126.572258
33.24953461,126.571373
33.25031281,126.571846
33.25056839,126.5720749
33.25074768,126.5722961
33.25094223,126.5726166
33.25141525,126.5732727
33.25206375,126.5743256
33.25225067,126.5756226
33.25212479,126.575882
33.25297546,126.575058
33.25283432,126.5752029
33.25341797,126.5747299
33.27175522,126.5910263
33.27227402,126.590683
33.27115631,126.5919952
33.27092361,126.5918655
33.270504,126.5917282
33.27016449,126.59198
33.27044678,126.5924683
33.2700386,126.5916443
33.26955795,126.5918961
33.26917648,126.5915527
33.26876068,126.5914612
33.26844406,126.5920181
33.27394867,126.5965576
33.27425766,126.5959854
33.2746558,126.5961469
33.27476258,126.5964027
33.27416992,126.5944519
33.27455139,126.5952377
33.27496338,126.5951385
33.275177,126.5953217
33.27554703,126.5959091
33.27704239,126.5973434
33.27779388,126.5970917
33.27082825,126.590271
33.27106894,126.5907806
33.27104568,126.5913467
33.27149963,126.5915451
33.27169037,126.5923996
33.27230453,126.5927963
33.27246475,126.5923309
33.27271271,126.5920715
33.27305222,126.5916672
33.27187347,126.5930176
33.27209854,126.5940857
33.27241516,126.5946045
33.2726059,126.5948486
33.27430725,126.594017
33.2731514,126.5953674
33.27326584,126.5962906
33.29206662,126.5846396
33.29295308,126.5841496
33.29312897,126.5839844
33.29334259,126.5835114
33.29405975,126.5823975
33.29470444,126.5815811
33.29484558,126.5815353
33.29511642,126.5812988
33.29544449,126.5810165
33.29797363,126.5782013
33.29925537,126.5753403
33.29925156,126.5741577
33.29921722,126.5733261
33.29087419,126.5832845
33.29117919,126.5828214
33.29106908,126.582924
33.29072494,126.5831403
33.29053116,126.5827255
33.29028908,126.5822245
33.29018257,126.5820532
33.28965458,126.5812237
33.289711,126.5811768
33.29029846,126.5807114
33.28942829,126.5809618
33.28917814,126.5803081
33.28892517,126.5799255
33.28962708,126.5795364
33.29212447,126.5837402
33.29205704,126.5835419
33.29156113,126.582695
33.29143519,126.5825357
33.2916069,126.5824432
33.29231208,126.581882
33.29135794,126.5823536
33.29118347,126.5819778
33.29112623,126.5818179
33.29065498,126.5811062
33.29029258,126.5805873
33.29042816,126.5806046
33.28980212,126.5795268
33.28948238,126.5796249
33.29008102,126.5792389
33.29282379,126.5815887
33.29118319,126.5799925
33.29054806,126.5788146
33.29022598,126.5789948
33.29364474,126.582034
33.29344177,126.581665
33.29332733,126.5812988
33.29319106,126.5811827
33.29249868,126.5817389
33.29319763,126.5810776
33.29289246,126.5807266
33.29273698,126.5802132
33.29263498,126.5800446
33.292202,126.5793304
33.29206085,126.5791016
33.29185867,126.5789261
33.2918129,126.5786362
33.29153824,126.5780869
33.29135287,126.5781827
33.29100418,126.5784454
33.2908042,126.5785719
33.29494913,126.5811528
33.29474554,126.580939
33.2944067,126.5807206
33.29389954,126.5806885
33.29363191,126.5809014
33.2940542,126.5804646
33.29352556,126.5801128
33.2931232,126.5797766
33.2929008,126.5793321
33.29261398,126.5786057
33.29255493,126.5783729
33.29230889,126.5776064
33.2919961,126.5777609
33.28315353,126.5892258
33.2850914,126.587265
33.28554153,126.5869675
33.28719711,126.586792
33.28805542,126.5865936
33.28899384,126.5861359
33.2901268,126.5858536
33.28993988,126.5861282
33.2902298,126.5854416
33.29125977,126.5846863
33.29160309,126.5844345
33.2922287,126.5838089
33.29257965,126.5834732
33.29299504,126.5832181
33.29312134,126.5830765
33.2934494,126.5827408
33.29382324,126.5823669
33.29413223,126.5820541
33.29442797,126.5816814
33.26054764,126.5902328
33.26038361,126.5899048
33.26010513,126.589119
33.25984607,126.5887805
33.25855902,126.5874289
33.26131439,126.5914001
33.26157379,126.5917587
33.26159286,126.592308
33.26436996,126.5924759
33.26286697,126.593956
33.26246643,126.5938873
33.26470566,126.5925446
33.26507187,126.5926056
33.2654953,126.5926666
33.26272583,126.5910645
33.26263483,126.5916584
33.26262665,126.5921783
33.2623024,126.5925522
33.26238254,126.5934304
33.26234818,126.5943298
33.26231947,126.5948232
33.26206589,126.5950012
33.26584244,126.5882797
33.26538849,126.5867615
33.26478577,126.5870667
33.26491165,126.5856018
33.26723862,126.5883713
33.26749849,126.5883931
33.2672348,126.5877686
33.25885773,126.5910263
33.25955582,126.5901031
33.2593956,126.5907593
33.25981522,126.5908966
33.26031494,126.5910416
33.26105881,126.5909576
33.26147423,126.590706
33.26182938,126.5906906
33.26268768,126.5903854
33.26293182,126.5885468
33.26288986,126.5882034
33.26344681,126.5898819
33.26379395,126.5895081
33.26421356,126.5892792
33.26481247,126.5890427
33.26515961,126.5889359
33.2657814,126.5888596
33.2661438,126.5888596
33.26634598,126.5888138
33.26659775,126.5887909
33.26708603,126.588768
33.2672349,126.5891148
33.2672081,126.589386
33.26734857,126.5894081
33.26744461,126.5892334
33.2678299,126.5893555
33.26779556,126.5894775
33.26792145,126.5896988
33.26897049,126.5871506
33.2694397,126.5871277
33.26980644,126.5869668
33.27013397,126.5869217
33.26999636,126.5864615
33.26992035,126.5861893
33.26983863,126.5858008
33.27016449,126.5872955
33.27017212,126.5876236
33.27073669,126.5867844
33.27132797,126.5868225
33.27154541,126.5871887
33.27165222,126.5868225
33.27201843,126.5869675
33.27228928,126.5868607
33.27266312,126.5866013
33.27324295,126.5866547
33.2735405,126.5867615
33.27392197,126.5865097
33.27431488,126.5863876
33.27460861,126.5863419
33.27479935,126.5860138
33.27501678,126.5865784
33.27556992,126.5867996
33.27604294,126.5868149
33.27629471,126.5867081
33.27658081,126.5865555
33.26963043,126.5877686
33.27090454,126.5878754
33.27137375,126.5879974
33.27018738,126.5899277
33.27044296,126.5903473
33.26961899,126.5897598
33.26937866,126.5900421
33.26885605,126.5904083
33.26849365,126.5902176
33.26908493,126.5896606
33.26897049,126.5888062
33.26905823,126.588562
33.26787567,126.5900192
33.2673912,126.5901489
33.26739883,126.5903854
33.26728821,126.5910034
33.26680374,126.5896454
33.25943375,126.593277
33.27127457,126.58918
33.27127457,126.5890274
33.2711792,126.5886917
33.27259064,126.5899887
33.27290344,126.5903244
33.27305603,126.590683
33.27302933,126.5911942
33.27342606,126.5911636
33.27352142,126.5913391
33.27393723,126.5917892
33.27359772,126.5924454
33.27469254,126.59198
33.27498245,126.5924759
33.27431488,126.5919571
33.2737999,126.5911407
33.2740593,126.5909653
33.27442551,126.5905533
33.2747879,126.590271
33.27504349,126.5900955
33.2751503,126.5902176
33.27537537,126.589859
33.27598572,126.5895538
33.27617509,126.5899612
33.27640978,126.5907289
33.27616882,126.5916214
33.27711487,126.5903549
33.27677536,126.590477
33.27833557,126.5923615
33.27883839,126.5923961
33.27923965,126.592186
33.28022003,126.5922623
33.28033447,126.5927277
33.27899933,126.5886078
33.2791382,126.5889785
33.27918243,126.5894241
33.27927017,126.5897903
33.27938461,126.5902634
33.27936935,126.5909195
33.27966309,126.5914459
33.27978897,126.5921631
33.28432465,126.5925827
33.28448868,126.5928116
33.28471375,126.5927658
33.28499985,126.5927734
33.28531647,126.5925751
33.26784134,126.5860825
33.26803589,126.5862198
33.26858139,126.5867157
33.26828003,126.5865326
33.26836014,126.5867233
33.26805115,126.586998
33.26868439,126.5871277
33.26838684,126.5872574
33.26837921,126.5877151
33.2688942,126.5874557
33.26914597,126.5879135
33.26844266,126.5869464
33.26827812,126.5869499
33.26938629,126.5883484
33.26964569,126.5888443
33.26917267,126.5886154
33.2700119,126.5894775
33.27009583,126.5896378
33.270504,126.5897446
33.27077484,126.5898514
33.27103424,126.5897446
33.27113724,126.5898743
33.27145767,126.5897293
33.27183533,126.5897064
33.27177429,126.5898209
33.27226257,126.589798
33.27259445,126.589653
33.27310562,126.5896301
33.27318192,126.5897827
33.27333832,126.5896606
33.27352142,126.589653
33.27384441,126.5896299
33.27396393,126.5896378
33.27424113,126.5896307
33.2745285,126.5897369
33.27499008,126.5895996
33.2754364,126.5894775
33.27569199,126.5895844
33.27592087,126.5893478
33.27641296,126.5893478
33.27690506,126.5890808
33.27698898,126.5885086
33.27709579,126.5879364
33.27722931,126.5890274
33.27802358,126.5889864
33.27820587,126.5886841
33.27839661,126.5886002
33.27855682,126.5885315
33.27898407,126.5884323
33.27957916,126.5883865
33.27999496,126.5883484
33.28038406,126.5882721
33.2735451,126.572711
33.27361258,126.5766231
33.27347183,126.576828
33.27303314,126.5770645
33.27285385,126.5774841
33.27190781,126.5811996
33.27153397,126.581955
33.27144623,126.5829391
33.27138901,126.5833511
33.2711031,126.583086
33.27164705,126.5836348
33.2718277,126.5838928
33.27149963,126.5846252
33.27151871,126.5849228
33.27212906,126.569664
33.27235031,126.5700684
33.27207184,126.5704193
33.27204132,126.5712204
33.27238464,126.5718079
33.27302816,126.5718361
33.27258682,126.5721359
33.27263113,126.5790027
33.272995,126.5728378
33.27241383,126.5794008
33.27312851,126.5740051
33.2734642,126.5746307
33.27530289,126.5749664
33.27429962,126.5755539
33.27541733,126.5753326
33.27364731,126.5752869
33.27386475,126.5758362
33.27384949,126.5762711
33.27501297,126.5834274
33.27502323,126.5831747
33.27487575,126.5822147
33.27444084,126.5815835
33.27073288,126.5754471
33.26925659,126.5764008
33.27143097,126.5752487
33.2688179,126.5760574
33.27057266,126.5752258
33.27093506,126.5750351
33.27662659,126.5809937
33.27682193,126.5748419
33.27491379,126.5850143
33.27516937,126.5841217
33.27542877,126.5837708
33.27565765,126.5834656
33.27615356,126.5833893
33.27642822,126.5837097
33.27682114,126.583992
33.27711105,126.5842514
33.27745819,126.5845795
33.27588654,126.5830612
33.27570724,126.5821686
33.27599716,126.5817032
33.27626419,126.5812607
33.27635193,126.5807877
33.2764473,126.580307
33.27223587,126.5874405
33.27183151,126.587532
33.27164841,126.5874863
33.27314758,126.5891266
33.27350998,126.5889206
33.27373505,126.588768
33.2739296,126.5885162
33.27413177,126.5882721
33.2743187,126.5882187
33.27461624,126.5881882
33.27467728,126.5876236
33.27493668,126.5879364
33.27499771,126.5875168
33.2752533,126.5868073
33.27302551,126.5873718
33.27286148,126.5896759
33.2490654,126.5497665
33.24946976,126.5503998
33.25007248,126.5509872
33.25040436,126.5511093
33.25103378,126.5511322
33.25149536,126.5515747
33.25162888,126.551918
33.24886703,126.5485229
33.24928665,126.5474472
33.24971771,126.5476151
33.24964523,126.5467911
33.24854279,126.5494308
33.24865723,126.5493622
33.24844742,126.5488129
33.24884033,126.5477905
33.24855042,126.5473328
33.24853897,126.5466537
33.24817276,126.5461731
33.24783829,126.5453084
33.24718094,126.5455933
33.24678421,126.5458527
33.24628448,126.5457687
33.24591446,126.5453339
33.24824905,126.5452194
33.24811321,126.544364
33.24834442,126.543541
33.25006001,126.5420199
33.25,126.5414581
33.25399017,126.5474091
33.25366592,126.5477066
33.25337982,126.5479965
33.25297928,126.5481644
33.25263214,126.5482788
33.25289917,126.5500717
33.25213242,126.548439
33.25138474,126.5489197
33.2506218,126.5492706
33.24984631,126.549546
33.24993515,126.5494537
33.2491951,126.5494385
33.24878693,126.5493851
33.24822235,126.5504456
33.24793243,126.5507584
33.24773026,126.551033
33.30037689,126.6007843
33.30055618,126.6012115
33.26178741,126.6172791
33.26231003,126.6172943
33.26138909,126.6170472
33.26084994,126.6169087
33.26110458,126.616539
33.26092911,126.6160202
33.26125717,126.6156082
33.26122665,126.615303
33.26153946,126.6155014
33.26197815,126.615799
33.26441956,126.6176987
33.26500271,126.6182577
33.26678848,126.6176224
33.26681519,126.6180954
33.26647949,126.6184235
33.2668457,126.6186218
33.26703801,126.6193167
33.27092743,126.6119766
33.27162552,126.6119919
33.27200699,126.6119461
33.27253723,126.6119766
33.2733078,126.6116791
33.27400589,126.6111298
33.27437335,126.610769
33.27457809,126.6105804
33.27473284,126.6103971
33.27506638,126.6100616
33.27549362,126.6097488
33.27582169,126.6095886
33.27627182,126.6094742
33.2771225,126.6089783
33.27741241,126.60849
33.27761841,126.6080933
33.27864075,126.6065598
33.27878952,126.6057816
33.2790947,126.6053925
33.27952194,126.6046448
33.2799572,126.6045048
33.28036499,126.603096
33.28071213,126.6023331
33.28140902,126.6017448
33.28170585,126.6015234
33.27823257,126.6018295
33.27790451,126.6012039
33.27762985,126.600914
33.27698517,126.6000977
33.27619171,126.6003647
33.27561569,126.5998383
33.27512882,126.5995246
33.2793541,126.6042252
33.27988815,126.6053925
33.2802887,126.6063614
33.29169846,126.5956421
33.29140854,126.5958939
33.29217148,126.5952301
33.29231644,126.5949554
33.26093364,126.6177401
33.26164627,126.6182709
33.26166153,126.6186066
33.26755905,126.6169815
33.2677002,126.6161194
33.26884079,126.6145859
33.27059555,126.6123352
33.27088165,126.6117935
33.27118683,126.611084
33.27200317,126.6100311
33.27211761,126.6104202
33.27236557,126.6098022
33.27266332,126.6095892
33.27354431,126.6095963
33.27419662,126.6097412
33.27481842,126.6067581
33.27514648,126.6063995
33.27545929,126.6064224
33.27576828,126.6062546
33.27605438,126.6060944
33.27893066,126.6028976
33.27928925,126.6022339
33.27968216,126.6016617
33.2803154,126.6013947
33.28073883,126.6012344
33.28155899,126.6009598
33.28237152,126.600647
33.28292465,126.6002197
33.28316879,126.600029
33.28350449,126.5996628
33.28385544,126.5995865
33.28482437,126.5994492
33.28609162,126.5992195
33.28678131,126.599205
33.28722763,126.5989914
33.28973007,126.5975647
33.29034424,126.59729
33.2906456,126.5970993
33.29105759,126.5968552
33.29169464,126.5964432
33.29199982,126.5962296
33.2923851,126.5960159
33.29273605,126.5955505
33.24528831,126.3863961
33.24491882,126.3865585
33.24528885,126.386322
33.24557877,126.386528
33.24512863,126.3858795
33.24489212,126.3853912
33.24467468,126.3852005
33.24451828,126.384697
33.24487686,126.3833694
33.24511337,126.3821869
33.24370956,126.381279
33.24531555,126.381752
33.24481583,126.3820648
33.24441528,126.382164
33.24428558,126.3825378
33.2453804,126.3814774
33.24553299,126.3811874
33.24547577,126.3807755
33.24538422,126.3803253
33.24557877,126.3793106
33.24643468,126.3739947
33.24574661,126.3787994
33.24582291,126.3782806
33.24572754,126.377655
33.24606705,126.3761063
33.24625015,126.3755264
33.24660492,126.3749542
33.2463502,126.3742287
33.24510574,126.3799973
33.2438736,126.3771973
33.24382401,126.3767929
33.24604034,126.3744812
33.24615479,126.3743744
33.24361801,126.3763123
33.24337769,126.3758087
33.24316589,126.3754813
33.24271803,126.3756199
33.24235345,126.3757352
33.24054337,126.3751678
33.24002075,126.3752747
33.23926544,126.3754349
33.23873901,126.3760223
33.24308014,126.3749619
33.24287033,126.3740082
33.24127487,126.3712579
33.24483109,126.3870468
33.24449921,126.3872299
33.24414825,126.3874512
33.24514389,126.3889847
33.24470901,126.3886795
33.24465179,126.3883591
33.24427032,126.3882141
33.2442627,126.388092
33.24359512,126.3862228
33.24369049,126.385788
33.24370193,126.3849564
33.2437706,126.3829956
33.24229431,126.382019
33.24178314,126.3818665
33.24346542,126.3865356
33.24431992,126.386322
33.24451828,126.3863068
33.24485779,126.3866959
33.24504089,126.3877487
33.24542999,126.3888474
33.24552536,126.3891449
33.24604416,126.3889236
33.24650192,126.3887405
33.24554443,126.3896408
33.24528885,126.3897934
33.24487686,126.3900833
33.24450684,126.3899918
33.24535751,126.389946
33.24557114,126.3903885
33.24588776,126.3905716
33.24282074,126.3849411
33.24127197,126.3832016
33.24142838,126.3828354
33.23496628,126.3721466
33.23482895,126.3716125
33.23476028,126.3712845
33.23469162,126.3711319
33.2347908,126.3704605
33.2348671,126.3698578
33.23487854,126.3693237
33.23487854,126.3727722
33.23476791,126.3732224
33.23488617,126.373764
33.23477554,126.3740997
33.2345075,126.374246
33.23408127,126.374382
33.23413086,126.3748932
33.23571777,126.373085
33.23540497,126.3730316
33.23537445,126.3731689
33.23604584,126.3729782
33.23585892,126.3728561
33.23564529,126.3723145
33.23456192,126.3720016
33.23444366,126.3720169
33.23474884,126.3722992
33.23474503,126.3725281
33.23440933,126.372673
33.23381424,126.3725128
33.23314285,126.3727722
33.25575638,126.4611206
33.2557106,126.4605789
33.25529861,126.4605789
33.25590515,126.4604263
33.2563591,126.4604874
33.25697708,126.4606323
33.25720215,126.4608536
33.25656891,126.4598236
33.25684357,126.4596024
33.25724792,126.4593201
33.25737,126.4588928
33.25746155,126.4584351
33.25754547,126.4580765
33.25807953,126.4620056
33.25828934,126.4621582
33.2583847,126.4618988
33.25859833,126.4623108
33.25870514,126.4632492
33.25985336,126.464035
33.26028061,126.4637985
33.26089859,126.4639206
33.26058678,126.4645012
33.26105499,126.4651184
33.26160812,126.4649429
33.2622261,126.4651673
33.26134109,126.4662094
33.25435257,126.4611359
33.25415421,126.4620667
33.25453949,126.4616623
33.25483704,126.4614105
33.25483101,126.4616227
33.25481193,126.4619019
33.25524521,126.461235
33.25547409,126.4612808
33.25580597,126.4614792
33.25597,126.4614716
33.25656128,126.4619141
33.2569046,126.462059
33.25631332,126.461525
33.25666809,126.4613342
33.25686646,126.4613419
33.25736237,126.4612274
33.25732422,126.4601059
33.2575264,126.460907
33.25759888,126.4615402
33.25736618,126.4621658
33.25774765,126.4627075
33.25742722,126.462616
33.25799942,126.4625473
33.25819397,126.4609528
33.25809097,126.4606247
33.25848589,126.4608249
33.25878143,126.4608536
33.25925827,126.4606171
33.25967026,126.4606552
33.26018039,126.4606965
33.26062775,126.4606476
33.26099396,126.4606247
33.26421356,126.4608459
33.26439312,126.461713
33.26536942,126.4628677
33.2660408,126.4634323
33.26609039,126.4638214
33.26496124,126.4657669
33.26529694,126.4652176
33.26635742,126.4595947
33.26525116,126.4582291
33.26455688,126.458252
33.26424789,126.4589081
33.26411057,126.4592667
33.26376343,126.4599152
33.26724295,126.4592793
33.26776505,126.4591446
33.27019882,126.4580078
33.27061344,126.457882
33.27194214,126.4577332
33.27326584,126.4573593
33.26319122,126.4600983
33.26359558,126.4602127
33.2661171,126.4607315
33.27268219,126.463295
33.27444077,126.4636154
33.27709579,126.4644241
33.27838516,126.4651413
33.27152634,126.4625778
33.28048798,126.4619242
33.28102462,126.4619665
33.28141437,126.4619185
33.27985764,126.4618149
33.28581056,126.4558879
33.26390839,126.6193008
33.26417542,126.6192932
33.2644043,126.6192932
33.26463318,126.6192932
33.2650032,126.6193008
33.26548004,126.6194687
33.26576996,126.6192932
33.2659111,126.6190948
33.26621628,126.6194382
33.26659775,126.6194305
33.25917816,126.6193695
33.25945663,126.6185684
33.259758,126.6183243
33.25959015,126.6182404
33.25909805,126.6197433
33.25905609,126.620163
33.25902176,126.620697
33.25836945,126.6210556
33.25857925,126.62117
33.25862503,126.6214676
33.25875092,126.6218338
33.25875854,126.6226273
33.25845718,126.6230927
33.25073624,126.6196899
33.25121307,126.6196899
33.25147629,126.6197128
33.25183779,126.6197381
33.25226593,126.619812
33.25320816,126.6197891
33.25374985,126.6197891
33.25419235,126.619873
33.25458145,126.6197357
33.25434875,126.6192245
33.25400543,126.6186142
33.25348282,126.6178284
33.25498581,126.6197052
33.25548553,126.6197891
33.25580597,126.6199188
33.25644684,126.6196976
33.2563591,126.6199112
33.25679398,126.6195221
33.25695419,126.6191559
33.25725174,126.6188583
33.25711441,126.619545
33.25756454,126.6196671
33.25735855,126.6201782
33.25807571,126.6196671
33.2584343,126.6197052
33.25966644,126.619545
33.26068878,126.6192627
33.26099014,126.6191101
33.26144028,126.6189575
33.26196671,126.6182327
33.26196289,126.6185532
33.26245499,126.6185608
33.26281357,126.618103
33.26213837,126.5277328
33.26317215,126.5281296
33.26777649,126.5292892
33.26825714,126.5299759
33.26865768,126.5305405
33.26950836,126.5308075
33.26866531,126.5309525
33.26951594,126.5311155
33.27022261,126.5308219
33.2686348,126.5311813
33.26872253,126.5323639
33.26931061,126.5352623
33.26932526,126.5361481
33.26186371,126.5285492
33.27118699,126.527158
33.26245499,126.5290375
33.26303101,126.5288773
33.26337532,126.5285886
33.26377106,126.5283813
33.26419067,126.5285187
33.26463318,126.5287247
33.26537704,126.5285339
33.26663971,126.5283813
33.26692963,126.528244
33.26734287,126.5280978
33.26815731,126.5276949
33.26876869,126.5278338
33.26979446,126.5281372
33.2712326,126.5285416
33.27266693,126.528801
33.27320862,126.529007
33.27392578,126.5288544
33.27467346,126.5293045
33.26502228,126.5539856
33.26557541,126.5539627
33.26657867,126.553566
33.26593399,126.553215
33.26621246,126.5535126
33.26651764,126.5531082
33.26462173,126.5508881
33.26447296,126.5515671
33.26469421,126.5518036
33.26480484,126.5521317
33.2648201,126.5527573
33.26519816,126.5528051
33.26483154,126.5530548
33.26468658,126.5530548
33.26488495,126.5532608
33.2649498,126.5537338
33.2645874,126.5539017
33.26481247,126.5540771
33.26495743,126.55439
33.26484299,126.5545273
33.26508713,126.5546036
33.26560974,126.5548325
33.26589584,126.5547028
33.26609802,126.5547028
33.26532745,126.5550079
33.26536942,126.5553665
33.26592255,126.555809
33.26616287,126.5559235
33.26668167,126.5558243
33.26544189,126.5556793
33.26564026,126.5560074
33.25695801,126.5283737
33.2570343,126.5293045
33.25696945,126.5298462
33.25714553,126.5281123
33.2569313,126.5283051
33.25647354,126.5280685
33.25627899,126.5282745
33.25590897,126.5284195
33.25577419,126.5284792
33.2557869,126.5279083
33.25579834,126.5277176
33.25577927,126.5275345
33.25510025,126.5290604
33.25489426,126.5292511
33.25469971,126.5294342
33.25437927,126.5301208
33.25439904,126.5296241
33.25409317,126.5298309
33.25376129,126.5300903
33.2532692,126.5303345
33.25283051,126.5302811
33.25245285,126.5308304
33.25208664,126.5313797
33.25184169,126.5322857
33.25173187,126.5328217
33.25153732,126.5338364
33.25047302,126.5342712
33.24599075,126.5354919
33.24599457,126.5362473
33.24536514,126.5371475
33.24502541,126.537722
33.25708771,126.5302734
33.2547226,126.5267715
33.25451279,126.5269699
33.253685,126.527298
33.25320053,126.5273743
33.25252533,126.5273514
33.25180817,126.5273514
33.25162196,126.5278228
33.25128796,126.5283128
33.25134636,126.5270704
33.25119781,126.5266647
33.25095749,126.5267715
33.25154114,126.5261536
33.2507109,126.5265266
33.25524233,126.5273177
33.25527191,126.5276031
33.25496292,126.5288391
33.25868988,126.526329
33.25870132,126.5271301
33.2583847,126.5273666
33.25807571,126.5279846
33.25971603,126.5278702
33.25925446,126.5281906
33.25862885,126.5281601
33.25864029,126.5276566
33.25778198,126.529068
33.25753784,126.5298309
33.2543335,126.5249863
33.25463301,126.5259447
33.25467665,126.5261564
33.25505275,126.5266614
33.25534187,126.5268195
33.25549316,126.5268402
33.25589916,126.52696
33.2561929,126.5271463
33.25647354,126.5266342
33.25646591,126.5273743
33.25724411,126.5273285
33.25764847,126.5263824
33.25757599,126.5259705
33.2578392,126.5256042
33.25817871,126.5254059
33.25839423,126.5254321
33.25863907,126.525801
33.25881195,126.5258484
33.25930405,126.5258484
33.25963697,126.5259257
33.26015091,126.5260468
33.26026917,126.5264053
33.26005554,126.5269089
33.26028824,126.5272141
33.26100922,126.5275192
33.25865173,126.5294113
33.25901794,126.5298462
33.2587471,126.5300064
33.25969315,126.5300064
33.25954819,126.5325546
33.25977707,126.5328522
33.25971985,126.5330811
33.25974655,126.5340118
33.25989461,126.5344563
33.2632585,126.533172
33.26565552,126.5327148
33.26547241,126.5331192
33.2655983,126.5334778
33.26575851,126.533783
33.27079391,126.5324249
33.27112961,126.5311661
33.27126694,126.530426
33.27129364,126.5297623
33.27126694,126.5294037
33.2712822,126.5288544
33.25766373,126.5275116
33.25748703,126.5278181
33.25836182,126.5295105
33.25825882,126.5284195
33.25868607,126.5289841
33.2690239,126.5311356
33.25983047,126.5292892
33.26026917,126.52948
33.26087952,126.5295105
33.26211548,126.5300751
33.26229858,126.5298615
33.26218414,126.5292969
33.263134,126.5299606
33.2635994,126.530571
33.26390839,126.5307922
33.26429367,126.5310211
33.26486588,126.5315399
33.26505661,126.5314865
33.26565552,126.5320587
33.26571655,126.5323105
33.26643753,126.5317001
33.26665244,126.531493
33.26670837,126.5310287
33.2661576,126.5323704
33.26646423,126.532608
33.26763535,126.5332108
33.26888657,126.5333176
33.26934052,126.533371
33.27170944,126.5329132
33.27227402,126.5335999
33.27303314,126.5347595
33.27355194,126.5349274
33.27439499,126.5347214
33.27602768,126.533989
33.27629658,126.5336245
33.27669907,126.5334396
33.2782135,126.5338898
33.27907944,126.5321884
33.27867889,126.531723
33.27973557,126.5324326
33.28068542,126.5332794
33.28126144,126.5336914
33.28140259,126.5344162
33.2555542,126.5410309
33.2559433,126.5413589
33.25670624,126.5419159
33.25731277,126.5419083
33.2578125,126.5421524
33.25839615,126.5418243
33.25551224,126.5385284
33.25524521,126.538475
33.25463104,126.5385284
33.25416183,126.5386047
33.25504303,126.5384293
33.25508382,126.5379185
33.25505066,126.5366745
33.25499725,126.5358429
33.25489807,126.5347519
33.2547613,126.5336438
33.25443316,126.5326958
33.25439453,126.5315399
33.25424807,126.5308322
33.25223923,126.5328751
33.25761795,126.5342865
33.25877762,126.5334473
33.25923538,126.5333023
33.26025772,126.5325623
33.26051712,126.5323868
33.26072311,126.5320129
33.26090622,126.5317917
33.26102829,126.5317459
33.25792313,126.5317535
33.25809097,126.5330505
33.258358,126.533844
33.25874329,126.5346832
33.25884247,126.5353775
33.25906754,126.5364532
33.25941288,126.5376489
33.25965965,126.5379373
33.26054764,126.5383301
33.26005363,126.5396309
33.25955043,126.540095
33.26094155,126.5383652
33.26135938,126.5385884
33.26173095,126.5391016
33.26143841,126.5392346
33.26113227,126.5393462
33.26208115,126.5389557
33.25527191,126.5404053
33.2552948,126.5402451
33.25531769,126.5400467
33.25538635,126.5398331
33.25539017,126.5396805
33.25541306,126.5395432
33.25544357,126.5393906
33.25548172,126.5391922
33.25551224,126.5390244
33.2555542,126.538826
33.25559998,126.5385666
33.25600358,126.5385522
33.25564957,126.5383072
33.25569916,126.5381241
33.25574493,126.5378723
33.25577164,126.5377274
33.25582504,126.5374756
33.25588608,126.5372467
33.25597763,126.5370407
33.25605392,126.5368958
33.25615692,126.5367584
33.25617981,126.5366364
33.25627136,126.5364304
33.25636673,126.5362244
33.25640488,126.5361557
33.25642014,126.5360413
33.25651169,126.5357132
33.25655746,126.5355759
33.2564888,126.5353394
33.25663757,126.5353317
33.25659561,126.5349808
33.25668335,126.535141
33.2567749,126.5348969
33.25670242,126.534584
33.25682068,126.534729
33.25688934,126.5345154
33.2570082,126.5341362
33.25704485,126.5339898
33.25694656,126.5336914
33.25707561,126.533779
33.25649261,126.5338058
33.25712539,126.5335279
33.25716154,126.5332514
33.25718654,126.5330044
33.25720377,126.532791
33.25724127,126.5325722
33.25727437,126.5323842
33.25730066,126.5321815
33.25731925,126.5320298
33.2573408,126.5317681
33.25736349,126.5315091
33.25740321,126.5312822
33.25728607,126.5310516
33.25694401,126.5314483
33.25653761,126.531869
33.25746918,126.5310745
33.25743484,126.5274124
33.25743396,126.5269008
33.25717163,126.5241699
33.25782394,126.5238419
33.25805283,126.5234299
33.2575798,126.5219116
33.25769806,126.5222244
33.2579155,126.522438
33.25714493,126.5596466
33.25689316,126.5593872
33.25653839,126.5592728
33.25766373,126.5595551
33.25771713,126.5590134
33.25741196,126.5587921
33.25764847,126.5584869
33.25744629,126.5584717
33.25722449,126.5591465
33.25712585,126.5589676
33.25711441,126.5583725
33.25708771,126.5578384
33.25708008,126.5574951
33.25712672,126.5566908
33.25436401,126.5584946
33.25428772,126.5578079
33.25456238,126.5578537
33.25514221,126.5578537
33.25488663,126.557579
33.2543602,126.5572891
33.25348282,126.5575333
33.25320053,126.5576019
33.25281143,126.5576859
33.25662994,126.5566864
33.25644684,126.5561905
33.25710297,126.5570908
33.2579155,126.5567932
33.25817871,126.5568924
33.25878143,126.5569458
33.25880814,126.5575943
33.25920486,126.5574799
33.25925446,126.5563126
33.26007843,126.5555344
33.26040649,126.5555954
33.26070786,126.5556335
33.26096344,126.5556793
33.26098633,126.5559235
33.26135254,126.5560303
33.2612114,126.5557022
33.26160431,126.555809
33.26184464,126.5557785
33.262043,126.5558167
33.2623024,126.5558624
33.26263428,126.5559006
33.26310349,126.5559692
33.26329803,126.5559921
33.2638588,126.5560913
33.26467896,126.5560532
33.26511002,126.55616
33.26551603,126.5559642
33.26307678,126.6074142
33.26313782,126.6062317
33.26317978,126.6052856
33.26314163,126.6046906
33.26307297,126.6041565
33.2629769,126.6036811
33.26284956,126.6029774
33.26277161,126.6025009
33.26270141,126.6021141
33.26203156,126.5980759
33.26053619,126.5979309
33.26169586,126.5974045
33.26389313,126.6098099
33.26449966,126.6100769
33.26502228,126.6099701
33.26540375,126.609436
33.26533508,126.6090622
33.26527405,126.6087494
33.26552963,126.6098862
33.26581955,126.609787
33.26501465,126.6118088
33.26522827,126.612236
33.26553726,126.612236
33.26565552,126.6124039
33.26561737,126.6126785
33.26582336,126.6130753
33.26403437,126.6170867
33.26431656,126.6169968
33.26465988,126.6165085
33.26469421,126.6170273
33.26509476,126.6170959
33.26543045,126.6171951
33.26596304,126.6171869
33.26336288,126.6169281
33.26304245,126.6167526
33.26234818,126.6165314
33.26253189,126.6159448
33.26255035,126.6155243
33.2617569,126.6166611
33.26296616,126.6203308
33.26264572,126.6199036
33.26216125,126.6199417
33.26201248,126.6204147
33.26264191,126.6195755
33.26254654,126.6193008
33.26240921,126.6190186
33.26073074,126.6008911
33.26067352,126.6010971
33.26084518,126.6012268
33.26100159,126.6016312
33.26118469,126.6021729
33.26134491,126.6025848
33.26152802,126.6030655
33.26140594,126.6031113
33.26181412,126.6039276
33.26192856,126.6042252
33.26177216,126.6041946
33.26211548,126.6048279
33.26230621,126.605484
33.26229858,126.6058807
33.26249695,126.6061172
33.26260376,126.6065063
33.2628212,126.6072235
33.26289749,126.6074753
33.26183319,126.5962677
33.26301575,126.607872
33.26312256,126.6082153
33.2631073,126.6087494
33.26280594,126.609024
33.26324844,126.6087036
33.26335907,126.6091156
33.26347733,126.609581
33.26337051,126.6095657
33.26361084,126.6100922
33.26345444,126.6099396
33.26354599,126.6103592
33.2636795,126.6105042
33.26434708,126.6106415
33.26387104,126.6113039
33.26396179,126.6116867
33.26405716,126.6121368
33.26412582,126.6126175
33.2641752,126.6130667
33.26415634,126.6133194
33.2641101,126.6135137
33.2640152,126.6138687
33.26390457,126.614212
33.26413727,126.6149063
33.26373422,126.6144196
33.26358032,126.6148529
33.26366806,126.6149979
33.26357668,126.6152239
33.2635869,126.6156156
33.26367188,126.6158829
33.2635937,126.6159912
33.2636795,126.6161423
33.26369095,126.6164246
33.26369858,126.6166763
33.26356888,126.6166916
33.26368332,126.6171036
33.26358032,126.6173553
33.2636795,126.617691
33.26364136,126.6179352
33.26351547,126.6180496
33.26358414,126.6184311
33.26350021,126.6183777
33.26348114,126.6187668
33.26356888,126.6189804
33.2634964,126.6190109
33.26360321,126.6194611
33.26351166,126.6194534
33.26362228,126.6199188
33.26361465,126.6202393
33.26351929,126.6203766
33.26388168,126.6205444
33.26358032,126.6206665
33.26358414,126.6209183
33.26347733,126.6213989
33.26359558,126.6219025
33.26348877,126.6217346
33.26359558,126.6221466
33.26360703,126.622345
33.26360321,126.6226196
33.26225281,126.6227798
33.26215363,126.6221161
33.26198959,126.6219559
33.26258087,126.6218109
33.26180649,126.6217804
33.26187897,126.6210403
33.26018143,126.6218872
33.26059341,126.621254
33.26137161,126.6209259
33.26153946,126.6209335
33.25911713,126.6147537
33.25901004,126.6152654
33.25891876,126.6157761
33.25889969,126.6162033
33.25851822,126.6161499
33.26585229,126.6109181
33.26601028,126.6110153
33.26634598,126.6110153
33.26745224,126.6143799
33.26817703,126.6148758
33.2620697,126.6238327
33.25667953,126.6187668
33.25670624,126.6179581
33.25690842,126.6169586
33.25669479,126.616539
33.25673676,126.6157532
33.26031876,126.6133423
33.26003647,126.6119919
33.2599144,126.6115646
33.26169205,126.6128616
33.26201454,126.6133888
33.26140213,126.6125565
33.2606926,126.6112518
33.26224899,126.6114197
33.26280975,126.6110764
33.26332855,126.6114349
33.26364517,126.6115646
33.26458359,126.6109161
33.26459122,126.6112823
33.26464462,126.6117401
33.26644516,126.6108627
33.2665062,126.6113968
33.2665863,126.6119232
33.26705551,126.6122589
33.26977539,126.6101837
33.27009583,126.6100922
33.26961517,126.6102753
33.26946259,126.6099167
33.27155342,126.610383
33.26066589,126.5589294
33.26058197,126.5585938
33.2606163,126.5584106
33.25973129,126.5580978
33.26049805,126.5580597
33.2604033,126.557722
33.26002884,126.5572586
33.25963593,126.5572662
33.26037118,126.5572459
33.26092529,126.5571976
33.26123047,126.5572052
33.26150131,126.5571976
33.26186752,126.5571823
33.26025817,126.5568427
33.26014328,126.5564575
33.26008571,126.5562036
33.25997925,126.5557251
33.25989914,126.5550537
33.25987244,126.5546036
33.25938034,126.5545349
33.25928497,126.5538712
33.25921631,126.5536118
33.25907105,126.5532803
33.25873184,126.552269
33.25827026,126.5513687
33.25873947,126.5513
33.25868988,126.550499
33.25852203,126.5496902
33.25741196,126.5482101
