개방자치단체코드,관리번호,구분명,근거법령명,화장실명,소재지도로명주소,소재지지번주소,남성용-대변기수,남성용-소변기수,남성용-장애인용대변기수,남성용-장애인용소변기수,남성용-어린이용대변기수,남성용-어린이용소변기수,여성용-대변기수,여성용-장애인용대변기수,여성용-어린이용대변기수,관리기관명,전화번호,개방시간,개방시간상세,설치연월,화장실소유구분명,오물처리방식,안전관리시설설치대상여부,비상벨설치여부,비상벨설치장소,화장실입구CCTV설치유무,기저귀교환대유무,기저귀교환대장소,리모델링연월,데이터기준일자,데이터갱신구분,데이터갱신시점,최종수정시점,위도,경도
6510000,202465100000101129,간이화장실,법제3조제16호-영제3조제1항제2호,단풍나무숲 화장실,제주특별자치도 제주시516로2596 한라생태숲,,1,2,0,0,0,0,2,0,0,산림녹지과,0647108682,정시,09:00~18:00,,공공기관-지방자치단체,수거식,Y,N,,N,N,,,2023-12-31,I,2026-05-15 18:43:46,2024-01-05 14:28:24,33.4307713,126.5964042
6510000,202465100000101121,개방화장실,법제3조제16호-영제3조제1항제1호,제주항 연안여객터미널(2층 식당),제주특별자치도 제주시 임항로 111,,4,5,1,1,0,0,4,1,0,제주특별자치도 해운항만과,0647108693,정시,04:30~21:00,,공공기관-지방자치단체,수세식,Y,Y,장애인화장실+남자화장실+여자화장실,N,Y,남자화장실+여자화장실,,2023-12-31,I,2026-05-15 18:43:46,2024-01-05 14:28:24,33.5200407,126.5342262
6510000,202465100000101347,공중화장실,법제3조제16호-영제3조제1항제1호,하도어촌체험어장,,제주특별자치도 제주시 구좌읍 하도리 22-1,2,2,0,0,0,0,4,0,0,제주특별자치도 제주시 구좌읍,0647287745,상시,,,공공기관-지방자치단체,수세식,Y,Y,남자화장실+여자화장실,N,N,,,2023-12-31,I,2026-05-15 18:43:46,2024-01-05 14:28:26,33.5198918,126.9012146
6510000,202465100000101447,공중화장실,법제3조제16호-영제3조제1항제1호,삼양포구(해양수산과),제주특별자치도 제주시 서흘1길 79,제주특별자치도 제주시 삼양1동 1912-7,2,0,0,0,0,0,3,1,0,삼양동,0647288178,상시,,,공공기관-지방자치단체,수세식,Y,Y,여자화장실,N,Y,여자화장실,,2023-12-31,I,2026-05-15 18:43:46,2024-01-05 14:28:27,33.5318463,126.5914725
6510000,202465100000101663,개방화장실,법제3조제16호-영제3조제1항제1호,외도동주민센터,제주특별자치도 제주시 일주서로 7350,,6,6,3,3,0,0,3,3,0,외도동,,정시,09:00~18:00,,공공기관-지방자치단체,수세식,Y,Y,남자화장실+여자화장실,N,Y,여자화장실,,2025-12-31,I,2026-05-15 18:43:46,2026-05-08 14:53:12,33.4929258,126.4321221
6510000,202465100000101304,공중화장실,법제3조제16호-영제3조제1항제1호,애월읍공설묘지,,제주특별자치도 제주시 애월읍 광령리 산157,1,0,0,0,0,0,1,0,0,애월읍,0647288866,상시,,,공공기관-지방자치단체,수거식,N,N,,N,Y,여자화장실,,2023-12-31,I,2026-05-15 18:43:46,2024-01-05 14:28:25,33.4195072,126.4471924
6510000,202465100000101389,공중화장실,법제3조제16호-영제3조제1항제1호,올레13코스,제주특별자치도 제주시 한경면 신정로 124-2,,2,1,1,0,0,0,3,1,0,한경면,0647287954,상시,,,공공기관-지방자치단체,수세식,Y,Y,남자화장실+여자화장실,N,N,,,2023-12-31,I,2026-05-15 18:43:46,2024-01-05 14:28:26,33.3249568,126.1943852
6510000,202465100000101381,공중화장실,법제3조제16호-영제3조제1항제1호,저지오름주차장,,제주특별자치도 제주시 한경면 저지리 산52,1,2,0,0,0,0,2,0,0,한경면,0647287954,상시,,,공공기관-지방자치단체,수세식,Y,Y,남자화장실+여자화장실,N,N,,,2023-12-31,I,2026-05-15 18:43:46,2024-01-05 14:28:26,33.3350001,126.2477389
6510000,202465100000101255,개방화장실,법제3조제5호,한마음공원(곰솔곶화장실)(한마음병원서쪽),,제주특별자치도 제주시 이도2동 1942-1,3,3,1,0,0,0,7,2,0,제주시 공원녹지과,0647283605,상시,24시간,,공공기관-지방자치단체,수세식,Y,Y,남자화장실+여자화장실,Y,Y,여자화장실,,2023-12-31,I,2026-05-15 18:43:46,2024-01-05 14:28:25,33.4955404,126.5447114
6510000,202465100000101412,공중화장실,법제3조제16호-영제3조제1항제1호,대서광장(공연장),제주특별자치도 제주시 추자로 37,제주특별자치도 제주시 추자면 대서리 147-5지선,2,1,0,0,1,2,0,0,0,추자면,0647284283,상시,,,공공기관-지방자치단체,수세식,Y,Y,장애인화장실+남자화장실+여자화장실,N,Y,여자화장실,,2023-12-31,I,2026-05-15 18:43:46,2024-01-05 14:28:27,,
6510000,202465100000101408,공중화장실,법제3조제16호-영제3조제1항제1호,영흥리(광장),제주특별자치도 제주시 추자로 107,제주특별자치도 제주시 추자면 영흥리 367-14,2,1,0,0,1,2,0,0,0,추자면,0647284283,상시,,,공공기관-지방자치단체,수세식,Y,Y,장애인화장실,N,Y,여자화장실,,2023-12-31,I,2026-05-15 18:43:46,2024-01-05 14:28:26,,
6510000,202465100000101400,공중화장실,법제3조제16호-영제3조제1항제1호,등대공원,제주특별자치도 제주시 추자면 영흥4길 46,,2,1,0,0,1,1,0,0,0,추자면,0647284283,상시,,,공공기관-지방자치단체,수세식,Y,Y,남자화장실+여자화장실,N,Y,여자화장실,,2023-12-31,I,2026-05-15 18:43:46,2024-01-05 14:28:26,,
6510000,202465100000101252,개방화장실,법제3조제5호,노형근린공원(한화@ 서쪽),제주특별자치도 제주시 과원북4길 12,,4,5,1,0,0,0,4,1,0,제주시 공원녹지과,0647283605,상시,24시간,,공공기관-지방자치단체,수세식,Y,Y,남자화장실+여자화장실,N,N,여자화장실,,2023-12-31,I,2026-05-15 18:43:46,2024-01-05 14:28:25,33.4808937,126.4828696
6510000,202465100000101207,공중화장실,법제3조제4호,민속오일시장C(주차장P3),제주특별자치도 제주시 오일장서길 26,,2,3,1,0,0,0,4,1,0,제주시 경제소상공인과,0647282827,정시,06:00~22:00,,공공기관-지방자치단체,수세식,Y,Y,여자화장실,N,Y,여자화장실,,2023-12-31,I,2026-05-15 18:43:46,2024-01-05 14:28:25,33.4972470,126.4748884
6510000,202465100000101238,개방화장실,법제3조제5호,"신산공원1(동쪽, 입구쪽)",제주특별자치도 제주시 신산로 92-12,,7,6,2,1,0,0,8,1,0,제주시 공원녹지과,0647283605,상시,24시간,,공공기관-지방자치단체,수세식,Y,Y,장애인화장실+남자화장실+여자화장실,Y,Y,여자화장실,,2023-12-31,I,2026-05-15 18:43:46,2024-01-05 14:28:25,33.5052969,126.5337445
6510000,202465100000101230,간이화장실,법제3조제13호,제주시생활체육공원(파크골프장),제주특별자치도 제주시 와흘전1길32,,1,2,0,0,0,0,2,0,0,제주시 체육진흥과,0647283279,정시,08:00~18:00,,공공기관-지방자치단체,수세식,N,N,,N,N,,,2023-12-31,I,2026-05-15 18:43:46,2024-01-05 14:28:25,33.4723756,126.6365086
6510000,202465100000101307,공중화장실,법제3조제16호-영제3조제1항제1호,선운정사내,제주특별자치도 제주시 애월읍 구몰동길 65,,2,3,1,0,0,0,3,0,0,애월읍,0647998588,상시,,,공공기관-지방자치단체,수세식,Y,Y,남자화장실+여자화장실,N,N,,,2023-12-31,I,2026-05-15 18:43:46,2024-01-05 14:28:25,33.4293598,126.3071463
6510000,202465100000101128,간이화장실,법제3조제16호-영제3조제1항제2호,유아숲체험원 화장실,제주특별자치도 제주시516로2596 한라생태숲,,1,1,0,0,1,0,2,1,1,산림녹지과,0647108682,정시,09:00~18:00,,공공기관-지방자치단체,수거식,Y,Y,남자화장실+여자화장실,N,N,,,2023-12-31,I,2026-05-15 18:43:46,2024-01-05 14:28:24,33.4307713,126.5964042
6510000,202465100000101120,개방화장실,법제3조제16호-영제3조제1항제1호,제주항 연안여객터미널(1층 대합실),제주특별자치도 제주시 임항로 111,,3,4,0,0,0,0,3,0,0,제주특별자치도 해운항만과,0647108693,정시,04:30~21:00,,공공기관-지방자치단체,수세식,Y,Y,장애인화장실+남자화장실+여자화장실,N,Y,남자화장실+여자화장실,,2023-12-31,I,2026-05-15 18:43:46,2024-01-05 14:28:24,33.5200407,126.5342262
6510000,202465100000101223,개방화장실,법제3조제13호,주경기장 1층(본관좌측),제주특별자치도 제주시 서광로2길 24,,3,3,1,0,0,0,7,1,0,제주시 체육진흥과,0647283279,정시,09:00~18:00,,공공기관-지방자치단체,수세식,Y,Y,여자화장실,N,N,,,2023-12-31,I,2026-05-15 18:43:46,2024-01-05 14:28:25,33.4950629,126.5187972
6510000,202465100000101286,공중화장실,법제3조제2호,귀덕2리방파제,제주특별자치도 제주시 한림읍 한림해안로 621,,1,2,0,0,0,0,2,0,0,한림읍,0647287652,상시,24시간,,공공기관-지방자치단체,수세식,Y,Y,남자화장실+여자화장실,N,N,,,2023-12-31,I,2026-05-15 18:43:46,2024-01-05 14:28:25,33.4424830,126.2786671
6510000,202465100000101166,개방화장실,법제3조제15호,문화예술진흥원,제주특별자치도 제주시 동광로 69,,18,37,1,6,0,0,41,2,0,문화예술진흥원 운영과,0647107621,정시,09:00~18:00,,공공기관-지방자치단체,수세식,Y,Y,장애인화장실+남자화장실+여자화장실,N,Y,남자화장실+여자화장실,,2023-12-31,I,2026-05-15 18:43:46,2024-01-05 14:28:24,33.5044440,126.5351724
6510000,202465100000101464,공중화장실,법제3조제16호-영제3조제1항제1호,이호테우해변(상황실1층),,제주특별자치도 제주시 이호일동 1665-6,7,6,1,0,0,0,6,1,0,이호동,0647284935,상시,,,공공기관-지방자치단체,수세식,Y,Y,남자화장실+여자화장실,N,N,,,2023-12-31,I,2026-05-15 18:43:46,2024-01-05 14:28:27,33.4974579,126.4540556
6510000,202465100000101187,개방화장실,법제3조제16호-영제3조제1항제1호,공항입구주차장,제주특별자치도 제주시 다호북길 7,,1,4,0,0,0,0,2,0,0,제주시 차량관리과,0647283826,상시,24시간,,공공기관-지방자치단체,수세식,Y,Y,남자화장실+여자화장실,N,Y,남자화장실+여자화장실,,2023-12-31,I,2026-05-15 18:43:46,2024-01-05 14:28:24,33.5036750,126.4957131
6510000,202465100000101382,공중화장실,법제3조제16호-영제3조제1항제1호,마중오름,,제주특별자치도 제주시 한경면 저지리 2181,1,2,0,0,0,0,3,0,0,한경면,0647287954,상시,,,공공기관-지방자치단체,수세식,N,N,,N,N,,,2023-12-31,I,2026-05-15 18:43:46,2024-01-05 14:28:26,33.3345938,126.2760292
6510000,202465100000101206,공중화장실,법제3조제4호,민속오일시장B(문화광장),제주특별자치도 제주시 오일장서길 26,,2,5,1,0,0,0,5,1,0,제주시 경제소상공인과,0647282827,정시,06:00~22:00,,공공기관-지방자치단체,수세식,Y,Y,장애인화장실,N,Y,남자화장실+여자화장실,,2023-12-31,I,2026-05-15 18:43:46,2024-01-05 14:28:25,33.4972470,126.4748884
6510000,202465100000101393,공중화장실,법제3조제16호-영제3조제1항제1호,봉글레산,,제주특별자치도 제주시 추자면 대서리 산175,1,1,0,0,0,0,1,0,0,추자면,0647284283,상시,,,공공기관-지방자치단체,수세식,N,N,,N,N,남자화장실+여자화장실,,2023-12-31,I,2026-05-15 18:43:46,2024-01-05 14:28:26,,
6510000,202465100000101269,개방화장실,법제3조제1호,절물자연휴양림 3,제주특별자치도 제주시 명림로 584,,1,2,0,0,0,0,3,0,0,절물생태관리소,0647283637,상시,24시간,,공공기관-지방자치단체,수세식,Y,Y,남자화장실+여자화장실,N,N,,,2023-12-31,I,2026-05-15 18:43:46,2024-01-05 14:28:25,33.4400493,126.6252036
6510000,202465100000101261,공중화장실,법제3조제16호-영제3조제1항제1호,원당봉,제주특별자치도 제주시 원당로16길 16-30,,5,3,1,0,0,0,6,1,0,제주시 공원녹지과,0647283605,상시,24시간,,공공기관-지방자치단체,수세식,Y,Y,남자화장실+여자화장실,N,N,,,2023-12-31,I,2026-05-15 18:43:46,2024-01-05 14:28:25,33.5260045,126.5982201
6510000,202465100000101623,개방화장실,법제3조제16호-영제3조제1항제1호,애월보건지소,제주특별자치도 제주시 애월로 167,,2,1,0,0,0,0,2,0,0,제주 서부보건소,,정시,09:00~18:00,,공공기관-지방자치단체,수세식,Y,N,,N,N,,,2023-12-31,I,2026-05-15 18:43:46,2024-01-05 14:28:29,33.4641716,126.3249915
6510000,202465100000101227,개방화장실,법제3조제13호,사라봉축구장,제주특별자치도 제주시 동문로169,,2,2,1,0,0,0,3,1,0,제주시 체육진흥과,0647283279,정시,08:00~22:00,,공공기관-지방자치단체,수세식,Y,Y,여자화장실,N,N,,,2023-12-31,I,2026-05-15 18:43:46,2024-01-05 14:28:25,33.5137004,126.5444230
6510000,202465100000101432,개방화장실,법제3조제16호-영제3조제1항제1호,일도1동 주민센터 앞,제주특별자치도 제주시 중앙로7길 15,,2,2,0,0,0,0,2,1,0,일도1동,0647284416,상시,,,공공기관-지방자치단체,수세식,Y,Y,남자화장실+여자화장실,N,N,,,2023-12-31,I,2026-05-15 18:43:46,2024-01-05 14:28:27,33.5150583,126.5263771
6510000,202465100000101173,개방화장실,법제3조제16호-영제3조제1항제1호,보건환경연구원,제주특별자치도 제주시 삼동길 41,,9,13,7,7,0,0,14,7,0,보건환경연구원,0647106063,정시,09:00~18:00,,공공기관-지방자치단체,수세식,Y,Y,장애인화장실+남자화장실+여자화장실,N,N,,,2023-12-31,I,2026-05-15 18:43:46,2024-01-05 14:28:24,33.4799396,126.4950536
6510000,202465100000101118,개방화장실,법제3조제16호-영제3조제1항제1호,야외화장실(야외매점),제주특별자치도 제주시 임항로 191,,4,5,1,1,0,0,10,1,0,제주특별자치도 해운항만과,0647108693,상시,24시간,,공공기관-지방자치단체,수세식,Y,Y,장애인화장실+남자화장실+여자화장실,N,N,,,2023-12-31,I,2026-05-15 18:43:46,2024-01-05 14:28:24,33.5258374,126.5440785
6510000,202465100000101184,개방화장실,법제3조제16호-영제3조제1항제1호,인제 공영주차장,제주특별자치도 제주시 고마로19길 5,제주특별자치도 제주시 일도2동 409-11,1,2,0,0,0,0,2,0,0,제주시 차량관리과,0647283823,정시,12:00~22:00,,공공기관-지방자치단체,수세식,Y,Y,남자화장실+여자화장실,Y,Y,남자화장실+여자화장실,,2023-12-31,I,2026-05-15 18:43:46,2024-01-05 14:28:24,33.5048166,126.5419257
6510000,202465100000101292,공중화장실,법제3조제4호,한림중앙상가(1층 서쪽),제주특별자치도 제주시 한림읍 한림북동길 2,,4,4,0,0,0,0,5,0,0,한림읍 산업계,0647287631,정시,09:00~18:00,,공공기관-지방자치단체,수세식,Y,Y,남자화장실+여자화장실,Y,N,,,2023-12-31,I,2026-05-15 18:43:46,2024-01-05 14:28:25,33.4155049,126.2648394
6510000,202465100000101374,공중화장실,법제3조제16호-영제3조제1항제1호,차귀도,,제주특별자치도 제주시 한경면 고산리 산34,0,1,0,0,0,0,0,1,0,한경면,0647287954,상시,,,공공기관-지방자치단체,수세식,N,N,,N,N,,,2023-12-31,I,2026-05-15 18:43:46,2026-05-08 15:36:04,33.3109615,126.1611091
6510000,202465100000101285,공중화장실,법제3조제2호,수원리,제주특별자치도 제주시 한림읍 한림해안로 271,,1,2,1,0,0,0,3,1,0,한림읍,0647287652,상시,24시간,,공공기관-지방자치단체,수세식,Y,Y,남자화장실+여자화장실,N,Y,여자화장실,,2023-12-31,I,2026-05-15 18:43:46,2024-01-05 14:28:25,33.4254439,126.2643979
6510000,202465100000101636,개방화장실,법제3조제16호-영제3조제1항제1호,신촌문화의집,제주특별자치도 제주시 신촌서5길 63,,4,5,1,0,0,0,4,1,0,조천읍,,정시,09:00~18:00,,공공기관-지방자치단체,수세식,Y,N,,N,N,,,2023-12-31,I,2026-05-15 18:43:46,2024-01-05 14:28:29,33.5345951,126.6146264
6510000,202465100000101436,개방화장실,법제3조제16호-영제3조제1항제1호,시민복지타운(도시재생과),제주특별자치도 제주시 연삼로 286,,3,3,1,0,0,0,3,1,0,이도2동,0647284505,상시,,,공공기관-지방자치단체,수세식,Y,Y,남자화장실+여자화장실,N,Y,여자화장실,,2023-12-31,I,2026-05-15 18:43:46,2024-01-05 14:28:27,33.4918468,126.5238514
6510000,202465100000101256,개방화장실,법제3조제5호,삼화제6호 근린공원,,제주특별자치도 제주시 도련1동 1912,3,2,1,0,0,0,9,1,0,제주시 공원녹지과,0647283605,상시,24시간,,공공기관-지방자치단체,수세식,Y,Y,남자화장실+여자화장실,Y,Y,남자화장실+여자화장실,,2023-12-31,I,2026-05-15 18:43:46,2024-01-05 14:28:25,33.5130293,126.5837381
6510000,202465100000101466,공중화장실,법제3조제16호-영제3조제1항제1호,현사어촌정주어항,제주특별자치도 제주시 테우해안로 143,,1,2,0,0,0,0,2,0,0,이호동,0647284935,상시,,,공공기관-지방자치단체,수세식,Y,Y,남자화장실+여자화장실,N,N,,,2023-12-31,I,2026-05-15 18:43:46,2024-01-05 14:28:27,33.4975282,126.4495819
6510000,202465100000101198,개방화장실,법제3조제16호-영제3조제1항제1호,노형 제5 공영주차장,제주특별자치도 제주시 노형9길 15,제주특별자치도 제주시 노형동 3793,3,2,1,0,0,0,3,1,0,제주시 차량관리과,0647283823,정시,09:00~18:00,,공공기관-지방자치단체,수세식,Y,Y,남자화장실+여자화장실,N,Y,남자화장실+여자화장실,,2023-12-31,I,2026-05-15 18:43:46,2024-01-05 14:28:24,33.4832845,126.4768429
6510000,202465100000101190,개방화장실,법제3조제16호-영제3조제1항제1호,노형 제2 공영주차장,제주특별자치도 제주시 월랑로2길 1,,1,2,1,0,0,0,3,1,0,제주시 차량관리과,0647283823,정시,09:00~18:00,,공공기관-지방자치단체,수세식,Y,Y,남자화장실+여자화장실,Y,Y,남자화장실+여자화장실,,2023-12-31,I,2026-05-15 18:43:46,2024-01-05 14:28:24,33.4872972,126.4798118
6510000,202465100000101654,개방화장실,법제3조제16호-영제3조제1항제1호,화북동,제주특별자치도 제주시 진남로6길 17,,2,1,1,1,0,0,3,1,0,화북동,,정시,09:00~18:00,,공공기관-지방자치단체,수세식,Y,N,,N,N,,,2023-12-31,I,2026-05-15 18:43:46,2024-01-05 14:28:29,33.5202141,126.5653711
6510000,202465100000101651,개방화장실,법제3조제16호-영제3조제1항제1호,용담1동,제주특별자치도 제주시 용남3길 11,,3,2,1,1,0,0,4,1,0,용담1동,,정시,09:00~18:00,,공공기관-지방자치단체,수세식,Y,Y,장애인화장실+남자화장실+여자화장실,Y,N,,,2023-12-31,I,2026-05-15 18:43:46,2024-01-05 14:28:29,33.5091113,126.5132777
6510000,202465100000101659,개방화장실,법제3조제16호-영제3조제1항제1호,연동주민센터,제주특별자치도 제주시 신대로 101,,1,1,0,0,0,0,3,0,0,연동,,정시,09:00~18:00,,공공기관-지방자치단체,수세식,Y,Y,장애인화장실+남자화장실+여자화장실,N,N,,,2023-12-31,I,2026-05-15 18:43:46,2026-05-08 14:53:44,33.4883782,126.4969230
6510000,202465100000101430,공중화장실,법제3조제16호-영제3조제1항제1호,오봉리 전흘동 광장,,제주특별자치도 제주시 우도면 연평리 890-2,1,2,1,0,0,0,3,1,0,우도면,0647284342,상시,,,공공기관-지방자치단체,수세식,Y,Y,장애인화장실+남자화장실+여자화장실,N,Y,여자화장실,,2023-12-31,I,2026-05-15 18:43:46,2024-01-05 14:28:27,33.5191281,126.9503466
6510000,202465100000101438,개방화장실,법제3조제13호,용담체육공원,제주특별자치도 제주시 서해안로 580,,4,4,1,0,0,0,6,1,0,용담2동,0647284636,상시,,,공공기관-지방자치단체,수세식,Y,Y,남자화장실+여자화장실,Y,Y,여자화장실,,2023-12-31,I,2026-05-15 18:43:46,2024-01-05 14:28:27,33.5182371,126.4994427
6510000,202465100000101191,개방화장실,법제3조제16호-영제3조제1항제1호,노형 정존 공영주차장,제주특별자치도 제주시 수덕5 길34,,2,2,0,0,0,0,3,0,0,제주시 차량관리과,0647283823,정시,09:00~18:00,,공공기관-지방자치단체,수세식,Y,Y,남자화장실+여자화장실,Y,Y,남자화장실+여자화장실,,2023-12-31,I,2026-05-15 18:43:46,2024-01-05 14:28:24,33.4854762,126.4747532
6510000,202465100000101199,개방화장실,법제3조제16호-영제3조제1항제1호,화북일동 공영주차장,제주특별자치도 제주시 화남로 44,제주특별자치도 제주시 화북1동 2130-6,1,1,1,0,0,0,2,1,0,제주시 차량관리과,0647283242,정시,09:00~18:00,,공공기관-지방자치단체,수세식,Y,Y,남자화장실+여자화장실,N,Y,남자화장실+여자화장실,,2023-12-31,I,2026-05-15 18:43:46,2024-01-05 14:28:25,33.5140919,126.5631294
6510000,202465100000101346,공중화장실,법제3조제16호-영제3조제1항제1호,하도별방진,,제주특별자치도 제주시 구좌읍 하도리 1768-1,2,1,0,0,0,0,2,0,0,제주특별자치도 제주시 구좌읍,0647287745,상시,,,공공기관-지방자치단체,수세식,Y,Y,남자화장실+여자화장실,N,N,,,2023-12-31,I,2026-05-15 18:43:46,2024-01-05 14:28:26,33.5263590,126.8848154
6510000,202465100000101226,개방화장실,법제3조제13호,주경기장 2층(내8문),제주특별자치도 제주시 서광로2길 24,,2,1,0,0,0,0,10,0,0,제주시 체육진흥과,0647283279,상시,24시간,,공공기관-지방자치단체,수세식,Y,Y,여자화장실,N,N,,,2023-12-31,I,2026-05-15 18:43:46,2024-01-05 14:28:25,33.4950629,126.5187972
6510000,202465100000101601,개방화장실,법제3조제16호-영제3조제1항제1호,제주시청안내도움센터,제주특별자치도 제주시 광양9길 10,,0,1,0,0,0,0,0,0,0,제주시 총무과,0647282424,정시,09:00~18:00,,공공기관-지방자치단체,수세식,Y,N,,Y,Y,여자화장실,,2023-12-31,I,2026-05-15 18:43:46,2024-01-05 14:28:28,33.5002142,126.5322175
6510000,202465100000101609,개방화장실,법제3조제16호-영제3조제1항제1호,제주시청복지동,제주특별자치도 제주시 동광로6길 22,,3,5,0,0,0,0,3,0,0,제주시 총무과,0647282424,정시,09:00~18:00,,공공기관-지방자치단체,수세식,Y,N,,Y,N,,,2023-12-31,I,2026-05-15 18:43:46,2024-01-05 14:28:28,33.5002783,126.5325126
6510000,202465100000101367,공중화장실,법제3조제16호-영제3조제1항제1호,북촌어촌정주어항,,제주특별자치도 제주시 조천읍 북촌리 1363-4지선,2,1,1,1,0,0,2,1,0,조천읍,0647287862,상시,,,공공기관-지방자치단체,수세식,Y,Y,남자화장실+여자화장실,N,N,,,2023-12-31,I,2026-05-15 18:43:46,2024-01-05 14:28:26,33.5509142,126.6935147
6510000,202465100000101627,개방화장실,법제3조제16호-영제3조제1항제1호,한림읍 주민자치센터,제주특별자치도 제주시 한림로 636,,2,2,0,1,0,0,4,2,0,한림읍,,정시,09:00~18:00,,공공기관-지방자치단체,수세식,Y,N,,N,N,,,2023-12-31,I,2026-05-15 18:43:46,2024-01-05 14:28:29,33.4125612,126.2618283
6510000,202465100000101151,개방화장실,법제3조제1호,성판악 탐방안내소 화장실,제주특별자치도 제주시 조천읍 516로 1865,,3,5,1,0,0,0,10,1,0,세계유산본부 한라산국립공원관리소,0647107826,상시,24시간,,공공기관-지방자치단체,수세식,Y,N,장애인화장실+남자화장실+여자화장실,N,N,,,2023-12-31,I,2026-05-15 18:43:46,2024-01-05 14:28:24,33.3844995,126.6194071
6510000,202465100000101159,개방화장실,법제3조제16호-영제3조제1항제2호,제주현대미술관 야외화장실,제주특별자치도 제주시 한경면 저지12길 85-2,,2,3,1,0,0,1,5,1,0,제주현대미술관,0647107802,상시,00:00~24:00,,공공기관-지방자치단체,수세식,Y,N,장애인화장실+남자화장실+여자화장실,N,N,,,2023-12-31,I,2026-05-15 18:43:46,2024-01-05 14:28:24,33.3385868,126.2659791
6510000,202465100000101265,개방화장실,법제3조제5호,첨단5근린공원,,제주특별자치도 제주시 아라1동 3009,2,5,1,0,0,0,3,0,0,제주시 공원녹지과,0647283605,상시,24시간,,공공기관-지방자치단체,수세식,Y,Y,남자화장실+여자화장실,N,N,,,2023-12-31,I,2026-05-15 18:43:46,2024-01-05 14:28:25,33.4455944,126.5687396
6510000,202465100000101303,공중화장실,법제3조제2호,곽지해수욕장(종합상황실),제주특별자치도 제주시 애월읍 곽지1길 31,,4,7,1,0,0,0,7,1,0,애월읍,0647288883,상시,,,공공기관-지방자치단체,수세식,Y,Y,남자화장실+여자화장실,N,N,,,2023-12-31,I,2026-05-15 18:43:46,2024-01-05 14:28:25,33.4485059,126.3030938
6510000,202465100000101145,개방화장실,법제3조제1호,어리목 주차장 화장실,제주특별자치도 제주시 1100로 2070-61,,5,8,1,0,0,0,8,0,0,세계유산본부 한라산국립공원관리소,0647107826,상시,24시간,,공공기관-지방자치단체,수세식,Y,N,장애인화장실+남자화장실+여자화장실,N,Y,남자화장실+여자화장실,,2023-12-31,I,2026-05-15 18:43:46,2024-01-05 14:28:24,33.3926868,126.4948405
6510000,202465100000101132,공중화장실,법제3조제2호,해녀박물관(야외광장),제주특별자치도 제주시 해녀박물관길 26,,4,5,1,0,0,0,5,0,0,해녀박물관,06471077755,정시,09:00~18:00,,공공기관-지방자치단체,수세식,Y,Y,남자화장실+여자화장실,N,Y,여자화장실,,2023-12-31,I,2026-05-15 18:43:46,2024-01-05 14:28:24,33.5236099,126.8634256
6510000,202465100000101116,개방화장실,법제3조제16호-영제3조제1항제1호,제주항 국제여객터미널(크루즈 입국장),제주특별자치도 제주시 임항로 191,,2,3,1,1,0,0,5,1,0,제주특별자치도 해운항만과,0647108693,정시,04:30~21:00,,공공기관-지방자치단체,수세식,Y,Y,장애인화장실+남자화장실+여자화장실,N,Y,남자화장실+여자화장실,,2023-12-31,I,2026-05-15 18:43:46,2024-01-05 14:28:24,33.5258374,126.5440785
6510000,202465100000101340,공중화장실,법제3조제16호-영제3조제1항제1호,서동항포구,,제주특별자치도 제주시 구좌읍 평대리 2025-6지선,2,1,1,0,0,0,1,1,1,제주특별자치도 제주시 구좌읍,0647287745,상시,,,공공기관-지방자치단체,수세식,Y,Y,남자화장실+여자화장실,N,Y,여자화장실,,2023-12-31,I,2026-05-15 18:43:46,2024-01-05 14:28:26,33.5364802,126.8407856
6510000,202465100000101348,공중화장실,법제3조제2호,창흥동해수욕장,제주특별자치도 제주시 해맞이해안로 1973,제주특별자치도 제주시 구좌읍 하도리 46-3,5,9,1,0,0,8,8,1,0,제주특별자치도 제주시 구좌읍,0647287745,상시,,,공공기관-지방자치단체,수세식,Y,Y,남자화장실+여자화장실,N,Y,여자화장실,,2023-12-31,I,2026-05-15 18:43:46,2024-01-05 14:28:26,33.5135069,126.8987770
6510000,202465100000101620,개방화장실,법제3조제16호-영제3조제1항제1호,건강증진과(화북건강생활지원센터),제주특별자치도 제주시 동화로1길 45-22,,3,6,1,1,0,0,6,1,0,제주시 건강증진과,,정시,09:00~18:00,,공공기관-지방자치단체,수세식,Y,N,,N,N,,,2023-12-31,I,2026-05-15 18:43:46,2024-01-05 14:28:29,33.5183638,126.5783832
6510000,202465100000101628,개방화장실,법제3조제13호,한림체육관,제주특별자치도 제주시 한림중앙로 71-9,,3,3,1,1,0,0,0,0,0,한림읍,,정시,09:00~18:00,,공공기관-지방자치단체,수세식,Y,N,,N,N,,,2023-12-31,I,2026-05-15 18:43:46,2024-01-05 14:28:29,33.4096918,126.2685441
6510000,202465100000101630,개방화장실,법제3조제16호-영제3조제1항제1호,애월읍 (하귀)주민자치센터,제주특별자치도 제주시 하귀로21길 30,,3,5,0,0,0,0,4,1,0,애월읍,,정시,09:00~18:00,,공공기관-지방자치단체,수세식,Y,N,,N,N,,,2023-12-31,I,2026-05-15 18:43:46,2024-01-05 14:28:29,33.4796335,126.4033249
6510000,202465100000101638,개방화장실,법제3조제16호-영제3조제1항제1호,한경면 종합복지회관(이동민원실),제주특별자치도 제주시 칠전로 37,,2,4,1,1,1,1,9,1,0,한경면,,정시,09:00~18:00,,공공기관-지방자치단체,수세식,Y,Y,장애인화장실+남자화장실+여자화장실,N,N,,,2023-12-31,I,2026-05-15 18:43:46,2024-01-05 14:28:29,33.3004758,126.1837079
6510000,202465100000101204,공중화장실,법제3조제4호,서문공설시장(서쪽입구-제중 건너편),제주특별자치도 제주시 서문로4길 13-2,,2,3,1,0,0,0,3,1,0,제주시 경제소상공인과,0647282827,상시,24시간,,공공기관-지방자치단체,수세식,Y,Y,남자화장실+여자화장실,N,N,,,2023-12-31,I,2026-05-15 18:43:46,2024-01-05 14:28:25,33.5113512,126.5179062
6510000,202465100000101603,개방화장실,법제3조제16호-영제3조제1항제1호,제주시청2별관,제주특별자치도 제주시 광양9길 10,,6,9,0,0,0,0,7,0,0,제주시 총무과,0647282424,정시,09:00~18:00,,공공기관-지방자치단체,수세식,Y,N,,Y,Y,여자화장실,,2023-12-31,I,2026-05-15 18:43:46,2024-01-05 14:28:28,33.5002142,126.5322175
6510000,202465100000101251,개방화장실,법제3조제5호,수운공원(학생문화원 옆),제주특별자치도 제주시 청귤로5길 6-9,,5,4,1,0,0,0,6,1,0,제주시 공원녹지과,0647283605,상시,24시간,,공공기관-지방자치단체,수세식,Y,Y,남자화장실+여자화장실,Y,N,여자화장실,,2023-12-31,I,2026-05-15 18:43:46,2024-01-05 14:28:25,33.4997529,126.5396874
6510000,202465100000101259,개방화장실,법제3조제5호,제41호 어린이공원(제주은행 동쪽),,제주특별자치도 제주시 일도2동 65,0,2,0,0,0,0,0,0,0,제주시 공원녹지과,0647283605,상시,24시간,,공공기관-지방자치단체,수세식,Y,Y,남자화장실+여자화장실,N,N,,,2023-12-31,I,2026-05-15 18:43:46,2024-01-05 14:28:25,33.5022600,126.5447484
6510000,202465100000101212,공중화장실,법제3조제4호,동문수산시장(상인회사무실-주차장),제주특별자치도 제주시 관덕로14길 20,,2,2,1,0,0,0,4,1,0,제주시 경제소상공인과,0647282827,상시,24시간,,공공기관-지방자치단체,수세식,Y,Y,여자화장실,N,N,여자화장실,,2023-12-31,I,2026-05-15 18:43:46,2024-01-05 14:28:25,33.5115903,126.5260182
6510000,202465100000101352,공중화장실,법제3조제16호-영제3조제1항제1호,월정어촌정주어항,,제주특별자치도 제주시 구좌읍 월정리 554-6지선,4,4,1,0,0,0,8,1,0,제주특별자치도 제주시 구좌읍,0647287783,상시,,,공공기관-지방자치단체,수세식,Y,Y,장애인화장실+남자화장실+여자화장실,N,Y,여자화장실,,2023-12-31,I,2026-05-15 18:43:46,2024-01-05 14:28:26,33.5562660,126.7949655
6510000,202465100000101146,개방화장실,법제3조제1호,어리목 여성전용 화장실,제주특별자치도 제주시 1100로 2070-61,,0,0,0,0,0,0,7,1,0,세계유산본부 한라산국립공원관리소,0647107826,상시,24시간,,공공기관-지방자치단체,수세식,Y,N,여자화장실,N,Y,여자화장실,,2023-12-31,I,2026-05-15 18:43:46,2024-01-05 14:28:24,33.3926868,126.4948405
6510000,202465100000101137,개방화장실,법제3조제2호,"해녀박물관(신관2층, 어린이용)",제주특별자치도 제주시 해녀박물관길 26,,0,0,0,0,2,1,0,0,0,해녀박물관,06471077759,정시,09:00~18:01,,공공기관-지방자치단체,수세식,Y,Y,남자화장실+여자화장실,Y,N,,,2023-12-31,I,2026-05-15 18:43:46,2024-01-05 14:28:24,33.5236099,126.8634256
6510000,202465100000101366,공중화장실,법제3조제16호-영제3조제1항제1호,함덕어촌정주어항,,제주특별자치도 제주시 조천읍 함덕리 3113-5지선,2,1,1,1,0,0,2,1,0,조천읍,0647287862,상시,,,공공기관-지방자치단체,수세식,Y,Y,남자화장실+여자화장실,N,N,,,2023-12-31,I,2026-05-15 18:43:46,2024-01-05 14:28:26,33.5456413,126.6616813
6510000,202465100000101457,개방화장실,법제3조제16호-영제3조제1항제1호,연동주민센터옆,제주특별자치도 제주시 신대로 101,,1,1,1,1,0,0,1,1,0,연동,0647288235,상시,,,공공기관-지방자치단체,수세식,Y,Y,남자화장실+여자화장실,N,N,,,2023-12-31,I,2026-05-15 18:43:46,2024-01-05 14:28:27,33.4883782,126.4969230
6510000,202465100000101422,공중화장실,법제3조제16호-영제3조제1항제1호,도항선 대합실,제주특별자치도 제주시 우도해안길 70,제주특별자치도 제주시 우도면 연평리 1737-13,2,3,1,0,0,0,2,1,0,우도면,0647284342,상시,,,공공기관-지방자치단체,수세식,Y,Y,남자화장실+여자화장실,N,N,,,2023-12-31,I,2026-05-15 18:43:46,2024-01-05 14:28:27,33.4928045,126.9515414
6510000,202465100000101277,개방화장실,법제3조제4호,제주중앙지하도상가 2차(동문로),"제주특별자치도 제주시 관덕로 지하 58, 2번 출입구",,3,3,1,0,0,0,6,1,0,제주시 건설과,0647283702,상시,24시간,,공공기관-지방자치단체,수세식,Y,Y,남자화장실+여자화장실,Y,N,,,2023-12-31,I,2026-05-15 18:43:46,2024-01-05 14:28:25,,
6510000,202465100000101314,공중화장실,법제3조제16호-영제3조제1항제1호,족은노꼬메오름주차장,,제주특별자치도 제주시 애월읍 유수암리 산28,1,1,1,0,0,0,1,1,0,애월읍,0647288866,상시,,,공공기관-지방자치단체,수거식,N,N,,N,N,,,2023-12-31,I,2026-05-15 18:43:46,2024-01-05 14:28:26,33.3970825,126.4251225
6510000,202465100000101262,공중화장실,법제3조제16호-영제3조제1항제1호,사려니숲길주차장,,제주특별자치도 제주시 봉개동 2750-2,5,4,1,0,0,0,5,1,0,제주시 공원녹지과,0647283605,상시,24시간,,공공기관-지방자치단체,수세식,Y,Y,남자화장실+여자화장실,N,Y,여자화장실,,2023-12-31,I,2026-05-15 18:43:46,2024-01-05 14:28:25,33.4341069,126.6374847
6510000,202465100000101194,개방화장실,법제3조제16호-영제3조제1항제1호,외도동 제1 공영주차장,,제주특별자치도 제주시 외도1동 559-1,1,2,1,0,0,0,3,1,0,제주시 차량관리과,0647283823,정시,09:00~18:00,,공공기관-지방자치단체,수세식,Y,Y,남자화장실+여자화장실,N,Y,남자화장실+여자화장실,,2023-12-31,I,2026-05-15 18:43:46,2024-01-05 14:28:24,33.4867387,126.4317549
6510000,202465100000101428,공중화장실,법제3조제16호-영제3조제1항제1호,쪽제비동산,,제주특별자치도 제주시 우도면 연평리 299,0,2,1,0,0,0,2,1,0,우도면,0647284342,상시,,,공공기관-지방자치단체,수세식,Y,Y,남자화장실+여자화장실,N,Y,여자화장실,,2023-12-31,I,2026-05-15 18:43:46,2024-01-05 14:28:27,33.5015672,126.9687891
6510000,202465100000101420,공중화장실,법제3조제16호-영제3조제1항제1호,안비양,,제주특별자치도 제주시 우도면 연평리 5-1,1,3,0,0,0,0,4,0,0,우도면,0647284342,상시,,,공공기관-지방자치단체,수세식,Y,Y,남자화장실+여자화장실,N,N,,,2023-12-31,I,2026-05-15 18:43:46,2024-01-05 14:28:27,33.5146952,126.9687822
6510000,202465100000101443,공중화장실,법제3조제16호-영제3조제1항제1호,해안포구,제주특별자치도 제주시 금산5길 38,,2,3,1,0,0,0,4,1,0,화북동,0647288153,상시,,,공공기관-지방자치단체,수세식,Y,Y,장애인화장실+남자화장실+여자화장실,N,Y,여자화장실,,2023-12-31,I,2026-05-15 18:43:46,2024-01-05 14:28:27,33.5258188,126.5638987
6510000,202465100000101369,공중화장실,법제3조제16호-영제3조제1항제1호,북촌 해동,,제주특별자치도 제주시 조천읍 북촌리 1445,1,1,0,0,0,0,2,0,0,조천읍,0647287862,상시,,,공공기관-지방자치단체,수세식,Y,Y,남자화장실+여자화장실,N,N,,,2023-12-31,I,2026-05-15 18:43:46,2024-01-05 14:28:26,33.5486404,126.6855772
6510000,202465100000101361,공중화장실,법제3조제16호-영제3조제1항제1호,서우봉해변야영장,제주특별자치도 제주시 조천읍 조함해안로 585,,4,5,0,0,0,0,6,1,0,조천읍,0647287882,상시,,,공공기관-지방자치단체,수세식,Y,Y,남자화장실+여자화장실,N,Y,여자화장실,,2023-12-31,I,2026-05-15 18:43:46,2024-01-05 14:28:26,33.5442826,126.6740543
6510000,202465100000101274,개방화장실,법제3조제16호-영제3조제1항제1호,애월읍 레포츠공원 공중화장실,제주특별자치도 제주시 애월해안로 346,,2,3,1,1,0,0,6,1,0,제주시 도시재생과,0647283563,정시,09:00 - 18:00,,공공기관-지방자치단체,수세식,Y,Y,남자화장실+여자화장실,N,Y,여자화장실,,2023-12-31,I,2026-05-15 18:43:46,2024-01-05 14:28:25,33.4711396,126.3445853
6510000,202465100000101647,개방화장실,법제3조제16호-영제3조제1항제1호,이도1동,제주특별자치도 제주시 중앙로25길 17,,2,2,1,1,0,0,0,0,0,이도1동,,정시,09:00~18:00,,공공기관-지방자치단체,수세식,Y,Y,남자화장실+여자화장실,N,N,,,2023-12-31,I,2026-05-15 18:43:46,2024-01-05 14:28:29,33.5068654,126.5267223
6510000,202465100000101454,공중화장실,법제3조제16호-영제3조제1항제1호,월평 버스회차지,제주특별자치도 제주시 아봉로 450,,1,1,1,1,0,0,2,1,0,아라동,0647288202,상시,,,공공기관-지방자치단체,수세식,Y,Y,남자화장실+여자화장실,N,N,,,2023-12-31,I,2026-05-15 18:43:46,2024-01-05 14:28:27,33.4702024,126.5829930
6510000,202465100000101275,개방화장실,법제3조제13호,이호동 소규모 체육공원 공중화장실,제주특별자치도 제주시 덕지4길 29,,1,1,1,1,0,0,2,1,0,제주시 도시재생과,0647283563,정시,09:00 - 18:00,,공공기관-지방자치단체,수세식,Y,Y,남자화장실+여자화장실,N,Y,여자화장실,,2023-12-31,I,2026-05-15 18:43:46,2024-01-05 14:28:25,,
6510000,202465100000101372,공중화장실,법제3조제16호-영제3조제1항제1호,자구네포구,제주특별자치도 제주시 한경면 노을해안로 1161,,3,3,1,0,0,0,6,1,0,한경면,0647287954,상시,,,공공기관-지방자치단체,수세식,Y,Y,남자화장실+여자화장실,N,N,,,2023-12-31,I,2026-05-15 18:43:46,2024-01-05 14:28:26,33.3093275,126.1651581
6510000,202465100000101139,개방화장실,법제3조제16호-영제3조제1항제7호,양지공원 관리동 1층 화장실,제주특별자치도 제주시 516로 2810-31,,1,3,0,0,0,0,2,0,0,제주특별자치도 노인복지과 양지공원팀,0647106623,정시,07:00~18:00,,공공기관-지방자치단체,수거식,Y,Y,남자화장실+여자화장실,N,N,,,2023-12-31,I,2026-05-15 18:43:46,2024-01-05 14:28:24,33.4404996,126.5789027
6510000,202465100000101131,개방화장실,법제3조제16호-영제3조제1항제1호,제주특별자치도청 제2청사 화장실,제주특별자치도 제주시 문연로 30,,29,28,6,7,1,0,44,6,1,특별자치행정국 총무과,0647106937,정시,09:00~18:00,,공공기관-지방자치단체,수거식,Y,N,장애인화장실+남자화장실+여자화장실,N,Y,남자화장실+여자화장실,,2023-12-31,I,2026-05-15 18:43:46,2024-01-05 14:28:24,33.4893692,126.5005523
6510000,202465100000101456,공중화장실,법제3조제16호-영제3조제1항제1호,방선문,,제주특별자치도 제주시 오라이동 3819-11,0,1,1,1,0,0,2,1,0,오라동,0647284816,상시,,,공공기관-지방자치단체,수세식,Y,Y,남자화장실+여자화장실,N,N,,,2023-12-31,I,2026-05-15 18:43:46,2024-01-05 14:28:27,33.4561655,126.5170781
6510000,202465100000101615,개방화장실,법제3조제16호-영제3조제1항제1호,우당도서관,제주특별자치도 제주시 사라봉동길 30,,1,2,0,0,0,0,2,0,0,제주 우당도서관,,정시,09:00~18:00,,공공기관-지방자치단체,수세식,Y,Y,장애인화장실+남자화장실+여자화장실,Y,Y,여자화장실,,2023-12-31,I,2026-05-15 18:43:46,2024-01-05 14:28:29,33.5148698,126.5478680
6510000,202465100000101460,공중화장실,법제3조제13호,월산체육공원,제주특별자치도 제주시 월산남2길 44-2,,1,0,1,1,0,0,1,1,0,노형동,0647284867,상시,,,공공기관-지방자치단체,수세식,Y,Y,장애인화장실+남자화장실+여자화장실,N,N,,,2023-12-31,I,2026-05-15 18:43:46,2024-01-05 14:28:27,33.4687771,126.4621594
6510000,202465100000101468,공중화장실,법제3조제16호-영제3조제1항제1호,신사수항,제주특별자치도 제주시 서해안로 301-8,,1,1,1,1,0,0,3,0,0,도두동,0647284962,상시,,,공공기관-지방자치단체,수세식,Y,Y,남자화장실+여자화장실,N,N,,,2023-12-31,I,2026-05-15 18:43:46,2024-01-05 14:28:27,33.5096566,126.4778072
6510000,202465100000101379,공중화장실,법제3조제16호-영제3조제1항제1호,용수절부암,,제주특별자치도 제주시 한경면 용수리 4274-2,1,2,0,0,0,0,3,0,0,한경면,0647287954,상시,,,공공기관-지방자치단체,수세식,Y,Y,남자화장실+여자화장실,N,N,,,2023-12-31,I,2026-05-15 18:43:46,2024-01-05 14:28:26,33.3228636,126.1669325
6510000,202465100000101371,공중화장실,법제3조제16호-영제3조제1항제1호,교래리 삼다수숲길,제주특별자치도 제주시 조천읍 남조로 1793,,2,1,1,1,0,0,2,1,0,조천읍,0647287862,상시,,,공공기관-지방자치단체,수세식,Y,Y,남자화장실+여자화장실,N,Y,여자화장실,,2023-12-31,I,2026-05-15 18:43:46,2024-01-05 14:28:26,33.4280528,126.6741426
6510000,202465100000101189,개방화장실,법제3조제16호-영제3조제1항제1호,동문재래 공영주차장,제주특별자치도 제주시 중앙로13길 16-8,,2,1,1,0,0,0,3,1,0,제주시 차량관리과,0647283828,정시,09:00~22:00,,공공기관-지방자치단체,수세식,Y,Y,남자화장실+여자화장실,N,Y,남자화장실+여자화장실,,2023-12-31,I,2026-05-15 18:43:46,2024-01-05 14:28:24,33.5108176,126.5260869
6510000,202465100000101181,개방화장실,법제3조제2호,교래자연휴양림,제주특별자치도 제주시 남조로 2023,,4,4,1,1,0,0,7,1,0,제주특별자치도 돌문화공원관리소,0647107476,상시,00:00~24:00,,공공기관-지방자치단체,수세식,Y,Y,장애인화장실+남자화장실+여자화장실,N,Y,여자화장실,,2023-12-31,I,2026-05-15 18:43:46,2024-01-05 14:28:24,33.4513306,126.6566618
6510000,202465100000101215,공중화장실,법제3조제4호,"동문공설시장 청년몰(안쪽, 큰곳)",제주특별자치도 제주시 동문로4길 9,,2,5,1,0,0,0,7,0,0,제주시 경제소상공인과,0647282827,상시,24시간,,공공기관-지방자치단체,수세식,Y,Y,여자화장실,N,N,여자화장실,,2023-12-31,I,2026-05-15 18:43:46,2024-01-05 14:28:25,33.5120874,126.5282423
6510000,202465100000101201,공중화장실,법제3조제16호-영제3조제1항제1호,모충사,제주특별자치도 제주시 사라봉길 75,,3,3,1,0,0,0,2,1,0,주민복지과,0647282514,상시,24시간,,공공기관-지방자치단체,수세식,Y,Y,남자화장실+여자화장실,Y,Y,여자화장실,,2023-12-31,I,2026-05-15 18:43:46,2024-01-05 14:28:25,33.5161896,126.5470056
6510000,202465100000101209,공중화장실,법제3조제4호,민속오일시장E(8번주차장옆),제주특별자치도 제주시 오일장서길 51,,3,4,1,0,0,0,7,1,0,제주시 경제소상공인과,0647282827,정시,06:00~22:00,,공공기관-지방자치단체,수세식,Y,Y,여자화장실,N,N,여자화장실,,2023-12-31,I,2026-05-15 18:43:46,2024-01-05 14:28:25,,
6510000,202465100000101233,개방화장실,법제3조제13호,이호운동장,제주특별자치도 제주시 오광로6길58-11,,1,2,1,0,0,0,2,1,0,제주시 체육진흥과,0647283279,정시,08:00~18:00,,공공기관-지방자치단체,수세식,Y,Y,여자화장실,N,N,,,2023-12-31,I,2026-05-15 18:43:46,2024-01-05 14:28:25,33.4863833,126.4569079
6510000,202465100000101221,개방화장실,법제3조제13호,종합경기장 실내수영장 외부,제주특별자치도 제주시 서광로2길 24,,2,2,0,0,0,0,2,0,0,제주시 체육진흥과,0647283279,상시,,,공공기관-지방자치단체,수세식,Y,Y,여자화장실,N,N,,,2025-12-31,I,2026-05-15 18:43:46,2026-05-12 09:57:48,33.4950629,126.5187972
6510000,202465100000101229,개방화장실,법제3조제13호,제주시생활체육공원,제주특별자치도 제주시 와흘전1길32,,2,3,0,0,0,0,3,1,0,제주시 체육진흥과,0647283279,정시,08:00~18:00,,공공기관-지방자치단체,수세식,Y,Y,여자화장실,N,N,,,2023-12-31,I,2026-05-15 18:43:46,2024-01-05 14:28:25,33.4723756,126.6365086
6510000,202465100000101426,공중화장실,법제3조제16호-영제3조제1항제1호,하고수동 탈의장,제주특별자치도 제주시 우도해안길 807,제주특별자치도 제주시 우도면 연평리 1185-5,1,1,1,0,0,0,2,1,0,우도면,0647284342,상시,,,공공기관-지방자치단체,수세식,Y,Y,남자화장실+여자화장실,N,N,,,2023-12-31,I,2026-05-15 18:43:46,2024-01-05 14:28:27,33.5138583,126.9573473
6510000,202465100000101355,공중화장실,법제3조제16호-영제3조제1항제1호,다려도,,제주특별자치도 제주시 조천읍 북촌리 산88,1,0,0,0,0,0,1,0,0,조천읍,0647287862,상시,,,공공기관-지방자치단체,수세식,N,N,,N,N,,,2023-12-31,I,2026-05-15 18:43:46,2024-01-05 14:28:26,33.5561776,126.6944149
6510000,202465100000101161,개방화장실,법제3조제16호-영제3조제1항제2호,제주하수처리장 관리동,제주특별자치도 제주시 도리로 254,,3,6,0,0,0,0,1,0,0,제주 상하수도본부 하수도부,0647507890,정시,00:00~23:00,,공공기관-지방자치단체,수세식,Y,N,,N,N,,,2025-12-31,I,2026-05-15 18:43:46,2026-05-12 10:11:48,33.5084357,126.4767874
6510000,202465100000101169,개방화장실,법제3조제16호-영제3조제1항제3호,서부농업기술센터(농기계임대사업소),제주특별자치도 한림읍 월림7길 90,,1,1,0,0,0,0,1,0,0,서부농업기술센터,0647107911,정시,정시(09:00~18:00),,공공기관-지방자치단체,수세식,Y,Y,남자화장실+여자화장실,N,N,,,2023-12-31,I,2026-05-15 18:43:46,2024-01-05 14:28:24,33.3534662,126.2476976
6510000,202465100000101626,개방화장실,법제3조제16호-영제3조제1항제1호,한림읍,제주특별자치도 제주시 한림상로 132,,3,3,1,1,0,0,6,1,0,한림읍,,정시,09:00~18:00,,공공기관-지방자치단체,수세식,Y,N,,N,Y,여자화장실,,2023-12-31,I,2026-05-15 18:43:46,2024-01-05 14:28:29,33.4102845,126.2669870
6510000,202465100000101311,공중화장실,법제3조제16호-영제3조제1항제1호,남또르쉼터,제주특별자치도 제주시 애월읍 애월해안로 466-1,,1,1,1,0,0,0,2,1,0,애월읍,0647288866,상시,,,공공기관-지방자치단체,수거식,Y,Y,남자화장실+여자화장실,N,N,,,2023-12-31,I,2026-05-15 18:43:46,2024-01-05 14:28:25,33.4770509,126.3543658
6510000,202465100000101319,공중화장실,법제3조제16호-영제3조제1항제1호,가문동포구,제주특별자치도 제주시 애월읍 가문동길 50,,1,1,0,0,0,0,2,0,0,애월읍,0647288866,상시,,,공공기관-지방자치단체,수세식,Y,Y,남자화장실+여자화장실,N,N,,,2023-12-31,I,2026-05-15 18:43:46,2024-01-05 14:28:26,33.4868185,126.3923183
6510000,202465100000101177,공중화장실,법제3조제2호,돌박물관 야외화장실,제주특별자치도 제주시 남조로 2023,,4,8,2,0,0,0,6,2,0,제주특별자치도 돌문화공원관리소,0647107732,정시,"09:00~18:00+휴원일 미개방(매주 월요일, 1월1일, 설날 및 추석 당일)",,공공기관-지방자치단체,수세식,Y,Y,장애인화장실+남자화장실+여자화장실,N,N,,,2023-12-31,I,2026-05-15 18:43:46,2024-01-05 14:28:24,33.4513306,126.6566618
6510000,202465100000101635,개방화장실,법제3조제13호,조천체육관,제주특별자치도 제주시 조천18길 11-1,,5,6,1,1,0,0,6,1,0,조천읍,,정시,09:00~18:00,,공공기관-지방자치단체,수세식,Y,N,,Y,N,,,2023-12-31,I,2026-05-15 18:43:46,2024-01-05 14:28:29,33.5395361,126.6437192
6510000,202465100000101315,공중화장실,법제3조제16호-영제3조제1항제1호,궤물오름주차장,,제주특별자치도 제주시 애월읍 유수암리 1191-2,2,1,1,0,0,0,2,1,0,애월읍,0647288866,상시,,,공공기관-지방자치단체,수거식,Y,Y,장애인화장실+남자화장실+여자화장실,N,N,,,2023-12-31,I,2026-05-15 18:43:46,2024-01-05 14:28:26,33.4024686,126.4082125
6510000,202465100000101429,공중화장실,법제3조제16호-영제3조제1항제1호,천진항,제주특별자치도 제주시 우도해안길 94-4,제주특별자치도 제주시 우도면 연평리 1789-1번지선,1,2,1,0,0,0,3,1,0,우도면,0647284342,상시,,,공공기관-지방자치단체,수세식,Y,Y,남자화장실+여자화장실,N,Y,여자화장실,,2023-12-31,I,2026-05-15 18:43:46,2024-01-05 14:28:27,33.4946170,126.9501218
6510000,202465100000101321,공중화장실,법제3조제16호-영제3조제1항제1호,하가연화못주차장,,제주특별자치도 제주시 애월읍 하가리 1569-5,1,1,1,0,0,0,1,1,0,애월읍,0647288866,상시,,,공공기관-지방자치단체,수세식,Y,Y,남자화장실+여자화장실,N,Y,남자화장실+여자화장실,,2023-12-31,I,2026-05-15 18:43:46,2024-01-05 14:28:26,33.4555200,126.3483195
6510000,202465100000101329,공중화장실,법제3조제13호,동복마을운동장,,제주특별자치도 제주시  구좌읍 동복리 산56-14,1,1,0,0,0,0,1,0,0,제주특별자치도 제주시 구좌읍,0647287745,상시,,,공공기관-지방자치단체,수세식,N,N,,N,N,,,2023-12-31,I,2026-05-15 18:43:46,2024-01-05 14:28:26,33.5420054,126.7133276
6510000,202465100000101150,개방화장실,법제3조제1호,성판악 주차장 화장실,제주특별자치도 제주시 조천읍 516로 1865,,4,7,1,0,0,0,10,1,0,세계유산본부 한라산국립공원관리소,0647107826,상시,24시간,,공공기관-지방자치단체,수세식,Y,N,장애인화장실+남자화장실+여자화장실,N,N,,,2023-12-31,I,2026-05-15 18:43:46,2024-01-05 14:28:24,33.3844995,126.6194071
6510000,202465100000101158,개방화장실,법제3조제16호-영제3조제1항제2호,제주도립미술관 야외화장실2,제주특별자치도 제주시 1100로 2894-78,,3,3,0,0,0,0,3,0,0,제주도립미술관,0647104301,상시,00:00~24:00,,공공기관-지방자치단체,수세식,Y,Y,남자화장실+여자화장실,Y,N,,,2023-12-31,I,2026-05-15 18:43:46,2024-01-05 14:28:24,33.4525500,126.4896861
6510000,202465100000101656,개방화장실,법제3조제16호-영제3조제1항제1호,봉개동,제주특별자치도 제주시 봉개북1길 15,,3,3,1,0,0,0,4,2,0,봉개동,,정시,09:00~18:00,,공공기관-지방자치단체,수세식,Y,N,,N,N,,,2023-12-31,I,2026-05-15 18:43:46,2024-01-05 14:28:29,33.4916660,126.5947311
6510000,202465100000101271,개방화장실,법제3조제1호,노루생태관찰원 2,제주특별자치도 제주시 명림로 520,,4,3,1,0,0,0,7,1,0,절물생태관리소(노루),0647283613,정시,09:00~18:00,,공공기관-지방자치단체,수세식,Y,Y,남자화장실+여자화장실,N,Y,여자화장실,,2023-12-31,I,2026-05-15 18:43:46,2024-01-05 14:28:25,33.4443239,126.6266893
6510000,202465100000101279,공중화장실,법제3조제16호-영제3조제1항제1호,느지리오름,제주특별자치도 제주시 한림읍 봉수대길 5,,1,2,0,0,0,0,2,0,0,한림읍,0647287652,상시,24시간,,공공기관-지방자치단체,수세식,Y,Y,남자화장실+여자화장실,N,N,,,2023-12-31,I,2026-05-15 18:43:46,2024-01-05 14:28:25,33.3628838,126.2607871
6510000,202465100000101232,개방화장실,법제3조제13호,외도운동장,제주특별자치도 제주시 통물길55,,2,2,1,0,0,0,2,1,0,제주시 체육진흥과,0647283279,정시,08:00~22:00,,공공기관-지방자치단체,수세식,Y,Y,여자화장실,N,N,,,2023-12-31,I,2026-05-15 18:43:46,2024-01-05 14:28:25,33.4877349,126.4362617
6510000,202465100000101284,공중화장실,법제3조제2호,비양도대합실,제주특별자치도 제주시 한림읍 한림해안로 196,,3,2,1,0,0,0,4,1,0,한림읍,0647287652,상시,24시간,,공공기관-지방자치단체,수세식,Y,Y,남자화장실+여자화장실,N,Y,여자화장실,,2023-12-31,I,2026-05-15 18:43:46,2024-01-05 14:28:25,33.4193067,126.2625190
6510000,202465100000101178,공중화장실,법제3조제2호,"돌문화공원 야외화장실(매표소, 3번주차장)",제주특별자치도 제주시 남조로 2023,,4,11,2,2,0,0,8,2,0,제주특별자치도 돌문화공원관리소,0647107732,정시,"09:00~18:00+휴원일 미개방(매주 월요일, 1월1일, 설날 및 추석 당일)",,공공기관-지방자치단체,수세식,Y,Y,장애인화장실+남자화장실+여자화장실,N,Y,남자화장실+여자화장실,,2023-12-31,I,2026-05-15 18:43:46,2024-01-05 14:28:24,33.4513306,126.6566618
6510000,202465100000101170,개방화장실,법제3조제16호-영제3조제1항제4호,서부농업기술센터(미생물배양실),제주특별자치도 한림읍 월림7길 90,,2,2,0,0,0,0,2,0,0,서부농업기술센터,0647107911,정시,정시(09:00~18:00),,공공기관-지방자치단체,수세식,Y,Y,남자화장실+여자화장실,N,N,,,2023-12-31,I,2026-05-15 18:43:46,2024-01-05 14:28:24,33.3534662,126.2476976
6510000,202465100000101297,공중화장실,법제3조제16호-영제3조제1항제1호,귀덕올레15코스 화장실,,제주특별자치도 제주시 한림읍 귀덕리 2597-1,1,1,0,0,0,0,2,0,0,한림읍,0647287652,상시,,,공공기관-지방자치단체,수세식,Y,Y,남자화장실+여자화장실,N,N,,,2023-12-31,I,2026-05-15 18:43:46,2024-01-05 14:28:25,33.4323137,126.2869701
6510000,202465100000101245,개방화장실,법제3조제5호,민오름(남조봉)공원,,제주특별자치도 제주시 오라2동 산 21,1,1,0,0,0,0,3,0,0,제주시 공원녹지과,0647283605,상시,,,공공기관-지방자치단체,수세식,Y,Y,남자화장실+여자화장실,N,N,남자화장실+여자화장실,,2025-12-31,I,2026-05-15 18:43:46,2026-05-08 14:52:08,,
6510000,202465100000101421,공중화장실,법제3조제16호-영제3조제1항제1호,비양동 탈의장,,제주특별자치도 제주시 우도면 연평리 682-6,1,2,0,0,0,0,3,0,0,우도면,0647284342,상시,,,공공기관-지방자치단체,수세식,Y,Y,남자화장실+여자화장실,N,N,,,2023-12-31,I,2026-05-15 18:43:46,2024-01-05 14:28:27,33.5122489,126.9596805
6510000,202465100000101613,개방화장실,법제3조제16호-영제3조제1항제1호,관광진흥과(별빛누리공원),제주특별자치도 제주시 선돌목동길 60,,4,6,1,2,0,2,8,2,2,제주시 관광진흥과,0647288900,정시,09:00~18:00,,공공기관-지방자치단체,수세식,Y,Y,장애인화장실+남자화장실+여자화장실,Y,Y,남자화장실+여자화장실,,2023-12-31,I,2026-05-15 18:43:46,2024-01-05 14:28:29,33.4445761,126.5491861
6510000,202465100000101163,개방화장실,법제3조제16호-영제3조제1항제1호,서부하수처리장 관리동,제주특별자치도 제주시 한경면 일주서로 4641,,4,4,0,0,0,0,2,0,0,제주특별자치도 상하수도본부,0647507899,정시,09:00~18:00,,공공기관-지방자치단체,수세식,Y,N,,N,N,,,2023-12-31,I,2026-05-15 18:43:46,2024-01-05 14:28:24,,
6510000,202465100000101450,공중화장실,법제3조제16호-영제3조제1항제1호,제주대학교버스회차지,제주특별자치도 제주시 제주대학로 102,,2,3,1,1,0,0,3,1,0,아라동,0647288202,상시,,,공공기관-지방자치단체,수세식,Y,Y,남자화장실+여자화장실,N,N,,,2023-12-31,I,2026-05-15 18:43:46,2024-01-05 14:28:27,33.4572918,126.5643222
6510000,202465100000101458,공중화장실,법제3조제16호-영제3조제1항제1호,누웨마루거리,제주특별자치도 제주시 신대로12길 54,,2,2,1,0,0,0,3,1,0,연동,0647288235,상시,,,공공기관-지방자치단체,수세식,Y,Y,남자화장실+여자화장실,N,N,,,2023-12-31,I,2026-05-15 18:43:46,2024-01-05 14:28:27,33.4889349,126.4908904
6510000,202465100000101326,공중화장실,법제3조제16호-영제3조제1항제1호,항개해녀탈의장(김녕서포구),,제주특별자치도 제주시 구좌읍 김녕리 4070-1,1,2,0,0,0,0,2,0,0,제주특별자치도 제주시 구좌읍,0647287745,상시,,,공공기관-지방자치단체,수세식,Y,Y,남자화장실+여자화장실,N,N,,,2023-12-31,I,2026-05-15 18:43:46,2024-01-05 14:28:26,33.5577796,126.7446917
6510000,202465100000101337,공중화장실,법제3조제16호-영제3조제1항제1호,종달리삼거리,,제주특별자치도 제주시 구좌읍 종달리 3089,1,2,0,0,0,0,2,0,0,제주특별자치도 제주시 구좌읍,0647287745,상시,,,공공기관-지방자치단체,수세식,N,N,,N,N,,,2023-12-31,I,2026-05-15 18:43:46,2024-01-05 14:28:26,33.4880565,126.8820710
6510000,202465100000101175,개방화장실,법제3조제16호-영제3조제1항제6호,한라도서관,제주특별자치도 오남로 221,,10,12,1,1,1,1,14,2,2,한라도서관,0647108634,정시,09:00~18:00,,공공기관-지방자치단체,수세식,Y,Y,장애인화장실+남자화장실+여자화장실,Y,Y,남자화장실+여자화장실,,2023-12-31,I,2026-05-15 18:43:46,2024-01-05 14:28:24,33.4762076,126.5161965
6510000,202465100000101417,공중화장실,법제3조제16호-영제3조제1항제1호,우도봉,,제주특별자치도 제주시 우도면 연평리 산 27-3,4,2,0,0,0,0,4,0,0,우도면,0647284342,상시,,,공공기관-지방자치단체,수세식,Y,Y,장애인화장실+남자화장실+여자화장실,N,N,,,2023-12-31,I,2026-05-15 18:43:46,2024-01-05 14:28:27,33.4930214,126.9601182
6510000,202465100000101186,개방화장실,법제3조제16호-영제3조제1항제1호,제일주차빌딩,제주특별자치도 제주시 관덕로15길 3,제주특별자치도 제주시 일도1동 1476-33,0,0,0,0,0,0,0,0,0,제주시 차량관리과,0647283825,정시,08:00~22:00,,공공기관-지방자치단체,수세식,Y,Y,남자화장실+여자화장실,N,Y,남자화장실+여자화장실,,2025-12-31,I,2026-05-15 18:43:46,2026-05-12 10:10:33,33.5134838,126.5265959
6510000,202465100000101144,개방화장실,법제3조제16호-영제3조제1항제7호,양지공원 제3추모의집 화장실,제주특별자치도 제주시 516로 2810-31,,3,2,1,0,0,0,5,1,0,제주특별자치도 노인복지과 양지공원팀,0647106623,상시,24시간,,공공기관-지방자치단체,수거식,Y,Y,장애인화장실+남자화장실+여자화장실,N,N,,,2023-12-31,I,2026-05-15 18:43:46,2024-01-05 14:28:24,33.4404996,126.5789027
6510000,202465100000101332,공중화장실,법제3조제16호-영제3조제1항제1호,세화항포구,제주특별자치도 제주시 해맞이해안로 1391,제주특별자치도 제주시 구좌읍 세화리 1500-66,3,3,1,0,0,0,6,1,0,제주특별자치도 제주시 구좌읍,0647287745,상시,,,공공기관-지방자치단체,수세식,Y,Y,남자화장실+여자화장실,N,Y,여자화장실,,2023-12-31,I,2026-05-15 18:43:46,2024-01-05 14:28:26,33.5275426,126.8566399
6510000,202465100000101312,공중화장실,법제3조제16호-영제3조제1항제1호,한담공원,,제주특별자치도 제주시 애월읍 애월리 2461,1,2,1,0,0,0,2,1,0,애월읍,0647288866,상시,,,공공기관-지방자치단체,수세식,Y,Y,남자화장실+여자화장실,N,N,,,2023-12-31,I,2026-05-15 18:43:46,2024-01-05 14:28:25,33.4599175,126.3109937
6510000,202465100000101242,개방화장실,법제3조제5호,사라봉공원(동쪽)-베드민턴장 옆,제주특별자치도 제주시 사라봉동길 74,,4,4,1,1,0,0,5,1,0,제주시 공원녹지과,0647283605,상시,24시간,,공공기관-지방자치단체,수세식,Y,Y,남자화장실+여자화장실,Y,Y,남자화장실+여자화장실,,2023-12-31,I,2026-05-15 18:43:46,2024-01-05 14:28:25,33.5186634,126.5476898
6510000,202465100000101448,공중화장실,법제3조제16호-영제3조제1항제1호,삼양동버스회차지,,제주특별자치도 제주시 삼양1동 1579-1,1,1,0,0,0,0,1,0,0,삼양동,0647288178,상시,,,공공기관-지방자치단체,수세식,Y,Y,남자화장실+여자화장실,N,N,,,2023-12-31,I,2026-05-15 18:43:46,2024-01-05 14:28:27,33.5295065,126.5935033
6510000,202465100000101440,공중화장실,법제3조제5호,산짓물공원 공중화장실,,제주특별자치도 제주시 건입동 1328-4,3,2,1,0,0,0,5,1,0,건입동,0647284666,상시,,,공공기관-지방자치단체,수세식,Y,Y,장애인화장실+남자화장실+여자화장실,Y,Y,여자화장실,,2023-12-31,I,2026-05-15 18:43:46,2024-01-05 14:28:27,33.5159054,126.5289347
6510000,202465100000101378,공중화장실,법제3조제16호-영제3조제1항제1호,용당포구,,제주특별자치도 제주시 한경면 용수리 3891-3,1,1,0,0,0,0,2,0,0,한경면,0647287954,상시,,,공공기관-지방자치단체,수세식,Y,Y,남자화장실+여자화장실,N,N,,,2023-12-31,I,2026-05-15 18:43:46,2024-01-05 14:28:26,33.3366307,126.1652562
6510000,202465100000101370,공중화장실,법제3조제2호,소금밭(신흥리해수욕장),제주특별자치도 제주시 조함해안로 273-31,제주특별자치도 제주시 조천읍 신흥리 731-9,2,2,1,0,0,0,2,1,1,조천읍,0647287882,상시,,,공공기관-지방자치단체,수세식,Y,Y,남자화장실+여자화장실,N,N,,,2023-12-31,I,2026-05-15 18:43:46,2024-01-05 14:28:26,33.5515346,126.6484816
6510000,202465100000101608,개방화장실,법제3조제16호-영제3조제1항제1호,제주시청상하수도과,제주특별자치도 제주시 광양9길 26,,6,6,0,0,0,0,4,0,0,제주시 총무과,0647282424,정시,09:00~18:00,,공공기관-지방자치단체,수세식,Y,N,,Y,N,,,2023-12-31,I,2026-05-15 18:43:46,2024-01-05 14:28:28,33.5004343,126.5323747
6510000,202465100000101600,개방화장실,법제3조제16호-영제3조제1항제1호,제주시청 본관(총무과),제주특별자치도 제주시 광양9길 10,,11,11,1,0,1,0,9,0,1,제주시 총무과,0647282424,정시,09:00~18:00,,공공기관-지방자치단체,수세식,Y,N,,Y,Y,여자화장실,,2023-12-31,I,2026-05-15 18:43:46,2024-01-05 14:28:28,33.5002142,126.5322175
6510000,202465100000101142,개방화장실,법제3조제16호-영제3조제1항제7호,양지공원 제1추모의집 화장실,제주특별자치도 제주시 516로 2810-31,,2,2,0,0,0,0,4,0,0,제주특별자치도 노인복지과 양지공원팀,0647106623,상시,24시간,,공공기관-지방자치단체,수거식,Y,Y,장애인화장실+남자화장실+여자화장실,N,N,,,2023-12-31,I,2026-05-15 18:43:46,2024-01-05 14:28:24,33.4404996,126.5789027
6510000,202465100000101202,공중화장실,법제3조제4호,동문공설시장(종합안내센터 옆-시장쪽),제주특별자치도 제주시 동문로4길 9,,2,3,0,0,0,0,3,0,0,제주시 경제소상공인과,0647282827,상시,24시간,,공공기관-지방자치단체,수세식,Y,Y,남자화장실+여자화장실,N,N,,,2023-12-31,I,2026-05-15 18:43:46,2024-01-05 14:28:25,33.5120874,126.5282423
6510000,202465100000101336,공중화장실,법제3조제16호-영제3조제1항제1호,구좌공설묘지,,제주특별자치도 제주시 구좌읍 송당리 54-1,1,1,0,0,0,0,2,0,0,제주특별자치도 제주시 구좌읍,0647287745,상시,,,공공기관-지방자치단체,수세식,N,N,,N,N,,,2023-12-31,I,2026-05-15 18:43:46,2024-01-05 14:28:26,33.4551433,126.7978842
6510000,202465100000101385,공중화장실,법제3조제16호-영제3조제1항제1호,용수충혼묘지,,제주특별자치도 제주시 한경면 용수리 3043,1,0,0,0,0,0,1,0,0,한경면,0647287954,상시,,,공공기관-지방자치단체,수세식,N,N,,N,N,,,2023-12-31,I,2026-05-15 18:43:46,2024-01-05 14:28:26,33.3218357,126.1780676
6510000,202465100000101234,개방화장실,법제3조제13호,외도2운동장,제주특별자치도 제주시 통물길75,,2,2,1,0,0,0,4,1,0,제주시 체육진흥과,0647283279,정시,08:00~18:00,,공공기관-지방자치단체,수세식,Y,Y,여자화장실,N,N,,,2023-12-31,I,2026-05-15 18:43:46,2024-01-05 14:28:25,33.4866347,126.4375090
6510000,202465100000101185,개방화장실,법제3조제16호-영제3조제1항제1호,법원북측주차장,,제주특별자치도 제주시 이도2동 1066,1,1,0,0,0,0,2,0,0,제주시 차량관리과,0647283824,정시,09:00~18:30,,공공기관-지방자치단체,수세식,Y,Y,남자화장실+여자화장실,Y,Y,남자화장실+여자화장실,,2023-12-31,I,2026-05-15 18:43:46,2024-01-05 14:28:24,33.4883327,126.5223428
6510000,202465100000101327,공중화장실,법제3조제16호-영제3조제1항제1호,해녀작업장,,제주특별자치도 제주시  구좌읍 김녕리 1270-6,2,1,0,0,0,0,2,0,0,제주특별자치도 제주시 구좌읍,0647287745,상시,,,공공기관-지방자치단체,수세식,Y,Y,남자화장실+여자화장실,N,N,,,2023-12-31,I,2026-05-15 18:43:46,2024-01-05 14:28:26,33.5584080,126.7543625
6510000,202465100000101343,공중화장실,법제3조제16호-영제3조제1항제1호,서문동해녀탈의장,제주특별자치도 제주시 하도서문길 23,제주특별자치도 제주시 구좌읍 하도리 1900-4,1,1,0,0,0,0,1,0,0,제주특별자치도 제주시 구좌읍,0647287745,상시,,,공공기관-지방자치단체,수세식,N,N,,N,N,,,2023-12-31,I,2026-05-15 18:43:46,2024-01-05 14:28:26,33.5288667,126.8804767
6510000,202465100000101657,개방화장실,법제3조제16호-영제3조제1항제1호,아라동,제주특별자치도 제주시 인다8길 5,,3,3,1,3,0,0,6,1,0,아라동,,정시,09:00~18:00,,공공기관-지방자치단체,수세식,Y,Y,장애인화장실+남자화장실+여자화장실,Y,N,,,2023-12-31,I,2026-05-15 18:43:46,2024-01-05 14:28:29,33.4763383,126.5452696
6510000,202465100000101114,개방화장실,법제3조제16호-영제3조제1항제1호,제주항 국제여객터미널(1층 ㈜현성MCT),제주특별자치도 제주시 임항로 191,,2,2,1,1,0,0,4,1,0,제주특별자치도 해운항만과,0647108693,정시,04:30~21:00,,공공기관-지방자치단체,수세식,Y,Y,장애인화장실+남자화장실+여자화장실,N,Y,남자화장실+여자화장실,,2023-12-31,I,2026-05-15 18:43:46,2024-01-05 14:28:24,33.5258374,126.5440785
6510000,202665100000100001,개방화장실,,공항입구주차장,제주특별자치도 제주시 다호북길 7 (용담이동),제주특별자치도 제주시 용담이동 1611,1,4,0,0,0,0,2,0,0,차량관리과,,상시,,,공공기관-지방자치단체,수세식,,N,,N,N,,,2025-12-31,I,2026-05-15 18:43:46,2026-05-08 14:55:29,33.5036750,126.4957131
6510000,202465100000101247,개방화장실,법제3조제5호,연동공원,제주특별자치도 제주시 신광로12길 17,,3,3,1,0,0,0,4,0,0,제주시 공원녹지과,0647283605,상시,24시간,,공공기관-지방자치단체,수세식,Y,Y,장애인화장실+남자화장실+여자화장실,N,N,남자화장실+여자화장실,,2023-12-31,I,2026-05-15 18:43:46,2024-01-05 14:28:25,33.4824037,126.4879989
6510000,202465100000101200,개방화장실,법제3조제16호-영제3조제1항제1호,노형 제3공영주차장,,제주특별자치도 제주시 노형동 1043-1,1,2,1,0,0,0,1,1,0,제주시 차량관리과,0647283242,정시,09:00~18:00,,공공기관-지방자치단체,수세식,Y,Y,남자화장실+여자화장실,N,Y,남자화장실+여자화장실,,2023-12-31,I,2026-05-15 18:43:46,2024-01-05 14:28:25,33.4895973,126.4764960
6510000,202465100000101208,공중화장실,법제3조제4호,민속오일시장D(농협 좌측),제주특별자치도 제주시 오일장서길 51,,2,5,1,0,0,0,5,1,0,제주시 경제소상공인과,0647282827,상시,24시간,,공공기관-지방자치단체,수세식,Y,Y,여자화장실,N,Y,남자화장실+여자화장실,,2023-12-31,I,2026-05-15 18:43:46,2024-01-05 14:28:25,,
6510000,202465100000101453,공중화장실,법제3조제16호-영제3조제1항제1호,국제대학버스회차지,,제주특별자치도 제주시 영평동 2237-6,3,3,1,1,0,0,6,1,0,아라동,0647288202,상시,,,공공기관-지방자치단체,수세식,Y,Y,남자화장실+여자화장실,N,Y,여자화장실,,2023-12-31,I,2026-05-15 18:43:46,2024-01-05 14:28:27,33.4390113,126.5691599
6510000,202465100000101240,개방화장실,법제3조제5호,용담공원(용두암주차장),제주특별자치도 제주시 용두암길 15,,7,10,1,1,0,0,19,1,0,제주시 공원녹지과,0647283605,상시,24시간,,공공기관-지방자치단체,수세식,Y,Y,장애인화장실+남자화장실+여자화장실,N,Y,여자화장실,,2023-12-31,I,2026-05-15 18:43:46,2024-01-05 14:28:25,33.5148036,126.5117980
6510000,202465100000101248,개방화장실,법제3조제5호,탑동 제1공원(E-마트옆),제주특별자치도 제주시 탑동해안로 46,,3,3,1,0,0,0,6,1,0,제주시 공원녹지과,0647283605,상시,24시간,,공공기관-지방자치단체,수세식,Y,Y,장애인화장실+남자화장실+여자화장실,Y,Y,여자화장실,,2023-12-31,I,2026-05-15 18:43:46,2024-01-05 14:28:25,33.5187946,126.5202035
6510000,202465100000101300,공중화장실,법제3조제16호-영제3조제1항제1호,고내봉산책로,제주특별자치도 제주시 애월읍 고하상로 78-5,,1,1,1,2,0,0,1,1,0,애월읍,0647288866,상시,,,공공기관-지방자치단체,수세식,Y,Y,남자화장실+여자화장실,N,Y,남자화장실+여자화장실,,2023-12-31,I,2026-05-15 18:43:46,2024-01-05 14:28:25,33.4578811,126.3447588
6510000,202465100000101308,공중화장실,법제3조제16호-영제3조제1항제1호,큰노꼬메오름주차장,,제주특별자치도 제주시 애월읍 소길리 산255-4,2,3,0,0,0,0,3,0,0,애월읍,0647288866,상시,,,공공기관-지방자치단체,수거식,Y,Y,남자화장실+여자화장실,N,N,,,2023-12-31,I,2026-05-15 18:43:46,2024-01-05 14:28:25,33.3914079,126.3978767
6510000,202465100000101664,개방화장실,법제3조제16호-영제3조제1항제1호,이호동주민센터,"제주특별자치도 제주시 도리로 57, 이호동주민센터 (이호일동)",제주특별자치도 제주시 이호일동 451-1 이호동주민센터,2,3,0,1,0,0,2,1,0,이호동,,정시,09:00~18:00,,공공기관-지방자치단체,수세식,Y,N,장애인화장실+남자화장실+여자화장실,N,N,,,2025-12-31,I,2026-05-15 18:43:46,2026-05-08 14:52:58,33.4989532,126.4578718
6510000,202465100000101167,개방화장실,법제3조제16호-영제3조제1항제1호,서부농업기술센터 청사,제주특별자치도 한림읍 월림7길 90,,11,12,0,0,0,0,15,2,0,서부농업기술센터,0647107911,정시,정시(09:00~18:00),,공공기관-지방자치단체,수세식,Y,N,,N,N,,,2023-12-31,I,2026-05-15 18:43:46,2024-01-05 14:28:24,33.3534662,126.2476976
6510000,202465100000101392,공중화장실,법제3조제16호-영제3조제1항제1호,메지박,,제주특별자치도 제주시 추자면 대서리 365,2,1,0,0,1,1,0,0,0,추자면,0647284283,상시,,,공공기관-지방자치단체,수세식,N,N,,N,N,여자화장실,,2023-12-31,I,2026-05-15 18:43:46,2024-01-05 14:28:26,,
6510000,202465100000101249,개방화장실,법제3조제5호,탑동 제2공원(공연장앞),제주특별자치도 제주시 중앙로 2,,6,6,1,1,0,0,12,1,0,제주시 공원녹지과,0647283605,상시,24시간,,공공기관-지방자치단체,수세식,Y,Y,남자화장실+여자화장실,Y,Y,남자화장실+여자화장실,,2023-12-31,I,2026-05-15 18:43:46,2024-01-05 14:28:25,33.5181476,126.5239547
6510000,202465100000101241,개방화장실,법제3조제5호,용연공원(도로변),,제주특별자치도 제주시 용담1동 351,3,2,1,1,0,0,4,1,0,제주시 공원녹지과,0647283605,상시,24시간,,공공기관-지방자치단체,수세식,Y,Y,장애인화장실+남자화장실+여자화장실,N,Y,남자화장실+여자화장실,,2023-12-31,I,2026-05-15 18:43:46,2024-01-05 14:28:25,33.5128781,126.5150074
6510000,202465100000101344,공중화장실,법제3조제16호-영제3조제1항제1호,면수동마을회관 옆 주차장,,제주특별자치도 제주시 구좌읍 하도리 3359-83,3,3,0,0,0,0,4,0,0,제주특별자치도 제주시 구좌읍,0647287745,상시,,,공공기관-지방자치단체,수세식,Y,Y,남자화장실+여자화장실,N,N,,,2023-12-31,I,2026-05-15 18:43:46,2024-01-05 14:28:26,33.5226173,126.8667361
6510000,202465100000101205,공중화장실,법제3조제4호,민속오일시장A(대장간옆),제주특별자치도 제주시 오일장서길 26,,2,5,1,0,0,0,5,1,0,제주시 경제소상공인과,0647282827,정시,06:00~22:00,,공공기관-지방자치단체,수세식,Y,Y,남자화장실+여자화장실,N,Y,여자화장실,,2023-12-31,I,2026-05-15 18:43:46,2024-01-05 14:28:25,33.4972470,126.4748884
6510000,202465100000101455,간이화장실,법제3조제16호-영제3조제1항제1호,편백나무숲,,제주특별자치도 제주시 아라일동 산 31-1,1,1,0,0,0,0,2,0,0,아라동,0647288202,상시,,,공공기관-지방자치단체,수세식,Y,Y,남자화장실+여자화장실,N,N,,,2023-12-31,I,2026-05-15 18:43:46,2024-01-05 14:28:27,33.4436592,126.5564182
6510000,202665100000100013,개방화장실,,참사랑문화의집(2~3층),"제주특별자치도 제주시 서광로29길 17, 제주시참사랑문화의집 (이도일동)",제주특별자치도 제주시 이도일동 1664-7 제주시참사랑문화의집,4,0,0,0,0,0,4,0,0,여성가족과,,정시,(평일)09:00~20:00+(주말)09:00~18:00),,공공기관-지방자치단체,수세식,,N,,N,N,,,2025-12-31,I,2026-05-15 18:43:46,2026-05-08 16:11:24,33.5017931,126.5262163
6510000,202665100000100011,공중화장실,,원노형푸른제1공영주차장,제주특별자치도 제주시 원노형남2길 34 (노형동),제주특별자치도 제주시 노형동 710-4,1,1,1,1,0,0,1,1,0,차량관리과,,상시,,,공공기관-지방자치단체,수세식,,N,,N,N,,,2025-12-31,I,2026-05-15 18:43:46,2026-05-08 16:05:04,33.4823375,126.4845128
6510000,202665100000100008,공중화장실,,황경한의묘,,제주특별자치도 제주시 추자면 신양리 산 20-6,1,2,0,0,0,0,2,0,0,추자면,,상시,,,공공기관-지방자치단체,수세식,,N,,N,N,,,2025-12-31,I,2026-05-15 18:43:46,2026-05-08 16:00:13,,
6510000,202665100000100004,개방화장실,,아라동 파크골프장,제주특별자치도 제주시 거북새미길 202-21 (오등동),제주특별자치도 제주시 오등동 1834-95,2,2,1,0,0,0,4,1,0,체육진흥과,,상시,,,공공기관-지방자치단체,수세식,,N,,N,N,,,2025-12-31,I,2026-05-15 18:43:46,2026-05-08 14:55:12,33.4473540,126.5248620
6510000,202465100000101276,개방화장실,법제3조제4호,제주중앙지하도상가 1차(중앙로),"제주특별자치도 제주시  중앙로 지하 60, 5번·7번 출입구",,3,4,0,0,0,0,7,0,0,제주시 건설과,0647283702,상시,24시간,,공공기관-지방자치단체,수세식,Y,Y,남자화장실+여자화장실,Y,N,,,2023-12-31,I,2026-05-15 18:43:46,2024-01-05 14:28:25,,
6510000,202465100000101442,공중화장실,법제3조제16호-영제3조제1항제1호,망동산,,제주특별자치도 제주시  화북1동 1957,1,2,0,0,0,0,2,0,0,화북동,0647288153,상시,,,공공기관-지방자치단체,수세식,Y,Y,남자화장실+여자화장실,N,N,,,2023-12-31,I,2026-05-15 18:43:46,2024-01-05 14:28:27,33.5214939,126.5647651
6510000,202665100000100002,개방화장실,,동광 제2 공영주차장,제주특별자치도 제주시 태성로 40 (일도이동),제주특별자치도 제주시 일도이동 112,1,1,0,0,0,0,1,0,0,차량관리과,,정시,평일 9시 ~ 18시,,공공기관-지방자치단체,수세식,,N,,N,N,,,2025-12-31,I,2026-05-15 18:43:46,2026-05-08 14:46:04,33.4995969,126.5494390
6510000,202665100000100007,공중화장실,,월정해수욕장 공중화장실,,제주특별자치도 제주시 구좌읍 월정리 33-3 지선,2,2,1,0,0,0,2,1,0,구좌읍,,상시,,,공공기관-지방자치단체,수세식,,N,,N,N,,,2025-12-31,I,2026-05-15 18:43:46,2026-05-08 15:36:28,33.5551125,126.7986407
6510000,202665100000100009,공중화장실,,신양2리 올레길,,제주특별자치도 제주시 추자면 신양리 817-1,1,2,0,0,0,0,2,0,0,추자면,,상시,,,공공기관-지방자치단체,수세식,,N,,N,N,,,2025-12-31,I,2026-05-15 18:43:46,2026-05-08 15:59:53,,
6510000,202665100000100010,공중화장실,,용마마을화장실,제주특별자치도 제주시 용마로 13-1 (용담삼동),제주특별자치도 제주시 용담삼동 531-32,1,1,1,0,0,0,1,0,0,용담2동,,상시,,,공공기관-지방자치단체,수세식,,N,,N,N,,,2025-12-31,I,2026-05-15 18:43:46,2026-05-08 16:05:29,33.5144669,126.5057823
6510000,202665100000100012,공중화장실,,광양공영주차장,제주특별자치도 제주시 동광로1길 18 (이도일동),제주특별자치도 제주시 이도일동 1257-4,2,2,1,1,0,0,4,1,0,차량관리과,,상시,,,공공기관-지방자치단체,수세식,,N,,N,N,,,2025-12-31,I,2026-05-15 18:43:46,2026-05-08 16:06:52,33.5022768,126.5289971
6510000,202465100000101351,공중화장실,법제3조제4호,세화오일시장(구좌오일시장),제주특별자치도 제주시 구좌읍 해맞이해안로 1412,,3,4,0,0,0,0,5,0,0,제주특별자치도 제주시 구좌읍,0647287753,상시,,,공공기관-지방자치단체,수세식,Y,Y,남자화장실+여자화장실,N,Y,여자화장실,,2023-12-31,I,2026-05-15 18:43:46,2024-01-05 14:28:26,33.5261861,126.8572970
6510000,202465100000101359,공중화장실,법제3조제16호-영제3조제1항제1호,동동포구,,제주특별자치도 제주시 조천읍신촌리 533-3,1,1,0,0,0,0,2,0,0,조천읍,0647287862,상시,,,공공기관-지방자치단체,수세식,Y,Y,남자화장실+여자화장실,N,N,,,2023-12-31,I,2026-05-15 18:43:46,2024-01-05 14:28:26,33.5378257,126.6248767
6510000,202465100000101345,공중화장실,법제3조제16호-영제3조제1항제1호,신동해녀탈의장,,제주특별자치도 제주시 구좌읍 하도리 468-4,1,1,0,0,0,0,2,0,0,제주특별자치도 제주시 구좌읍,0647287745,상시,,,공공기관-지방자치단체,수세식,Y,Y,남자화장실+여자화장실,N,N,,,2023-12-31,I,2026-05-15 18:43:46,2024-01-05 14:28:26,33.5277685,126.8914814
6510000,202465100000101134,개방화장실,법제3조제2호,해녀박물관(본관1층),제주특별자치도 제주시 해녀박물관길 26,,2,4,1,0,0,0,5,1,0,해녀박물관,06471077756,정시,09:00~18:00,,공공기관-지방자치단체,수세식,Y,Y,남자화장실+여자화장실,N,Y,여자화장실,,2023-12-31,I,2026-05-15 18:43:46,2024-01-05 14:28:24,33.5236099,126.8634256
6510000,202465100000101333,공중화장실,법제3조제2호,세화리해수욕장,제주특별자치도 제주시 해맞이해안로 1465,제주특별자치도 제주시 구좌읍 세화리 1381-2,3,2,1,0,0,0,4,1,0,제주특별자치도 제주시 구좌읍,0647287745,상시,,,공공기관-지방자치단체,수세식,Y,Y,남자화장실+여자화장실,N,Y,여자화장실,,2023-12-31,I,2026-05-15 18:43:46,2024-01-05 14:28:26,33.5248302,126.8620256
6510000,202665100000100003,공중화장실,,"동문공설시장 신주차장(증축부, 캐리어보관실 맞은편)","제주특별자치도 제주시 동문로4길 9, 동문공설시장, 동문공영주차장 (일도일동)","제주특별자치도 제주시 일도일동 1103 동문공설시장, 동문공영주차장",1,2,1,0,0,0,2,1,0,경제소상공인과,,상시,,,공공기관-지방자치단체,수세식,,N,,N,N,,,2025-12-31,I,2026-05-15 18:43:46,2026-05-08 14:54:49,33.5120874,126.5282423
6510000,202665100000100005,간이화장실,,수산봉(물메오름),제주특별자치도 제주시 애월읍 수산곰솔길 56,제주특별자치도 제주시 애월읍 수산리 산 1-1,1,1,0,0,0,0,2,0,0,애월읍,,상시,,,공공기관-지방자치단체,수세식,,N,,N,N,,,2025-12-31,I,2026-05-15 18:43:46,2026-05-08 15:23:42,33.4734719,126.3859037
6510000,202665100000100006,간이화장실,,금성천 우수저류지,,제주특별자치도 제주시 애월읍 금성리 888-8 일원,1,2,1,0,0,0,4,0,0,애월읍,,상시,,,공공기관-지방자치단체,수세식,,N,,N,N,,,2025-12-31,I,2026-05-15 18:43:46,2026-05-08 15:28:45,33.4338559,126.3025734
6510000,202465100000101605,개방화장실,법제3조제16호-영제3조제1항제1호,제주시청4별관,제주특별자치도 제주시 동광로2길 13,,4,4,0,0,0,0,4,0,0,제주시 총무과,0647282424,정시,09:00~18:00,,공공기관-지방자치단체,수세식,Y,N,,Y,Y,여자화장실,,2023-12-31,I,2026-05-15 18:43:46,2024-01-05 14:28:28,33.5002069,126.5311251
6510000,202465100000101386,공중화장실,법제3조제16호-영제3조제1항제1호,금등소공원,,제주특별자치도 제주시 한경면 금등리 697-3,1,1,0,0,0,0,2,0,0,한경면,0647287954,상시,,,공공기관-지방자치단체,수세식,N,N,,N,N,,,2023-12-31,I,2026-05-15 18:43:46,2024-01-05 14:28:26,33.3610596,126.1919975
6510000,202465100000101216,공중화장실,법제3조제16호-영제3조제1항제1호,관음사 입구 공중화장실,제주특별자치도 제주시 산록북로 660,,2,2,0,0,0,0,3,1,0,제주시 문화예술과,0647282772,상시,24시간,,공공기관-지방자치단체,수세식,Y,Y,여자화장실,N,Y,여자화장실,,2023-12-31,I,2026-05-15 18:43:46,2024-01-05 14:28:25,33.4217204,126.5587508
6510000,202465100000101424,공중화장실,법제3조제16호-영제3조제1항제1호,산호사,,제주특별자치도 제주시 우도면 연평리 2565,1,2,0,0,0,0,2,0,0,우도면,0647284342,상시,,,공공기관-지방자치단체,수세식,Y,Y,남자화장실+여자화장실,N,N,,,2023-12-31,I,2026-05-15 18:43:46,2024-01-05 14:28:27,33.5019020,126.9438064
6510000,202465100000101183,개방화장실,법제3조제16호-영제3조제1항제1호,제주시청 시민화장실,제주특별자치도 제주시 광양9길 10,,2,2,0,0,0,0,2,0,0,제주시 총무과,0647282423,상시,24시간,,공공기관-지방자치단체,수세식,Y,Y,남자화장실+여자화장실,Y,Y,여자화장실,,2023-12-31,I,2026-05-15 18:43:46,2024-01-05 14:28:24,33.5002142,126.5322175
6510000,202465100000101294,공중화장실,법제3조제4호,한림중앙상가(2층서쪽),제주특별자치도 제주시 한림읍 한림북동길 2,,4,4,0,0,0,0,5,0,0,한림읍 산업계,0647287631,정시,09:00~18:00,,공공기관-지방자치단체,수세식,Y,Y,남자화장실+여자화장실,N,N,,,2023-12-31,I,2026-05-15 18:43:46,2024-01-05 14:28:25,33.4155049,126.2648394
6510000,202465100000101317,공중화장실,법제3조제16호-영제3조제1항제1호,하가연하못옆,제주특별자치도 제주시 애월읍 하가로 182,,1,1,1,0,0,0,1,1,0,애월읍,0647288866,상시,,,공공기관-지방자치단체,수세식,Y,Y,남자화장실+여자화장실,N,N,,,2023-12-31,I,2026-05-15 18:43:46,2024-01-05 14:28:26,33.4550411,126.3468482
6510000,202465100000101363,공중화장실,법제3조제16호-영제3조제1항제1호,서우봉해변(관리사무소동쪽),제주특별자치도 제주시 조함해안로 525,제주특별자치도 제주시 조천읍 함덕리 산14-1,5,6,1,0,0,0,4,1,0,조천읍,0647287882,상시,,,공공기관-지방자치단체,수세식,Y,Y,남자화장실+여자화장실,N,Y,여자화장실,,2023-12-31,I,2026-05-15 18:43:46,2024-01-05 14:28:26,33.5428268,126.6705103
6510000,202465100000101405,공중화장실,법제3조제16호-영제3조제1항제1호,신대,,제주특별자치도 제주시 추자면 예초리 75,1,1,0,0,0,0,1,0,0,추자면,0647284283,상시,,,공공기관-지방자치단체,수세식,N,N,,N,N,여자화장실,,2023-12-31,I,2026-05-15 18:43:46,2024-01-05 14:28:26,,
6510000,202465100000101136,개방화장실,법제3조제2호,해녀박물관(신관1층),제주특별자치도 제주시 해녀박물관길 26,,1,2,1,0,0,0,4,0,0,해녀박물관,06471077758,정시,09:00~18:00,,공공기관-지방자치단체,수세식,Y,Y,장애인화장실+남자화장실+여자화장실,N,N,,,2023-12-31,I,2026-05-15 18:43:46,2024-01-05 14:28:24,33.5236099,126.8634256
6510000,202465100000101414,공중화장실,법제3조제16호-영제3조제1항제1호,신양리 동쪽 방파제 입구,제주특별자치도 제주시 신양2길 28-8,제주특별자치도 제주시 추자면 신양리 434-1,4,1,2,1,1,2,0,1,0,추자면,0647284283,상시,,,공공기관-지방자치단체,수세식,Y,Y,장애인화장실+남자화장실+여자화장실,N,Y,여자화장실,,2023-12-31,I,2026-05-15 18:43:46,2024-01-05 14:28:27,,
6510000,202465100000101264,개방화장실,법제3조제5호,아라2근린공원,제주특별자치도 제주시 인다13길 47,,2,3,1,0,0,0,8,1,0,제주시 공원녹지과,0647283605,상시,24시간,,공공기관-지방자치단체,수세식,Y,Y,남자화장실+여자화장실,N,Y,여자화장실,,2023-12-31,I,2026-05-15 18:43:46,2024-01-05 14:28:25,33.4730020,126.5502653
6510000,202465100000101133,개방화장실,법제3조제2호,해녀박물관(본관지하),제주특별자치도 제주시 해녀박물관길 26,,1,2,0,0,0,0,2,0,0,해녀박물관,06471077755,정시,09:00~18:00,,공공기관-지방자치단체,수세식,Y,Y,남자화장실+여자화장실,Y,N,,,2023-12-31,I,2026-05-15 18:43:46,2024-01-05 14:28:24,33.5236099,126.8634256
6510000,202465100000101195,개방화장실,법제3조제16호-영제3조제1항제1호,연화로 공영주차장,제주특별자치도 제주시 연화로2길 17-4,,3,1,1,0,0,0,3,1,0,제주시 차량관리과,0647283823,정시,09:00~18:00,,공공기관-지방자치단체,수세식,Y,Y,남자화장실+여자화장실,N,Y,남자화장실+여자화장실,,2023-12-31,I,2026-05-15 18:43:46,2024-01-05 14:28:24,33.4776424,126.4892761
6510000,202465100000101465,공중화장실,법제3조제16호-영제3조제1항제1호,이호비치,제주특별자치도 제주시 서해안로 45-18,,2,4,1,0,0,0,6,0,0,이호동,0647284935,상시,,,공공기관-지방자치단체,수세식,Y,Y,남자화장실+여자화장실,N,N,,,2023-12-31,I,2026-05-15 18:43:46,2024-01-05 14:28:27,33.4997094,126.4549492
6510000,202465100000101398,공중화장실,법제3조제16호-영제3조제1항제1호,후포 해안변 공원,제주특별자치도 제주시 추자면 대서 5길 87,,3,2,0,0,1,2,0,0,0,추자면,0647284283,상시,,,공공기관-지방자치단체,수세식,Y,Y,남자화장실+여자화장실,N,Y,여자화장실,,2023-12-31,I,2026-05-15 18:43:46,2024-01-05 14:28:26,,
6510000,202465100000101390,공중화장실,법제3조제16호-영제3조제1항제1호,팔각정 공원,,제주특별자치도 제주시 추자면 대서리 2-11,2,1,0,0,1,2,0,0,0,추자면,0647284283,상시,,,공공기관-지방자치단체,수세식,Y,Y,남자화장실+여자화장실,N,Y,여자화장실,,2023-12-31,I,2026-05-15 18:43:46,2024-01-05 14:28:26,,
6510000,202465100000101368,공중화장실,법제3조제16호-영제3조제1항제1호,관곶,,제주특별자치도 제주시 조천읍 신흥리 792-2,1,2,1,0,0,0,1,1,0,조천읍,0647287862,상시,,,공공기관-지방자치단체,수세식,Y,Y,남자화장실+여자화장실,N,N,,,2023-12-31,I,2026-05-15 18:43:46,2024-01-05 14:28:26,33.5532524,126.6442917
6510000,202465100000101360,공중화장실,법제3조제16호-영제3조제1항제1호,연북정,제주특별자치도 제주시 조천북1길 11-13,제주특별자치도 제주시 조천읍 조천리 2714-5,1,1,1,1,0,0,2,1,0,조천읍,0647287862,상시,,,공공기관-지방자치단체,수세식,Y,Y,남자화장실+여자화장실,N,Y,여자화장실,,2023-12-31,I,2026-05-15 18:43:46,2024-01-05 14:28:26,33.5409582,126.6355423
6510000,202465100000101376,공중화장실,법제3조제16호-영제3조제1항제1호,낙천테마마을,제주특별자치도 제주시 한경면 낙수로 97,,3,3,1,0,0,0,4,1,0,한경면,0647287954,상시,,,공공기관-지방자치단체,수세식,Y,Y,남자화장실+여자화장실,N,Y,여자화장실,,2023-12-31,I,2026-05-15 18:43:46,2024-01-05 14:28:26,33.3279027,126.2262550
6510000,202465100000101273,공중화장실,법제3조제16호-영제3조제1항제1호,신양항,제주특별자치도 제주시 추자면 석두리길 25,,1,2,0,0,0,0,3,0,0,제주시 해양수산과,0647283384,상시,24시간,,공공기관-지방자치단체,수세식,Y,Y,남자화장실+여자화장실,N,N,,,2023-12-31,I,2026-05-15 18:43:46,2024-01-05 14:28:25,,
6510000,202465100000101416,공중화장실,법제3조제16호-영제3조제1항제1호,홍조단괴 탈의장(서빈백사),제주특별자치도 제주시 우도해안길 256,제주특별자치도 제주시 우도면 연평리 2512-3,2,3,1,0,0,0,5,1,0,우도면,0647284342,상시,,,공공기관-지방자치단체,수세식,Y,Y,남자화장실+여자화장실,N,N,,,2023-12-31,I,2026-05-15 18:43:46,2024-01-05 14:28:27,33.5030272,126.9433123
6510000,202465100000101463,공중화장실,법제3조제13호,내도운동장,제주특별자치도 제주시 테우해안로 65,제주특별자치도 제주시 내도동 461-4,1,1,1,1,0,1,1,1,0,외도동,0647288314,상시,,,공공기관-지방자치단체,수세식,Y,Y,남자화장실+여자화장실,Y,Y,여자화장실,,2023-12-31,I,2026-05-15 18:43:46,2024-01-05 14:28:27,33.4967537,126.4416426
6510000,202465100000101357,공중화장실,법제3조제16호-영제3조제1항제1호,닭머루,제주특별자치도 제주시 조천읍 원당북로 197-3,,1,1,0,0,0,0,2,0,0,조천읍,0647287862,상시,,,공공기관-지방자치단체,수세식,Y,Y,남자화장실+여자화장실,N,N,,,2023-12-31,I,2026-05-15 18:43:46,2024-01-05 14:28:26,33.5326924,126.6139882
6510000,202465100000101399,공중화장실,법제3조제16호-영제3조제1항제1호,추자교량,,제주특별자치도 제주시 추자면 영흥리 100-1,2,1,0,0,1,2,0,0,0,추자면,0647284283,상시,,,공공기관-지방자치단체,수세식,Y,Y,남자화장실+여자화장실,N,Y,여자화장실,,2023-12-31,I,2026-05-15 18:43:46,2024-01-05 14:28:26,,
6510000,202465100000101391,공중화장실,법제3조제16호-영제3조제1항제1호,목게,,제주특별자치도 제주시 추자면 대서리 산186,2,1,0,0,1,2,0,0,0,추자면,0647284283,상시,,,공공기관-지방자치단체,수세식,Y,Y,남자화장실+여자화장실,N,Y,남자화장실+여자화장실,,2023-12-31,I,2026-05-15 18:43:46,2024-01-05 14:28:26,,
6510000,202465100000101642,개방화장실,법제3조제16호-영제3조제1항제1호,우도 주민자치센터,제주특별자치도 제주시 영일진사길 15-5,,3,0,0,0,0,0,4,2,0,우도면,,정시,09:00~18:00,,공공기관-지방자치단체,수세식,Y,N,,N,N,,,2023-12-31,I,2026-05-15 18:43:46,2026-05-08 13:52:43,33.5071534,126.9558735
6510000,202465100000101244,개방화장실,법제3조제5호,사라봉공원(서쪽),제주특별자치도 제주시 사라봉동길 74,,2,3,0,0,0,0,2,0,0,제주시 공원녹지과,0647283605,상시,24시간,,공공기관-지방자치단체,수세식,Y,Y,남자화장실+여자화장실,N,N,여자화장실,,2023-12-31,I,2026-05-15 18:43:46,2024-01-05 14:28:25,33.5186634,126.5476898
6510000,202465100000101143,개방화장실,법제3조제16호-영제3조제1항제7호,양지공원 제2추모의집 화장실,제주특별자치도 제주시 516로 2810-31,,1,3,1,0,0,0,4,1,0,제주특별자치도 노인복지과 양지공원팀,0647106623,상시,24시간,,공공기관-지방자치단체,수거식,Y,Y,장애인화장실+남자화장실+여자화장실,N,Y,여자화장실,,2023-12-31,I,2026-05-15 18:43:46,2024-01-05 14:28:24,33.4404996,126.5789027
6510000,202465100000101610,개방화장실,법제3조제16호-영제3조제1항제1호,자치행정과(소통협력센터),제주특별자치도 제주시 관덕로 44,,10,10,5,0,0,5,10,5,0,제주시 자치행정과,07044577744,정시,09:00~18:00,,공공기관-지방자치단체,수세식,Y,Y,장애인화장실,Y,N,,,2023-12-31,I,2026-05-15 18:43:46,2024-01-05 14:28:28,33.5128280,126.5239291
6510000,202465100000101618,개방화장실,법제3조제16호-영제3조제1항제1호,건강증진과(치매안심센터),제주특별자치도 제주시 연삼로 264,,3,4,1,0,0,0,6,1,0,제주시 보건행정과,,정시,09:00~18:00,,공공기관-지방자치단체,수세식,Y,Y,장애인화장실+남자화장실+여자화장실,N,N,,,2025-12-31,I,2026-05-15 18:43:46,2026-05-08 14:31:37,33.4915999,126.5202379
6510000,202465100000101410,공중화장실,법제3조제16호-영제3조제1항제1호,추석산,,제주특별자치도 제주시 추자면 신양리 산20-2임,1,0,0,0,1,1,0,0,0,추자면,0647284283,상시,,,공공기관-지방자치단체,수세식,N,N,,N,N,,,2023-12-31,I,2026-05-15 18:43:46,2024-01-05 14:28:26,,
6510000,202465100000101658,개방화장실,법제3조제16호-영제3조제1항제1호,오라동,제주특별자치도 제주시 오라로10길 6,,1,1,1,1,0,0,1,1,0,오라동,,정시,09:00~18:00,,공공기관-지방자치단체,수세식,Y,Y,남자화장실+여자화장실,N,Y,여자화장실,,2023-12-31,I,2026-05-15 18:43:46,2024-01-05 14:28:29,33.4951474,126.5115919
6510000,202465100000101650,개방화장실,법제3조제16호-영제3조제1항제1호,삼도2동,제주특별자치도 제주시 관덕로6길 15,,2,2,1,1,0,0,5,0,0,삼도2동,,정시,09:00~18:00,,공공기관-지방자치단체,수세식,Y,Y,남자화장실+여자화장실,N,N,,,2023-12-31,I,2026-05-15 18:43:46,2024-01-05 14:28:29,33.5117393,126.5222136
6510000,202465100000101152,개방화장실,법제3조제1호,성판악 속밭 화장실,제주특별자치도 제주시 조천읍 516로 1865,,5,5,0,0,0,0,10,0,0,세계유산본부 한라산국립공원관리소,0647107826,상시,24시간,,공공기관-지방자치단체,수세식,Y,N,,N,N,,,2023-12-31,I,2026-05-15 18:43:46,2024-01-05 14:28:24,33.3844995,126.6194071
6510000,202465100000101462,공중화장실,법제3조제16호-영제3조제1항제1호,연대,,제주특별자치도 제주시 외도2동 1956-53,1,1,1,1,0,1,3,1,0,외도동,0647288314,상시,,,공공기관-지방자치단체,수세식,Y,Y,남자화장실+여자화장실,Y,N,,,2023-12-31,I,2026-05-15 18:43:46,2024-01-05 14:28:27,33.4946216,126.4270147
6510000,202465100000101441,공중화장실,법제3조제16호-영제3조제1항제1호,해신사,제주특별자치도 제주시 진북길 13-1,,1,1,0,0,0,0,2,0,0,화북동,0647288153,상시,,,공공기관-지방자치단체,수세식,Y,Y,장애인화장실+남자화장실+여자화장실,N,N,,,2023-12-31,I,2026-05-15 18:43:46,2024-01-05 14:28:27,33.5244295,126.5655262
6510000,202465100000101449,공중화장실,법제3조제16호-영제3조제1항제1호,삼양삼동 공중화장실,,제주특별자치도 제주시 삼양3동 2621-9,0,0,1,1,0,0,1,1,0,삼양동,0647288178,상시,,,공공기관-지방자치단체,수세식,Y,Y,남자화장실+여자화장실,N,Y,여자화장실,,2023-12-31,I,2026-05-15 18:43:46,2024-01-05 14:28:27,33.5274289,126.5765560
6510000,202465100000101418,공중화장실,법제3조제16호-영제3조제1항제1호,검멀레,제주특별자치도 제주시 우도해안길 1142,제주특별자치도 제주시 우도면 연평리 318-2,3,4,0,0,0,0,3,0,0,우도면,0647284342,상시,,,공공기관-지방자치단체,수세식,Y,Y,여자화장실,N,N,,,2023-12-31,I,2026-05-15 18:43:46,2024-01-05 14:28:27,33.4981138,126.9666251
6510000,202465100000101172,개방화장실,법제3조제16호-영제3조제1항제1호,제주소방서 1층 화장실,제주특별자치도 제주시 중앙로 342,,2,2,1,0,0,0,2,1,0,제주소방서,0647290142,정시,09:00~18:00,,공공기관-지방자치단체,수세식,Y,N,,N,N,,,2023-12-31,I,2026-05-15 18:43:46,2024-01-05 14:28:24,33.4908890,126.5366593
6510000,202465100000101452,간이화장실,법제3조제13호,아라동 다목적운동장,제주특별자치도 제주시 아라이동1360-14,,1,1,0,0,0,0,1,0,0,아라동,0647288202,상시,,,공공기관-지방자치단체,수세식,Y,Y,남자화장실+여자화장실,N,N,,,2023-12-31,I,2026-05-15 18:43:46,2024-01-05 14:28:27,33.4875425,126.5435227
6510000,202465100000101350,공중화장실,법제3조제16호-영제3조제1항제1호,올레길안내소,제주특별자치도 제주시 해녀박물관길 11,제주특별자치도 제주시구좌읍 상도리 471-43,1,1,1,0,0,0,2,1,0,제주특별자치도 제주시 구좌읍,0647287745,상시,,,공공기관-지방자치단체,수세식,Y,Y,남자화장실+여자화장실,N,N,,,2023-12-31,I,2026-05-15 18:43:46,2024-01-05 14:28:26,33.5220047,126.8626785
6510000,202465100000101358,공중화장실,법제3조제16호-영제3조제1항제1호,신촌어촌정주어항,,제주특별자치도 제주시 조천읍 신촌리 2077-7지선,1,1,1,1,0,0,2,1,0,조천읍,0647287862,상시,,,공공기관-지방자치단체,수세식,Y,Y,남자화장실+여자화장실,N,N,,,2023-12-31,I,2026-05-15 18:43:46,2024-01-05 14:28:26,33.5377808,126.6197253
6510000,202465100000101411,공중화장실,법제3조제16호-영제3조제1항제1호,휴양팬션,제주특별자치도 제주시 추자면 추자로 500,,2,1,0,0,1,2,0,0,0,추자면,0647284283,상시,,,공공기관-지방자치단체,수세식,Y,Y,장애인화장실+남자화장실+여자화장실,N,Y,여자화장실,,2023-12-31,I,2026-05-15 18:43:46,2024-01-05 14:28:26,,
6510000,202465100000101419,공중화장실,법제3조제16호-영제3조제1항제1호,검멀레 주차장,제주특별자치도 제주시 우도면 우도해안길 1142,,1,2,0,0,0,0,3,0,0,우도면,0647284342,상시,,,공공기관-지방자치단체,수세식,Y,Y,남자화장실+여자화장실,N,N,,,2023-12-31,I,2026-05-15 18:43:46,2024-01-05 14:28:27,33.4981138,126.9666251
6510000,202465100000101377,공중화장실,법제3조제16호-영제3조제1항제1호,신창싱계물,,제주특별자치도 제주시 한경면 신창리 1321-2,3,2,0,0,0,0,4,1,0,한경면,0647287954,상시,,,공공기관-지방자치단체,수세식,Y,Y,남자화장실+여자화장실,N,N,,,2023-12-31,I,2026-05-15 18:43:46,2024-01-05 14:28:26,33.3428123,126.1744632
6510000,202465100000101220,공중화장실,법제3조제16호-영제3조제1항제1호,새별오름 들불축제장,제주특별자치도 제주시 평화로 1491,,3,4,1,0,0,0,9,1,0,제주시 관광진흥과,0647282765,정시,06:00~18:00,,공공기관-지방자치단체,수세식,Y,Y,장애인화장실+남자화장실+여자화장실,N,Y,남자화장실+여자화장실,,2023-12-31,I,2026-05-15 18:43:46,2024-01-05 14:28:25,33.3625041,126.3597363
6510000,202465100000101341,공중화장실,법제3조제2호,평대해수욕장,,제주특별자치도 제주시 구좌읍 평대리 1994-6지선,4,4,1,0,0,0,8,1,0,제주특별자치도 제주시 구좌읍,0647287745,상시,,,공공기관-지방자치단체,수세식,Y,Y,남자화장실+여자화장실,N,Y,여자화장실,,2023-12-31,I,2026-05-15 18:43:46,2024-01-05 14:28:26,33.5329308,126.8407632
6510000,202465100000101349,공중화장실,법제3조제16호-영제3조제1항제1호,양식단지 앞,제주특별자치도 제주시 행원로13길 130-27,제주특별자치도 제주시 구좌읍 행원리 563,1,1,0,0,0,0,2,0,0,제주특별자치도 제주시 구좌읍,0647287745,상시,,,공공기관-지방자치단체,수세식,N,N,,N,N,,,2023-12-31,I,2026-05-15 18:43:46,2024-01-05 14:28:26,33.5591204,126.8141722
6510000,202465100000101138,개방화장실,법제3조제2호,해녀박물관(신관3층),제주특별자치도 제주시 해녀박물관길 26,,0,1,0,0,0,0,0,0,0,해녀박물관,06471077760,정시,09:00~18:02,,공공기관-지방자치단체,수세식,Y,Y,남자화장실+여자화장실,N,N,,,2023-12-31,I,2026-05-15 18:43:46,2024-01-05 14:28:24,33.5236099,126.8634256
6510000,202465100000101130,개방화장실,법제3조제16호-영제3조제1항제1호,제주특별자치도청 제1청사 화장실,제주특별자치도 제주시 문연로 6,,39,31,2,13,0,0,59,2,0,특별자치행정국 총무과,0647106937,정시,09:00~18:00,,공공기관-지방자치단체,수세식,Y,Y,장애인화장실+남자화장실+여자화장실,N,Y,남자화장실+여자화장실,,2023-12-31,I,2026-05-15 18:43:46,2024-01-05 14:28:24,33.4882207,126.4977226
6510000,202465100000101633,개방화장실,법제3조제16호-영제3조제1항제1호,구좌읍 다목적문화센터,제주특별자치도 제주시 일주동로 3116,,5,4,1,1,1,1,9,1,1,구좌읍,,정시,09:00~18:00,,공공기관-지방자치단체,수세식,Y,N,,N,N,,,2023-12-31,I,2026-05-15 18:43:46,2024-01-05 14:28:29,33.5221393,126.8518858
6510000,202465100000101652,개방화장실,법제3조제16호-영제3조제1항제1호,용담2동,제주특별자치도 제주시 흥운길 27,,3,3,1,0,0,0,3,1,0,용담2동,,정시,09:00~18:00,,공공기관-지방자치단체,수세식,Y,Y,여자화장실,N,Y,여자화장실,,2023-12-31,I,2026-05-15 18:43:46,2024-01-05 14:28:29,33.5114920,126.5116704
6510000,202465100000101631,개방화장실,법제3조제16호-영제3조제1항제1호,구좌읍사무소,제주특별자치도 제주시 일주동로 3116,,2,3,1,1,0,0,3,1,0,구좌읍,,정시,09:00~18:00,,공공기관-지방자치단체,수세식,Y,N,,N,N,,,2025-12-31,I,2026-05-15 18:43:46,2026-05-08 14:28:09,33.5221393,126.8518858
6510000,202465100000101639,개방화장실,법제3조제13호,한경체육관,제주특별자치도 제주시 칠전로 41,,2,3,1,0,0,0,4,1,0,한경면,,정시,09:00~18:00,,공공기관-지방자치단체,수세식,Y,Y,장애인화장실+남자화장실+여자화장실,N,N,,,2023-12-31,I,2026-05-15 18:43:46,2024-01-05 14:28:29,33.3015196,126.1845077
6510000,202465100000101113,개방화장실,법제3조제16호-영제3조제1항제1호,제주항 국제여객터미널(1층 매표소),제주특별자치도 제주시 임항로 191,,4,6,1,1,0,0,12,1,0,제주특별자치도 해운항만과,0647108693,정시,04:30~21:00,,공공기관-지방자치단체,수세식,Y,Y,장애인화장실+남자화장실+여자화장실,N,Y,남자화장실+여자화장실,,2023-12-31,I,2026-05-15 18:43:46,2024-01-05 14:28:24,33.5258374,126.5440785
6510000,202465100000101310,공중화장실,법제3조제16호-영제3조제1항제1호,신엄농산물 직거래장터,,제주특별자치도 제주시 애월읍 신엄리 3092,1,1,0,0,0,0,2,0,0,애월읍,0647288866,상시,,,공공기관-지방자치단체,수세식,Y,Y,남자화장실+여자화장실,N,N,,,2023-12-31,I,2026-05-15 18:43:46,2024-01-05 14:28:25,33.4692731,126.3601919
6510000,202465100000101318,공중화장실,법제3조제16호-영제3조제1항제1호,오당빌레,,제주특별자치도 제주시 애월읍 하가리 846-1,1,1,0,0,0,0,1,0,0,애월읍,0647288866,상시,,,공공기관-지방자치단체,수세식,Y,Y,남자화장실+여자화장실,N,N,,,2023-12-31,I,2026-05-15 18:43:46,2024-01-05 14:28:26,33.4539567,126.3517790
6510000,202465100000101335,공중화장실,법제3조제16호-영제3조제1항제1호,거슨새미오름주차장,제주특별자치도 제주시 비자림로 1455,제주특별자치도 제주시 구좌읍 송당리 산145-2,1,2,0,0,0,0,3,0,0,제주특별자치도 제주시 구좌읍,0647287745,상시,,,공공기관-지방자치단체,수세식,N,N,,N,N,,,2023-12-31,I,2026-05-15 18:43:46,2024-01-05 14:28:26,33.4459253,126.7570203
6510000,202665100000100014,개방화장실,,이도1동청소년문화의집,"제주특별자치도 제주시 서광로29길 17, 제주시참사랑문화의집 (이도일동)",제주특별자치도 제주시 이도일동 1664-7 제주시참사랑문화의집,0,1,1,0,0,0,3,1,0,여성가족과,,정시,(평일)09:00~20:00+(주말)09:00~18:00),,공공기관-지방자치단체,수세식,,N,,N,N,,,2025-12-31,I,2026-05-15 18:43:46,2026-05-11 13:34:41,33.5017931,126.5262163
6510000,202665100000100016,개방화장실,,도남청소년문화의집,"제주특별자치도 제주시 도남로12길 8, 도남청소년문화의집 (도남동)",제주특별자치도 제주시 도남동 57-4 도남청소년문화의집,3,6,0,0,0,0,6,3,0,여성가족과,,정시,(평일)09:00~20:00+(주말)09:00~18:00),,공공기관-지방자치단체,수세식,,N,,N,N,,,2025-12-31,I,2026-05-15 18:43:46,2026-05-11 13:40:01,33.4929543,126.5274735
6510000,202465100000101219,공중화장실,법제3조제16호-영제3조제1항제1호,노형 신비의도로,제주특별자치도 제주시 노형동 291-25,,2,3,0,0,0,0,5,1,0,제주시 관광진흥과,0647282765,상시,24시간,,공공기관-지방자치단체,수세식,Y,Y,장애인화장실+남자화장실+여자화장실,N,Y,여자화장실,,2023-12-31,I,2026-05-15 18:43:46,2024-01-05 14:28:25,33.4498142,126.4872719
6510000,202465100000101211,공중화장실,법제3조제4호,중앙로상점가 주차장 한짓골,제주특별자치도 제주시 중앙로 85,,3,3,1,0,0,0,5,1,0,제주시 경제소상공인과,0647282827,상시,24시간,,공공기관-지방자치단체,수세식,Y,Y,여자화장실,N,N,여자화장실,,2023-12-31,I,2026-05-15 18:43:46,2024-01-05 14:28:25,33.5106281,126.5241614
6510000,202465100000101228,개방화장실,법제3조제13호,삼양축구장,제주특별자치도 제주시 원당북로45,,2,3,1,0,0,0,3,1,0,제주시 체육진흥과,0647283279,정시,08:00~22:00,,공공기관-지방자치단체,수세식,Y,Y,여자화장실,N,N,,,2023-12-31,I,2026-05-15 18:43:46,2024-01-05 14:28:25,33.5326445,126.5981779
6510000,202465100000101353,공중화장실,법제3조제16호-영제3조제1항제1호,돗오름 주차장,,제주특별자치도 제주시 구좌읍 평대리 산 16,1,1,0,0,0,0,2,0,0,제주특별자치도 제주시 구좌읍,0647287753,상시,,,공공기관-지방자치단체,수세식,Y,Y,남자화장실+여자화장실,N,N,,,2023-12-31,I,2026-05-15 18:43:46,2024-01-05 14:28:26,33.4819894,126.8017423
6510000,202465100000101365,공중화장실,법제3조제4호,함덕오일시장,제주특별자치도 제주시 조천읍 함덕16길 15-13,,2,2,0,0,0,0,2,0,0,조천읍,0647287875,상시,,,공공기관-지방자치단체,수세식,Y,Y,남자화장실+여자화장실,N,N,,,2023-12-31,I,2026-05-15 18:43:46,2024-01-05 14:28:26,33.5402527,126.6679607
6510000,202465100000101383,공중화장실,법제3조제16호-영제3조제1항제1호,조수돗곳물,,제주특별자치도 제주시한경면 조수리 1902-1,1,1,0,0,0,0,2,0,0,한경면,0647287954,상시,,,공공기관-지방자치단체,수세식,Y,Y,남자화장실+여자화장실,N,N,,,2023-12-31,I,2026-05-15 18:43:46,2024-01-05 14:28:26,33.3373805,126.2215682
6510000,202465100000101171,개방화장실,법제3조제16호-영제3조제1항제6호,상하수도본부내 화장실,제주특별자치도 제주시 중산간동로 601,,11,12,1,0,0,0,13,1,0,상하수도본부 경영관리과,0647507723,정시,09:00~18:00,,공공기관-지방자치단체,수세식,Y,N,,N,N,,,2023-12-31,I,2026-05-15 18:43:46,2024-01-05 14:28:24,33.4995583,126.6501372
6510000,202465100000101179,공중화장실,법제3조제2호,"돌문화공원 야외화장실(2코스, 3코스, 미아보호소)",제주특별자치도 제주시 남조로 2023,,4,6,5,4,0,0,5,5,0,제주특별자치도 돌문화공원관리소,0647107732,정시,"09:00~18:00+휴원일 미개방(매주 월요일, 1월1일, 설날 및 추석 당일)",,공공기관-지방자치단체,수세식,Y,Y,장애인화장실+남자화장실+여자화장실,N,N,,,2023-12-31,I,2026-05-15 18:43:46,2024-01-05 14:28:24,33.4513306,126.6566618
6510000,202465100000101395,공중화장실,법제3조제16호-영제3조제1항제1호,횡간도2,제주특별자치도 제주시 횡간도길 51,제주특별자치도 제주시 추자면 대서리 산98,1,1,0,0,0,0,1,0,0,추자면,0647284283,상시,,,공공기관-지방자치단체,수세식,N,N,,N,N,남자화장실+여자화장실,,2023-12-31,I,2026-05-15 18:43:46,2024-01-05 14:28:26,,
6510000,202465100000101168,개방화장실,법제3조제16호-영제3조제1항제2호,서부농업기술센터(야외화장실),제주특별자치도 한림읍 월림7길 90,,2,3,0,0,0,0,3,0,0,서부농업기술센터,0647107911,상시,24시간,,공공기관-지방자치단체,수세식,Y,N,,N,N,,,2023-12-31,I,2026-05-15 18:43:46,2024-01-05 14:28:24,33.3534662,126.2476976
6510000,202465100000101160,개방화장실,법제3조제16호-영제3조제1항제2호,김창열미술관 야외화장실,제주특별자치도 제주시 한림읍 용금로 883-5,,1,1,1,1,0,0,3,1,0,제주도립 김창열미술관,0647104150,정시,09:00~18:00,,공공기관-지방자치단체,수세식,Y,N,장애인화장실+남자화장실+여자화장실,N,N,,,2023-12-31,I,2026-05-15 18:43:46,2024-01-05 14:28:24,33.3390713,126.2686717
6510000,202465100000101214,공중화장실,법제3조제4호,동문공설시장 청년몰(입구 밖),제주특별자치도 제주시 동문로4길 9,,2,3,0,0,0,0,3,0,0,제주시 경제소상공인과,0647282827,상시,24시간,,공공기관-지방자치단체,수세식,Y,Y,여자화장실,N,N,남자화장실+여자화장실,,2023-12-31,I,2026-05-15 18:43:46,2024-01-05 14:28:25,33.5120874,126.5282423
6510000,202465100000101296,공중화장실,법제3조제16호-영제3조제1항제1호,금악오름,,제주특별자치도 제주시 한림읍 금악리 1210,1,1,0,0,0,0,2,0,0,한림읍,0647287652,상시,24시간,,공공기관-지방자치단체,수세식,Y,Y,남자화장실+여자화장실,N,N,,,2023-12-31,I,2026-05-15 18:43:46,2024-01-05 14:28:25,33.3509365,126.3058958
6510000,202465100000101287,공중화장실,법제3조제2호,궤물동산,제주특별자치도 제주시 한림읍 귀덕9길 21-1,,1,1,0,0,0,0,1,0,0,한림읍,0647287652,상시,24시간,,공공기관-지방자치단체,수세식,Y,Y,남자화장실+여자화장실,N,N,,,2023-12-31,I,2026-05-15 18:43:46,2024-01-05 14:28:25,33.4426135,126.2896260
6510000,202465100000101236,개방화장실,법제3조제16호-영제3조제1항제1호,동백동산(습지센타 주차장),제주특별자치도 제주시 조천읍 동백로 77,,3,5,1,0,0,0,6,1,0,제주시 환경관리과,0647282742,상시,24시간,,공공기관-지방자치단체,수세식,Y,Y,장애인화장실+남자화장실+여자화장실,N,Y,남자화장실+여자화장실,,2023-12-31,I,2026-05-15 18:43:46,2024-01-05 14:28:25,33.5096986,126.7156672
6510000,202465100000101470,공중화장실,법제3조제16호-영제3조제1항제1호,도두봉 섬머리,제주특별자치도 제주시 서해안로 197,,2,1,1,1,0,0,4,1,0,도두동,0647284962,상시,,,공공기관-지방자치단체,수세식,Y,Y,남자화장실+여자화장실,N,N,,,2023-12-31,I,2026-05-15 18:43:46,2024-01-05 14:28:27,33.5060304,126.4689948
6510000,202465100000101446,공중화장실,법제3조제16호-영제3조제1항제1호,샛도리물,,제주특별자치도 제주시 삼양1동 1938-3,2,2,1,0,0,0,2,1,0,삼양동,0647288178,상시,,,공공기관-지방자치단체,수세식,Y,Y,장애인화장실+남자화장실+여자화장실,N,N,,,2023-12-31,I,2026-05-15 18:43:46,2024-01-05 14:28:27,33.5292740,126.5892402
6510000,202465100000101272,공중화장실,법제3조제16호-영제3조제1항제1호,김녕항 요트학교 옆,제주특별자치도 제주시 구좌읍 구좌해안로 229-16,,2,2,0,0,0,0,3,0,0,제주시 해양수산과,0647283384,상시,24시간,,공공기관-지방자치단체,수세식,Y,Y,남자화장실+여자화장실,N,Y,여자화장실,,2023-12-31,I,2026-05-15 18:43:46,2024-01-05 14:28:25,33.5582479,126.7372598
6510000,202465100000101147,개방화장실,법제3조제1호,어리목 제2주차장 화장실,제주특별자치도 제주시 1100로 2073,,1,1,0,0,0,0,2,0,0,세계유산본부 한라산국립공원관리소,0647107826,상시,24시간,,공공기관-지방자치단체,수세식,Y,N,,N,N,,,2023-12-31,I,2026-05-15 18:43:46,2024-01-05 14:28:24,33.3898045,126.4850041
6510000,202465100000101126,개방화장실,법제3조제16호-영제3조제1항제1호,제주항 5부두 임항창고,제주특별자치도 제주시 임항로 173,,0,4,1,0,0,0,0,1,0,제주특별자치도 해운항만과,0647108693,상시,24시간,,공공기관-지방자치단체,수세식,Y,Y,장애인화장실+남자화장실+여자화장실,N,N,,,2023-12-31,I,2026-05-15 18:43:46,2024-01-05 14:28:24,33.5233784,126.5408201
6510000,202465100000101246,개방화장실,법제3조제5호,삼무공원,제주특별자치도 제주시 신대로10길 50,,5,5,1,1,0,0,6,1,0,제주시 공원녹지과,0647283605,상시,24시간,,공공기관-지방자치단체,수세식,Y,Y,장애인화장실+남자화장실+여자화장실,N,Y,남자화장실+여자화장실,,2023-12-31,I,2026-05-15 18:43:46,2024-01-05 14:28:25,33.4911071,126.4913412
6510000,202465100000101196,개방화장실,법제3조제16호-영제3조제1항제1호,정든로 공영주차장,제주특별자치도 제주시 정든로 37,제주특별자치도 제주시 이도2동 429-7,1,1,1,0,0,0,1,1,0,제주시 차량관리과,0647283823,정시,09:00~18:00,,공공기관-지방자치단체,수세식,Y,Y,남자화장실+여자화장실,N,Y,남자화장실+여자화장실,,2023-12-31,I,2026-05-15 18:43:46,2024-01-05 14:28:24,33.4975689,126.5423969
6510000,202465100000101653,개방화장실,법제3조제16호-영제3조제1항제1호,건입동,제주특별자치도 제주시 만덕로 18,,3,3,1,0,0,0,4,2,0,건입동,,정시,09:00~18:00,,공공기관-지방자치단체,수세식,Y,N,,N,N,,,2023-12-31,I,2026-05-15 18:43:46,2024-01-05 14:28:29,33.5150497,126.5315034
6510000,202465100000101316,공중화장실,법제3조제16호-영제3조제1항제1호,중엄소공원,,제주특별자치도 제주시 애월읍 신엄리 961,1,2,0,0,0,0,2,0,0,애월읍,0647288866,상시,,,공공기관-지방자치단체,수세식,Y,Y,남자화장실+여자화장실,N,N,,,2023-12-31,I,2026-05-15 18:43:46,2024-01-05 14:28:26,33.4778870,126.3693956
6510000,202465100000101122,개방화장실,법제3조제16호-영제3조제1항제1호,제주항 연안여객터미널(2층 복도),제주특별자치도 제주시 임항로 111,,3,4,0,0,0,0,3,0,0,제주특별자치도 해운항만과,0647108693,정시,04:30~21:00,,공공기관-지방자치단체,수세식,Y,Y,장애인화장실+남자화장실+여자화장실,N,Y,남자화장실+여자화장실,,2023-12-31,I,2026-05-15 18:43:46,2024-01-05 14:28:24,33.5200407,126.5342262
6510000,202465100000101257,개방화장실,법제3조제5호,제39호 어린이공원(수운공원서쪽),,제주특별자치도 제주시 이도2동 375-1,0,2,0,0,0,0,0,0,0,제주시 공원녹지과,0647283605,상시,24시간,,공공기관-지방자치단체,수세식,Y,Y,남자화장실+여자화장실,N,N,,,2023-12-31,I,2026-05-15 18:43:46,2024-01-05 14:28:25,33.4793545,126.5235735
6510000,202465100000101644,개방화장실,법제3조제16호-영제3조제1항제1호,일도1동,제주특별자치도 제주시 중앙로7길 15,,2,2,0,0,0,0,3,0,0,일도1동,,정시,09:00~18:00,,공공기관-지방자치단체,수세식,Y,Y,장애인화장실+남자화장실+여자화장실,N,N,,,2023-12-31,I,2026-05-15 18:43:46,2024-01-05 14:28:29,33.5150583,126.5263771
6510000,202465100000101210,공중화장실,법제3조제4호,칠성로상점가(제주시 활성화 구역내),제주특별자치도 제주시 관덕로13길 12,,2,2,1,0,0,0,2,1,0,제주시 경제소상공인과,0647282827,정시,06:00~23:00,,공공기관-지방자치단체,수세식,Y,Y,여자화장실,Y,N,여자화장실,,2023-12-31,I,2026-05-15 18:43:46,2024-01-05 14:28:25,33.5140257,126.5261153
6510000,202465100000101218,공중화장실,법제3조제16호-영제3조제1항제1호,아라 신비의도로,제주특별자치도 제주시 산록북로 813,,2,2,0,0,0,0,3,1,0,제주시 관광진흥과,0647282765,상시,24시간,,공공기관-지방자치단체,수세식,Y,Y,장애인화장실+남자화장실+여자화장실,N,Y,여자화장실,,2023-12-31,I,2026-05-15 18:43:46,2024-01-05 14:28:25,33.4362854,126.5551117
6510000,202465100000101439,공중화장실,법제3조제16호-영제3조제1항제1호,어영공원,제주특별자치도 제주시 사서해안로 451,,2,3,1,0,0,0,5,1,0,용담2동,0647284636,상시,,,공공기관-지방자치단체,수세식,Y,Y,남자화장실+여자화장실,Y,Y,남자화장실+여자화장실,,2023-12-31,I,2026-05-15 18:43:46,2024-01-05 14:28:27,,
6510000,202465100000101431,공중화장실,법제3조제16호-영제3조제1항제1호,산지천,제주특별자치도 제주시 관덕로17길 13-1,,1,2,0,0,0,0,2,0,0,일도1동,0647284416,상시,,,공공기관-지방자치단체,수세식,Y,Y,장애인화장실+남자화장실+여자화장실,N,N,,,2023-12-31,I,2026-05-15 18:43:46,2024-01-05 14:28:27,33.5140232,126.5277452
6510000,202465100000101614,개방화장실,법제3조제13호,체육진흥과,,제주특별자치도 제주시 오라일동 3817-2,1,2,0,0,0,0,2,0,0,제주시 체육진흥과,0647283279,정시,09:00~18:00,,공공기관-지방자치단체,수세식,Y,Y,장애인화장실+남자화장실+여자화장실,Y,Y,여자화장실,,2023-12-31,I,2026-05-15 18:43:46,2024-01-05 14:28:29,33.4938276,126.5146880
6510000,202465100000101397,공중화장실,법제3조제16호-영제3조제1항제1호,상추자대합실,제주특별자치도 제주시 추자면 추자로 3,,8,5,0,0,3,8,0,1,0,추자면,0647284283,상시,,,공공기관-지방자치단체,수세식,Y,Y,남자화장실+여자화장실,N,Y,여자화장실,,2023-12-31,I,2026-05-15 18:43:46,2024-01-05 14:28:26,,
6510000,202465100000101213,공중화장실,법제3조제4호,동문공설시장 신주차장 (캐리어보관실),,제주특별자치도 제주시 일도1동 1104,1,2,1,0,0,0,2,1,0,제주시 경제소상공인과,0647282827,상시,,,공공기관-지방자치단체,수세식,Y,Y,여자화장실,N,Y,남자화장실+여자화장실,,2023-12-31,I,2026-05-15 18:43:46,2026-05-12 10:06:43,33.5120656,126.5285990
6510000,202465100000101225,개방화장실,법제3조제13호,주경기장 2층(내3문),제주특별자치도 제주시 서광로2길 24,,2,1,0,0,0,0,8,0,0,제주시 체육진흥과,0647283279,상시,24시간,,공공기관-지방자치단체,수세식,Y,Y,여자화장실,N,N,,,2023-12-31,I,2026-05-15 18:43:46,2024-01-05 14:28:25,33.4950629,126.5187972
6510000,202465100000101625,개방화장실,법제3조제16호-영제3조제1항제1호,동부보건소,제주특별자치도 제주시 김녕로14길 6,,6,6,2,0,0,0,9,2,0,제주 동부보건소,,정시,09:00~18:00,,공공기관-지방자치단체,수세식,Y,N,,N,Y,남자화장실+여자화장실,,2023-12-31,I,2026-05-15 18:43:46,2024-01-05 14:28:29,33.5543515,126.7513280
6510000,202465100000101135,개방화장실,법제3조제2호,해녀박물관(본관3층),제주특별자치도 제주시 해녀박물관길 26,,1,1,0,0,0,0,4,0,0,해녀박물관,06471077757,정시,09:00~18:00,,공공기관-지방자치단체,수세식,Y,Y,장애인화장실+여자화장실,Y,N,,,2023-12-31,I,2026-05-15 18:43:46,2024-01-05 14:28:24,33.5236099,126.8634256
6510000,202465100000101295,공중화장실,법제3조제16호-영제3조제1항제1호,금능리포구(도시계획과),제주특별자치도 제주시 한림읍 금능7길 14-8,,3,3,0,0,0,0,3,0,0,한림읍,0647287652,상시,24시간,,공공기관-지방자치단체,수세식,Y,Y,남자화장실+여자화장실,N,Y,여자화장실,,2023-12-31,I,2026-05-15 18:43:46,2024-01-05 14:28:25,33.3896186,126.2289089
6510000,202465100000101322,공중화장실,법제3조제16호-영제3조제1항제1호,새별오름부리부리화장실,제주특별자치도 제주시 애월읍 평화로 1491-3,,2,2,1,0,0,0,4,1,1,애월읍,0647288866,상시,,,공공기관-지방자치단체,수세식,Y,Y,남자화장실+여자화장실,N,Y,여자화장실,,2023-12-31,I,2026-05-15 18:43:46,2024-01-05 14:28:26,33.3629888,126.3583544
6510000,202465100000101607,개방화장실,법제3조제16호-영제3조제1항제1호,제주시청6별관,제주특별자치도 제주시 광양9길 15,,5,5,1,0,0,0,7,1,0,제주시 총무과,0647282424,정시,09:00~18:00,,공공기관-지방자치단체,수세식,Y,N,,Y,Y,여자화장실,,2023-12-31,I,2026-05-15 18:43:46,2024-01-05 14:28:28,33.5002947,126.5313211
6510000,202465100000101154,개방화장실,법제3조제1호,관음사 탐라계곡 화장실,제주특별자치도 제주시 오라이동 산 107-20,,1,1,0,0,0,0,2,0,0,세계유산본부 한라산국립공원관리소,0647107826,상시,24시간,,공공기관-지방자치단체,수세식,Y,N,,N,N,,,2023-12-31,I,2026-05-15 18:43:46,2024-01-05 14:28:24,33.3894181,126.5282050
6510000,202465100000101141,개방화장실,법제3조제16호-영제3조제1항제7호,양지공원 화장동 화장실,제주특별자치도 제주시 516로 2810-31,,4,4,1,0,0,0,3,1,0,제주특별자치도 노인복지과 양지공원팀,0647106623,정시,07:00~18:00,,공공기관-지방자치단체,수거식,Y,Y,장애인화장실+남자화장실+여자화장실,N,N,,,2023-12-31,I,2026-05-15 18:43:46,2024-01-05 14:28:24,33.4404996,126.5789027
6510000,202465100000101149,개방화장실,법제3조제1호,어리목 탐방안내소 화장실,제주특별자치도 제주시 1100로 2070-61,,2,5,1,0,0,0,6,1,0,세계유산본부 한라산국립공원관리소,0647107826,상시,24시간,,공공기관-지방자치단체,수세식,Y,N,장애인화장실+남자화장실+여자화장실,N,N,,,2023-12-31,I,2026-05-15 18:43:46,2024-01-05 14:28:24,33.3926868,126.4948405
6510000,202465100000101617,개방화장실,법제3조제16호-영제3조제1항제1호,보건행정과,제주특별자치도 제주시 연삼로 264,,9,6,2,6,0,0,15,3,0,제주시 보건행정과,,정시,09:00~18:00,,공공기관-지방자치단체,수세식,Y,Y,장애인화장실+남자화장실+여자화장실,N,Y,남자화장실+여자화장실,,2023-12-31,I,2026-05-15 18:43:46,2024-01-05 14:28:29,33.4915999,126.5202379
6510000,202465100000101330,공중화장실,법제3조제16호-영제3조제1항제1호,동복어촌정주어항,,제주특별자치도 제주시  구좌읍 동복리 1585-2지선,2,1,0,0,0,0,2,0,0,제주특별자치도 제주시 구좌읍,0647287745,상시,,,공공기관-지방자치단체,수세식,N,N,,N,N,,,2023-12-31,I,2026-05-15 18:43:46,2024-01-05 14:28:26,33.5550727,126.7140609
6510000,202465100000101338,공중화장실,법제3조제16호-영제3조제1항제1호,지미봉주차장,,제주특별자치도 제주시 구좌읍 종달리 산2,1,2,0,0,0,0,3,0,0,제주특별자치도 제주시 구좌읍,0647287745,상시,,,공공기관-지방자치단체,수세식,Y,Y,남자화장실+여자화장실,N,N,,,2023-12-31,I,2026-05-15 18:43:46,2024-01-05 14:28:26,33.4974138,126.9055263
6510000,202465100000101182,개방화장실,법제3조제2호,교래자연휴양림 야영장,제주특별자치도 제주시 남조로 2023,,7,10,3,0,1,0,12,3,1,제주특별자치도 돌문화공원관리소,0647107476,상시,00:00~24:00,,공공기관-지방자치단체,수세식,Y,Y,장애인화장실+남자화장실+여자화장실,N,Y,여자화장실,,2023-12-31,I,2026-05-15 18:43:46,2024-01-05 14:28:24,33.4513306,126.6566618
6510000,202465100000101661,개방화장실,법제3조제16호-영제3조제1항제1호,노형동(주민자치센터),제주특별자치도 제주시 노형9길 9-4,,6,9,1,0,0,0,6,1,0,노형동,,정시,09:00~18:00,,공공기관-지방자치단체,수세식,Y,N,,N,N,,,2025-12-31,I,2026-05-15 18:43:46,2026-05-08 13:33:03,33.4828816,126.4769921
6510000,202465100000101427,공중화장실,법제3조제16호-영제3조제1항제1호,김진사 생가터,제주특별자치도 제주시 영일진사길 76,,0,0,1,0,0,0,0,1,0,우도면,0647284342,상시,,,공공기관-지방자치단체,수세식,Y,Y,남자화장실+여자화장실,N,N,,,2023-12-31,I,2026-05-15 18:43:46,2024-01-05 14:28:27,33.5022213,126.9594040
6510000,202465100000101155,개방화장실,법제3조제1호,관음사 삼각봉 화장실,제주특별자치도 제주시 오라이동 산 107-20,,2,2,0,0,0,0,4,0,0,세계유산본부 한라산국립공원관리소,0647107826,상시,24시간,,공공기관-지방자치단체,수세식,Y,N,,N,N,,,2023-12-31,I,2026-05-15 18:43:46,2024-01-05 14:28:24,33.3894181,126.5282050
6510000,202465100000101239,개방화장실,법제3조제5호,"신산공원2(서쪽, 하천옆)",,제주특별자치도 제주시 일도2동 915,4,4,1,0,0,0,5,1,0,제주시 공원녹지과,0647283605,상시,24시간,,공공기관-지방자치단체,수세식,Y,Y,장애인화장실+남자화장실+여자화장실,Y,Y,여자화장실,,2023-12-31,I,2026-05-15 18:43:46,2024-01-05 14:28:25,33.5047361,126.5321524
6510000,202465100000101231,개방화장실,법제3조제13호,미리내공원,제주특별자치도 제주시 미리내길84,,3,4,1,0,0,0,5,1,0,제주시 체육진흥과,0647283279,정시,09:00~18:00,,공공기관-지방자치단체,수세식,Y,Y,장애인화장실+여자화장실,N,N,,,2023-12-31,I,2026-05-15 18:43:46,2024-01-05 14:28:25,33.4583632,126.4790934
6510000,202465100000101313,공중화장실,법제3조제16호-영제3조제1항제1호,바리메오름주차장,,제주특별자치도 제주시 애월읍 어음리 산21,2,1,0,0,0,0,2,0,0,애월읍,0647288866,상시,,,공공기관-지방자치단체,수거식,N,N,,N,N,,,2023-12-31,I,2026-05-15 18:43:46,2024-01-05 14:28:25,33.3776829,126.3871135
6510000,202465100000101622,개방화장실,법제3조제16호-영제3조제1항제1호,제주시 서부보건소 별관,제주특별자치도 제주시 강구로 5,,3,3,1,0,0,0,4,0,0,제주 서부보건소,,정시,09:00~18:00,,공공기관-지방자치단체,수세식,Y,N,,N,N,,,2023-12-31,I,2026-05-15 18:43:46,2024-01-05 14:28:29,33.4120836,126.2695292
6510000,202465100000101423,공중화장실,법제3조제16호-영제3조제1항제1호,톨칸이,,제주특별자치도 제주시 우도면 연평리 1723,1,1,0,0,0,0,2,0,0,우도면,0647284342,상시,,,공공기관-지방자치단체,수세식,Y,Y,남자화장실+여자화장실,N,N,,,2023-12-31,I,2026-05-15 18:43:46,2024-01-05 14:28:27,33.4915309,126.9562322
6510000,202465100000101402,공중화장실,법제3조제16호-영제3조제1항제1호,모진이,제주특별자치도 제주시 추자면 신양리 47지선,,3,2,0,0,1,3,0,0,0,추자면,0647284283,상시,,,공공기관-지방자치단체,수세식,Y,Y,남자화장실+여자화장실,N,Y,여자화장실,,2023-12-31,I,2026-05-15 18:43:46,2024-01-05 14:28:26,,
6510000,202465100000101604,개방화장실,법제3조제16호-영제3조제1항제1호,제주시청3별관,제주특별자치도 제주시 광양9길 17,,11,11,1,0,0,0,12,0,0,제주시 총무과,0647282424,정시,09:00~18:00,,공공기관-지방자치단체,수세식,Y,N,,Y,Y,여자화장실,,2023-12-31,I,2026-05-15 18:43:46,2024-01-05 14:28:28,33.5003810,126.5315149
6510000,202465100000101406,공중화장실,법제3조제16호-영제3조제1항제1호,대서광장,,제주특별자치도 제주시 추자면 대서리 147-16,3,2,0,0,1,2,0,0,0,추자면,0647284283,상시,,,공공기관-지방자치단체,수세식,Y,Y,장애인화장실+남자화장실+여자화장실,N,Y,여자화장실,,2023-12-31,I,2026-05-15 18:43:46,2024-01-05 14:28:26,,
6510000,202465100000101323,공중화장실,법제3조제2호,곽지해수욕장 서측(관광진흥과),제주특별자치도 제주시 애월읍 곽지1길 31,,3,3,1,0,0,1,6,1,0,애월읍,0647288883,상시,,,공공기관-지방자치단체,수세식,Y,Y,남자화장실+여자화장실,N,Y,여자화장실,,2023-12-31,I,2026-05-15 18:43:46,2024-01-05 14:28:26,33.4485059,126.3030938
6510000,202465100000101461,공중화장실,법제3조제16호-영제3조제1항제1호,월대천,,제주특별자치도 제주시 외도2동 2552-7,1,1,0,0,0,0,1,0,0,외도동,0647288314,상시,,,공공기관-지방자치단체,수세식,Y,Y,남자화장실+여자화장실,Y,N,,,2023-12-31,I,2026-05-15 18:43:46,2024-01-05 14:28:27,33.4927631,126.4363337
6510000,202465100000101469,공중화장실,법제3조제16호-영제3조제1항제1호,도두 오래물,제주특별자치도 제주시 서해안로 170,,2,2,1,0,0,0,3,1,0,도두동,0647284962,상시,,,공공기관-지방자치단체,수세식,Y,Y,남자화장실+여자화장실,N,N,,,2023-12-31,I,2026-05-15 18:43:46,2024-01-05 14:28:27,33.5043018,126.4668250
6510000,202465100000101445,공중화장실,법제3조제2호,삼양해수욕장,제주특별자치도 제주시 선사로8길 15,제주특별자치도 제주시 삼양1동 1569-43,2,3,0,0,0,0,4,0,0,삼양동,0647288178,상시,,,공공기관-지방자치단체,수세식,Y,Y,남자화장실+여자화장실,N,Y,여자화장실,,2023-12-31,I,2026-05-15 18:43:46,2024-01-05 14:28:27,33.5257402,126.5868793
6510000,202465100000101331,공중화장실,법제3조제16호-영제3조제1항제1호,구좌충혼묘지,제주특별자치도 제주시 충렬로 62-7,제주특별자치도 제주시 구좌읍 세화리 1085-6,1,1,0,0,1,0,1,0,1,제주특별자치도 제주시 구좌읍,0647287745,상시,,,공공기관-지방자치단체,수세식,Y,Y,남자화장실+여자화장실,N,N,,,2023-12-31,I,2026-05-15 18:43:46,2024-01-05 14:28:26,33.5172241,126.8514013
6510000,202465100000101339,공중화장실,법제3조제16호-영제3조제1항제1호,용눈이오름 주차장,,제주특별자치도 제주시 구좌읍 종달리 4650,3,2,1,0,0,0,4,1,0,제주특별자치도 제주시 구좌읍,0647287745,상시,,,공공기관-지방자치단체,수세식,Y,Y,남자화장실+여자화장실,N,N,,,2023-12-31,I,2026-05-15 18:43:46,2024-01-05 14:28:26,33.4625405,126.8320033
6510000,202465100000101401,공중화장실,법제3조제16호-영제3조제1항제1호,오지박,,제주특별자치도 제주시 추자면 묵리 산39-3,2,1,0,0,1,2,0,0,0,추자면,0647284283,상시,,,공공기관-지방자치단체,수세식,Y,Y,남자화장실+여자화장실,N,Y,여자화장실,,2023-12-31,I,2026-05-15 18:43:46,2024-01-05 14:28:26,,
6510000,202465100000101409,공중화장실,법제3조제16호-영제3조제1항제1호,묵리(방파제 입구),제주특별자치도 제주시 추자로 376-3,제주특별자치도 제주시 추자면 묵리 731-5,2,1,0,0,1,2,0,0,0,추자면,0647284283,상시,,,공공기관-지방자치단체,수세식,Y,Y,남자화장실+여자화장실,N,Y,여자화장실,,2023-12-31,I,2026-05-15 18:43:46,2024-01-05 14:28:26,,
6510000,202465100000101660,개방화장실,법제3조제16호-영제3조제1항제1호,노형동주민센터,제주특별자치도 제주시 노형9길 9-4,,6,9,1,0,0,0,6,1,0,노형동,,정시,09:00~18:00,,공공기관-지방자치단체,수세식,Y,N,,Y,N,,,2025-12-31,I,2026-05-15 18:43:46,2026-05-08 14:53:27,33.4828816,126.4769921
6510000,202465100000101293,공중화장실,법제3조제4호,한림중앙상가(2층 동쪽),제주특별자치도 제주시 한림읍 한림북동길 2,,3,4,1,0,0,0,6,1,0,한림읍 산업계,0647287631,정시,09:00~18:00,,공공기관-지방자치단체,수세식,Y,Y,남자화장실+여자화장실,Y,N,,,2023-12-31,I,2026-05-15 18:43:46,2024-01-05 14:28:25,33.4155049,126.2648394
6510000,202465100000101334,공중화장실,법제3조제16호-영제3조제1항제1호,월랑봉,,제주특별자치도 제주시 구좌읍 세화리 2705,2,2,1,0,0,0,4,1,0,제주특별자치도 제주시 구좌읍,0647287745,상시,,,공공기관-지방자치단체,수세식,Y,Y,장애인화장실,N,N,,,2023-12-31,I,2026-05-15 18:43:46,2024-01-05 14:28:26,33.4750170,126.8265183
6510000,202465100000101413,공중화장실,법제3조제16호-영제3조제1항제1호,추포도,제주특별자치도 제주시 추포도길 30,제주특별자치도 제주시 추자면 예초리 산107번지내,0,0,0,0,0,0,1,0,0,추자면,0647284283,상시,,,공공기관-지방자치단체,수세식,N,N,,N,N,,,2023-12-31,I,2026-05-15 18:43:46,2024-01-05 14:28:27,,
6510000,202465100000101237,개방화장실,법제3조제16호-영제3조제1항제1호,에코촌 유스호스텔 주차장,제주특별자치도 제주시 조천읍 북흘로 376-9,,3,3,1,0,0,0,5,1,0,제주시 환경관리과,0647282193,상시,24시간,,공공기관-지방자치단체,수세식,Y,Y,장애인화장실+남자화장실+여자화장실,Y,Y,여자화장실,,2023-12-31,I,2026-05-15 18:43:46,2024-01-05 14:28:25,33.5169099,126.7037199
6510000,202465100000101217,공중화장실,법제3조제16호-영제3조제1항제1호,불탑사 공중화장실,제주특별자치도 제주시 원당로16길 47,,3,2,0,0,0,0,3,0,0,제주시 문화예술과,0647282772,상시,24시간,,공공기관-지방자치단체,수세식,Y,Y,여자화장실,N,N,남자화장실+여자화장실,,2023-12-31,I,2026-05-15 18:43:46,2024-01-05 14:28:25,33.5292758,126.5989225
6510000,202465100000101111,개방화장실,법제3조제16호-영제3조제1항제1호,설문대여성문화센터 화장실,제주특별자치도 제주시 선덕로8길 12,,17,21,5,0,0,0,44,5,0,설문대여성문화센터,0647104216,정시,09:00~18:00,,공공기관-지방자치단체,수세식,Y,Y,장애인화장실+남자화장실+여자화장실,N,Y,여자화장실,,2023-12-31,I,2026-05-15 18:43:46,2024-01-05 14:28:24,33.4843970,126.5003713
6510000,202465100000101119,개방화장실,법제3조제16호-영제3조제1항제1호,제주항 연안여객터미널(1층 매표소),제주특별자치도 제주시 임항로 111,,5,6,1,1,0,0,5,1,0,제주특별자치도 해운항만과,0647108693,정시,04:30~21:00,,공공기관-지방자치단체,수세식,Y,Y,장애인화장실+남자화장실+여자화장실,N,Y,남자화장실+여자화장실,,2023-12-31,I,2026-05-15 18:43:46,2024-01-05 14:28:24,33.5200407,126.5342262
6510000,202465100000101662,개방화장실,법제3조제16호-영제3조제1항제1호,노형동(해안동 문화의집),제주특별자치도 제주시 해안마을7길 1-1,,4,4,1,0,0,0,6,0,0,노형동,,정시,09:00~18:00,,공공기관-지방자치단체,수세식,Y,N,,N,N,,,2023-12-31,I,2026-05-15 18:43:46,2024-01-05 14:28:29,33.4555060,126.4550021
6510000,202465100000101117,개방화장실,법제3조제16호-영제3조제1항제1호,야외화장실(선용품점),제주특별자치도 제주시 임항로 191,,4,7,1,1,0,0,10,1,0,제주특별자치도 해운항만과,0647108693,상시,24시간,,공공기관-지방자치단체,수세식,Y,Y,장애인화장실+남자화장실+여자화장실,N,N,,,2023-12-31,I,2026-05-15 18:43:46,2024-01-05 14:28:24,33.5258374,126.5440785
6510000,202465100000101612,개방화장실,법제3조제16호-영제3조제1항제1호,문화예술과(해변공연장),제주특별자치도 제주시 중앙로 2,,6,6,1,0,0,0,3,0,0,제주시 문화예술과,0647283966,정시,09:00~18:00,,공공기관-지방자치단체,수세식,Y,Y,장애인화장실+남자화장실+여자화장실,N,Y,여자화장실,,2023-12-31,I,2026-05-15 18:43:46,2024-01-05 14:28:29,33.5181476,126.5239547
6510000,202465100000101235,개방화장실,법제3조제16호-영제3조제1항제1호,제주아트센터 외부 화장실,제주특별자치도 제주시 오남로 231,,1,1,0,0,0,0,2,0,0,제주아트센터,0647288962,상시,24시간,,공공기관-지방자치단체,수세식,Y,Y,남자화장실+여자화장실,N,N,,,2023-12-31,I,2026-05-15 18:43:46,2024-01-05 14:28:25,33.4751044,126.5155186
6510000,202465100000101407,공중화장실,법제3조제16호-영제3조제1항제1호,신양항 광장,제주특별자치도 제주시 추자로 576,제주특별자치도 제주시 추자면 신양리 434-9,2,1,0,0,1,2,0,0,0,추자면,0647284283,상시,,,공공기관-지방자치단체,수세식,Y,Y,장애인화장실+남자화장실+여자화장실,N,Y,여자화장실,,2023-12-31,I,2026-05-15 18:43:46,2024-01-05 14:28:26,,
6510000,202465100000101253,개방화장실,법제3조제5호,노형 제1근린공원(백록초층 옆),제주특별자치도 제주시 정존5길 67,,4,3,1,0,0,0,9,1,0,제주시 공원녹지과,0647283605,상시,24시간,,공공기관-지방자치단체,수세식,Y,Y,남자화장실+여자화장실,N,Y,여자화장실,,2023-12-31,I,2026-05-15 18:43:46,2024-01-05 14:28:25,33.4865534,126.4692421
6510000,202465100000101165,공중화장실,법제3조제16호-영제3조제1항제1호,항일기념관(서쪽),제주특별자치도 제주시 조천읍 신북로 303,,2,2,0,0,0,0,4,0,0,제주항일기념관,0647107794,상시,00:00~24:00,,공공기관-지방자치단체,수거식,Y,Y,장애인화장실+남자화장실+여자화장실,Y,Y,여자화장실,,2023-12-31,I,2026-05-15 18:43:46,2024-01-05 14:28:24,33.5410273,126.6407255
6510000,202465100000101164,공중화장실,법제3조제16호-영제3조제1항제1호,항일기념관(동쪽),제주특별자치도 제주시 조천읍 신북로 303,,3,6,0,0,0,0,5,0,0,제주항일기념관,0647107794,상시,00:00~24:00,,공공기관-지방자치단체,수거식,Y,Y,장애인화장실+남자화장실+여자화장실,Y,Y,여자화장실,,2023-12-31,I,2026-05-15 18:43:46,2024-01-05 14:28:24,33.5410273,126.6407255
6510000,202465100000101354,공중화장실,법제3조제13호,교래마을운동장,,제주특별자치도 제주시 조천읍 교래리 188,1,1,0,0,0,0,2,0,0,조천읍,0647287862,상시,,,공공기관-지방자치단체,수세식,N,N,,N,N,,,2023-12-31,I,2026-05-15 18:43:46,2026-05-08 16:01:24,33.4229548,126.6753511
6510000,202465100000101380,공중화장실,법제3조제16호-영제3조제1항제1호,저지오름,,제주특별자치도 제주시 한경면 저지리 산50-8,2,4,0,0,0,0,5,1,0,한경면,0647287954,상시,,,공공기관-지방자치단체,수세식,Y,Y,남자화장실+여자화장실,N,Y,여자화장실,,2023-12-31,I,2026-05-15 18:43:46,2024-01-05 14:28:26,33.3311385,126.2542931
6510000,202465100000101388,공중화장실,법제3조제16호-영제3조제1항제1호,자구네 해적잠수함,,제주특별자치도 제주시 한경면 고산리 3615-11,2,2,0,0,0,0,2,0,0,한경면,0647287954,상시,,,공공기관-지방자치단체,수세식,Y,Y,남자화장실+여자화장실,N,N,,,2023-12-31,I,2026-05-15 18:43:46,2024-01-05 14:28:26,33.3077674,126.1639240
6510000,202465100000101444,공중화장실,법제3조제16호-영제3조제1항제1호,별도봉산책로,제주특별자치도 제주시 별도봉길 3-19,,2,1,1,1,0,0,2,0,0,화북동,0647288153,상시,,,공공기관-지방자치단체,수세식,Y,Y,장애인화장실+여자화장실,N,N,,,2023-12-31,I,2026-05-15 18:43:46,2024-01-05 14:28:27,33.5183653,126.5573907
6510000,202465100000101362,공중화장실,법제3조제16호-영제3조제1항제1호,서우봉해변(관리사무소),제주특별자치도 제주시 조천읍 조함해안로 534,,3,3,0,0,0,0,4,1,0,조천읍,0647287882,상시,,,공공기관-지방자치단체,수세식,Y,Y,남자화장실+여자화장실,N,N,,,2023-12-31,I,2026-05-15 18:43:46,2024-01-05 14:28:26,33.5424205,126.6701037
6510000,202465100000101632,개방화장실,법제3조제16호-영제3조제1항제1호,구좌읍 주민자치센터,제주특별자치도 제주시 일주동로 3116,,6,8,2,1,0,0,6,0,0,구좌읍,,정시,09:00~18:00,,공공기관-지방자치단체,수세식,Y,N,,N,N,,,2023-12-31,I,2026-05-15 18:43:46,2024-01-05 14:28:29,33.5221393,126.8518858
6510000,202465100000101148,개방화장실,법제3조제1호,어리목 윗세오름 화장실,제주특별자치도 제주시 1100로 2070-510,,5,5,0,0,0,0,9,0,0,세계유산본부 한라산국립공원관리소,0647107826,상시,24시간,,공공기관-지방자치단체,수세식,Y,N,,N,N,,,2023-12-31,I,2026-05-15 18:43:46,2024-01-05 14:28:24,33.3619950,126.5176418
6510000,202465100000101140,개방화장실,법제3조제16호-영제3조제1항제7호,양지공원 관리동 2층 화장실,제주특별자치도 제주시 516로 2810-31,,1,1,0,0,0,0,1,0,0,제주특별자치도 노인복지과 양지공원팀,0647106623,정시,07:00~18:00,,공공기관-지방자치단체,수거식,Y,Y,남자화장실+여자화장실,N,N,,,2023-12-31,I,2026-05-15 18:43:46,2024-01-05 14:28:24,33.4404996,126.5789027
6510000,202465100000101306,공중화장실,법제3조제16호-영제3조제1항제1호,납읍난대림,제주특별자치도 제주시 애월읍 납읍로2길 36,,2,2,1,1,0,0,5,1,0,애월읍,0647288866,상시,,,공공기관-지방자치단체,수세식,Y,Y,남자화장실+여자화장실,N,N,,,2023-12-31,I,2026-05-15 18:43:46,2024-01-05 14:28:25,33.4356847,126.3297999
6510000,202465100000101298,공중화장실,법제3조제16호-영제3조제1항제1호,월령리(월령포구),,제주특별자치도 제주시 한림읍 월령리 344-2 서쪽 공유수면,1,1,0,0,0,0,2,0,0,한림읍,0647287652,상시,,,공공기관-지방자치단체,수세식,Y,Y,남자화장실+여자화장실,N,N,,,2023-12-31,I,2026-05-15 18:43:46,2024-01-05 14:28:25,33.3806181,126.2148396
6510000,202465100000101290,공중화장실,법제3조제4호,한림오일시장(남측),제주특별자치도 제주시 한림읍 한수풀로4길 10,,4,3,0,0,0,0,7,0,0,한림읍,0647287661,상시,24시간,,공공기관-지방자치단체,수세식,Y,Y,남자화장실+여자화장실,N,N,,,2023-12-31,I,2026-05-15 18:43:46,2024-01-05 14:28:25,33.4198325,126.2745037
6510000,202465100000101328,공중화장실,법제3조제2호,김녕해수욕장,제주특별자치도 제주시 해맞이해안로 7-6,제주특별자치도 제주시  구좌읍 김녕리 497-4,3,4,1,0,0,0,4,1,0,제주특별자치도 제주시 구좌읍,0647287745,상시,,,공공기관-지방자치단체,수세식,Y,Y,남자화장실+여자화장실,N,Y,여자화장실,,2023-12-31,I,2026-05-15 18:43:46,2024-01-05 14:28:26,33.5571073,126.7598386
6510000,202465100000101320,공중화장실,법제3조제16호-영제3조제1항제1호,미수동포구,,제주특별자치도 제주시 애월읍 하귀2리 1656-6,1,0,0,0,0,0,1,0,0,애월읍,0647288866,상시,,,공공기관-지방자치단체,수거식,N,N,,N,Y,남자화장실+여자화장실,,2023-12-31,I,2026-05-15 18:43:46,2024-01-05 14:28:26,33.4847606,126.4018445
6510000,202465100000101267,개방화장실,법제3조제1호,절물자연휴양림 1,제주특별자치도 제주시 명림로 584,,3,4,1,1,0,0,11,1,0,절물생태관리소,0647283637,상시,24시간,,공공기관-지방자치단체,수세식,Y,Y,남자화장실+여자화장실,N,Y,여자화장실,,2023-12-31,I,2026-05-15 18:43:46,2024-01-05 14:28:25,33.4400493,126.6252036
6510000,202465100000101127,개방화장실,법제3조제16호-영제3조제1항제2호,한라생태숲 주차장 공중화장실,제주특별자치도 제주시516로2596 한라생태숲,,5,6,1,0,0,0,10,0,0,산림녹지과,0647108682,상시,00:00~24:00,,공공기관-지방자치단체,수거식,Y,Y,남자화장실+여자화장실,N,Y,여자화장실,,2023-12-31,I,2026-05-15 18:43:46,2024-01-05 14:28:24,33.4307713,126.5964042
6510000,202465100000101665,개방화장실,법제3조제16호-영제3조제1항제1호,도두동주민센터,제주특별자치도 제주시 도두1길 9-1,,1,1,1,1,0,0,1,1,0,도두동,,정시,09:00~18:00,,공공기관-지방자치단체,수세식,Y,Y,남자화장실+여자화장실,N,N,,,2025-12-31,I,2026-05-15 18:43:46,2026-05-08 14:55:45,33.5028293,126.4680924
6510000,202465100000101174,개방화장실,법제3조제16호-영제3조제1항제1호,고용복지플러스센터 화장실,제주특별자치도 제주시 중앙로 165,,18,21,1,1,0,0,18,1,0,제주특별자치도 고용복지플러스센터,0647104452,정시,09:00~18:00,,공공기관-지방자치단체,수세식,Y,Y,장애인화장실+남자화장실+여자화장실,Y,N,,,2023-12-31,I,2026-05-15 18:43:46,2024-01-05 14:28:24,33.5043812,126.5270712
6510000,202465100000101433,공중화장실,법제3조제16호-영제3조제1항제1호,기상청 인근,제주특별자치도 제주시 만덕로6길 24-6,,2,1,0,0,0,0,2,0,0,일도1동,0647284416,상시,,,공공기관-지방자치단체,수세식,Y,Y,남자화장실+여자화장실,N,N,,,2023-12-31,I,2026-05-15 18:43:46,2024-01-05 14:28:27,33.5135967,126.5295611
6510000,202465100000101640,개방화장실,법제3조제16호-영제3조제1항제1호,추자면,제주특별자치도 제주시 추자로 26,,2,3,1,0,0,0,4,1,0,추자면,,정시,09:00~18:00,,공공기관-지방자치단체,수세식,Y,N,,N,N,,,2023-12-31,I,2026-05-15 18:43:46,2024-01-05 14:28:29,,
6510000,202465100000101648,개방화장실,법제3조제16호-영제3조제1항제1호,이도2동,제주특별자치도 제주시 오복3길 8,,4,5,1,1,0,0,5,1,0,이도2동,,정시,09:00~18:00,,공공기관-지방자치단체,수세식,Y,Y,장애인화장실+남자화장실+여자화장실,N,Y,여자화장실,,2023-12-31,I,2026-05-15 18:43:46,2024-01-05 14:28:29,33.4970696,126.5353012
6510000,202465100000101301,공중화장실,법제3조제16호-영제3조제1항제1호,다락쉼터,제주특별자치도 제주시 애월읍 애월해안로 288,,2,3,1,0,0,0,4,1,0,애월읍,0647288866,상시,,,공공기관-지방자치단체,수거식,Y,Y,남자화장실+여자화장실,N,N,,,2023-12-31,I,2026-05-15 18:43:46,2024-01-05 14:28:25,33.4699467,126.3406765
6510000,202465100000101309,공중화장실,법제3조제16호-영제3조제1항제1호,애월읍충혼묘지,,제주특별자치도 제주시 애월읍 수산리 산1-1,1,1,0,0,0,0,2,0,0,애월읍,0647288866,상시,,,공공기관-지방자치단체,수거식,Y,Y,남자화장실+여자화장실,N,Y,남자화장실+여자화장실,,2023-12-31,I,2026-05-15 18:43:46,2024-01-05 14:28:25,33.4738175,126.3828394
6510000,202465100000101643,개방화장실,법제3조제16호-영제3조제1항제1호,우도 생활문화센터,제주특별자치도 제주시 우도면 영일진사길 15-5,제주특별자치도 제주시 우도면 연평리 1393,2,2,0,0,0,0,4,2,0,우도면,,정시,09:00~18:00,,공공기관-지방자치단체,수세식,Y,N,,N,N,,,2025-12-31,I,2026-05-15 18:43:46,2026-05-08 13:44:28,33.5071534,126.9558735
6510000,202465100000101325,공중화장실,법제3조제16호-영제3조제1항제1호,"목지코지(좀녀네집앞,해안)",,제주특별자치도 제주시 구좌읍 김녕리 6147,1,1,0,0,0,0,2,0,0,제주특별자치도 제주시 구좌읍,0647287745,상시,,,공공기관-지방자치단체,수세식,Y,Y,남자화장실+여자화장실,N,N,,,2023-12-31,I,2026-05-15 18:43:46,2024-01-05 14:28:26,33.5599068,126.7299129
6510000,202465100000101115,개방화장실,법제3조제16호-영제3조제1항제1호,제주항 국제여객터미널(2층 출국대기장),제주특별자치도 제주시 임항로 191,,1,2,1,1,0,0,3,1,0,제주특별자치도 해운항만과,0647108693,정시,04:30~21:00,,공공기관-지방자치단체,수세식,Y,Y,장애인화장실+남자화장실+여자화장실,N,Y,남자화장실+여자화장실,,2023-12-31,I,2026-05-15 18:43:46,2024-01-05 14:28:24,33.5258374,126.5440785
6510000,202465100000101437,개방화장실,법제3조제16호-영제3조제1항제1호,칠성공영주차장(칠성로 차없는거리),제주특별자치도 제주시 임항로 8,,2,2,1,0,0,0,3,1,0,삼도2동,0647284571,상시,,,공공기관-지방자치단체,수세식,Y,Y,장애인화장실+남자화장실+여자화장실,N,N,,,2023-12-31,I,2026-05-15 18:43:46,2024-01-05 14:28:27,33.5165151,126.5252465
6510000,202465100000101616,개방화장실,법제3조제16호-영제3조제1항제1호,제주 아트센터,제주특별자치도 제주시 오남로 231,,3,5,1,1,0,0,7,1,0,제주아트센터,,정시,09:00~18:00,,공공기관-지방자치단체,수세식,Y,Y,장애인화장실+남자화장실+여자화장실,N,N,,,2023-12-31,I,2026-05-15 18:43:46,2024-01-05 14:28:29,33.4751044,126.5155186
6510000,202465100000101404,공중화장실,법제3조제16호-영제3조제1항제1호,예초리,,제주특별자치도 제주시 추자면 예초리 200-5,2,1,0,0,1,2,0,0,0,추자면,0647284283,상시,,,공공기관-지방자치단체,수세식,Y,Y,남자화장실+여자화장실,N,Y,여자화장실,,2023-12-31,I,2026-05-15 18:43:46,2024-01-05 14:28:26,,
6510000,202465100000101637,개방화장실,법제3조제16호-영제3조제1항제1호,한경면,제주특별자치도 제주시 두신로 84,,3,3,1,3,0,0,4,1,0,한경면,,정시,09:00~18:00,,공공기관-지방자치단체,수세식,Y,Y,장애인화장실+남자화장실+여자화장실,N,N,,,2023-12-31,I,2026-05-15 18:43:46,2024-01-05 14:28:29,33.3501105,126.1841050
6510000,202465100000101125,개방화장실,법제3조제16호-영제3조제1항제1호,제주항 3부두 임항창고,제주특별자치도 제주시 임항로 127,,2,2,0,0,0,0,1,0,0,제주특별자치도 해운항만과,0647108693,상시,24시간,,공공기관-지방자치단체,수세식,Y,Y,장애인화장실+남자화장실+여자화장실,N,N,,,2023-12-31,I,2026-05-15 18:43:46,2024-01-05 14:28:24,33.5204360,126.5376166
6510000,202465100000101263,개방화장실,법제3조제5호,도두봉공원,제주특별자치도 제주시 도두항길 4-17,,3,2,1,1,0,0,5,1,0,제주시 공원녹지과,0647283605,상시,24시간,,공공기관-지방자치단체,수세식,Y,Y,남자화장실+여자화장실,N,Y,여자화장실,,2023-12-31,I,2026-05-15 18:43:46,2024-01-05 14:28:25,33.5067627,126.4672257
6510000,202465100000101434,개방화장실,법제3조제13호,일도체육공원(근린공원내),제주특별자치도 제주시 연수로 12,,1,1,0,0,0,0,2,0,0,일도2동,0647288023,상시,,,공공기관-지방자치단체,수세식,Y,Y,남자화장실+여자화장실,N,N,,,2023-12-31,I,2026-05-15 18:43:46,2024-01-05 14:28:27,33.5039109,126.5465193
6510000,202465100000101387,공중화장실,법제3조제16호-영제3조제1항제1호,청수 곶자왈,,제주특별자치도 제주시 한경면 청수리 97,1,1,0,0,0,0,2,0,0,한경면,0647287954,상시,,,공공기관-지방자치단체,수세식,N,N,,N,N,,,2023-12-31,I,2026-05-15 18:43:46,2024-01-05 14:28:26,33.3059961,126.2619112
6510000,202465100000101283,공중화장실,법제3조제2호,한림매일시장,,제주특별자치도 제주시 한림읍 한림리 1314-200,1,2,1,0,0,0,3,1,0,한림읍,0647287652,상시,24시간,,공공기관-지방자치단체,수세식,Y,Y,남자화장실+여자화장실,N,Y,여자화장실,,2023-12-31,I,2026-05-15 18:43:46,2024-01-05 14:28:25,33.4161798,126.2637652
6510000,202465100000101157,개방화장실,법제3조제16호-영제3조제1항제2호,제주도립미술관 야외화장실1,제주특별자치도 제주시 1100로 2894-78,,2,2,0,0,0,0,3,0,0,제주도립미술관,0647104300,상시,00:00~24:00,,공공기관-지방자치단체,수세식,Y,Y,남자화장실+여자화장실,Y,N,,,2023-12-31,I,2026-05-15 18:43:46,2024-01-05 14:28:24,33.4525500,126.4896861
6510000,202465100000101602,개방화장실,법제3조제16호-영제3조제1항제1호,제주시청1별관,제주특별자치도 제주시 광양9길 10,,9,10,0,0,0,0,10,1,0,제주시 총무과,0647282424,정시,09:00~18:00,,공공기관-지방자치단체,수세식,Y,N,,Y,Y,여자화장실,,2023-12-31,I,2026-05-15 18:43:46,2024-01-05 14:28:28,33.5002142,126.5322175
6510000,202465100000101203,공중화장실,법제3조제4호,동문공설시장(시장입구-10번 게이트),제주특별자치도 제주시 동문로4길 9,,2,5,1,0,0,0,4,1,1,제주시 경제소상공인과,0647282827,상시,24시간,,공공기관-지방자치단체,수세식,Y,Y,남자화장실+여자화장실,N,Y,여자화장실,,2023-12-31,I,2026-05-15 18:43:46,2024-01-05 14:28:25,33.5120874,126.5282423
6510000,202465100000101180,공중화장실,법제3조제2호,오백장군갤러리 화장실,제주특별자치도 제주시 남조로 2023,,8,12,2,3,0,0,16,2,0,제주특별자치도 돌문화공원관리소,0647107732,정시,"09:00~18:00+휴원일 미개방(매주 월요일, 1월1일, 설날 및 추석 당일)",,공공기관-지방자치단체,수세식,Y,Y,장애인화장실+남자화장실+여자화장실,N,Y,남자화장실+여자화장실,,2023-12-31,I,2026-05-15 18:43:46,2024-01-05 14:28:24,33.4513306,126.6566618
6510000,202465100000101188,개방화장실,법제3조제16호-영제3조제1항제1호,이도2동 주민센터 앞 주차장,제주특별자치도 제주시 오복3길 9,,2,1,1,0,0,0,3,1,0,제주시 차량관리과,0647283827,정시,09:00~18:30,,공공기관-지방자치단체,수세식,Y,Y,남자화장실+여자화장실,N,Y,남자화장실+여자화장실,,2023-12-31,I,2026-05-15 18:43:46,2024-01-05 14:28:24,33.4967902,126.5349279
6510000,202465100000101425,공중화장실,법제3조제16호-영제3조제1항제1호,우도봉담수장,,제주특별자치도 제주시 우도면 연평리 383-1,3,4,1,0,0,0,7,1,0,우도면,0647284342,상시,,,공공기관-지방자치단체,수세식,Y,Y,남자화장실+여자화장실,N,N,,,2023-12-31,I,2026-05-15 18:43:46,2024-01-05 14:28:27,33.4966741,126.9621295
6510000,202465100000101403,공중화장실,법제3조제16호-영제3조제1항제1호,하추자대합실,제주특별자치도 제주시 추자면 신양2길 28-3,,7,3,0,0,4,5,0,0,0,추자면,0647284283,상시,,,공공기관-지방자치단체,수세식,Y,Y,남자화장실+여자화장실,N,Y,여자화장실,,2023-12-31,I,2026-05-15 18:43:46,2024-01-05 14:28:26,,
6510000,202465100000101655,개방화장실,법제3조제16호-영제3조제1항제1호,삼양동주민센터,제주특별자치도 제주시 지석13길 6,,1,1,1,0,0,0,1,1,0,삼양동,,정시,09:00~18:00,,공공기관-지방자치단체,수세식,Y,Y,장애인화장실,Y,N,,,2025-12-31,I,2026-05-15 18:43:46,2026-05-08 14:53:58,33.5218207,126.5855751
6510000,202465100000101260,개방화장실,법제3조제5호,제42호 어린이공원(동광성당동쪽),제주특별자치도 제주시 태성로4길 23,,0,2,0,0,0,0,0,0,0,제주시 공원녹지과,0647283605,상시,24시간,,공공기관-지방자치단체,수세식,Y,Y,남자화장실+여자화장실,N,N,,,2023-12-31,I,2026-05-15 18:43:46,2024-01-05 14:28:25,33.4999827,126.5472875
6510000,202465100000101268,개방화장실,법제3조제1호,절물자연휴양림 2,제주특별자치도 제주시 명림로 584,,5,4,1,0,0,0,8,1,0,절물생태관리소,0647283637,상시,24시간,,공공기관-지방자치단체,수세식,Y,Y,남자화장실+여자화장실,N,Y,여자화장실,,2023-12-31,I,2026-05-15 18:43:46,2024-01-05 14:28:25,33.4400493,126.6252036
6510000,202465100000101289,공중화장실,법제3조제4호,한림오일시장(북측),제주특별자치도 제주시 한림읍 대림리 1699,,4,3,0,0,0,0,7,0,0,한림읍,0647287661,상시,24시간,,공공기관-지방자치단체,수세식,Y,Y,남자화장실+여자화장실,N,N,,,2023-12-31,I,2026-05-15 18:43:46,2024-01-05 14:28:25,33.4207218,126.2738547
6510000,202465100000101281,공중화장실,법제3조제2호,금능해수욕장(금능해변),제주특별자치도 제주시 한림읍 금능길 119-10,,4,7,1,0,0,0,9,1,0,한림읍,0647287674,상시,24시간,,공공기관-지방자치단체,수세식,Y,Y,남자화장실+여자화장실,N,Y,여자화장실,,2023-12-31,I,2026-05-15 18:43:46,2024-01-05 14:28:25,33.3904006,126.2362051
6510000,202465100000101394,공중화장실,법제3조제16호-영제3조제1항제1호,횡간도1,,제주특별자치도 제주시 추자면 대서리 산52 지선,1,1,0,0,0,0,1,0,0,추자면,0647284283,상시,,,공공기관-지방자치단체,수세식,N,N,,N,N,여자화장실,,2023-12-31,I,2026-05-15 18:43:46,2024-01-05 14:28:26,,
6510000,202465100000101396,공중화장실,법제3조제16호-영제3조제1항제1호,횡간도3,,제주특별자치도 제주시 추자면 대서리 산87,1,1,0,0,0,0,1,0,0,추자면,0647284283,상시,,,공공기관-지방자치단체,수세식,N,N,,N,N,여자화장실,,2023-12-31,I,2026-05-15 18:43:46,2024-01-05 14:28:26,,
6510000,202465100000101356,공중화장실,법제3조제16호-영제3조제1항제1호,남생이못,제주특별자치도 제주시 원당북로 197-3,제주특별자치도 제주시 조천읍 신촌리 2497,1,1,0,0,0,0,2,0,0,조천읍,0647287862,상시,,,공공기관-지방자치단체,수세식,Y,Y,남자화장실+여자화장실,N,N,,,2023-12-31,I,2026-05-15 18:43:46,2024-01-05 14:28:26,33.5326924,126.6139882
6510000,202465100000101176,개방화장실,법제3조제2호,돌박물관 화장실,제주특별자치도 제주시 남조로 2023,,10,12,4,4,0,0,11,4,0,제주특별자치도 돌문화공원관리소,0647107732,정시,"09:00~18:00+휴원일 미개방(매주 월요일, 1월1일, 설날 및 추석 당일)",,공공기관-지방자치단체,수세식,Y,Y,장애인화장실+남자화장실+여자화장실,N,Y,남자화장실+여자화장실,,2023-12-31,I,2026-05-15 18:43:46,2024-01-05 14:28:24,33.4513306,126.6566618
6510000,202465100000101280,공중화장실,법제3조제16호-영제3조제1항제1호,월령주차장,제주특별자치도 제주시 한림읍 월령안길 27,,1,2,0,0,0,0,3,0,0,한림읍,0647287652,상시,24시간,,공공기관-지방자치단체,수세식,Y,Y,남자화장실+여자화장실,N,N,,,2023-12-31,I,2026-05-15 18:43:46,2024-01-05 14:28:25,,
6510000,202465100000101288,공중화장실,법제3조제16호-영제3조제1항제1호,귀덕1리 동방파제,제주특별자치도 제주시 한림읍 귀덕11길 23-3,,1,1,0,0,0,0,2,1,0,한림읍,0647287652,상시,24시간,,공공기관-지방자치단체,수세식,Y,Y,남자화장실+여자화장실,N,Y,여자화장실,,2023-12-31,I,2026-05-15 18:43:46,2024-01-05 14:28:25,33.4456458,126.2941110
6510000,202465100000101624,개방화장실,법제3조제16호-영제3조제1항제1호,한경보건지소,제주특별자치도 제주시 두신로 118-2,,2,2,0,0,0,0,2,1,0,제주 서부보건소,,정시,09:00~18:00,,공공기관-지방자치단체,수세식,Y,N,,N,N,,,2023-12-31,I,2026-05-15 18:43:46,2024-01-05 14:28:29,33.3527641,126.1851816
6510000,202465100000101364,공중화장실,법제3조제16호-영제3조제1항제1호,서우봉해변(관리사무소앞),제주특별자치도 제주시 조함해안로 525,제주특별자치도 제주시 조천읍 함덕리 산14-1,4,5,1,0,0,0,7,1,0,조천읍,0647287882,상시,,,공공기관-지방자치단체,수세식,Y,Y,남자화장실+여자화장실,N,Y,여자화장실,,2023-12-31,I,2026-05-15 18:43:46,2024-01-05 14:28:26,33.5428268,126.6705103
6510000,202465100000101153,개방화장실,법제3조제1호,관음사 야영장 화장실,제주특별자치도 제주시 산록북로 588,,4,5,1,0,0,0,9,1,0,세계유산본부 한라산국립공원관리소,0647107826,상시,24시간,,공공기관-지방자치단체,수세식,Y,N,장애인화장실+남자화장실+여자화장실,N,Y,여자화장실,,2023-12-31,I,2026-05-15 18:43:46,2024-01-05 14:28:24,33.4216134,126.5497576
6510000,202465100000101243,개방화장실,법제3조제5호,사라봉공원(정상),제주특별자치도 제주시 사라봉동길 74,,3,3,1,0,0,0,3,1,0,제주시 공원녹지과,0647283605,상시,24시간,,공공기관-지방자치단체,수세식,Y,Y,남자화장실+여자화장실,N,N,남자화장실+여자화장실,,2023-12-31,I,2026-05-15 18:43:46,2024-01-05 14:28:25,33.5186634,126.5476898
6510000,202465100000101629,개방화장실,법제3조제16호-영제3조제1항제1호,애월읍,제주특별자치도 제주시 일주서로 6322,,6,6,3,0,0,0,12,3,0,애월읍,,정시,09:00~18:00,,공공기관-지방자치단체,수세식,Y,Y,장애인화장실+남자화장실+여자화장실,N,N,,,2023-12-31,I,2026-05-15 18:43:46,2024-01-05 14:28:29,33.4621497,126.3291845
6510000,202465100000101621,개방화장실,법제3조제16호-영제3조제1항제1호,제주시 서부보건소 본관,제주특별자치도 제주시 강구로 5,,6,6,1,0,0,0,12,2,0,제주 서부보건소,,정시,09:00~18:00,,공공기관-지방자치단체,수세식,Y,N,,N,N,,,2023-12-31,I,2026-05-15 18:43:46,2024-01-05 14:28:29,33.4120836,126.2695292
6510000,202465100000101375,공중화장실,법제3조제16호-영제3조제1항제1호,고산수월봉,,제주특별자치도 제주시 한경면 고산리 3758-2,4,3,0,0,0,0,6,1,0,한경면,0647287954,상시,,,공공기관-지방자치단체,수세식,Y,Y,남자화장실+여자화장실,N,N,,,2023-12-31,I,2026-05-15 18:43:46,2024-01-05 14:28:26,33.2945021,126.1637137
6510000,202465100000101435,공중화장실,법제3조제16호-영제3조제1항제1호,그린공원 배드민턴장,제주특별자치도 제주시 연수로 12,,0,1,0,0,0,0,1,0,0,일도2동,0647288023,상시,,,공공기관-지방자치단체,수세식,Y,Y,남자화장실+여자화장실,N,N,,,2023-12-31,I,2026-05-15 18:43:46,2024-01-05 14:28:27,33.5039109,126.5465193
6510000,202465100000101645,개방화장실,법제3조제16호-영제3조제1항제1호,일도1동 (문화의집),제주특별자치도 제주시 중앙로7길 15,,4,4,0,1,0,0,4,1,0,일도1동,,정시,09:00~18:00,,공공기관-지방자치단체,수세식,Y,Y,남자화장실+여자화장실,N,N,,,2023-12-31,I,2026-05-15 18:43:46,2024-01-05 14:28:29,33.5150583,126.5263771
6510000,202465100000101467,공중화장실,법제3조제16호-영제3조제1항제1호,백포어촌정주어항,제주특별자치도 제주시 서해안로 99,,1,2,0,0,0,0,2,0,0,이호동,0647284935,상시,,,공공기관-지방자치단체,수세식,Y,Y,남자화장실+여자화장실,N,N,,,2023-12-31,I,2026-05-15 18:43:46,2024-01-05 14:28:27,33.5037502,126.4602275
6510000,202465100000101282,공중화장실,법제3조제2호,협재해수욕장(협재해변),제주특별자치도 제주시 한림읍 한림로 329-10,,6,9,1,0,0,0,8,1,0,한림읍,0647287674,상시,24시간,,공공기관-지방자치단체,수세식,Y,Y,남자화장실+여자화장실,N,Y,여자화장실,,2023-12-31,I,2026-05-15 18:43:46,2024-01-05 14:28:25,33.3937480,126.2394319
6510000,202465100000101258,개방화장실,법제3조제5호,제40호 어린이공원(탐라교회옆),,제주특별자치도 제주시 이도2동 404,0,2,0,0,0,0,0,0,0,제주시 공원녹지과,0647283605,상시,24시간,,공공기관-지방자치단체,수세식,Y,Y,남자화장실+여자화장실,N,N,,,2023-12-31,I,2026-05-15 18:43:46,2024-01-05 14:28:25,33.4974911,126.5407936
6510000,202465100000101250,개방화장실,법제3조제5호,이도근린공원(한마음병원 북측),제주특별자치도 제주시 이도공원동길 6,,3,4,1,0,0,0,5,1,0,제주시 공원녹지과,0647283605,상시,24시간,,공공기관-지방자치단체,수세식,Y,Y,남자화장실+여자화장실,Y,Y,남자화장실+여자화장실,,2023-12-31,I,2026-05-15 18:43:46,2024-01-05 14:28:25,33.4978154,126.5444891
6510000,202465100000101459,공중화장실,법제3조제16호-영제3조제1항제1호,신비의도로(소정도채비옆),제주특별자치도 제주시 1100로 2894-65,,1,2,0,0,0,0,2,0,0,노형동,0647288265,상시,,,공공기관-지방자치단체,수세식,Y,Y,장애인화장실+남자화장실+여자화장실,N,N,,,2023-12-31,I,2026-05-15 18:43:46,2024-01-05 14:28:27,33.4514304,126.4874068
6510000,202465100000101451,간이화장실,법제3조제16호-영제3조제1항제1호,한천제2저류지공원,제주특별자치도 제주시 오등동 1834-4,,1,1,0,0,0,0,1,0,0,아라동,0647288202,상시,,,공공기관-지방자치단체,수세식,Y,Y,남자화장실+여자화장실,N,N,,,2025-12-31,I,2026-05-15 18:43:46,2026-05-08 15:25:19,33.4467073,126.5230787
6510000,202465100000101162,개방화장실,법제3조제16호-영제3조제1항제1호,동부하수처리장 관리동,제주특별자치도 제주시 구좌읍 월정서로 162,,2,3,0,0,0,0,2,0,0,제주 상하수도본부 하수도부,0647507890,정시,00:00~23:00,,공공기관-지방자치단체,수세식,Y,N,,N,N,,,2023-12-31,I,2026-05-15 18:43:46,2024-01-05 14:28:24,,
6510000,202465100000101123,개방화장실,법제3조제16호-영제3조제1항제1호,제주항 6부두,제주특별자치도 제주시 임항로 191,,2,3,0,0,0,0,1,0,0,제주특별자치도 해운항만과,0647108693,상시,24시간,,공공기관-지방자치단체,수세식,Y,Y,장애인화장실+남자화장실+여자화장실,N,N,,,2023-12-31,I,2026-05-15 18:43:46,2024-01-05 14:28:24,33.5258374,126.5440785
6510000,202465100000101224,개방화장실,법제3조제13호,주경기장 1층(외4문),제주특별자치도 제주시 서광로2길 24,,3,3,0,0,0,0,7,1,0,제주시 체육진흥과,0647283279,정시,09:00~18:00,,공공기관-지방자치단체,수세식,Y,Y,여자화장실,N,N,,,2023-12-31,I,2026-05-15 18:43:46,2024-01-05 14:28:25,33.4950629,126.5187972
6510000,202465100000101291,공중화장실,법제3조제4호,한림중앙상가(1층 동쪽),제주특별자치도 제주시 한림읍 한림북동길 2,,3,4,1,0,0,0,6,1,0,한림읍 산업계,0647287631,정시,09:00~18:00,,공공기관-지방자치단체,수세식,Y,Y,남자화장실+여자화장실,Y,N,,,2023-12-31,I,2026-05-15 18:43:46,2024-01-05 14:28:25,33.4155049,126.2648394
6510000,202465100000101299,공중화장실,법제3조제16호-영제3조제1항제1호,옹포천 어울공원,제주특별자치도 제주시 한림읍 한림상로36-6,,3,3,0,0,0,0,6,1,0,한림읍,0647287652,상시,,,공공기관-지방자치단체,수세식,Y,Y,남자화장실+여자화장실,N,N,,,2023-12-31,I,2026-05-15 18:43:46,2024-01-05 14:28:25,,
6510000,202465100000101266,개방화장실,법제3조제5호,신산공원3(국수거리 게이트볼장 옆),,제주특별자치도 제주시 일도2동 995-87,2,2,0,0,0,0,2,0,0,제주시 공원녹지과,0647283605,상시,24시간,,공공기관-지방자치단체,수세식,Y,Y,남자화장실+여자화장실,N,N,,,2023-12-31,I,2026-05-15 18:43:46,2024-01-05 14:28:25,33.5073471,126.5318960
6510000,202465100000101222,개방화장실,법제3조제13호,애향운동장,제주특별자치도 제주시 서광로2길 24,,4,4,1,0,0,0,7,1,0,제주시 체육진흥과,0647283279,상시,24시간,,공공기관-지방자치단체,수세식,Y,Y,여자화장실,N,N,,,2023-12-31,I,2026-05-15 18:43:46,2024-01-05 14:28:25,33.4950629,126.5187972
6510000,202465100000101384,공중화장실,법제3조제16호-영제3조제1항제1호,두모리포구,제주특별자치도 제주시 두모11길 51,제주특별자치도 제주시 한경면 두모리 2621-1,1,0,0,0,0,0,1,0,0,한경면,0647287954,상시,,,공공기관-지방자치단체,수세식,Y,Y,남자화장실+여자화장실,N,N,,,2023-12-31,I,2026-05-15 18:43:46,2024-01-05 14:28:26,33.3568982,126.1825115
6510000,202465100000101156,개방화장실,법제3조제1호,관음사 산악박물관 화장실,제주특별자치도 제주시 산록북로 588,,4,3,1,0,0,0,7,1,0,세계유산본부 한라산국립공원관리소,0647107826,상시,24시간,,공공기관-지방자치단체,수세식,Y,N,장애인화장실+남자화장실+여자화장실,N,Y,여자화장실,,2023-12-31,I,2026-05-15 18:43:46,2024-01-05 14:28:24,33.4216134,126.5497576
6510000,202665100000100018,개방화장실,,화북청소년문화의집,"제주특별자치도 제주시 진남로 59, 화북청소년수련실 (화북일동)",제주특별자치도 제주시 화북일동 1618 화북청소년수련실,4,4,2,2,0,0,4,2,0,여성가족과,,정시,(평일)09:00~20:00+(주말)09:00~18:00),,공공기관-지방자치단체,수세식,,N,,N,N,,,2025-12-31,I,2026-05-15 18:43:46,2026-05-12 09:31:57,33.5239465,126.5665621
6510000,202665100000100027,개방화장실,,조천청소년문화의집(민간위탁),"제주특별자치도 제주시 조천읍 신북로 194-1, 조천청소년문화의집",제주특별자치도 제주시 조천읍 조천리 3159 조천청소년문화의집,6,6,3,0,0,0,9,3,0,여성가족과,,정시,(평일)09:00~20:00+(주말)09:00~18:00),,공공기관-지방자치단체,수세식,,N,,N,N,,,2025-12-31,I,2026-05-15 18:43:46,2026-05-12 09:50:45,33.5348243,126.6342573
6510000,202665100000100028,개방화장실,,제주시 기적의도서관,"제주특별자치도 제주시 동광로12길 19, 제주기적의도서관 (이도이동)",제주특별자치도 제주시 이도이동 1128-1 제주기적의도서관,2,3,1,0,1,0,3,0,1,우당도서관,,정시,평일 09:00 ~ 18:00,,공공기관-지방자치단체,수세식,,N,,N,N,,,2025-12-31,I,2026-05-15 18:43:46,2026-05-12 09:53:03,33.5017645,126.5355265
6510000,202665100000100019,개방화장실,,아라청소년문화의집,제주특별자치도 제주시 중앙로 585 (아라일동),제주특별자치도 제주시 아라일동 6139-7,4,4,0,0,0,0,4,0,0,여성가족과,,정시,(평일)09:00~20:00+(주말)09:00~18:00),,공공기관-지방자치단체,수세식,,N,,N,N,,,2025-12-31,I,2026-05-15 18:43:46,2026-05-12 09:34:02,33.4710856,126.5458620
6510000,202665100000100020,개방화장실,,도평청소년문화의집,"제주특별자치도 제주시 도평길 22, 도평 청소년문화의집, 어린이집 (도평동)","제주특별자치도 제주시 도평동 872-1 도평 청소년문화의집, 어린이집",3,3,1,1,0,0,4,2,0,여성가족과,,정시,(평일)09:00~20:00+(주말)09:00~18:00),,공공기관-지방자치단체,수세식,,N,,N,N,,,2025-12-31,I,2026-05-15 18:43:46,2026-05-12 09:36:05,33.4799065,126.4470689
6510000,202665100000100021,개방화장실,,노형청소년문화의집,제주특별자치도 제주시 정존11길 76 (노형동),제주특별자치도 제주시 노형동 2582-1,5,8,3,0,0,0,8,3,0,여성가족과,,정시,(평일)09:00~20:00+(주말)09:00~18:00),,공공기관-지방자치단체,수세식,,N,,N,N,,,2025-12-31,I,2026-05-15 18:43:46,2026-05-12 09:38:19,33.4892629,126.4716008
6510000,202465100000101197,개방화장실,법제3조제16호-영제3조제1항제1호,동광 공영주차장,제주특별자치도 제주시 태성로2길 5,제주특별자치도 제주시 일도2동 82-8,1,1,1,0,0,0,1,1,0,제주시 차량관리과,0647283823,정시,09:00~18:00,,공공기관-지방자치단체,수세식,Y,Y,남자화장실+여자화장실,N,Y,남자화장실+여자화장실,,2023-12-31,I,2026-05-15 18:43:46,2024-01-05 14:28:24,33.4999259,126.5453620
6510000,202465100000101324,공중화장실,법제3조제16호-영제3조제1항제1호,유아동네숲터,,제주특별자치도 제주시 애월읍 수산리 산1-1,2,1,0,0,1,0,3,0,1,애월읍,0647288866,상시,,,공공기관-지방자치단체,수세식,Y,Y,남자화장실+여자화장실,N,Y,여자화장실,,2023-12-31,I,2026-05-15 18:43:46,2024-01-05 14:28:26,33.4738175,126.3828394
6510000,202665100000100023,개방화장실,,애월청소년문화의집,"제주특별자치도 제주시 애월읍 일주서로 6331, 애월청소년문화의집",제주특별자치도 제주시 애월읍 애월리 377 애월청소년문화의집,3,4,1,0,0,0,6,4,0,여성가족과,,정시,(평일)09:00~20:00+(주말)09:00~18:00),,공공기관-지방자치단체,수세식,,N,,N,N,,,2025-12-31,I,2026-05-15 18:43:46,2026-05-12 09:42:45,33.4631803,126.3305694
6510000,202665100000100026,개방화장실,,삼도1동청소년문화의집(민간위탁),제주특별자치도 제주시 서사로14길 16 (삼도일동),제주특별자치도 제주시 삼도일동 528-17,4,4,1,0,0,0,6,1,0,여성가족과,,정시,(평일)09:00~20:00+(주말)09:00~18:00),,공공기관-지방자치단체,수세식,,N,,N,N,,,2025-12-31,I,2026-05-15 18:43:46,2026-05-12 09:51:03,33.5036871,126.5182256
6510000,202665100000100029,개방화장실,,조천읍도서관,"제주특별자치도 제주시 조천읍 일주동로 1189, 조천도서관",제주특별자치도 제주시 조천읍 함덕리 919 조천도서관,4,6,1,0,0,0,6,1,0,우당도서관,,정시,(평일) 08:00~23:00,,공공기관-지방자치단체,수세식,,N,,N,N,,,2025-12-31,I,2026-05-15 18:43:46,2026-05-12 09:55:30,33.5377042,126.6676196
6510000,202665100000100022,개방화장실,,한림청소년문화의집,"제주특별자치도 제주시 한림읍 한림상로 134-8, 청소년문화의집",제주특별자치도 제주시 한림읍 한림리 905-27 청소년문화의집,4,4,1,2,0,0,8,1,0,여성가족과,,정시,(평일)09:00~20:00+(주말)09:00~18:00),,공공기관-지방자치단체,수세식,,N,,N,N,,,2025-12-31,I,2026-05-15 18:43:46,2026-05-12 09:40:21,33.4106545,126.2678050
6510000,202665100000100024,개방화장실,,구좌청소년문화의집,제주특별자치도 제주시 구좌읍 세화5길 6-9,제주특별자치도 제주시 구좌읍 세화리 1486-2,2,4,1,0,0,0,4,1,0,여성가족과,,정시,(평일)09:00~20:00+(주말)09:00~18:00),,공공기관-지방자치단체,수세식,,N,,N,N,,,2025-12-31,I,2026-05-15 18:43:46,2026-05-12 09:44:49,33.5240950,126.8574793
6510000,202665100000100025,개방화장실,,추자청소년문화의집,"제주특별자치도 제주시 추자면 대서6길 30, 추자청소년문화의집",제주특별자치도 제주시 추자면 대서리 173-5 추자청소년문화의집,2,2,0,0,0,0,2,0,0,여성가족과,,정시,(평일)09:00~20:00+(주말)09:00~18:00),,공공기관-지방자치단체,수세식,,N,,N,N,,,2025-12-31,I,2026-05-15 18:43:46,2026-05-12 09:46:39,,
6510000,202665100000100030,개방화장실,,탐라도서관,"제주특별자치도 제주시 정원로 50, 제주탐라도서관 (노형동)",제주특별자치도 제주시 노형동 3812-1 제주탐라도서관,7,7,1,1,2,1,14,1,2,탐라도서관,,정시,(평일)08:00~23:00),,공공기관-지방자치단체,수세식,,N,,N,N,,,2025-12-31,I,2026-05-15 18:43:46,2026-05-12 10:00:02,33.4791376,126.4762462
6510000,202465100000101305,공중화장실,법제3조제16호-영제3조제1항제1호,광령저수지 남쪽,제주특별자치도 제주시 애월읍 광령북3길 27-4,,1,0,0,0,0,0,1,0,0,애월읍,0647288866,상시,,,공공기관-지방자치단체,수거식,Y,Y,남자화장실+여자화장실,N,N,,,2023-12-31,I,2026-05-15 18:43:46,2024-01-05 14:28:25,33.4701967,126.4261469
6510000,202665100000100032,개방화장실,,한경도서관,"제주특별자치도 제주시 한경면 두신로 84, 한경면사무소",제주특별자치도 제주시 한경면 신창리 247 한경면사무소,6,9,1,1,0,0,8,1,0,탐라도서관,,정시,(평일)08:00~23:00,,공공기관-지방자치단체,수세식,,N,,N,N,,,2026-05-12,I,2026-05-15 18:43:46,2026-05-12 10:03:20,33.3501105,126.1841050
6510000,202665100000100031,개방화장실,,애월도서관,"제주특별자치도 제주시 애월읍 일주서로 6339, 애월읍도서관",제주특별자치도 제주시 애월읍 고내리 1364 애월읍도서관,7,8,1,1,0,0,8,1,0,탐라도서관,,정시,(평일)08:00~23:00),,공공기관-지방자치단체,수세식,,N,,N,N,,,2025-12-31,I,2026-05-15 18:43:46,2026-05-12 10:01:51,33.4633234,126.3313098
6510000,202465100000101193,개방화장실,법제3조제16호-영제3조제1항제1호,한림 상두거리 공영주차장,,"제주특별자치도 제주시 한림리 1198-3,4",1,2,1,0,0,0,3,1,0,제주시 차량관리과,0647283823,정시,09:00~18:00,,공공기관-지방자치단체,수세식,Y,Y,남자화장실+여자화장실,N,Y,남자화장실+여자화장실,,2023-12-31,I,2026-05-15 18:43:46,2024-01-05 14:28:24,,
6510000,202465100000101342,공중화장실,법제3조제16호-영제3조제1항제1호,면수동해녀탈의장,,제주특별자치도 제주시 구좌읍 하도리 3140-2,1,1,0,0,0,0,1,0,0,제주특별자치도 제주시 구좌읍,0647287745,상시,,,공공기관-지방자치단체,수세식,N,N,,N,N,,,2023-12-31,I,2026-05-15 18:43:46,2024-01-05 14:28:26,33.5285609,126.8665423
6510000,202465100000101302,공중화장실,법제3조제16호-영제3조제1항제1호,곽지과물해변통시(동쪽),제주특별자치도 제주시 애월읍 곽지1길 31,,2,3,1,1,0,1,6,1,1,애월읍,0647288883,상시,,,공공기관-지방자치단체,수세식,Y,Y,남자화장실+여자화장실,N,N,,,2023-12-31,I,2026-05-15 18:43:46,2024-01-05 14:28:25,33.4485059,126.3030938
6510000,202465100000101254,개방화장실,법제3조제5호,시민복지타운,제주특별자치도 제주시 복지로9길 25,,3,2,1,0,0,0,2,1,0,제주시 공원녹지과,0647283605,상시,24시간,,공공기관-지방자치단체,수세식,Y,Y,남자화장실+여자화장실,N,Y,남자화장실+여자화장실,,2023-12-31,I,2026-05-15 18:43:46,2024-01-05 14:28:25,33.4893660,126.5272131
6510000,202465100000101373,공중화장실,법제3조제16호-영제3조제1항제1호,고산엉알,제주특별자치도 제주시 노을해안로 1032-20,제주특별자치도 제주시 한경면 고산리  3653-3,1,1,0,0,0,0,2,0,0,한경면,0647287954,상시,,,공공기관-지방자치단체,수세식,Y,Y,남자화장실+여자화장실,N,N,,,2023-12-31,I,2026-05-15 18:43:46,2024-01-05 14:28:26,33.3002681,126.1676197
6510000,202465100000101192,개방화장실,법제3조제16호-영제3조제1항제1호,제주상공회의소 동측 공영주차장 (도남),,제주특별자치도 제주시 도남동 574-3,1,1,1,0,0,0,3,1,0,제주시 차량관리과,0647283823,정시,09:00~18:00,,공공기관-지방자치단체,수세식,Y,Y,남자화장실+여자화장실,N,Y,남자화장실+여자화장실,,2023-12-31,I,2026-05-15 18:43:46,2024-01-05 14:28:24,33.4904346,126.5200972
6510000,202465100000101124,개방화장실,법제3조제16호-영제3조제1항제1호,제주항 9부두,제주특별자치도 제주시 임항로 197,,5,5,0,0,0,0,2,0,0,제주특별자치도 해운항만과,0647108693,상시,24시간,,공공기관-지방자치단체,수세식,Y,Y,장애인화장실+남자화장실+여자화장실,N,N,,,2023-12-31,I,2026-05-15 18:43:46,2024-01-05 14:28:24,33.5236898,126.5459475
6510000,202465100000101606,개방화장실,법제3조제16호-영제3조제1항제1호,제주시청5별관,제주특별자치도 제주시 광양9길 3,,7,10,1,0,0,0,11,1,0,제주시 총무과,0647282424,정시,09:00~18:00,,공공기관-지방자치단체,수세식,Y,N,,Y,Y,여자화장실,,2023-12-31,I,2026-05-15 18:43:46,2024-01-05 14:28:28,33.5000296,126.5299443
6510000,202465100000101641,개방화장실,법제3조제16호-영제3조제1항제1호,우도면,제주특별자치도 제주시 우도로 153,,7,3,0,0,0,13,3,0,0,우도면,,정시,09:00~18:00,,공공기관-지방자치단체,수세식,Y,N,장애인화장실+남자화장실+여자화장실,Y,N,,,2023-12-31,I,2026-05-15 18:43:46,2024-01-05 14:28:29,33.5064710,126.9529777
6510000,202465100000101649,개방화장실,법제3조제16호-영제3조제1항제1호,삼도1동,제주특별자치도 제주시 전농로 40,,6,3,1,3,0,0,12,1,0,삼도1동,,정시,09:00~18:00,,공공기관-지방자치단체,수세식,Y,Y,장애인화장실+남자화장실+여자화장실,Y,N,,,2023-12-31,I,2026-05-15 18:43:46,2024-01-05 14:28:29,33.5041441,126.5173684
6510000,202465100000101112,개방화장실,법제3조제16호-영제3조제1항제1호,제주항 국제여객터미널(1층 대합실 스낵),제주특별자치도 제주시 임항로 191,,3,4,1,1,0,0,8,1,0,제주특별자치도 해운항만과,0647108693,정시,04:30~21:00,,공공기관-지방자치단체,수세식,Y,Y,장애인화장실+남자화장실+여자화장실,N,Y,남자화장실+여자화장실,,2023-12-31,I,2026-05-15 18:43:46,2024-01-05 14:28:24,33.5258374,126.5440785
6510000,202465100000101270,개방화장실,법제3조제1호,노루생태관찰원 1,제주특별자치도 제주시 명림로 520,,4,3,1,1,0,0,6,0,0,절물생태관리소(노루),0647283613,정시,09:00~18:00,,공공기관-지방자치단체,수세식,Y,Y,남자화장실+여자화장실,N,Y,여자화장실,,2023-12-31,I,2026-05-15 18:43:46,2024-01-05 14:28:25,33.4443239,126.6266893
6510000,202465100000101278,개방화장실,법제3조제4호,제주중앙지하도상가 3차(관덕로),"제주특별자치도 제주시 관덕로 지하 38, 9번 출입구",,4,3,1,0,0,0,7,1,0,제주시 건설과,0647283702,상시,24시간,,공공기관-지방자치단체,수세식,Y,Y,남자화장실+여자화장실,Y,Y,여자화장실,,2023-12-31,I,2026-05-15 18:43:46,2024-01-05 14:28:25,,
6510000,202465100000101634,개방화장실,법제3조제16호-영제3조제1항제1호,조천읍,제주특별자치도 제주시 신북로 194,,5,5,1,1,0,0,4,2,0,조천읍,,정시,09:00~18:00,,공공기관-지방자치단체,수세식,Y,Y,장애인화장실+남자화장실+여자화장실,N,Y,여자화장실,,2023-12-31,I,2026-05-15 18:43:46,2024-01-05 14:28:29,33.5348243,126.6342573
6510000,202465100000101646,개방화장실,법제3조제16호-영제3조제1항제1호,일도2동,제주특별자치도 제주시 삼성로 134 (일도이동),제주특별자치도 제주시 일도이동 161,5,5,0,0,0,0,6,0,0,일도2동,,정시,09:00~18:00,,공공기관-지방자치단체,수세식,Y,N,,N,N,,,2025-12-31,I,2026-05-15 18:43:46,2026-05-08 13:40:32,33.5116889,126.5380938
6510000,202465100000101415,공중화장실,법제3조제16호-영제3조제1항제1호,하우목동항,제주특별자치도 제주시 우도해안길 353,제주특별자치도 제주시 우도면 연평리 2391-1,2,3,1,0,0,0,3,1,0,우도면,0647284342,상시,,,공공기관-지방자치단체,수세식,Y,Y,장애인화장실+여자화장실,N,N,,,2023-12-31,I,2026-05-15 18:43:46,2024-01-05 14:28:27,33.5097115,126.9431217
6510000,202665100000100017,개방화장실,,용담1동청소년문화의집,제주특별자치도 제주시 서문로 37-10 (용담일동),제주특별자치도 제주시 용담일동 311,1,2,0,0,0,0,1,0,0,여성가족과,,정시,(평일)09:00~20:00+(주말)09:00~18:00),,공공기관-지방자치단체,수세식,,N,,N,N,,,2025-12-31,I,2026-05-15 18:43:46,2026-05-11 13:42:24,33.5116298,126.5150887
6510000,202665100000100015,개방화장실,,제주시청소년수련관,"제주특별자치도 제주시 사라봉동길 21-1, 제주시청소년수련관 (건입동)",제주특별자치도 제주시 건입동 538 제주시청소년수련관,12,15,1,1,0,0,15,1,0,여성가족과,,정시,(평일)09:00~20:00+(주말)09:00~18:00),,공공기관-지방자치단체,수세식,,N,,N,N,,,2025-12-31,I,2026-05-15 18:43:46,2026-05-11 13:37:25,33.5137924,126.5465091
6510000,202465100000101619,개방화장실,법제3조제16호-영제3조제1항제1호,건강증진과(노형건강생활지원센터),제주특별자치도 제주시 노형9길 9-4,,6,7,2,2,0,0,7,2,0,제주시 건강증진과,,정시,09:00~18:00,,공공기관-지방자치단체,수세식,Y,Y,장애인화장실+남자화장실+여자화장실,N,Y,여자화장실,,2023-12-31,I,2026-05-15 18:43:46,2024-01-05 14:28:29,33.4828816,126.4769921
6510000,202465100000101611,개방화장실,법제3조제16호-영제3조제1항제1호,자치행정과(평생학습관),제주특별자치도 제주시 사라봉동길 15,,6,8,1,0,0,0,7,0,0,제주시 자치행정과,0647288686,정시,09:00~18:00,,공공기관-지방자치단체,수세식,Y,N,,N,Y,여자화장실,,2023-12-31,I,2026-05-15 18:43:46,2024-01-05 14:28:29,33.5140901,126.5471090
6520000,202465200000100574,개방화장실,법제3조제1호,위미3리 태웃개 화장실,제주특별자치도 남원읍 위미리69-3,,1,1,0,0,0,0,1,0,0,남원읍,0647604183,상시,,,공공기관-지방자치단체,수세식,Y,Y,남자화장실+여자화장실,N,N,,,2024-07-19,I,2026-05-15 18:43:45,2024-07-22 14:45:53,33.2702493,126.6919023
6520000,202465200000100584,개방화장실,법제3조제17호-영제3조제2항제1호,수산2리 생태마을 포토존,제주특별자치도 서귀포시 성산읍 수산리 4097-3,,2,2,0,0,0,0,4,0,0,성산읍,0647604262,상시,,,공공기관-지방자치단체,수거식,Y,Y,남자화장실+여자화장실,N,N,,,2024-07-19,I,2026-05-15 18:43:45,2024-07-22 14:45:53,33.4364686,126.8381329
6520000,202465200000100665,개방화장실,법제3조제2호,성산일출봉,제주특별자치도  서귀포시 성산읍 성산리 114-3,,5,5,0,0,0,0,11,0,0,세계유산본부(자연문화재과),0647107922,정시,07:00~20:00,,공공기관-지방자치단체,수세식,Y,Y,장애인화장실+남자화장실+여자화장실,N,Y,여자화장실,,2024-07-19,I,2026-05-15 18:43:45,2024-07-22 14:45:54,33.4620443,126.9352943
6520000,202465200000100293,개방화장실,법제3조제16호-영제3조제1항제6호,서귀포시청소년수련관,제주특별자치도 서귀포시 중산간서로 97-1,,8,13,0,0,0,0,11,0,0,여성가족과,0647606412,정시,09:00~20:00,,공공기관-지방자치단체,수거식,Y,Y,장애인화장실+남자화장실+여자화장실,N,N,,,2024-07-19,I,2026-05-15 18:43:45,2024-07-22 14:45:49,33.2605367,126.4984486
6520000,202465200000100615,개방화장실,법제3조제17호-영제3조제2항제1호,표선면 공영주차빌딩,제주특별자치도 표선중앙로 74-1,,1,1,1,0,0,0,2,1,0,표선면,0647604463,상시,,,공공기관-지방자치단체,수세식,Y,Y,장애인화장실+남자화장실+여자화장실,N,Y,여자화장실,,2024-07-19,I,2026-05-15 18:43:45,2024-07-22 14:45:54,33.3262364,126.8317739
6520000,202465200000100645,개방화장실,법제3조제2호,대포항 공용화장실,제주특별자치도 서귀포시 대포로 172-9,,2,2,0,0,0,0,3,0,0,중문동,0647604816,상시,,,공공기관-지방자치단체,수세식,Y,Y,장애인화장실+남자화장실+여자화장실,N,Y,여자화장실,,2024-07-19,I,2026-05-15 18:43:45,2024-07-22 14:45:54,33.2383144,126.4394451
6520000,202465200000100466,개방화장실,법제3조제5호,숨골공원 공중화장실,제주특별자치도 서귀포시 서호동 1609,,3,3,1,0,0,0,7,1,0,공원녹지과,0647603193,상시,,,공공기관-지방자치단체,수세식,Y,Y,장애인화장실+남자화장실+여자화장실,N,N,,,2024-07-19,I,2026-05-15 18:43:45,2024-07-22 14:45:51,33.2493023,126.5162718
6520000,202465200000100406,개방화장실,법제3조제16호-영제3조제1항제2호,소암기념관,제주특별자치도 서귀포시 소암로 15,,7,4,2,3,0,0,9,2,0,서귀포공립미술관,0647603511,정시,09:00~18:00,,공공기관-지방자치단체,수거식,Y,Y,장애인화장실+남자화장실+여자화장실,Y,Y,여자화장실,,2024-07-19,I,2026-05-15 18:43:45,2024-07-22 14:45:51,33.2451236,126.5674212
6520000,202465200000100444,개방화장실,법제3조제1호,대왕수천,제주특별자치도 서귀포시 상예동 517,,1,2,0,0,0,0,3,0,0,기후환경과,0647603943,상시,,,공공기관-지방자치단체,수세식,Y,Y,남자화장실+여자화장실,N,N,,,2024-07-19,I,2026-05-15 18:43:45,2024-07-22 14:45:51,33.2547419,126.3979613
6520000,202465200000100357,개방화장실,법제3조제17호-영제3조제2항제1호,GS25중문버자야점,제주특별자치도 서귀포시 예래로 36,,1,1,0,0,0,0,1,0,0,관광진흥과,0647603943,정시,09:00~18:00,,민간,수세식,N,N,,N,N,,,2024-07-19,I,2026-05-15 18:43:45,2024-07-22 14:45:50,33.2565943,126.4018878
6520000,202465200000100397,개방화장실,법제3조제2호,감귤박물관 족욕체험장 화장실,제주특별자치도 서귀포시 효돈순환로 441,,1,1,0,0,0,0,2,0,0,관광지관리소,0647606400,정시,09:00~18:00,,공공기관-지방자치단체,수거식,Y,Y,남자화장실+여자화장실,N,N,,,2024-07-19,I,2026-05-15 18:43:45,2024-07-22 14:45:50,33.2715930,126.6074285
6520000,202465200000100364,개방화장실,법제3조제17호-영제3조제2항제1호,평지교회,제주특별자치도 서귀포시 대정읍 무영로228번길 8-8,,2,2,0,0,0,0,2,0,0,관광진흥과,0647603943,정시,09:00~18:00,,민간,수세식,N,N,,N,N,,,2024-07-19,I,2026-05-15 18:43:45,2024-07-22 14:45:50,33.2806514,126.2223888
6520000,202465200000100602,개방화장실,법제3조제16호-영제3조제1항제1호,표선면사무소,제주특별자치도 표선중앙로 74,,6,6,2,0,0,0,9,2,0,표선면,0647604463,상시,,,공공기관-지방자치단체,수세식,Y,Y,장애인화장실+남자화장실+여자화장실,N,N,,,2024-07-19,I,2026-05-15 18:43:45,2024-07-22 14:45:53,33.3266881,126.8310427
6520000,202465200000100561,개방화장실,법제3조제16호-영제3조제1항제1호,운진항 버스회차지,제주특별자치도 서귀포시 대정읍 하모리 646-20,,1,2,0,0,0,0,3,0,0,대정읍,0647604028,상시,,,공공기관-지방자치단체,수세식,Y,Y,남자화장실+여자화장실,N,N,,,2024-07-19,I,2026-05-15 18:43:45,2024-07-22 14:45:53,33.2105461,126.2576052
6520000,202465200000100503,개방화장실,법제3조제2호,서귀포자연휴양림,제주특별자치도 서귀포시 대포동 산1-8,,1,1,0,0,0,0,1,0,0,산림휴양관리소,0647603063,상시,,,공공기관-지방자치단체,수거식,Y,Y,남자화장실+여자화장실,N,N,,,2024-07-19,I,2026-05-15 18:43:45,2024-07-22 14:45:52,33.3107804,126.4597765
6520000,202465200000100407,공중화장실,법제3조제4호,매일시장주차장,제주특별자치도 서귀포시 중앙동 272-49,,2,3,0,0,0,0,5,0,0,경제일자리과,0647602634,상시,,,공공기관-지방자치단체,수거식,Y,Y,장애인화장실+남자화장실+여자화장실,N,Y,여자화장실,,2024-07-19,I,2026-05-15 18:43:45,2024-07-22 14:45:51,33.2489652,126.5642849
6520000,202465200000100326,개방화장실,법제3조제16호-영제3조제1항제6호,광명사,제주특별자치도 서귀포시 중문동 2275,,2,1,1,0,0,0,4,0,0,관광진흥과,0647603943,상시,,,공공기관-지방자치단체,수세식,Y,Y,장애인화장실+남자화장실+여자화장실,N,Y,여자화장실,,2024-07-19,I,2026-05-15 18:43:45,2024-07-22 14:45:50,33.2489173,126.4180913
6520000,202465200000100562,개방화장실,법제3조제16호-영제3조제1항제1호,남원읍사무소,제주특별자치도 남원읍 태위로 695,,7,10,0,0,0,0,17,0,0,남원읍,0647604115,정시,09:00~18:00,,공공기관-지방자치단체,수세식,Y,Y,장애인화장실+남자화장실+여자화장실,Y,Y,여자화장실,,2024-07-19,I,2026-05-15 18:43:45,2024-07-22 14:45:53,33.2798959,126.7206770
6520000,202465200000100660,개방화장실,법제3조제2호,성읍민속남문상가-1,제주특별자치도  서귀포시 표선면 성읍리 855-3(주차장),,4,5,1,0,0,1,9,1,1,세계유산본부(문화유적관리과),0647602516,정시,09:00~18:00,,공공기관-지방자치단체,수거식,Y,Y,장애인화장실+남자화장실+여자화장실,N,N,,,2024-07-19,I,2026-05-15 18:43:45,2024-07-22 14:45:54,33.3844593,126.8013848
6520000,202465200000100556,개방화장실,법제3조제2호,송악산 숲길,제주특별자치도 서귀포시  대정읍 상모리 186-4,,1,1,0,0,0,0,2,0,0,대정읍,0647604067,상시,,,공공기관-지방자치단체,수거식,Y,Y,남자화장실+여자화장실,N,N,,,2024-07-19,I,2026-05-15 18:43:45,2024-07-22 14:45:53,33.2038462,126.2879877
6520000,202465200000100607,개방화장실,법제3조제16호-영제3조제1항제7호,표선충혼묘지,제주특별자치도 성읍리 3147,,3,3,1,0,0,0,3,1,1,표선면,0647604463,상시,,,공공기관-지방자치단체,수거식,Y,Y,장애인화장실+남자화장실+여자화장실,N,N,,,2024-07-19,I,2026-05-15 18:43:45,2024-07-22 14:45:53,33.4164670,126.7616491
6520000,202465200000100443,개방화장실,법제3조제16호-영제3조제1항제6호,중문색달해수욕장(모래사장끝),제주특별자치도 중문색달해수욕장내(색달동 3304-1 인근),,1,1,0,0,0,0,1,0,0,기후환경과,0647603943,상시,,,공공기관-지방자치단체,수세식,N,N,,N,N,,,2024-07-19,I,2026-05-15 18:43:45,2024-07-22 14:45:51,,
6520000,202465200000100532,개방화장실,법제3조제16호-영제3조제1항제5호,난산보건진료소,제주특별자치도 서귀포시 성산읍 난산로 28,,0,0,0,0,0,0,2,0,0,동부보건소,0647606382,정시,09:00~18:00,,공공기관-지방자치단체,수세식,Y,N,,N,N,,,2024-07-19,I,2026-05-15 18:43:45,2024-07-22 14:45:53,33.4010459,126.8719516
6520000,202465200000100337,개방화장실,법제3조제17호-영제3조제2항제1호,다미진횟집,제주특별자치도 서귀포시 표선면 민속해안로 578-1,,1,0,0,0,0,0,0,0,0,관광진흥과,0647603943,정시,10:00~22:00,,민간,수세식,N,N,,N,N,,,2024-07-19,I,2026-05-15 18:43:45,2024-07-22 14:45:50,33.3250982,126.8440322
6520000,202465200000100508,공중화장실,법제3조제17호-영제3조제2항제1호,정방공영주차빌딩,제주특별자치도 서귀포시 서귀동 403-6,,1,1,0,0,0,0,2,0,0,교통행정과,0647603132,상시,,,공공기관-지방자치단체,수거식,Y,Y,남자화장실+여자화장실,N,Y,여자화장실,,2024-07-19,I,2026-05-15 18:43:45,2024-07-22 14:45:52,33.2477903,126.5658130
6520000,202465200000100307,개방화장실,법제3조제16호-영제3조제1항제6호,예래청소년문화의집,제주특별자치도 서귀포시 열리로 80,,2,2,0,0,0,0,2,0,0,여성가족과,0647604876,정시,09:00~20:00,,공공기관-지방자치단체,수세식,Y,Y,남자화장실+여자화장실,N,N,,,2024-07-19,I,2026-05-15 18:43:45,2024-07-22 14:45:50,33.2470279,126.3902620
6520000,202465200000100594,개방화장실,법제3조제17호-영제3조제2항제1호,화순금모래,제주특별자치도 안덕면 화순해안로 69,,3,3,0,0,0,0,8,0,0,안덕면,0647604363,상시,,,공공기관-지방자치단체,수세식,Y,Y,남자화장실+여자화장실,N,N,,,2024-07-19,I,2026-05-15 18:43:45,2024-07-22 14:45:53,33.2408567,126.3339459
6520000,202465200000100381,개방화장실,법제3조제16호-영제3조제1항제4호,표선도서관,제주특별자치도 표선면 표선백사로110번길17-10,,5,6,1,0,0,2,6,1,0,도서관운영사무소,0647603754,정시,08:00~22:00,,공공기관-지방자치단체,수세식,Y,N,,N,Y,여자화장실,,2024-07-19,I,2026-05-15 18:43:45,2024-07-22 14:45:50,33.3237751,126.8384960
6520000,202465200000100469,개방화장실,법제3조제5호,강정1호공원 공중화장실,제주특별자치도 서귀포시 강정동 201,,3,3,1,0,0,0,6,1,0,공원녹지과,0647603193,상시,,,공공기관-지방자치단체,수세식,Y,Y,장애인화장실+남자화장실+여자화장실,Y,Y,여자화장실,,2024-07-19,I,2026-05-15 18:43:45,2024-07-22 14:45:52,33.2537149,126.5042567
6520000,202465200000100313,개방화장실,법제3조제16호-영제3조제1항제2호,서복전시관-주차장,제주특별자치도 서귀포시 칠십리로 156-13,,2,2,0,0,0,0,2,0,0,문화예술과,0647606361,상시,,,공공기관-지방자치단체,수거식,Y,N,,Y,N,,,2024-07-19,I,2026-05-15 18:43:45,2024-07-22 14:45:50,33.2452405,126.5712127
6520000,202465200000100518,개방화장실,법제3조제16호-영제3조제1항제5호,표선보건지소,제주특별자치도 서귀포시 표선면 표선중앙로 17,,6,6,2,0,0,0,6,1,0,동부보건소,0647606165,정시,09:00~18:00,,공공기관-지방자치단체,수세식,Y,N,,N,Y,여자화장실,,2024-07-19,I,2026-05-15 18:43:45,2024-07-22 14:45:52,33.3311299,126.8302633
6520000,202465200000100613,개방화장실,법제3조제16호-영제3조제1항제5호,표선면 복지관,제주특별자치도 표선중앙로 21,,4,3,0,0,0,0,4,0,0,표선면,0647604463,정시,09:00~18:00,,공공기관-지방자치단체,수세식,Y,Y,남자화장실+여자화장실,N,N,,,2024-07-19,I,2026-05-15 18:43:45,2024-07-22 14:45:54,33.3309101,126.8305172
6520000,202465200000100329,개방화장실,법제3조제17호-영제3조제2항제1호,목화휴게소,제주특별자치도 서귀포시 성산읍 해맞이해안로 2526,,0,1,0,0,0,0,0,0,0,관광진흥과,0647603943,정시,11:00~18:00,,민간,수세식,N,N,,N,N,,,2024-07-19,I,2026-05-15 18:43:45,2024-07-22 14:45:50,33.4817819,126.9016797
6520000,202465200000100284,개방화장실,법제3조제16호-영제3조제1항제1호,서귀포시청 제1청사 별관,제주특별자치도 서귀포시 중앙로 105(서홍동),,12,6,6,6,0,0,24,6,0,총무과,0647602052,정시,09:00~18:00,,공공기관-지방자치단체,수세식,Y,N,,N,Y,여자화장실,,2024-07-19,I,2026-05-15 18:43:45,2024-07-22 14:45:49,33.2539547,126.5595883
6520000,202465200000100464,개방화장실,법제3조제5호,설문대공원 공중화장실,제주특별자치도 서귀포시 서호동 1598,,3,3,1,0,0,0,7,1,0,공원녹지과,0647603193,상시,,,공공기관-지방자치단체,수세식,Y,Y,장애인화장실+남자화장실+여자화장실,N,N,,,2024-07-19,I,2026-05-15 18:43:45,2024-07-22 14:45:51,33.2593736,126.5166596
6520000,202465200000100431,개방화장실,법제3조제17호-영제3조제2항제1호,삼주상가(1동 식육점),제주특별자치도 서귀포시 김정문화로 66,,0,3,0,0,0,0,0,0,0,기후환경과,0647606535,상시,,,민간,수세식,Y,Y,남자화장실+여자화장실,N,N,,,2024-07-19,I,2026-05-15 18:43:45,2024-07-22 14:45:51,33.2505762,126.5118241
6520000,202465200000100511,공중화장실,법제3조제17호-영제3조제2항제1호,쇠소깍 공영,제주특별자치도 서귀포시 하효동 990-1,,2,8,0,0,0,0,8,0,0,교통행정과,0647603132,상시,,,공공기관-지방자치단체,수세식,Y,Y,장애인화장실+남자화장실+여자화장실,N,N,,,2024-07-19,I,2026-05-15 18:43:45,2024-07-22 14:45:52,33.2540927,126.6222972
6520000,202465200000100315,개방화장실,법제3조제16호-영제3조제1항제6호,1코스 안내소,제주특별자치도 서귀포시 성산읍 시흥리 2665-1,,2,2,1,0,0,0,4,0,0,관광진흥과,0647603943,상시,,,공공기관-지방자치단체,수세식,Y,Y,남자화장실+여자화장실,N,Y,여자화장실,,2024-07-19,I,2026-05-15 18:43:45,2024-07-22 14:45:50,33.4746441,126.8859813
6520000,202465200000100578,개방화장실,법제3조제4호,고성오일시장,제주특별자치도 서귀포시 성산읍 고성오조로 93,,2,3,1,0,0,0,5,1,0,성산읍,0647604281,정시,06:00~16:00,,공공기관-지방자치단체,수거식,Y,Y,장애인화장실+남자화장실+여자화장실,N,N,,,2024-07-19,I,2026-05-15 18:43:45,2024-07-22 14:45:53,33.4518623,126.9128147
6520000,202465200000100435,개방화장실,법제3조제17호-영제3조제2항제1호,의귀교회,제주특별자치도 서귀포시 남원읍 남조로381번길 7,,2,2,0,0,0,0,3,0,0,기후환경과,0647606535,상시,,,민간,수세식,N,N,,N,N,,,2024-07-19,I,2026-05-15 18:43:45,2024-07-22 14:45:51,33.3118816,126.7136135
6520000,202465200000100488,개방화장실,법제3조제2호,치유의 숲 주차장 화장실,제주특별자치도 서귀포시 산록남로 2271,,4,3,0,0,0,0,7,0,0,산림휴양관리소,0647603773,정시,08:00~18:00,,공공기관-지방자치단체,수거식,Y,Y,장애인화장실+남자화장실+여자화장실,N,Y,여자화장실,,2024-07-19,I,2026-05-15 18:43:45,2024-07-22 14:45:52,33.2919386,126.5279023
6520000,202465200000100290,개방화장실,법제3조제16호-영제3조제1항제5호,동부종합사회복지관,제주특별자치도 성산읍 일출로 14-11,,6,7,1,0,0,0,9,1,0,주민복지과,0647602524,정시,09:00~18:00,,공공기관-지방자치단체,수세식,Y,Y,장애인화장실+남자화장실+여자화장실,Y,N,,,2024-07-19,I,2026-05-15 18:43:45,2024-07-22 14:45:49,33.4466837,126.9132007
6520000,202465200000100524,개방화장실,법제3조제16호-영제3조제1항제5호,토산보건진료소,제주특별자치도 서귀포시 표선면 중산간동로 5561,,0,0,0,0,0,0,1,0,0,동부보건소,0647606375,정시,09:00~18:00,,공공기관-지방자치단체,수세식,Y,N,,N,N,,,2024-07-19,I,2026-05-15 18:43:45,2024-07-22 14:45:53,33.3262355,126.7670172
6520000,202465200000100667,개방화장실,법제3조제1호,성판악 진달래밭 화장실,제주특별자치도 서귀포시 남원읍 하례리 산1-7,,6,6,0,0,0,0,11,0,0,세계유산본부(한라산국립공원관리소),0647107826,상시,,,공공기관-지방자치단체,수세식,Y,Y,남자화장실+여자화장실,N,N,,,2024-07-19,I,2026-05-15 18:43:45,2024-07-22 14:45:54,33.3593454,126.5706142
6520000,202465200000100376,개방화장실,법제3조제13호,국민체육센터,제주특별자치도 서귀포시 중문관광로 346 (중문동),,14,18,0,0,0,0,15,0,0,체육진흥과,0647393623,정시,06:00~22:00,,공공기관-지방자치단체,수거식,Y,Y,장애인화장실+남자화장실+여자화장실,N,N,,,2024-07-19,I,2026-05-15 18:43:45,2024-07-22 14:45:50,33.2509475,126.4321520
6520000,202465200000100298,개방화장실,법제3조제16호-영제3조제1항제2호,신산청소년문화의집,제주특별자치도 서귀포시 성산읍 일주동로 5101-1,,5,5,0,0,0,0,8,0,0,여성가족과,0647604298,정시,09:00~20:00,,공공기관-지방자치단체,수세식,Y,Y,장애인화장실+남자화장실+여자화장실,N,N,,,2024-07-19,I,2026-05-15 18:43:45,2024-07-22 14:45:49,33.3812644,126.8772913
6520000,202465200000100408,공중화장실,법제3조제4호,매일시장주차장,제주특별자치도 서귀포시 중앙동 277-1,,3,4,0,0,0,0,7,0,0,경제일자리과,0647602634,상시,,,공공기관-지방자치단체,수거식,Y,Y,장애인화장실+남자화장실+여자화장실,Y,N,,,2024-07-19,I,2026-05-15 18:43:45,2024-07-22 14:45:51,33.2501694,126.5634110
6520000,202465200000100566,개방화장실,법제3조제1호,남원해안경승지(큰엉),제주특별자치도 태위로 522-17,,2,5,0,0,0,0,7,0,0,남원읍,0647604183,상시,,,공공기관-지방자치단체,수세식,Y,Y,장애인화장실+남자화장실+여자화장실,N,Y,여자화장실,,2024-07-19,I,2026-05-15 18:43:45,2024-07-22 14:45:53,33.2733498,126.7037120
6520000,202465200000100581,개방화장실,법제3조제16호-영제3조제1항제8호,성산읍납골당(공설묘지),제주특별자치도 서귀포시 성산읍 금백조로 548,,5,7,1,1,0,0,9,1,0,성산읍,0647604207,정시,09:00~18:00,,공공기관-지방자치단체,수거식,Y,Y,장애인화장실+남자화장실+여자화장실,N,N,,,2024-07-19,I,2026-05-15 18:43:45,2024-07-22 14:45:53,33.4348572,126.8168561
6520000,202465200000100604,개방화장실,법제3조제13호,표선생활체육관(실내),제주특별자치도 한마음초등로 399,,4,3,0,0,0,0,6,0,0,표선면,0647604463,정시,09:00~18:00,,공공기관-지방자치단체,수거식,Y,Y,장애인화장실+남자화장실+여자화장실,N,N,,,2024-07-19,I,2026-05-15 18:43:45,2024-07-22 14:45:53,33.3545660,126.8138660
6520000,202465200000100481,개방화장실,법제3조제5호,태평공원 공중화장실,제주특별자치도 서귀포시 동홍동 402-4,,1,2,1,0,0,0,2,1,0,공원녹지과,0647603193,상시,,,공공기관-지방자치단체,수세식,Y,Y,장애인화장실+남자화장실+여자화장실,N,N,,,2024-07-19,I,2026-05-15 18:43:45,2024-07-22 14:45:52,33.2505530,126.5703218
6520000,202465200000100485,개방화장실,법제3조제2호,치유의 숲 방문자센터,제주특별자치도 서귀포시 산록남로 2271,,2,4,0,0,0,0,6,0,0,산림휴양관리소,0647603773,정시,08:00~18:00,,공공기관-지방자치단체,수거식,Y,Y,장애인화장실+남자화장실+여자화장실,N,Y,여자화장실,,2024-07-19,I,2026-05-15 18:43:45,2024-07-22 14:45:52,33.2919386,126.5279023
6520000,202465200000100283,개방화장실,법제3조제16호-영제3조제1항제1호,서귀포시청 제1청사 본관,제주특별자치도 서귀포시 중앙로 105(서홍동),,28,32,1,0,0,0,32,0,0,총무과,0647602052,정시,09:00~18:00,,공공기관-지방자치단체,수세식,Y,N,,N,Y,여자화장실,,2024-07-19,I,2026-05-15 18:43:45,2024-07-22 14:45:49,33.2539547,126.5595883
6520000,202465200000100672,개방화장실,법제3조제16호-영제3조제1항제4호,농산물가공교육장,제주특별자치도 중산간동로 7413,,4,8,0,0,0,0,4,0,0,농업기술원(서귀포농업기술센터),0647607815,정시,09:00~18:00,,공공기관-지방자치단체,수세식,Y,Y,남자화장실+여자화장실,N,N,,,2024-07-19,I,2026-05-15 18:43:45,2024-07-22 14:45:54,33.2879719,126.6077967
6520000,202465200000100375,개방화장실,법제3조제13호,중문단지축구장,제주특별자치도 서귀포시 이어도로 120-73,,2,5,0,0,0,0,2,0,0,체육진흥과,0647383644,정시,09:00~18:00,,공공기관-지방자치단체,수거식,Y,Y,장애인화장실+남자화장실+여자화장실,N,N,,,2024-07-19,I,2026-05-15 18:43:45,2024-07-22 14:45:50,,
6520000,202465200000100661,개방화장실,법제3조제2호,성읍민속남문상가-2,제주특별자치도  서귀포시 표선면 성읍리 875,,2,6,1,0,0,0,5,1,0,세계유산본부(문화유적관리과),0647602512,정시,09:00~18:00,,공공기관-지방자치단체,수거식,Y,Y,장애인화장실+남자화장실+여자화장실,N,N,,,2024-07-19,I,2026-05-15 18:43:45,2024-07-22 14:45:54,33.3871555,126.8015725
6520000,202465200000100646,개방화장실,법제3조제16호-영제3조제1항제1호,예래동주민센터,제주특별자치도 서귀포시 예래로82,,1,2,0,0,0,0,2,0,0,예래동,0647604852,상시,,,공공기관-지방자치단체,수거식,Y,Y,장애인화장실+남자화장실+여자화장실,N,N,,,2024-07-19,I,2026-05-15 18:43:45,2024-07-22 14:45:54,33.2542810,126.3978699
6520000,202465200000100322,개방화장실,법제3조제16호-영제3조제1항제6호,소라의성,제주특별자치도 서귀포시 칠십리로 214번길 17-17,,1,1,0,0,0,0,2,0,0,관광진흥과,0647602654,상시,,,공공기관-지방자치단체,수거식,Y,Y,남자화장실+여자화장실,N,N,,,2024-07-19,I,2026-05-15 18:43:45,2024-07-22 14:45:50,33.2451792,126.5769551
6520000,202465200000100338,개방화장실,법제3조제17호-영제3조제2항제1호,와하하게스트하우스,제주특별자치도 서귀포시 표선면 민속해안로 317,,2,2,0,0,0,0,0,0,0,관광진흥과,0647603943,정시,09:00~18:00,,민간,수세식,N,N,,N,N,,,2024-07-19,I,2026-05-15 18:43:45,2024-07-22 14:45:50,33.3101080,126.8308250
6520000,202465200000100363,개방화장실,법제3조제17호-영제3조제2항제1호,옵데강편의음식점,제주특별자치도 서귀포시 대정읍 중산간서로 2863,,1,2,0,0,0,0,2,0,0,관광진흥과,0647603943,상시,,,민간,수세식,N,N,,N,N,,,2024-07-19,I,2026-05-15 18:43:45,2024-07-22 14:45:50,33.2743807,126.2357120
6520000,202465200000100525,개방화장실,법제3조제16호-영제3조제1항제5호,세화보건진료소,제주특별자치도 서귀포시 표선면 세성로 302-1,,0,0,0,0,0,0,1,0,0,동부보건소,0647606376,정시,09:00~18:00,,공공기관-지방자치단체,수세식,Y,N,,N,N,,,2024-07-19,I,2026-05-15 18:43:45,2024-07-22 14:45:53,33.3317880,126.7982581
6520000,202465200000100356,개방화장실,법제3조제17호-영제3조제2항제1호,대포 해송횟집,제주특별자치도 서귀포시 이어도로 200-7(대포동),,1,2,0,0,0,0,1,0,0,관광진흥과,0647603943,정시,11:00~18:00,,민간,수세식,N,N,,N,N,,,2024-07-19,I,2026-05-15 18:43:45,2024-07-22 14:45:50,33.2390286,126.4427311
6520000,202465200000100516,개방화장실,법제3조제17호-영제3조제2항제1호,혁신도시건강생활지원센터,제주특별자치도 서귀포시 법환동 1666-6,,0,0,2,2,0,0,4,2,0,보건행정과,0647606014,정시,09:00~18:00,,공공기관-지방자치단체,수세식,Y,N,,N,N,,,2024-07-19,I,2026-05-15 18:43:45,2024-07-22 14:45:52,33.2498652,126.5134065
6520000,202465200000100400,개방화장실,법제3조제2호,용머리주차장화장실,제주특별자치도 서귀포시 사계남로 216번길 24-8,,5,8,1,0,0,0,6,0,0,관광지관리소,0647606324,정시,09:00~18:00,,공공기관-지방자치단체,수세식,Y,Y,장애인화장실+남자화장실+여자화장실,N,Y,여자화장실,,2024-07-19,I,2026-05-15 18:43:45,2024-07-22 14:45:51,33.2335289,126.3113633
6520000,202465200000100507,공중화장실,법제3조제17호-영제3조제2항제1호,중앙로터리공영주차빌딩,제주특별자치도 서귀포시 서귀동 298-2,,3,2,1,0,0,0,2,1,0,교통행정과,0647603132,상시,,,공공기관-지방자치단체,수세식,Y,Y,장애인화장실+남자화장실+여자화장실,N,Y,여자화장실,,2024-07-19,I,2026-05-15 18:43:45,2024-07-22 14:45:52,33.2516949,126.5605121
6520000,202465200000100411,공중화장실,법제3조제4호,서귀포오일시장-3,제주특별자치도 서귀포시 토평서로11번길 150 (동홍동),,2,2,0,0,0,0,3,0,0,경제일자리과,0647602634,상시,,,공공기관-지방자치단체,수거식,Y,Y,남자화장실+여자화장실,N,N,,,2024-07-19,I,2026-05-15 18:43:45,2024-07-22 14:45:51,33.2665213,126.5732903
6520000,202465200000100353,개방화장실,법제3조제17호-영제3조제2항제1호,서호새마을금고,제주특별자치도 서귀포시 서호로 33(서호동),,0,2,0,0,0,0,0,0,0,관광진흥과,0647603943,상시,,,민간,수세식,N,N,,N,N,,,2024-07-19,I,2026-05-15 18:43:45,2024-07-22 14:45:50,33.2569985,126.5227508
6520000,202465200000100624,개방화장실,법제3조제2호,쇠소깍 공영주차장 화장실,제주특별자치도 서귀포시 하효동 990-1,,2,8,0,0,0,0,8,0,0,효돈동,0647604642,상시,,,공공기관-지방자치단체,수거식,Y,Y,장애인화장실+남자화장실+여자화장실,N,N,,,2024-07-19,I,2026-05-15 18:43:45,2024-07-22 14:45:54,33.2540927,126.6222972
6520000,202465200000100480,개방화장실,법제3조제5호,삼매봉공원 공중화장실(2),제주특별자치도 서귀포시 서홍동 780-1,,1,2,0,0,0,0,3,0,0,공원녹지과,0647603193,상시,,,공공기관-지방자치단체,수거식,Y,Y,남자화장실+여자화장실,N,N,,,2024-07-19,I,2026-05-15 18:43:45,2024-07-22 14:45:52,33.2415415,126.5477974
6520000,202465200000100421,개방화장실,법제3조제17호-영제3조제2항제1호,보목동어촌계,제주특별자치도 서귀포시 보목동 566-3,,2,3,0,0,0,0,3,0,0,기후환경과,0647606535,상시,,,민간,수거식,Y,Y,남자화장실+여자화장실,N,N,,,2024-07-19,I,2026-05-15 18:43:45,2024-07-22 14:45:51,33.2396462,126.6079243
6520000,202465200000100300,개방화장실,법제3조제16호-영제3조제1항제1호,안덕청소년문화의집,제주특별자치도 서귀포시 안덕면 화순로56번길 20,,4,6,2,0,0,0,6,2,0,여성가족과,0647604393,정시,09:00~20:00,,공공기관-지방자치단체,수세식,Y,Y,장애인화장실+남자화장실+여자화장실,N,Y,여자화장실,,2024-07-19,I,2026-05-15 18:43:45,2024-07-22 14:45:49,33.2496069,126.3370700
6520000,202465200000100542,개방화장실,법제3조제16호-영제3조제1항제2호,사계보건진료소,제주특별자치도 서귀포시 안덕면 산방로349,,0,0,0,0,0,0,1,0,0,서부보건소,0647606390,정시,09:00~18:00,,공공기관-지방자치단체,수세식,Y,N,,N,N,,,2024-07-19,I,2026-05-15 18:43:45,2024-07-22 14:45:53,33.2320282,126.2994392
6520000,202465200000100441,개방화장실,법제3조제1호,선궷네,제주특별자치도 서귀포시 대포동 1213,,1,1,0,0,0,0,1,0,0,기후환경과,0647603943,상시,,,공공기관-지방자치단체,수세식,Y,Y,남자화장실+여자화장실,N,N,,,2024-07-19,I,2026-05-15 18:43:45,2024-07-22 14:45:51,33.2429393,126.4474282
6520000,202465200000100504,개방화장실,법제3조제5호,강정체육공원 공중화장실,제주특별자치도 서귀포시 강정동 2661,,2,2,1,1,0,0,4,1,0,안전총괄과,0647604805,상시,,,공공기관-지방자치단체,수세식,Y,N,,N,Y,여자화장실,,2024-07-19,I,2026-05-15 18:43:45,2024-07-22 14:45:52,33.2346582,126.4871768
6520000,202465200000100383,개방화장실,법제3조제16호-영제3조제1항제4호,동부도서관,제주특별자치도 서귀포시 일주동로 8232(신효동),,4,6,0,0,0,0,6,0,0,도서관운영사무소,0647603694,정시,09:00~22:00,,공공기관-지방자치단체,수거식,Y,N,,N,N,,,2024-07-19,I,2026-05-15 18:43:45,2024-07-22 14:45:50,33.2617578,126.6083181
6520000,202465200000100673,개방화장실,법제3조제16호-영제3조제1항제4호,서귀포농업기술센터 청사,제주특별자치도 중산간동로 7415,,9,12,1,0,0,0,21,1,0,농업기술원(서귀포농업기술센터),0647607815,정시,09:00~18:00,,공공기관-지방자치단체,수세식,Y,Y,장애인화장실+남자화장실+여자화장실,N,N,,,2024-07-19,I,2026-05-15 18:43:45,2024-07-22 14:45:54,33.2874511,126.6079174
6520000,202465200000100470,개방화장실,법제3조제5호,토평공원 공중화장실,제주특별자치도 서귀포시 토평동 3237-1,,2,3,0,0,0,0,3,0,0,공원녹지과,0647603193,상시,,,공공기관-지방자치단체,수거식,Y,Y,장애인화장실+남자화장실+여자화장실,N,N,,,2024-07-19,I,2026-05-15 18:43:45,2024-07-22 14:45:52,,
6520000,202465200000100635,개방화장실,법제3조제17호-영제3조제2항제1호,버스회차지 공중화장실,제주특별자치도 상효동 1122-6,,1,1,1,0,0,0,1,1,0,영천동,0647604655,상시,,,공공기관-지방자치단체,수거식,Y,Y,남자화장실+여자화장실,N,Y,여자화장실,,2024-07-19,I,2026-05-15 18:43:45,2024-07-22 14:45:54,33.2996513,126.6009224
6520000,202465200000100403,개방화장실,법제3조제16호-영제3조제1항제2호,창작스튜디오,제주특별자치도 서귀포시 이중섭로 33,,2,2,0,0,0,1,6,1,1,서귀포공립미술관,0647603593,정시,09:00~18:00,,공공기관-지방자치단체,수거식,Y,N,,Y,Y,여자화장실,,2024-07-19,I,2026-05-15 18:43:45,2024-07-22 14:45:51,33.2451593,126.5644705
6520000,202465200000100324,개방화장실,법제3조제16호-영제3조제1항제6호,월평아왜낭목,제주특별자치도 서귀포시 월평동 513-1,,1,1,1,0,0,0,2,0,0,관광진흥과,0647603943,상시,,,공공기관-지방자치단체,수거식,Y,Y,장애인화장실+남자화장실+여자화장실,N,N,,,2024-07-19,I,2026-05-15 18:43:45,2024-07-22 14:45:50,33.2433872,126.4591197
6520000,202465200000100582,개방화장실,법제3조제17호-영제3조제2항제1호,오조 한도교,제주특별자치도 서귀포시 성산읍 오조리 2-4,,1,1,0,0,0,0,2,0,0,성산읍,0647604262,상시,,,공공기관-지방자치단체,수거식,Y,Y,남자화장실+여자화장실,N,N,,,2024-07-19,I,2026-05-15 18:43:45,2024-07-22 14:45:53,33.4690248,126.9233716
6520000,202465200000100427,개방화장실,법제3조제17호-영제3조제2항제1호,삼주상가(1동 식육점),제주특별자치도 서귀포시 법환동 749,,0,2,0,0,0,0,0,0,0,기후환경과,0647606535,상시,,,민간,수세식,Y,Y,여자화장실,N,N,,,2024-07-19,I,2026-05-15 18:43:45,2024-07-22 14:45:51,33.2502360,126.5114766
6520000,202465200000100296,개방화장실,법제3조제16호-영제3조제1항제6호,중문청소년문화의집,제주특별자치도 서귀포시 천제연로185번길 11-1,,6,3,3,0,0,0,9,3,0,여성가족과,0647604871,정시,09:00~20:00,,공공기관-지방자치단체,수세식,Y,Y,장애인화장실+남자화장실+여자화장실,N,Y,여자화장실,,2024-07-19,I,2026-05-15 18:43:45,2024-07-22 14:45:49,33.2530811,126.4243919
6520000,202465200000100442,개방화장실,법제3조제16호-영제3조제1항제6호,중문색달해수욕장(신라호텔밑),제주특별자치도 중문색달해수욕장내(색달동 3304-1 인근),,1,1,0,0,0,0,1,0,0,기후환경과,0647603943,상시,,,공공기관-지방자치단체,수세식,N,N,,N,N,,,2024-07-19,I,2026-05-15 18:43:45,2024-07-22 14:45:51,,
6520000,202465200000100650,개방화장실,법제3조제17호-영제3조제2항제1호,IUCN 약속의 숲,제주특별자치도 서귀포시 안덕면 동광리 795-1,,1,2,0,0,0,0,3,0,0,환경정책과,0647102854,정시,09:00~18:00,,공공기관-지방자치단체,수거식,Y,Y,남자화장실+여자화장실,N,Y,여자화장실,,2024-07-19,I,2026-05-15 18:43:45,2024-07-22 14:45:54,33.3078760,126.3437996
6520000,202465200000100355,개방화장실,법제3조제17호-영제3조제2항제1호,봉림사,제주특별자치도 서귀포시 태평로205번길 87(호근동),,0,2,0,0,0,0,0,0,0,관광진흥과,0647603943,상시,,,민간,수세식,N,N,,N,N,,,2024-07-19,I,2026-05-15 18:43:45,2024-07-22 14:45:50,33.2509992,126.5394617
6520000,202465200000100592,개방화장실,법제3조제16호-영제3조제1항제1호,안덕체육관(야외),제주특별자치도 안덕면 화순서서로 59,,3,5,0,0,0,0,5,0,0,안덕면,0647604312,정시,09:00~18:00,,공공기관-지방자치단체,수세식,Y,Y,장애인화장실+남자화장실+여자화장실,N,N,,,2024-07-19,I,2026-05-15 18:43:45,2024-07-22 14:45:53,33.2549408,126.3285704
6520000,202465200000100614,개방화장실,법제3조제16호-영제3조제1항제5호,표선면 다목적회관,제주특별자치도 표선동서로193번길 8-1,,6,6,0,0,0,0,6,0,0,표선면,0647604463,정시,09:00~18:00,,공공기관-지방자치단체,수세식,Y,Y,장애인화장실+남자화장실+여자화장실,N,N,,,2024-07-19,I,2026-05-15 18:43:45,2024-07-22 14:45:54,33.3222723,126.8298818
6520000,202465200000100349,개방화장실,법제3조제17호-영제3조제2항제1호,켄싱턴리조트(야외주점),제주특별자치도 서귀포시 이어도로 684(강정동),,1,1,0,0,0,0,3,0,0,관광진흥과,0647603943,상시,,,민간,수세식,N,N,,N,N,,,2024-07-19,I,2026-05-15 18:43:45,2024-07-22 14:45:50,33.2336795,126.4890404
6520000,202465200000100571,개방화장실,법제3조제16호-영제3조제1항제2호,남원읍다목적회관(센터),제주특별자치도 남원읍 태위로723번길3,,2,3,0,0,0,0,4,0,0,남원읍,0647604115,정시,09:00~16:00,,공공기관-지방자치단체,수세식,Y,Y,남자화장실+여자화장실,N,N,,,2024-07-19,I,2026-05-15 18:43:45,2024-07-22 14:45:53,33.2806997,126.7231579
6520000,202465200000100467,개방화장실,법제3조제5호,삼다체육공원 공중화장실,제주특별자치도 서귀포시 서호동 1602,,4,4,1,0,0,0,9,1,0,공원녹지과,0647603193,상시,,,공공기관-지방자치단체,수세식,Y,Y,장애인화장실+남자화장실+여자화장실,N,N,,,2024-07-19,I,2026-05-15 18:43:45,2024-07-22 14:45:51,33.2518565,126.5166546
6520000,202465200000100628,개방화장실,법제3조제2호,돈내코휴게소화장실,제주특별자치도 서귀포시 돈내코로 120,,2,2,0,0,0,0,3,0,0,영천동,0647604655,상시,,,공공기관-지방자치단체,수거식,Y,Y,남자화장실+여자화장실,N,N,,,2024-07-19,I,2026-05-15 18:43:45,2024-07-22 14:45:54,33.3001330,126.5844380
6520000,202465200000100323,개방화장실,법제3조제16호-영제3조제1항제6호,돔베낭골,제주특별자치도 서귀포시 태평로 92번길 49,,2,2,1,0,1,0,4,1,1,관광진흥과,0647603943,상시,,,공공기관-지방자치단체,수세식,Y,Y,남자화장실+여자화장실,N,N,,,2024-07-19,I,2026-05-15 18:43:45,2024-07-22 14:45:50,33.2401695,126.5318428
6520000,202465200000100531,개방화장실,법제3조제16호-영제3조제1항제5호,온평보건진료소,제주특별자치도 서귀포시 성산읍 온평애향로23번길 6,,1,1,0,0,0,0,1,0,0,동부보건소,0647606395,정시,09:00~18:00,,공공기관-지방자치단체,수세식,Y,N,,N,Y,여자화장실,,2024-07-19,I,2026-05-15 18:43:45,2024-07-22 14:45:53,33.4081225,126.9001736
6520000,202465200000100389,개방화장실,법제3조제2호,천지연산책로(폭포안),제주특별자치도 서귀포시 천지동 808-1,,3,2,0,0,0,0,3,0,0,관광지관리소,0647606308,정시,09:00~22:00,,공공기관-지방자치단체,수거식,Y,Y,남자화장실+여자화장실,N,N,,,2024-07-19,I,2026-05-15 18:43:45,2024-07-22 14:45:50,33.2463883,126.5559057
6520000,202465200000100512,공중화장실,법제3조제17호-영제3조제2항제3호,동홍1공영주차빌딩,제주특별자치도 서귀포시 동홍동 395-2,,2,3,1,0,0,0,4,1,0,교통행정과,0647603133,상시,,,공공기관-지방자치단체,수세식,Y,N,,Y,Y,여자화장실,,2024-07-19,I,2026-05-15 18:43:45,2024-07-22 14:45:52,33.2504047,126.5688327
6520000,202465200000100662,개방화장실,법제3조제2호,한란전시관,제주특별자치도 서귀포시 돈내코로67번길 19(상효동),,8,10,1,0,0,0,10,1,0,세계유산본부(자연문화재과),0647603524,정시,09:00~18:00,,공공기관-지방자치단체,수거식,Y,Y,장애인화장실+남자화장실+여자화장실,N,N,,,2024-07-19,I,2026-05-15 18:43:45,2024-07-22 14:45:54,33.2963884,126.5905309
6520000,202465200000100559,개방화장실,법제3조제13호,하모체육공원,제주특별자치도 서귀포시  대정읍 하모리 2139,,2,2,0,0,0,0,4,0,0,대정읍,0647604016,상시,,,공공기관-지방자치단체,수세식,Y,Y,남자화장실+여자화장실,N,Y,여자화장실,,2024-07-19,I,2026-05-15 18:43:45,2024-07-22 14:45:53,33.2190249,126.2523882
6520000,202465200000100348,개방화장실,법제3조제17호-영제3조제2항제1호,멧돌뚝배기,제주특별자치도 서귀포시 송산동 70,,1,1,0,0,0,0,1,0,0,관광진흥과,0647603943,정시,08:00~20:00,,민간,수세식,N,N,,N,N,,,2024-07-19,I,2026-05-15 18:43:45,2024-07-22 14:45:50,33.2518549,126.6053707
6520000,202465200000100540,개방화장실,법제3조제16호-영제3조제1항제2호,무릉보건진료소,제주특별자치도 서귀포시 대정읍 중산간서로 2877,,0,0,0,0,0,0,1,0,0,서부보건소,0647606388,정시,09:00~18:00,,공공기관-지방자치단체,수세식,Y,N,,N,N,,,2024-07-19,I,2026-05-15 18:43:45,2024-07-22 14:45:53,33.2743692,126.2342074
6520000,202465200000100534,개방화장실,법제3조제16호-영제3조제1항제2호,서부보건소,제주특별자치도 서귀포시 대정읍 최남단해안로15번길 12,,5,6,1,0,0,0,9,1,0,서부보건소,0647606204,정시,09:00~18:00,,공공기관-지방자치단체,수세식,Y,N,장애인화장실,N,Y,여자화장실,,2024-07-19,I,2026-05-15 18:43:45,2024-07-22 14:45:53,33.2186719,126.2532449
6520000,202465200000100345,개방화장실,법제3조제17호-영제3조제2항제1호,태흥2리 축구장,제주특별자치도 서귀포시 남태해안로 502,,1,1,0,0,0,0,1,0,0,관광진흥과,0647603943,상시,,,민간,수세식,N,N,,N,N,,,2024-07-19,I,2026-05-15 18:43:45,2024-07-22 14:45:50,33.2867852,126.7496145
6520000,202465200000100420,개방화장실,법제3조제17호-영제3조제2항제1호,서귀어촌계,제주특별자치도 서귀포시 서귀동 673-5,,0,2,0,0,0,0,0,0,0,기후환경과,0647606535,상시,,,민간,수거식,Y,Y,여자화장실,N,N,,,2024-07-19,I,2026-05-15 18:43:45,2024-07-22 14:45:51,33.2400352,126.5619572
6520000,202465200000100366,개방화장실,법제3조제13호,공천포전지훈련센터(실외),제주특별자치도 서귀포시 신례로 96,,14,19,0,0,0,0,31,0,0,체육진흥과,0647603665,상시,,,공공기관-지방자치단체,수거식,Y,Y,남자화장실+여자화장실,N,N,,,2024-07-19,I,2026-05-15 18:43:45,2024-07-22 14:45:50,33.2768320,126.6409232
6520000,202465200000100285,개방화장실,법제3조제16호-영제3조제1항제1호,서귀포시청 제2청사 본관,제주특별자치도 서귀포시 신중로 55(법환동),,7,9,2,1,0,0,7,0,1,총무과,0647602822,정시,09:00~18:00,,공공기관-지방자치단체,수세식,Y,N,,N,N,,,2024-07-19,I,2026-05-15 18:43:45,2024-07-22 14:45:49,33.2555818,126.5105274
6520000,202465200000100457,개방화장실,법제3조제1호,군산,제주특별자치도 서귀포시 상예동 산 4,,1,1,0,0,0,0,2,0,0,기후환경과,0647606535,상시,,,공공기관-지방자치단체,수거식,N,N,,N,N,,,2024-07-19,I,2026-05-15 18:43:45,2024-07-22 14:45:51,33.2538749,126.3752655
6520000,202465200000100468,개방화장실,법제3조제5호,감귤길공원 공중화장실,제주특별자치도 서귀포시 서호동 1599,,3,3,1,0,0,0,7,1,0,공원녹지과,0647603193,상시,,,공공기관-지방자치단체,수세식,Y,Y,장애인화장실+남자화장실+여자화장실,N,N,,,2024-07-19,I,2026-05-15 18:43:45,2024-07-22 14:45:51,33.2566356,126.5170867
6520000,202465200000100371,개방화장실,법제3조제13호,제주월드컵경기장(1층),제주특별자치도 서귀포시 월드컵로33,,11,14,0,0,0,0,12,0,0,체육진흥과,0647603582,상시,,,공공기관-지방자치단체,수거식,Y,Y,남자화장실+여자화장실,N,Y,여자화장실,,2024-07-19,I,2026-05-15 18:43:45,2024-07-22 14:45:50,33.2462194,126.5092753
6520000,202465200000100633,개방화장실,법제3조제16호-영제3조제1항제1호,영천동주민센터화장실,제주특별자치도 서귀포시 토평로 15,,1,1,0,0,0,0,2,0,0,영천동,0647604655,상시,,,공공기관-지방자치단체,수거식,Y,Y,남자화장실+여자화장실,N,Y,여자화장실,,2024-07-19,I,2026-05-15 18:43:45,2024-07-22 14:45:54,33.2687603,126.5866437
6520000,202465200000100664,개방화장실,법제3조제2호,성산일출봉,제주특별자치도  서귀포시 성산읍 성산리 102-1,,6,13,0,0,0,0,14,0,0,세계유산본부(자연문화재과),0647107922,정시,07:00~20:00,,공공기관-지방자치단체,수거식,Y,Y,남자화장실+여자화장실,N,N,,,2024-07-19,I,2026-05-15 18:43:45,2024-07-22 14:45:54,33.4629590,126.9361589
6520000,202465200000100575,개방화장실,법제3조제16호-영제3조제1항제2호,신산청소년문화의집,제주특별자치도 서귀포시 성산읍 일주동로 5101-1,,4,2,1,2,0,0,6,2,0,성산읍,0647604297,정시,09:00~18:00,,공공기관-지방자치단체,수세식,Y,Y,남자화장실+여자화장실,N,N,,,2024-07-19,I,2026-05-15 18:43:45,2024-07-22 14:45:53,33.3812644,126.8772913
6520000,202465200000100579,개방화장실,법제3조제1호,신양섭지코지해변,제주특별자치도 서귀포시 성산읍 신양로122번길 16,,2,4,1,0,0,0,6,1,0,성산읍,0647604281,상시,,,공공기관-지방자치단체,수거식,Y,Y,남자화장실+여자화장실,N,N,,,2024-07-19,I,2026-05-15 18:43:45,2024-07-22 14:45:53,33.4355914,126.9219449
6520000,202465200000100572,개방화장실,법제3조제17호-영제3조제2항제1호,이승이오름주차장,제주특별자치도 남원읍 신례리 산 12-19,,1,2,0,0,0,0,3,0,0,남원읍,0647604165,상시,,,공공기관-지방자치단체,수거식,Y,Y,남자화장실+여자화장실,N,N,,,2024-07-19,I,2026-05-15 18:43:45,2024-07-22 14:45:53,33.3147530,126.6310897
6520000,202465200000100545,개방화장실,법제3조제16호-영제3조제1항제2호,상창보건진료소,제주특별자치도 서귀포시 안덕면 상창로145번길 11,,0,0,0,0,0,0,1,0,0,서부보건소,0647606393,정시,09:00~18:00,,공공기관-지방자치단체,수세식,Y,N,,N,N,,,2024-07-19,I,2026-05-15 18:43:45,2024-07-22 14:45:53,,
6520000,202465200000100669,개방화장실,법제3조제1호,영실 1100고지 화장실,제주특별자치도 서귀포시 1100로1555,,2,5,1,0,0,0,5,1,0,세계유산본부(한라산국립공원관리소),0647107826,상시,,,공공기관-지방자치단체,수세식,Y,Y,남자화장실+여자화장실,N,N,,,2024-07-19,I,2026-05-15 18:43:45,2024-07-22 14:45:54,33.3578491,126.4624245
6520000,202465200000100609,개방화장실,법제3조제4호,표선오일시장,제주특별자치도 표선동서로 203-1,,2,3,0,0,0,0,6,0,0,표선면,0647604463,정시,불규칙,,공공기관-지방자치단체,수세식,Y,Y,장애인화장실+남자화장실+여자화장실,N,N,,,2024-07-19,I,2026-05-15 18:43:45,2024-07-22 14:45:53,33.3227172,126.8303826
6520000,202465200000100568,개방화장실,법제3조제16호-영제3조제1항제7호,"남원읍 공설공원묘지(A,B동)",제주특별자치도 남원읍 서성로 955-24,,1,1,0,0,0,0,1,0,0,남원읍,0647604136,정시,09:00~18:00,,공공기관-지방자치단체,수세식,Y,Y,남자화장실+여자화장실,N,N,,,2024-07-19,I,2026-05-15 18:43:45,2024-07-22 14:45:53,33.3390463,126.6946291
6520000,202465200000100523,개방화장실,법제3조제16호-영제3조제1항제5호,신흥보건진료소,제주특별자치도 서귀포시 남원읍 중산간동로 5774,,0,0,0,0,0,0,2,0,0,동부보건소,0647606374,정시,09:00~18:00,,공공기관-지방자치단체,수세식,Y,N,,N,N,,,2024-07-19,I,2026-05-15 18:43:45,2024-07-22 14:45:53,33.3198428,126.7479063
6520000,202465200000100647,개방화장실,법제3조제17호-영제3조제2항제1호,중문색달해수욕장,제주특별자치도 서귀포시 색달동(종합상활실 내),,3,4,0,0,0,0,3,0,0,예래동,0647604852,상시,,,공공기관-지방자치단체,수거식,Y,Y,장애인화장실+남자화장실+여자화장실,N,N,,,2024-07-19,I,2026-05-15 18:43:45,2024-07-22 14:45:54,33.2789963,126.4083641
6520000,202465200000100612,개방화장실,법제3조제13호,가시리체육공원,제주특별자치도 가시리 1226-2,,1,1,0,0,0,0,2,0,0,표선면,0647604463,정시,09:00~18:00,,공공기관-지방자치단체,수거식,Y,Y,남자화장실+여자화장실,N,N,,,2024-07-19,I,2026-05-15 18:43:45,2024-07-22 14:45:53,33.3518815,126.7755782
6520000,202465200000100677,개방화장실,법제3조제16호-영제3조제1항제4호,야외화장실,제주특별자치도 남원읍 하례리 1556-3,,3,5,1,0,0,0,7,1,1,농업기술원(서귀포농업기술센터),0647607815,정시,09:00~18:00,,공공기관-지방자치단체,수세식,Y,Y,장애인화장실+남자화장실+여자화장실,N,Y,여자화장실,,2024-07-19,I,2026-05-15 18:43:45,2024-07-22 14:45:54,33.2871218,126.6108522
6520000,202465200000100452,개방화장실,법제3조제1호,고근산,제주특별자치도 서귀포시 서호동 1286-1,,1,1,0,0,0,0,1,0,0,기후환경과,0647606535,상시,,,공공기관-지방자치단체,수거식,Y,Y,남자화장실+여자화장실,N,N,,,2024-07-19,I,2026-05-15 18:43:45,2024-07-22 14:45:51,33.2663148,126.5137949
6520000,202465200000100462,개방화장실,법제3조제2호,물영아리오름,제주특별자치도 서귀포시 남원읍 수망리 182-7,,1,1,0,0,0,0,1,0,0,기후환경과,0647606535,상시,,,공공기관-지방자치단체,수거식,Y,Y,여자화장실,N,N,,,2024-07-19,I,2026-05-15 18:43:45,2024-07-22 14:45:51,,
6520000,202465200000100399,개방화장실,법제3조제2호,감귤박물관 쿠키머핀체험장 화장실,제주특별자치도 서귀포시 효돈순환로 441,,1,2,0,0,0,0,2,0,0,관광지관리소,0647606400,상시,,,공공기관-지방자치단체,수거식,Y,Y,장애인화장실+남자화장실+여자화장실,N,N,,,2024-07-19,I,2026-05-15 18:43:45,2024-07-22 14:45:50,33.2715930,126.6074285
6520000,202465200000100543,개방화장실,법제3조제16호-영제3조제1항제2호,서광동보건진료소,제주특별자치도 서귀포시 안덕면 중산간서로1811,,0,0,0,0,0,0,1,0,0,서부보건소,0647606391,정시,09:00~18:00,,공공기관-지방자치단체,수세식,Y,N,,N,N,,,2024-07-19,I,2026-05-15 18:43:45,2024-07-22 14:45:53,33.2866537,126.3288917
6520000,202465200000100287,개방화장실,법제3조제16호-영제3조제1항제1호,서귀포시평생학습관,제주특별자치도 서귀포시 서문로29번길 10,,5,3,0,1,0,1,9,0,0,평생교육과,0647602262,정시,09:00~18:00,,공공기관-지방자치단체,수거식,Y,Y,장애인화장실+남자화장실+여자화장실,N,Y,여자화장실,,2024-07-19,I,2026-05-15 18:43:45,2024-07-22 14:45:49,33.2493043,126.5585438
6520000,202465200000100473,개방화장실,법제3조제5호,걸매공원 공중화장실,제주특별자치도 서귀포시 서홍동 1199,,3,3,0,0,0,0,5,0,0,공원녹지과,0647603193,상시,,,공공기관-지방자치단체,수거식,Y,Y,장애인화장실+남자화장실+여자화장실,N,N,,,2024-07-19,I,2026-05-15 18:43:45,2024-07-22 14:45:52,33.2509081,126.5539439
6520000,202465200000100343,개방화장실,법제3조제17호-영제3조제2항제1호,신례2리마을회관,제주특별자치도 서귀포시 남원읍 공천포로 69-1,,1,1,0,0,0,0,1,0,0,관광진흥과,0647603943,상시,,,민간,수세식,N,N,,N,N,,,2024-07-19,I,2026-05-15 18:43:45,2024-07-22 14:45:50,33.2650958,126.6407858
6520000,202465200000100629,개방화장실,법제3조제2호,돈내코운동장화장실,제주특별자치도 서귀포시 돈내코로 128,,2,3,0,0,0,0,4,0,0,영천동,0647604655,상시,,,공공기관-지방자치단체,수거식,Y,Y,남자화장실+여자화장실,N,Y,여자화장실,,2024-07-19,I,2026-05-15 18:43:45,2024-07-22 14:45:54,33.3008439,126.5836586
6520000,202465200000100484,개방화장실,법제3조제5호,자구리공원 공중화장실,제주특별자치도 서귀포시 서귀동 15,,4,3,1,0,0,0,7,1,0,공원녹지과,0647603193,상시,,,공공기관-지방자치단체,수세식,Y,Y,장애인화장실+남자화장실+여자화장실,N,Y,여자화장실,,2024-07-19,I,2026-05-15 18:43:45,2024-07-22 14:45:52,33.2421312,126.5676927
6520000,202465200000100583,개방화장실,법제3조제17호-영제3조제2항제1호,오조 올레(펌프장),제주특별자치도 서귀포시 성산읍 오조리 258지선,,2,2,0,0,0,0,4,0,0,성산읍,0647604262,상시,,,공공기관-지방자치단체,수세식,Y,Y,남자화장실+여자화장실,N,N,,,2024-07-19,I,2026-05-15 18:43:45,2024-07-22 14:45:53,33.4625546,126.9147803
6520000,202465200000100632,개방화장실,법제3조제2호,돈내코산책로화장실,제주특별자치도 서귀포시 돈내코로 137,,4,5,0,0,0,0,9,0,0,영천동,0647604655,상시,,,공공기관-지방자치단체,수거식,Y,Y,남자화장실+여자화장실,N,Y,여자화장실,,2024-07-19,I,2026-05-15 18:43:45,2024-07-22 14:45:54,33.3005024,126.5819505
6520000,202465200000100586,개방화장실,법제3조제17호-영제3조제2항제1호,신산 막내해녀 화장실,제주특별자치도 서귀포시 성산읍 신산리 302,,1,1,0,0,0,0,1,0,0,성산읍,0647604281,상시,,,공공기관-지방자치단체,수거식,Y,Y,남자화장실+여자화장실,N,N,,,2024-07-19,I,2026-05-15 18:43:45,2024-07-22 14:45:53,33.3854672,126.8858800
6520000,202465200000100286,개방화장실,법제3조제16호-영제3조제1항제1호,서귀포시청 제2청사 별관,제주특별자치도 서귀포시 신중로 55(법환동),,2,1,1,1,0,0,2,1,0,총무과,0647602822,정시,09:00~18:00,,공공기관-지방자치단체,수세식,Y,N,,N,Y,여자화장실,,2024-07-19,I,2026-05-15 18:43:45,2024-07-22 14:45:49,33.2555818,126.5105274
6520000,202465200000100606,개방화장실,법제3조제13호,표선전천후게이트볼장,제주특별자치도 한마음초등로 396,,2,3,0,0,0,0,3,0,0,표선면,0647604463,상시,,,공공기관-지방자치단체,수거식,Y,Y,남자화장실+여자화장실,N,N,,,2024-07-19,I,2026-05-15 18:43:45,2024-07-22 14:45:53,33.3531885,126.8133902
6520000,202465200000100638,개방화장실,법제3조제16호-영제3조제1항제1호,서홍동주민센터,제주특별자치도  서귀포시 중앙로 125,,5,5,1,1,0,0,5,1,0,서홍동,0647604722,정시,09:00~18:00,,공공기관-지방자치단체,수세식,Y,N,,N,N,,,2024-07-19,I,2026-05-15 18:43:45,2024-07-22 14:45:54,33.2560780,126.5599846
6520000,202465200000100333,개방화장실,법제3조제17호-영제3조제2항제1호,보석암,제주특별자치도 서귀포시 온평리 1399-2,,1,1,0,0,0,0,0,0,0,관광진흥과,0647603943,상시,,,민간,수세식,N,N,,N,N,,,2024-07-19,I,2026-05-15 18:43:45,2024-07-22 14:45:50,33.3992887,126.8933824
6520000,202465200000100402,개방화장실,법제3조제2호,산방산 화장실,제주특별자치도 서귀포시 안덕면 사계리 187-3,,4,6,1,0,0,0,10,0,0,관광지관리소,0647606324,정시,09:00~18:00,,공공기관-지방자치단체,수세식,Y,Y,장애인화장실+남자화장실+여자화장실,N,Y,여자화장실,,2024-07-19,I,2026-05-15 18:43:45,2024-07-22 14:45:51,33.2366726,126.3116546
6520000,202465200000100573,개방화장실,법제3조제16호-영제3조제1항제6호,태흥포구 올레4길 화장실,제주특별자치도 남원읍 태흥리 1177,,1,1,0,0,0,0,1,0,0,남원읍,0647604183,정시,09:00~18:00,,공공기관-지방자치단체,수세식,Y,Y,장애인화장실+남자화장실+여자화장실,N,Y,여자화장실,,2024-07-19,I,2026-05-15 18:43:45,2024-07-22 14:45:53,33.2804726,126.7368110
6520000,202465200000100344,개방화장실,법제3조제17호-영제3조제2항제1호,위미1리 복지회관,제주특별자치도 서귀포시 남원읍 위미해안로 4-3,,1,1,0,0,0,0,1,0,0,관광진흥과,0647603943,정시,09:00~20:30,,민간,수세식,N,N,,N,N,,,2024-07-19,I,2026-05-15 18:43:45,2024-07-22 14:45:50,33.2737986,126.6571908
6520000,202465200000100489,개방화장실,법제3조제2호,치유의 숲 쉼팡3 화장실,제주특별자치도 서귀포시 산록남로 2271,,1,1,0,0,0,0,1,0,0,산림휴양관리소,0647603773,정시,08:00~18:00,,공공기관-지방자치단체,수거식,Y,Y,남자화장실+여자화장실,N,N,,,2024-07-19,I,2026-05-15 18:43:45,2024-07-22 14:45:52,33.2919386,126.5279023
6520000,202465200000100310,개방화장실,법제3조제16호-영제3조제1항제6호,강정청소년문화의집,제주특별자치도 서귀포시 강정통물로 112,,4,0,0,0,0,0,2,0,2,여성가족과,0647604902,정시,09:00~20:00,,공공기관-지방자치단체,수세식,Y,Y,남자화장실+여자화장실,N,N,,,2024-07-19,I,2026-05-15 18:43:45,2024-07-22 14:45:50,33.2371881,126.4776858
6520000,202465200000100585,개방화장실,법제3조제5호,갑문소공원(한도교화장실),제주특별자치도 서귀포시 성산읍 성산등용로 65,,2,3,0,0,0,0,5,0,0,성산읍,0647604281,상시,,,공공기관-지방자치단체,수세식,Y,Y,남자화장실+여자화장실,N,N,,,2024-07-19,I,2026-05-15 18:43:45,2024-07-22 14:45:53,33.4677636,126.9291494
6520000,202465200000100493,개방화장실,법제3조제2호,붉은오름자연휴양림4,제주특별자치도 표선면 남조로 1487-73,,3,2,0,0,0,0,5,0,0,산림휴양관리소,0647603552,상시,,,공공기관-지방자치단체,수거식,Y,Y,남자화장실+여자화장실,N,N,,,2024-07-19,I,2026-05-15 18:43:45,2024-07-22 14:45:52,33.4014323,126.6756956
6520000,202465200000100681,개방화장실,법제3조제16호-영제3조제1항제1호,국립농산물품질관리원 제주지원 서귀포사무소,제주특별자치도 서귀포시 신효중앙로17,,2,2,0,0,0,0,3,0,0,국립농산물품질관리원,0647354900,정시,09:00~18:00,,공공기관-국가,수세식,N,N,,N,N,,,2024-07-19,I,2026-05-15 18:43:45,2024-07-22 14:45:54,33.2655856,126.6135481
6520000,202465200000100377,개방화장실,법제3조제13호,공천포전지훈련센터(사무실),제주특별자치도 서귀포시 신례로 96,,4,6,0,0,0,0,6,0,0,체육진흥과,0647603665,정시,09:00~18:00,,공공기관-지방자치단체,수거식,Y,Y,장애인화장실+남자화장실+여자화장실,N,N,,,2024-07-19,I,2026-05-15 18:43:45,2024-07-22 14:45:50,33.2768320,126.6409232
6520000,202465200000100305,개방화장실,법제3조제16호-영제3조제1항제6호,모구리야영장(관리사무소),제주특별자치도 서귀포시 성산읍 서성일로 260,,1,2,1,1,0,0,2,1,0,여성가족과,0647603408,정시,08:00~22:00,,공공기관-지방자치단체,수거식,Y,Y,남자화장실+여자화장실,N,N,,,2024-07-19,I,2026-05-15 18:43:45,2024-07-22 14:45:49,33.4066282,126.8221590
6520000,202465200000100560,개방화장실,법제3조제2호,가파도 공중화장실,제주특별자치도 서귀포시 대정읍 가파리 533-1,,4,4,1,0,0,2,4,1,0,대정읍,0647604085,상시,,,공공기관-지방자치단체,수세식,Y,Y,장애인화장실+남자화장실+여자화장실,N,N,,,2024-07-19,I,2026-05-15 18:43:45,2024-07-22 14:45:53,33.1642787,126.2712530
6520000,202465200000100472,개방화장실,법제3조제5호,미래1공원 공중화장실,제주특별자치도 서귀포시 서호동 1150,,2,2,0,0,0,0,3,0,0,공원녹지과,0647603193,상시,,,공공기관-지방자치단체,수세식,Y,Y,장애인화장실+남자화장실+여자화장실,N,N,,,2024-07-19,I,2026-05-15 18:43:45,2024-07-22 14:45:52,33.2591726,126.5128012
6520000,202465200000100314,개방화장실,법제3조제16호-영제3조제1항제2호,김정문화회관,제주특별자치도 서귀포시 김정문화로 36,,3,4,1,1,0,0,6,1,0,문화예술과,0647603561,정시,09:00~18:00,,공공기관-지방자치단체,수거식,Y,N,,N,N,,,2024-07-19,I,2026-05-15 18:43:45,2024-07-22 14:45:50,33.2510685,126.5086639
6520000,202465200000100623,개방화장실,법제3조제16호-영제3조제1항제1호,효돈동주민센터,제주특별자치도 서귀포시 하효동 152-1,,1,1,0,0,0,0,2,0,0,효돈동,0647604627,정시,09:00~18:00,,공공기관-지방자치단체,수거식,Y,N,,N,Y,여자화장실,,2024-07-19,I,2026-05-15 18:43:45,2024-07-22 14:45:54,33.2631999,126.6155420
6520000,202465200000100580,개방화장실,법제3조제2호,섭지코지,제주특별자치도 서귀포시 성산읍 섭지코지로 262,,4,4,1,1,0,0,11,1,0,성산읍,0647604281,상시,,,공공기관-지방자치단체,수거식,Y,Y,남자화장실+여자화장실,N,N,,,2024-07-19,I,2026-05-15 18:43:45,2024-07-22 14:45:53,33.4236335,126.9297312
6520000,202465200000100461,개방화장실,법제3조제1호,서귀포도립해양공원,제주특별자치도 서귀포시 남성중로 41(서홍동),,4,6,0,0,0,0,8,0,0,기후환경과,0647602917,상시,,,공공기관-지방자치단체,수세식,Y,Y,장애인화장실+남자화장실+여자화장실,N,Y,여자화장실,,2024-07-19,I,2026-05-15 18:43:45,2024-07-22 14:45:51,33.2401509,126.5585990
6520000,202465200000100382,개방화장실,법제3조제16호-영제3조제1항제4호,서귀포기적의도서관,제주특별자치도 서귀포시 일주동로 8593,,1,3,0,0,1,0,4,3,1,도서관운영사무소,0647603723,정시,09:00~18:00,,공공기관-지방자치단체,수세식,Y,N,,N,Y,여자화장실,,2024-07-19,I,2026-05-15 18:43:45,2024-07-22 14:45:50,33.2543152,126.5699892
6520000,202465200000100455,개방화장실,법제3조제1호,베릿내,제주특별자치도 서귀포시 중문동 2631-2,,1,1,0,0,0,0,2,0,0,기후환경과,0647606535,상시,,,공공기관-지방자치단체,수거식,Y,Y,남자화장실+여자화장실,N,N,,,2024-07-19,I,2026-05-15 18:43:45,2024-07-22 14:45:51,33.2445805,126.4192812
6520000,202465200000100463,개방화장실,법제3조제2호,송악산 부남코지 화장실,제주특별자치도 서귀포시 대정읍 최남단해안로 548-88,,1,2,0,0,0,0,3,0,0,기후환경과,0647602197,상시,,,공공기관-지방자치단체,수거식,Y,Y,여자화장실,N,N,,,2024-07-19,I,2026-05-15 18:43:45,2024-07-22 14:45:51,33.1989388,126.2933595
6520000,202465200000100479,개방화장실,법제3조제5호,삼매봉공원 공중화장실(1),제주특별자치도 서귀포시 서홍동 780-1,,4,7,1,0,0,0,8,1,0,공원녹지과,0647603193,상시,,,공공기관-지방자치단체,수거식,Y,Y,장애인화장실+남자화장실+여자화장실,N,Y,여자화장실,,2024-07-19,I,2026-05-15 18:43:45,2024-07-22 14:45:52,33.2415415,126.5477974
6520000,202465200000100309,개방화장실,법제3조제16호-영제3조제1항제6호,법환청소년문화의집,제주특별자치도 서귀포시 막숙포로 70-1,,4,3,0,0,0,0,6,0,0,여성가족과,0647604894,정시,09:00~20:00,,공공기관-지방자치단체,수세식,Y,Y,남자화장실+여자화장실,N,N,,,2024-07-19,I,2026-05-15 18:43:45,2024-07-22 14:45:50,33.2355498,126.5141276
6520000,202465200000100483,개방화장실,법제3조제5호,영어교육도시 2호 근린공원,제주특별자치도 서귀포시 구억리 1144,,2,2,1,0,0,0,3,0,0,공원녹지과,0647603051,상시,,,공공기관-지방자치단체,수세식,Y,Y,장애인화장실+남자화장실+여자화장실,Y,N,,,2024-07-19,I,2026-05-15 18:43:45,2024-07-22 14:45:52,33.2856566,126.2851928
6520000,202465200000100640,공중화장실,법제3조제15호,법환야외공연장 공용화장실,제주특별자치도 서귀포시 법환동 163-8번지선 공유수면,,2,2,1,0,0,0,4,1,0,대륜동,0647604771,상시,,,공공기관-지방자치단체,수세식,Y,Y,장애인화장실+남자화장실+여자화장실,N,N,,,2024-07-19,I,2026-05-15 18:43:45,2024-07-22 14:45:54,33.2357895,126.5151291
6520000,202465200000100390,개방화장실,법제3조제2호,천지연매표소,제주특별자치도 서귀포시 남성중로 2-15,,5,6,1,1,0,0,6,1,0,관광지관리소,0647606308,정시,09:00~22:00,,공공기관-지방자치단체,수거식,Y,Y,장애인화장실+남자화장실+여자화장실,N,Y,여자화장실,,2024-07-19,I,2026-05-15 18:43:45,2024-07-22 14:45:50,33.2447168,126.5595511
6520000,202465200000100595,개방화장실,법제3조제16호-영제3조제1항제1호,안덕청소년문화의집,제주특별자치도 안덕면 화순로56번길 20,,4,6,0,0,0,0,4,0,0,안덕면,0647604391,정시,09:00~18:00,,공공기관-지방자치단체,수세식,Y,Y,장애인화장실+남자화장실+여자화장실,N,N,,,2024-07-19,I,2026-05-15 18:43:45,2024-07-22 14:45:53,33.2496069,126.3370700
6520000,202465200000100416,개방화장실,법제3조제9호,성산포항여객터미널,제주특별자치도 서귀포시 성산읍 성산등용로 130-21,,15,20,2,0,0,4,43,2,0,해양수산과,0647602765,정시,06:00~21:00,,공공기관-지방자치단체,수세식,Y,Y,장애인화장실+남자화장실+여자화장실,N,N,,,2024-07-19,I,2026-05-15 18:43:45,2024-07-22 14:45:51,33.4729280,126.9345061
6520000,202465200000100370,개방화장실,법제3조제13호,월드컵경기장-입구(광장),제주특별자치도 서귀포시 월드컵로33,,5,7,0,0,0,0,9,0,0,체육진흥과,0647603582,상시,,,공공기관-지방자치단체,수거식,Y,Y,장애인화장실+남자화장실+여자화장실,N,Y,여자화장실,,2024-07-19,I,2026-05-15 18:43:45,2024-07-22 14:45:50,33.2462194,126.5092753
6520000,202465200000100659,개방화장실,법제3조제2호,혼인지,제주특별자치도  서귀포시 성산읍 온평리 1702-1,,1,1,0,0,0,0,1,0,0,세계유산본부(문화유적관리과),0647603576,정시,09:00~18:00,,공공기관-지방자치단체,수거식,Y,Y,장애인화장실+남자화장실+여자화장실,N,N,,,2024-07-19,I,2026-05-15 18:43:45,2024-07-22 14:45:54,33.4149697,126.8949184
6520000,202465200000100597,개방화장실,법제3조제3호,대평버스정류소,제주특별자치도 안덕면 대평감산로 4,,1,1,0,0,0,0,1,0,0,안덕면,0647604363,상시,,,공공기관-지방자치단체,수세식,Y,Y,남자화장실+여자화장실,N,N,,,2024-07-19,I,2026-05-15 18:43:45,2024-07-22 14:45:53,33.2351984,126.3671388
6520000,202465200000100312,개방화장실,법제3조제16호-영제3조제1항제2호,서복전시관,제주특별자치도 서귀포시 칠십리로 156-8,,2,3,1,1,0,0,4,0,0,문화예술과,0647606361,정시,09:00~18:00,,공공기관-지방자치단체,수거식,Y,N,,N,Y,여자화장실,,2024-07-19,I,2026-05-15 18:43:45,2024-07-22 14:45:50,33.2448092,126.5706571
6520000,202465200000100299,개방화장실,법제3조제16호-영제3조제1항제6호,표선청소년문화의집,제주특별자치도 서귀포시 표선면 표선중앙로 13,,4,6,2,0,0,0,8,2,0,여성가족과,0647604492,정시,09:00~20:00,,공공기관-지방자치단체,수세식,Y,Y,남자화장실+여자화장실,N,N,,,2024-07-19,I,2026-05-15 18:43:45,2024-07-22 14:45:49,33.3315725,126.8304339
6520000,202465200000100505,공중화장실,법제3조제17호-영제3조제2항제1호,중앙공영주차빌딩,제주특별자치도 서귀포시 서귀동 291-2,,2,2,0,0,0,0,2,0,0,교통행정과,0647603132,상시,,,공공기관-지방자치단체,수거식,Y,Y,남자화장실+여자화장실,N,N,,,2024-07-19,I,2026-05-15 18:43:45,2024-07-22 14:45:52,33.2499003,126.5622567
6520000,202465200000100404,개방화장실,법제3조제16호-영제3조제1항제2호,기당미술관,제주특별자치도 서귀포시 남성중로153번길 15,,1,3,1,1,0,0,2,1,0,서귀포공립미술관,0647606561,정시,09:00~18:00,,공공기관-지방자치단체,수세식,Y,N,,N,Y,여자화장실,,2024-07-19,I,2026-05-15 18:43:45,2024-07-22 14:45:51,33.2447972,126.5511934
6520000,202465200000100653,개방화장실,법제3조제9호,서귀포강정크루즈터미널 1층대합실(북),제주특별자치도 서귀포시 말질로 261,,3,4,0,0,0,0,6,0,0,해운항만과,0647208544,정시,09:00~18:00,,공공기관-지방자치단체,수거식,Y,Y,남자화장실+여자화장실,N,N,,,2024-07-19,I,2026-05-15 18:43:45,2024-07-22 14:45:54,33.2283529,126.4774399
6520000,202465200000100654,개방화장실,법제3조제9호,서귀포강정크루즈터미널 1층 입국장(동),제주특별자치도 서귀포시 말질로 261,,2,2,0,0,0,0,4,0,0,해운항만과,0647208544,정시,09:00~18:00,,공공기관-지방자치단체,수거식,Y,Y,남자화장실+여자화장실,N,N,,,2024-07-19,I,2026-05-15 18:43:45,2024-07-22 14:45:54,33.2283529,126.4774399
6520000,202465200000100482,개방화장실,법제3조제5호,영어교육도시 1호 근린공원,제주특별자치도 서귀포시 구억리 1107,,1,2,0,0,0,0,3,0,0,공원녹지과,0647603051,상시,,,공공기관-지방자치단체,수세식,Y,Y,남자화장실+여자화장실,N,N,,,2024-07-19,I,2026-05-15 18:43:45,2024-07-22 14:45:52,33.2969170,126.2840210
6520000,202465200000100422,개방화장실,법제3조제17호-영제3조제2항제1호,대원빌딩,제주특별자치도 서귀포시 서귀동 418-5,,2,2,0,0,0,0,2,0,0,기후환경과,0647606535,상시,,,민간,수세식,Y,Y,남자화장실+여자화장실,N,N,,,2024-07-19,I,2026-05-15 18:43:45,2024-07-22 14:45:51,33.2470549,126.5634169
6520000,202465200000100291,개방화장실,법제3조제16호-영제3조제1항제5호,서귀포시서부종합사회복지관,제주특별자치도 서귀포시 대정읍 신영로23,,5,8,4,0,0,1,14,4,0,주민복지과,0647602524,정시,09:00~18:00,,공공기관-지방자치단체,수세식,Y,Y,장애인화장실+남자화장실+여자화장실,N,Y,여자화장실,,2024-07-19,I,2026-05-15 18:43:45,2024-07-22 14:45:49,33.2239029,126.2478791
6520000,202465200000100492,개방화장실,법제3조제2호,붉은오름자연휴양림3,제주특별자치도 표선면 남조로 1487-73,,3,3,0,0,0,0,4,0,0,산림휴양관리소,0647603552,상시,,,공공기관-지방자치단체,수거식,Y,Y,장애인화장실+남자화장실+여자화장실,N,Y,여자화장실,,2024-07-19,I,2026-05-15 18:43:45,2024-07-22 14:45:52,33.4014323,126.6756956
6520000,202465200000100445,개방화장실,법제3조제1호,제지기오름,제주특별자치도 서귀포시 보목동 275-1,,1,2,0,0,0,0,2,0,0,기후환경과,0647606535,상시,,,공공기관-지방자치단체,수거식,Y,Y,남자화장실+여자화장실,N,N,,,2024-07-19,I,2026-05-15 18:43:45,2024-07-22 14:45:51,33.2417709,126.6100786
6520000,202465200000100529,개방화장실,법제3조제16호-영제3조제1항제5호,신산보건진료소,제주특별자치도 서귀포시 성산읍 환해장성로111번길 21-12,,0,0,0,0,0,0,1,0,0,동부보건소,0647606380,정시,09:00~18:00,,공공기관-지방자치단체,수세식,Y,N,,N,N,,,2024-07-19,I,2026-05-15 18:43:45,2024-07-22 14:45:53,33.3822360,126.8773483
6520000,202465200000100565,개방화장실,법제3조제16호-영제3조제1항제1호,남원생활체육관-외부,제주특별자치도 태위로 551-28,,3,8,0,0,0,0,7,0,0,남원읍,0647603652,정시,09:00~18:00,,공공기관-지방자치단체,수세식,Y,Y,남자화장실+여자화장실,N,N,,,2024-07-19,I,2026-05-15 18:43:45,2024-07-22 14:45:53,33.2781068,126.7052440
6520000,202465200000100341,개방화장실,법제3조제17호-영제3조제2항제1호,남원적십자봉사회,제주특별자치도 서귀포시 남원읍 남태해안로 65,,1,1,0,0,0,0,0,0,0,관광진흥과,0647603943,상시,,,민간,수세식,N,N,,N,N,,,2024-07-19,I,2026-05-15 18:43:45,2024-07-22 14:45:50,33.2764983,126.7132770
6520000,202465200000100539,개방화장실,법제3조제16호-영제3조제1항제2호,신평보건진료소,제주특별자치도 서귀포시 대정읍 중산간서로 2600,,0,1,0,0,0,0,0,0,0,서부보건소,0647606387,정시,09:00~18:00,,공공기관-지방자치단체,수세식,Y,N,,N,N,,,2024-07-19,I,2026-05-15 18:43:45,2024-07-22 14:45:53,33.2659606,126.2593530
6520000,202465200000100362,개방화장실,법제3조제17호-영제3조제2항제1호,강쉐프의 키친,제주특별자치도 서귀포시 대한로 558,,1,1,0,0,0,0,2,0,0,관광진흥과,0647603943,상시,,,민간,수세식,N,N,,N,N,,,2024-07-19,I,2026-05-15 18:43:45,2024-07-22 14:45:50,33.2763284,126.2442438
6520000,202465200000100630,개방화장실,법제3조제2호,돈내코야영장화장실,제주특별자치도 서귀포시 돈내코로 128,,2,3,0,0,0,0,4,0,0,영천동,0647604655,상시,,,공공기관-지방자치단체,수거식,Y,Y,남자화장실+여자화장실,N,Y,여자화장실,,2024-07-19,I,2026-05-15 18:43:45,2024-07-22 14:45:54,33.3008439,126.5836586
6520000,202465200000100535,개방화장실,법제3조제16호-영제3조제1항제2호,안덕보건지소,제주특별자치도 서귀포시 안덕면 화순로 화순중앙로12번길30-9,,6,6,0,0,0,0,6,0,0,서부보건소,0647606262,정시,09:00~18:00,,공공기관-지방자치단체,수세식,Y,N,장애인화장실,N,Y,여자화장실,,2024-07-19,I,2026-05-15 18:43:45,2024-07-22 14:45:53,,
6520000,202465200000100558,개방화장실,법제3조제2호,평화대공원,제주특별자치도 서귀포시  대정읍 상모리 1607-11,,2,2,0,0,0,0,2,0,0,대정읍,0647604067,상시,,,공공기관-지방자치단체,수거식,Y,Y,남자화장실+여자화장실,N,Y,여자화장실,,2024-07-19,I,2026-05-15 18:43:45,2024-07-22 14:45:53,33.2050317,126.2776689
6520000,202465200000100494,개방화장실,법제3조제2호,한라산둘레길안내센터,제주특별자치도 표선면 남조로 1487-73,,5,4,0,0,0,0,7,0,0,산림휴양관리소,0647603552,상시,,,공공기관-지방자치단체,수거식,Y,Y,장애인화장실+남자화장실+여자화장실,N,N,,,2024-07-19,I,2026-05-15 18:43:45,2024-07-22 14:45:52,33.4014323,126.6756956
6520000,202465200000100414,공중화장실,법제3조제4호,중문오일시장,제주특별자치도 서귀포시 천제연로188번길 12 (중문동),,3,4,0,0,0,0,6,0,0,경제일자리과,0647602634,상시,,,공공기관-지방자치단체,수세식,Y,Y,장애인화장실+남자화장실+여자화장실,N,Y,여자화장실,,2024-07-19,I,2026-05-15 18:43:45,2024-07-22 14:45:51,33.2505829,126.4239475
6520000,202465200000100589,개방화장실,법제3조제16호-영제3조제1항제1호,안덕면사무소,제주특별자치도 안덕면 화순서서로 74,,4,6,0,0,0,0,8,0,0,안덕면,0647604312,정시,09:00~22:00,,공공기관-지방자치단체,수세식,Y,Y,장애인화장실+남자화장실+여자화장실,N,Y,여자화장실,,2024-07-19,I,2026-05-15 18:43:45,2024-07-22 14:45:53,33.2575815,126.3306244
6520000,202465200000100396,개방화장실,법제3조제2호,감귤박물관 쿠키머핀체험장 화장실,제주특별자치도 서귀포시 효돈순환로 441,,1,1,0,0,0,0,2,0,0,관광지관리소,0647606400,정시,09:00~18:00,,공공기관-지방자치단체,수거식,Y,Y,장애인화장실+남자화장실+여자화장실,N,N,,,2024-07-19,I,2026-05-15 18:43:45,2024-07-22 14:45:50,33.2715930,126.6074285
6520000,202465200000100384,개방화장실,법제3조제16호-영제3조제1항제2호,안덕산방도서관,제주특별자치도 서귀포시 안덕면 화순서서로 44,,4,8,1,0,0,0,6,1,0,도서관운영사무소,0647603744,정시,09:00~22:00,,공공기관-지방자치단체,수거식,Y,N,,N,N,,,2024-07-19,I,2026-05-15 18:43:45,2024-07-22 14:45:50,33.2550532,126.3306510
6520000,202465200000100567,개방화장실,법제3조제16호-영제3조제1항제7호,충혼묘지,제주특별자치도 남원읍 남조로 973,,2,3,0,0,0,0,2,0,0,남원읍,0647604136,정시,09:00~18:00,,공공기관-지방자치단체,수세식,Y,Y,남자화장실+여자화장실,N,N,,,2024-07-19,I,2026-05-15 18:43:45,2024-07-22 14:45:53,33.3591180,126.6920529
6520000,202465200000100620,개방화장실,법제3조제16호-영제3조제1항제1호,천지동 주민센터,제주특별자치도 서귀포시 중정로47번길 3,,0,2,1,0,0,0,1,1,0,천지동,0647604592,정시,09:00~18:00,,공공기관-지방자치단체,수세식,Y,Y,남자화장실+여자화장실,N,Y,여자화장실,,2024-07-19,I,2026-05-15 18:43:45,2024-07-22 14:45:54,33.2477615,126.5611768
6520000,202465200000100678,개방화장실,법제3조제16호-영제3조제1항제4호,동부농업기술센터 농기계임대사업소 분소(성읍)1층,제주특별자치도 제주특별자치도 서귀포시 표선면 성읍리 434-3,,1,2,0,0,0,0,1,0,0,농업기술원(동부농업기술센터),0647607613,정시,09:00~18:00,,공공기관-지방자치단체,수거식,Y,N,,N,N,,,2024-07-19,I,2026-05-15 18:43:45,2024-07-22 14:45:54,33.4009132,126.8091371
6520000,202465200000100564,개방화장실,법제3조제16호-영제3조제1항제1호,남원생활체육관-내부,제주특별자치도 태위로 551-28,,6,8,0,0,0,0,8,0,0,남원읍,0647603652,정시,09:00~18:00,,공공기관-지방자치단체,수세식,Y,Y,장애인화장실+남자화장실+여자화장실,N,N,,,2024-07-19,I,2026-05-15 18:43:45,2024-07-22 14:45:53,33.2781068,126.7052440
6520000,202465200000100417,개방화장실,법제3조제6호,성산포항 공중화장실,제주특별자치도 서귀포시 성산읍 성산등용로 130-21,,2,2,1,0,0,1,4,1,0,해양수산과,0647602765,상시,,,공공기관-지방자치단체,수세식,N,Y,장애인화장실+남자화장실+여자화장실,N,N,,,2024-07-19,I,2026-05-15 18:43:45,2024-07-22 14:45:51,33.4729280,126.9345061
6520000,202465200000100430,개방화장실,법제3조제11호,서귀주유소,제주특별자치도 서귀포시 중정로 122(서귀동),,1,2,0,0,0,0,1,0,0,기후환경과,0647606535,상시,,,민간,수세식,Y,Y,남자화장실+여자화장실,N,N,,,2024-07-19,I,2026-05-15 18:43:45,2024-07-22 14:45:51,33.2483453,126.5690978
6520000,202465200000100548,개방화장실,법제3조제16호-영제3조제1항제1호,대정읍사무소,제주특별자치도 서귀포시 대정읍 하모중앙로 20,,7,6,3,4,0,0,14,3,0,대정읍,0647604015,정시,09:00~18:00,,공공기관-지방자치단체,수세식,Y,Y,장애인화장실+남자화장실+여자화장실,N,N,,,2024-07-19,I,2026-05-15 18:43:45,2024-07-22 14:45:53,33.2265057,126.2519170
6520000,202465200000100448,개방화장실,법제3조제5호,외통체육공원,제주특별자치도 서귀포시 신효동 1191-1,,1,1,0,0,0,0,1,0,0,기후환경과,0647606535,상시,,,공공기관-지방자치단체,수거식,Y,Y,남자화장실+여자화장실,N,N,,,2024-07-19,I,2026-05-15 18:43:45,2024-07-22 14:45:51,33.2682043,126.6083408
6520000,202465200000100429,개방화장실,법제3조제17호-영제3조제2항제1호,성산연립 상가,제주특별자치도 서귀포시 강정동 178-1,,0,2,0,0,0,0,0,0,0,기후환경과,0647606535,상시,,,민간,수세식,Y,Y,여자화장실,N,N,,,2024-07-19,I,2026-05-15 18:43:45,2024-07-22 14:45:51,33.2509912,126.5049760
6520000,202465200000100639,개방화장실,법제3조제17호-영제3조제2항제1호,솜반천관리상황실,제주특별자치도 서귀포시 서홍로64,,3,3,1,1,0,0,6,1,0,서홍동,0647604726,상시,,,공공기관-지방자치단체,수세식,Y,Y,장애인화장실+남자화장실+여자화장실,N,N,,,2024-07-19,I,2026-05-15 18:43:45,2024-07-22 14:45:54,33.2535389,126.5535542
6520000,202465200000100522,개방화장실,법제3조제16호-영제3조제1항제5호,의귀보건진료소,제주특별자치도 서귀포시 남원읍 한신로 201,,0,0,0,0,0,0,3,0,0,동부보건소,0647606373,정시,09:00~18:00,,공공기관-지방자치단체,수세식,Y,N,,N,N,,,2024-07-19,I,2026-05-15 18:43:45,2024-07-22 14:45:53,33.3101669,126.7127222
6520000,202465200000100533,개방화장실,법제3조제16호-영제3조제1항제5호,수산보건진료소,제주특별자치도 서귀포시 성산읍 수산서남로 17-1,,0,0,0,0,0,0,2,0,0,동부보건소,0647606383,정시,09:00~18:00,,공공기관-지방자치단체,수세식,Y,N,,N,N,,,2024-07-19,I,2026-05-15 18:43:45,2024-07-22 14:45:53,33.4460276,126.8827174
6520000,202465200000100358,개방화장실,법제3조제17호-영제3조제2항제1호,마라도유람선(유양해상),제주특별자치도 서귀포시 대정읍 송악관광로 424,,1,2,0,0,0,0,3,0,0,관광진흥과,0647603943,상시,,,민간,수세식,N,N,,N,N,,,2024-07-19,I,2026-05-15 18:43:45,2024-07-22 14:45:50,33.2073983,126.2905198
6520000,202465200000100297,개방화장실,법제3조제16호-영제3조제1항제6호,송산청소년문화의집,제주특별자치도 서귀포시 소암로 4,,2,2,0,0,0,0,2,0,0,여성가족과,0647604891,정시,09:00~20:00,,공공기관-지방자치단체,수세식,Y,Y,남자화장실+여자화장실,N,N,,,2024-07-19,I,2026-05-15 18:43:45,2024-07-22 14:45:49,33.2450329,126.5660061
6520000,202465200000100547,개방화장실,법제3조제4호,대정매일시장,제주특별자치도 서귀포시 대정읍 영서중로 12,,2,2,0,0,0,0,3,0,0,대정읍,0647604083,상시,,,공공기관-지방자치단체,수세식,Y,Y,장애인화장실+남자화장실+여자화장실,N,N,,,2024-07-19,I,2026-05-15 18:43:45,2024-07-22 14:45:53,33.2210703,126.2550301
6520000,202465200000100350,개방화장실,법제3조제9호,강정크루즈터미널 주민 편익시설 화장실,제주특별자치도 서귀포시 강정동 4655-1 (1층),,1,2,0,0,0,0,2,0,0,관광진흥과,0647603943,정시,09:00~18:00,,민간,수세식,N,N,,Y,Y,여자화장실,,2024-07-19,I,2026-05-15 18:43:45,2024-07-22 14:45:50,33.2282734,126.4769659
6520000,202465200000100491,개방화장실,법제3조제2호,붉은오름자연휴양림2,제주특별자치도 표선면 남조로 1487-73,,3,2,0,0,0,0,4,0,0,산림휴양관리소,0647603552,상시,,,공공기관-지방자치단체,수거식,Y,Y,장애인화장실+남자화장실+여자화장실,N,N,,,2024-07-19,I,2026-05-15 18:43:45,2024-07-22 14:45:52,33.4014323,126.6756956
6520000,202465200000100526,개방화장실,법제3조제16호-영제3조제1항제5호,성읍보건진료소,제주특별자치도 서귀포시 표선면 성읍정의현로 88-10,,0,0,0,0,0,0,1,0,0,동부보건소,0647606377,정시,09:00~18:00,,공공기관-지방자치단체,수세식,Y,N,,N,N,,,2024-07-19,I,2026-05-15 18:43:45,2024-07-22 14:45:53,33.3904600,126.8019732
6520000,202465200000100306,개방화장실,법제3조제16호-영제3조제1항제6호,남원청소년문화의집,제주특별자치도 서귀포시 남원읍 남원체육관로 221번길 16,,1,3,1,0,0,0,3,1,0,여성가족과,0647603403,정시,09:00~18:00,,공공기관-지방자치단체,수세식,Y,Y,남자화장실+여자화장실,N,N,,,2024-07-19,I,2026-05-15 18:43:45,2024-07-22 14:45:50,33.2809667,126.7090918
6520000,202465200000100515,개방화장실,법제3조제17호-영제3조제2항제1호,강정보건지소,제주특별자치도 서귀포시 강정통물로 125-11,,4,2,2,2,0,0,6,2,0,보건행정과,0647606593,정시,09:00~18:00,,공공기관-지방자치단체,수세식,Y,N,,Y,N,,,2024-07-19,I,2026-05-15 18:43:45,2024-07-22 14:45:52,33.2376002,126.4772283
6520000,202465200000100611,개방화장실,법제3조제17호-영제3조제2항제1호,표선해수욕장(샤워장),제주특별자치도 민속해안로 615,,2,5,1,0,0,0,3,1,0,표선면,0647604463,정시,09:00~18:00,,공공기관-지방자치단체,수세식,Y,Y,장애인화장실+남자화장실+여자화장실,N,N,,,2024-07-19,I,2026-05-15 18:43:45,2024-07-22 14:45:53,33.3251452,126.8400705
6520000,202465200000100555,개방화장실,법제3조제16호-영제3조제1항제1호,무릉문화의집,제주특별자치도 서귀포시 대정읍 서삼중로 128,,2,3,0,0,0,0,4,0,0,대정읍,0647604012,정시,09:00~18:00,,공공기관-지방자치단체,수세식,Y,Y,장애인화장실+남자화장실+여자화장실,N,N,,,2024-07-19,I,2026-05-15 18:43:45,2024-07-22 14:45:53,33.2734604,126.1989563
6520000,202465200000100365,개방화장실,법제3조제17호-영제3조제2항제1호,노을과어울림(구 도원횟집),제주특별자치도 서귀포시 대정읍 노을해안로 638,,0,1,0,0,0,0,0,0,0,관광진흥과,0647603943,상시,,,민간,수세식,N,N,,N,N,,,2024-07-19,I,2026-05-15 18:43:45,2024-07-22 14:45:50,33.2707382,126.1759361
6520000,202465200000100328,개방화장실,법제3조제16호-영제3조제1항제6호,신도연못 옆,제주특별자치도 서귀포시 대정읍 신도리3138,,1,1,0,0,0,0,2,0,0,관광진흥과,0647603943,상시,,,공공기관-지방자치단체,수세식,Y,Y,남자화장실+여자화장실,N,N,,,2024-07-19,I,2026-05-15 18:43:45,2024-07-22 14:45:50,33.2805537,126.1779580
6520000,202465200000100495,개방화장실,법제3조제2호,서귀포자연휴양림1,제주특별자치도 서귀포시 대포동 산1-8,,1,2,0,0,0,0,3,0,0,산림휴양관리소,0647603063,상시,,,공공기관-지방자치단체,수거식,Y,Y,장애인화장실+여자화장실,N,Y,여자화장실,,2024-07-19,I,2026-05-15 18:43:45,2024-07-22 14:45:52,33.3107804,126.4597765
6520000,202465200000100351,개방화장실,법제3조제17호-영제3조제2항제1호,동산위의 교회,제주특별자치도 서귀포시 엉또로 109(강정동),,1,1,0,0,0,0,1,0,0,관광진흥과,0647603943,상시,,,민간,수세식,N,N,,N,N,,,2024-07-19,I,2026-05-15 18:43:45,2024-07-22 14:45:50,33.2666654,126.4978106
6520000,202465200000100631,개방화장실,법제3조제2호,돈내코사무실화장실,제주특별자치도 서귀포시 돈내코로 114,,3,3,1,0,0,0,3,1,0,영천동,0647604655,상시,,,공공기관-지방자치단체,수거식,Y,Y,장애인화장실+남자화장실+여자화장실,N,Y,여자화장실,,2024-07-19,I,2026-05-15 18:43:45,2024-07-22 14:45:54,33.3002410,126.5847678
6520000,202465200000100553,개방화장실,법제3조제4호,모슬포(대정)오일시장,제주특별자치도 서귀포시 대정읍 신영로36번길 69-11,,2,3,1,0,1,0,8,1,1,대정읍,0647604083,상시,,,공공기관-지방자치단체,수세식,Y,Y,장애인화장실+남자화장실+여자화장실,N,Y,여자화장실,,2024-07-19,I,2026-05-15 18:43:45,2024-07-22 14:45:53,33.2205672,126.2474831
6520000,202465200000100361,개방화장실,법제3조제17호-영제3조제2항제1호,신평편의점,제주특별자치도 서귀포시 대정읍 중산간서로 2634,,0,1,0,0,0,0,0,0,0,관광진흥과,0647603943,정시,06:00~24:00,,민간,수세식,N,N,,N,N,,,2024-07-19,I,2026-05-15 18:43:45,2024-07-22 14:45:50,33.2661441,126.2572969
6520000,202465200000100509,공중화장실,법제3조제17호-영제3조제2항제1호,홍로공영주차빌딩,제주특별자치도 서귀포시 동홍동 1480-6,,3,2,1,0,0,0,1,1,0,교통행정과,0647603132,상시,,,공공기관-지방자치단체,수세식,Y,Y,장애인화장실+남자화장실+여자화장실,N,N,,,2024-07-19,I,2026-05-15 18:43:45,2024-07-22 14:45:52,33.2559278,126.5613304
6520000,202465200000100372,개방화장실,법제3조제13호,"강창학종합경기장(A,B)",제주특별자치도 서귀포시 중산간서로 95 (강정동),,6,11,0,0,0,0,9,0,0,체육진흥과,0647603797,상시,,,공공기관-지방자치단체,수거식,Y,Y,장애인화장실+남자화장실+여자화장실,N,N,,,2024-07-19,I,2026-05-15 18:43:45,2024-07-22 14:45:50,33.2598741,126.5017753
6520000,202465200000100454,개방화장실,법제3조제1호,악근천(풍림콘도 -동쪽 바로 옆),제주특별자치도 서귀포시 강정동 5628 (신축),,1,1,0,0,0,0,2,0,0,기후환경과,0647606535,상시,,,공공기관-지방자치단체,수거식,Y,Y,남자화장실+여자화장실,N,N,,,2024-07-19,I,2026-05-15 18:43:45,2024-07-22 14:45:51,33.2564947,126.4896278
6520000,202465200000100373,개방화장실,법제3조제13호,강창학종합경기장-인라인경기장,제주특별자치도 서귀포시 중산간서로 95 (강정동),,6,6,0,0,0,0,4,0,0,체육진흥과,0647603795,상시,,,공공기관-지방자치단체,수거식,Y,Y,남자화장실+여자화장실,N,N,,,2024-07-19,I,2026-05-15 18:43:45,2024-07-22 14:45:50,33.2598741,126.5017753
6520000,202465200000100487,개방화장실,법제3조제2호,치유의 숲 힐링센터,제주특별자치도 서귀포시 산록남로 2271,,2,3,0,0,0,0,3,0,0,산림휴양관리소,0647603773,상시,,,공공기관-지방자치단체,수거식,Y,Y,장애인화장실+남자화장실+여자화장실,N,N,,,2024-07-19,I,2026-05-15 18:43:45,2024-07-22 14:45:52,33.2919386,126.5279023
6520000,202465200000100380,개방화장실,법제3조제16호-영제3조제1항제4호,삼매봉도서관,제주특별자치도 서귀포시 남성중로153번길 15,,3,4,1,0,0,0,7,1,1,도서관운영사무소,0647603703,정시,09:00~22:00,,공공기관-지방자치단체,수세식,Y,N,,N,Y,여자화장실,,2024-07-19,I,2026-05-15 18:43:45,2024-07-22 14:45:50,33.2447972,126.5511934
6520000,202465200000100616,개방화장실,법제3조제16호-영제3조제1항제1호,송산동주민센터,제주특별자치도 서귀포시 소암로 4,,1,1,0,0,0,0,2,0,0,송산동,0647604513,상시,,,공공기관-지방자치단체,수세식,Y,Y,남자화장실+여자화장실,N,N,,,2024-07-19,I,2026-05-15 18:43:45,2024-07-22 14:45:54,33.2450329,126.5660061
6520000,202465200000100418,개방화장실,법제3조제9호,화순항종합관리센터,제주특별자치도 서귀포시 화순해안로 106번길 16,,3,5,0,0,0,0,7,0,0,해양수산과,0647602765,정시,08:00~19:00,,공공기관-지방자치단체,수거식,Y,Y,장애인화장실+남자화장실+여자화장실,N,N,,,2024-07-19,I,2026-05-15 18:43:45,2024-07-22 14:45:51,33.2369971,126.3352352
6520000,202465200000100294,개방화장실,법제3조제16호-영제3조제1항제6호,대정청소년수련관,제주특별자치도 서귀포시 대정읍 동일하모로149번길 21-8,,8,13,0,0,0,0,9,0,0,여성가족과,0647606423,정시,09:00~20:00,,공공기관-지방자치단체,수거식,Y,Y,장애인화장실+남자화장실+여자화장실,N,N,,,2024-07-19,I,2026-05-15 18:43:45,2024-07-22 14:45:49,33.2278859,126.2477291
6520000,202465200000100405,개방화장실,법제3조제16호-영제3조제1항제2호,이중섭미술관,제주특별자치도 서귀포시 이중섭로 27-3,,2,2,1,0,0,0,6,3,0,서귀포공립미술관,0647603567,정시,09:00~18:00,,공공기관-지방자치단체,수세식,Y,N,,N,Y,여자화장실,,2024-07-19,I,2026-05-15 18:43:45,2024-07-22 14:45:51,33.2458616,126.5648746
6520000,202465200000100557,개방화장실,법제3조제2호,송악산주차장,제주특별자치도 서귀포시 대정읍 최남단해안로 571,,3,4,0,0,0,0,4,0,0,대정읍,0647604067,상시,,,공공기관-지방자치단체,수세식,Y,Y,남자화장실+여자화장실,N,N,,,2024-07-19,I,2026-05-15 18:43:45,2024-07-22 14:45:53,33.2068189,126.2891836
6520000,202465200000100554,개방화장실,법제3조제4호,모슬포토요시장,제주특별자치도 서귀포시 대정읍 최남단해안로30번길 16,,3,4,1,0,0,0,6,1,0,대정읍,0647604083,상시,,,공공기관-지방자치단체,수세식,Y,Y,장애인화장실+남자화장실+여자화장실,N,Y,여자화장실,,2024-07-19,I,2026-05-15 18:43:45,2024-07-22 14:45:53,33.2179503,126.2507316
6520000,202465200000100519,개방화장실,법제3조제16호-영제3조제1항제5호,성산보건지소,제주특별자치도 서귀포시 성산읍 고성오조로 42,,3,3,0,0,0,0,6,0,0,동부보건소,0647606151,정시,09:00~18:00,,공공기관-지방자치단체,수세식,Y,N,,N,Y,여자화장실,,2024-07-19,I,2026-05-15 18:43:45,2024-07-22 14:45:52,33.4465549,126.9157478
6520000,202465200000100656,개방화장실,법제3조제9호,서귀포강정크루즈터미널 2층 대합실,제주특별자치도 서귀포시 말질로 261,,3,4,0,0,0,0,7,0,0,해운항만과,0647208544,정시,09:00~18:00,,공공기관-지방자치단체,수거식,Y,Y,남자화장실+여자화장실,N,N,,,2024-07-19,I,2026-05-15 18:43:45,2024-07-22 14:45:54,33.2283529,126.4774399
6520000,202465200000100498,개방화장실,법제3조제2호,서귀포자연휴양림,제주특별자치도 서귀포시 대포동 산1-8,,4,3,0,0,0,0,4,0,0,산림휴양관리소,0647603063,상시,,,공공기관-지방자치단체,수거식,Y,Y,장애인화장실+여자화장실,Y,N,,,2024-07-19,I,2026-05-15 18:43:45,2024-07-22 14:45:52,33.3107804,126.4597765
6520000,202465200000100521,개방화장실,법제3조제16호-영제3조제1항제5호,한남보건진료소,제주특별자치도 서귀포시 남원읍 남한로420번길 13,,0,0,0,0,0,0,1,0,0,동부보건소,0647606372,정시,09:00~18:00,,공공기관-지방자치단체,수세식,Y,N,,N,N,,,2024-07-19,I,2026-05-15 18:43:45,2024-07-22 14:45:52,33.3116445,126.6975587
6520000,202465200000100500,개방화장실,법제3조제2호,서귀포자연휴양림,제주특별자치도 서귀포시 대포동 산1-8,,1,1,0,0,0,0,1,0,0,산림휴양관리소,0647603063,상시,,,공공기관-지방자치단체,수거식,Y,Y,남자화장실+여자화장실,N,N,,,2024-07-19,I,2026-05-15 18:43:45,2024-07-22 14:45:52,33.3107804,126.4597765
6520000,202465200000100391,개방화장실,법제3조제2호,주상절리대화장실,제주특별자치도 서귀포시 이어도로 36-30,,9,12,1,1,0,0,11,1,0,관광지관리소,0647606351,정시,09:00~18:00,,공공기관-지방자치단체,수거식,Y,Y,장애인화장실+남자화장실+여자화장실,N,Y,여자화장실,,2024-07-19,I,2026-05-15 18:43:45,2024-07-22 14:45:50,33.2379944,126.4260177
6520000,202465200000100618,개방화장실,법제3조제5호,샛기정공원 공중화장실,제주특별자치도 서귀포시 태평로388,,1,2,1,0,0,0,2,1,0,정방동,0647604543,상시,,,공공기관-지방자치단체,수거식,Y,Y,장애인화장실+남자화장실+여자화장실,N,N,,,2024-07-19,I,2026-05-15 18:43:45,2024-07-22 14:45:54,33.2442048,126.5617509
6520000,202465200000100342,개방화장실,법제3조제17호-영제3조제2항제1호,중앙식육식당,제주특별자치도 서귀포시 남원읍 태위로 138,,1,1,0,0,0,0,1,0,0,관광진흥과,0647603943,상시,,,민간,수세식,N,N,,N,N,,,2024-07-19,I,2026-05-15 18:43:45,2024-07-22 14:45:50,33.2747954,126.6621782
6520000,202465200000100317,개방화장실,법제3조제16호-영제3조제1항제6호,대수산봉,제주특별자치도 서귀포시 성산읍 고성리2039-1,,1,1,0,0,0,0,1,0,0,관광진흥과,0647603943,상시,,,공공기관-지방자치단체,수세식,Y,Y,남자화장실+여자화장실,N,N,,,2024-07-19,I,2026-05-15 18:43:45,2024-07-22 14:45:50,33.4382886,126.9036165
6520000,202465200000100590,개방화장실,법제3조제16호-영제3조제1항제1호,면 주민자치센터,제주특별자치도 안덕면 화순서서로 74,,1,1,0,0,0,0,2,0,0,안덕면,0647604315,정시,09:00~22:00,,공공기관-지방자치단체,수세식,Y,Y,남자화장실+여자화장실,N,N,,,2024-07-19,I,2026-05-15 18:43:45,2024-07-22 14:45:53,33.2575815,126.3306244
6520000,202465200000100367,개방화장실,법제3조제13호,효돈축구공원,제주특별자치도 서귀포시 효돈순환로311-29,,7,10,0,0,0,0,17,0,0,체육진흥과,0647603319,상시,,,공공기관-지방자치단체,수거식,Y,Y,장애인화장실+남자화장실+여자화장실,N,N,,,2024-07-19,I,2026-05-15 18:43:45,2024-07-22 14:45:50,33.2583646,126.6103691
6520000,202465200000100436,개방화장실,법제3조제17호-영제3조제2항제1호,은빌레펜션,제주특별자치도 서귀포시 남원읍 한신로 247-3,,5,2,0,0,0,0,5,0,0,기후환경과,0647606535,상시,,,민간,수세식,N,N,,N,N,,,2024-07-19,I,2026-05-15 18:43:45,2024-07-22 14:45:51,33.3117525,126.7167987
6520000,202465200000100346,개방화장실,법제3조제17호-영제3조제2항제1호,태흥3리 마을회관,제주특별자치도 서귀포시 남원읍 삼덕로 3,,1,2,0,0,0,0,2,0,0,관광진흥과,0647603943,정시,09:00~17:00,,민간,수세식,N,N,,N,N,,,2024-07-19,I,2026-05-15 18:43:45,2024-07-22 14:45:50,33.2935918,126.7584735
6520000,202465200000100608,개방화장실,법제3조제16호-영제3조제1항제7호,표선공설묘지,제주특별자치도 성읍리 140,,2,1,0,0,0,0,2,0,0,표선면,0647604463,상시,,,공공기관-지방자치단체,수거식,Y,Y,장애인화장실+남자화장실+여자화장실,N,N,,,2024-07-19,I,2026-05-15 18:43:45,2024-07-22 14:45:53,33.4300372,126.8120570
6520000,202465200000100368,개방화장실,법제3조제13호,서귀포시동홍생활체육관(천지학생체육관),제주특별자치도 서귀포시 중앙로 140 (동홍동),,4,5,0,0,0,0,8,0,0,체육진흥과,0647625230,정시,06:00~22:00,,공공기관-지방자치단체,수거식,Y,Y,남자화장실+여자화장실,N,N,,,2024-07-19,I,2026-05-15 18:43:45,2024-07-22 14:45:50,33.2570173,126.5631080
6520000,202465200000100379,개방화장실,법제3조제15호,서귀포예술의전당,제주특별자치도 서귀포시 태평로 270,,14,15,2,0,0,5,43,3,4,서귀포예술의전당,0647603362,정시,09:00~18:00,,공공기관-지방자치단체,수거식,Y,Y,장애인화장실+남자화장실+여자화장실,N,Y,여자화장실,,2024-07-19,I,2026-05-15 18:43:45,2024-07-22 14:45:50,33.2463334,126.5507911
6520000,202465200000100433,개방화장실,법제3조제17호-영제3조제2항제1호,신도리어촌계식당,제주특별자치도 서귀포시 대정읍 노을해안로 724,,1,1,0,0,0,0,2,0,0,기후환경과,0647606535,상시,,,민간,수세식,N,N,,N,N,,,2024-07-19,I,2026-05-15 18:43:45,2024-07-22 14:45:51,33.2764935,126.1710434
6520000,202465200000100601,개방화장실,법제3조제17호-영제3조제2항제1호,창천리 남당물,제주특별자치도 안덕면 일주서로 1407-12,,1,0,0,0,0,0,1,0,0,안덕면,0647604363,상시,,,공공기관-지방자치단체,수거식,Y,Y,남자화장실+여자화장실,N,Y,여자화장실,,2024-07-19,I,2026-05-15 18:43:45,2024-07-22 14:45:53,33.2603306,126.3637482
6520000,202465200000100593,개방화장실,법제3조제2호,안덕계곡,제주특별자치도 안덕면 일주서로 1519,,3,3,0,0,0,0,5,0,0,안덕면,0647604363,상시,,,공공기관-지방자치단체,수거식,Y,Y,남자화장실+여자화장실,N,N,,,2024-07-19,I,2026-05-15 18:43:45,2024-07-22 14:45:53,33.2582460,126.3539487
6520000,202465200000100676,개방화장실,법제3조제16호-영제3조제1항제4호,감귤홍보관,제주특별자치도 중산간동로 7413,,2,2,0,0,0,0,2,0,0,농업기술원(서귀포농업기술센터),0647607815,정시,10:00~17:00,,공공기관-지방자치단체,수세식,Y,Y,남자화장실+여자화장실,N,N,,,2024-07-19,I,2026-05-15 18:43:45,2024-07-22 14:45:54,33.2879719,126.6077967
6520000,202465200000100551,개방화장실,법제3조제13호,마라도화장실-1(자리덕),제주특별자치도 서귀포시 대정읍 마라로 34,,3,4,0,0,0,0,6,0,0,대정읍,0647604085,상시,,,공공기관-지방자치단체,수세식,Y,Y,장애인화장실+남자화장실+여자화장실,N,N,,,2024-07-19,I,2026-05-15 18:43:45,2024-07-22 14:45:53,33.1207045,126.2669062
6520000,202465200000100621,개방화장실,법제3조제5호,천지공원 화장실,제주특별자치도 서귀포시 서문서로 43,,2,2,0,0,0,0,2,0,0,천지동,0647604603,상시,,,공공기관-지방자치단체,수거식,Y,Y,남자화장실+여자화장실,N,N,,,2024-07-19,I,2026-05-15 18:43:45,2024-07-22 14:45:54,33.2511840,126.5585141
6520000,202465200000100475,개방화장실,법제3조제5호,문화1공원 공중화장실,제주특별자치도 서귀포시 강정동 123,,1,2,0,0,0,0,3,0,0,공원녹지과,0647603193,상시,,,공공기관-지방자치단체,수세식,Y,Y,남자화장실+여자화장실,N,N,,,2024-07-19,I,2026-05-15 18:43:45,2024-07-22 14:45:52,33.2597535,126.5088003
6520000,202465200000100385,개방화장실,법제3조제16호-영제3조제1항제4호,성산일출도서관,제주특별자치도 서귀포시 성산읍 고성오조로 133,,5,5,1,0,0,0,6,1,1,도서관운영사무소,0647603764,정시,08:00~22:00,,공공기관-지방자치단체,수세식,Y,N,,N,Y,여자화장실,,2024-07-19,I,2026-05-15 18:43:45,2024-07-22 14:45:50,33.4552736,126.9122971
6520000,202465200000100303,개방화장실,법제3조제16호-영제3조제1항제6호,모구리야영장(대피소),제주특별자치도 서귀포시 성산읍 서성일로 260,,2,2,1,0,0,0,2,1,0,여성가족과,0647603408,상시,,,공공기관-지방자치단체,수거식,Y,Y,남자화장실+여자화장실,N,N,,,2024-07-19,I,2026-05-15 18:43:45,2024-07-22 14:45:49,33.4066282,126.8221590
6520000,202465200000100318,개방화장실,법제3조제16호-영제3조제1항제6호,독자봉,제주특별자치도 서귀포시 성산읍 신산리1785,,1,1,0,0,0,0,2,0,0,관광진흥과,0647603943,상시,,,공공기관-지방자치단체,수세식,Y,Y,남자화장실+여자화장실,N,N,,,2024-07-19,I,2026-05-15 18:43:45,2024-07-22 14:45:50,33.3878622,126.8542920
6520000,202465200000100520,개방화장실,법제3조제16호-영제3조제1항제5호,신례보건진료소,제주특별자치도 서귀포시 남원읍 신례중앙로 36-3,,0,0,0,0,0,0,1,0,0,동부보건소,0647606371,정시,09:00~18:00,,공공기관-지방자치단체,수세식,Y,N,,N,N,,,2024-07-19,I,2026-05-15 18:43:45,2024-07-22 14:45:52,33.2879534,126.6262404
6520000,202465200000100546,개방화장실,법제3조제16호-영제3조제1항제2호,대평보건진료소,제주특별자치도 서귀포시 안덕면 대평 감산로 19,,1,1,0,0,0,0,1,0,0,서부보건소,0647606394,정시,09:00~18:00,,공공기관-지방자치단체,수세식,Y,N,,N,N,,,2024-07-19,I,2026-05-15 18:43:45,2024-07-22 14:45:53,33.2363231,126.3663143
6520000,202465200000100311,개방화장실,법제3조제16호-영제3조제1항제5호,서귀포시가족센터,제주특별자치도 서귀포시 서호남로 12(서호동),,1,6,4,0,0,1,9,4,1,여성가족과,0647602472,정시,09:00~18:00,,공공기관-지방자치단체,수세식,Y,Y,장애인화장실+남자화장실+여자화장실,N,Y,여자화장실,,2024-07-19,I,2026-05-15 18:43:45,2024-07-22 14:45:50,33.2499174,126.5131997
6520000,202465200000100395,개방화장실,법제3조제2호,"감귤박물관 화장실(1,2층)",제주특별자치도 서귀포시 효돈순환로 441,,4,6,1,1,0,0,5,1,0,관광지관리소,0647606400,정시,09:00~18:00,,공공기관-지방자치단체,수거식,Y,Y,장애인화장실+남자화장실+여자화장실,N,Y,여자화장실,,2024-07-19,I,2026-05-15 18:43:45,2024-07-22 14:45:50,33.2715930,126.6074285
6520000,202465200000100671,개방화장실,법제3조제1호,돈내코 평궤 화장실,제주특별자치도 서귀포시 상효동 산1-2,,1,2,0,0,0,0,2,0,0,세계유산본부(한라산국립공원관리소),0647107826,상시,,,공공기관-지방자치단체,수세식,Y,N,,N,N,,,2024-07-19,I,2026-05-15 18:43:45,2024-07-22 14:45:54,33.3494442,126.5497234
6520000,202465200000100605,개방화장실,법제3조제13호,표선생활체육관(실외),제주특별자치도 한마음초등로 399,,2,6,0,0,0,0,6,0,0,표선면,0647604463,상시,,,공공기관-지방자치단체,수거식,Y,Y,장애인화장실+남자화장실+여자화장실,N,N,,,2024-07-19,I,2026-05-15 18:43:45,2024-07-22 14:45:53,33.3545660,126.8138660
6520000,202465200000100549,개방화장실,법제3조제13호,대정체육관-본관,제주특별자치도 서귀포시 대정읍 암반수마농로 419,,3,4,0,0,0,0,4,0,0,대정읍,0647604016,정시,09:00~18:00,,공공기관-지방자치단체,수거식,Y,Y,장애인화장실+남자화장실+여자화장실,N,N,,,2024-07-19,I,2026-05-15 18:43:45,2024-07-22 14:45:53,33.2621009,126.2343521
6520000,202465200000100657,개방화장실,법제3조제16호-영제3조제1항제1호,감사위원회건물,제주특별자치도  서귀포시 법환동 731,,2,2,1,1,0,0,1,1,0,감사위원회,0647106115,정시,09:00~18:00,,공공기관-지방자치단체,수세식,Y,N,,N,N,,,2024-07-19,I,2026-05-15 18:43:45,2024-07-22 14:45:54,33.2555565,126.5104242
6520000,202465200000100410,공중화장실,법제3조제4호,서귀포오일시장-4 (주차빌딩),제주특별자치도 서귀포시 토평서로11번길 150 (동홍동),,2,1,1,1,0,0,5,1,0,경제일자리과,0647602634,상시,,,공공기관-지방자치단체,수거식,Y,Y,장애인화장실+남자화장실+여자화장실,N,Y,여자화장실,,2024-07-19,I,2026-05-15 18:43:45,2024-07-22 14:45:51,33.2665213,126.5732903
6520000,202465200000100388,개방화장실,법제3조제2호,천지연주차장,제주특별자치도 서귀포시 남성중로 2,,11,20,1,1,0,0,22,1,0,관광지관리소,0647606308,상시,,,공공기관-지방자치단체,수거식,Y,Y,장애인화장실+남자화장실+여자화장실,N,Y,여자화장실,,2024-07-19,I,2026-05-15 18:43:45,2024-07-22 14:45:50,,
6520000,202465200000100670,개방화장실,법제3조제1호,영실 휴게소옆 화장실,제주특별자치도 서귀포시 영실로 226,,2,4,1,0,0,0,5,1,0,세계유산본부(한라산국립공원관리소),0647107826,상시,,,공공기관-지방자치단체,수세식,Y,Y,남자화장실+여자화장실,N,Y,여자화장실,,2024-07-19,I,2026-05-15 18:43:45,2024-07-22 14:45:54,33.3386324,126.4791729
6520000,202465200000100450,개방화장실,법제3조제5호,맹살체육공원,제주특별자치도 서귀포시 하효동 4308,,1,1,0,0,0,0,1,0,0,기후환경과,0647606535,상시,,,공공기관-지방자치단체,수거식,Y,Y,남자화장실+여자화장실,N,N,,,2024-07-19,I,2026-05-15 18:43:45,2024-07-22 14:45:51,,
6520000,202465200000100302,개방화장실,법제3조제16호-영제3조제1항제6호,모구리야영장(가족영지),제주특별자치도 서귀포시 성산읍 서성일로 260,,3,4,0,0,0,0,5,0,0,여성가족과,0647603408,상시,,,공공기관-지방자치단체,수거식,Y,Y,남자화장실+여자화장실,N,N,,,2024-07-19,I,2026-05-15 18:43:45,2024-07-22 14:45:49,33.4066282,126.8221590
6520000,202465200000100538,개방화장실,법제3조제16호-영제3조제1항제2호,신도보건진료소,제주특별자치도 서귀포시 대정읍 도원로 37,,0,0,1,0,0,0,1,1,0,서부보건소,0647606386,정시,09:00~18:00,,공공기관-지방자치단체,수세식,Y,N,,N,Y,여자화장실,,2024-07-19,I,2026-05-15 18:43:45,2024-07-22 14:45:53,33.2774856,126.1742632
6520000,202465200000100434,개방화장실,법제3조제17호-영제3조제2항제1호,나드리마트,제주특별자치도 서귀포시 동홍중앙로 77,,1,1,0,0,0,0,1,0,0,기후환경과,0647606535,상시,,,민간,수세식,N,N,,N,N,,,2024-07-19,I,2026-05-15 18:43:45,2024-07-22 14:45:51,33.2575150,126.5718289
6520000,202465200000100652,개방화장실,법제3조제9호,서귀포강정크루즈터미널 1층대합실(남),제주특별자치도 서귀포시 말질로 261,,5,8,1,0,1,0,20,1,1,해운항만과,0647208544,정시,09:00~18:00,,공공기관-지방자치단체,수거식,Y,Y,장애인화장실+남자화장실+여자화장실,N,N,,,2024-07-19,I,2026-05-15 18:43:45,2024-07-22 14:45:54,33.2283529,126.4774399
6520000,202465200000100446,개방화장실,법제3조제1호,소남머리,제주특별자치도 서귀포시 송산동 99-2,,1,1,0,0,0,0,1,0,0,기후환경과,0647606535,상시,,,공공기관-지방자치단체,수거식,Y,Y,남자화장실+여자화장실,N,N,,,2024-07-19,I,2026-05-15 18:43:45,2024-07-22 14:45:51,33.2509511,126.6047760
6520000,202465200000100335,개방화장실,법제3조제17호-영제3조제2항제1호,신천리해녀탈의장,제주특별자치도 서귀포시 성산읍 신천동로 130,,0,1,0,0,0,0,0,0,0,관광진흥과,0647603943,상시,,,민간,수세식,N,N,,N,N,,,2024-07-19,I,2026-05-15 18:43:45,2024-07-22 14:45:50,33.3494510,126.8635947
6520000,202465200000100643,개방화장실,법제3조제10호,강정어촌계 공중화장실,제주특별자치도 서귀포시 말질로 281,,1,2,0,0,0,0,1,1,0,대천동,0647604797,상시,,,민간,수세식,Y,Y,남자화장실+여자화장실,N,N,,,2024-07-19,I,2026-05-15 18:43:45,2024-07-22 14:45:54,33.2279821,126.4753120
6520000,202465200000100599,개방화장실,법제3조제9호,대평포구,제주특별자치도 안덕면 난드르로 82,,2,3,0,0,0,0,5,0,0,안덕면,0647604363,상시,,,공공기관-지방자치단체,수세식,Y,Y,남자화장실+여자화장실,N,N,,,2024-07-19,I,2026-05-15 18:43:45,2024-07-22 14:45:53,33.2374054,126.3615082
6520000,202465200000100655,개방화장실,법제3조제9호,서귀포강정크루즈터미널 1층 입국장(서),제주특별자치도 서귀포시 말질로 261,,3,4,0,0,0,0,6,0,0,해운항만과,0647208544,정시,09:00~18:00,,공공기관-지방자치단체,수거식,Y,Y,남자화장실+여자화장실,N,N,,,2024-07-19,I,2026-05-15 18:43:45,2024-07-22 14:45:54,33.2283529,126.4774399
6520000,202465200000100437,개방화장실,법제3조제17호-영제3조제2항제1호,혁신LH1단지상가동,제주특별자치도 서귀포시 서호남로 92-15,,1,1,0,0,0,0,1,0,0,기후환경과,0647606535,상시,,,민간,수세식,Y,Y,남자화장실+여자화장실,N,N,,,2024-07-19,I,2026-05-15 18:43:45,2024-07-22 14:45:51,33.2496038,126.5236555
6520000,202465200000100456,개방화장실,법제3조제1호,회수  미니수영장,제주특별자치도 서귀포시 회수동 355-1,,1,2,0,0,0,0,3,0,0,기후환경과,0647606535,상시,,,공공기관-지방자치단체,수거식,Y,Y,남자화장실+여자화장실,N,N,,,2024-07-19,I,2026-05-15 18:43:45,2024-07-22 14:45:51,33.2631968,126.4472171
6520000,202465200000100514,개방화장실,법제3조제17호-영제3조제2항제1호,중문보건지소,제주특별자치도 서귀포시 천제연로 277,,4,4,2,2,0,0,4,2,0,보건행정과,0647606066,정시,09:00~18:00,,공공기관-지방자치단체,수세식,Y,Y,장애인화장실,Y,N,,,2024-07-19,I,2026-05-15 18:43:45,2024-07-22 14:45:52,33.2513888,126.4346930
6520000,202465200000100331,개방화장실,법제3조제17호-영제3조제2항제1호,쏠레민박,제주특별자치도 서귀포시 성산읍 성산등용로 96-1,,0,1,0,0,0,0,0,0,0,관광진흥과,0647603943,정시,09:00~18:00,,민간,수세식,N,N,,N,N,,,2024-07-19,I,2026-05-15 18:43:45,2024-07-22 14:45:50,33.4701270,126.9301202
6520000,202465200000100476,개방화장실,법제3조제5호,동광공원 공중화장실,제주특별자치도 서귀포시 동홍동 100-3,,1,1,0,0,0,0,1,0,0,공원녹지과,0647603193,상시,,,공공기관-지방자치단체,수거식,Y,Y,남자화장실+여자화장실,N,N,,,2024-07-19,I,2026-05-15 18:43:45,2024-07-22 14:45:52,33.2575189,126.5766000
6520000,202465200000100432,개방화장실,법제3조제17호-영제3조제2항제1호,서귀포선박기관장협의회 사무실,제주특별자치도 서귀포시 서귀동 673-5,,1,1,0,0,0,0,2,0,0,기후환경과,0647606536,상시,,,민간,수세식,Y,Y,여자화장실,N,N,,,2024-07-19,I,2026-05-15 18:43:45,2024-07-22 14:45:51,33.2400352,126.5619572
6520000,202465200000100544,개방화장실,법제3조제16호-영제3조제1항제2호,서광서보건진료소,제주특별자치도 서귀포시 안덕면중산간서로 2118,,0,1,0,0,0,0,0,0,0,서부보건소,0647606392,정시,09:00~18:00,,공공기관-지방자치단체,수세식,Y,N,,N,N,,,2024-07-19,I,2026-05-15 18:43:45,2024-07-22 14:45:53,33.2842257,126.2991502
6520000,202465200000100637,개방화장실,법제3조제16호-영제3조제1항제1호,동홍동 행정 복지센터,제주특별자치도 동홍로 104,,8,10,2,0,0,0,10,2,0,동홍동,0647604692,정시,09:00~18:00,,공공기관-지방자치단체,수세식,Y,Y,장애인화장실+남자화장실+여자화장실,N,N,,,2024-07-19,I,2026-05-15 18:43:45,2024-07-22 14:45:54,33.2578531,126.5689194
6520000,202465200000100502,개방화장실,법제3조제2호,서귀포자연휴양림,제주특별자치도 서귀포시 대포동 산1-8,,1,1,0,0,0,0,1,0,0,산림휴양관리소,0647603063,상시,,,공공기관-지방자치단체,수거식,Y,Y,남자화장실+여자화장실,N,N,,,2024-07-19,I,2026-05-15 18:43:45,2024-07-22 14:45:52,33.3107804,126.4597765
6520000,202465200000100541,개방화장실,법제3조제16호-영제3조제1항제2호,구억보건진료소,제주특별자치도 서귀포시 대정읍 중산간서로 2364,,0,0,0,0,0,0,1,0,0,서부보건소,0647606389,정시,09:00~18:00,,공공기관-지방자치단체,수세식,Y,N,,N,Y,여자화장실,,2024-07-19,I,2026-05-15 18:43:45,2024-07-22 14:45:53,33.2742473,126.2798232
6520000,202465200000100552,개방화장실,법제3조제13호,마라도화장실-2(관광쉼터),제주특별자치도 서귀포시 대정읍 마라로 129(131),,3,4,0,0,0,0,6,0,0,대정읍,0647604085,상시,,,공공기관-지방자치단체,수세식,Y,Y,장애인화장실+남자화장실+여자화장실,N,N,,,2024-07-19,I,2026-05-15 18:43:45,2024-07-22 14:45:53,33.1140076,126.2680381
6520000,202465200000100425,개방화장실,법제3조제17호-영제3조제2항제1호,서귀북초등학교야외,제주특별자치도 서귀포시 서홍동 308-1,,1,2,0,0,0,0,1,0,0,기후환경과,0647606535,상시,,,민간,수세식,Y,Y,남자화장실+여자화장실,N,N,,,2024-07-19,I,2026-05-15 18:43:45,2024-07-22 14:45:51,33.2601916,126.5586949
6520000,202465200000100577,개방화장실,법제3조제13호,일출고성운동장,제주특별자치도 서귀포시 성산읍 서성일로1222번길 36,,3,2,1,1,0,0,5,1,0,성산읍,0647604218,상시,,,공공기관-지방자치단체,수거식,Y,Y,남자화장실+여자화장실,N,N,,,2024-07-19,I,2026-05-15 18:43:45,2024-07-22 14:45:53,33.4448493,126.9120142
6520000,202465200000100537,개방화장실,법제3조제16호-영제3조제1항제2호,마라보건진료소,제주특별자치도 서귀포시 대정읍 마라로101번길22,,0,0,0,0,0,0,0,0,0,서부보건소,0647606385,정시,09:00~18:00,,공공기관-지방자치단체,수거식,Y,N,,N,N,,,2024-07-19,I,2026-05-15 18:43:45,2024-07-22 14:45:53,33.1165348,126.2671941
6520000,202465200000100295,개방화장실,법제3조제16호-영제3조제1항제6호,동홍청소년문화의집,제주특별자치도 서귀포시 중산간동로 7950,,1,1,1,1,0,0,3,1,0,여성가족과,0647603476,정시,09:00~20:00,,공공기관-지방자치단체,수세식,Y,Y,장애인화장실+남자화장실+여자화장실,N,N,,,2024-07-19,I,2026-05-15 18:43:45,2024-07-22 14:45:49,33.2662851,126.5670489
6520000,202465200000100423,개방화장실,법제3조제17호-영제3조제2항제1호,"청수빌딩(정원다방, 채플린)",제주특별자치도 서귀포시 서귀동 204-2,,2,1,0,0,0,0,1,0,0,기후환경과,0647606535,상시,,,민간,수거식,Y,Y,남자화장실+여자화장실,N,N,,,2024-07-19,I,2026-05-15 18:43:45,2024-07-22 14:45:51,33.2482762,126.5662121
6520000,202465200000100550,개방화장실,법제3조제13호,대정체육관-야외,제주특별자치도 서귀포시 대정읍 암반수마농로 419,,2,3,1,0,0,0,4,1,0,대정읍,0647604016,상시,,,공공기관-지방자치단체,수거식,Y,Y,남자화장실+여자화장실,N,N,,,2024-07-19,I,2026-05-15 18:43:45,2024-07-22 14:45:53,33.2621009,126.2343521
6520000,202465200000100440,개방화장실,법제3조제1호,속골,제주특별자치도 서귀포시 호근동 1645,,1,2,0,0,0,0,3,0,0,기후환경과,0647603943,상시,,,공공기관-지방자치단체,수세식,Y,Y,남자화장실+여자화장실,N,N,,,2024-07-19,I,2026-05-15 18:43:45,2024-07-22 14:45:51,33.2414252,126.5268469
6520000,202465200000100339,개방화장실,법제3조제17호-영제3조제2항제1호,토산2리사무소,제주특별자치도 서귀포시 표선면 토산중앙로16번길 1,,1,1,0,0,0,0,0,0,0,관광진흥과,0647603943,정시,09:00~17:00,,민간,수세식,N,N,,N,N,,,2024-07-19,I,2026-05-15 18:43:45,2024-07-22 14:45:50,33.3088750,126.7797207
6520000,202465200000100401,개방화장실,법제3조제2호,하용머리화장실,제주특별자치도 서귀포시 안덕면 사계리 116-5,,6,7,0,0,0,0,11,0,0,관광지관리소,0647606324,정시,09:00~18:00,,공공기관-지방자치단체,수세식,Y,Y,장애인화장실+남자화장실+여자화장실,N,Y,여자화장실,,2024-07-19,I,2026-05-15 18:43:45,2024-07-22 14:45:51,33.2334258,126.3127642
6520000,202465200000100625,개방화장실,법제3조제2호,쇠소깍 안내소 화장실,제주특별자치도  서귀포시 하효동 997,,1,1,0,0,0,0,1,0,0,효돈동,0647604642,상시,,,공공기관-지방자치단체,수거식,Y,Y,남자화장실+여자화장실,N,N,,,2024-07-19,I,2026-05-15 18:43:45,2024-07-22 14:45:54,33.2514238,126.6222849
6520000,202465200000100658,개방화장실,법제3조제2호,추사김정희유배지,제주특별자치도 서귀포시 대정읍 추사로 44,,4,6,1,0,0,0,8,1,0,세계유산본부(문화유적관리과),0647603406,정시,09:00~18:00,,공공기관-지방자치단체,수거식,Y,Y,장애인화장실+남자화장실+여자화장실,N,Y,여자화장실,,2024-07-19,I,2026-05-15 18:43:45,2024-07-22 14:45:54,33.2497961,126.2784940
6520000,202465200000100347,개방화장실,법제3조제17호-영제3조제2항제1호,동백꽃필무렵,제주특별자치도 서귀포시 위미중앙로 300번길 8,,1,1,0,0,0,0,1,0,0,관광진흥과,0647603943,정시,09:00~18:00,,민간,수세식,N,N,,N,N,,,2024-07-19,I,2026-05-15 18:43:45,2024-07-22 14:45:50,33.2729051,126.6743260
6520000,202465200000100626,개방화장실,법제3조제2호,쇠소깍화장실(던킨앞),제주특별자치도  서귀포시 하효동 995,,2,2,0,0,0,0,4,0,0,효돈동,0647604642,상시,,,공공기관-지방자치단체,수거식,Y,Y,남자화장실+여자화장실,N,N,,,2024-07-19,I,2026-05-15 18:43:45,2024-07-22 14:45:54,33.2522502,126.6230066
6520000,202465200000100387,개방화장실,법제3조제16호-영제3조제1항제4호,서부도서관,제주특별자치도 서귀포시 중문관광로 346(중문동),,4,6,0,0,0,0,5,0,0,도서관운영사무소,0647603713,정시,08:00~22:00,,공공기관-지방자치단체,수거식,Y,N,,Y,N,,,2024-07-19,I,2026-05-15 18:43:45,2024-07-22 14:45:50,33.2509475,126.4321520
6520000,202465200000100619,개방화장실,법제3조제2호,정모시쉼터 공중화장실2,제주특별자치도 서귀포시 서귀동 109,,1,1,0,0,0,0,3,0,0,정방동,0647604543,상시,,,공공기관-지방자치단체,수거식,Y,Y,남자화장실+여자화장실,N,N,,,2024-07-19,I,2026-05-15 18:43:45,2024-07-22 14:45:54,33.2463398,126.5715675
6520000,202465200000100451,개방화장실,법제3조제1호,솔오름전망대,제주특별자치도 서귀포시 동홍동 2149,,1,1,0,0,0,0,1,0,0,기후환경과,0647606535,상시,,,공공기관-지방자치단체,수거식,Y,Y,남자화장실+여자화장실,N,N,,,2024-07-19,I,2026-05-15 18:43:45,2024-07-22 14:45:51,33.2909689,126.5550122
6520000,202465200000100496,개방화장실,법제3조제2호,서귀포자연휴양림2,제주특별자치도 서귀포시 대포동 산1-8,,4,3,0,0,0,0,4,0,0,산림휴양관리소,0647603063,상시,,,공공기관-지방자치단체,수거식,Y,Y,장애인화장실+여자화장실,N,N,,,2024-07-19,I,2026-05-15 18:43:45,2024-07-22 14:45:52,33.3107804,126.4597765
6520000,202465200000100289,개방화장실,법제3조제16호-영제3조제1항제5호,서귀포종합사회복지관,제주특별자치도 서귀포시 태평로 512번길 9,,2,2,0,0,0,0,2,1,0,주민복지과,0647602524,정시,09:00~18:00,,공공기관-국가공공기관,수세식,Y,Y,장애인화장실+남자화장실+여자화장실,Y,N,,,2024-07-19,I,2026-05-15 18:43:45,2024-07-22 14:45:49,33.2499541,126.5742226
6520000,202465200000100663,개방화장실,법제3조제2호,발자국화석관리사무소,제주특별자치도 서귀포시 대정읍 형제해안로 192,,1,2,1,0,0,0,2,1,0,세계유산본부(자연문화재과),0647106655,정시,09:00~18:00,,공공기관-지방자치단체,수거식,Y,Y,장애인화장실+남자화장실+여자화장실,N,N,,,2024-07-19,I,2026-05-15 18:43:45,2024-07-22 14:45:54,33.2173594,126.2931353
6520000,202465200000100459,개방화장실,법제3조제5호,서홍동 생태놀이터 아이뜨락 화장실,제주특별자치도 서귀포시 서홍동 1614-8,,1,1,0,0,0,0,1,0,0,기후환경과,0647606535,상시,,,공공기관-지방자치단체,수거식,Y,Y,남자화장실+여자화장실,N,N,,,2024-07-19,I,2026-05-15 18:43:45,2024-07-22 14:45:51,33.2645071,126.5535547
6520000,202465200000100490,개방화장실,법제3조제2호,붉은오름자연휴양림1,제주특별자치도 표선면 남조로 1487-73,,2,2,0,0,0,0,4,0,0,산림휴양관리소,0647603552,상시,,,공공기관-지방자치단체,수거식,Y,Y,남자화장실+여자화장실,N,Y,여자화장실,,2024-07-19,I,2026-05-15 18:43:45,2024-07-22 14:45:52,33.4014323,126.6756956
6520000,202465200000100392,개방화장실,법제3조제2호,정방폭포화장실,제주특별자치도 서귀포시 칠십리로 214번길 35-1,,3,5,0,0,1,1,7,0,1,관광지관리소,0647606341,상시,,,공공기관-지방자치단체,수거식,Y,Y,장애인화장실+남자화장실+여자화장실,N,Y,여자화장실,,2024-07-19,I,2026-05-15 18:43:45,2024-07-22 14:45:50,33.2446058,126.5732259
6520000,202465200000100513,개방화장실,법제3조제17호-영제3조제2항제1호,서귀포보건소,제주특별자치도 서귀포시 중앙로101번길 52,,14,17,2,2,0,0,24,2,0,보건행정과,0647606014,정시,09:00~18:00,,공공기관-지방자치단체,수세식,Y,N,,Y,Y,여자화장실,,2024-07-19,I,2026-05-15 18:43:45,2024-07-22 14:45:52,33.2534813,126.5553573
6520000,202465200000100393,개방화장실,법제3조제2호,천제연화장실,제주특별자치도 서귀포시 천제연로 132,,5,5,1,0,0,0,6,0,0,관광지관리소,0647606331,상시,,,공공기관-지방자치단체,수세식,Y,Y,장애인화장실+남자화장실+여자화장실,N,Y,여자화장실,,2024-07-19,I,2026-05-15 18:43:45,2024-07-22 14:45:50,33.2526755,126.4183742
6520000,202465200000100649,개방화장실,법제3조제16호-영제3조제1항제2호,생태체험관,제주특별자치도 서귀포시 예래로213,,2,5,0,0,0,0,4,0,0,예래동,0647604853,상시,,,공공기관-지방자치단체,수거식,Y,Y,장애인화장실+남자화장실+여자화장실,N,N,,,2024-07-19,I,2026-05-15 18:43:45,2024-07-22 14:45:54,33.2444721,126.3908491
6520000,202465200000100636,개방화장실,법제3조제17호-영제3조제2항제1호,산지물 야외화장실,제주특별자치도 중산간동로 7971-1(동홍동 1285),,1,1,1,1,0,0,2,1,0,동홍동,0647604692,상시,,,공공기관-지방자치단체,수세식,Y,Y,장애인화장실+남자화장실+여자화장실,N,N,,,2024-07-19,I,2026-05-15 18:43:45,2024-07-22 14:45:54,33.2643795,126.5650294
6520000,202465200000100506,공중화장실,법제3조제17호-영제3조제2항제1호,천지공영주차빌딩,"제주특별자치도 서귀포시 서귀동 305-1, 300-19",,1,2,0,0,0,0,2,0,0,교통행정과,0647603132,상시,,,공공기관-지방자치단체,수세식,Y,Y,남자화장실+여자화장실,N,N,,,2024-07-19,I,2026-05-15 18:43:45,2024-07-22 14:45:52,,
6520000,202465200000100409,개방화장실,법제3조제4호,서귀포오일시장-사무실,제주특별자치도 서귀포시 토평서로11번길 150 (동홍동),,1,2,0,1,0,0,2,0,0,경제일자리과,0647602634,상시,,,공공기관-지방자치단체,수거식,Y,Y,장애인화장실+남자화장실+여자화장실,N,Y,여자화장실,,2024-07-19,I,2026-05-15 18:43:45,2024-07-22 14:45:51,33.2665213,126.5732903
6520000,202465200000100478,개방화장실,법제3조제5호,칠십리공원 공중화장실(2),제주특별자치도 서귀포시 서홍동 647-4,,3,4,1,0,0,0,7,1,0,공원녹지과,0647603193,상시,,,공공기관-지방자치단체,수세식,Y,Y,장애인화장실+남자화장실+여자화장실,N,Y,여자화장실,,2024-07-19,I,2026-05-15 18:43:45,2024-07-22 14:45:52,33.2435975,126.5580017
6520000,202465200000100327,개방화장실,법제3조제16호-영제3조제1항제6호,황개천 옆,제주특별자치도 서귀포시 안덕면 감산리1903,,1,1,0,0,0,0,2,0,0,관광진흥과,0647603943,상시,,,공공기관-지방자치단체,수세식,Y,Y,남자화장실+여자화장실,N,N,,,2024-07-19,I,2026-05-15 18:43:45,2024-07-22 14:45:50,33.2393744,126.3444056
6520000,202465200000100510,공중화장실,법제3조제17호-영제3조제2항제1호,아랑조을거리 공영주차빌딩,제주특별자치도 서귀포시 서귀동 312-5,,3,2,1,0,0,0,2,1,0,교통행정과,0647603132,상시,,,공공기관-지방자치단체,수세식,Y,Y,장애인화장실+남자화장실+여자화장실,Y,Y,여자화장실,,2024-07-19,I,2026-05-15 18:43:45,2024-07-22 14:45:52,33.2478025,126.5603449
6520000,202465200000100536,개방화장실,법제3조제16호-영제3조제1항제2호,가파보건진료소,제주특별자치도 서귀포시 대정읍 가파로67번길30,,0,1,0,0,0,0,0,0,0,서부보건소,0647606384,정시,09:00~18:00,,공공기관-지방자치단체,수거식,Y,N,,N,N,,,2024-07-19,I,2026-05-15 18:43:45,2024-07-22 14:45:53,33.1680329,126.2717085
6520000,202465200000100617,개방화장실,법제3조제16호-영제3조제1항제1호,정방동주민센터 공중화장실,제주특별자치도 서귀포시 태평로421번길 7,,2,3,0,1,0,0,2,0,0,정방동,0647604543,정시,09:00~18:00,,공공기관-지방자치단체,수거식,Y,Y,장애인화장실+남자화장실+여자화장실,N,Y,여자화장실,,2024-07-19,I,2026-05-15 18:43:45,2024-07-22 14:45:54,33.2458604,126.5651044
6520000,202465200000100412,공중화장실,법제3조제4호,서귀포오일시장-2,제주특별자치도 서귀포시 토평서로11번길 150 (동홍동),,2,2,0,0,0,0,3,0,0,경제일자리과,0647602634,상시,,,공공기관-지방자치단체,수거식,Y,Y,남자화장실+여자화장실,N,N,,,2024-07-19,I,2026-05-15 18:43:45,2024-07-22 14:45:51,33.2665213,126.5732903
6520000,202465200000100378,개방화장실,법제3조제13호,서귀포시혁신도시국민체육센터,제주특별자치도 제주특별자치도 서귀포시 서호남로 19-30,,3,3,0,0,0,0,6,0,0,체육진흥과,0647603640,정시,"화,수,목,금: 06:00~22:00 토,일,공휴일: 06:00~18:00",,공공기관-지방자치단체,수거식,Y,Y,장애인화장실+남자화장실+여자화장실,N,N,,,2024-07-19,I,2026-05-15 18:43:45,2024-07-22 14:45:50,33.2525461,126.5161895
6520000,202465200000100301,개방화장실,법제3조제16호-영제3조제1항제6호,모구리야영장(일출봉영지),제주특별자치도 서귀포시 성산읍 서성일로 260,,3,4,0,0,0,0,6,0,0,여성가족과,0647603408,상시,,,공공기관-지방자치단체,수거식,Y,Y,남자화장실+여자화장실,N,N,,,2024-07-19,I,2026-05-15 18:43:45,2024-07-22 14:45:49,33.4066282,126.8221590
6520000,202465200000100319,개방화장실,법제3조제16호-영제3조제1항제6호,망오름 인근,제주특별자치도 서귀포시 표선면토산리산23,,1,1,0,0,0,0,1,0,0,관광진흥과,0647603943,상시,,,공공기관-지방자치단체,수세식,Y,Y,남자화장실+여자화장실,N,N,,,2024-07-19,I,2026-05-15 18:43:45,2024-07-22 14:45:50,33.3221632,126.7684556
6520000,202465200000100316,개방화장실,법제3조제16호-영제3조제1항제6호,시흥초 인근,제주특별자치도 서귀포시 성산읍 시흥상동로 102,,3,2,1,0,0,0,3,1,0,관광진흥과,0647603943,상시,,,공공기관-지방자치단체,수세식,Y,Y,장애인화장실+남자화장실+여자화장실,N,Y,여자화장실,,2024-07-19,I,2026-05-15 18:43:45,2024-07-22 14:45:50,33.4776046,126.8961074
6520000,202465200000100570,개방화장실,법제3조제16호-영제3조제1항제6호,남원청소년 문화의집,제주특별자치도 남원읍 남원체육관로 221번길16,,2,3,0,0,0,0,4,0,0,남원읍,0647603404,정시,09:00~18:00,,공공기관-지방자치단체,수세식,Y,Y,남자화장실+여자화장실,N,N,,,2024-07-19,I,2026-05-15 18:43:45,2024-07-22 14:45:53,33.2809667,126.7090918
6520000,202465200000100332,개방화장실,법제3조제17호-영제3조제2항제1호,오조리사무소,제주특별자치도 서귀포시 성산읍 오조로 85,,1,1,0,0,0,0,0,0,0,관광진흥과,0647603943,정시,09:00~18:00,,민간,수세식,N,N,,N,N,,,2024-07-19,I,2026-05-15 18:43:45,2024-07-22 14:45:50,33.4614858,126.9149870
6520000,202465200000100644,개방화장실,법제3조제16호-영제3조제1항제1호,중문동주민센터,제주특별자치도 서귀포시 1100로 30,,11,8,0,0,0,0,19,0,0,중문동,0647604812,정시,09:00~18:00,,공공기관-지방자치단체,수세식,Y,Y,장애인화장실+남자화장실+여자화장실,N,Y,여자화장실,,2024-07-19,I,2026-05-15 18:43:45,2024-07-22 14:45:54,33.2533314,126.4336391
6520000,202465200000100587,개방화장실,법제3조제17호-영제3조제2항제1호,신천리 어촌계 화장실,제주특별자치도 서귀포시 성산읍 신천서로 87,,1,1,0,0,0,0,2,0,0,성산읍,0647604281,상시,,,공공기관-지방자치단체,수세식,Y,Y,남자화장실+여자화장실,N,N,,,2024-07-19,I,2026-05-15 18:43:45,2024-07-22 14:45:53,33.3395109,126.8553881
6520000,202465200000100471,개방화장실,법제3조제5호,문화공원 공중화장실,제주특별자치도 서귀포시 강정동 176,,3,5,0,0,0,0,7,0,0,공원녹지과,0647603193,상시,,,공공기관-지방자치단체,수거식,Y,Y,장애인화장실+남자화장실+여자화장실,Y,Y,여자화장실,,2024-07-19,I,2026-05-15 18:43:45,2024-07-22 14:45:52,33.2507298,126.5079737
6520000,202465200000100304,개방화장실,법제3조제16호-영제3조제1항제6호,모구리야영장(체력단련장),제주특별자치도 서귀포시 성산읍 서성일로 260,,1,1,0,0,0,0,2,0,0,여성가족과,0647603408,상시,,,공공기관-지방자치단체,수거식,Y,Y,남자화장실+여자화장실,N,N,,,2024-07-19,I,2026-05-15 18:43:45,2024-07-22 14:45:49,33.4066282,126.8221590
6520000,202465200000100634,개방화장실,법제3조제16호-영제3조제1항제1호,영천동주민센터외부화장실,제주특별자치도 서귀포시 토평로 15,,1,2,1,0,0,0,1,1,0,영천동,0647604655,상시,,,공공기관-지방자치단체,수거식,Y,Y,남자화장실+여자화장실,N,Y,여자화장실,,2024-07-19,I,2026-05-15 18:43:45,2024-07-22 14:45:54,33.2687603,126.5866437
6520000,202465200000100292,개방화장실,법제3조제16호-영제3조제1항제5호,서귀포시노인복지회관,제주특별자치도 서귀포시 태평로537번길 40-9,,2,2,1,1,0,0,1,1,0,노인장애인과,0647602382,상시,,,공공기관-지방자치단체,수세식,Y,Y,장애인화장실+남자화장실+여자화장실,Y,N,,,2024-07-19,I,2026-05-15 18:43:45,2024-07-22 14:45:49,33.2539881,126.5706960
6520000,202465200000100477,개방화장실,법제3조제5호,칠십리공원 공중화장실(1),제주특별자치도 서귀포시 서홍동 574-1,,2,1,0,0,0,0,2,0,0,공원녹지과,0647603193,상시,,,공공기관-지방자치단체,수거식,Y,Y,장애인화장실+남자화장실+여자화장실,Y,N,,,2024-07-19,I,2026-05-15 18:43:45,2024-07-22 14:45:52,33.2466767,126.5534705
6520000,202465200000100486,개방화장실,법제3조제2호,치유의 숲 중간 화장실,제주특별자치도 서귀포시 산록남로 2271,,3,3,0,0,0,0,6,0,0,산림휴양관리소,0647603773,상시,,,공공기관-지방자치단체,수거식,Y,Y,장애인화장실+남자화장실+여자화장실,N,N,,,2024-07-19,I,2026-05-15 18:43:45,2024-07-22 14:45:52,33.2919386,126.5279023
6520000,202465200000100354,개방화장실,법제3조제17호-영제3조제2항제1호,토계촌,제주특별자치도 서귀포시 일주동로 8884(호근동),,0,1,0,0,0,0,0,0,0,관광진흥과,0647603943,상시,,,민간,수세식,N,N,,N,N,,,2024-07-19,I,2026-05-15 18:43:45,2024-07-22 14:45:50,33.2549553,126.5398841
6520000,202465200000100449,개방화장실,법제3조제5호,애기업은돌체육공원,제주특별자치도 서귀포시 신효동 657-2,,1,1,0,0,0,0,1,0,0,기후환경과,0647606535,상시,,,공공기관-지방자치단체,수거식,Y,Y,남자화장실+여자화장실,N,N,,,2024-07-19,I,2026-05-15 18:43:45,2024-07-22 14:45:51,33.2666736,126.6107291
6520000,202465200000100603,개방화장실,법제3조제6호,올레 쉼터,제주특별자치도 일주동로5661번길 97,,0,1,0,0,0,0,0,0,0,표선면,0647604463,상시,,,공공기관-지방자치단체,수거식,Y,Y,남자화장실+여자화장실,N,N,,,2024-07-19,I,2026-05-15 18:43:45,2024-07-22 14:45:53,33.3325352,126.8435202
6520000,202465200000100642,개방화장실,법제3조제16호-영제3조제1항제1호,대천동주민센터,제주특별자치도 서귀포시 도순로 44(도순동),,3,4,0,0,0,0,3,1,0,대천동,0647604797,정시,09:00~18:00,,공공기관-지방자치단체,수세식,Y,Y,남자화장실+여자화장실,Y,Y,여자화장실,,2024-07-19,I,2026-05-15 18:43:45,2024-07-22 14:45:54,33.2507621,126.4775399
6520000,202465200000100458,개방화장실,법제3조제1호,거린사슴전망대,제주특별자치도 서귀포시 대포동 산2-1,,1,1,0,0,0,0,1,0,0,기후환경과,0647606535,상시,,,공공기관-지방자치단체,수거식,Y,Y,남자화장실+여자화장실,N,N,,,2024-07-19,I,2026-05-15 18:43:45,2024-07-22 14:45:51,33.3065802,126.4516621
6520000,202465200000100465,개방화장실,법제3조제5호,바람모루공원 공중화장실,제주특별자치도 서귀포시 서호동 1601,,4,4,1,0,0,0,8,1,0,공원녹지과,0647603193,상시,,,공공기관-지방자치단체,수세식,Y,Y,장애인화장실+남자화장실+여자화장실,N,N,,,2024-07-19,I,2026-05-15 18:43:45,2024-07-22 14:45:51,33.2524789,126.5175541
6520000,202465200000100680,개방화장실,법제3조제16호-영제3조제1항제6호,서귀포학생문화원,제주특별자치도 서귀포시 중앙로150번길4-1,,2,5,1,0,0,0,10,1,0,도 교육청(서귀포학생문화원),0647304517,정시,09:00~18:00,,공공기관-국가,수거식,Y,Y,장애인화장실+남자화장실+여자화장실,N,N,,,2024-07-19,I,2026-05-15 18:43:45,2024-07-22 14:45:54,33.2586197,126.5619523
6520000,202465200000100641,개방화장실,법제3조제16호-영제3조제1항제1호,대륜동주민센터,제주특별자치도 서귀포시 일주동로 9185,,9,6,0,0,0,0,15,0,0,대륜동,0647604771,정시,09:00~18:00,,공공기관-지방자치단체,수세식,Y,Y,장애인화장실,Y,N,,,2024-07-19,I,2026-05-15 18:43:45,2024-07-22 14:45:54,33.2481875,126.5111842
6520000,202465200000100426,개방화장실,법제3조제17호-영제3조제2항제1호,민우상가(구월드컵PC촌),제주특별자치도 서귀포시 법환동 748,,2,2,0,0,0,0,2,0,0,기후환경과,0647606535,상시,,,민간,수세식,Y,Y,남자화장실+여자화장실,N,N,,,2024-07-19,I,2026-05-15 18:43:45,2024-07-22 14:45:51,33.2507286,126.5094853
6520000,202465200000100648,개방화장실,법제3조제17호-영제3조제2항제1호,논짓물,제주특별자치도 서귀포시 예래해안로253,,1,2,0,0,0,0,4,0,0,예래동,0647604863,상시,,,공공기관-지방자치단체,수거식,Y,Y,장애인화장실+남자화장실+여자화장실,N,N,,,2024-07-19,I,2026-05-15 18:43:45,2024-07-22 14:45:54,33.2367604,126.3885510
6520000,202465200000100679,개방화장실,법제3조제16호-영제3조제1항제4호,동부농업기술센터 농기계임대사업소 분소(성읍)2층,제주특별자치도 제주특별자치도 서귀포시 표선면 성읍리 434-3,,1,2,0,0,0,0,1,0,0,농업기술원(동부농업기술센터),0647607613,정시,09:00~18:00,,공공기관-지방자치단체,수거식,Y,N,,N,N,,,2024-07-19,I,2026-05-15 18:43:45,2024-07-22 14:45:54,33.4009132,126.8091371
6520000,202465200000100394,개방화장실,법제3조제2호,감귤박물관 뮤지엄숍 화장실,제주특별자치도 서귀포시 효돈순환로 441,,2,4,1,0,0,0,4,1,0,관광지관리소,0647606400,상시,,,공공기관-지방자치단체,수거식,Y,Y,남자화장실+여자화장실,N,Y,여자화장실,,2024-07-19,I,2026-05-15 18:43:45,2024-07-22 14:45:50,33.2715930,126.6074285
6520000,202465200000100398,개방화장실,법제3조제2호,감귤박물관 야외화장실,제주특별자치도 서귀포시 효돈순환로 441,,2,4,0,0,0,0,4,0,0,관광지관리소,0647606400,상시,,,공공기관-지방자치단체,수거식,Y,Y,남자화장실+여자화장실,N,N,,,2024-07-19,I,2026-05-15 18:43:45,2024-07-22 14:45:50,33.2715930,126.6074285
6520000,202465200000100497,개방화장실,법제3조제2호,서귀포자연휴양림3,제주특별자치도 서귀포시 대포동 산1-8,,3,3,0,0,0,0,4,0,0,산림휴양관리소,0647603063,상시,,,공공기관-지방자치단체,수거식,Y,Y,장애인화장실+여자화장실,N,N,,,2024-07-19,I,2026-05-15 18:43:45,2024-07-22 14:45:52,33.3107804,126.4597765
6520000,202465200000100528,개방화장실,법제3조제16호-영제3조제1항제5호,신풍보건진료소,제주특별자치도 서귀포시 성산읍 풍천로192번길 40-1,,0,0,0,0,0,0,1,0,0,동부보건소,0647606379,정시,09:00~18:00,,공공기관-지방자치단체,수세식,Y,N,,N,N,,,2024-07-19,I,2026-05-15 18:43:45,2024-07-22 14:45:53,33.3612111,126.8388508
6520000,202465200000100569,개방화장실,법제3조제16호-영제3조제1항제6호,위미문화의 집,제주특별자치도 남원읍 태위로 105,,2,3,0,0,0,0,4,0,0,남원읍,0647604198,정시,09:00~18:00,,공공기관-지방자치단체,수세식,Y,Y,장애인화장실+남자화장실+여자화장실,N,N,,,2024-07-19,I,2026-05-15 18:43:45,2024-07-22 14:45:53,33.2750105,126.6585881
6520000,202465200000100563,개방화장실,법제3조제16호-영제3조제1항제2호,동부노인복지회관,제주특별자치도 남원읍 남한로 67,,3,9,0,0,0,0,6,0,0,남원읍,0647604136,정시,09:00~18:00,,공공기관-지방자치단체,수세식,Y,Y,남자화장실+여자화장실,N,N,,,2024-07-19,I,2026-05-15 18:43:45,2024-07-22 14:45:53,33.2842655,126.7148724
6520000,202465200000100675,개방화장실,법제3조제16호-영제3조제1항제4호,제다원초가집,제주특별자치도 남원읍 하례리 1559-1,,1,3,0,0,0,0,4,0,0,농업기술원(서귀포농업기술센터),0647607815,정시,09:00~18:00,,공공기관-지방자치단체,수세식,Y,Y,남자화장실+여자화장실,N,N,,,2024-07-19,I,2026-05-15 18:43:45,2024-07-22 14:45:54,33.2881261,126.6102678
6520000,202465200000100334,개방화장실,법제3조제17호-영제3조제2항제1호,고정화할망집,제주특별자치도 서귀포시 성산읍 난산로41번길 74-1,,0,1,0,0,0,0,0,0,0,관광진흥과,0647603943,정시,09:00~18:00,,민간,수세식,N,N,,N,N,,,2024-07-19,I,2026-05-15 18:43:45,2024-07-22 14:45:50,33.3979644,126.8647375
6520000,202465200000100627,개방화장실,법제3조제2호,하효항 화장실,제주특별자치도  서귀포시 하효동 999,,1,1,0,0,0,0,2,0,0,효돈동,0647604642,상시,,,공공기관-지방자치단체,수거식,Y,Y,장애인화장실+남자화장실+여자화장실,N,N,,,2024-07-19,I,2026-05-15 18:43:45,2024-07-22 14:45:54,33.2505830,126.6208832
6520000,202465200000100588,개방화장실,법제3조제17호-영제3조제2항제1호,오조리 올레길 공중화장실,제주특별자치도 서귀포시 성산읍 오조리 214,,1,1,0,0,0,0,2,0,0,성산읍,0647604262,상시,,,공공기관-지방자치단체,수거식,Y,Y,남자화장실+여자화장실,N,N,,,2024-07-19,I,2026-05-15 18:43:45,2024-07-22 14:45:53,33.4620761,126.9192434
6520000,202465200000100386,개방화장실,법제3조제16호-영제3조제1항제1호,중앙도서관,제주특별자치도  서귀포시 김정문화로 32,,11,16,3,0,0,0,10,3,0,도서관운영사무소,0647603682,정시,08:00~23:00,,공공기관-지방자치단체,수세식,Y,N,,N,N,,,2024-07-19,I,2026-05-15 18:43:45,2024-07-22 14:45:50,33.2514162,126.5076206
6520000,202465200000100453,개방화장실,법제3조제1호,엉또폭포,제주특별자치도 서귀포시 강정동 1561-1,,1,1,0,0,0,0,1,0,0,기후환경과,0647606535,상시,,,공공기관-지방자치단체,수거식,Y,Y,남자화장실+여자화장실,N,N,,,2024-07-19,I,2026-05-15 18:43:45,2024-07-22 14:45:51,33.2671230,126.4979708
6520000,202465200000100413,공중화장실,법제3조제4호,서귀포오일시장-1,제주특별자치도 서귀포시 토평서로11번길 150 (동홍동),,2,2,0,0,0,0,3,0,0,경제일자리과,0647602634,상시,,,공공기관-지방자치단체,수거식,Y,Y,남자화장실+여자화장실,N,N,,,2024-07-19,I,2026-05-15 18:43:45,2024-07-22 14:45:51,33.2665213,126.5732903
6520000,202465200000100360,개방화장실,법제3조제17호-영제3조제2항제1호,정난주마리아묘?,제주특별자치도 서귀포시 대정읍 추사로247번길 102,,2,4,0,0,0,0,3,0,0,관광진흥과,0647603943,정시,09:00~18:00,,민간,수세식,N,N,,N,N,,,2024-07-19,I,2026-05-15 18:43:45,2024-07-22 14:45:50,33.2535555,126.2607716
6520000,202465200000100530,개방화장실,법제3조제16호-영제3조제1항제5호,삼달보건진료소,제주특별자치도 서귀포시 성산읍 삼달로 215,,0,0,0,0,0,0,1,0,0,동부보건소,0647606381,정시,09:00~18:00,,공공기관-지방자치단체,수세식,Y,N,,N,N,,,2024-07-19,I,2026-05-15 18:43:45,2024-07-22 14:45:53,33.3742666,126.8467640
6520000,202465200000100374,개방화장실,법제3조제13호,88체육관(올림픽기념국민생활관),제주특별자치도 서귀포시 중산간서로 97 (강정동),,11,29,0,0,0,0,22,0,0,체육진흥과,0647603658,정시,06:00~22:00,,공공기관-지방자치단체,수거식,Y,Y,남자화장실+여자화장실,Y,Y,여자화장실,,2024-07-19,I,2026-05-15 18:43:45,2024-07-22 14:45:50,33.2611801,126.4995073
6520000,202465200000100336,개방화장실,법제3조제17호-영제3조제2항제1호,제주스타치㈜,제주특별자치도 서귀포시 표선면 일주동로5661번길 58,,1,1,0,0,0,0,0,0,0,관광진흥과,0647603943,상시,,,민간,수세식,N,N,,N,N,,,2024-07-19,I,2026-05-15 18:43:45,2024-07-22 14:45:50,33.3354528,126.8464835
6520000,202465200000100308,개방화장실,법제3조제16호-영제3조제1항제6호,하효청소년문화의집,제주특별자치도 서귀포시 하효중앙로 132,,1,1,0,0,0,0,1,0,0,여성가족과,0647604888,정시,09:00~20:00,,공공기관-지방자치단체,수거식,Y,Y,남자화장실+여자화장실,N,N,,,2024-07-19,I,2026-05-15 18:43:45,2024-07-22 14:45:50,33.2620195,126.6189108
6520000,202465200000100591,개방화장실,법제3조제16호-영제3조제1항제1호,안덕체육관(본관),제주특별자치도 안덕면 화순서서로 59,,3,5,0,0,0,0,6,0,0,안덕면,0647604312,정시,09:00~18:00,,공공기관-지방자치단체,수세식,Y,Y,장애인화장실+남자화장실+여자화장실,N,N,,,2024-07-19,I,2026-05-15 18:43:45,2024-07-22 14:45:53,33.2549408,126.3285704
6520000,202465200000100415,개방화장실,법제3조제16호-영제3조제1항제2호,서귀포천문과학문화관,제주특별자치도 서귀포시 1100로 506-1,,4,4,1,0,0,0,8,1,0,경제일자리과,0647606492,정시,14:00~22:00,,공공기관-지방자치단체,수거식,Y,Y,장애인화장실+남자화장실+여자화장실,Y,Y,여자화장실,,2024-07-19,I,2026-05-15 18:43:45,2024-07-22 14:45:51,33.2888520,126.4604137
6520000,202465200000100666,개방화장실,법제3조제2호,성산일출봉,제주특별자치도  서귀포시 성산읍 성산리 114-3,,3,5,0,0,0,0,10,0,0,세계유산본부(자연문화재과),0647107922,정시,07:00~20:00,,공공기관-지방자치단체,수세식,Y,Y,장애인화장실+남자화장실+여자화장실,N,Y,여자화장실,,2024-07-19,I,2026-05-15 18:43:45,2024-07-22 14:45:54,33.4620443,126.9352943
6520000,202465200000100499,개방화장실,법제3조제2호,서귀포자연휴양림,제주특별자치도 서귀포시 대포동 산1-8,,1,1,0,0,0,0,1,0,0,산림휴양관리소,0647603063,상시,,,공공기관-지방자치단체,수거식,Y,Y,남자화장실+여자화장실,N,N,,,2024-07-19,I,2026-05-15 18:43:45,2024-07-22 14:45:52,33.3107804,126.4597765
6520000,202465200000100340,개방화장실,법제3조제17호-영제3조제2항제1호,토산2리게이트볼장,제주특별자치도 서귀포시 표선면 토산리 427-4,,0,1,0,0,0,0,0,0,0,관광진흥과,0647603943,상시,,,민간,수세식,N,N,,N,N,,,2024-07-19,I,2026-05-15 18:43:45,2024-07-22 14:45:50,33.3070575,126.7819049
6520000,202465200000100321,개방화장실,법제3조제16호-영제3조제1항제6호,5코스 안내소,제주특별자치도 서귀포시 남원읍 남원리 91-6,,3,2,1,0,0,0,3,0,0,관광진흥과,0647603943,상시,,,공공기관-지방자치단체,수세식,Y,Y,남자화장실+여자화장실,N,N,,,2024-07-19,I,2026-05-15 18:43:45,2024-07-22 14:45:50,33.2778088,126.7196633
6520000,202465200000100610,개방화장실,법제3조제17호-영제3조제2항제1호,표선해수욕장(주차장),제주특별자치도 민속해안로 592,,5,5,1,0,0,0,9,1,0,표선면,0647604463,상시,,,공공기관-지방자치단체,수세식,Y,Y,장애인화장실+남자화장실+여자화장실,N,N,,,2024-07-19,I,2026-05-15 18:43:45,2024-07-22 14:45:53,33.3256339,126.8424107
6520000,202465200000100369,개방화장실,법제3조제13호,걸매축구장-2,제주특별자치도 서귀포시서홍로 4-26 걸매축구장,,4,5,0,0,0,0,3,0,0,체육진흥과,0647603319,상시,,,공공기관-지방자치단체,수거식,Y,Y,남자화장실+여자화장실,N,N,,,2024-07-19,I,2026-05-15 18:43:45,2024-07-22 14:45:50,33.2491966,126.5545014
6520000,202465200000100668,개방화장실,법제3조제1호,영실 관리사무소 화장실,제주특별자치도 서귀포시 영실로 246,,3,4,1,0,0,0,5,1,0,세계유산본부(한라산국립공원관리소),0647107826,상시,,,공공기관-지방자치단체,수세식,Y,Y,남자화장실+여자화장실,N,N,,,2024-07-19,I,2026-05-15 18:43:45,2024-07-22 14:45:54,33.3401037,126.4805131
6520000,202465200000100320,개방화장실,법제3조제16호-영제3조제1항제6호,민속촌주차장,제주특별자치도 서귀포시 표선면 표선리 40-77,,3,3,0,0,0,0,3,0,0,관광진흥과,0647602654,상시,,,공공기관-지방자치단체,수세식,Y,Y,남자화장실+여자화장실,N,N,,,2024-07-19,I,2026-05-15 18:43:45,2024-07-22 14:45:50,33.3242692,126.8431868
6520000,202465200000100359,개방화장실,법제3조제17호-영제3조제2항제1호,모슬포낚시편의점,제주특별자치도 서귀포시 대정읍 최남단해안로125번길 3,,1,1,0,0,0,0,1,0,0,관광진흥과,0647603943,정시,05:00~22:00,,민간,수세식,N,N,,N,N,,,2024-07-19,I,2026-05-15 18:43:45,2024-07-22 14:45:50,33.2116752,126.2570271
6520000,202465200000100674,개방화장실,법제3조제16호-영제3조제1항제4호,바람의언덕초가집,제주특별자치도 중산간동로 7327,,4,3,1,0,0,0,6,1,0,농업기술원(서귀포농업기술센터),0647607815,정시,09:00~18:00,,공공기관-지방자치단체,수거식,Y,Y,장애인화장실+남자화장실+여자화장실,N,N,,,2024-07-19,I,2026-05-15 18:43:45,2024-07-22 14:45:54,33.2891088,126.6112149
6520000,202465200000100288,개방화장실,법제3조제16호-영제3조제1항제1호,서귀포시자기주도학습지원센터,제주특별자치도 서귀포시 동홍중앙로7번길 19,,2,4,1,0,0,0,4,1,0,평생교육과,0647603962,정시,09:00~18:00,,공공기관-지방자치단체,수거식,Y,Y,장애인화장실+남자화장실+여자화장실,N,N,,,2024-07-19,I,2026-05-15 18:43:45,2024-07-22 14:45:49,33.2512952,126.5703232
6520000,202465200000100330,개방화장실,법제3조제17호-영제3조제2항제1호,충남식당,제주특별자치도 서귀포시 성산읍 성산등용로 94,,0,1,0,0,0,0,0,0,0,관광진흥과,0647603943,정시,07:00~18:00,,민간,수세식,N,N,,N,N,,,2024-07-19,I,2026-05-15 18:43:45,2024-07-22 14:45:50,33.4698350,126.9300520
6520000,202465200000100600,개방화장실,법제3조제17호-영제3조제2항제1호,서광동리곶자왈,제주특별자치도 안덕면 서광리 산 6,,1,1,0,0,0,0,1,0,0,안덕면,0647604363,상시,,,공공기관-지방자치단체,수거식,Y,Y,남자화장실+여자화장실,N,N,,,2024-07-19,I,2026-05-15 18:43:45,2024-07-22 14:45:53,33.2820754,126.3367549
6520000,202465200000100651,개방화장실,법제3조제17호-영제3조제2항제1호,IUCN 나눔의 숲,제주특별자치도 서귀포시 안덕면 동광리 786-1,,1,2,0,0,0,0,3,0,0,환경정책과,0647102854,정시,09:00~18:00,,공공기관-지방자치단체,수거식,Y,Y,남자화장실+여자화장실,N,Y,여자화장실,,2024-07-19,I,2026-05-15 18:43:45,2024-07-22 14:45:54,33.3048632,126.3413159
6520000,202465200000100576,개방화장실,법제3조제13호,성산생활체육관(국민체육센터),제주특별자치도 서귀포시 성산읍 일주동로 4024,,4,10,2,2,0,0,17,2,0,성산읍,0647842274,정시,09:00~18:00,,공공기관-지방자치단체,수거식,Y,Y,남자화장실+여자화장실,N,N,,,2024-07-19,I,2026-05-15 18:43:45,2024-07-22 14:45:53,33.4667462,126.9045603
6520000,202465200000100460,개방화장실,법제3조제5호,삼매봉,제주특별자치도 서귀포시 호근동 321,,1,1,0,0,0,0,1,0,0,기후환경과,0647606535,상시,,,공공기관-지방자치단체,수거식,Y,Y,남자화장실+여자화장실,N,N,,,2024-07-19,I,2026-05-15 18:43:45,2024-07-22 14:45:51,33.2439278,126.5459312
6520000,202465200000100598,개방화장실,법제3조제17호-영제3조제2항제1호,화순곶자왈,제주특별자치도 안덕면 화순서동로 151,,1,0,0,0,0,0,1,0,0,안덕면,0647604363,상시,,,공공기관-지방자치단체,수거식,Y,Y,남자화장실+여자화장실,N,N,,,2024-07-19,I,2026-05-15 18:43:45,2024-07-22 14:45:53,33.2634799,126.3323639
6520000,202465200000100352,개방화장실,법제3조제17호-영제3조제2항제1호,제남아동센터,제주특별자치도 서귀포시 서호호근로 183-11(서호동),,1,1,0,0,0,0,2,0,0,관광진흥과,0647603943,상시,,,민간,수세식,N,N,,N,N,,,2024-07-19,I,2026-05-15 18:43:45,2024-07-22 14:45:50,33.2633634,126.5210355
6520000,202465200000100527,개방화장실,법제3조제16호-영제3조제1항제5호,가시보건진료소,제주특별자치도 서귀포시 표선면 가시로613번길 56-1,,0,0,0,0,0,0,1,0,0,동부보건소,0647606378,정시,09:00~18:00,,공공기관-지방자치단체,수거식,Y,N,,N,N,,,2024-07-19,I,2026-05-15 18:43:45,2024-07-22 14:45:53,33.3541034,126.7712611
6520000,202465200000100501,개방화장실,법제3조제2호,서귀포자연휴양림,제주특별자치도 서귀포시 대포동 산1-8,,1,1,0,0,0,0,1,0,0,산림휴양관리소,0647603063,상시,,,공공기관-지방자치단체,수거식,Y,Y,남자화장실+여자화장실,N,N,,,2024-07-19,I,2026-05-15 18:43:45,2024-07-22 14:45:52,33.3107804,126.4597765
6520000,202465200000100474,개방화장실,법제3조제5호,대청공원 공중화장실,제주특별자치도 서귀포시 신서로38,,1,2,0,0,0,0,1,0,0,공원녹지과,0647603193,상시,,,공공기관-지방자치단체,수세식,Y,Y,남자화장실+여자화장실,Y,N,,,2024-07-19,I,2026-05-15 18:43:45,2024-07-22 14:45:52,33.2534051,126.5051655
6520000,202465200000100517,개방화장실,법제3조제16호-영제3조제1항제5호,동부보건소,제주특별자치도 서귀포시 남원읍 태위로 527,,8,8,1,0,0,0,13,1,0,동부보건소,0647606115,정시,09:00~18:00,,공공기관-지방자치단체,수거식,Y,N,,N,Y,여자화장실,,2024-07-19,I,2026-05-15 18:43:45,2024-07-22 14:45:52,33.2756285,126.7034249
6520000,202465200000100622,개방화장실,법제3조제5호,샛기정공원 화장실,제주특별자치도 서귀포시 태평로 330,,3,3,0,0,0,0,3,0,0,천지동,0647604603,상시,,,공공기관-지방자치단체,수거식,Y,Y,남자화장실+여자화장실,N,Y,여자화장실,,2024-07-19,I,2026-05-15 18:43:45,2024-07-22 14:45:54,33.2468225,126.5564910
