주차장관리번호,주차장명,주차장유형,소재지도로명주소,소재지지번주소,주차구획수,요금정보,위도,경도
405-2-000001,금능리 1428,노외,,제주특별자치도 제주시 한림읍 금능리 1428,13,무료,33.3889435,126.2318909
405-2-000002,금능리 1537,노외,,제주특별자치도 제주시 한림읍 금능리 1537,23,무료,33.3888675,126.2262186
405-2-000003,금능리 2016 외,노외,,제주특별자치도 제주시 한림읍 금능리 2016,85,무료,,
405-2-000004,대림리 1717-2,노외,,제주특별자치도 제주시 한림읍 대림리 1717-2,207,무료,33.4205592,126.2733313
405-2-000005,대림리 1820-32,노외,,제주특별자치도 제주시 한림읍 대림리 1820-32,4,무료,33.4172118,126.2643182
405-2-000006,수원리 31-3,노외,,제주특별자치도 제주시 한림읍 수원리 31-3,6,무료,33.4259873,126.2694675
405-2-000007,수원리 572-2,노외,,제주특별자치도 제주시 한림읍 수원리 572-2,8,무료,33.4276895,126.2680581
405-2-000008,옹포리 239-1,노외,,제주특별자치도 제주시 한림읍 옹포리 239-1,21,무료,33.4049901,126.2562069
405-2-000009,옹포리 295-11,노외,,제주특별자치도 제주시 한림읍 옹포리 295-11,29,무료,33.4058864,126.2577471
405-2-000010,옹포리 495-2,노외,,제주특별자치도 제주시 한림읍 옹포리 495-2,7,무료,33.4047729,126.2516428
405-2-000011,옹포리 569,노외,,제주특별자치도 제주시 한림읍 옹포리 569,10,무료,33.4036147,126.2516756
405-2-000012,한림리 1011,노외,,제주특별자치도 제주시 한림읍 한림리 1011,12,무료,33.4147995,126.2695222
405-2-000013,한림리 1028-1,노외,,제주특별자치도 제주시 한림읍 한림리 1028-1,12,무료,33.414335,126.2676179
405-2-000014,"한림리 1051-1, 1051-3",노외,,제주특별자치도 제주시 한림읍 한림리 1051-1,9,무료,33.4139891,126.2662358
405-2-000015,한림리 1074-1,노외,,제주특별자치도 제주시 한림읍 한림리 1074-1,17,무료,33.4144369,126.2649542
405-2-000016,한림리 1140-2,노외,,제주특별자치도 제주시 한림읍 한림리 1140-2,5,무료,33.4134504,126.2665437
405-2-000017,한림리 1194-2,노외,,제주특별자치도 제주시 한림읍 한림리 1194-2,14,무료,33.4124462,126.2656249
405-2-000018,한림리 1197-4,노외,,제주특별자치도 제주시 한림읍 한림리 1197-4,7,무료,33.4119054,126.2654529
405-2-000019,한림 상두거리,노외,,제주특별자치도 제주시 한림읍 한림리 1198-3,124,유료,33.4124838,126.2653233
405-2-000020,한림리 1213-2,노외,,제주특별자치도 제주시 한림읍 한림리 1213-2,4,무료,33.4143822,126.2645531
405-2-000021,한림리 1281-9,노외,,제주특별자치도 제주시 한림읍 한림리 1281-9,17,무료,33.4161776,126.2659504
405-2-000022,"한림리 1304-10, 1304-11, 1287-7",노외,,제주특별자치도 제주시 한림읍 한림리 1304-10,31,무료,33.4157407,126.2656516
405-2-000023,한림리 1314-160,노외,,제주특별자치도 제주시 한림읍 한림리 1314-160,12,무료,33.4169588,126.2636417
405-2-000024,한림리 1314-163,노외,,제주특별자치도 제주시 한림읍 한림리 1314-163,8,무료,33.4169464,126.2638374
405-2-000025,한림리 1328-63,노외,,제주특별자치도 제주시 한림읍 한림리 1328-63,6,무료,33.415945,126.2625377
405-2-000026,"한림리 1333-24, 1333-37",노외,,제주특별자치도 제주시 한림읍 한림리 1333-24,11,무료,33.414362,126.2618837
405-2-000027,한림리 1368-1,노외,,제주특별자치도 제주시 한림읍 한림리 1368-1,6,무료,33.4138694,126.2623741
405-2-000028,"한림리 1368-3,1368-7,1333-9,1333-12",노외,,제주특별자치도 제주시 한림읍 한림리 1368-3,30,무료,33.4139001,126.2621283
405-2-000029,한림리 1371-36,노외,,제주특별자치도 제주시 한림읍 한림리 1371-36,2,무료,33.4134198,126.2611363
405-2-000030,"한림리 1389-2,4,7, 1446-10",노외,,제주특별자치도 제주시 한림읍 한림리 1389-2,31,무료,33.4129715,126.2623552
405-2-000031,"한림리 1397,1397-1,1438-1",노외,,제주특별자치도 제주시 한림읍 한림리 1397,10,무료,33.413395,126.2628457
405-2-000032,한림리 551-8,노외,,제주특별자치도 제주시 한림읍 한림리 551-8,6,무료,33.4149975,126.2706427
405-2-000033,한림리 905-12,노외,,제주특별자치도 제주시 한림읍 한림리 905-12,7,무료,33.4117521,126.268233
405-2-000034,한림리 905-35,노외,,제주특별자치도 제주시 한림읍 한림리 905-35,17,무료,33.4112873,126.2687027
405-2-000035,한림리 905-5,노외,,제주특별자치도 제주시 한림읍 한림리 905-5,10,무료,33.4109991,126.2674246
405-2-000037,"한림리 1022-2, 1023-3",노외,,제주특별자치도 제주시 한림읍 한림리 1022-2,33,무료,33.4148061,126.2678807
405-2-000038,"협재리 1467-1, 1468-1",노외,,제주특별자치도 제주시 한림읍 협재리 1467-1,25,무료,33.3979662,126.2448461
405-2-000039,"협재리 1603, 1604, 1909, 1910-1",노외,,제주특별자치도 제주시 한림읍 협재리 1603,37,무료,33.3967466,126.245008
405-2-000040,협재리 1666-1,노외,,제주특별자치도 제주시 한림읍 협재리 1666-1,7,무료,33.3977362,126.2433941
405-2-000041,협재리 1689-2,노외,,제주특별자치도 제주시 한림읍 협재리 1689-2,8,무료,33.3976125,126.2430604
405-2-000042,협재리 2514,노외,,제주특별자치도 제주시 한림읍 협재리 2514,44,무료,33.3930848,126.240701
405-2-000043,협재리 2514-20,노외,,제주특별자치도 제주시 한림읍 협재리 2514-20,10,무료,33.3929265,126.2408952
405-2-000044,협재리 2516,노외,,제주특별자치도 제주시 한림읍 협재리 2516,15,무료,33.3928519,126.2407674
405-2-000045,협재리 2517-1,노외,,제주특별자치도 제주시 한림읍 협재리 2517-1,5,무료,33.3928056,126.2413213
405-2-000046,협재리 2872,노외,,제주특별자치도 제주시 한림읍 협재리 2872,17,무료,33.3819839,126.2546073
405-1-000048,"한림서길 31, 한림남1길 21",노상,제주특별자치도 제주시 한림읍 한림서길 31,,36,무료,33.4093677,126.259868
405-1-000049,한림남1길 21,노상,제주특별자치도 제주시 한림읍 한림남1길 21,,2,무료,33.4125773,126.2671021
405-2-000051,수원리 27-6,노외,,제주특별자치도 제주시 한림읍 수원리 27-6,9,무료,33.4272586,126.2702784
405-2-000053,수원리 497-1,노외,,제주특별자치도 제주시 한림읍 수원리 497-1,7,무료,33.4281217,126.2674146
405-2-000054,수원리 768-1,노외,,제주특별자치도 제주시 한림읍 수원리 768-1,12,무료,33.4240135,126.2657665
405-2-000055,한림리 1001-1,노외,,제주특별자치도 제주시 한림읍 한림리 1001-1,53,무료,33.4135733,126.2693786
405-2-000056,"수원리 643-2, 643-5",노외,,제주특별자치도 제주시 한림읍 수원리 643-2,24,무료,33.4283806,126.2664804
405-2-000057,옹포리 127-5,노외,,제주특별자치도 제주시 한림읍 옹포리 127-5,6,무료,33.4030763,126.2543369
405-2-000059,고내리 461-1,노외,,제주특별자치도 제주시 애월읍 고내리 461-1,15,무료,33.4699467,126.3406765
405-2-000060,고내리 834-4,노외,,제주특별자치도 제주시 애월읍 고내리 834-4,11,무료,33.4630288,126.3342032
405-2-000061,곽지리 1587-1 외,노외,,제주특별자치도 제주시 애월읍 곽지리 1587-1,70,무료,,
405-2-000062,구엄리 1130-1,노외,,제주특별자치도 제주시 애월읍 구엄리 1130-1,6,무료,33.4785042,126.375862
405-2-000063,구엄리 1136,노외,,제주특별자치도 제주시 애월읍 구엄리 1136,22,무료,33.4808099,126.3763869
405-2-000064,금성리 286-1,노외,,제주특별자치도 제주시 애월읍 금성리 286-1,13,무료,33.4396564,126.302349
405-2-000065,금성리 554-2,노외,,제주특별자치도 제주시 애월읍 금성리 554-2,22,무료,33.4457791,126.3006291
405-2-000066,금성리 599-4,노외,,제주특별자치도 제주시 애월읍 금성리 599-4,12,무료,33.4447275,126.3004094
405-2-000067,"납읍리 1576-19,20,1",노외,,제주특별자치도 제주시 애월읍 납읍리 1576-19,9,무료,33.4385647,126.3302547
405-2-000068,"상귀리 1008-1, 1006",노외,,제주특별자치도 제주시 애월읍 상귀리 1008-1,50,무료,33.4525845,126.4090772
405-2-000069,신엄리 1020,노외,,제주특별자치도 제주시 애월읍 신엄리 1020,11,무료,33.4743528,126.3661872
405-2-000070,신엄리 1282,노외,,제주특별자치도 제주시 애월읍 신엄리 1282,30,무료,33.4722547,126.3671146
405-2-000071,신엄리 1284-1,노외,,제주특별자치도 제주시 애월읍 신엄리 1284-1,15,무료,33.4719845,126.3667224
405-2-000072,신엄리 1386-3,노외,,제주특별자치도 제주시 애월읍 신엄리 1386-3,9,무료,33.4690151,126.3681771
405-2-000073,"신엄리 1729-1, 1728-1",노외,,제주특별자치도 제주시 애월읍 신엄리 1729-1,12,무료,33.4619805,126.3685381
405-2-000074,신엄리 1796-1,노외,,제주특별자치도 제주시 애월읍 신엄리 1796-1,15,무료,33.4559341,126.3697953
405-2-000075,신엄리 2564,노외,,제주특별자치도 제주시 애월읍 신엄리 2564,7,무료,33.4735011,126.3650491
405-2-000076,신엄리 2665-1,노외,,제주특별자치도 제주시 애월읍 신엄리 2665-1,5,무료,33.4746289,126.3652405
405-2-000077,애월리 1506,노외,,제주특별자치도 제주시 애월읍 애월리 1506,6,무료,33.4630106,126.3179023
405-2-000078,애월리 1544-2,노외,,제주특별자치도 제주시 애월읍 애월리 1544-2,9,무료,33.4644134,126.3188373
405-2-000079,애월리 1680-1,노외,,제주특별자치도 제주시 애월읍 애월리 1680-1,11,무료,33.4654863,126.3195161
405-2-000080,애월리 1710-1,노외,,제주특별자치도 제주시 애월읍 애월리 1710-1,9,무료,33.4652119,126.3200348
405-2-000081,애월리 2060-2,노외,,제주특별자치도 제주시 애월읍 애월리 2060-2,13,무료,33.4651361,126.3165218
405-2-000082,애월리 2109-1,노외,,제주특별자치도 제주시 애월읍 애월리 2109-1,20,무료,33.4641539,126.3171491
405-2-000083,애월리 354-1애월리 353-3,노외,,제주특별자치도 제주시 애월읍 애월리 354-1,17,무료,33.4632302,126.329198
405-2-000084,유수암리 1843-3,노외,,제주특별자치도 제주시 애월읍 유수암리 1843-3,8,무료,33.439902,126.4029597
405-2-000085,유수암리648,노외,,제주특별자치도 제주시 애월읍 유수암리648,20,무료,33.4413659,126.4063509
405-2-000086,장전리 453-2,노외,,제주특별자치도 제주시 애월읍 장전리 453-2,15,무료,33.450796,126.3884854
405-2-000087,하귀1리 118-1,노외,,제주특별자치도 제주시 애월읍 하귀1리 118-1,11,무료,33.4859219,126.4144106
405-2-000088,하귀1리 118-2,노외,,제주특별자치도 제주시 애월읍 하귀1리 118-2,35,무료,33.4859874,126.4146221
405-2-000089,하귀1리 123-10,노외,,제주특별자치도 제주시 애월읍 하귀1리 123-10,16,무료,33.4862947,126.4159109
405-2-000090,하귀1리 130-7,노외,,제주특별자치도 제주시 애월읍 하귀1리 130-7,15,무료,33.484828,126.415065
405-2-000091,하귀1리 130-9,노외,,제주특별자치도 제주시 애월읍 하귀1리 130-9,14,무료,33.4845392,126.4152431
405-2-000092,하귀1리 137-7,노외,,제주특별자치도 제주시 애월읍 하귀1리 137-7,24,무료,33.4848204,126.4156624
405-2-000093,하귀1리 138-6,노외,,제주특별자치도 제주시 애월읍 하귀1리 138-6,16,무료,33.4851364,126.4161977
405-2-000094,하귀1리 138-7,노외,,제주특별자치도 제주시 애월읍 하귀1리 138-7,18,무료,33.4850266,126.4162927
405-2-000095,하귀1리 139-3,노외,,제주특별자치도 제주시 애월읍 하귀1리 139-3,18,무료,33.4859569,126.4164264
405-2-000096,하귀1리 144-1,노외,,제주특별자치도 제주시 애월읍 하귀1리 144-1,10,무료,33.4863557,126.4171939
405-2-000097,하귀1리 146-1,노외,,제주특별자치도 제주시 애월읍 하귀1리 146-1,11,무료,33.486873,126.418425
405-2-000098,하귀1리 146-11,노외,,제주특별자치도 제주시 애월읍 하귀1리 146-11,13,무료,33.4866499,126.4192842
405-2-000099,하귀1리 146-4,노외,,제주특별자치도 제주시 애월읍 하귀1리 146-4,14,무료,,
405-2-000100,하귀1리 146-5,노외,,제주특별자치도 제주시 애월읍 하귀1리 146-5,14,무료,33.486827,126.4192898
405-2-000101,"하귀1리 148-3, 148-4",노외,,제주특별자치도 제주시 애월읍 하귀1리 148-3,30,무료,33.4862319,126.4190428
405-2-000102,하귀1리 149-3,노외,,제주특별자치도 제주시 애월읍 하귀1리 149-3,6,무료,33.4860231,126.419304
405-2-000103,하귀1리 149-5,노외,,제주특별자치도 제주시 애월읍 하귀1리 149-5,6,무료,33.4862267,126.4197478
405-2-000104,하귀1리 150-12,노외,,제주특별자치도 제주시 애월읍 하귀1리 150-12,16,무료,33.4852917,126.418149
405-2-000105,하귀1리 150-3,노외,,제주특별자치도 제주시 애월읍 하귀1리 150-3,20,무료,33.4854668,126.4180837
405-2-000106,하귀1리 153-1,노외,,제주특별자치도 제주시 애월읍 하귀1리 153-1,14,무료,33.4851436,126.4172725
405-2-000107,하귀1리 153-3,노외,,제주특별자치도 제주시 애월읍 하귀1리 153-3,15,무료,33.4850422,126.4175648
405-2-000108,하귀1리 153-4,노외,,제주특별자치도 제주시 애월읍 하귀1리 153-4,13,무료,33.4848738,126.4176693
405-2-000109,하귀1리 153-9,노외,,제주특별자치도 제주시 애월읍 하귀1리 153-9,20,무료,33.4849801,126.4173619
405-2-000110,하귀1리 154-3,노외,,제주특별자치도 제주시 애월읍 하귀1리 154-3,16,무료,33.4849951,126.4170527
405-2-000111,하귀1리 155-10,노외,,제주특별자치도 제주시 애월읍 하귀1리 155-10,9,무료,33.4845218,126.4169051
405-2-000112,하귀1리 155-4,노외,,제주특별자치도 제주시 애월읍 하귀1리 155-4,12,무료,33.4843403,126.4177578
405-2-000113,하귀1리 156-5,노외,,제주특별자치도 제주시 애월읍 하귀1리 156-5,9,무료,33.4843676,126.4166765
405-2-000114,하귀1리 158-2,노외,,제주특별자치도 제주시 애월읍 하귀1리 158-2,15,무료,33.4841725,126.415498
405-2-000115,하귀1리 160-4,노외,,제주특별자치도 제주시 애월읍 하귀1리 160-4,6,무료,33.4831628,126.415111
405-2-000116,하귀1리 162-1,노외,,제주특별자치도 제주시 애월읍 하귀1리 162-1,7,무료,33.482552,126.4147461
405-2-000118,하귀1리 176-3,노외,,제주특별자치도 제주시 애월읍 하귀1리 176-3,16,무료,33.4857652,126.4139086
405-2-000119,하귀1리 189-1,노외,,제주특별자치도 제주시 애월읍 하귀1리 189-1,23,무료,33.4853623,126.4127355
405-2-000120,하귀1리 192-8,노외,,제주특별자치도 제주시 애월읍 하귀1리 192-8,16,무료,33.4836423,126.4123279
405-2-000121,하귀1리 195-17,노외,,제주특별자치도 제주시 애월읍 하귀1리 195-17,16,무료,,
405-2-000122,하귀1리 195-2,노외,,제주특별자치도 제주시 애월읍 하귀1리 195-2,15,무료,33.4850569,126.4131787
405-2-000123,하귀1리 196-10,노외,,제주특별자치도 제주시 애월읍 하귀1리 196-10,12,무료,33.4844051,126.4121613
405-2-000124,하귀1리 196-9,노외,,제주특별자치도 제주시 애월읍 하귀1리 196-9,14,무료,33.4844805,126.4123309
405-2-000125,하귀1리 197-7,노외,,제주특별자치도 제주시 애월읍 하귀1리 197-7,12,무료,33.4836448,126.4126547
405-2-000126,하귀1리 200-3,노외,,제주특별자치도 제주시 애월읍 하귀1리 200-3,9,무료,33.4836259,126.4141923
405-2-000127,하귀1리 214-17,노외,,제주특별자치도 제주시 애월읍 하귀1리 214-17,12,무료,33.4819253,126.4125155
405-2-000128,하귀1리 214-24,노외,,제주특별자치도 제주시 애월읍 하귀1리 214-24,17,무료,33.4816583,126.4128025
405-2-000129,하귀1리 218-3,노외,,제주특별자치도 제주시 애월읍 하귀1리 218-3,16,무료,33.4804523,126.4138427
405-2-000130,"하귀1리 220-2,3",노외,,제주특별자치도 제주시 애월읍 하귀1리 220-2,27,무료,33.4812997,126.4135375
405-2-000131,하귀1리 235-4,노외,,제주특별자치도 제주시 애월읍 하귀1리 235-4,11,무료,33.4819444,126.4133156
405-2-000132,하귀1리 238-4,노외,,제주특별자치도 제주시 애월읍 하귀1리 238-4,18,무료,33.4812148,126.4138325
405-2-000133,하귀1리 549-16,노외,,제주특별자치도 제주시 애월읍 하귀1리 549-16,25,무료,33.4847728,126.4108216
405-2-000134,하귀2리 1315-1,노외,,제주특별자치도 제주시 애월읍 하귀2리 1315-1,16,무료,33.4798514,126.4063365
405-2-000135,하귀2리 1752-1,노외,,제주특별자치도 제주시 애월읍 하귀2리 1752-1,25,무료,33.4807871,126.4013159
405-2-000136,하귀2리 1781-3,노외,,제주특별자치도 제주시 애월읍 하귀2리 1781-3,4,무료,33.4814725,126.4015562
405-2-000137,하귀2리 1782-1,노외,,제주특별자치도 제주시 애월읍 하귀2리 1782-1,4,무료,33.4814524,126.4014237
405-2-000138,하귀2리 1892-1,노외,,제주특별자치도 제주시 애월읍 하귀2리 1892-1,17,무료,33.4796335,126.4033249
405-2-000139,"하귀2리 2975-1, 2975-3",노외,,제주특별자치도 제주시 애월읍 하귀2리 2975-1,10,무료,33.4772565,126.3927879
405-2-000140,"하귀2리 1752-5, 6",노외,,제주특별자치도 제주시 애월읍 하귀2리 1752-5,24,무료,33.4804996,126.4009759
405-2-000141,곽지리 1953-3,노외,,제주특별자치도 제주시 애월읍 곽지리 1953-3,29,무료,33.4456353,126.3083005
405-2-000142,"소길리 774, 772-15, 772-14",노외,,제주특별자치도 제주시 애월읍 소길리 774,27,무료,33.4369297,126.3783457
405-2-000143,신엄리 3009-4,노외,,제주특별자치도 제주시 애월읍 신엄리 3009-4,45,무료,33.4700113,126.3593574
405-1-000144,"애월로 101, 109",노상,제주특별자치도 제주시 애월읍 애월로 101,,19,무료,33.4648338,126.3181547
405-1-000145,"애월해안로 232-1, 고내로7길 49",노상,제주특별자치도 제주시 애월읍 애월해안로 232-1,,12,무료,33.4671355,126.336781
405-1-000146,고내리 1156-4,노상,,제주특별자치도 제주시 애월읍 고내리 1156-4,15,무료,33.4671394,126.3371921
405-1-000147,"수산4길 40, 2",노상,제주특별자치도 제주시 애월읍 수산4길 40,,18,무료,33.4688957,126.3917251
405-1-000148,"하귀1리 1376, 하귀로17길 6",노상,,제주특별자치도 제주시 애월읍 하귀1리 1376,7,무료,,
405-1-000149,"하귀로17길 7, 9",노상,제주특별자치도 제주시 애월읍 하귀로17길 7,,5,무료,33.4819471,126.4069488
405-1-000150,"하귀로17길 11, 13",노상,제주특별자치도 제주시 애월읍 하귀로17길 11,,3,무료,33.4814599,126.4070497
405-1-000151,"하귀로13길 6, 8",노상,제주특별자치도 제주시 애월읍 하귀로13길 6,,5,무료,33.4835962,126.4092548
405-1-000152,"하귀로13길 6, 8",노상,제주특별자치도 제주시 애월읍 하귀로13길 6,,5,무료,33.4835962,126.4092548
405-1-000153,"하귀로13길 10, 12",노상,제주특별자치도 제주시 애월읍 하귀로13길 10,,4,무료,33.4832798,126.4095562
405-1-000154,"하귀동남3길 3, 9",노상,제주특별자치도 제주시 애월읍 하귀동남3길 3,,5,무료,33.4834337,126.4127997
405-1-000155,"하귀1리 201-10, 하귀11길 32",노상,,제주특별자치도 제주시 애월읍 하귀1리 201-10,7,무료,,
405-1-000156,"하귀1리 212-9, 212-8",노상,,제주특별자치도 제주시 애월읍 하귀1리 212-9,4,무료,33.482862,126.4135598
405-1-000157,"하귀11길 29, 하광로 49",노상,제주특별자치도 제주시 애월읍 하귀11길 29,,11,무료,33.4834994,126.4140549
405-1-000158,하귀1리 159,노상,,제주특별자치도 제주시 애월읍 하귀1리 159,14,무료,33.4826558,126.4145584
405-1-000159,하귀11길 3-19,노상,제주특별자치도 제주시 애월읍 하귀11길 3-19,,1,무료,33.4858973,126.4134137
405-1-000160,"하귀1리 561, 하귀1리공영주차장앞",노상,,제주특별자치도 제주시 애월읍 하귀1리 561,3,무료,33.4832718,126.4142794
405-1-000161,"하귀1리 118-1, 하귀9길 8",노상,,제주특별자치도 제주시 애월읍 하귀1리 118-1,6,무료,,
405-1-000162,하귀1리 116-3,노상,,제주특별자치도 제주시 애월읍 하귀1리 116-3,4,무료,33.4866069,126.4152093
405-1-000163,"하귀1리 119-1, 119-2",노상,,제주특별자치도 제주시 애월읍 하귀1리 119-1,4,무료,33.4863148,126.4152751
405-1-000164,"하귀3길 35, 31",노상,제주특별자치도 제주시 애월읍 하귀3길 35,,5,무료,33.4864654,126.4158408
405-1-000165,"하귀1리 140-2, 140-5",노상,,제주특별자치도 제주시 애월읍 하귀1리 140-2,9,무료,33.485792,126.4170107
405-1-000166,"하귀5길 14, 30",노상,제주특별자치도 제주시 애월읍 하귀5길 14,,12,무료,33.4861913,126.4168232
405-1-000167,"하귀1리 146-14, 146-9",노상,,제주특별자치도 제주시 애월읍 하귀1리 146-14,7,무료,33.4867436,126.4186189
405-1-000168,하귀1리 148-2,노상,,제주특별자치도 제주시 애월읍 하귀1리 148-2,2,무료,33.486312,126.4191829
405-1-000169,"하귀1리 153-2, 하귀7길 41",노상,,제주특별자치도 제주시 애월읍 하귀1리 153-2,7,무료,,
405-1-000170,"하귀1리 150-1, 하귀7길 45",노상,,제주특별자치도 제주시 애월읍 하귀1리 150-1,7,무료,,
405-1-000171,"하귀1리 152-2, 149-1",노상,,제주특별자치도 제주시 애월읍 하귀1리 152-2,14,무료,33.4849841,126.4180786
405-1-000172,"하귀로25길 14-1, 14-3",노상,제주특별자치도 제주시 애월읍 하귀로25길 14-1,,4,무료,33.4788451,126.4006838
405-1-000173,"하소로 15-1, 하귀로25길 14-4",노상,제주특별자치도 제주시 애월읍 하소로 15-1,,5,무료,33.4788179,126.4000791
405-1-000174,"하귀로25길 14-3, 26",노상,제주특별자치도 제주시 애월읍 하귀로25길 14-3,,7,무료,33.4786818,126.4006399
405-1-000175,"하귀로25길 9-6, 14-3",노상,제주특별자치도 제주시 애월읍 하귀로25길 9-6,,10,무료,33.4790236,126.4011502
405-1-000176,"하귀로25길 13, 19",노상,제주특별자치도 제주시 애월읍 하귀로25길 13,,8,무료,33.4791121,126.4007473
405-1-000177,하귀로21길 30,노상,제주특별자치도 제주시 애월읍 하귀로21길 30,,12,무료,33.4796335,126.4033249
405-1-000178,하귀로21길 31,노상,제주특별자치도 제주시 애월읍 하귀로21길 31,,5,무료,33.4793315,126.4035201
405-1-000179,하귀2리 1378-12,노상,,제주특별자치도 제주시 애월읍 하귀2리 1378-12,8,무료,33.4816528,126.4059988
405-1-000180,"엄수로 49, 구엄리 1012-4",노상,제주특별자치도 제주시 애월읍 엄수로 49,,10,무료,33.4708619,126.3798484
405-1-000181,구엄리 1009-3,노상,,제주특별자치도 제주시 애월읍 구엄리 1009-3,4,무료,33.4717052,126.3793225
405-1-000182,"엄수로 34, 구엄리 1027-1",노상,제주특별자치도 제주시 애월읍 엄수로 34,,14,무료,33.4720995,126.3791651
405-1-000183,구엄리 1285-5,노상,,제주특별자치도 제주시 애월읍 구엄리 1285-5,11,무료,33.4826941,126.3760786
405-1-000184,"구엄길 90, 84",노상,제주특별자치도 제주시 애월읍 구엄길 90,,5,무료,33.4822099,126.3759833
405-1-000185,"구엄길 70, 구엄리 1136-7",노상,제주특별자치도 제주시 애월읍 구엄길 70,,6,무료,33.4806341,126.3763404
405-1-000186,구엄길 68,노상,제주특별자치도 제주시 애월읍 구엄길 68,,2,무료,33.4804532,126.3763817
405-1-000187,"구엄리 1135-1, 1132",노상,,제주특별자치도 제주시 애월읍 구엄리 1135-1,9,무료,33.4793321,126.3767341
405-1-000188,"구엄리 1112-10, 구엄길 29",노상,,제주특별자치도 제주시 애월읍 구엄리 1112-10,19,무료,,
405-1-000189,"구엄길 25, 13",노상,제주특별자치도 제주시 애월읍 구엄길 25,,14,무료,33.476521,126.3760778
405-1-000190,고성리 443-1,노상,,제주특별자치도 제주시 애월읍 고성리 443-1,2,무료,33.4580904,126.4161088
405-1-000191,고성6길 5,노상,제주특별자치도 제주시 애월읍 고성6길 5,,4,무료,33.4578899,126.4153987
405-1-000192,신엄8길 13,노상,제주특별자치도 제주시 애월읍 신엄8길 13,,12,무료,33.4702319,126.3680079
405-1-000193,엄수로 63,노상,제주특별자치도 제주시 애월읍 엄수로 63,,4,무료,33.470291,126.3811111
405-1-000194,신엄리 2806,노상,,제주특별자치도 제주시 애월읍 신엄리 2806,12,무료,33.477042,126.354079
405-2-000195,신엄리 786-1,노외,,제주특별자치도 제주시 애월읍 신엄리 786-1,19,무료,33.4740076,126.3731182
405-2-000196,"하귀1리 144-8, 144-9, 144-10",노외,,제주특별자치도 제주시 애월읍 하귀1리 144-8,26,무료,33.4861235,126.4180649
405-2-000197,고성리 1448-1,노외,,제주특별자치도 제주시 애월읍 고성리 1448-1,26,무료,33.4657783,126.4096967
405-2-000198,광령리 3066,노외,,제주특별자치도 제주시 애월읍 광령리 3066,9,무료,33.4491447,126.4296375
405-2-000199,하귀1리 193-1,노외,,제주특별자치도 제주시 애월읍 하귀1리 193-1,8,무료,33.4833331,126.4125269
405-2-000200,수산리 1779-8,노외,,제주특별자치도 제주시 애월읍 수산리 1779-8,6,무료,,
405-2-000201,김녕리 1230,노외,,제주특별자치도 제주시 구좌읍 김녕리 1230,8,무료,33.5572942,126.7544188
405-2-000202,김녕리 1407-1,노외,,제주특별자치도 제주시 구좌읍 김녕리 1407-1,8,무료,33.5568016,126.7498899
405-2-000203,"김녕리 1425, 1412",노외,,제주특별자치도 제주시 구좌읍 김녕리 1425,16,무료,33.5573218,126.7505436
405-2-000204,김녕리 1542-1,노외,,제주특별자치도 제주시 구좌읍 김녕리 1542-1,10,무료,33.5561302,126.7511398
405-2-000205,"김녕리 1578-1, 2",노외,,제주특별자치도 제주시 구좌읍 김녕리 1578-1,25,무료,33.5565556,126.7498531
405-2-000206,김녕리 1589-1,노외,,제주특별자치도 제주시 구좌읍 김녕리 1589-1,12,무료,33.5564244,126.7490985
405-2-000207,김녕리 2222,노외,,제주특별자치도 제주시 구좌읍 김녕리 2222,18,무료,33.5547109,126.7484163
405-2-000208,김녕리 2229,노외,,제주특별자치도 제주시 구좌읍 김녕리 2229,16,무료,33.5543812,126.7485492
405-2-000209,김녕리 3650,노외,,제주특별자치도 제주시 구좌읍 김녕리 3650,14,무료,33.5552254,126.746266
405-2-000210,김녕리 3872,노외,,제주특별자치도 제주시 구좌읍 김녕리 3872,9,무료,33.5565003,126.7467448
405-2-000211,김녕리 3891,노외,,제주특별자치도 제주시 구좌읍 김녕리 3891,14,무료,33.5559321,126.7471095
405-2-000212,"김녕리 4018, 4020",노외,,제주특별자치도 제주시 구좌읍 김녕리 4018,25,무료,33.5581525,126.7466603
405-2-000213,"김녕리 492-1, 493-3",노외,,제주특별자치도 제주시 구좌읍 김녕리 492-1,76,무료,33.5583978,126.7626978
405-2-000214,동복리 1543-2,노외,,제주특별자치도 제주시 구좌읍 동복리 1543-2,31,무료,33.5535219,126.7133995
405-2-000215,동복리 1572-1,노외,,제주특별자치도 제주시 구좌읍 동복리 1572-1,9,무료,33.5534458,126.7144502
405-2-000216,세화리 1415-1,노외,,제주특별자치도 제주시 구좌읍 세화리 1415-1,21,무료,33.5228783,126.8571176
405-2-000217,"세화리 1452-12, 1454-8",노외,,제주특별자치도 제주시 구좌읍 세화리 1452-12,12,무료,33.5237646,126.855777
405-2-000218,세화리 1491-2,노외,,제주특별자치도 제주시 구좌읍 세화리 1491-2,44,무료,33.5242848,126.8566849
405-2-000219,"세화리 1500-5, 1500-45",노외,,제주특별자치도 제주시 구좌읍 세화리 1500-5,15,무료,33.5261861,126.857297
405-2-000220,세화리 1507-1,노외,,제주특별자치도 제주시 구좌읍 세화리 1507-1,93,무료,33.5247028,126.8561309
405-2-000221,세화리 1515-2,노외,,제주특별자치도 제주시 구좌읍 세화리 1515-2,24,무료,33.5244489,126.8547267
405-2-000222,세화리 1536-2,노외,,제주특별자치도 제주시 구좌읍 세화리 1536-2,9,무료,33.523248,126.8545714
405-2-000223,세화리 3641-1,노외,,제주특별자치도 제주시 구좌읍 세화리 3641-1,20,무료,33.5268905,126.8562701
405-2-000224,세화리 3644-4,노외,,제주특별자치도 제주시 구좌읍 세화리 3644-4,6,무료,33.5263998,126.8562007
405-2-000225,월정리 1400-5,노외,,제주특별자치도 제주시 구좌읍 월정리 1400-5,20,무료,33.5638772,126.7830662
405-2-000226,"월정리 481, 480",노외,,제주특별자치도 제주시 구좌읍 월정리 481,11,무료,33.5546414,126.7936569
405-2-000227,월정리 555-2,노외,,제주특별자치도 제주시 구좌읍 월정리 555-2,9,무료,33.5571038,126.7944163
405-2-000228,"월정리 555-4, 555-6",노외,,제주특별자치도 제주시 구좌읍 월정리 555-4,34,무료,33.5573037,126.7943496
405-2-000229,평대리 3164-1,노외,,제주특별자치도 제주시 구좌읍 평대리 3164-1,196,무료,33.4912424,126.8102477
405-2-000230,"평대리 3351, 3351-1",노외,,제주특별자치도 제주시 구좌읍 평대리 3351,66,무료,33.5249521,126.8531791
405-2-000231,하도리 3204-1,노외,,제주특별자치도 제주시 구좌읍 하도리 3204-1,124,무료,33.5226716,126.8643443
405-2-000232,"하도리 46, 46-6",노외,,제주특별자치도 제주시 구좌읍 하도리 46,113,무료,33.5141751,126.8988825
405-2-000233,한동리 1184,노외,,제주특별자치도 제주시 구좌읍 한동리 1184,16,무료,33.5372602,126.8289148
405-2-000234,한동리 4849-7,노외,,제주특별자치도 제주시 구좌읍 한동리 4849-7,214,무료,33.5418352,126.8152467
405-2-000235,행원리 1537-32,노외,,제주특별자치도 제주시 구좌읍 행원리 1537-32,17,무료,33.5551269,126.8000791
405-2-000236,행원리 655-1,노외,,제주특별자치도 제주시 구좌읍 행원리 655-1,18,무료,33.5552969,126.8098976
405-1-000237,"세평항로 45, 47",노상,제주특별자치도 제주시 구좌읍 세평항로 45,,2,무료,33.5273326,126.8550258
405-1-000238,세화리 3641-6,노상,,제주특별자치도 제주시 구좌읍 세화리 3641-6,3,무료,33.5272799,126.8554212
405-1-000239,세평항로 38,노상,제주특별자치도 제주시 구좌읍 세평항로 38,,3,무료,33.5266219,126.8550179
405-1-000240,세평항로 39,노상,제주특별자치도 제주시 구좌읍 세평항로 39,,1,무료,33.5267762,126.854633
405-1-000241,평대리 3349-1,노상,,제주특별자치도 제주시 구좌읍 평대리 3349-1,3,무료,33.5264236,126.8543915
405-1-000242,세화리 3642-1,노상,,제주특별자치도 제주시 구좌읍 세화리 3642-1,2,무료,33.5262563,126.8547973
405-1-000243,평대리 3350-1,노상,,제주특별자치도 제주시 구좌읍 평대리 3350-1,2,무료,33.5261233,126.8541974
405-1-000244,세평항로 21,노상,제주특별자치도 제주시 구좌읍 세평항로 21,,1,무료,,
405-1-000245,"세평항로 28, 26",노상,제주특별자치도 제주시 구좌읍 세평항로 28,,2,무료,33.5257323,126.8544628
405-1-000246,세평항로 22,노상,제주특별자치도 제주시 구좌읍 세평항로 22,,2,무료,33.5252629,126.8540853
405-1-000247,세평항로 13,노상,제주특별자치도 제주시 구좌읍 세평항로 13,,10,무료,33.5245913,126.8529079
405-1-000248,세평항로 16,노상,제주특별자치도 제주시 구좌읍 세평항로 16,,2,무료,33.5248848,126.8538645
405-1-000249,세평항로 12,노상,제주특별자치도 제주시 구좌읍 세평항로 12,,3,무료,33.5245326,126.8536224
405-1-000250,"세화리 3647-7, 세화3길 27",노상,,제주특별자치도 제주시 구좌읍 세화리 3647-7,24,무료,,
405-1-000251,"세화3길 27, 세화3길 27",노상,제주특별자치도 제주시 구좌읍 세화3길 27,,3,무료,33.5259469,126.8558217
405-1-000252,세화3길 25,노상,제주특별자치도 제주시 구좌읍 세화3길 25,,8,무료,33.525762,126.8560503
405-1-000253,"구좌로 26, 세화리 1536-10",노상,제주특별자치도 제주시 구좌읍 구좌로 26,,5,무료,33.5234072,126.8542526
405-1-000254,세화2길 11,노상,제주특별자치도 제주시 구좌읍 세화2길 11,,2,무료,33.5225611,126.8561397
405-1-000255,"세화리 1384, 세화7길 32",노상,,제주특별자치도 제주시 구좌읍 세화리 1384,13,무료,,
405-1-000256,"세화7길 40, 48",노상,제주특별자치도 제주시 구좌읍 세화7길 40,,24,무료,33.5230458,126.8613796
405-1-000257,세화리 4,노상,,제주특별자치도 제주시 구좌읍 세화리 4,8,무료,33.5222965,126.8622296
405-1-000258,세화11길 18,노상,제주특별자치도 제주시 구좌읍 세화11길 18,,8,무료,33.5224671,126.8610409
405-1-000260,세화리 36-1,노상,,제주특별자치도 제주시 구좌읍 세화리 36-1,1,무료,33.5211308,126.8608332
405-2-000261,김녕리 1686-1,노외,,제주특별자치도 제주시 구좌읍 김녕리 1686-1,39,무료,33.5545357,126.751906
405-2-000262,하도리 1528-3(문주란로5길 11),노외,,제주특별자치도 제주시 구좌읍 하도리 1528-3,10,무료,33.5197859,126.8862763
405-2-000263,김녕리 1270-9,노외,,제주특별자치도 제주시 구좌읍 김녕리 1270-9,15,무료,33.5581851,126.7545846
405-2-000264,북촌리 1285-1,노외,,제주특별자치도 제주시 조천읍 북촌리 1285-1,6,무료,33.5497114,126.6929536
405-2-000265,북촌리 491,노외,,제주특별자치도 제주시 조천읍 북촌리 491,10,무료,33.5499944,126.6947784
405-2-000266,북촌리 497,노외,,제주특별자치도 제주시 조천읍 북촌리 497,5,무료,33.5501345,126.6954537
405-2-000267,북촌리 498-1,노외,,제주특별자치도 제주시 조천읍 북촌리 498-1,13,무료,33.5499586,126.6955478
405-2-000268,북촌리 572-2,노외,,제주특별자치도 제주시 조천읍 북촌리 572-2,6,무료,33.5496384,126.6949477
405-2-000269,신촌리 2001,노외,,제주특별자치도 제주시 조천읍 신촌리 2001,15,무료,33.537189,126.6216551
405-2-000270,신촌리 2347-1,노외,,제주특별자치도 제주시 조천읍 신촌리 2347-1,7,무료,33.5363074,126.6161734
405-2-000271,신촌리 2391-1,노외,,제주특별자치도 제주시 조천읍 신촌리 2391-1,7,무료,33.5369423,126.6155144
405-2-000272,신촌리 2404-1,노외,,제주특별자치도 제주시 조천읍 신촌리 2404-1,7,무료,33.5377236,126.6137619
405-2-000273,신촌리 2415-1,노외,,제주특별자치도 제주시 조천읍 신촌리 2415-1,16,무료,33.5367878,126.6140659
405-2-000274,신촌리 2542-1,노외,,제주특별자치도 제주시 조천읍 신촌리 2542-1,7,무료,33.5346828,126.6159132
405-2-000275,신촌리 2714-5,노외,,제주특별자치도 제주시 조천읍 신촌리 2714-5,150,무료,33.5255706,126.6178297
405-2-000276,신흥리 125-3,노외,,제주특별자치도 제주시 조천읍 신흥리 125-3,22,무료,33.5483863,126.6511853
405-2-000277,신흥리 514,노외,,제주특별자치도 제주시 조천읍 신흥리 514,8,무료,33.5473582,126.650812
405-2-000278,신흥리 530-5,노외,,제주특별자치도 제주시 조천읍 신흥리 530-5,120,무료,33.5484209,126.650537
405-2-000279,신흥리 530-8,노외,,제주특별자치도 제주시 조천읍 신흥리 530-8,73,무료,33.5480648,126.6503448
405-2-000280,신흥리 531-1,노외,,제주특별자치도 제주시 조천읍 신흥리 531-1,3,무료,33.5478957,126.649846
405-2-000281,신흥리 595-1,노외,,제주특별자치도 제주시 조천읍 신흥리 595-1,5,무료,33.5471426,126.6493294
405-2-000282,조천리 1157 외,노외,,제주특별자치도 제주시 조천읍 조천리 1157,101,무료,,
405-2-000283,조천리 2206-2,노외,,제주특별자치도 제주시 조천읍 조천리 2206-2,61,무료,33.5338614,126.6351151
405-2-000284,조천리 2209,노외,,제주특별자치도 제주시 조천읍 조천리 2209,58,무료,33.5341534,126.635116
405-2-000285,조천리 2317-1,노외,,제주특별자치도 제주시 조천읍 조천리 2317-1,46,무료,33.5358447,126.6373263
405-2-000286,"조천리 2317-8, 2318-2",노외,,제주특별자치도 제주시 조천읍 조천리 2317-8,83,무료,33.5361684,126.6374213
405-2-000288,조천리 2340-1,노외,,제주특별자치도 제주시 조천읍 조천리 2340-1,73,무료,33.5370605,126.6392286
405-2-000289,조천리 2489,노외,,제주특별자치도 제주시 조천읍 조천리 2489,12,무료,33.5390432,126.637525
405-2-000290,조천리 2496,노외,,제주특별자치도 제주시 조천읍 조천리 2496,16,무료,33.5389014,126.6373605
405-2-000291,조천리 2653-1,노외,,제주특별자치도 제주시 조천읍 조천리 2653-1,22,무료,33.5399482,126.6388343
405-2-000292,조천리 2682-1,노외,,제주특별자치도 제주시 조천읍 조천리 2682-1,12,무료,,
405-2-000293,조천리 2685-2,노외,,제주특별자치도 제주시 조천읍 조천리 2685-2,14,무료,33.5397481,126.6367835
405-2-000294,조천리 2804-1,노외,,제주특별자치도 제주시 조천읍 조천리 2804-1,23,무료,33.5408114,126.637534
405-2-000295,"조천리 2908, 2909-1,2",노외,,제주특별자치도 제주시 조천읍 조천리 2908,14,무료,33.5418444,126.6367522
405-2-000296,"함덕리 1002-83, 1004-5, 6",노외,,제주특별자치도 제주시 조천읍 함덕리 1002-83,221,무료,33.5413406,126.6693165
405-2-000297,"함덕리 1024-2,3",노외,,제주특별자치도 제주시 조천읍 함덕리 1024-2,10,무료,33.5448252,126.662191
405-2-000298,함덕리 1034,노외,,제주특별자치도 제주시 조천읍 함덕리 1034,13,무료,33.5451042,126.6617207
405-2-000299,함덕리 1086-1,노외,,제주특별자치도 제주시 조천읍 함덕리 1086-1,7,무료,33.5402159,126.663187
405-2-000300,함덕리 1119,노외,,제주특별자치도 제주시 조천읍 함덕리 1119,7,무료,33.5396613,126.6631583
405-2-000301,함덕리 1175-1,노외,,제주특별자치도 제주시 조천읍 함덕리 1175-1,15,무료,33.5405245,126.6635022
405-2-000302,함덕리 1258,노외,,제주특별자치도 제주시 조천읍 함덕리 1258,5,무료,33.5417705,126.6643203
405-2-000303,함덕리 1433,노외,,제주특별자치도 제주시 조천읍 함덕리 1433,8,무료,33.5383226,126.6651987
405-2-000304,함덕리 1467,노외,,제주특별자치도 제주시 조천읍 함덕리 1467,25,무료,33.5388663,126.6634172
405-2-000306,함덕리 239-2,노외,,제주특별자치도 제주시 조천읍 함덕리 239-2,4,무료,33.5430165,126.6733569
405-2-000307,함덕리 272-14,노외,,제주특별자치도 제주시 조천읍 함덕리 272-14,7,무료,33.5421474,126.6734059
405-2-000308,함덕리 272-24,노외,,제주특별자치도 제주시 조천읍 함덕리 272-24,25,무료,33.542473,126.6727221
405-2-000309,함덕리 272-26,노외,,제주특별자치도 제주시 조천읍 함덕리 272-26,6,무료,33.5423525,126.6722803
405-2-000310,함덕리 272-57,노외,,제주특별자치도 제주시 조천읍 함덕리 272-57,10,무료,33.5404521,126.6736479
405-2-000311,함덕리 3113-2,노외,,제주특별자치도 제주시 조천읍 함덕리 3113-2,24,무료,33.546055,126.6618923
405-2-000312,함덕리 4144-1,노외,,제주특별자치도 제주시 조천읍 함덕리 4144-1,10,무료,33.5398372,126.6737815
405-2-000313,함덕리 4156,노외,,제주특별자치도 제주시 조천읍 함덕리 4156,10,무료,33.5396705,126.6744826
405-2-000314,함덕리 4158,노외,,제주특별자치도 제주시 조천읍 함덕리 4158,9,무료,33.5389733,126.6757029
405-2-000315,함덕리 4166-6,노외,,제주특별자치도 제주시 조천읍 함덕리 4166-6,12,무료,33.538846,126.6761705
405-2-000316,함덕리 921-2,노외,,제주특별자치도 제주시 조천읍 함덕리 921-2,8,무료,33.5383559,126.6676199
405-2-000317,함덕리 972,노외,,제주특별자치도 제주시 조천읍 함덕리 972,14,무료,33.5402527,126.6679607
405-1-000318,신촌3길 21,노상,제주특별자치도 제주시 조천읍 신촌3길 21,,7,무료,33.534899,126.6183463
405-1-000319,곱은달길 19,노상,제주특별자치도 제주시 조천읍 곱은달길 19,,8,무료,33.5141628,126.6712812
405-1-000320,대흘리 520-3,노상,,제주특별자치도 제주시 조천읍 대흘리 520-3,5,무료,33.513268,126.6709072
405-1-000321,대흘리 520-9,노상,,제주특별자치도 제주시 조천읍 대흘리 520-9,5,무료,33.5132707,126.6712454
405-2-000323,함덕리 4166-5,노외,,제주특별자치도 제주시 조천읍 함덕리 4166-5,13,무료,33.5388611,126.6759712
405-2-000324,함덕리 266-3,노외,,제주특별자치도 제주시 조천읍 함덕리 266-3,7,무료,33.5426279,126.6742921
405-2-000325,조천리 1328-6,노외,,제주특별자치도 제주시 조천읍 조천리 1328-6,6,무료,33.5371911,126.6400472
405-2-000326,북촌리 490,노외,,제주특별자치도 제주시 조천읍 북촌리 490,6,무료,33.5499917,126.6946497
405-2-000327,조천리 2520-6,노외,,제주특별자치도 제주시 조천읍 조천리 2520-6,7,무료,33.5374422,126.637083
405-2-000328,"고산리 1547-1,2",노외,,제주특별자치도 제주시 한경면 고산리 1547-1,25,무료,33.3032578,126.1911553
405-2-000329,고산리 1727,노외,,제주특별자치도 제주시 한경면 고산리 1727,11,무료,33.2974323,126.1950497
405-2-000330,"고산리 1918-1, 1918-2",노외,,제주특별자치도 제주시 한경면 고산리 1918-1,27,무료,33.3020244,126.1890109
405-2-000331,고산리 451,노외,,제주특별자치도 제주시 한경면 고산리 451,27,무료,33.3030201,126.1983569
405-2-000332,신창리 232-2,노외,,제주특별자치도 제주시 한경면 신창리 232-2,17,무료,33.3495799,126.1846468
405-2-000333,신창리 581,노외,,제주특별자치도 제주시 한경면 신창리 581,83,무료,33.3451694,126.1816903
405-2-000334,신창리 582,노외,,제주특별자치도 제주시 한경면 신창리 582,12,무료,33.3453242,126.1817331
405-2-000335,신창리 586,노외,,제주특별자치도 제주시 한경면 신창리 586,19,무료,33.3450989,126.1817729
405-2-000336,신창리 587,노외,,제주특별자치도 제주시 한경면 신창리 587,8,무료,33.3452067,126.1819497
405-2-000337,신창리 588,노외,,제주특별자치도 제주시 한경면 신창리 588,8,무료,33.3450508,126.1819066
405-2-000338,신창리 589,노외,,제주특별자치도 제주시 한경면 신창리 589,7,무료,33.3449471,126.181818
405-2-000339,신창리 705-1,노외,,제주특별자치도 제주시 한경면 신창리 705-1,51,무료,33.3452153,126.1838483
405-2-000340,판포리 2863,노외,,제주특별자치도 제주시 한경면 판포리 2863,25,무료,33.3644983,126.2002807
405-2-000341,금등리 612-1,노외,,제주특별자치도 제주시 한경면 금등리 612-1,18,무료,33.3605493,126.1956976
405-1-000342,판포리 2898-4,노상,,제주특별자치도 제주시 한경면 판포리 2898-4,9,무료,33.3649296,126.1960532
405-1-000343,"고산로 23-1, 고산리 3422-51",노상,제주특별자치도 제주시 한경면 고산로 23-1,,17,무료,33.3032482,126.1793969
405-1-000344,"고산로 24, 4",노상,제주특별자치도 제주시 한경면 고산로 24,,19,무료,33.3031381,126.1796542
405-1-000345,"고산로 85, 29",노상,제주특별자치도 제주시 한경면 고산로 85,,48,무료,33.3084193,126.1772674
405-1-000346,"고산리 2605-3, 고산로 32",노상,,제주특별자치도 제주시 한경면 고산리 2605-3,43,무료,,
405-1-000347,판포리 2877-5,노상,,제주특별자치도 제주시 한경면 판포리 2877-5,27,무료,33.365745,126.1972642
405-2-000348,"대서리 4-21, 39",노외,,제주특별자치도 제주시 추자면 대서리 4-21,23,무료,33.9623885,126.2977869
405-2-000349,신양리 434-10,노외,,제주특별자치도 제주시 추자면 신양리 434-10,30,무료,33.9449884,126.3288633
405-1-000350,추자로 98,노상,제주특별자치도 제주시 추자면 추자로 98,,4,무료,33.9595259,126.2965499
405-2-000351,대서리 110-2,노외,,제주특별자치도 제주시 추자면 대서리 110-2,5,무료,33.9632009,126.2932513
405-2-000352,대서리 173-3,노외,,제주특별자치도 제주시 추자면 대서리 173-3,5,무료,33.9615228,126.2932683
405-2-000353,예초리 215-1,노외,,제주특별자치도 제주시 추자면 예초리 215-1,4,무료,33.955008,126.3336059
405-2-000354,묵리 386,노외,,제주특별자치도 제주시 추자면 묵리 386,8,무료,,
405-2-000355,신양리 610-1,노외,,제주특별자치도 제주시 추자면 신양리 610-1,3,무료,33.9429478,126.3214614
405-2-000356,영흥리 256,노외,,제주특별자치도 제주시 추자면 영흥리 256,4,무료,33.9592244,126.2960262
405-2-000357,신양리 817-1,노외,,제주특별자치도 제주시 추자면 신양리 817-1,6,무료,33.9412107,126.3211742
405-2-000358,대서리 37-2,노외,,제주특별자치도 제주시 추자면 대서리 37-2,5,무료,33.9634741,126.2958051
405-2-000359,"신양리 782, 783-4",노외,,제주특별자치도 제주시 추자면 신양리 782,13,무료,33.9414307,126.3197854
405-2-000360,영흥리 362,노외,,제주특별자치도 제주시 추자면 영흥리 362,4,무료,33.9600793,126.2960756
405-2-000361,예초리 266,노외,,제주특별자치도 제주시 추자면 예초리 266,7,무료,33.9541396,126.332782
405-2-000362,묵리 374,노외,,제주특별자치도 제주시 추자면 묵리 374,6,무료,33.9456663,126.3156068
405-2-000363,영흥리 362,노외,,제주특별자치도 제주시 추자면 영흥리 362,4,무료,33.9600793,126.2960756
405-2-000364,연평리 611-1,노외,,제주특별자치도 제주시 우도면 연평리 611-1,36,무료,33.5093726,126.961805
405-2-000365,연평리 317-1,노외,,제주특별자치도 제주시 우도면 연평리 317-1,24,무료,33.4971682,126.9684266
405-2-000366,연평리 682-1,노외,,제주특별자치도 제주시 우도면 연평리 682-1,25,무료,33.5125468,126.9597071
405-2-000367,연평리 1457,노외,,제주특별자치도 제주시 우도면 연평리 1457,13,무료,33.5079799,126.9537438
405-2-000368,연평리 312-8,노외,,제주특별자치도 제주시 우도면 연평리 312-8,7,무료,33.497796,126.9685809
405-2-000369,연평리 312-10,노외,,제주특별자치도 제주시 우도면 연평리 312-10,29,무료,33.4976321,126.9687165
405-2-000370,연평리 926,노외,,제주특별자치도 제주시 우도면 연평리 926,14,무료,33.5186894,126.9517869
405-2-000371,연평리 2469-1,노외,,제주특별자치도 제주시 우도면 연평리 2469-1,67,무료,33.506091,126.9417745
405-1-000372,연평리 682-10,노상,,제주특별자치도 제주시 우도면 연평리 682-10,22,무료,33.5120499,126.959745
405-1-000373,"연평리 730, 740",노상,,제주특별자치도 제주시 우도면 연평리 730,14,무료,33.5185198,126.9593186
405-1-000374,연평리 1200-11,노상,,제주특별자치도 제주시 우도면 연평리 1200-11,8,무료,33.514385,126.9574268
405-1-000375,연평리 1290-5,노상,,제주특별자치도 제주시 우도면 연평리 1290-5,4,무료,33.5137253,126.9573777
405-1-000376,연평리 1290-5,노상,,제주특별자치도 제주시 우도면 연평리 1290-5,17,무료,33.5137253,126.9573777
405-1-000377,연평리 2565-1,노상,,제주특별자치도 제주시 우도면 연평리 2565-1,17,무료,33.5022579,126.9435056
405-2-000378,동문공설시장주차빌딩,노외,,제주특별자치도 제주시 일도일동 1103,282,유료,33.5120874,126.5282423
405-2-000379,북수구(지하),노외,,제주특별자치도 제주시 일도일동 1225,48,유료,,
405-2-000380,일도일동 1313,노외,,제주특별자치도 제주시 일도일동 1313,8,무료,33.5147319,126.5268645
405-2-000381,칠성상가2,노외,,제주특별자치도 제주시 일도일동 1401-13,14,유료,33.513992,126.5237586
405-2-000382,칠성상가1,노외,,제주특별자치도 제주시 일도일동 1476-1,19,유료,33.5141197,126.5263797
405-2-000383,제일주차빌딩,노외,,제주특별자치도 제주시 일도일동 1476-33,13,유료,33.5134838,126.5265959
405-1-000385,"일도일동 1181-5, 만덕로6길 19",노상,,제주특별자치도 제주시 일도일동 1181-5,5,무료,,
405-1-000386,동문로2길 29-5,노상,제주특별자치도 제주시 동문로2길 29-5,,2,무료,33.5106255,126.5271409
405-1-000387,"성지로 37, 47",노상,제주특별자치도 제주시 성지로 37,,6,무료,33.5106951,126.5274431
405-1-000388,성지로 47,노상,제주특별자치도 제주시 성지로 47,,2,무료,33.5110325,126.5281701
405-1-000389,신산로2길 17,노상,제주특별자치도 제주시 신산로2길 17,,1,무료,33.5122407,126.5299873
405-1-000390,동문로8길 10,노상,제주특별자치도 제주시 동문로8길 10,,2,무료,33.5121044,126.5300425
405-1-000391,동문로8길 14-1,노상,제주특별자치도 제주시 동문로8길 14-1,,3,무료,33.5116502,126.5300729
405-1-000392,성지로 63,노상,제주특별자치도 제주시 성지로 63,,3,무료,33.5114165,126.5300376
405-1-000393,"성지로 38, 40",노상,제주특별자치도 제주시 성지로 38,,5,무료,33.510359,126.5274035
405-1-000394,"성지로 42-1, 52",노상,제주특별자치도 제주시 성지로 42-1,,11,무료,33.5105997,126.5279191
405-2-000395,일도일동 1100-20,노외,,제주특별자치도 제주시 일도일동 1100-20,6,무료,33.5114974,126.528354
405-2-000396,일도이동 1006-35,노외,,제주특별자치도 제주시 일도이동 1006-35,7,무료,33.5123169,126.5339474
405-2-000397,일도이동 1020-1,노외,,제주특별자치도 제주시 일도이동 1020-1,8,무료,33.5102602,126.5328778
405-2-000398,"일도이동 1029-191, 253, 250, 285",노외,,제주특별자치도 제주시 일도이동 1029-191,27,무료,33.5085798,126.5308338
405-2-000399,일도이동 1029-22,노외,,제주특별자치도 제주시 일도이동 1029-22,6,무료,33.5099419,126.531376
405-2-000400,일도이동 1029-32,노외,,제주특별자치도 제주시 일도이동 1029-32,6,무료,33.5103673,126.5308433
405-2-000401,일도이동 1029-96,노외,,제주특별자치도 제주시 일도이동 1029-96,4,무료,33.5101415,126.5305764
405-2-000402,일도이동 1029-99,노외,,제주특별자치도 제주시 일도이동 1029-99,9,무료,33.5105722,126.5305728
405-2-000403,일도이동 1032-4 1032-5,노외,,제주특별자치도 제주시 일도이동 1032-4,21,유료,,
405-2-000404,일도이동 1033-3,노외,,제주특별자치도 제주시 일도이동 1033-3,3,무료,33.5087262,126.5322443
405-2-000405,일도2동공작물,노외,,제주특별자치도 제주시 일도이동 1036-6,32,무료,33.5073628,126.5307641
405-2-000406,일도이동 107,노외,,제주특별자치도 제주시 일도이동 107,7,무료,33.4992905,126.5463639
405-2-000407,일도이동 109-10,노외,,제주특별자치도 제주시 일도이동 109-10,8,무료,33.4980324,126.5463164
405-2-000408,동광 제2,노외,,제주특별자치도 제주시 일도이동 112,80,유료,33.4994744,126.5494403
405-2-000409,일도이동 132-14,노외,,제주특별자치도 제주시 일도이동 132-14,9,무료,33.5134721,126.5390967
405-2-000410,일도이동 152-41,노외,,제주특별자치도 제주시 일도이동 152-41,18,유료,33.5117412,126.5417928
405-2-000411,일도이동 163,노외,,제주특별자치도 제주시 일도이동 163,4,무료,33.5101845,126.5363926
405-2-000412,일도이동 163-40,노외,,제주특별자치도 제주시 일도이동 163-40,6,무료,33.5100696,126.5365246
405-2-000413,일도이동 318-9,노외,,제주특별자치도 제주시 일도이동 318-9,5,무료,33.5094644,126.5375141
405-2-000414,일도이동 357-7,노외,,제주특별자치도 제주시 일도이동 357-7,10,무료,33.5083568,126.5404973
405-2-000415,인제,노외,,제주특별자치도 제주시 일도이동 409-11,124,유료,33.5048166,126.5419257
405-2-000416,모로왓 제1,노외,,제주특별자치도 제주시 일도이동 488-1,120,유료,33.5106759,126.5441629
405-2-000417,모로왓 제2,노외,,제주특별자치도 제주시 일도이동 510,133,유료,33.5112911,126.5437968
405-2-000418,일도이동 71-13,노외,,제주특별자치도 제주시 일도이동 71-13,16,무료,33.5003718,126.5443594
405-2-000419,동광,노외,,제주특별자치도 제주시 일도이동 82-8,71,유료,33.4999675,126.5453722
405-2-000420,일도이동 88-1,노외,,제주특별자치도 제주시 일도이동 88-1,26,무료,33.4998183,126.5467669
405-2-000421,일도이동 984-3,노외,,제주특별자치도 제주시 일도이동 984-3,16,무료,33.5122378,126.5365564
405-2-000422,일도이동 994-19,노외,,제주특별자치도 제주시 일도이동 994-19,4,무료,33.5130022,126.532944
405-1-000423,"성지로 68, 68-1",노상,제주특별자치도 제주시 성지로 68,,2,무료,33.5112808,126.5304216
405-1-000424,성지로 72,노상,제주특별자치도 제주시 성지로 72,,2,무료,,
405-1-000425,"성지로 76-1, 신산로 48",노상,제주특별자치도 제주시 성지로 76-1,,29,무료,33.5115251,126.5313623
405-1-000426,삼성로7길 7,노상,제주특별자치도 제주시 삼성로7길 7,,1,무료,33.5075719,126.5302966
405-1-000427,국수거리,노상,제주특별자치도 제주시 삼성로 41,,4,무료,33.5069006,126.530059
405-1-000428,국수거리,노상,제주특별자치도 제주시 삼성로 57,,6,무료,33.5077538,126.5313813
405-1-000429,"신산로 19-1, 삼성로 81",노상,제주특별자치도 제주시 신산로 19-1,,31,무료,33.5115034,126.5318788
405-1-000430,"동문로 82, 일도이동 982-6",노상,제주특별자치도 제주시 동문로 82,,12,무료,33.5134586,126.5354956
405-1-000431,"신산로7길 49, 51",노상,제주특별자치도 제주시 신산로7길 49,,2,무료,33.5122477,126.5367104
405-1-000432,"신산로9길 7, 9",노상,제주특별자치도 제주시 신산로9길 7,,2,무료,33.5082539,126.5346175
405-1-000433,일도이동 318,노상,,제주특별자치도 제주시 일도이동 318,7,무료,33.509949,126.5372763
405-1-000434,일도이동 161,노상,,제주특별자치도 제주시 일도이동 161,6,무료,33.5115045,126.5381342
405-1-000435,"고마로 1, 동문로 118",노상,제주특별자치도 제주시 고마로 1,,7,무료,33.5138948,126.5386119
405-1-000436,"동문로 124, 동문로 126",노상,제주특별자치도 제주시 동문로 124,,2,무료,33.513709,126.539653
405-1-000437,고마로7길 11,노상,제주특별자치도 제주시 고마로7길 11,,3,무료,33.5118352,126.5398159
405-1-000438,고마로7길 11,노상,제주특별자치도 제주시 고마로7길 11,,4,무료,33.5118352,126.5398159
405-1-000439,일도이동 355-8,노상,,제주특별자치도 제주시 일도이동 355-8,5,무료,33.5087559,126.5405444
405-1-000440,고마로16길 16-2,노상,제주특별자치도 제주시 고마로16길 16-2,,1,무료,33.5051787,126.5396472
405-1-000441,"고마로16길 12, 14",노상,제주특별자치도 제주시 고마로16길 12,,2,무료,33.5054018,126.5399262
405-1-000442,"고마로14길 15, 19",노상,제주특별자치도 제주시 고마로14길 15,,4,무료,33.5056134,126.5395779
405-1-000443,"동광로16길 7, 고마로16길 16-1",노상,제주특별자치도 제주시 동광로16길 7,,4,무료,33.5050105,126.5390595
405-1-000444,"고마로16길 18-1, 22",노상,제주특별자치도 제주시 고마로16길 18-1,,3,무료,33.5048477,126.5397748
405-1-000445,동광로16길 21,노상,제주특별자치도 제주시 동광로16길 21,,1,무료,33.5043705,126.5398233
405-1-000446,"동광로16길 33, 가령골길 32",노상,제주특별자치도 제주시 동광로16길 33,,4,무료,33.5036113,126.5406928
405-1-000447,가령골길 20,노상,제주특별자치도 제주시 가령골길 20,,4,무료,33.5043826,126.5405513
405-1-000448,"가령골길 12, 14",노상,제주특별자치도 제주시 가령골길 12,,3,무료,33.5051385,126.5403034
405-1-000449,"천수동로2길 8, 고마로17길 19",노상,제주특별자치도 제주시 천수동로2길 8,,8,무료,33.5070609,126.5421616
405-1-000450,연수로2길 20,노상,제주특별자치도 제주시 연수로2길 20,,1,무료,33.5028975,126.545289
405-1-000451,"연수로1길 11, 연수로 3",노상,제주특별자치도 제주시 연수로1길 11,,24,무료,33.5015406,126.5440954
405-1-000452,"연수로2길 16, 14-1",노상,제주특별자치도 제주시 연수로2길 16,,4,무료,33.5027592,126.545006
405-1-000453,동광로18길 2,노상,제주특별자치도 제주시 동광로18길 2,,1,무료,33.5074984,126.5423477
405-2-000455,일도이동 55-8,노외,,제주특별자치도 제주시 일도이동 55-8,21,유료,33.5028391,126.5446163
405-2-000456,일도이동 320-10,노외,,제주특별자치도 제주시 일도이동 320-10,13,무료,33.5103266,126.5386719
405-2-000457,일도이동 132-19,노외,,제주특별자치도 제주시 일도이동 132-19,5,무료,33.513326,126.5387569
405-2-000458,"일도이동 338-7, 8",노외,,제주특별자치도 제주시 일도이동 338-7,16,무료,33.5066934,126.5352019
405-2-000459,일도이동 1033-3,노외,,제주특별자치도 제주시 일도이동 1033-3,3,무료,33.5087262,126.5322443
405-2-000460,일도이동 1029-21,노외,,제주특별자치도 제주시 일도이동 1029-21,10,무료,33.5099997,126.5314838
405-2-000461,일도일동 1476-33,노외,,제주특별자치도 제주시 일도일동 1476-33,13,무료,33.5134838,126.5265959
405-2-000463,광양,노외,,제주특별자치도 제주시 이도일동 1257-4,80,유료,33.5024165,126.5289226
405-2-000464,이도일동 1292-10,노외,,제주특별자치도 제주시 이도일동 1292-10,21,무료,33.5046329,126.5266639
405-2-000465,이도일동 1292-2,노외,,제주특별자치도 제주시 이도일동 1292-2,11,무료,33.5047224,126.5265224
405-2-000466,이도일동 1307,노외,,제주특별자치도 제주시 이도일동 1307,12,무료,33.5034672,126.5285864
405-2-000467,"이도일동 1324-21, 1324-14, 1324-13, 1324-19, 1321-2",노외,,제주특별자치도 제주시 이도일동 1324-21,7,무료,33.5067098,126.527779
405-2-000468,동문재래,노외,,제주특별자치도 제주시 이도일동 1330-5,119,유료,33.5108176,126.5260869
405-2-000469,동문수산시장,노외,,제주특별자치도 제주시 이도일동 1348-1,20,유료,33.5120664,126.5249028
405-2-000470,이도일동 1349-54,노외,,제주특별자치도 제주시 이도일동 1349-54,10,무료,33.5122143,126.5249141
405-2-000471,중앙로상점가,노외,,제주특별자치도 제주시 이도일동 1492-1,67,유료,33.5107179,126.5233726
405-2-000472,이도일동 1502-2,노외,,제주특별자치도 제주시 이도일동 1502-2,14,무료,33.5096083,126.5265003
405-2-000473,"이도일동 1510, 1511-1,1932-53, 1949-1",노외,,제주특별자치도 제주시 이도일동 1510,9,무료,33.5096917,126.5238836
405-2-000474,이도일동 1527-16,노외,,제주특별자치도 제주시 이도일동 1527-16,5,무료,33.5088422,126.5251786
405-2-000475,이도일동 1551-31,노외,,제주특별자치도 제주시 이도일동 1551-31,6,무료,33.509086,126.5258181
405-2-000476,이도일동 1554-1,노외,,제주특별자치도 제주시 이도일동 1554-1,4,무료,33.5085905,126.5269111
405-2-000477,이도일동 1555-25,노외,,제주특별자치도 제주시 이도일동 1555-25,6,무료,33.5087319,126.5269956
405-2-000478,이도일동 1696-9,노외,,제주특별자치도 제주시 이도일동 1696-9,12,유료,33.5075632,126.526381
405-2-000479,"이도일동 1698-2, 1563-18",노외,,제주특별자치도 제주시 이도일동 1698-2,12,무료,33.5085272,126.5257769
405-2-000480,이도일동 1701-12,노외,,제주특별자치도 제주시 이도일동 1701-12,4,무료,33.5079465,126.5251807
405-2-000481,"이도일동 1701-6,1701-14",노외,,제주특별자치도 제주시 이도일동 1701-6,10,무료,33.5080306,126.5254252
405-2-000482,시민회관남측,노외,,제주특별자치도 제주시 이도일동 1704-6,46,무료,33.5072286,126.5254689
405-2-000483,이도일동 1782-12,노외,,제주특별자치도 제주시 이도일동 1782-12,22,무료,33.5005566,126.5259292
405-2-000484,이도일동 1688-11,노외,,제주특별자치도 제주시 이도일동 1688-11,6,무료,33.5033395,126.5264294
405-1-000485,이도일동 1677-6,노상,,제주특별자치도 제주시 이도일동 1677-6,6,무료,33.5003218,126.5253354
405-1-000486,동문재래,노상,,제주특별자치도 제주시 이도일동 1330-65,91,유료,,
405-1-000487,"이도일동 1287-4, 1263-4",노상,,제주특별자치도 제주시 이도일동 1287-4,18,무료,33.5044235,126.5302602
405-1-000488,"동광로7길 26-1, 10",노상,제주특별자치도 제주시 동광로7길 26-1,,3,무료,33.5041379,126.5309075
405-1-000489,"동광로7길 16-2, 16-22",노상,제주특별자치도 제주시 동광로7길 16-2,,5,무료,33.5033608,126.5315108
405-1-000490,"동광로9길 11, 7",노상,제주특별자치도 제주시 동광로9길 11,,3,무료,33.5035012,126.5329862
405-1-000491,돈내길 30-1,노상,제주특별자치도 제주시 돈내길 30-1,,1,무료,33.502723,126.532282
405-1-000492,"돈내길 43, 동광로11길 5",노상,제주특별자치도 제주시 돈내길 43,,5,무료,33.5034403,126.5334331
405-1-000493,"이도일동 1248-3, 동광로11길 7",노상,,제주특별자치도 제주시 이도일동 1248-3,30,무료,,
405-2-000494,"이도일동 1555, 1555-38",노외,,제주특별자치도 제주시 이도일동 1555,10,무료,33.5092043,126.5268442
405-2-000495,이도일동 1775-8,노외,,제주특별자치도 제주시 이도일동 1775-8,11,무료,33.5008785,126.5274706
405-2-000496,도남동 47-14,노외,,제주특별자치도 제주시 도남동 47-14,7,무료,33.4954711,126.5253971
405-2-000497,"도남동 572-3,4",노외,,제주특별자치도 제주시 도남동 572-3,23,무료,33.4904569,126.5193691
405-2-000498,도남동 57-3,노외,,제주특별자치도 제주시 도남동 57-3,27,무료,,
405-2-000499,도남동 573-4,노외,,제주특별자치도 제주시 도남동 573-4,11,무료,33.4901184,126.5198345
405-2-000500,도남동 573-5,노외,,제주특별자치도 제주시 도남동 573-5,16,무료,33.4901391,126.5196656
405-2-000501,도남,노외,,제주특별자치도 제주시 도남동 574-3,123,유료,33.4905213,126.5201005
405-2-000502,도남동 59-4,노외,,제주특별자치도 제주시 도남동 59-4,11,무료,33.4924749,126.5259821
405-2-000503,도남로 15길,노외,,제주특별자치도 제주시 도남동 65-3,35,유료,33.491581,126.5285651
405-2-000504,도남동 663-15,노외,,제주특별자치도 제주시 도남동 663-15,18,무료,33.4901624,126.5265005
405-2-000505,도남동 663-2,노외,,제주특별자치도 제주시 도남동 663-2,13,무료,33.4910541,126.5267339
405-2-000506,도남동 663-3,노외,,제주특별자치도 제주시 도남동 663-3,13,무료,33.4909665,126.5268794
405-2-000507,도남동 663-7,노외,,제주특별자치도 제주시 도남동 663-7,16,무료,33.4906171,126.5274602
405-2-000508,도남동 664-6,노외,,제주특별자치도 제주시 도남동 664-6,32,유료,33.4905234,126.5270978
405-2-000509,도남동 684-2,노외,,제주특별자치도 제주시 도남동 684-2,13,무료,33.4886995,126.5206533
405-2-000510,도남동 688-1,노외,,제주특별자치도 제주시 도남동 688-1,13,무료,33.4880274,126.5215448
405-2-000511,도남동 689-7,노외,,제주특별자치도 제주시 도남동 689-7,19,무료,33.4884275,126.5211591
405-2-000512,도남동 694-4,노외,,제주특별자치도 제주시 도남동 694-4,15,무료,33.4895771,126.5234178
405-2-000513,도남동 694-7,노외,,제주특별자치도 제주시 도남동 694-7,14,무료,33.4895745,126.522886
405-2-000514,도남동 696-7,노외,,제주특별자치도 제주시 도남동 696-7,11,무료,33.4893006,126.5212065
405-2-000515,도남동 703-5,노외,,제주특별자치도 제주시 도남동 703-5,14,무료,,
405-2-000516,도남동 703-8,노외,,제주특별자치도 제주시 도남동 703-8,8,무료,33.4891571,126.5226218
405-2-000517,도남동 705-10,노외,,제주특별자치도 제주시 도남동 705-10,13,무료,33.4891442,126.5232412
405-2-000518,도남동 705-14,노외,,제주특별자치도 제주시 도남동 705-14,9,무료,33.4891631,126.5239494
405-2-000519,도남동 705-4,노외,,제주특별자치도 제주시 도남동 705-4,15,무료,33.4893243,126.5234168
405-2-000520,도남동 705-7,노외,,제주특별자치도 제주시 도남동 705-7,14,무료,33.4893062,126.5228859
405-2-000521,도남동 705-9,노외,,제주특별자치도 제주시 도남동 705-9,14,무료,33.4891435,126.5230648
405-2-000522,도남동 713-2,노외,,제주특별자치도 제주시 도남동 713-2,11,무료,33.4886672,126.5242168
405-2-000523,도남동 726-11,노외,,제주특별자치도 제주시 도남동 726-11,15,무료,33.4886954,126.5234201
405-2-000524,도남동 726-9,노외,,제주특별자치도 제주시 도남동 726-9,14,무료,33.4886941,126.5230673
405-2-000525,도남동 730-3,노외,,제주특별자치도 제주시 도남동 730-3,12,무료,33.4886916,126.5224468
405-2-000526,도남동 732-2,노외,,제주특별자치도 제주시 도남동 732-2,12,무료,33.4884393,126.5224483
405-2-000527,도남동 734-1,노외,,제주특별자치도 제주시 도남동 734-1,14,무료,33.4884277,126.523513
405-2-000528,도남동 735-1,노외,,제주특별자치도 제주시 도남동 735-1,22,무료,33.488429,126.5238657
405-2-000529,도남동 735-3,노외,,제주특별자치도 제주시 도남동 735-3,13,무료,33.4882662,126.5239553
405-2-000530,도남동 737-1,노외,,제주특별자치도 제주시 도남동 737-1,14,무료,33.4880062,126.5242205
405-2-000531,도남동 737-2,노외,,제주특별자치도 제주시 도남동 737-2,14,무료,33.4878067,126.5242216
405-2-000532,도남동 737-3,노외,,제주특별자치도 제주시 도남동 737-3,13,무료,33.4876335,126.5242226
405-2-000533,도남동 740-2,노외,,제주특별자치도 제주시 도남동 740-2,13,무료,33.488012,126.5233377
405-2-000534,도남동 742-1,노외,,제주특별자치도 제주시 도남동 742-1,32,무료,33.4879932,126.5225438
405-2-000535,도남동 747-5,노외,,제주특별자치도 제주시 도남동 747-5,14,무료,33.4891545,126.5284994
405-2-000536,도남동 747-6,노외,,제주특별자치도 제주시 도남동 747-6,12,무료,33.489065,126.5283654
405-2-000537,도남동 748-15,노외,,제주특별자치도 제주시 도남동 748-15,10,무료,33.4895244,126.528612
405-2-000538,도남동 748-8,노외,,제주특별자치도 제주시 도남동 748-8,17,무료,33.4889479,126.5275978
405-2-000539,도남동 755-1,노외,,제주특별자치도 제주시 도남동 755-1,33,무료,33.4888998,126.525926
405-2-000540,도남동 761-7,노외,,제주특별자치도 제주시 도남동 761-7,15,무료,33.4887012,126.525045
405-2-000541,도남동 763-3,노외,,제주특별자치도 제주시 도남동 763-3,10,무료,33.4884729,126.5246108
405-2-000542,도남동 769-9,노외,,제주특별자치도 제주시 도남동 769-9,19,무료,33.4878543,126.5249535
405-2-000543,도남동 771-10,노외,,제주특별자치도 제주시 도남동 771-10,14,무료,33.4883011,126.5254599
405-2-000544,도남동 772-18,노외,,제주특별자치도 제주시 도남동 772-18,12,무료,33.4887686,126.5274092
405-2-000545,도남동 772-7,노외,,제주특별자치도 제주시 도남동 772-7,12,무료,33.4883872,126.5265063
405-2-000546,신성로 10길,노외,,제주특별자치도 제주시 도남동 87-8,166,유료,33.4958483,126.5296119
405-2-000547,도남동 910-1,노외,,제주특별자치도 제주시 도남동 910-1,18,무료,33.4974247,126.5256817
405-2-000548,도남동 916-10,노외,,제주특별자치도 제주시 도남동 916-10,7,무료,33.4980366,126.5263666
405-2-000549,고산동산,노외,,제주특별자치도 제주시 이도이동 1012-10,50,유료,33.4956841,126.5314276
405-2-000550,"이도이동 1024, 1024-2",노외,,제주특별자치도 제주시 이도이동 1024,25,무료,33.4943351,126.5336469
405-2-000551,이도이동 1028-1,노외,,제주특별자치도 제주시 이도이동 1028-1,19,무료,33.4916512,126.5350616
405-2-000552,오복1길,노외,,제주특별자치도 제주시 이도이동 1035-4,36,유료,33.4969043,126.533212
405-2-000553,이도2동 공영,노외,,제주특별자치도 제주시 이도이동 1052-2,150,유료,33.4967902,126.5349279
405-2-000555,법원 북측,노외,,제주특별자치도 제주시 이도이동 1066,91,유료,33.4947576,126.5352977
405-2-000556,이도이동 1083-7,노외,,제주특별자치도 제주시 이도이동 1083-7,5,무료,33.493368,126.5373512
405-2-000557,이도이동 1766-28,노외,,제주특별자치도 제주시 이도이동 1766-28,11,무료,33.4982119,126.5284264
405-2-000558,이도이동 1766-32,노외,,제주특별자치도 제주시 이도이동 1766-32,6,무료,33.4982841,126.5283584
405-2-000559,이도이동 1766-5,노외,,제주특별자치도 제주시 이도이동 1766-5,6,무료,33.4981313,126.528362
405-2-000560,이도이동 1945-6,노외,,제주특별자치도 제주시 이도이동 1945-6,21,무료,33.4946856,126.5448594
405-2-000561,이도이동 1949-1,노외,,제주특별자치도 제주시 이도이동 1949-1,20,무료,33.4954908,126.5468938
405-2-000562,이도이동 1954-1,노외,,제주특별자치도 제주시 이도이동 1954-1,12,무료,33.4945725,126.5477047
405-2-000563,이도이동 1954-4,노외,,제주특별자치도 제주시 이도이동 1954-4,24,무료,33.4942901,126.5471999
405-2-000564,이도이동 1960-3,노외,,제주특별자치도 제주시 이도이동 1960-3,22,무료,33.4939207,126.5455167
405-2-000565,이도이동 1963-7,노외,,제주특별자치도 제주시 이도이동 1963-7,79,무료,33.4928777,126.545513
405-2-000566,이도이동 1968-5,노외,,제주특별자치도 제주시 이도이동 1968-5,27,무료,33.4944638,126.542207
405-2-000567,이도이동 1970-17,노외,,제주특별자치도 제주시 이도이동 1970-17,22,무료,33.4941587,126.5413368
405-2-000568,이도이동 1974-1,노외,,제주특별자치도 제주시 이도이동 1974-1,25,무료,33.492588,126.5405108
405-2-000569,이도이동 1975-7,노외,,제주특별자치도 제주시 이도이동 1975-7,11,무료,33.4920363,126.540181
405-2-000570,이도이동 1977-7,노외,,제주특별자치도 제주시 이도이동 1977-7,28,무료,33.4911349,126.5408516
405-2-000571,이도이동 1982-1,노외,,제주특별자치도 제주시 이도이동 1982-1,19,무료,33.4905246,126.5425938
405-2-000572,이도2동 중앙,노외,,제주특별자치도 제주시 이도이동 1982-15,33,유료,33.4890147,126.5405121
405-2-000573,이도이동 1982-3,노외,,제주특별자치도 제주시 이도이동 1982-3,23,무료,33.4904369,126.5428118
405-2-000574,이도이동 1985-3,노외,,제주특별자치도 제주시 이도이동 1985-3,21,무료,33.489764,126.5431389
405-2-000575,이도이동 1986-15,노외,,제주특별자치도 제주시 이도이동 1986-15,12,무료,33.4885749,126.5412888
405-2-000576,이도이동 1986-17,노외,,제주특별자치도 제주시 이도이동 1986-17,8,무료,33.4887519,126.5415556
405-2-000577,이도이동 1989-1,노외,,제주특별자치도 제주시 이도이동 1989-1,14,무료,33.4917483,126.5396223
405-2-000578,이도이동 1992-7,노외,,제주특별자치도 제주시 이도이동 1992-7,27,유료,33.4916311,126.5378691
405-2-000579,이도이동 1994-1,노외,,제주특별자치도 제주시 이도이동 1994-1,28,무료,33.4927306,126.5386969
405-2-000580,이도이동 1995-6,노외,,제주특별자치도 제주시 이도이동 1995-6,14,무료,33.4911799,126.5378296
405-2-000581,이도이동 1997-3,노외,,제주특별자치도 제주시 이도이동 1997-3,43,무료,33.4910047,126.5355594
405-2-000582,이도이동 1998-9,노외,,제주특별자치도 제주시 이도이동 1998-9,46,무료,33.4901903,126.5352447
405-2-000583,이도이동 1999-1,노외,,제주특별자치도 제주시 이도이동 1999-1,34,유료,33.4904026,126.5364411
405-2-000584,이도이동 2003-13,노외,,제주특별자치도 제주시 이도이동 2003-13,12,무료,33.4892318,126.5354911
405-2-000585,이도이동 2003-7,노외,,제주특별자치도 제주시 이도이동 2003-7,32,무료,33.4886922,126.5361343
405-2-000586,이도이동 2005-6,노외,,제주특별자치도 제주시 이도이동 2005-6,14,무료,33.4897304,126.5362304
405-2-000587,이도이동 2008-1,노외,,제주특별자치도 제주시 이도이동 2008-1,30,유료,33.4893541,126.5378086
405-2-000588,이도이동 2009-6,노외,,제주특별자치도 제주시 이도이동 2009-6,19,무료,33.4893795,126.5366738
405-2-000589,이도이동 2010-5,노외,,제주특별자치도 제주시 이도이동 2010-5,16,무료,33.4890988,126.5371368
405-2-000590,이도이동 2011-10,노외,,제주특별자치도 제주시 이도이동 2011-10,13,무료,33.4884282,126.5366925
405-2-000591,이도이동 2013-3,노외,,제주특별자치도 제주시 이도이동 2013-3,18,무료,33.4878391,126.5365326
405-2-000592,이도이동 2013-5,노외,,제주특별자치도 제주시 이도이동 2013-5,18,무료,33.4875405,126.5364185
405-2-000593,이도이동 2014-2,노외,,제주특별자치도 제주시 이도이동 2014-2,10,무료,33.4882099,126.5370269
405-2-000594,이도이동 2014-3,노외,,제주특별자치도 제주시 이도이동 2014-3,16,무료,33.4882144,126.5372866
405-2-000595,이도이동 2015-6,노외,,제주특별자치도 제주시 이도이동 2015-6,16,무료,33.4876327,126.537642
405-2-000596,이도이동 2015-9,노외,,제주특별자치도 제주시 이도이동 2015-9,14,무료,33.487047,126.5375475
405-2-000597,이도이동 2017-1,노외,,제주특별자치도 제주시 이도이동 2017-1,29,유료,33.4884032,126.5385294
405-2-000598,이도이동 2021-12,노외,,제주특별자치도 제주시 이도이동 2021-12,26,유료,33.4864654,126.5374223
405-2-000599,이도이동 2026-9,노외,,제주특별자치도 제주시 이도이동 2026-9,20,유료,33.486873,126.5350446
405-2-000600,"이도이동 2029-11, 2029-12",노외,,제주특별자치도 제주시 이도이동 2029-11,28,무료,33.4872582,126.5348249
405-2-000601,이도이동 2030-4,노외,,제주특별자치도 제주시 이도이동 2030-4,24,무료,33.4882576,126.534182
405-2-000602,이도이동 2030-5,노외,,제주특별자치도 제주시 이도이동 2030-5,23,무료,33.488393,126.5338066
405-2-000603,이도이동 2035-10,노외,,제주특별자치도 제주시 이도이동 2035-10,18,유료,33.4886826,126.5328512
405-2-000604,이도이동 2035-13,노외,,제주특별자치도 제주시 이도이동 2035-13,23,무료,33.4891384,126.5333478
405-2-000605,이도이동 2040-2,노외,,제주특별자치도 제주시 이도이동 2040-2,23,무료,33.4871911,126.5334391
405-2-000606,이도이동 375,노외,,제주특별자치도 제주시 이도이동 375,16,무료,33.500558,126.5381591
405-2-000607,이도이동 408,노외,,제주특별자치도 제주시 이도이동 408,13,무료,33.5033937,126.5418754
405-2-000608,이도이동 417-4,노외,,제주특별자치도 제주시 이도이동 417-4,19,유료,33.4999345,126.5439674
405-2-000609,이도이동 425,노외,,제주특별자치도 제주시 이도이동 425,20,무료,33.4991719,126.5440155
405-2-000610,정든로,노외,,제주특별자치도 제주시 이도이동 429-7,62,유료,33.4975793,126.5424173
405-2-000611,이도이동 434-8,노외,,제주특별자치도 제주시 이도이동 434-8,7,무료,33.4967559,126.5431346
405-2-000612,이도이동 1999-4,노외,,제주특별자치도 제주시 이도이동 1999-4,14,무료,33.489925,126.5360132
405-2-000613,도남동 748-7,노외,,제주특별자치도 제주시 도남동 748-7,10,무료,33.4891345,126.5276435
405-2-000614,이도이동 1999-4,노외,,제주특별자치도 제주시 이도이동 1999-4,14,무료,33.489925,126.5360132
405-2-000615,도남동 748-7,노외,,제주특별자치도 제주시 도남동 748-7,10,무료,33.4891345,126.5276435
405-1-000616,"서광로18길 23, 39",노상,제주특별자치도 제주시 서광로18길 23,,26,무료,33.4978079,126.5208848
405-1-000617,서광로22길 32,노상,제주특별자치도 제주시 서광로22길 32,,6,무료,33.4976437,126.5222679
405-1-000618,서광로22길 33,노상,제주특별자치도 제주시 서광로22길 33,,16,무료,33.4969753,126.5233641
405-1-000620,"신성로4길 7, 2길 37",노상,제주특별자치도 제주시 신성로4길 7,,26,무료,33.4956161,126.5238744
405-1-000621,"신성로2길 39, 6길 6",노상,제주특별자치도 제주시 신성로2길 39,,3,무료,33.4951391,126.5254851
405-1-000622,"신성로 82-7, 도남로9길 5",노상,제주특별자치도 제주시 신성로 82-7,,4,무료,33.4949166,126.5283814
405-1-000623,"도남로9길 6, 도남동 89-13",노상,제주특별자치도 제주시 도남로9길 6,,6,무료,33.4944542,126.5283564
405-1-000624,"신성로8길 24, 32-1",노상,제주특별자치도 제주시 신성로8길 24,,6,무료,33.4941372,126.5293919
405-1-000625,신성로8길 1,노상,제주특별자치도 제주시 신성로8길 1,,5,무료,33.4961388,126.529214
405-1-000626,"도남동 87-8, 신성로8길 12",노상,,제주특별자치도 제주시 도남동 87-8,9,무료,,
405-1-000627,"신성로 98, 연삼로 361",노상,제주특별자치도 제주시 신성로 98,,54,무료,33.4963931,126.5294816
405-1-000629,도남로15길 4-1,노상,제주특별자치도 제주시 도남로15길 4-1,,1,무료,33.4912029,126.529177
405-1-000630,독사천 복개,노상,제주특별자치도 제주시 독짓골2길 26,,84,무료,33.4896503,126.5304879
405-1-000631,독짓골2길 25,노상,제주특별자치도 제주시 독짓골2길 25,,11,무료,33.490354,126.5306817
405-1-000632,독짓골2길 26,노상,제주특별자치도 제주시 독짓골2길 26,,14,무료,33.4896503,126.5304879
405-1-000633,도남로 129,노상,제주특별자치도 제주시 도남로 129,,11,무료,33.4892079,126.530005
405-1-000634,"도남로5길 26, 신성로 91",노상,제주특별자치도 제주시 도남로5길 26,,43,무료,33.4974011,126.5283883
405-1-000635,도남오거리,노상,제주특별자치도 제주시 도남로 7,,73,무료,33.4992396,126.5251872
405-1-000636,서광로28길 36,노상,제주특별자치도 제주시 서광로28길 36,,4,무료,33.497729,126.5281043
405-1-000637,"남광북1길 1, 오복4길 6",노상,제주특별자치도 제주시 남광북1길 1,,27,무료,33.4945932,126.5343206
405-1-000638,"서광로 276, 274",노상,제주특별자치도 제주시 서광로 276,,5,무료,33.4999662,126.5260206
405-1-000639,시청 앞,노상,제주특별자치도 제주시 동광로 8,,24,유료,33.5009083,126.5301151
405-1-000640,중앙로 217,노상,제주특별자치도 제주시 중앙로 217,,4,무료,33.5003069,126.5299996
405-1-000641,광양7길 19,노상,제주특별자치도 제주시 광양7길 19,,3,무료,33.5011287,126.5309439
405-1-000642,"광양13길 21, 11길 24",노상,제주특별자치도 제주시 광양13길 21,,2,무료,33.4996793,126.5323614
405-1-000643,가령로 26,노상,제주특별자치도 제주시 가령로 26,,29,무료,33.5019242,126.5366762
405-1-000644,"동광로10길 29-2, 12길 30",노상,제주특별자치도 제주시 동광로10길 29-2,,7,무료,33.5004493,126.5354222
405-1-000645,"동광로8길 29-2, 10길 35-3",노상,제주특별자치도 제주시 동광로8길 29-2,,9,무료,33.4999443,126.5343834
405-1-000646,"가령로1길 22, 동광로16길 6",노상,제주특별자치도 제주시 가령로1길 22,,8,무료,33.5039444,126.537279
405-1-000647,"이도이동 319, 가령로 11",노상,,제주특별자치도 제주시 이도이동 319,12,무료,,
405-1-000648,"가령골1길 5-4, 2길 13-16",노상,제주특별자치도 제주시 가령골1길 5-4,,8,무료,33.5035758,126.5379935
405-1-000649,이도이동 320-6,노상,,제주특별자치도 제주시 이도이동 320-6,6,무료,33.5033754,126.5379094
405-1-000650,"가령골3길 4, 동광로16길 20",노상,제주특별자치도 제주시 가령골3길 4,,3,무료,33.5042498,126.5392728
405-1-000651,"가령골2길 19-4, 가령골길 35",노상,제주특별자치도 제주시 가령골2길 19-4,,10,무료,33.5033837,126.5393772
405-1-000652,"동광로16길 22, 38",노상,제주특별자치도 제주시 동광로16길 22,,5,무료,33.5042066,126.5396574
405-1-000653,"신성로10길 1, 이도이동 1014-2",노상,제주특별자치도 제주시 신성로10길 1,,27,무료,33.4965965,126.529961
405-1-000654,신성로10길 23,노상,제주특별자치도 제주시 신성로10길 23,,5,무료,33.494546,126.5300123
405-1-000655,"신성로10길 23, 고산동산서길 11-2",노상,제주특별자치도 제주시 신성로10길 23,,20,무료,33.494546,126.5300123
405-1-000656,신성로12길 6-7,노상,제주특별자치도 제주시 신성로12길 6-7,,1,무료,33.496005,126.5303308
405-1-000657,신성로10길 17,노상,제주특별자치도 제주시 신성로10길 17,,1,무료,33.4953233,126.5304025
405-1-000658,신성로12길 20-3,노상,제주특별자치도 제주시 신성로12길 20-3,,1,무료,33.4953897,126.5308599
405-1-000659,"신성로 104, 12길 37",노상,제주특별자치도 제주시 신성로 104,,25,무료,33.4967724,126.5300425
405-1-000660,고산동산6길 24,노상,제주특별자치도 제주시 고산동산6길 24,,1,무료,33.4940116,126.5310635
405-1-000661,"이도이동 1017-11, 고산동산6길 23",노상,,제주특별자치도 제주시 이도이동 1017-11,7,무료,,
405-1-000662,중앙로 262,노상,제주특별자치도 제주시 중앙로 262,,1,무료,33.4964645,126.5315264
405-1-000663,"이도이동 1017-15, 1017-11",노상,,제주특별자치도 제주시 이도이동 1017-15,9,무료,33.4952617,126.5319605
405-1-000664,"신성로12길 28, 고산동산서길 14",노상,제주특별자치도 제주시 신성로12길 28,,7,무료,33.4949721,126.5314586
405-1-000665,"동고산로 14, 12-5",노상,제주특별자치도 제주시 동고산로 14,,4,무료,33.4982801,126.5324738
405-1-000666,"고산동산1길 6, 6-4",노상,제주특별자치도 제주시 고산동산1길 6,,3,무료,33.4972558,126.532188
405-1-000667,"이도이동 1032, 1035-6",노상,,제주특별자치도 제주시 이도이동 1032,10,무료,33.4979282,126.5332604
405-1-000668,"오복1길 24-1, 오복1길 24-5",노상,제주특별자치도 제주시 오복1길 24-1,,3,무료,33.4973923,126.5332473
405-1-000669,오복3길 27-3,노상,제주특별자치도 제주시 오복3길 27-3,,1,무료,,
405-1-000670,이도이동 1053,노상,,제주특별자치도 제주시 이도이동 1053,3,무료,33.4968762,126.5343022
405-1-000671,이도이동 1053,노상,,제주특별자치도 제주시 이도이동 1053,2,무료,33.4968762,126.5343022
405-1-000672,오복1길 6,노상,제주특별자치도 제주시 오복1길 6,,2,무료,33.4959141,126.5344167
405-1-000673,"오복7길 25-1, 가령로4길 19",노상,제주특별자치도 제주시 오복7길 25-1,,5,무료,33.4984018,126.5345593
405-1-000674,"오복7길 26, 26-8",노상,제주특별자치도 제주시 오복7길 26,,2,무료,33.4986486,126.5347025
405-1-000675,이도이동 1044-5,노상,,제주특별자치도 제주시 이도이동 1044-5,5,무료,33.4983498,126.5355523
405-1-000676,오복7길 21-4,노상,제주특별자치도 제주시 오복7길 21-4,,1,무료,33.4981266,126.5349468
405-1-000677,"이도이동 1050-4, 고산동산5길 33-3",노상,,제주특별자치도 제주시 이도이동 1050-4,5,무료,,
405-1-000678,이도이동 996-7,노상,,제주특별자치도 제주시 이도이동 996-7,7,무료,33.498309,126.536698
405-1-000679,가령로 33,노상,제주특별자치도 제주시 가령로 33,,3,무료,33.501133,126.5371991
405-1-000680,"가령로 33, 청귤로1길 50",노상,제주특별자치도 제주시 가령로 33,,43,무료,33.501133,126.5371991
405-1-000681,"청귤로2길 7, 청귤로 4",노상,제주특별자치도 제주시 청귤로2길 7,,11,무료,33.5003541,126.5377627
405-1-000682,이도이동 375,노상,,제주특별자치도 제주시 이도이동 375,1,무료,33.500558,126.5381591
405-1-000683,청귤로1길 4-5,노상,제주특별자치도 제주시 청귤로1길 4-5,,2,무료,33.4995665,126.537461
405-1-000684,"청귤로7길 30, 24",노상,제주특별자치도 제주시 청귤로7길 30,,6,무료,33.4994233,126.5372942
405-1-000685,"가령로 63, 청귤로4길 6",노상,제주특별자치도 제주시 가령로 63,,4,무료,33.4988256,126.5371875
405-1-000686,청귤로4길 4,노상,제주특별자치도 제주시 청귤로4길 4,,2,무료,33.499277,126.5378002
405-1-000687,청귤로7길 19-1,노상,제주특별자치도 제주시 청귤로7길 19-1,,1,무료,33.4986084,126.5376275
405-1-000688,"청귤로7길 22, 10-6",노상,제주특별자치도 제주시 청귤로7길 22,,5,무료,33.4988052,126.5378038
405-1-000689,청귤로7길 10,노상,제주특별자치도 제주시 청귤로7길 10,,1,무료,33.4985673,126.5385091
405-1-000690,"청귤로4길 5, 7길 6",노상,제주특별자치도 제주시 청귤로4길 5,,8,무료,33.4991232,126.5380108
405-1-000691,"연삼로 455-1, 455",노상,제주특별자치도 제주시 연삼로 455-1,,3,무료,33.4984243,126.5388519
405-1-000692,"청귤로5길 4, 6길 3",노상,제주특별자치도 제주시 청귤로5길 4,,5,무료,33.4998631,126.5386786
405-1-000693,"청귤로 31-1, 31-5",노상,제주특별자치도 제주시 청귤로 31-1,,5,무료,33.4991206,126.5395543
405-1-000694,"천수로6길 14-2, 14",노상,제주특별자치도 제주시 천수로6길 14-2,,4,무료,33.5021642,126.5418021
405-1-000695,"청귤로3길 42-13, 천수로6길 38",노상,제주특별자치도 제주시 청귤로3길 42-13,,4,무료,33.5007034,126.5422742
405-1-000696,"연삼로 378, 구남로7길 5",노상,제주특별자치도 제주시 연삼로 378,,7,무료,33.4937526,126.5325349
405-1-000697,독짓골8길 11,노상,제주특별자치도 제주시 독짓골8길 11,,3,무료,33.4930621,126.5325173
405-1-000698,구남로7길 36,노상,제주특별자치도 제주시 구남로7길 36,,10,무료,33.4923463,126.5342455
405-1-000699,"구남로7길 36, 42",노상,제주특별자치도 제주시 구남로7길 36,,43,무료,33.4923463,126.5342455
405-1-000700,"이도이동 1064, 오복4길 4",노상,,제주특별자치도 제주시 이도이동 1064,7,무료,,
405-1-000701,"오복4길 6, 10",노상,제주특별자치도 제주시 오복4길 6,,5,무료,33.4955495,126.5362629
405-1-000702,"이도이동 1079-1, 남광북3길 24",노상,,제주특별자치도 제주시 이도이동 1079-1,23,무료,,
405-1-000703,"오복2길 13, 남광북5길 3",노상,제주특별자치도 제주시 오복2길 13,,25,무료,33.494557,126.5358412
405-1-000704,"남광북3길 16, 이도이동 1077-5",노상,제주특별자치도 제주시 남광북3길 16,,20,무료,33.494782,126.5361503
405-1-000706,"오복2길 27, 4길 32",노상,제주특별자치도 제주시 오복2길 27,,7,무료,33.4937982,126.5366915
405-1-000707,"오복2길 33, 4길 36",노상,제주특별자치도 제주시 오복2길 33,,11,무료,33.4932087,126.5371138
405-1-000708,"오복2길 35, 4길 38",노상,제주특별자치도 제주시 오복2길 35,,9,무료,33.4930872,126.5372136
405-1-000709,"오복2길 33, 남광로 11",노상,제주특별자치도 제주시 오복2길 33,,9,무료,33.4932087,126.5371138
405-1-000710,"남광로 5-2, 5-8",노상,제주특별자치도 제주시 남광로 5-2,,6,무료,33.492616,126.5368555
405-1-000711,"연삼로 420, 오복4길 21",노상,제주특별자치도 제주시 연삼로 420,,20,무료,33.4960746,126.536082
405-1-000712,"오복4길 3, 승천로 8",노상,제주특별자치도 제주시 오복4길 3,,34,무료,33.4958224,126.5362589
405-1-000713,"오복4길 9, 남광북3길 50",노상,제주특별자치도 제주시 오복4길 9,,15,무료,33.4955037,126.5367029
405-1-000714,"연삼로 430, 승천로2길 11",노상,제주특별자치도 제주시 연삼로 430,,25,무료,33.4965745,126.5369467
405-1-000715,"남광북3길 30, 승천로2길 5",노상,제주특별자치도 제주시 남광북3길 30,,9,무료,33.4955252,126.5371938
405-1-000716,이도이동 1073,노상,,제주특별자치도 제주시 이도이동 1073,9,무료,33.4956165,126.5377941
405-1-000717,"남광북3길 44, 승천로2길 17",노상,제주특별자치도 제주시 남광북3길 44,,7,무료,33.4961752,126.5381872
405-1-000718,"남광북3길 46, 승천로2길 19",노상,제주특별자치도 제주시 남광북3길 46,,9,무료,33.4962756,126.5383123
405-1-000719,"오복4길 21, 이도이동 450-7",노상,제주특별자치도 제주시 오복4길 21,,45,무료,33.4947393,126.5373659
405-1-000720,연삼로 456,노상,제주특별자치도 제주시 연삼로 456,,2,무료,33.497953,126.5390894
405-1-000721,연삼로 458-1,노상,제주특별자치도 제주시 연삼로 458-1,,2,무료,33.4981389,126.5393322
405-1-000722,"연삼로 460, 연삼로 476",노상,제주특별자치도 제주시 연삼로 460,,9,무료,33.4981149,126.5395726
405-1-000723,연삼로 478,노상,제주특별자치도 제주시 연삼로 478,,3,무료,33.4989947,126.5411511
405-1-000724,연삼로 480,노상,제주특별자치도 제주시 연삼로 480,,1,무료,33.4991072,126.5412898
405-1-000725,"정든로2길 18-1, 26",노상,제주특별자치도 제주시 정든로2길 18-1,,4,무료,33.4972139,126.5388764
405-1-000726,정든로 20-16,노상,제주특별자치도 제주시 정든로 20-16,,1,무료,33.4965442,126.5394575
405-1-000727,"정든로2길 9-2, 9-4",노상,제주특별자치도 제주시 정든로2길 9-2,,3,무료,33.4975076,126.5390842
405-1-000728,정든로2길 9-6,노상,제주특별자치도 제주시 정든로2길 9-6,,2,무료,33.4972994,126.5392577
405-1-000729,"정든로2길 9-8, 9-10",노상,제주특별자치도 제주시 정든로2길 9-8,,4,무료,33.4971466,126.5393878
405-1-000730,"정든로2길 7, 5-8",노상,제주특별자치도 제주시 정든로2길 7,,7,무료,33.4977424,126.5392988
405-1-000731,정든로 16-8,노상,제주특별자치도 제주시 정든로 16-8,,1,무료,33.497127,126.5397984
405-1-000732,"정든로2길 3, 1-2",노상,제주특별자치도 제주시 정든로2길 3,,3,무료,33.4978996,126.5395764
405-1-000733,정든로2길 1-4,노상,제주특별자치도 제주시 정든로2길 1-4,,2,무료,33.4977073,126.539733
405-1-000734,"정든로2길 1-6, 1-10",노상,제주특별자치도 제주시 정든로2길 1-6,,5,무료,33.4976024,126.5398169
405-1-000735,정든로2길 1-12,노상,제주특별자치도 제주시 정든로2길 1-12,,1,무료,33.4972714,126.5400795
405-1-000736,"정든로2길 25, 정든로 18",노상,제주특별자치도 제주시 정든로2길 25,,6,무료,33.4967774,126.5395824
405-1-000737,승천로 27,노상,제주특별자치도 제주시 승천로 27,,12,무료,33.4964249,126.5397283
405-1-000738,승천로 27,노상,제주특별자치도 제주시 승천로 27,,9,무료,33.4964249,126.5397283
405-1-000739,"정든로1길 6-2, 6-8",노상,제주특별자치도 제주시 정든로1길 6-2,,6,무료,33.498335,126.5406176
405-1-000740,"정든로1길 12, 30",노상,제주특별자치도 제주시 정든로1길 12,,7,무료,33.4986969,126.5410708
405-1-000741,"정든로1길 14-2, 14-4",노상,제주특별자치도 제주시 정든로1길 14-2,,4,무료,33.4986572,126.5412725
405-1-000742,정든로1길 28,노상,제주특별자치도 제주시 정든로1길 28,,1,무료,33.4984434,126.5414382
405-1-000743,"정든로1길 18, 22",노상,제주특별자치도 제주시 정든로1길 18,,5,무료,33.4989279,126.5414968
405-1-000744,"정든로1길 22, 이도이동 392-8",노상,제주특별자치도 제주시 정든로1길 22,,6,무료,33.4987443,126.5416428
405-1-000745,"이도이동 415-5, 연삼로 494",노상,,제주특별자치도 제주시 이도이동 415-5,9,무료,,
405-1-000746,"정든로3길 36, 34-9",노상,제주특별자치도 제주시 정든로3길 36,,8,무료,33.4995554,126.5427036
405-1-000747,"정든로3길 38, 6길 7-7",노상,제주특별자치도 제주시 정든로3길 38,,8,무료,33.4996341,126.5428155
405-1-000748,"정든로3길 42, 6길 7-11",노상,제주특별자치도 제주시 정든로3길 42,,5,무료,33.4998081,126.5431375
405-1-000749,"연신로 10, 14",노상,제주특별자치도 제주시 연신로 10,,8,무료,33.4997259,126.5439892
405-1-000750,"정든로3길 16, 8",노상,제주특별자치도 제주시 정든로3길 16,,11,무료,33.4983736,126.5421276
405-1-000751,"정든로5길 14, 20",노상,제주특별자치도 제주시 정든로5길 14,,6,무료,33.4984683,126.5423224
405-1-000752,"정든로5길 9, 6길 7",노상,제주특별자치도 제주시 정든로5길 9,,3,무료,33.4986731,126.5426849
405-1-000753,"정든로 37, 61",노상,제주특별자치도 제주시 정든로 37,,16,무료,33.4975793,126.5424173
405-1-000754,"이도공원길 18, 16-5",노상,제주특별자치도 제주시 이도공원길 18,,5,무료,33.4969026,126.5426022
405-1-000755,이도공원길 4-3,노상,제주특별자치도 제주시 이도공원길 4-3,,1,무료,33.4964901,126.5429091
405-1-000756,"이도공원길 17-1, 21",노상,제주특별자치도 제주시 이도공원길 17-1,,3,무료,33.497081,126.5425317
405-1-000757,"이도공원길 20, 20-4",노상,제주특별자치도 제주시 이도공원길 20,,3,무료,33.4969578,126.5427236
405-1-000758,이도공원길 20-8,노상,제주특별자치도 제주시 이도공원길 20-8,,1,무료,33.4965478,126.5430288
405-1-000759,"이도공원길 24, 4-9",노상,제주특별자치도 제주시 이도공원길 24,,8,무료,33.4971175,126.5430255
405-1-000760,"이도공원길 25, 37-1",노상,제주특별자치도 제주시 이도공원길 25,,19,무료,33.4973921,126.5431089
405-1-000761,"정든로6길 16-10, 16-2",노상,제주특별자치도 제주시 정든로6길 16-10,,8,무료,33.4975952,126.5432359
405-1-000762,"정든로6길 15-1, 15-8",노상,제주특별자치도 제주시 정든로6길 15-1,,4,무료,33.4983924,126.5436745
405-1-000763,정든로6길 15-10,노상,제주특별자치도 제주시 정든로6길 15-10,,1,무료,33.4985957,126.5443079
405-1-000764,정든로6길 15-12,노상,제주특별자치도 제주시 정든로6길 15-12,,1,무료,33.4986689,126.5444447
405-1-000765,"정든로 64, 이도공원길 45",노상,제주특별자치도 제주시 정든로 64,,5,무료,33.4990756,126.5444324
405-1-000766,"이도공원길 44-1, 44-13",노상,제주특별자치도 제주시 이도공원길 44-1,,6,무료,33.4983865,126.5449582
405-1-000767,"구남동5길 8, 22",노상,제주특별자치도 제주시 구남동5길 8,,26,무료,33.4897171,126.5399141
405-1-000768,"이도이동 1979-11, 구남동5길 32-1",노상,,제주특별자치도 제주시 이도이동 1979-11,20,무료,,
405-2-000769,"이도이동 319, 319-23, 319-28, 319-29",노외,,제주특별자치도 제주시 이도이동 319,23,무료,33.5037686,126.5373554
405-2-000770,이도이동 319-24 외 2필지,노외,,제주특별자치도 제주시 이도이동 319-24,14,무료,,
405-2-000771,도남동 79-9,노외,,제주특별자치도 제주시 도남동 79-9,7,무료,33.4922242,126.5316029
405-2-000772,이도이동 1969-3,노외,,제주특별자치도 제주시 이도이동 1969-3,14,무료,33.4950101,126.542604
405-2-000773,이도이동 1971-6,노외,,제주특별자치도 제주시 이도이동 1971-6,10,무료,33.4941668,126.5417633
405-2-000774,도남동 79-11,노외,,제주특별자치도 제주시 도남동 79-11,6,무료,33.492551,126.5312092
405-2-000775,이도이동 1959-6,노외,,제주특별자치도 제주시 이도이동 1959-6,17,무료,33.4939861,126.5451328
405-2-000776,이도이동 1987-16,노외,,제주특별자치도 제주시 이도이동 1987-16,8,무료,33.4908008,126.5377956
405-2-000777,이도이동 2035-2,노외,,제주특별자치도 제주시 이도이동 2035-2,9,무료,33.4892317,126.5338349
405-2-000778,도남동 83-66,노외,,제주특별자치도 제주시 도남동 83-66,45,무료,33.4932891,126.5289522
405-2-000779,도남동 49-6,노외,,제주특별자치도 제주시 도남동 49-6,16,무료,33.4945223,126.5239272
405-2-000780,도남동 50-5,노외,,제주특별자치도 제주시 도남동 50-5,16,무료,33.4935551,126.5235256
405-2-000781,이도이동 1959-3,노외,,제주특별자치도 제주시 이도이동 1959-3,14,무료,33.4942672,126.5454142
405-2-000782,이도이동 1175-16,노외,,제주특별자치도 제주시 이도이동 1175-16,4,무료,33.5013898,126.5324027
405-2-000783,삼도일동 305-92,노외,,제주특별자치도 제주시 삼도일동 305-92,6,무료,33.5020526,126.5237585
405-2-000784,삼도일동 499-3,노외,,제주특별자치도 제주시 삼도일동 499-3,18,무료,33.5033465,126.5150093
405-2-000785,삼도일동 500-14,노외,,제주특별자치도 제주시 삼도일동 500-14,26,유료,33.5041349,126.516309
405-2-000786,삼도일동 500-2,노외,,제주특별자치도 제주시 삼도일동 500-2,10,무료,33.5042757,126.5158898
405-2-000787,삼도일동 502-17,노외,,제주특별자치도 제주시 삼도일동 502-17,7,무료,33.5035124,126.5157596
405-2-000788,삼도일동 504-11,노외,,제주특별자치도 제주시 삼도일동 504-11,7,무료,33.5017759,126.5158004
405-2-000789,삼도일동 513-3,노외,,제주특별자치도 제주시 삼도일동 513-3,25,무료,33.5021422,126.5168221
405-2-000790,삼도일동 522-2,노외,,제주특별자치도 제주시 삼도일동 522-2,26,무료,33.5015254,126.5187318
405-2-000791,삼도일동 522-9,노외,,제주특별자치도 제주시 삼도일동 522-9,18,무료,33.5013597,126.5187973
405-2-000792,삼도일동 532-11,노외,,제주특별자치도 제주시 삼도일동 532-11,4,무료,33.502076,126.5197037
405-2-000793,삼도일동 533-10,노외,,제주특별자치도 제주시 삼도일동 533-10,3,무료,33.5012978,126.5196036
405-2-000794,삼도일동 533-9,노외,,제주특별자치도 제주시 삼도일동 533-9,8,무료,33.5013652,126.5196048
405-2-000795,삼도일동 536,노외,,제주특별자치도 제주시 삼도일동 536,9,무료,33.5018996,126.5201215
405-2-000796,삼도일동 536-2,노외,,제주특별자치도 제주시 삼도일동 536-2,14,무료,33.501646,126.5201167
405-2-000797,삼도일동 560-2,노외,,제주특별자치도 제주시 삼도일동 560-2,31,유료,33.4989699,126.5162616
405-2-000798,"삼도일동 561-1, 11, 22, 23",노외,,제주특별자치도 제주시 삼도일동 561-1,38,무료,33.4997476,126.5167454
405-2-000799,삼도일동 561-12,노외,,제주특별자치도 제주시 삼도일동 561-12,14,무료,33.4994868,126.5172148
405-2-000800,삼도일동 573-5,노외,,제주특별자치도 제주시 삼도일동 573-5,63,무료,33.4990318,126.5216321
405-2-000801,삼도일동 584-17,노외,,제주특별자치도 제주시 삼도일동 584-17,5,무료,33.4991758,126.5244596
405-2-000802,삼도일동 703-15,노외,,제주특별자치도 제주시 삼도일동 703-15,7,무료,33.5056606,126.5177431
405-2-000803,삼도일동 706-14,노외,,제주특별자치도 제주시 삼도일동 706-14,6,무료,33.5071238,126.5178306
405-1-000804,"전농로1길 56, 용담1동 2578",노상,제주특별자치도 제주시 전농로1길 56,,239,무료,33.5083908,126.5173428
405-1-000805,전농로 82,노상,제주특별자치도 제주시 전농로 82,,11,무료,33.5042738,126.5217445
405-1-000806,"전농로 88, 서광로25길 58",노상,제주특별자치도 제주시 전농로 88,,28,무료,33.5042663,126.5227638
405-1-000807,서광로25길 56,노상,제주특별자치도 제주시 서광로25길 56,,2,무료,33.5034145,126.5217448
405-1-000809,"서광로21길 40, 홍랑길 35",노상,제주특별자치도 제주시 서광로21길 40,,12,무료,33.5033034,126.5221858
405-1-000810,"홍랑길 29, 19",노상,제주특별자치도 제주시 홍랑길 29,,37,무료,33.5023941,126.5230476
405-1-000811,홍랑길 18-1,노상,제주특별자치도 제주시 홍랑길 18-1,,3,무료,33.5012854,126.5233348
405-1-000812,서사로19길 42,노상,제주특별자치도 제주시 서사로19길 42,,7,무료,33.5009921,126.5242645
405-1-000813,"서광로25길 10, 서광로 267",노상,제주특별자치도 제주시 서광로25길 10,,40,무료,33.500746,126.5241097
405-1-000814,삼도일동 585-12,노상,,제주특별자치도 제주시 삼도일동 585-12,25,무료,33.501044,126.5157309
405-1-000815,"삼도일동 505, 서사로20길 34",노상,,제주특별자치도 제주시 삼도일동 505,8,무료,,
405-1-000816,서광로11길 15,노상,제주특별자치도 제주시 서광로11길 15,,1,무료,33.5013786,126.5164081
405-1-000817,"평전1길 30, 26",노상,제주특별자치도 제주시 평전1길 30,,4,무료,33.5005881,126.5160991
405-1-000818,"서사로 149, 149-1",노상,제주특별자치도 제주시 서사로 149,,6,무료,33.4990831,126.520016
405-1-000819,삼오길 9,노상,제주특별자치도 제주시 삼오길 9,,1,무료,33.4994101,126.5174375
405-1-000820,"삼오길 17, 21",노상,제주특별자치도 제주시 삼오길 17,,5,무료,33.4994234,126.5182269
405-1-000821,서광로14길 12,노상,제주특별자치도 제주시 서광로14길 12,,2,무료,33.4990388,126.5176261
405-1-000822,"공설로 15, 서사로 154",노상,제주특별자치도 제주시 공설로 15,,40,무료,33.4985375,126.5166787
405-2-000823,삼도일동 553-11,노외,,제주특별자치도 제주시 삼도일동 553-11,15,무료,33.5003144,126.5222702
405-2-000824,삼도일동 553-12,노외,,제주특별자치도 제주시 삼도일동 553-12,8,무료,33.5001919,126.5220863
405-2-000825,삼도일동 305-112 외 1필지,노외,,제주특별자치도 제주시 삼도일동 305-112,16,무료,,
405-2-000826,삼도일동 796-8,노외,,제주특별자치도 제주시 삼도일동 796-8,16,유료,33.5087117,126.5186879
405-2-000827,관덕정 서측,노외,,제주특별자치도 제주시 삼도이동 1024,37,유료,33.5135098,126.5207008
405-2-000828,삼도이동 1104,노외,,제주특별자치도 제주시 삼도이동 1104,9,무료,33.5151043,126.5206667
405-2-000829,삼도이동 1158-23,노외,,제주특별자치도 제주시 삼도이동 1158-23,18,무료,33.5152722,126.5187481
405-2-000830,삼도이동 1158-30,노외,,제주특별자치도 제주시 삼도이동 1158-30,4,무료,33.5152463,126.5183322
405-2-000831,삼도이동 1158-33,노외,,제주특별자치도 제주시 삼도이동 1158-33,2,무료,33.5153562,126.5182684
405-2-000832,삼도이동 1158-71,노외,,제주특별자치도 제주시 삼도이동 1158-71,5,무료,33.5152001,126.5184855
405-2-000833,"삼도이동 1158-99,101",노외,,제주특별자치도 제주시 삼도이동 1158-99,2,무료,33.5151922,126.5181941
405-2-000834,무근성,노외,,제주특별자치도 제주시 삼도이동 1159-2,36,유료,,
405-2-000835,"삼도이동 1167-6,1167-7",노외,,제주특별자치도 제주시 삼도이동 1167-6,9,무료,33.5165729,126.517121
405-2-000836,칠성골,노외,,제주특별자치도 제주시 삼도이동 1192-8,73,유료,33.5165152,126.5252465
405-2-000837,삼도이동 1227-15,노외,,제주특별자치도 제주시 삼도이동 1227-15,4,무료,33.5165279,126.5168097
405-2-000838,병문천,노외,,제주특별자치도 제주시 삼도이동 1227-7,58,유료,33.5046527,126.5223433
405-2-000839,탑동 제2,노외,,제주특별자치도 제주시 삼도이동 1257,73,유료,33.5183529,126.5198344
405-2-000840,삼도이동 1260-4,노외,,제주특별자치도 제주시 삼도이동 1260-4,10,무료,33.5180772,126.5227876
405-2-000841,탑동 제1,노외,,제주특별자치도 제주시 삼도이동 1263,66,유료,33.5174284,126.5237309
405-2-000842,삼도이동 202-2,노외,,제주특별자치도 제주시 삼도이동 202-2,7,무료,33.5091931,126.5226178
405-2-000843,"삼도이동 218-2, 219",노외,,제주특별자치도 제주시 삼도이동 218-2,6,무료,33.5083273,126.5236904
405-2-000844,삼도이동 807-1,노외,,제주특별자치도 제주시 삼도이동 807-1,4,무료,33.5087223,126.5218886
405-2-000845,"삼도이동 807-3, 807-16",노외,,제주특별자치도 제주시 삼도이동 807-3,4,무료,33.5085877,126.5218905
405-2-000846,성내,노외,,제주특별자치도 제주시 삼도이동 839,34,유료,33.5121357,126.5200469
405-2-000847,삼도이동 830-2,노외,,제주특별자치도 제주시 삼도이동 830-2,8,무료,33.5115756,126.520408
405-2-000848,제주중앙지하상가,노외,,제주특별자치도 제주시 삼도이동 102-2,24,유료,33.5127396,126.5233141
405-1-000849,삼도이동 1258,노상,,제주특별자치도 제주시 삼도이동 1258,19,무료,33.5185714,126.5211843
405-1-000850,삼도이동 1259,노상,,제주특별자치도 제주시 삼도이동 1259,6,무료,33.5179749,126.5211773
405-1-000851,삼도이동 1260,노상,,제주특별자치도 제주시 삼도이동 1260,2,무료,,
405-1-000853,"탑동해안로 66, 탑동로2길 7",노상,제주특별자치도 제주시 탑동해안로 66,,24,무료,,
405-1-000854,탑동로 47,노상,제주특별자치도 제주시 탑동로 47,,5,무료,33.5175877,126.5197979
405-1-000856,탑동로13길 44,노상,제주특별자치도 제주시 탑동로13길 44,,2,무료,33.5167041,126.5214224
405-1-000857,"탑동로15길 40, 48",노상,제주특별자치도 제주시 탑동로15길 40,,6,무료,33.5160753,126.520911
405-1-000858,"탑동로15길 42, 44-1",노상,제주특별자치도 제주시 탑동로15길 42,,2,무료,33.5160888,126.5211806
405-1-000859,탑동로15길 48,노상,제주특별자치도 제주시 탑동로15길 48,,2,무료,33.5161802,126.5218025
405-1-000860,북성로 28,노상,제주특별자치도 제주시 북성로 28,,2,무료,33.5159424,126.5219142
405-1-000861,북성로 24,노상,제주특별자치도 제주시 북성로 24,,3,무료,33.5160714,126.5222999
405-1-000862,"탑동로 111, 121-1",노상,제주특별자치도 제주시 탑동로 111,,28,무료,33.5152332,126.5175747
405-1-000863,"탑동로 123, 삼도이동 1157-12",노상,제주특별자치도 제주시 탑동로 123,,13,무료,33.5141782,126.5182256
405-1-000864,"삼도이동 870-4, 관덕로 3",노상,,제주특별자치도 제주시 삼도이동 870-4,26,무료,,
405-1-000865,탑동로 141-1,노상,제주특별자치도 제주시 탑동로 141-1,,2,무료,33.5129825,126.5191297
405-1-000866,"탑동로 115-8, 삼도이동 1158-8",노상,제주특별자치도 제주시 탑동로 115-8,,8,무료,33.5151449,126.5181205
405-1-000867,북성로 51,노상,제주특별자치도 제주시 북성로 51,,5,무료,33.5153699,126.519053
405-1-000868,"무근성5길 26, 무근성길 36",노상,제주특별자치도 제주시 무근성5길 26,,3,무료,33.5150192,126.5192372
405-1-000869,무근성길 39,노상,제주특별자치도 제주시 무근성길 39,,4,무료,33.514872,126.5198278
405-1-000870,무근성길 37,노상,제주특별자치도 제주시 무근성길 37,,4,무료,33.5150838,126.5200388
405-1-000871,삼도이동 1116-1,노상,,제주특별자치도 제주시 삼도이동 1116-1,3,무료,33.5155648,126.5208492
405-1-000872,무근성7길 29,노상,제주특별자치도 제주시 무근성7길 29,,1,무료,33.5151977,126.5210757
405-1-000873,무근성5길 18,노상,제주특별자치도 제주시 무근성5길 18,,2,무료,33.514269,126.5195585
405-1-000874,서사로 15,노상,제주특별자치도 제주시 서사로 15,,11,무료,33.5109536,126.5201497
405-1-000875,"관덕로 30, 삼도이동 1",노상,제주특별자치도 제주시 관덕로 30,,4,무료,33.5129817,126.5224176
405-1-000876,"삼도이동 69-1, 관덕로6길 5",노상,,제주특별자치도 제주시 삼도이동 69-1,3,무료,,
405-1-000877,남성로 143,노상,제주특별자치도 제주시 남성로 143,,4,무료,33.5093001,126.5205292
405-1-000878,"남성로 143-1, 삼도이동 803-9",노상,제주특별자치도 제주시 남성로 143-1,,14,무료,33.5093814,126.5204772
405-1-000879,삼도이동 1233,노상,,제주특별자치도 제주시 삼도이동 1233,2,무료,33.510371,126.520446
405-1-000880,중앙로14길 39,노상,제주특별자치도 제주시 중앙로14길 39,,2,무료,33.5104876,126.520611
405-1-000881,"남성로22길 38, 44",노상,제주특별자치도 제주시 남성로22길 38,,6,무료,33.5067369,126.5224473
405-1-000882,"남성로22길 50, 54",노상,제주특별자치도 제주시 남성로22길 50,,13,무료,33.5055506,126.5221981
405-1-000883,남성로22길 56,노상,제주특별자치도 제주시 남성로22길 56,,2,무료,33.5050715,126.5222122
405-1-000884,"삼도이동 811-12, 남성로22길 3",노상,,제주특별자치도 제주시 삼도이동 811-12,4,무료,,
405-1-000886,"남중서2길 4, 4-2",노상,제주특별자치도 제주시 남중서2길 4,,4,무료,33.5069471,126.5228727
405-1-000887,중앙로24길 26,노상,제주특별자치도 제주시 중앙로24길 26,,3,무료,33.5059222,126.5224677
405-1-000888,중앙로26길 25,노상,제주특별자치도 제주시 중앙로26길 25,,4,무료,33.5051202,126.5226155
405-2-000889,삼도이동 1167-5,노외,,제주특별자치도 제주시 삼도이동 1167-5,7,무료,33.5166438,126.5170629
405-2-000890,"삼도이동 937-2, 932-2",노외,,제주특별자치도 제주시 삼도이동 937-2,13,무료,,
405-2-000891,삼도이동 632-1,노외,,제주특별자치도 제주시 삼도이동 632-1,23,무료,33.5079348,126.5202714
405-2-000892,용담일동 137-54외6,노외,,제주특별자치도 제주시 용담일동 137-54,7,무료,,
405-2-000893,용담일동 220-10,노외,,제주특별자치도 제주시 용담일동 220-10,4,무료,33.5095155,126.5162581
405-2-000894,용담일동 220-16,노외,,제주특별자치도 제주시 용담일동 220-16,5,무료,33.5096327,126.5161104
405-2-000895,용담일동 239-5,노외,,제주특별자치도 제주시 용담일동 239-5,8,무료,33.5084166,126.5146382
405-2-000896,용담일동 244-1,노외,,제주특별자치도 제주시 용담일동 244-1,8,무료,33.5092477,126.5135332
405-2-000897,용담로18길,노외,,제주특별자치도 제주시 용담일동 244-10,7,유료,33.5088638,126.5133177
405-2-000898,용담일동 251-24,노외,,제주특별자치도 제주시 용담일동 251-24,8,무료,33.5054584,126.5136645
405-2-000899,용담일동 262-13,노외,,제주특별자치도 제주시 용담일동 262-13,9,무료,33.5056919,126.5127438
405-2-000900,용담일동 2824-14,노외,,제주특별자치도 제주시 용담일동 2824-14,3,무료,33.500444,126.5131246
405-2-000901,용담일동 292-10,노외,,제주특별자치도 제주시 용담일동 292-10,5,무료,33.5099876,126.5153619
405-2-000902,"용담일동 295-40,295-49",노외,,제주특별자치도 제주시 용담일동 295-40,8,무료,33.5106642,126.5160091
405-1-000903,용담일동 2578-3,노상,,제주특별자치도 제주시 용담일동 2578-3,43,무료,33.5062408,126.5149645
405-1-000904,"탑동로 110, 140",노상,제주특별자치도 제주시 탑동로 110,,64,무료,33.5148687,126.516831
405-1-000905,"서문로 24-2, 용담로 120",노상,제주특별자치도 제주시 서문로 24-2,,4,무료,33.5099251,126.5141262
405-1-000906,"서문로 46, 서문로2길 3",노상,제주특별자치도 제주시 서문로 46,,10,무료,33.5108099,126.5161498
405-1-000907,"서문로2길 23-4, 용담로17길 24",노상,제주특별자치도 제주시 서문로2길 23-4,,18,무료,33.5100204,126.5179189
405-1-000908,"서사로 4, 6-1",노상,제주특별자치도 제주시 서사로 4,,12,무료,33.512002,126.5190729
405-1-000909,용담일동 183-3,노상,,제주특별자치도 제주시 용담일동 183-3,3,무료,33.5028646,126.5123087
405-1-000910,남성로 29,노상,제주특별자치도 제주시 남성로 29,,2,무료,33.5027714,126.5127559
405-1-000911,"남성로 43, 25",노상,제주특별자치도 제주시 남성로 43,,19,무료,,
405-1-000912,"남성로 42-1, 32-1",노상,제주특별자치도 제주시 남성로 42-1,,12,무료,33.5040097,126.5132446
405-1-000913,"남성로 32, 26",노상,제주특별자치도 제주시 남성로 32,,3,무료,33.5029925,126.5131432
405-1-000914,"서광로3길 43-1, 25",노상,제주특별자치도 제주시 서광로3길 43-1,,14,무료,33.5040633,126.5134338
405-1-000915,남성로8길 4,노상,제주특별자치도 제주시 남성로8길 4,,1,무료,33.5035525,126.5137328
405-1-000916,"남성로8길 8, 12",노상,제주특별자치도 제주시 남성로8길 8,,3,무료,33.5035631,126.5140246
405-1-000917,"서광로3길 32, 5길 27-6",노상,제주특별자치도 제주시 서광로3길 32,,5,무료,33.5027617,126.5136757
405-1-000918,"남성로 60, 용담일동 2850",노상,제주특별자치도 제주시 남성로 60,,57,무료,33.5051247,126.5139682
405-1-000919,"남성로 17, 9",노상,제주특별자치도 제주시 남성로 17,,4,무료,33.5017282,126.5126856
405-1-000920,남성로 7,노상,제주특별자치도 제주시 남성로 7,,2,무료,33.5009791,126.5125752
405-1-000921,"남성로 20-1, 남성로 8",노상,제주특별자치도 제주시 남성로 20-1,,12,무료,33.5020068,126.5131439
405-1-000922,"남성로 12, 2길 4",노상,제주특별자치도 제주시 남성로 12,,4,무료,33.5012102,126.5131159
405-1-000923,"서광로3길 17, 남성로2길 3",노상,제주특별자치도 제주시 서광로3길 17,,4,무료,33.5016435,126.5133248
405-1-000924,"남성로2길 8, 서광로7길 13",노상,제주특별자치도 제주시 남성로2길 8,,10,무료,33.5011835,126.5138576
405-1-000925,"서광로3길 10-1, 5길 8-9",노상,제주특별자치도 제주시 서광로3길 10-1,,10,무료,33.5010735,126.5138759
405-1-000926,"서광로7길 23, 서광로 175",노상,제주특별자치도 제주시 서광로7길 23,,31,무료,33.5019049,126.5145828
405-1-000927,서광로5길 4,노상,제주특별자치도 제주시 서광로5길 4,,2,무료,33.5006688,126.5144466
405-1-000928,서광로5길 1,노상,제주특별자치도 제주시 서광로5길 1,,2,무료,33.5004943,126.5140217
405-2-000929,용담일동 255-5,노외,,제주특별자치도 제주시 용담일동 255-5,7,무료,33.5077183,126.5123386
405-2-000930,공항입구,노외,,제주특별자치도 제주시 용담이동 1611-2,208,유료,33.503675,126.4957131
405-2-000931,용담이동 2686-7,노외,,제주특별자치도 제주시 용담이동 2686-7,3,무료,33.5057631,126.5106795
405-2-000932,용담이동 2690-19,노외,,제주특별자치도 제주시 용담이동 2690-19,48,무료,33.5047902,126.5103426
405-2-000933,용담이동 2745-10,노외,,제주특별자치도 제주시 용담이동 2745-10,34,무료,,
405-2-000934,용담이동 358-12,노외,,제주특별자치도 제주시 용담이동 358-12,8,무료,33.5116192,126.5122351
405-2-000935,용담이동 359-56,노외,,제주특별자치도 제주시 용담이동 359-56,1,무료,33.5117122,126.5121353
405-2-000936,용두암,노외,,제주특별자치도 제주시 용담이동 483,62,유료,33.5148036,126.511798
405-2-000937,용화마을,노외,,제주특별자치도 제주시 용담이동 655-2,28,유료,33.5076004,126.5067211
405-2-000938,용담이동 774-5,노외,,제주특별자치도 제주시 용담이동 774-5,23,유료,33.5050817,126.5069498
405-2-000939,용담이동 928-31,노외,,제주특별자치도 제주시 용담이동 928-31,8,무료,33.5123046,126.504334
405-2-000940,용담이동 928-89,노외,,제주특별자치도 제주시 용담이동 928-89,4,무료,33.5121467,126.5043446
405-2-000941,용담삼동 2290-3,노외,,제주특별자치도 제주시 용담삼동 2290-3,11,무료,33.5199688,126.4946157
405-2-000942,용담삼동 2396-1,노외,,제주특별자치도 제주시 용담삼동 2396-1,10,무료,33.5185026,126.4887999
405-2-000943,용담삼동 519-12,노외,,제주특별자치도 제주시 용담삼동 519-12,17,무료,33.5152572,126.5060453
405-2-000944,용담삼동 995-1,노외,,제주특별자치도 제주시 용담삼동 995-1,25,무료,33.5147488,126.5041314
405-1-000946,동한두기길 15,노상,제주특별자치도 제주시 동한두기길 15,,4,무료,33.516237,126.515901
405-1-000947,용두암길 48,노상,제주특별자치도 제주시 용두암길 48,,1,무료,33.5134131,126.5140702
405-1-000948,"성화로 33, 1",노상,제주특별자치도 제주시 성화로 33,,32,무료,33.5129262,126.505517
405-1-000949,"용화로 3, 7",노상,제주특별자치도 제주시 용화로 3,,6,무료,33.5101547,126.5039213
405-1-000950,"용담로 36, 48",노상,제주특별자치도 제주시 용담로 36,,15,무료,33.5129385,126.5063835
405-1-000951,"성화로 34, 2",노상,제주특별자치도 제주시 성화로 34,,28,무료,33.5128987,126.5057754
405-1-000952,"용담이동 593-9, 용담로4길 2",노상,,제주특별자치도 제주시 용담이동 593-9,14,무료,,
405-1-000953,"성화로 2, 용화로 37-2",노상,제주특별자치도 제주시 성화로 2,,23,무료,33.5101335,126.505425
405-1-000954,"용담로 54-1, 58-1",노상,제주특별자치도 제주시 용담로 54-1,,8,무료,33.5127037,126.5085721
405-1-000955,"용화로11길 34, 28",노상,제주특별자치도 제주시 용화로11길 34,,6,무료,33.5123578,126.5093427
405-1-000956,용화로 47,노상,제주특별자치도 제주시 용화로 47,,3,무료,33.5098256,126.508618
405-1-000957,"용화로 4, 용화로4길 2",노상,제주특별자치도 제주시 용화로 4,,11,무료,33.5098398,126.5040014
405-1-000958,"용화로 20, 40",노상,제주특별자치도 제주시 용화로 20,,26,무료,33.5098005,126.5054948
405-1-000959,"용화로10길 4, 용문로17길 21-1",노상,제주특별자치도 제주시 용화로10길 4,,15,무료,33.5094526,126.5077165
405-1-000960,"용문로17길 22, 용화로10길 24",노상,제주특별자치도 제주시 용문로17길 22,,3,무료,33.5078827,126.5073415
405-1-000961,"용문서안길 28, 용담이동 796-33",노상,제주특별자치도 제주시 용문서안길 28,,8,무료,33.5091116,126.5058219
405-1-000962,"용화로 44, 용화로 48",노상,제주특별자치도 제주시 용화로 44,,10,무료,33.5093346,126.5080892
405-1-000963,"용화로10길 3, 용화로10길 35",노상,제주특별자치도 제주시 용화로10길 3,,17,무료,33.5094744,126.5078996
405-1-000964,"용문로21길 13, 21",노상,제주특별자치도 제주시 용문로21길 13,,7,무료,33.5087928,126.5087657
405-1-000965,"용화로10길 23-1, 용문로 145-4",노상,제주특별자치도 제주시 용화로10길 23-1,,7,무료,33.5078572,126.5076691
405-1-000966,"용담이동 650-16, 용문로11길 4",노상,,제주특별자치도 제주시 용담이동 650-16,5,무료,,
405-1-000967,"용문로20길 27, 15",노상,제주특별자치도 제주시 용문로20길 27,,13,무료,33.5086725,126.5111648
405-1-000968,"용문로10길 3, 용원길 4-1",노상,제주특별자치도 제주시 용문로10길 3,,9,무료,33.5041096,126.5072105
405-1-000969,용담삼동 519-12,노상,,제주특별자치도 제주시 용담삼동 519-12,17,무료,33.5152572,126.5060453
405-2-000970,용담이동 359-25,노외,,제주특별자치도 제주시 용담이동 359-25,25,무료,,
405-2-000971,건입동 1036-2,노외,,제주특별자치도 제주시 건입동 1036-2,11,무료,33.5173733,126.5376234
405-2-000972,"건입동 1042-2,1042-1",노외,,제주특별자치도 제주시 건입동 1042-2,17,무료,33.5163113,126.5354521
405-2-000973,건입동 1042-7,노외,,제주특별자치도 제주시 건입동 1042-7,4,무료,33.5162172,126.5353104
405-2-000974,건입동 1077-47,노외,,제주특별자치도 제주시 건입동 1077-47,4,무료,33.5147137,126.5344373
405-2-000975,"건입동 1123-12, 1123-59",노외,,제주특별자치도 제주시 건입동 1123-12,5,무료,33.5136393,126.5300381
405-2-000976,건입동 1188,노외,,제주특별자치도 제주시 건입동 1188,10,무료,33.5154795,126.5313975
405-2-000977,건입동 1189-1,노외,,제주특별자치도 제주시 건입동 1189-1,5,무료,33.515298,126.5311086
405-2-000978,건입동 1189-10,노외,,제주특별자치도 제주시 건입동 1189-10,9,무료,33.5149637,126.5310102
405-2-000979,건입동 1190-1,노외,,제주특별자치도 제주시 건입동 1190-1,8,무료,33.515028,126.5306995
405-2-000980,"건입동 1204-1, 1204-2",노외,,제주특별자치도 제주시 건입동 1204-1,18,무료,33.5149519,126.5300369
405-2-000981,건입동 1205-1,노외,,제주특별자치도 제주시 건입동 1205-1,5,무료,33.5148869,126.5298971
405-2-000982,건입동 122-1,노외,,제주특별자치도 제주시 건입동 122-1,14,무료,33.5093719,126.5440754
405-2-000983,건입동 1249,노외,,제주특별자치도 제주시 건입동 1249,10,무료,33.5143639,126.5312188
405-2-000984,건입동 1274-27,노외,,제주특별자치도 제주시 건입동 1274-27,4,무료,33.515055,126.5322953
405-2-000985,건입동 1277-2,노외,,제주특별자치도 제주시 건입동 1277-2,8,무료,33.5159486,126.5328057
405-2-000986,산짓물(지하),노외,,제주특별자치도 제주시 건입동 1328,70,유료,,
405-2-000987,건입동 1421-13,노외,,제주특별자치도 제주시 건입동 1421-13,15,무료,33.5162596,126.5242437
405-2-000988,건입동 658-9,노외,,제주특별자치도 제주시 건입동 658-9,23,무료,33.5171442,126.5395657
405-2-000989,건입동 659-3,노외,,제주특별자치도 제주시 건입동 659-3,19,무료,33.5177594,126.5401446
405-2-000990,건입동 670,노외,,제주특별자치도 제주시 건입동 670,7,무료,33.5168588,126.5403987
405-2-000991,"건입동 697-1, 697-6",노외,,제주특별자치도 제주시 건입동 697-1,66,무료,33.5154052,126.5424502
405-2-000992,건입동 709-2,노외,,제주특별자치도 제주시 건입동 709-2,11,무료,33.5144491,126.5393625
405-2-000993,건입동 709-4,노외,,제주특별자치도 제주시 건입동 709-4,10,무료,33.5143457,126.5389593
405-2-000994,"건입동 933-3 923,925-1, 927-1",노외,,제주특별자치도 제주시 건입동 933-3,54,무료,,
405-1-000995,서부두2길,노상,,제주특별자치도 제주시 건입동 1440-2,30,무료,33.5177935,126.5250512
405-1-000996,서부두2길,노상,,제주특별자치도 제주시 건입동 1443-1,17,무료,33.5174533,126.5267828
405-1-000997,"서부두길 18-2, 16",노상,제주특별자치도 제주시 서부두길 18-2,,10,무료,33.5178437,126.528448
405-1-000998,서부두2길 20,노상,제주특별자치도 제주시 서부두2길 20,,11,무료,33.5174533,126.5267828
405-1-000999,중앙로 13,노상,제주특별자치도 제주시 중앙로 13,,21,무료,33.5170046,126.5254307
405-1-001000,임항로 17,노상,제주특별자치도 제주시 임항로 17,,11,무료,33.5167445,126.5267387
405-1-001001,임항로 17,노상,제주특별자치도 제주시 임항로 17,,17,무료,33.5167445,126.5267387
405-1-001002,서부두2길 26,노상,제주특별자치도 제주시 서부두2길 26,,5,무료,33.5173807,126.5275094
405-1-001004,서부두길 10-2,노상,제주특별자치도 제주시 서부두길 10-2,,6,무료,33.5169861,126.5280372
405-1-001005,임항로 37,노상,제주특별자치도 제주시 임항로 37,,10,무료,33.5167948,126.5286273
405-1-001006,임항로 38,노상,제주특별자치도 제주시 임항로 38,,10,무료,33.5164308,126.5289146
405-1-001007,임항로 37-7,노상,제주특별자치도 제주시 임항로 37-7,,10,무료,33.5173886,126.530744
405-1-001008,중앙로1길 11,노상,제주특별자치도 제주시 중앙로1길 11,,9,무료,33.5163856,126.5259842
405-1-001009,"건입동 1189-19, 1189-23",노상,,제주특별자치도 제주시 건입동 1189-19,4,무료,33.5150404,126.5309373
405-1-001011,"공덕길 3, 1",노상,제주특별자치도 제주시 공덕길 3,,3,무료,33.5139897,126.5305762
405-1-001012,"만덕로6길 15, 9",노상,제주특별자치도 제주시 만덕로6길 15,,6,무료,33.5135235,126.5306671
405-1-001013,동문로11길 3-4,노상,제주특별자치도 제주시 동문로11길 3-4,,2,무료,33.5135362,126.5310469
405-1-001014,"임항로 59, 85",노상,제주특별자치도 제주시 임항로 59,,31,무료,33.5167263,126.5312025
405-1-001015,"만덕로 17-1, 건입동 1275-11",노상,제주특별자치도 제주시 만덕로 17-1,,6,무료,33.515158,126.5319846
405-1-001016,"건입동 1274-27, 만덕로3길 24",노상,,제주특별자치도 제주시 건입동 1274-27,27,무료,,
405-1-001017,만덕로3길 26,노상,제주특별자치도 제주시 만덕로3길 26,,5,무료,33.5167341,126.535214
405-1-001018,만덕로3길 26,노상,제주특별자치도 제주시 만덕로3길 26,,2,무료,33.5167341,126.535214
405-1-001019,만덕로3길 19,노상,제주특별자치도 제주시 만덕로3길 19,,2,무료,33.515914,126.5330555
405-1-001020,만덕로3길 19,노상,제주특별자치도 제주시 만덕로3길 19,,3,무료,33.515914,126.5330555
405-1-001021,건입동 943-3,노상,,제주특별자치도 제주시 건입동 943-3,3,무료,33.5183412,126.5363124
405-1-001022,"칠머리길 20-1, 동대3길 23",노상,제주특별자치도 제주시 칠머리길 20-1,,5,무료,33.5182012,126.5362435
405-1-001023,동대2길 21,노상,제주특별자치도 제주시 동대2길 21,,1,무료,33.5177168,126.5371978
405-1-001024,동대북길 14,노상,제주특별자치도 제주시 동대북길 14,,2,무료,33.5179649,126.5373548
405-1-001025,동대1길 19,노상,제주특별자치도 제주시 동대1길 19,,4,무료,33.5176201,126.5376175
405-1-001026,동대1길 25,노상,제주특별자치도 제주시 동대1길 25,,5,무료,33.5180182,126.5376238
405-1-001027,칠머리길 1,노상,제주특별자치도 제주시 칠머리길 1,,6,무료,33.5170638,126.5358274
405-1-001028,"연무정길 27-2, 동대길 24",노상,제주특별자치도 제주시 연무정길 27-2,,7,무료,33.5163823,126.5356798
405-1-001030,"임항로 276, 동대길 4",노상,제주특별자치도 제주시 임항로 276,,14,무료,33.516389,126.5380877
405-1-001031,임항로 282,노상,제주특별자치도 제주시 임항로 282,,4,무료,33.515687,126.5380992
405-1-001032,"동문로21길 19, 89-1",노상,제주특별자치도 제주시 동문로21길 19,,6,무료,33.5155824,126.5368505
405-1-001033,동문로 97-1,노상,제주특별자치도 제주시 동문로 97-1,,4,무료,33.5142294,126.5370797
405-1-001034,"동문로 97-1, 97-3",노상,제주특별자치도 제주시 동문로 97-1,,2,무료,33.5142294,126.5370797
405-1-001035,"사라봉9길 9, 11길 5",노상,제주특별자치도 제주시 사라봉9길 9,,2,무료,33.5171623,126.539264
405-1-001036,"사라봉9길 13, 19",노상,제주특별자치도 제주시 사라봉9길 13,,8,무료,33.5168724,126.5392614
405-1-001037,"사라봉11길 5, 658-9",노상,제주특별자치도 제주시 사라봉11길 5,,5,무료,33.5170815,126.5393041
405-1-001038,"사라봉7길 9, 11",노상,제주특별자치도 제주시 사라봉7길 9,,4,무료,33.5173128,126.5399025
405-1-001039,"건입동 671, 사라봉13길 13",노상,,제주특별자치도 제주시 건입동 671,13,무료,,
405-1-001040,사라봉11길 15,노상,제주특별자치도 제주시 사라봉11길 15,,2,무료,,
405-1-001041,"사라봉5길 12, 14",노상,제주특별자치도 제주시 사라봉5길 12,,3,무료,33.5173735,126.5401378
405-1-001042,사라봉3길 18,노상,제주특별자치도 제주시 사라봉3길 18,,3,무료,33.5170757,126.5406697
405-1-001043,"사라봉5길 19, 27",노상,제주특별자치도 제주시 사라봉5길 19,,7,무료,33.5166522,126.5404254
405-1-001044,"사라봉13길 19, 3길 30",노상,제주특별자치도 제주시 사라봉13길 19,,4,무료,33.5160039,126.5404114
405-1-001045,"사라봉3길 20, 30",노상,제주특별자치도 제주시 사라봉3길 20,,6,무료,33.5168278,126.5406757
405-1-001046,"사라봉13길 23, 1길 34",노상,제주특별자치도 제주시 사라봉13길 23,,4,무료,33.5159971,126.5409494
405-1-001047,"사라봉1길 34, 28",노상,제주특별자치도 제주시 사라봉1길 34,,7,무료,33.5159966,126.541268
405-1-001048,"임항로 235, 사라봉1길 18",노상,제주특별자치도 제주시 임항로 235,,25,무료,33.518247,126.541162
405-1-001049,사라봉3길 6,노상,제주특별자치도 제주시 사라봉3길 6,,1,무료,33.5178346,126.5406781
405-1-001050,"사라봉7길 27, 31",노상,제주특별자치도 제주시 사라봉7길 27,,5,무료,33.5158129,126.5398853
405-1-001051,사라봉길 15,노상,제주특별자치도 제주시 사라봉길 15,,6,무료,33.5150469,126.5398616
405-1-001052,"건입동 676-17, 사라봉5길 35-1",노상,,제주특별자치도 제주시 건입동 676-17,4,무료,,
405-1-001053,"건입동 709-4, 사라봉길 10",노상,,제주특별자치도 제주시 건입동 709-4,5,무료,,
405-1-001054,"사라봉7길 41, 동문로 125-1",노상,제주특별자치도 제주시 사라봉7길 41,,7,무료,33.5144768,126.5399161
405-1-001055,"사라봉1길 36, 39",노상,제주특별자치도 제주시 사라봉1길 36,,7,무료,33.5158203,126.5412851
405-1-001056,"사라봉1길 42, 동문로 145-9",노상,제주특별자치도 제주시 사라봉1길 42,,14,무료,33.5151098,126.5411937
405-2-001057,건입동 942-5,노외,,제주특별자치도 제주시 건입동 942-5,10,무료,33.5178531,126.5360823
405-2-001058,건입동 704-1,노외,,제주특별자치도 제주시 건입동 704-1,7,무료,33.5141481,126.5417961
405-2-001059,"화북일동 1984-1, 1984-2",노외,,제주특별자치도 제주시 화북일동 1984-1,14,무료,33.5192779,126.5645092
405-2-001060,화북일동 11-7,노외,,제주특별자치도 제주시 화북일동 11-7,39,유료,33.5197241,126.5734262
405-2-001061,화북일동 14-1,노외,,제주특별자치도 제주시 화북일동 14-1,15,무료,33.5178783,126.5766652
405-2-001062,화북일동 15-12,노외,,제주특별자치도 제주시 화북일동 15-12,6,무료,33.5175043,126.5772117
405-2-001063,"화북일동 1566-1, 1566-4",노외,,제주특별자치도 제주시 화북일동 1566-1,7,무료,33.5252066,126.5684132
405-2-001064,화북일동 1585,노외,,제주특별자치도 제주시 화북일동 1585,5,무료,33.5248706,126.5676328
405-2-001065,화북일동 1619-7,노외,,제주특별자치도 제주시 화북일동 1619-7,3,무료,33.5246114,126.5662937
405-2-001066,화북일동 1820-1,노외,,제주특별자치도 제주시 화북일동 1820-1,6,무료,33.5243593,126.5685884
405-2-001067,화북일동 1930-4,노외,,제주특별자치도 제주시 화북일동 1930-4,18,무료,33.5223028,126.5630615
405-2-001068,화북일동 1933-8,노외,,제주특별자치도 제주시 화북일동 1933-8,31,무료,33.522981,126.5647168
405-2-001069,화북일동 1936,노외,,제주특별자치도 제주시 화북일동 1936,24,무료,33.5232202,126.5654763
405-2-001070,화북일동 1936-7,노외,,제주특별자치도 제주시 화북일동 1936-7,20,무료,33.5232572,126.5660197
405-2-001071,"화북일동 1944-9, 1944-13",노외,,제주특별자치도 제주시 화북일동 1944-9,28,무료,33.5221924,126.5676163
405-2-001072,화북일동 1946-14,노외,,제주특별자치도 제주시 화북일동 1946-14,10,무료,33.5218813,126.5671756
405-2-001073,화북일동 1946-9,노외,,제주특별자치도 제주시 화북일동 1946-9,21,무료,33.5223386,126.5667486
405-2-001074,화북일동 1947-10,노외,,제주특별자치도 제주시 화북일동 1947-10,9,무료,33.5224356,126.5659457
405-2-001075,화북일동 1951-5,노외,,제주특별자치도 제주시 화북일동 1951-5,37,무료,33.5221971,126.5652403
405-2-001076,화북일동 1953,노외,,제주특별자치도 제주시 화북일동 1953,7,무료,33.5218948,126.5636176
405-2-001077,화북일동 1955-15,노외,,제주특별자치도 제주시 화북일동 1955-15,15,무료,33.5210348,126.5632831
405-2-001078,화북일동 1969,노외,,제주특별자치도 제주시 화북일동 1969,9,무료,33.5204875,126.5678818
405-2-001079,화북일동 1976-11,노외,,제주특별자치도 제주시 화북일동 1976-11,24,무료,33.5201041,126.5648664
405-2-001080,"화북일동 1976-2, 1976-3",노외,,제주특별자치도 제주시 화북일동 1976-2,9,무료,33.5205273,126.5649869
405-2-001081,화북일동,노외,,제주특별자치도 제주시 화북일동 2130-6,100,유료,33.5141141,126.5631436
405-2-001082,화북일동 4051-1,노외,,제주특별자치도 제주시 화북일동 4051-1,7,무료,33.5245214,126.5633496
405-2-001083,화북일동 4266-12,노외,,제주특별자치도 제주시 화북일동 4266-12,4,무료,33.5247652,126.5640444
405-2-001084,"화북이동 3378-4, 3378-6",노외,,제주특별자치도 제주시 화북이동 3378-4,34,무료,33.5083653,126.5612229
405-2-001085,화북이동 3645-4,노외,,제주특별자치도 제주시 화북이동 3645-4,38,무료,33.511733,126.5610399
405-2-001086,거로,노외,,제주특별자치도 제주시 화북이동 3491-2,20,유료,33.5100978,126.5626629
405-1-001087,진남로 22,노상,제주특별자치도 제주시 진남로 22,,2,무료,33.5227287,126.5628049
405-1-001088,진남로 28,노상,제주특별자치도 제주시 진남로 28,,6,무료,33.5228425,126.5633934
405-1-001089,"진남로 30-1, 진남로4길 29",노상,제주특별자치도 제주시 진남로 30-1,,6,무료,33.5227375,126.5635774
405-1-001090,"진남로 36, 40",노상,제주특별자치도 제주시 진남로 36,,5,무료,33.5230312,126.5640967
405-1-001091,"진남로4길 32, 화북일동 1933-10",노상,제주특별자치도 제주시 진남로4길 32,,16,무료,33.5227312,126.5639834
405-1-001092,"진서로 38, 진서로6길 3",노상,제주특별자치도 제주시 진서로 38,,6,무료,33.5220049,126.5628874
405-1-001093,"진남로2길 38, 진서로6길 11-1",노상,제주특별자치도 제주시 진남로2길 38,,4,무료,33.5221507,126.5635733
405-1-001094,진남로2길 35,노상,제주특별자치도 제주시 진남로2길 35,,2,무료,33.5218283,126.5633395
405-1-001095,"진남로2길 33, 진남로2길 31",노상,제주특별자치도 제주시 진남로2길 33,,3,무료,33.5215785,126.563392
405-1-001096,"진남로2길 29-1, 진동로5길 3",노상,제주특별자치도 제주시 진남로2길 29-1,,4,무료,33.5211878,126.5634408
405-1-001097,진동로5길 7,노상,제주특별자치도 제주시 진동로5길 7,,1,무료,33.5211477,126.5638599
405-1-001099,화북일동 1957,노상,,제주특별자치도 제주시 화북일동 1957,11,무료,33.5214784,126.5647685
405-1-001100,진남로6길 31,노상,제주특별자치도 제주시 진남로6길 31,,3,무료,33.5216161,126.5652058
405-1-001101,"진남로 50, 56",노상,제주특별자치도 제주시 진남로 50,,7,무료,33.5233179,126.5655413
405-1-001102,"진남로 58, 62",노상,제주특별자치도 제주시 진남로 58,,8,무료,33.5234035,126.5664005
405-1-001103,"진남로 56, 진남로8길 47",노상,제주특별자치도 제주시 진남로 56,,7,무료,33.5234343,126.566069
405-1-001104,진남로 58,노상,제주특별자치도 제주시 진남로 58,,2,무료,33.5234035,126.5664005
405-1-001105,"진남로8길 42, 화북일동 1946-9",노상,제주특별자치도 제주시 진남로8길 42,,4,무료,33.5224593,126.5665218
405-1-001106,진동로5길 37,노상,제주특별자치도 제주시 진동로5길 37,,8,무료,33.5219304,126.5667982
405-1-001107,"진남로10길 40, 진동로5길 41",노상,제주특별자치도 제주시 진남로10길 40,,13,무료,33.5226597,126.5672573
405-1-001108,진동로 42,노상,제주특별자치도 제주시 진동로 42,,1,무료,33.5227092,126.5680781
405-1-001109,화북일동 1752,노상,,제주특별자치도 제주시 화북일동 1752,5,무료,33.5220526,126.5681396
405-1-001110,진남로2길 21,노상,제주특별자치도 제주시 진남로2길 21,,2,무료,33.5205696,126.5636168
405-1-001111,진남로2길 19,노상,제주특별자치도 제주시 진남로2길 19,,1,무료,33.5204379,126.5637919
405-1-001112,"진남로2길 17, 진동로3길 5",노상,제주특별자치도 제주시 진남로2길 17,,4,무료,33.5203041,126.5637816
405-1-001113,진동로3길 11,노상,제주특별자치도 제주시 진동로3길 11,,3,무료,33.5200698,126.5644581
405-1-001114,"진남로4길 8, 6",노상,제주특별자치도 제주시 진남로4길 8,,2,무료,33.5204046,126.5647512
405-1-001115,"진동로3길 15, 진남로6길 17",노상,제주특별자치도 제주시 진동로3길 15,,4,무료,33.5201599,126.5649622
405-1-001116,"진서로 12, 진동로3길 5",노상,제주특별자치도 제주시 진서로 12,,3,무료,33.5198314,126.563539
405-1-001118,"화북일동 1984-2, 진남로6길 3",노상,,제주특별자치도 제주시 화북일동 1984-2,6,무료,,
405-1-001119,진남로10길 27,노상,제주특별자치도 제주시 진남로10길 27,,2,무료,33.5215952,126.5673104
405-1-001120,"화북일동 1752, 진동로 12",노상,,제주특별자치도 제주시 화북일동 1752,23,무료,,
405-1-001121,진남로10길 23,노상,제주특별자치도 제주시 진남로10길 23,,3,무료,33.5213693,126.5673759
405-1-001122,"진남로10길 21, 19",노상,제주특별자치도 제주시 진남로10길 21,,4,무료,33.5212705,126.5674075
405-1-001123,"진남로6길 24, 8길 25",노상,제주특별자치도 제주시 진남로6길 24,,10,무료,33.5208928,126.5659019
405-1-001124,진남로8길 26,노상,제주특별자치도 제주시 진남로8길 26,,2,무료,33.5211885,126.5670554
405-1-001125,"진남로8길 24, 진동로3길 35",노상,제주특별자치도 제주시 진남로8길 24,,6,무료,33.5210017,126.5671099
405-1-001126,"진동로3길 35, 39",노상,제주특별자치도 제주시 진동로3길 35,,2,무료,33.5205576,126.5671923
405-1-001127,"진동로3길 40-1, 진남로10길 9-1",노상,제주특별자치도 제주시 진동로3길 40-1,,4,무료,33.5204686,126.5676519
405-1-001128,"진남로10길 7, 화북일동 1972-9",노상,제주특별자치도 제주시 진남로10길 7,,6,무료,33.5201012,126.5676898
405-1-001129,진동로1길 39,노상,제주특별자치도 제주시 진동로1길 39,,1,무료,,
405-1-001130,화북일동 1972-9,노상,,제주특별자치도 제주시 화북일동 1972-9,5,무료,33.5196788,126.5676788
405-1-001131,"진남로8길 16, 화북일동 1972-9",노상,제주특별자치도 제주시 진남로8길 16,,13,무료,33.520325,126.5673345
405-1-001132,진남로8길 2,노상,제주특별자치도 제주시 진남로8길 2,,7,무료,33.5193001,126.5676086
405-1-001133,"진남로6길 6, 진동로1길 21",노상,제주특별자치도 제주시 진남로6길 6,,11,무료,33.5194214,126.5658861
405-1-001134,진남로8길 9,노상,제주특별자치도 제주시 진남로8길 9,,6,무료,33.5198355,126.5672012
405-1-001135,"진동로3길 29, 31-2",노상,제주특별자치도 제주시 진동로3길 29,,5,무료,33.5203731,126.5662815
405-1-001136,진남로8길 17,노상,제주특별자치도 제주시 진남로8길 17,,2,무료,33.5204967,126.566932
405-1-001137,"진동로5길 14, 진남로4길 12",노상,제주특별자치도 제주시 진동로5길 14,,3,무료,33.5210144,126.5645552
405-1-001138,"진남로2길 25, 23",노상,제주특별자치도 제주시 진남로2길 25,,2,무료,33.5208317,126.5637284
405-2-001139,화북일동 1007-7,노외,,제주특별자치도 제주시 화북일동 1007-7,6,무료,33.5162898,126.5771335
405-2-001141,화북이동 3449-1,노외,,제주특별자치도 제주시 화북이동 3449-1,8,무료,33.5089323,126.561554
405-2-001142,"화북일동 1142-1, 1143-1",노외,,제주특별자치도 제주시 화북일동 1142-1,25,무료,33.5194427,126.5720791
405-2-001143,도련,노외,,제주특별자치도 제주시 도련일동 1642,60,유료,33.5077176,126.5880679
405-2-001144,도련일동 1940-5,노외,,제주특별자치도 제주시 도련일동 1940-5,11,무료,33.5161986,126.5793821
405-2-001145,도련일동 1971-2,노외,,제주특별자치도 제주시 도련일동 1971-2,16,무료,33.5156075,126.5803587
405-2-001146,"삼양일동 1547-10, 1547-11",노외,,제주특별자치도 제주시 삼양일동 1547-10,19,무료,33.5293461,126.5911147
405-2-001147,삼양일동 1579-1,노외,,제주특별자치도 제주시 삼양일동 1579-1,13,무료,33.5295457,126.5934835
405-2-001148,삼양일동 1581-1,노외,,제주특별자치도 제주시 삼양일동 1581-1,7,무료,33.5282436,126.5901632
405-2-001149,삼양일동 1592-2,노외,,제주특별자치도 제주시 삼양일동 1592-2,55,무료,33.5283176,126.5930449
405-2-001150,삼양일동 1598-2,노외,,제주특별자치도 제주시 삼양일동 1598-2,22,무료,33.526293,126.5878608
405-2-001151,삼양일동 1628-7,노외,,제주특별자치도 제주시 삼양일동 1628-7,30,무료,33.5268657,126.5905213
405-2-001152,삼양일동 1646-22,노외,,제주특별자치도 제주시 삼양일동 1646-22,6,무료,33.5251291,126.5897337
405-2-001153,삼양일동 1657-8,노외,,제주특별자치도 제주시 삼양일동 1657-8,90,무료,33.5247744,126.5868576
405-2-001154,삼양이동 2110-6,노외,,제주특별자치도 제주시 삼양이동 2110-6,26,무료,33.5236684,126.5853723
405-2-001155,삼양이동 2114-5,노외,,제주특별자치도 제주시 삼양이동 2114-5,7,무료,33.5246728,126.586509
405-2-001156,삼양이동 2114-7,노외,,제주특별자치도 제주시 삼양이동 2114-7,7,무료,33.5244528,126.5865948
405-2-001157,삼양이동 2124-6,노외,,제주특별자치도 제주시 삼양이동 2124-6,19,무료,33.5226698,126.5864648
405-2-001158,삼양이동 2133-5,노외,,제주특별자치도 제주시 삼양이동 2133-5,69,무료,33.5221193,126.5845586
405-2-001159,삼양이동 2135-10,노외,,제주특별자치도 제주시 삼양이동 2135-10,24,무료,33.5214239,126.5848284
405-2-001160,삼양이동 2136-4,노외,,제주특별자치도 제주시 삼양이동 2136-4,6,무료,33.5221074,126.5856349
405-2-001161,삼양이동 2176-13,노외,,제주특별자치도 제주시 삼양이동 2176-13,71,무료,33.5195711,126.5828186
405-2-001162,삼양이동 2255-11,노외,,제주특별자치도 제주시 삼양이동 2255-11,19,무료,33.5196415,126.5833765
405-2-001163,삼양이동 2255-9,노외,,제주특별자치도 제주시 삼양이동 2255-9,11,무료,33.5195996,126.5830322
405-2-001164,삼양이동 2309-1,노외,,제주특별자치도 제주시 삼양이동 2309-1,7,무료,33.5189079,126.5808047
405-2-001165,삼양이동 2174-1,노외,,제주특별자치도 제주시 삼양이동 2174-1,15,무료,33.5209967,126.5816161
405-2-001166,"삼양이동 2180-24, 2180-25",노외,,제주특별자치도 제주시 삼양이동 2180-24,37,무료,33.5200975,126.5849941
405-1-001167,"도련일동 1939-1, 건주로4길 6-1",노상,,제주특별자치도 제주시 도련일동 1939-1,11,무료,,
405-1-001168,"건주로 27, 37",노상,제주특별자치도 제주시 건주로 27,,10,무료,33.5170882,126.581141
405-1-001169,"건주로3길 19, 11",노상,제주특별자치도 제주시 건주로3길 19,,17,무료,33.5167678,126.5814066
405-1-001170,"화삼북로 90, 화삼로 89",노상,제주특별자치도 제주시 화삼북로 90,,16,무료,33.5170239,126.5820795
405-1-001171,"선사로6길 40, 46-1",노상,제주특별자치도 제주시 선사로6길 40,,13,무료,33.5262531,126.5894756
405-1-001172,"선사로2길 43, 원당로5길 12",노상,제주특별자치도 제주시 선사로2길 43,,3,무료,33.5252994,126.5899777
405-1-001173,"선사로2길 49, 삼양일동 1647-12",노상,제주특별자치도 제주시 선사로2길 49,,10,무료,33.5256482,126.5902148
405-1-001174,"삼양일동 1654-2, 원당로 45",노상,,제주특별자치도 제주시 삼양일동 1654-2,8,무료,,
405-1-001175,"선사로2길 50, 삼양일동 1651-6",노상,제주특별자치도 제주시 선사로2길 50,,4,무료,33.5253593,126.5906482
405-1-001176,지석9길 2,노상,제주특별자치도 제주시 지석9길 2,,4,무료,33.5216102,126.5829941
405-1-001177,일주동로 361,노상,제주특별자치도 제주시 일주동로 361,,8,무료,33.521402,126.5838246
405-1-001178,"지석13길 10, 삼양이동 2136-6",노상,제주특별자치도 제주시 지석13길 10,,5,무료,33.521881,126.5852593
405-1-001179,지석4길 16,노상,제주특별자치도 제주시 지석4길 16,,7,무료,33.5199243,126.579356
405-1-001180,지석8길 18,노상,제주특별자치도 제주시 지석8길 18,,6,무료,33.5196898,126.5813539
405-1-001181,"일주동로 348, 지석8길 5-5",노상,제주특별자치도 제주시 일주동로 348,,6,무료,33.5209157,126.5820653
405-1-001182,"일주동로 352, 지석10길 6",노상,제주특별자치도 제주시 일주동로 352,,4,무료,33.5208764,126.5824541
405-1-001183,일주동로 350-5,노상,제주특별자치도 제주시 일주동로 350-5,,1,무료,33.520635,126.5825216
405-1-001184,"지석8길 13-5, 10길 10",노상,제주특별자치도 제주시 지석8길 13-5,,8,무료,33.5203336,126.5819429
405-1-001185,지석10길 7,노상,제주특별자치도 제주시 지석10길 7,,2,무료,33.5205798,126.5829936
405-1-001186,"지석10길 7-3, 7-7",노상,제주특별자치도 제주시 지석10길 7-3,,2,무료,33.5206761,126.5832934
405-1-001187,"지석10길 7-9, 12길 6",노상,제주특별자치도 제주시 지석10길 7-9,,5,무료,33.5205669,126.583853
405-1-001188,지석12길 5,노상,제주특별자치도 제주시 지석12길 5,,7,무료,33.5204666,126.5843988
405-1-001189,지석12길 11,노상,제주특별자치도 제주시 지석12길 11,,2,무료,33.520124,126.5843378
405-2-001190,도련일동 1971-3,노외,,제주특별자치도 제주시 도련일동 1971-3,15,무료,33.5153866,126.5803522
405-2-001191,삼양이동 2177-1,노외,,제주특별자치도 제주시 삼양이동 2177-1,13,무료,33.5209426,126.5830122
405-2-001192,삼양이동 2128-7,노외,,제주특별자치도 제주시 삼양이동 2128-7,24,무료,33.5220904,126.5827065
405-2-001193,삼양이동 2102-1,노외,,제주특별자치도 제주시 삼양이동 2102-1,8,무료,33.5244141,126.5830172
405-2-001194,봉개동 1854-1,노외,,제주특별자치도 제주시 봉개동 1854-1,53,무료,33.4905473,126.5954767
405-2-001195,회천동 3262-3 외 3,노외,,제주특별자치도 제주시 회천동 3262-3,40,무료,,
405-1-001196,"봉개7길 5, 봉개동 2124",노상,제주특별자치도 제주시 봉개7길 5,,7,무료,33.4915221,126.5908721
405-2-001197,"아라일동 6037-4, 5",노외,,제주특별자치도 제주시 아라일동 6037-4,105,무료,33.485956,126.536637
405-2-001198,아라일동 6044-2,노외,,제주특별자치도 제주시 아라일동 6044-2,13,무료,33.4768179,126.5415587
405-2-001199,아라일동 6046-5,노외,,제주특별자치도 제주시 아라일동 6046-5,32,무료,33.4761242,126.5405689
405-2-001200,아라일동 6051-4,노외,,제주특별자치도 제주시 아라일동 6051-4,20,무료,33.473339,126.5406453
405-2-001201,아라일동 6051-7,노외,,제주특별자치도 제주시 아라일동 6051-7,18,무료,33.4733364,126.540128
405-2-001202,아라일동 6054-9,노외,,제주특별자치도 제주시 아라일동 6054-9,9,무료,33.4722824,126.5407801
405-2-001203,아라일동 6059,노외,,제주특별자치도 제주시 아라일동 6059,18,무료,33.4717778,126.5402436
405-2-001204,아라일동 6061,노외,,제주특별자치도 제주시 아라일동 6061,15,무료,33.4701223,126.5404778
405-2-001205,아라일동 6063-8,노외,,제주특별자치도 제주시 아라일동 6063-8,8,무료,33.4694092,126.5413875
405-2-001206,아라일동 6064-4,노외,,제주특별자치도 제주시 아라일동 6064-4,22,무료,33.4693824,126.5427538
405-2-001207,아라일동 6067,노외,,제주특별자치도 제주시 아라일동 6067,19,무료,33.4707038,126.5418777
405-2-001208,아라일동 6067-1,노외,,제주특별자치도 제주시 아라일동 6067-1,19,무료,33.4707241,126.5420535
405-2-001209,아라일동 6068-9,노외,,제주특별자치도 제주시 아라일동 6068-9,23,무료,33.471044,126.5430688
405-2-001210,아라일동 6075-6,노외,,제주특별자치도 제주시 아라일동 6075-6,22,무료,33.4700928,126.5442959
405-2-001211,아라일동 6083-3,노외,,제주특별자치도 제주시 아라일동 6083-3,32,유료,33.4719993,126.5441532
405-2-001212,아라일동 6084-7,노외,,제주특별자치도 제주시 아라일동 6084-7,23,유료,33.4721414,126.5436196
405-2-001213,아라일동 6090-11,노외,,제주특별자치도 제주시 아라일동 6090-11,14,무료,33.4731313,126.5445751
405-2-001214,아라일동 6090-8,노외,,제주특별자치도 제주시 아라일동 6090-8,14,무료,33.4726111,126.5445775
405-2-001215,아라일동 6090-9,노외,,제주특별자치도 제주시 아라일동 6090-9,14,무료,33.4727251,126.5445769
405-2-001216,아라일동 6091-8,노외,,제주특별자치도 제주시 아라일동 6091-8,19,무료,33.4729255,126.5451045
405-2-001217,아란길,노외,,제주특별자치도 제주시 아라일동 6093-4,54,유료,33.4735974,126.5447721
405-2-001218,아라일동 6095-2,노외,,제주특별자치도 제주시 아라일동 6095-2,15,무료,33.4748317,126.5443565
405-2-001219,아라일동 6095-3,노외,,제주특별자치도 제주시 아라일동 6095-3,17,무료,33.4748322,126.544526
405-2-001220,아라일동 6096,노외,,제주특별자치도 제주시 아라일동 6096,32,무료,33.4752225,126.5438843
405-2-001221,아라일동 6097-18,노외,,제주특별자치도 제주시 아라일동 6097-18,13,무료,33.4746174,126.5437325
405-2-001222,"아라일동 6097-24, 6097-30",노외,,제주특별자치도 제주시 아라일동 6097-24,27,무료,33.4746688,126.542429
405-2-001223,아라동주민센터,노외,,제주특별자치도 제주시 아라일동 6103-6,25,유료,33.4763046,126.5449897
405-2-001224,아라일동 6105-20,노외,,제주특별자치도 제주시 아라일동 6105-20,21,무료,33.4746707,126.5464425
405-2-001225,아라일동 6105-21,노외,,제주특별자치도 제주시 아라일동 6105-21,14,무료,33.4746703,126.5462549
405-2-001226,아라일동 6106-11,노외,,제주특별자치도 제주시 아라일동 6106-11,17,무료,33.4751923,126.5473237
405-2-001227,아라일동 6106-3,노외,,제주특별자치도 제주시 아라일동 6106-3,17,유료,33.475195,126.5465308
405-2-001228,아라일동 6107-13,노외,,제주특별자치도 제주시 아라일동 6107-13,13,무료,33.4755481,126.5472672
405-2-001229,아라일동 6107-5,노외,,제주특별자치도 제주시 아라일동 6107-5,6,무료,33.4756946,126.5466063
405-2-001230,아라일동 6108-6,노외,,제주특별자치도 제주시 아라일동 6108-6,12,무료,33.4761499,126.5471698
405-2-001231,아라일동 6109-10,노외,,제주특별자치도 제주시 아라일동 6109-10,20,무료,33.4765365,126.5474307
405-2-001232,아라일동 6110-6,노외,,제주특별자치도 제주시 아라일동 6110-6,18,무료,33.4771127,126.5489123
405-2-001233,아라일동 6111,노외,,제주특별자치도 제주시 아라일동 6111,42,유료,33.4764798,126.5486955
405-2-001234,"아라일동 6112-14, 15",노외,,제주특별자치도 제주시 아라일동 6112-14,17,무료,33.4759565,126.5486382
405-2-001235,아라일동 6112-5,노외,,제주특별자치도 제주시 아라일동 6112-5,8,무료,33.4761555,126.5486275
405-2-001236,아라일동 6114-5,노외,,제주특별자치도 제주시 아라일동 6114-5,22,유료,33.4751984,126.5485874
405-2-001237,아라일동 6116-2,노외,,제주특별자치도 제주시 아라일동 6116-2,22,무료,33.4749015,126.5493275
405-2-001238,아라일동 6116-3,노외,,제주특별자치도 제주시 아라일동 6116-3,21,무료,33.4749664,126.5495525
405-2-001239,아라일동 6116-4,노외,,제주특별자치도 제주시 아라일동 6116-4,11,무료,33.4749509,126.5497705
405-2-001240,아라일동 6117-10,노외,,제주특별자치도 제주시 아라일동 6117-10,7,무료,33.4753473,126.5495548
405-2-001241,아라일동 6117-11,노외,,제주특별자치도 제주시 아라일동 6117-11,14,무료,33.4754916,126.5495541
405-2-001242,아라일동 6117-12,노외,,제주특별자치도 제주시 아라일동 6117-12,14,무료,33.4756544,126.5495567
405-2-001243,아라일동 6117-13,노외,,제주특별자치도 제주시 아라일동 6117-13,12,무료,33.4758119,126.549542
405-2-001244,아라일동 6117-4,노외,,제주특별자치도 제주시 아라일동 6117-4,8,무료,33.4758121,126.5497487
405-2-001245,아라일동 6117-5,노외,,제주특별자치도 제주시 아라일동 6117-5,14,무료,33.4756549,126.5497634
405-2-001246,아라일동 6120,노외,,제주특별자치도 제주시 아라일동 6120,12,무료,33.4774033,126.5490749
405-2-001247,아라일동 6120-7,노외,,제주특별자치도 제주시 아라일동 6120-7,2,무료,33.4772166,126.5491356
405-2-001248,아라일동 6123,노외,,제주특별자치도 제주시 아라일동 6123,25,유료,33.4738181,126.5516867
405-2-001249,아라일동 6128-4,노외,,제주특별자치도 제주시 아라일동 6128-4,24,무료,33.4738104,126.5497041
405-2-001250,아라일동 6129-7,노외,,제주특별자치도 제주시 아라일동 6129-7,16,무료,33.4731595,126.5497651
405-2-001251,아라일동 6131,노외,,제주특별자치도 제주시 아라일동 6131,35,무료,33.4726813,126.5478719
405-2-001252,아라일동 6131-1,노외,,제주특별자치도 제주시 아라일동 6131-1,14,무료,33.4728693,126.5480827
405-2-001253,아라일동 6133-11,노외,,제주특별자치도 제주시 아라일동 6133-11,14,무료,33.4736882,126.547815
405-2-001254,아라일동 6140-4,노외,,제주특별자치도 제주시 아라일동 6140-4,62,무료,33.4703093,126.5469013
405-2-001256,아라일동 6147-10,노외,,제주특별자치도 제주시 아라일동 6147-10,21,무료,33.4722435,126.546952
405-2-001257,아라일동 6147-5,노외,,제주특별자치도 제주시 아라일동 6147-5,13,무료,33.4721378,126.547553
405-2-001258,아라일동 6149-8,노외,,제주특별자치도 제주시 아라일동 6149-8,6,무료,33.471703,126.5485845
405-2-001259,아라일동 6149-9,노외,,제주특별자치도 제주시 아라일동 6149-9,16,무료,33.4717026,126.548442
405-2-001260,아라일동 6152-3,노외,,제주특별자치도 제주시 아라일동 6152-3,7,무료,33.470613,126.5494443
405-2-001261,아라일동 6152-4,노외,,제주특별자치도 제주시 아라일동 6152-4,7,무료,33.4706688,126.5495566
405-2-001262,아라일동 6152-5,노외,,제주특별자치도 제주시 아라일동 6152-5,7,무료,33.4707258,126.5496711
405-2-001263,아라일동 6154-11,노외,,제주특별자치도 제주시 아라일동 6154-11,12,무료,33.4710892,126.5498123
405-2-001264,아라일동 6157-14,노외,,제주특별자치도 제주시 아라일동 6157-14,17,무료,33.4722097,126.5501664
405-2-001265,아라일동 6158,노외,,제주특별자치도 제주시 아라일동 6158,6,무료,,
405-2-001266,아라일동 6158-1,노외,,제주특별자치도 제주시 아라일동 6158-1,7,무료,33.4723557,126.5508527
405-2-001267,아라일동 6158-15,노외,,제주특별자치도 제주시 아라일동 6158-15,10,무료,33.4721813,126.550854
405-2-001268,아라일동 6158-16,노외,,제주특별자치도 제주시 아라일동 6158-16,10,무료,33.4721964,126.5506991
405-2-001269,아라일동 6159,노외,,제주특별자치도 제주시 아라일동 6159,47,무료,33.4717763,126.5508553
405-2-001270,아라신설로4길제1,노외,,제주특별자치도 제주시 아라이동 3002-1,20,유료,33.4935492,126.542469
405-2-001271,아라신설로4길제2,노외,,제주특별자치도 제주시 아라이동 3002-9,19,유료,33.492711,126.5432949
405-2-001272,아라이동 3005-10,노외,,제주특별자치도 제주시 아라이동 3005-10,9,무료,33.4923794,126.5444781
405-2-001273,아라이동 3008-1,노외,,제주특별자치도 제주시 아라이동 3008-1,19,유료,33.4916431,126.5443067
405-2-001274,아라이동 3013-1,노외,,제주특별자치도 제주시 아라이동 3013-1,18,무료,33.4929141,126.5414259
405-2-001275,아라이동 3013-11,노외,,제주특별자치도 제주시 아라이동 3013-11,17,무료,33.4919956,126.5423308
405-2-001276,아라이동 3013-12,노외,,제주특별자치도 제주시 아라이동 3013-12,10,무료,33.4920589,126.5421422
405-2-001277,아라이동 3014-3,노외,,제주특별자치도 제주시 아라이동 3014-3,11,무료,33.4933426,126.5410472
405-2-001278,아라이동 941-7,노외,,제주특별자치도 제주시 아라이동 941-7,13,무료,33.4783037,126.5528925
405-2-001279,영평동 2169-6,노외,,제주특별자치도 제주시 영평동 2169-6,17,무료,33.4540657,126.5716995
405-2-001280,아라이동 3014-9,노외,,제주특별자치도 제주시 아라이동 3014-9,17,무료,33.4935668,126.5411988
405-2-001281,아라일동 6105-14,노외,,제주특별자치도 제주시 아라일동 6105-14,13,무료,33.4746887,126.5475031
405-1-001282,"간월동로 5길 36, 70",노상,제주특별자치도 제주시 간월동로 5길 36,,26,무료,33.4902407,126.5490884
405-1-001283,"기자길 26, 38",노상,제주특별자치도 제주시 기자길 26,,11,무료,33.483771,126.5444644
405-2-001284,아라일동 6105-8,노외,,제주특별자치도 제주시 아라일동 6105-8,9,무료,33.4749096,126.546591
405-2-001286,오라일동 2440-12,노외,,제주특별자치도 제주시 오라일동 2440-12,14,유료,33.4995952,126.5135555
405-2-001287,오라일동 2453-132453-14,노외,,제주특별자치도 제주시 오라일동 2453-13,10,무료,33.4965449,126.5205725
405-2-001288,"오라이동 1375-1,1376",노외,,제주특별자치도 제주시 오라이동 1375-1,22,무료,33.489533,126.5125031
405-2-001289,오라이동 13831383-2,노외,,제주특별자치도 제주시 오라이동 1383,7,무료,33.4889308,126.5136995
405-2-001290,오라이동 1397-7,노외,,제주특별자치도 제주시 오라이동 1397-7,10,무료,33.4895617,126.5143536
405-2-001291,사평 제1,노외,,제주특별자치도 제주시 오라이동 1326,18,유료,33.4916289,126.5119355
405-1-001292,"서사로 161, 187",노상,제주특별자치도 제주시 서사로 161,,19,무료,33.4978984,126.5199695
405-1-001293,"서사로25길 6, 신성로 9-1",노상,제주특별자치도 제주시 서사로25길 6,,32,무료,33.4977257,126.520244
405-1-001294,공설로5길 20,노상,제주특별자치도 제주시 공설로5길 20,,2,무료,33.497919,126.5185191
405-1-001295,"공설로 23, 서사로 160",노상,제주특별자치도 제주시 공설로 23,,29,무료,33.4979179,126.516913
405-1-001296,"오라일동 1025, 오라로 115",노상,,제주특별자치도 제주시 오라일동 1025,59,무료,,
405-1-001297,"오라이동 2178-3, 1197",노상,,제주특별자치도 제주시 오라이동 2178-3,5,무료,33.4924183,126.5112334
405-1-001298,사평4길 8,노상,제주특별자치도 제주시 사평4길 8,,2,무료,33.4921229,126.5114677
405-1-001299,사평6길 37-15,노상,제주특별자치도 제주시 사평6길 37-15,,2,무료,33.4898043,126.5151456
405-2-001300,오라일동 2454-3,노외,,제주특별자치도 제주시 오라일동 2454-3,24,무료,33.4956722,126.5201018
405-2-001302,"오라이동 1384, 13851385-1",노외,,제주특별자치도 제주시 오라이동 1384,34,무료,33.4889203,126.5138382
405-2-001303,오라이동 1942-1,노외,,제주특별자치도 제주시 오라이동 1942-1,18,무료,33.4867526,126.5068554
405-2-001304,연동 1370-2,노외,,제주특별자치도 제주시 연동 1370-2,21,무료,33.4815619,126.4879616
405-2-001305,연동 1398-1,노외,,제주특별자치도 제주시 연동 1398-1,15,무료,33.4812345,126.4880263
405-2-001306,연동 1458-2,노외,,제주특별자치도 제주시 연동 1458-2,17,유료,33.4811577,126.4907795
405-2-001307,연동 1492-2,노외,,제주특별자치도 제주시 연동 1492-2,10,무료,33.4801085,126.4922175
405-2-001308,연동 국기로제1,노외,,제주특별자치도 제주시 연동 1499,30,유료,33.4786707,126.4905725
405-2-001309,연동 1504,노외,,제주특별자치도 제주시 연동 1504,18,무료,33.4799075,126.4913882
405-2-001310,연동 국기로제2,노외,,제주특별자치도 제주시 연동 1517,26,유료,33.4783711,126.4903325
405-2-001311,연동 1518-17,노외,,제주특별자치도 제주시 연동 1518-17,9,무료,33.4783326,126.4892308
405-2-001312,연화로,노외,,제주특별자치도 제주시 연동 1519-2,98,유료,33.4776789,126.4892881
405-2-001313,연동 1528-7,노외,,제주특별자치도 제주시 연동 1528-7,9,무료,33.4769069,126.4885874
405-2-001314,연동 1957-1,노외,,제주특별자치도 제주시 연동 1957-1,4,무료,33.4916114,126.4823605
405-2-001315,연동 2303-11,노외,,제주특별자치도 제주시 연동 2303-11,7,무료,33.4934001,126.4854893
405-2-001316,연동 도령북길,노외,,제주특별자치도 제주시 연동 2305-7,26,유료,33.4933634,126.4872608
405-2-001317,성신로,노외,,제주특별자치도 제주시 연동 2322-7,60,유료,33.4910803,126.4860221
405-2-001318,"연동 260-43, 260-54",노외,,제주특별자치도 제주시 연동 260-43,36,무료,33.4903936,126.4890991
405-2-001319,신제주,노외,,제주특별자치도 제주시 연동 272-31,466,유료,33.4890345,126.491463
405-2-001320,연동 290-32,노외,,제주특별자치도 제주시 연동 290-32,18,무료,33.4934619,126.4949237
405-2-001321,연동 291-21,노외,,제주특별자치도 제주시 연동 291-21,8,무료,33.4906896,126.4954227
405-2-001322,연동 299-13,노외,,제주특별자치도 제주시 연동 299-13,26,무료,33.4829638,126.4948249
405-2-001323,연동 308-3,노외,,제주특별자치도 제주시 연동 308-3,13,무료,33.4831611,126.4966751
405-2-001324,"연동 310-27, 88, 89",노외,,제주특별자치도 제주시 연동 310-27,58,무료,33.4927296,126.4992913
405-2-001325,연동 311-34,노외,,제주특별자치도 제주시 연동 311-34,26,무료,33.4914034,126.4991188
405-2-001326,연동 312-15,노외,,제주특별자치도 제주시 연동 312-15,11,무료,33.4877919,126.4995586
405-2-001327,연동 312-34,노외,,제주특별자치도 제주시 연동 312-34,9,무료,33.4884477,126.4991231
405-2-001328,연동 312-40,노외,,제주특별자치도 제주시 연동 312-40,18,무료,33.4878206,126.4978661
405-2-001329,연동 313-29,노외,,제주특별자치도 제주시 연동 313-29,10,무료,,
405-2-001330,연동 321-4,노외,,제주특별자치도 제주시 연동 321-4,21,무료,33.4913716,126.5007289
405-2-001331,연동 321-5,노외,,제주특별자치도 제주시 연동 321-5,14,무료,33.4916056,126.5007571
405-1-001332,"남녕로8길 3-5, 남녕로 54",노상,제주특별자치도 제주시 남녕로8길 3-5,,5,무료,33.4924502,126.479677
405-1-001333,남녕로8길 10,노상,제주특별자치도 제주시 남녕로8길 10,,4,무료,33.4922173,126.4803835
405-1-001334,도령로 65,노상,제주특별자치도 제주시 도령로 65,,4,무료,33.4902662,126.4849197
405-1-001335,도령로 65,노상,제주특별자치도 제주시 도령로 65,,11,무료,33.4902662,126.4849197
405-1-001336,도령북길 7,노상,제주특별자치도 제주시 도령북길 7,,4,무료,33.4932607,126.4853406
405-1-001337,신광로6길 38,노상,제주특별자치도 제주시 신광로6길 38,,21,무료,33.4881345,126.4862993
405-1-001338,신광로6길 26,노상,제주특별자치도 제주시 신광로6길 26,,16,무료,33.4880982,126.4870525
405-1-001339,신광로6길 37,노상,제주특별자치도 제주시 신광로6길 37,,8,무료,33.4878777,126.4858481
405-1-001340,신광로6길 25,노상,제주특별자치도 제주시 신광로6길 25,,18,무료,33.4878255,126.4877023
405-1-001341,연동4길 32,노상,제주특별자치도 제주시 연동4길 32,,11,무료,33.4831595,126.4874659
405-1-001342,"연동4길 25, 6길 28",노상,제주특별자치도 제주시 연동4길 25,,16,무료,33.4837077,126.4882461
405-1-001343,연동 266-2,노상,,제주특별자치도 제주시 연동 266-2,4,무료,,
405-1-001344,연동4길 36,노상,제주특별자치도 제주시 연동4길 36,,15,무료,33.4826692,126.4873067
405-1-001345,"연동4길 29, 연동 266-2",노상,제주특별자치도 제주시 연동4길 29,,7,무료,33.4831874,126.488012
405-1-001346,신대로8길 42,노상,제주특별자치도 제주시 신대로8길 42,,5,무료,33.4929819,126.4925297
405-1-001347,"신광로1길 25, 신대로8길 46",노상,제주특별자치도 제주시 신광로1길 25,,6,무료,33.4928543,126.4921405
405-1-001348,"신광로1길 17, 8길 40",노상,제주특별자치도 제주시 신광로1길 17,,11,무료,33.4929487,126.4929838
405-1-001349,신대로10길 48-9,노상,제주특별자치도 제주시 신대로10길 48-9,,20,무료,,
405-1-001350,신대로10길 48-9,노상,제주특별자치도 제주시 신대로10길 48-9,,6,무료,,
405-1-001351,신대로10길 48-9,노상,제주특별자치도 제주시 신대로10길 48-9,,8,무료,,
405-1-001352,"삼무로7길 9, 신광로1길 3",노상,제주특별자치도 제주시 삼무로7길 9,,5,무료,33.4928726,126.4936166
405-1-001353,"삼무로7길 13, 11길 10",노상,제주특별자치도 제주시 삼무로7길 13,,14,무료,33.492627,126.4935881
405-1-001354,"신대로6길 29, 삼무로11길 16",노상,제주특별자치도 제주시 신대로6길 29,,13,무료,33.4923465,126.4937276
405-1-001355,"신대로 60, 연동 301-9",노상,제주특별자치도 제주시 신대로 60,,28,무료,33.4921507,126.4963935
405-1-001356,신제주로터리,노상,,제주특별자치도 제주시 연동 301(위탁),14,무료,33.4905735,126.4966538
405-1-001357,삼무로 67,노상,제주특별자치도 제주시 삼무로 67,,10,무료,33.4901256,126.4939002
405-1-001358,"연동 302-1, 신대로 104",노상,,제주특별자치도 제주시 연동 302-1,28,무료,,
405-1-001359,"연동11길 13, 은남길 14",노상,제주특별자치도 제주시 연동11길 13,,21,무료,33.4885594,126.4934453
405-1-001360,은남길 14,노상,제주특별자치도 제주시 은남길 14,,2,무료,33.4884912,126.4956734
405-1-001361,"신대로16길 30, 22",노상,제주특별자치도 제주시 신대로16길 30,,5,무료,33.4869505,126.4935757
405-1-001363,연문2길 5,노상,제주특별자치도 제주시 연문2길 5,,2,무료,33.4927278,126.4988835
405-1-001364,연삼로 64,노상,제주특별자치도 제주시 연삼로 64,,12,무료,33.4932301,126.4990199
405-1-001365,"신대로5길 34, 42",노상,제주특별자치도 제주시 신대로5길 34,,4,무료,33.4927175,126.5001991
405-1-001366,신대로5길 46,노상,제주특별자치도 제주시 신대로5길 46,,1,무료,33.4925762,126.5014951
405-1-001367,"연문6길 1, 11",노상,제주특별자치도 제주시 연문6길 1,,11,무료,33.4930246,126.5014814
405-1-001368,"신대로5길 22, 귀아랑1길 25",노상,제주특별자치도 제주시 신대로5길 22,,18,무료,33.4925824,126.4990626
405-1-001369,신대로7길 33,노상,제주특별자치도 제주시 신대로7길 33,,1,무료,33.4918672,126.5003511
405-1-001370,"연문6길 18, 신대로7길 41",노상,제주특별자치도 제주시 연문6길 18,,3,무료,33.4919434,126.5010934
405-1-001371,"연문6길 17, 신대로7길 45",노상,제주특별자치도 제주시 연문6길 17,,3,무료,33.4918701,126.5014111
405-1-001372,"귀아랑2길 1, 연문4길 27",노상,제주특별자치도 제주시 귀아랑2길 1,,15,무료,33.4914874,126.4977189
405-1-001373,문연로 13,노상,제주특별자치도 제주시 문연로 13,,10,무료,33.4904403,126.4995628
405-1-001374,문연로 27,노상,제주특별자치도 제주시 문연로 27,,12,무료,33.4900951,126.5006931
405-1-001375,"신대로9길 39, 45",노상,제주특별자치도 제주시 신대로9길 39,,10,무료,33.4908633,126.5008812
405-1-001376,문연로 5,노상,제주특별자치도 제주시 문연로 5,,14,무료,33.4901159,126.4983552
405-1-001377,도청 서측,노상,,제주특별자치도 제주시 연동 302-2,29,유료,,
405-1-001378,문연로 18,노상,제주특별자치도 제주시 문연로 18,,14,무료,33.4887071,126.4990608
405-1-001379,"문연로 30, 문연로 36",노상,제주특별자치도 제주시 문연로 30,,19,무료,33.4893693,126.5005523
405-1-001380,"문연로 6, 선덕로5길 18",노상,제주특별자치도 제주시 문연로 6,,19,무료,33.4882207,126.4977225
405-1-001381,신대로13길 37,노상,제주특별자치도 제주시 신대로13길 37,,10,무료,33.4878828,126.5006952
405-1-001382,문송1길 34,노상,제주특별자치도 제주시 문송1길 34,,1,무료,33.4879318,126.5009895
405-1-001383,"신대로 109, 연동 303-28",노상,제주특별자치도 제주시 신대로 109,,14,무료,33.4869614,126.4971149
405-1-001384,"선덕로5길 20, 선덕로3길 18",노상,제주특별자치도 제주시 선덕로5길 20,,4,무료,33.4880032,126.4997043
405-1-001385,"문송2길 14, 선덕로 23",노상,제주특별자치도 제주시 문송2길 14,,18,무료,33.4869668,126.4987487
405-1-001386,"신대로13길 44, 연동 323-27",노상,제주특별자치도 제주시 신대로13길 44,,6,무료,33.487429,126.501008
405-1-001387,선덕로5길 37,노상,제주특별자치도 제주시 선덕로5길 37,,14,무료,33.4867589,126.5006626
405-1-001388,신대로15길 6,노상,제주특별자치도 제주시 신대로15길 6,,2,무료,33.4866194,126.4976008
405-1-001389,"신대로15길 8, 선덕로 23",노상,제주특별자치도 제주시 신대로15길 8,,17,무료,33.4866171,126.497779
405-1-001390,"문송길 37-3, 선덕로3길 5",노상,제주특별자치도 제주시 문송길 37-3,,9,무료,33.4863295,126.4976778
405-1-001391,"비월길 5, 선덕로4길 4",노상,제주특별자치도 제주시 비월길 5,,10,무료,33.4851836,126.4973289
405-1-001392,"선덕로4길 1, 신대로17길 21",노상,제주특별자치도 제주시 선덕로4길 1,,7,무료,33.4853196,126.4987088
405-1-001393,"신대로17길 5, 29",노상,제주특별자치도 제주시 신대로17길 5,,18,무료,33.4847634,126.4973367
405-1-001394,선덕로 36,노상,제주특별자치도 제주시 선덕로 36,,4,무료,33.4853638,126.5005866
405-1-001395,"선덕로4길 14, 16",노상,제주특별자치도 제주시 선덕로4길 14,,4,무료,33.484388,126.4984174
405-1-001396,"비월2길 10-1, 선덕로6길 20",노상,제주특별자치도 제주시 비월2길 10-1,,12,무료,33.4838883,126.4981618
405-1-001397,"선덕로4길 25, 25-3",노상,제주특별자치도 제주시 선덕로4길 25,,5,무료,33.4832418,126.4986644
405-1-001398,"선덕로6길 27-1, 27-3",노상,제주특별자치도 제주시 선덕로6길 27-1,,2,무료,33.4832014,126.4999827
405-1-001399,선덕로6길 36,노상,제주특별자치도 제주시 선덕로6길 36,,3,무료,33.4825277,126.499425
405-2-001402,연동 1370,노외,,제주특별자치도 제주시 연동 1370,16,무료,33.4815668,126.4875257
405-2-001403,연동 262-63,노외,,제주특별자치도 제주시 연동 262-63,8,무료,33.4873493,126.4884384
405-2-001404,연동 1373-2,노외,,제주특별자치도 제주시 연동 1373-2,38,유료,33.4821397,126.4928014
405-2-001405,연동 1374-1,노외,,제주특별자치도 제주시 연동 1374-1,12,무료,33.4814725,126.4913712
405-2-001406,연동 304-20,노외,,제주특별자치도 제주시 연동 304-20,12,무료,33.4852057,126.4967611
405-2-001407,"연동 314-8, 314-106",노외,,제주특별자치도 제주시 연동 314-8,22,무료,33.4851735,126.4982389
405-2-001408,"연동 291-19, 291-23",노외,,제주특별자치도 제주시 연동 291-19,10,유료,33.4906082,126.4953154
405-2-001409,연동 290-21,노외,,제주특별자치도 제주시 연동 290-21,17,무료,33.4928358,126.4945663
405-2-001410,연동 2448-7,노외,,제주특별자치도 제주시 연동 2448-7,10,무료,33.494924,126.4843702
405-2-001411,노형동 1039-15,노외,,제주특별자치도 제주시 노형동 1039-15,10,무료,33.4902935,126.4768655
405-2-001412,노형 제3,노외,,제주특별자치도 제주시 노형동 1043-1,123,유료,33.4895973,126.476496
405-2-001413,노형동 1048-2,노외,,제주특별자치도 제주시 노형동 1048-2,14,무료,33.491132,126.4790689
405-2-001414,월랑마을 제1,노외,,제주특별자치도 제주시 노형동 1280-4,17,유료,33.4870243,126.4786623
405-2-001415,노형동 1280-8,노외,,제주특별자치도 제주시 노형동 1280-8,9,무료,33.4874218,126.4784024
405-2-001416,노형 제1,노외,,제주특별자치도 제주시 노형동 1282-1,64,유료,33.4863942,126.4777136
405-2-001417,월랑마을 제2,노외,,제주특별자치도 제주시 노형동 1289-4,28,유료,33.4867583,126.4789648
405-2-001418,노형 제2,노외,,제주특별자치도 제주시 노형동 1290-3,140,유료,33.4872972,126.4798118
405-2-001419,노형동 1293-2,노외,,제주특별자치도 제주시 노형동 1293-2,22,유료,33.4886927,126.4823887
405-2-001420,종남,노외,,제주특별자치도 제주시 노형동 2512-1,61,유료,33.4841771,126.4714328
405-2-001421,웅전,노외,,제주특별자치도 제주시 노형동 2517-1,80,유료,33.4825149,126.4718778
405-2-001422,수덕,노외,,제주특별자치도 제주시 노형동 2534-3,48,유료,33.4836153,126.4743019
405-2-001423,서가름,노외,,제주특별자치도 제주시 노형동 2575-1,40,유료,33.4906206,126.4731588
405-2-001424,노형 제4,노외,,제주특별자치도 제주시 노형동 2580-1,46,유료,33.4889708,126.4750287
405-2-001425,노형동 2589-1,노외,,제주특별자치도 제주시 노형동 2589-1,26,유료,33.483555,126.4701118
405-2-001426,노형동 2591-11,노외,,제주특별자치도 제주시 노형동 2591-11,10,무료,33.4826833,126.470673
405-2-001427,노형동 2591-4,노외,,제주특별자치도 제주시 노형동 2591-4,10,무료,33.4825989,126.4705634
405-2-001428,노형동 2593-3,노외,,제주특별자치도 제주시 노형동 2593-3,7,무료,33.4817666,126.4712121
405-2-001429,노형동 2595-7,노외,,제주특별자치도 제주시 노형동 2595-7,25,유료,33.481813,126.4719921
405-2-001430,정존,노외,,제주특별자치도 제주시 노형동 2612-2,160,유료,33.4854762,126.4747532
405-2-001431,노형로,노외,,제주특별자치도 제주시 노형동 3780,41,유료,33.4849028,126.4781843
405-2-001432,노형동 3780-8,노외,,제주특별자치도 제주시 노형동 3780-8,37,무료,33.484802,126.4779371
405-2-001433,초남,노외,,제주특별자치도 제주시 노형동 3782,56,유료,33.4841885,126.4786565
405-2-001434,"노형동 3786-3, 3786-4",노외,,제주특별자치도 제주시 노형동 3786-3,17,무료,33.4836955,126.4787214
405-2-001435,노형동 3786-5,노외,,제주특별자치도 제주시 노형동 3786-5,10,무료,33.4835925,126.4784717
405-2-001436,노형동 3787-6,노외,,제주특별자치도 제주시 노형동 3787-6,14,무료,33.4839735,126.4775154
405-2-001437,노형동 3789-6,노외,,제주특별자치도 제주시 노형동 3789-6,15,무료,33.4834705,126.4775257
405-2-001438,노형동 3791-4,노외,,제주특별자치도 제주시 노형동 3791-4,19,무료,33.4824546,126.4786599
405-2-001439,노형동 3792,노외,,제주특별자치도 제주시 노형동 3792,14,유료,33.4830207,126.4778549
405-2-001440,노형 제5,노외,,제주특별자치도 제주시 노형동 3793,136,유료,33.4832771,126.4768205
405-2-001441,노형동 3794-7,노외,,제주특별자치도 제주시 노형동 3794-7,19,무료,33.4825911,126.476115
405-2-001442,노형동 3794-8,노외,,제주특별자치도 제주시 노형동 3794-8,12,무료,33.4825142,126.4762325
405-2-001443,노형동 3795-4,노외,,제주특별자치도 제주시 노형동 3795-4,19,무료,33.4823761,126.4759331
405-2-001444,노형동 3796-5,노외,,제주특별자치도 제주시 노형동 3796-5,15,무료,33.4815487,126.4777658
405-2-001445,노형동 3798-8,노외,,제주특별자치도 제주시 노형동 3798-8,14,무료,33.4799927,126.4781784
405-2-001446,노형동 3800-6,노외,,제주특별자치도 제주시 노형동 3800-6,64,무료,33.480331,126.4775801
405-2-001447,노형동 3800-7,노외,,제주특별자치도 제주시 노형동 3800-7,11,무료,33.4803472,126.4772631
405-2-001448,노형동 3801,노외,,제주특별자치도 제주시 노형동 3801,11,무료,33.4803989,126.4762885
405-2-001449,노형동 3801-19,노외,,제주특별자치도 제주시 노형동 3801-19,13,무료,33.4802495,126.4761758
405-2-001450,노형동 3801-23,노외,,제주특별자치도 제주시 노형동 3801-23,17,무료,33.4799255,126.4769972
405-2-001451,노형동 3803-10,노외,,제주특별자치도 제주시 노형동 3803-10,27,무료,33.4811975,126.4759622
405-2-001452,노형동 3803-11,노외,,제주특별자치도 제주시 노형동 3803-11,20,무료,33.4813132,126.475736
405-2-001453,노형동 3803-6,노외,,제주특별자치도 제주시 노형동 3803-6,49,무료,33.481552,126.475618
405-2-001454,노형동 3803-9,노외,,제주특별자치도 제주시 노형동 3803-9,20,무료,33.4812981,126.4761383
405-2-001455,노형동 3804-10,노외,,제주특별자치도 제주시 노형동 3804-10,27,무료,33.4808528,126.4753507
405-2-001456,노형동 3804-11,노외,,제주특별자치도 제주시 노형동 3804-11,21,무료,33.4809775,126.4751779
405-2-001457,노형동 3804-12,노외,,제주특별자치도 제주시 노형동 3804-12,11,무료,33.4810777,126.4750368
405-2-001458,노형동 3804-20,노외,,제주특별자치도 제주시 노형동 3804-20,15,무료,33.481592,126.474335
405-2-001459,노형동 3804-3,노외,,제주특별자치도 제주시 노형동 3804-3,17,무료,33.4813839,126.4750331
405-2-001460,노형동 3804-6,노외,,제주특별자치도 제주시 노형동 3804-6,18,무료,33.4810655,126.4755154
405-2-001461,노형동 3804-7,노외,,제주특별자치도 제주시 노형동 3804-7,28,무료,33.4809326,126.4757201
405-2-001462,노형동 3804-8,노외,,제주특별자치도 제주시 노형동 3804-8,9,무료,33.480783,126.4756014
405-2-001463,노형동 3807-1,노외,,제주특별자치도 제주시 노형동 3807-1,10,무료,33.481227,126.474287
405-2-001464,노형동 3807-10,노외,,제주특별자치도 제주시 노형동 3807-10,12,무료,33.4810482,126.4737067
405-2-001465,노형동 3807-11,노외,,제주특별자치도 제주시 노형동 3807-11,16,무료,33.4811501,126.4738311
405-2-001466,노형동 3807-6,노외,,제주특별자치도 제주시 노형동 3807-6,12,무료,33.4808297,126.4737644
405-2-001467,노형동 3807-9,노외,,제주특별자치도 제주시 노형동 3807-9,12,무료,33.4809659,126.473606
405-2-001468,노형동 3808-5,노외,,제주특별자치도 제주시 노형동 3808-5,16,무료,33.4805738,126.4741482
405-2-001470,노형동 3809-3,노외,,제주특별자치도 제주시 노형동 3809-3,12,무료,33.4804813,126.474691
405-2-001471,노형동 3812-3,노외,,제주특별자치도 제주시 노형동 3812-3,47,유료,33.4787776,126.4762825
405-2-001472,노형동 3813-1,노외,,제주특별자치도 제주시 노형동 3813-1,21,무료,33.4790862,126.4745523
405-2-001473,노형동 3813-2,노외,,제주특별자치도 제주시 노형동 3813-2,22,무료,33.4789588,126.4747022
405-2-001474,노형동 710-4,노외,,제주특별자치도 제주시 노형동 710-4,95,유료,33.4823641,126.4845346
405-2-001475,노형동 726-3,노외,,제주특별자치도 제주시 노형동 726-3,18,유료,33.4815905,126.4868754
405-2-001476,원노형푸른 제5,노외,,제주특별자치도 제주시 노형동 736,41,유료,33.4788736,126.4798744
405-2-001477,원노형푸른 제3,노외,,제주특별자치도 제주시 노형동 740-2,44,유료,33.479183,126.4817164
405-2-001478,원노형푸른 제4,노외,,제주특별자치도 제주시 노형동 751,30,유료,33.4777489,126.4798492
405-2-001479,노형동 904-10,노외,,제주특별자치도 제주시 노형동 904-10,25,무료,33.4873113,126.4823471
405-2-001480,노형동 913-5,노외,,제주특별자치도 제주시 노형동 913-5,23,무료,33.4862804,126.4830261
405-2-001481,노형동 913-8,노외,,제주특별자치도 제주시 노형동 913-8,11,무료,,
405-2-001482,노형동 928-4,노외,,제주특별자치도 제주시 노형동 928-4,31,무료,33.485674,126.4824738
405-2-001483,노형동 940-11,노외,,제주특별자치도 제주시 노형동 940-11,29,무료,33.485624,126.485954
405-2-001484,노형동 940-3,노외,,제주특별자치도 제주시 노형동 940-3,10,무료,33.4857995,126.4856516
405-2-001485,947 북측,노외,,제주특별자치도 제주시 노형동 947,28,유료,33.4858749,126.4863632
405-1-001486,노형오거리,노상,,제주특별자치도 제주시 노형동 1297-5,102,유료,33.4879455,126.4771747
405-1-001487,"노형동 1158, 월랑북길 15",노상,,제주특별자치도 제주시 노형동 1158,18,무료,,
405-1-001488,"노형동 1031-1, 월방북2길 9",노상,,제주특별자치도 제주시 노형동 1031-1,6,무료,,
405-1-001489,"월랑북2길 6, 월랑북길 19",노상,제주특별자치도 제주시 월랑북2길 6,,7,무료,33.4919587,126.4758917
405-1-001490,"월랑북길 18, 다랑곶2길 48-7",노상,제주특별자치도 제주시 월랑북길 18,,6,무료,33.4911353,126.4760872
405-1-001491,노연로 12,노상,제주특별자치도 제주시 노연로 12,,13,무료,33.4852623,126.4814594
405-2-001492,노형동 928-5,노외,,제주특별자치도 제주시 노형동 928-5,11,무료,33.4854171,126.4824633
405-2-001493,노형동 2486-3,노외,,제주특별자치도 제주시 노형동 2486-3,14,무료,33.4809985,126.4704492
405-2-001494,런던물류,노외,,제주특별자치도 제주시 노형동 1047-1,32,유료,33.491565,126.4796906
405-2-001495,947 남측,노외,,제주특별자치도 제주시 노형동 947,42,유료,33.4858749,126.4863632
405-1-001496,원노형 10길,노상,제주특별자치도 제주시 원노형 10길 32,,13,유료,33.4832777,126.4861271
405-2-001497,노형동 903-8,노외,,제주특별자치도 제주시 노형동 903-8,13,무료,33.4863408,126.4812605
405-2-001498,노형동 2615-11,노외,,제주특별자치도 제주시 노형동 2615-11,18,무료,33.4866094,126.4736452
405-2-001499,노형동 2981,노외,,제주특별자치도 제주시 노형동 2981,14,무료,33.482851,126.4684597
405-2-001500,노형동 1022-1,노외,,제주특별자치도 제주시 노형동 1022-1,9,무료,33.4933933,126.4771134
405-2-001501,노형동 912-7,노외,,제주특별자치도 제주시 노형동 912-7,10,무료,33.4863021,126.4822601
405-2-001503,외도일동 417-6,노외,,제주특별자치도 제주시 외도일동 417-6,37,무료,33.4915548,126.4299989
405-2-001504,외도일동 440-7,노외,,제주특별자치도 제주시 외도일동 440-7,37,유료,33.4906063,126.4285335
405-2-001505,외도일동 441-2,노외,,제주특별자치도 제주시 외도일동 441-2,16,무료,33.4910291,126.4288595
405-2-001506,외도일동 447-7,노외,,제주특별자치도 제주시 외도일동 447-7,22,무료,33.4917696,126.4311816
405-2-001507,외도일동 447-9,노외,,제주특별자치도 제주시 외도일동 447-9,11,무료,33.4919051,126.4312675
405-2-001508,외도일동 448-3,노외,,제주특별자치도 제주시 외도일동 448-3,44,유료,33.4916495,126.432219
405-2-001509,외도일동 453-1,노외,,제주특별자치도 제주시 외도일동 453-1,41,무료,33.4912641,126.4339773
405-2-001510,외도일동 482-1,노외,,제주특별자치도 제주시 외도일동 482-1,40,무료,33.4899295,126.4325769
405-2-001511,외도일동 482-3,노외,,제주특별자치도 제주시 외도일동 482-3,14,무료,33.4898504,126.433213
405-2-001512,외도일동 485-6,노외,,제주특별자치도 제주시 외도일동 485-6,21,무료,33.4900003,126.4340433
405-2-001513,외도일동 493-1,노외,,제주특별자치도 제주시 외도일동 493-1,42,무료,,
405-2-001514,외도일동 496-17,노외,,제주특별자치도 제주시 외도일동 496-17,25,무료,33.4880361,126.4293623
405-2-001515,외도일동 496-9,노외,,제주특별자치도 제주시 외도일동 496-9,8,무료,33.4878879,126.4289456
405-2-001516,외도일동 497-16,노외,,제주특별자치도 제주시 외도일동 497-16,12,무료,33.4876999,126.429675
405-2-001517,외도일동 527-7,노외,,제주특별자치도 제주시 외도일동 527-7,14,무료,33.4881814,126.4318967
405-2-001518,외도동 다목적문화센터,노외,,제주특별자치도 제주시 외도일동 530-4,73,무료,33.4885157,126.4334761
405-2-001519,외도일동 532-5,노외,,제주특별자치도 제주시 외도일동 532-5,28,무료,33.4880129,126.4334669
405-2-001520,외도일동 539-29,노외,,제주특별자치도 제주시 외도일동 539-29,9,무료,33.4873398,126.4287005
405-2-001521,외도일동 542-18,노외,,제주특별자치도 제주시 외도일동 542-18,19,무료,33.4866655,126.4291953
405-2-001522,외도동 제1,노외,,제주특별자치도 제주시 외도일동 559-1,193,유료,33.4868021,126.4317608
405-2-001523,외도일동 632-7,노외,,제주특별자치도 제주시 외도일동 632-7,49,무료,33.4856434,126.4286537
405-2-001524,외도일동 635-9,노외,,제주특별자치도 제주시 외도일동 635-9,21,무료,33.485377,126.4298242
405-2-001525,외도일동 637-10,노외,,제주특별자치도 제주시 외도일동 637-10,12,무료,33.4851236,126.4312966
405-2-001526,외도일동 642-10,노외,,제주특별자치도 제주시 외도일동 642-10,14,무료,33.4846672,126.4295391
405-2-001527,외도이동 233-8,노외,,제주특별자치도 제주시 외도이동 233-8,17,무료,33.4929716,126.4326003
405-2-001528,외도이동 250-19,노외,,제주특별자치도 제주시 외도이동 250-19,6,무료,33.493054,126.435124
405-2-001529,외도이동 250-18,노외,,제주특별자치도 제주시 외도이동 250-18,14,무료,33.4931685,126.4352344
405-1-001530,"수정2길 7, 1-1",노상,제주특별자치도 제주시 수정2길 7,,7,무료,33.4921287,126.4281815
405-1-001531,"수정2길 1, 우정로4길 16",노상,제주특별자치도 제주시 수정2길 1,,14,무료,33.492134,126.4286733
405-1-001532,"수정길 5, 우정로4길 12",노상,제주특별자치도 제주시 수정길 5,,14,무료,33.4921524,126.4291542
405-1-001533,"외도일동 405-1, 405-2",노상,,제주특별자치도 제주시 외도일동 405-1,3,무료,33.4926352,126.4291851
405-1-001534,"일주서로 7326, 7328",노상,제주특별자치도 제주시 일주서로 7326,,8,무료,33.4926748,126.4298367
405-1-001535,외도일동 405-13,노상,,제주특별자치도 제주시 외도일동 405-13,2,무료,,
405-1-001536,"절물2길 26, 우정로3길 14",노상,제주특별자치도 제주시 절물2길 26,,15,무료,33.4904139,126.4321774
405-1-001537,"우정로3길 18, 절물3길 22-6",노상,제주특별자치도 제주시 우정로3길 18,,9,무료,33.4913084,126.4327345
405-1-001538,"절물2길 27, 3길 22-7",노상,제주특별자치도 제주시 절물2길 27,,7,무료,33.4904065,126.4324562
405-1-001539,"우정로5길 8, 10",노상,제주특별자치도 제주시 우정로5길 8,,4,무료,33.4902057,126.4316984
405-1-001540,"외도일동 479-4, 절물2길 34-1",노상,,제주특별자치도 제주시 외도일동 479-4,4,무료,,
405-1-001541,"외도일동 505-1, 우정로11길 5",노상,,제주특별자치도 제주시 외도일동 505-1,7,무료,,
405-1-001542,"우령2길 3, 우정로15길 47",노상,제주특별자치도 제주시 우령2길 3,,3,무료,33.4889051,126.4317196
405-1-001543,외도일동 530-1,노상,,제주특별자치도 제주시 외도일동 530-1,10,무료,33.4886189,126.4329967
405-1-001544,"우령2길 11, 우정로15길 41",노상,제주특별자치도 제주시 우령2길 11,,9,무료,33.4881714,126.431701
405-1-001545,"우정로15길 42-2, 외도일동 532-7",노상,제주특별자치도 제주시 우정로15길 42-2,,1,무료,33.4881668,126.4328403
405-1-001546,외도일동 560-3,노상,,제주특별자치도 제주시 외도일동 560-3,8,무료,33.4857133,126.4319515
405-1-001547,"우평로 318, 외도일동 560-3",노상,제주특별자치도 제주시 우평로 318,,22,무료,33.4849806,126.4335201
405-2-001548,도평동 931-3,노외,,제주특별자치도 제주시 도평동 931-3,12,무료,33.478037,126.4504322
405-2-001549,외도일동 540-4,노외,,제주특별자치도 제주시 외도일동 540-4,35,무료,33.4871222,126.4293145
405-2-001550,외도일동 635-7,노외,,제주특별자치도 제주시 외도일동 635-7,47,무료,33.4851069,126.4299496
405-1-001551,"외도일동 533-6, 외도일동499-15",노상,,제주특별자치도 제주시 외도일동 533-6,9,무료,33.488003,126.4340439
405-2-001552,외도일동 435-14,노외,,제주특별자치도 제주시 외도일동 435-14,12,무료,,
405-2-001554,내도동 365-5,노외,,제주특별자치도 제주시 내도동 365-5,16,무료,33.4936545,126.4433174
405-2-001555,이호일동 1759-1,노외,,제주특별자치도 제주시 이호일동 1759-1,47,무료,33.4960569,126.4502173
405-2-001556,이호일동 1788-6,노외,,제주특별자치도 제주시 이호일동 1788-6,13,무료,33.4975282,126.4495819
405-2-001557,이호일동 361-3,노외,,제주특별자치도 제주시 이호일동 361-3,17,무료,33.5025432,126.4577005
405-2-001558,이호일동 669,노외,,제주특별자치도 제주시 이호일동 669,20,무료,33.4986734,126.4577065
405-2-001559,이호이동 1018-1,노외,,제주특별자치도 제주시 이호이동 1018-1,7,무료,33.4911065,126.4584079
405-2-001560,이호이동 1081 외,노외,,제주특별자치도 제주시 이호이동 1081,21,무료,,
405-2-001561,이호이동 796-2,노외,,제주특별자치도 제주시 이호이동 796-2,15,무료,33.494224,126.4607358
405-1-001562,"이호일동 375-31, 서해안로 80",노상,,제주특별자치도 제주시 이호일동 375-31,32,무료,,
405-1-001563,백포서길 27,노상,제주특별자치도 제주시 백포서길 27,,1,무료,33.501177,126.4575952
405-1-001564,백포중길 10,노상,제주특별자치도 제주시 백포중길 10,,1,무료,33.5024826,126.4596154
405-2-001565,"이호이동 796-1, 2",노외,,제주특별자치도 제주시 이호이동 796-1,15,무료,33.4942244,126.4608506
405-2-001566,이호일동 1668,노외,,제주특별자치도 제주시 이호일동 1668,35,무료,33.4965525,126.4521005
405-2-001567,민속오일시장,노외,,제주특별자치도 제주시 도두일동 1212,878,무료,,
405-2-001569,도두일동 1876,노외,,제주특별자치도 제주시 도두일동 1876,29,무료,33.5044277,126.4711636
405-2-001570,도두일동 1928,노외,,제주특별자치도 제주시 도두일동 1928,16,무료,33.5037669,126.4698575
405-2-001571,"도두일동 1938, 1942",노외,,제주특별자치도 제주시 도두일동 1938,14,무료,33.5038475,126.4694074
405-2-001572,도두일동 1987-2,노외,,제주특별자치도 제주시 도두일동 1987-2,37,무료,33.5027423,126.4679038
405-2-001573,도두일동 2605-6,노외,,제주특별자치도 제주시 도두일동 2605-6,57,무료,33.5043018,126.466825
405-2-001574,도두일동 2617-8,노외,,제주특별자치도 제주시 도두일동 2617-8,13,무료,33.5047519,126.4646055
405-2-001575,도두일동 2618-1,노외,,제주특별자치도 제주시 도두일동 2618-1,31,무료,33.5042401,126.4639366
405-2-001576,도두일동 2630,노외,,제주특별자치도 제주시 도두일동 2630,23,유료,33.5059331,126.4653145
405-1-001577,"도두일동 2616-1, 도공로 14",노상,,제주특별자치도 제주시 도두일동 2616-1,13,무료,,
405-1-001578,"도공로 9-4, 25-1",노상,제주특별자치도 제주시 도공로 9-4,,12,무료,33.5049376,126.4655439
405-1-001579,"도두3길 52, 56",노상,제주특별자치도 제주시 도두3길 52,,4,무료,33.5038531,126.4670334
405-1-001580,도두3길 55,노상,제주특별자치도 제주시 도두3길 55,,3,무료,33.503458,126.4668452
405-1-001581,도두3길 53,노상,제주특별자치도 제주시 도두3길 53,,2,무료,33.5034971,126.4671349
405-1-001582,"서해안로 202, 272",노상,제주특별자치도 제주시 서해안로 202,,123,무료,33.5062719,126.4699789
