개방자치단체코드,관리번호,설치장소명,설치장소상세,설치시도명,설치시군구명,설치시설구분명,서비스제공사명,와이파이SSID,설치연월,소재지도로명주소,소재지지번주소,관리기관명,관리기관전화번호,WGS84위도,WGS84경도,데이터기준일자,데이터갱신구분,데이터갱신시점,최종수정시점
6510000,202465100000701482,교래자연휴양림,CCTV POLE (야영지구 원두막 1인근),제주특별자치도,제주시,관광,KT,Jeju Free Wifi,,제주특별자치도 제주시 조천읍 남조로 2023,제주특별자치도 제주시 조천읍 교래리 산 95,제주특별자치도 정보정책과,064-710-2352,33.4463446,126.6605733,2024-08-06,I,2026-05-15 18:45:29,2024-08-06 15:05:54
6510000,202465100000701322,구좌중앙초등학교 (금산목방면),반대편 버스정류장 동쪽 외부 상단,제주특별자치도,제주시,교통시설,KT,Jeju Free Wifi,,제주특별자치도 제주시 구좌읍 월정7길 1,제주특별자치도 제주시 구좌읍 월정리 100,제주특별자치도 정보정책과,064-710-2352,33.5518511,126.7978545,2024-08-06,I,2026-05-15 18:45:29,2024-08-06 15:05:52
6510000,202465100000700111,한라산국립공원_성판악탐방안내소,무인민원발급기 상부,제주특별자치도,제주시,편의시설,KT,Jeju Free Wifi,,제주특별자치도 제주시 조천읍 516로 1865,제주특별자치도 제주시 조천읍 교래리 산 137-24,제주특별자치도 정보정책과,064-710-2352,33.3862614,126.6185812,2024-08-06,I,2026-05-15 18:45:29,2024-08-06 15:05:41
6510000,202465100000701042,제주제일중학교 (혜성무지개타운방면),정류장천정,제주특별자치도,제주시,교통시설,KT,Jeju Free Wifi,,제주특별자치도 제주시 남광로 28,제주특별자치도 제주시 이도이동 1973-1,제주특별자치도 정보정책과,064-710-2352,33.4932567,126.5394843,2024-08-06,I,2026-05-15 18:45:29,2024-08-06 15:05:49
6510000,202465100000700154,탑동 테마거리,탑동광장 관리사무소 서,제주특별자치도,제주시,관광,KT,Jeju Free Wifi,,제주특별자치도 제주시 중앙로 1,제주특별자치도 제주시 건입동 1444,제주특별자치도 정보정책과,064-710-2352,33.5181592,126.5251272,2024-08-06,I,2026-05-15 18:45:29,2024-08-06 15:05:41
6510000,202465100000701061,신제주오피스텔 (은남동방면),정류장 천정,제주특별자치도,제주시,교통시설,KT,Jeju Free Wifi,,제주특별자치도 제주시 신광로 101,제주특별자치도 제주시 연동 276-7,제주특별자치도 정보정책과,064-710-2352,33.483063,126.490099,2024-08-06,I,2026-05-15 18:45:29,2024-08-06 15:05:49
6510000,202465100000700229,제주의료원,지하 구내매점 천정,제주특별자치도,제주시,기타,KT,Jeju Free Wifi,,제주특별자치도 제주시 산천단남길 10,제주특별자치도 제주시 아라일동 4-17,제주특별자치도 정보정책과,064-710-2352,33.4453101,126.5602272,2024-08-06,I,2026-05-15 18:45:29,2024-08-06 15:05:42
6510000,202465100000701148,일우 한란 아파트 (우령이 마을방면),길건너 정류장 방향 지향 1개,제주특별자치도,제주시,교통시설,KT,Jeju Free Wifi,,제주특별자치도 제주시 도근내길 2,제주특별자치도 제주시 외도일동 426-1,제주특별자치도 정보정책과,064-710-2352,33.4924208,126.431283,2024-08-06,I,2026-05-15 18:45:29,2024-08-06 15:05:50
6510000,202465100000701506,갓전시관,2F 천정,제주특별자치도,제주시,관광,KT,Jeju Free Wifi,,제주특별자치도 제주시 조천읍 남조로 1904,제주특별자치도 제주시 조천읍 교래리 457-1,제주특별자치도 정보정책과,064-710-2352,33.4371936,126.6706504,2024-08-06,I,2026-05-15 18:45:29,2024-08-06 15:05:54
6510000,202465100000700512,전기차충전소_에코촌 유스호스텔,IP주 지향1개,제주특별자치도,제주시,교통시설,KT,Jeju Free Wifi,,제주특별자치도 제주시 조천읍 북흘로 376-9,제주특별자치도 제주시 조천읍 선흘리 2610,제주특별자치도 정보정책과,064-710-2352,33.5168938,126.7037684,2024-08-06,I,2026-05-15 18:45:29,2024-08-06 15:05:44
6510000,202465100000701554,19코스,북촌항구 화장실 서쪽 벽면,제주특별자치도,제주시,관광,KT,Jeju Free Wifi,,제주특별자치도 제주시 조천읍 북촌7길 37,제주특별자치도 제주시 조천읍 북촌리 1363-1,제주특별자치도 정보정책과,064-710-2352,33.5510898,126.6933515,2024-08-06,I,2026-05-15 18:45:29,2024-08-06 15:05:54
6510000,202465100000701188,제주대학교교육대학 (거로 입구방면),정류장 지붕에 무지향 1개,제주특별자치도,제주시,교통시설,KT,Jeju Free Wifi,,,제주특별자치도 제주시 화북이동 4948-1,제주특별자치도 정보정책과,064-710-2352,33.5130825,126.5533367,2024-08-06,I,2026-05-15 18:45:29,2024-08-06 15:05:51
6510000,202465100000701462,금능석물원,석물원 관리사무소 외벽,제주특별자치도,제주시,관광,KT,Jeju Free Wifi,,제주특별자치도 제주시 한림읍 한림로 186-8,제주특별자치도 제주시 한림읍 금능리 1246,제주특별자치도 정보정책과,064-710-2352,33.3851235,126.2275118,2024-08-06,I,2026-05-15 18:45:29,2024-08-06 15:05:54
6510000,202465100000701301,천수동 (고으니모르 국립제주박물관방면),버스정류장 지붕위,제주특별자치도,제주시,교통시설,KT,Jeju Free Wifi,,제주특별자치도 제주시 동광로 146,제주특별자치도 제주시 일도이동 370-5,제주특별자치도 정보정책과,064-710-2352,33.5084329,126.5420168,2024-08-06,I,2026-05-15 18:45:29,2024-08-06 15:05:52
6510000,202465100000700987,중엄리 (신엄리방면),버스정류장 상부,제주특별자치도,제주시,교통시설,KT,Jeju Free Wifi,,,제주특별자치도 제주시 애월읍 신엄리 757-33,제주특별자치도 정보정책과,064-710-2352,33.4736834,126.3736905,2024-08-06,I,2026-05-15 18:45:29,2024-08-06 15:05:49
6510000,202465100000701392,돌빛나예술학교,동굴돌담길 캠핑장 실내,제주특별자치도,제주시,관광,KT,Jeju Free Wifi,,제주특별자치도 제주시 한림읍 협재남4길 26,제주특별자치도 제주시 한림읍 협재리 2190-1,제주특별자치도 정보정책과,064-710-2352,33.3841791,126.2479812,2024-08-06,I,2026-05-15 18:45:29,2024-08-06 15:05:53
6510000,202465100000700590,월정리 해변,월정리해변 재난감시용 CCTV 북서,제주특별자치도,제주시,관광,KT,Jeju Free Wifi,,,제주특별자치도 제주시 구좌읍 월정리 33-3,제주특별자치도 정보정책과,064-710-2352,33.5551135,126.7986385,2024-08-06,I,2026-05-15 18:45:29,2024-08-06 15:05:45
6510000,202465100000701413,누웨모루거리(구 바오젠거리),관광안내소 지붕(바오젠거리 공영주차빌딩 주변),제주특별자치도,제주시,관광,KT,Jeju Free Wifi,,제주특별자치도 제주시 신대로12길 54,제주특별자치도 제주시 연동 272-56,제주특별자치도 정보정책과,064-710-2352,33.4890683,126.4909093,2024-08-06,I,2026-05-15 18:45:29,2024-08-06 15:05:53
6510000,202465100000701469,궷물오름,중계기-북서,제주특별자치도,제주시,관광,KT,Jeju Free Wifi,,제주특별자치도 제주시 애월읍 산록서로 372,제주특별자치도 제주시 애월읍 유수암리 1191-2,제주특별자치도 정보정책과,064-710-2352,33.4024669,126.4082114,2024-08-06,I,2026-05-15 18:45:29,2024-08-06 15:05:54
6510000,202465100000701161,동성마을 (제주버스터미널방면),길건너 정류장 방향 지향 1개,제주특별자치도,제주시,교통시설,KT,Jeju Free Wifi,,제주특별자치도 제주시 서광로 131,제주특별자치도 제주시 용담이동 2637-15,제주특별자치도 정보정책과,064-710-2352,33.5004933,126.5104579,2024-08-06,I,2026-05-15 18:45:29,2024-08-06 15:05:50
6510000,202465100000701393,돌문화공원,제2코스 관리소 상부,제주특별자치도,제주시,관광,KT,Jeju Free Wifi,,제주특별자치도 제주시 조천읍 남조로 2023,제주특별자치도 제주시 조천읍 교래리 산 95,제주특별자치도 정보정책과,064-710-2352,33.4463446,126.6605733,2024-08-06,I,2026-05-15 18:45:29,2024-08-06 15:05:53
6510000,202465100000701192,정존마을 (노형초등학교방면),북쪽정류장ip경유/부동산앞ip경유/가로등에AP추가,제주특별자치도,제주시,교통시설,KT,Jeju Free Wifi,,제주특별자치도 제주시 노형로 345,제주특별자치도 제주시 노형동 2519-16,제주특별자치도 정보정책과,064-710-2352,33.4819758,126.4734738,2024-08-06,I,2026-05-15 18:45:29,2024-08-06 15:05:51
6510000,202465100000701684,사라봉공원,관리사무실 외벽,제주특별자치도,제주시,편의시설,KT,Jeju Free Wifi,,제주특별자치도 제주시 사라봉동길 74,제주특별자치도 제주시 건입동 387-1,제주특별자치도 정보정책과,064-710-2365,33.5186634130,126.5476898472,2024-08-06,I,2026-05-15 18:45:29,2024-08-06 15:05:56
6510000,202465100000700453,전기차충전소_한경체육관,화장실 복도 외벽,제주특별자치도,제주시,교통시설,KT,Jeju Free Wifi,,제주특별자치도 제주시 한경면 칠전로 41,제주특별자치도 제주시 한경면 고산리 1881-2,제주특별자치도 정보정책과,064-710-2352,33.3010963,126.1841546,2024-08-06,I,2026-05-15 18:45:29,2024-08-06 15:05:44
6510000,202465100000700804,사려니숲길,가로등,제주특별자치도,제주시,관광,KT,Jeju Free Wifi,,,제주특별자치도 제주시 봉개동 2750-2,제주특별자치도 정보정책과,064-710-2352,33.434312,126.6377461,2024-08-06,I,2026-05-15 18:45:29,2024-08-06 15:05:47
6510000,202465100000701271,"제주동초등학교 (동문로터리, 동문시장방면)",CU옆 동초 버스정류장 지붕,제주특별자치도,제주시,교통시설,KT,Jeju Free Wifi,,제주특별자치도 제주시 동문로 51,제주특별자치도 제주시 건입동 1109-9,제주특별자치도 정보정책과,064-710-2352,33.5134284,126.5321603,2024-08-06,I,2026-05-15 18:45:29,2024-08-06 15:05:52
6510000,202465100000701370,문화예술마을 저지리 농어촌체험마을,IP주,제주특별자치도,제주시,관광,KT,Jeju Free Wifi,,제주특별자치도 제주시 한경면 중산간서로 3675,제주특별자치도 제주시 한경면 저지리 1863-1,제주특별자치도 정보정책과,064-710-2352,33.3327221,126.2558643,2024-08-06,I,2026-05-15 18:45:29,2024-08-06 15:05:53
6510000,202465100000700249,제주아트랜드,매표소,제주특별자치도,제주시,관광,KT,Jeju Free Wifi,,제주특별자치도 제주시 구좌읍 번영로 2172-80,제주특별자치도 제주시 구좌읍 송당리 2764-1,제주특별자치도 정보정책과,064-710-2352,33.4239313,126.7442144,2024-08-06,I,2026-05-15 18:45:29,2024-08-06 15:05:42
6510000,202465100000700070,한림중앙상가,건물외벽-주차장방향,제주특별자치도,제주시,기타,KT,Jeju Free Wifi,,제주특별자치도 제주시 한림읍 한림북동길 7,제주특별자치도 제주시 한림읍 한림리 1346-9,제주특별자치도 정보정책과,064-710-2352,33.415544,126.2640466,2024-08-06,I,2026-05-15 18:45:29,2024-08-06 15:05:41
6510000,202465100000700494,전기차충전소_제주대학교 병원,IP주 상단,제주특별자치도,제주시,교통시설,KT,Jeju Free Wifi,,제주특별자치도 제주시 아란13길 15,제주특별자치도 제주시 아라일동 1753-3,제주특별자치도 정보정책과,064-710-2352,33.4671348,126.5453335,2024-08-06,I,2026-05-15 18:45:29,2024-08-06 15:05:44
6510000,202465100000701073,구산마을 (구산마을입구방면),정류장천정,제주특별자치도,제주시,교통시설,KT,Jeju Free Wifi,,,제주특별자치도 제주시 아라일동 2612-11,제주특별자치도 정보정책과,064-710-2352,33.4832579,126.5379306,2024-08-06,I,2026-05-15 18:45:29,2024-08-06 15:05:49
6510000,202465100000701233,봉개동 (봉개동 큰동네방면),정류장 지붕에 무지향 1개,제주특별자치도,제주시,교통시설,KT,Jeju Free Wifi,,제주특별자치도 제주시 번영로 470,제주특별자치도 제주시 봉개동 1948,제주특별자치도 정보정책과,064-710-2352,33.4914595,126.5921858,2024-08-06,I,2026-05-15 18:45:29,2024-08-06 15:05:51
6510000,202465100000701090,아르미아파트 (대한목공소방면),정류장천정,제주특별자치도,제주시,교통시설,KT,Jeju Free Wifi,,,제주특별자치도 제주시 도련일동 1205-5,제주특별자치도 정보정책과,064-710-2352,33.4962911,126.5944965,2024-08-06,I,2026-05-15 18:45:29,2024-08-06 15:05:50
6510000,202465100000701186,제주중앙여자고등학교(아라방면) [405002041],공중전화부스 옆 CP주에서 버스정류장 방향으로 지향성 1개,제주특별자치도,제주시,교통시설,KT,Jeju Free Wifi,,제주특별자치도 제주시 중앙로 359,제주특별자치도 제주시 이도이동 1987-5,제주특별자치도 정보정책과,064-710-2352,33.4900127,126.5388608,2024-08-06,I,2026-05-15 18:45:29,2024-08-06 15:05:51
6510000,202465100000700620,우도등대 입구,ip주 상부- 서남,제주특별자치도,제주시,관광,KT,Jeju Free Wifi,,,제주특별자치도 제주시 우도면 연평리 1658-7,제주특별자치도 정보정책과,064-710-2352,33.4961385,126.9557297,2024-08-06,I,2026-05-15 18:45:29,2024-08-06 15:05:45
6510000,202465100000701092,도두동 (도리초등학교방면),정류장천정,제주특별자치도,제주시,교통시설,KT,Jeju Free Wifi,,,제주특별자치도 제주시 도두일동 2531-1,제주특별자치도 정보정책과,064-710-2352,33.5029091,126.4661007,2024-08-06,I,2026-05-15 18:45:29,2024-08-06 15:05:50
6510000,202465100000701377,메이즈랜드,출입구 좌측돌하르방 뒤 주차장방향,제주특별자치도,제주시,관광,KT,Jeju Free Wifi,,제주특별자치도 제주시 구좌읍 비자림로 2134-47,제주특별자치도 제주시 구좌읍 평대리 3322,제주특별자치도 정보정책과,064-710-2352,33.4887233,126.8009119,2024-08-06,I,2026-05-15 18:45:29,2024-08-06 15:05:53
6510000,202465100000700710,시민복지타운근린공원,CCTV Pole 서쪽으로 지향 1개,제주특별자치도,제주시,편의시설,KT,Jeju Free Wifi,,제주특별자치도 제주시 복지로9길 25,제주특별자치도 제주시 도남동 749,제주특별자치도 정보정책과,064-710-2352,33.4894279,126.5260233,2024-08-06,I,2026-05-15 18:45:29,2024-08-06 15:05:46
6510000,202465100000701690,해녀박물관,1층 홀,제주특별자치도,제주시,관공서,KT,Jeju Free Wifi,,제주특별자치도 제주시 구좌읍 해녀박물관길 26,제주특별자치도 제주시 구좌읍 상도리 3204-1,제주특별자치도 정보정책과,064-710-2371,33.5236098769,126.8634255904,2024-08-06,I,2026-05-15 18:45:29,2024-08-06 15:05:56
6510000,202465100000701178,탐라장애인 종합복지관 (홍랑로입구방면),길건너 정류장 방향 지향 1개,제주특별자치도,제주시,교통시설,KT,Jeju Free Wifi,,제주특별자치도 제주시 서광로 276,제주특별자치도 제주시 이도이동 1781-17,제주특별자치도 정보정책과,064-710-2352,33.4999404,126.5260389,2024-08-06,I,2026-05-15 18:45:29,2024-08-06 15:05:51
6510000,202465100000701616,1-4호어린이공원,CCTV pole,제주특별자치도,제주시,편의시설,KT,Jeju Free Wifi,,,제주특별자치도 제주시 도남동 914-13,제주특별자치도 정보정책과,064-710-2352,33.4994047,126.5257251,2024-08-06,I,2026-05-15 18:45:29,2024-08-06 15:05:55
6510000,202465100000700707,신비의도로(도깨비도로),화장실 처마(주차장) 동남,제주특별자치도,제주시,관광,KT,Jeju Free Wifi,,제주특별자치도 제주시 1100로 2894-63,제주특별자치도 제주시 노형동 289-15,제주특별자치도 정보정책과,064-710-2352,33.4512124,126.4872849,2024-08-06,I,2026-05-15 18:45:29,2024-08-06 15:05:46
6510000,202465100000700924,신제주초등학교 (민오름방면),인근 가로등설치(맞은편 방향),제주특별자치도,제주시,교통시설,KT,Jeju Free Wifi,,제주특별자치도 제주시 신대로 145,제주특별자치도 제주시 연동 304-26,제주특별자치도 정보정책과,064-710-2352,33.4842885,126.4967161,2024-08-06,I,2026-05-15 18:45:29,2024-08-06 15:05:48
6510000,202465100000700431,절물자연휴양림,목공예체험장 옥탑 남,제주특별자치도,제주시,관광,KT,Jeju Free Wifi,,제주특별자치도 제주시 명림로 584,제주특별자치도 제주시 봉개동 산 78-1,제주특별자치도 정보정책과,064-710-2352,33.4313587,126.6225876,2024-08-06,I,2026-05-15 18:45:29,2024-08-06 15:05:44
6510000,202465100000701228,산천단 한국폴리텍대학 (사회복지법인 춘강방면),길건너 정류장 방향 지향 1개,제주특별자치도,제주시,교통시설,KT,Jeju Free Wifi,,,제주특별자치도 제주시 아라일동 371-5,제주특별자치도 정보정책과,064-710-2352,33.448645,126.5547194,2024-08-06,I,2026-05-15 18:45:29,2024-08-06 15:05:51
6510000,202465100000700698,신양항 여객선대합실,대합실 서쪽벽면,제주특별자치도,제주시,교통시설,KT,Jeju Free Wifi,,제주특별자치도 제주시 추자면 추자로 576-15,제주특별자치도 제주시 추자면 신양리 434-1,제주특별자치도 정보정책과,064-710-2352,33.9448943,126.3291529,2024-08-06,I,2026-05-15 18:45:29,2024-08-06 15:05:46
6510000,202465100000700328,제주동문시장,9번게이트 옆 KT주,제주특별자치도,제주시,기타,KT,Jeju Free Wifi,,제주특별자치도 제주시 중앙로13길 27,제주특별자치도 제주시 일도일동 1102-54,제주특별자치도 정보정책과,064-710-2352,33.5115765,126.5272945,2024-08-06,I,2026-05-15 18:45:29,2024-08-06 15:05:43
6510000,202465100000701353,방림원,본관 매표소 방향,제주특별자치도,제주시,관광,KT,Jeju Free Wifi,,제주특별자치도 제주시 한경면 용금로 864,제주특별자치도 제주시 한경면 저지리 2120-91,제주특별자치도 정보정책과,064-710-2352,33.3371723,126.2685032,2024-08-06,I,2026-05-15 18:45:29,2024-08-06 15:05:52
6510000,202465100000700792,삼무공원,CCTV폴에 지향 1개,제주특별자치도,제주시,편의시설,KT,Jeju Free Wifi,,제주특별자치도 제주시 신대로8길 35,제주특별자치도 제주시 연동 281-2,제주특별자치도 정보정책과,064-710-2352,33.4918332,126.492895,2024-08-06,I,2026-05-15 18:45:29,2024-08-06 15:05:47
6510000,202465100000700715,시민복지타운광장,공원내 화장실벽면,제주특별자치도,제주시,편의시설,KT,Jeju Free Wifi,,제주특별자치도 제주시 연삼로 286,제주특별자치도 제주시 도남동 582,제주특별자치도 정보정책과,064-710-2352,33.4916992,126.5229397,2024-08-06,I,2026-05-15 18:45:29,2024-08-06 15:05:46
6510000,202465100000700319,제주동문시장,제라한 오메기떡 아케이드 위,제주특별자치도,제주시,기타,KT,Jeju Free Wifi,,제주특별자치도 제주시 동문로 6-8,제주특별자치도 제주시 일도일동 1482-1,제주특별자치도 정보정책과,064-710-2352,33.5122406,126.5270357,2024-08-06,I,2026-05-15 18:45:29,2024-08-06 15:05:43
6510000,202465100000701701,제주목관아,매표소 옆 출입구천정,제주특별자치도,제주시,관광,KT,Jeju Free Wifi,,제주특별자치도 제주시 관덕로 25,제주특별자치도 제주시 삼도이동 1045-1,제주특별자치도 정보정책과,064-710-2382,33.5140017100,126.5218039000,2024-08-06,I,2026-05-15 18:45:29,2024-08-06 15:05:56
6510000,202465100000701329,고산환승정류장(고산1리) (한경면종합복지회관방면),고산 1리 6거리 버스정류장,제주특별자치도,제주시,교통시설,KT,Jeju Free Wifi,,제주특별자치도 제주시 한경면 용고로 76,제주특별자치도 제주시 한경면 고산리 2919-14,제주특별자치도 정보정책과,064-710-2352,33.3005365,126.1803979,2024-08-06,I,2026-05-15 18:45:29,2024-08-06 15:05:52
6510000,202465100000701387,두모리포구,중계기 - 동남,제주특별자치도,제주시,관광,KT,Jeju Free Wifi,,,제주특별자치도 제주시 한경면 두모리 2607,제주특별자치도 정보정책과,064-710-2352,33.3576018,126.1821439,2024-08-06,I,2026-05-15 18:45:29,2024-08-06 15:05:53
6510000,202465100000701020,동회천 (새가름방면),정류장천정,제주특별자치도,제주시,교통시설,KT,Jeju Free Wifi,,,제주특별자치도 제주시 회천동 1319-2,제주특별자치도 정보정책과,064-710-2352,33.5042006,126.615548,2024-08-06,I,2026-05-15 18:45:29,2024-08-06 15:05:49
6510000,202465100000700579,이호테우해변(이호테우해수욕장),이호비치화장실 지붕 남,제주특별자치도,제주시,관광,KT,Jeju Free Wifi,,제주특별자치도 제주시 서해안로 45-18,제주특별자치도 제주시 이호일동 431-2,제주특별자치도 정보정책과,064-710-2352,33.4997052,126.4549442,2024-08-06,I,2026-05-15 18:45:29,2024-08-06 15:05:45
6510000,202465100000700828,비블리아성서식물원,입구 기둥-주차장방향 남,제주특별자치도,제주시,관광,KT,Jeju Free Wifi,,제주특별자치도 제주시 한림읍 조성로 17,제주특별자치도 제주시 한림읍 상명리 1191-5,제주특별자치도 정보정책과,064-710-2352,33.3560791,126.2750795,2024-08-06,I,2026-05-15 18:45:29,2024-08-06 15:05:47
6510000,202465100000701441,꿈바당도서관,건물좌측 외벽,제주특별자치도,제주시,관공서,KT,Jeju Free Wifi,,제주특별자치도 제주시 연오로 140,제주특별자치도 제주시 연동 463,제주특별자치도 정보정책과,064-710-2352,33.4805926,126.4997387,2024-08-06,I,2026-05-15 18:45:29,2024-08-06 15:05:53
6510000,202465100000700064,한마음공원,CCTV pole에서 동쪽으로 지향,제주특별자치도,제주시,편의시설,KT,Jeju Free Wifi,,,제주특별자치도 제주시 이도이동 1942-1,제주특별자치도 정보정책과,064-710-2352,33.495536,126.544708,2024-08-06,I,2026-05-15 18:45:29,2024-08-06 15:05:40
6510000,202465100000700202,종달리수국길,KT통신주(지미봉T),제주특별자치도,제주시,관광,KT,Jeju Free Wifi,,,제주특별자치도 제주시 구좌읍 종달리 24-1,제주특별자치도 정보정책과,064-710-2352,33.5065049,126.9124899,2024-08-06,I,2026-05-15 18:45:29,2024-08-06 15:05:42
6510000,202465100000700998,주암주택 (조천만세동산방면),정류장천정,제주특별자치도,제주시,교통시설,KT,Jeju Free Wifi,,,제주특별자치도 제주시 조천읍 조천리 836-1,제주특별자치도 정보정책과,064-710-2352,33.5409373,126.6454747,2024-08-06,I,2026-05-15 18:45:29,2024-08-06 15:05:49
6510000,202465100000700079,한림읍사무소,2층 대회의실 천장,제주특별자치도,제주시,관공서,KT,Jeju Free Wifi,,제주특별자치도 제주시 한림읍 한림상로 132,제주특별자치도 제주시 한림읍 한림리 919,제주특별자치도 정보정책과,064-710-2352,33.4103614,126.2673638,2024-08-06,I,2026-05-15 18:45:29,2024-08-06 15:05:41
6510000,202465100000700601,우도해안도로,클린하우스 IP주-서,제주특별자치도,제주시,관광,KT,Jeju Free Wifi,,,제주특별자치도 제주시 우도면 연평리 2650-1,제주특별자치도 정보정책과,064-710-2352,33.4944343,126.9461297,2024-08-06,I,2026-05-15 18:45:29,2024-08-06 15:05:45
6510000,202465100000700961,광령초등학교 (광령1리사무소 방면),버스정류장 천장,제주특별자치도,제주시,교통시설,KT,Jeju Free Wifi,,,제주특별자치도 제주시 애월읍 광령리 1345-3,제주특별자치도 정보정책과,064-710-2352,33.4606355,126.4365562,2024-08-06,I,2026-05-15 18:45:29,2024-08-06 15:05:48
6510000,202465100000701150,우령마을입구 (일우 한란 아파트방면),길건너 정류장 방향 지향 1개,제주특별자치도,제주시,교통시설,KT,Jeju Free Wifi,,제주특별자치도 제주시 우정로 50,제주특별자치도 제주시 외도일동 498-9,제주특별자치도 정보정책과,064-710-2352,33.488527,126.4306431,2024-08-06,I,2026-05-15 18:45:29,2024-08-06 15:05:50
6510000,202465100000701722,제주시 차량관리과 자동차등록사무소,자동차등록사업소 내부,제주특별자치도,제주시,관공서,KT,Jeju Free Wifi,,,제주특별자치도 제주시 오라일동 1165,제주특별자치도 정보정책과,064-710-2403,33.49779126,126.5144943,2024-08-06,I,2026-05-15 18:45:29,2024-08-06 15:05:56
6510000,202465100000701217,아라동주민센터 (남국원(광양방면)방면),CCTV pole에서 아라치과(초록마을 아라점) 방향으로 지향성 1개,제주특별자치도,제주시,교통시설,KT,Jeju Free Wifi,,제주특별자치도 제주시 중앙로 527,제주특별자치도 제주시 아라일동 6103-6,제주특별자치도 정보정책과,064-710-2352,33.4763177,126.5449863,2024-08-06,I,2026-05-15 18:45:29,2024-08-06 15:05:51
6510000,202465100000700231,제주의료원,24병동 오물처리실 벽면 위,제주특별자치도,제주시,기타,KT,Jeju Free Wifi,,제주특별자치도 제주시 산천단남길 10,제주특별자치도 제주시 아라일동 4-17,제주특별자치도 정보정책과,064-710-2352,33.4453101,126.5602272,2024-08-06,I,2026-05-15 18:45:29,2024-08-06 15:05:42
6510000,202465100000700823,비자림,화장실 처마(주차장),제주특별자치도,제주시,관광,KT,Jeju Free Wifi,,제주특별자치도 제주시 구좌읍 비자숲길 62,제주특별자치도 제주시 구좌읍 평대리 3164-1,제주특별자치도 정보정책과,064-710-2352,33.4912478,126.8102603,2024-08-06,I,2026-05-15 18:45:29,2024-08-06 15:05:47
6510000,202465100000701109,사라봉 (사라봉오거리방면),정류장 천정,제주특별자치도,제주시,교통시설,KT,Jeju Free Wifi,,제주특별자치도 제주시 고으니길 30,제주특별자치도 제주시 건입동 566,제주특별자치도 정보정책과,064-710-2352,33.514033,126.5444306,2024-08-06,I,2026-05-15 18:45:29,2024-08-06 15:05:50
6510000,202465100000701064,제주서중학교 (제성마을방면),정류장천정,제주특별자치도,제주시,교통시설,KT,Jeju Free Wifi,,제주특별자치도 제주시 일주서로 7810,제주특별자치도 제주시 연동 2414-2,제주특별자치도 정보정책과,064-710-2352,33.4933924,126.4810424,2024-08-06,I,2026-05-15 18:45:29,2024-08-06 15:05:49
6510000,202465100000701187,제주대학교교육대학 (국립제주박물관방면),길건너 정류장 방향 지향 1개,제주특별자치도,제주시,교통시설,KT,Jeju Free Wifi,,,제주특별자치도 제주시 화북이동 4948-1,제주특별자치도 정보정책과,064-710-2352,33.5130825,126.5533367,2024-08-06,I,2026-05-15 18:45:29,2024-08-06 15:05:51
6510000,202465100000700184,천진항,마을정보센타 비가림위 - 북,제주특별자치도,제주시,교통시설,KT,Jeju Free Wifi,,제주특별자치도 제주시 우도면 우도해안길 70,제주특별자치도 제주시 우도면 연평리 1737-13,제주특별자치도 정보정책과,064-710-2352,33.4929388,126.9515821,2024-08-06,I,2026-05-15 18:45:29,2024-08-06 15:05:42
6510000,202465100000700016,협재 해변(협재해수욕장),종합상황실 외벽(북동),제주특별자치도,제주시,관광,KT,Jeju Free Wifi,,,제주특별자치도 제주시 한림읍 협재리 2451,제주특별자치도 정보정책과,064-710-2352,33.3935737,126.2384746,2024-08-06,I,2026-05-15 18:45:29,2024-08-06 15:05:40
6510000,202465100000700895,고성2리 (제주공룡랜드방면),버스정류소 상부,제주특별자치도,제주시,교통시설,KT,Jeju Free Wifi,,,제주특별자치도 제주시 애월읍 고성리 919-1,제주특별자치도 정보정책과,064-710-2352,33.4362715,126.4241434,2024-08-06,I,2026-05-15 18:45:29,2024-08-06 15:05:48
6510000,202465100000700820,빅볼랜드,KT IP주,제주특별자치도,제주시,관광,KT,Jeju Free Wifi,,제주특별자치도 제주시 애월읍 산록서로 15,제주특별자치도 제주시 애월읍 어음리 산3,제주특별자치도 정보정책과,064-710-2352,33.3896919,126.3755252,2024-08-06,I,2026-05-15 18:45:29,2024-08-06 15:05:47
6510000,202465100000700167,칠성로 쇼핑거리,CCTV pole,제주특별자치도,제주시,관광,KT,Jeju Free Wifi,,제주특별자치도 제주시 관덕로13길 14,제주특별자치도 제주시 일도일동 1340-1,제주특별자치도 정보정책과,064-710-2352,33.5142492,126.5261191,2024-08-06,I,2026-05-15 18:45:29,2024-08-06 15:05:41
6510000,202465100000701406,더마파크,매표소외부(입장로),제주특별자치도,제주시,관광,KT,Jeju Free Wifi,,제주특별자치도 제주시 한림읍 월림7길 155,제주특별자치도 제주시 한림읍 월림리 산 8,제주특별자치도 정보정책과,064-710-2352,33.3550487,126.2427533,2024-08-06,I,2026-05-15 18:45:29,2024-08-06 15:05:53
6510000,202465100000701281,원노형마을 (노형오거리/이마트방면),버스정류장 지붕위,제주특별자치도,제주시,교통시설,KT,Jeju Free Wifi,,제주특별자치도 제주시 1100로 3330,제주특별자치도 제주시 노형동 920-5,제주특별자치도 정보정책과,064-710-2352,33.4833314,126.4810782,2024-08-06,I,2026-05-15 18:45:29,2024-08-06 15:05:52
6510000,202465100000700616,우도봉,우도렌터카 건물 외벽 - 서,제주특별자치도,제주시,관광,KT,Jeju Free Wifi,,제주특별자치도 제주시 우도면 우도봉길 47,제주특별자치도 제주시 우도면 연평리 343-2,제주특별자치도 정보정책과,064-710-2352,33.4936564,126.9596981,2024-08-06,I,2026-05-15 18:45:29,2024-08-06 15:05:45
6510000,202465100000700227,제주의료원 부속 요양병원,신축동 1층 317호 앞 천정,제주특별자치도,제주시,기타,KT,Jeju Free Wifi,,제주특별자치도 제주시 산천단남길 10,제주특별자치도 제주시 아라일동 4-17,제주특별자치도 정보정책과,064-710-2352,33.4457069,126.5594571,2024-08-06,I,2026-05-15 18:45:29,2024-08-06 15:05:42
6510000,202465100000700807,사라봉공원,관리사무실 외벽,제주특별자치도,제주시,편의시설,KT,Jeju Free Wifi,,제주특별자치도 제주시 사라봉동길 74,제주특별자치도 제주시 건입동 387-1,제주특별자치도 정보정책과,064-710-2352,33.5177178,126.5457466,2024-08-06,I,2026-05-15 18:45:29,2024-08-06 15:05:47
6510000,202465100000700610,우도비양도,비양도입구 화장실옆 영농조합 남,제주특별자치도,제주시,관광,KT,Jeju Free Wifi,,,제주특별자치도 제주시 우도면 연평리 33-2,제주특별자치도 정보정책과,064-710-2352,33.5129501,126.9649459,2024-08-06,I,2026-05-15 18:45:29,2024-08-06 15:05:45
6510000,202465100000700622,우도등대,옥상 - 북동,제주특별자치도,제주시,관광,KT,Jeju Free Wifi,,제주특별자치도 제주시 우도면 우도봉길 105,제주특별자치도 제주시 우도면 연평리 337,제주특별자치도 정보정책과,064-710-2352,33.4929348,126.965055,2024-08-06,I,2026-05-15 18:45:29,2024-08-06 15:05:45
6510000,202465100000700544,전기차충전소_동부농업기술센터,전기차충전소인근 IP주,제주특별자치도,제주시,교통시설,KT,Jeju Free Wifi,,제주특별자치도 제주시 구좌읍 김녕남6길 8,제주특별자치도 제주시 구좌읍 김녕리 1892,제주특별자치도 정보정책과,064-710-2352,33.5500826,126.7503713,2024-08-06,I,2026-05-15 18:45:29,2024-08-06 15:05:44
6510000,202465100000700700,신양항 여객선대합실,대합실 천정,제주특별자치도,제주시,교통시설,KT,Jeju Free Wifi,,제주특별자치도 제주시 추자면 추자로 576-15,제주특별자치도 제주시 추자면 신양리 434-1,제주특별자치도 정보정책과,064-710-2352,33.9448943,126.3291529,2024-08-06,I,2026-05-15 18:45:29,2024-08-06 15:05:46
6510000,202465100000700269,제주민속오일장,남쪽입구 화장실 처마,제주특별자치도,제주시,기타,KT,Jeju Free Wifi,,제주특별자치도 제주시 오일장서길 26,제주특별자치도 제주시 도두일동 1212,제주특별자치도 정보정책과,064-710-2352,33.4961986,126.4753548,2024-08-06,I,2026-05-15 18:45:29,2024-08-06 15:05:42
6510000,202465100000700609,우도체육관,체육관 외벽,제주특별자치도,제주시,지역문화시설,KT,Jeju Free Wifi,,제주특별자치도 제주시 우도면 조일길 123-9,제주특별자치도 제주시 우도면 연평리 639,제주특별자치도 정보정책과,064-710-2352,33.51046,126.960455,2024-08-06,I,2026-05-15 18:45:29,2024-08-06 15:05:45
6510000,202465100000701033,오광로입구 (현사마을방면),정류장천정,제주특별자치도,제주시,교통시설,KT,Jeju Free Wifi,,제주특별자치도 제주시 일주서로 7578,제주특별자치도 제주시 이호이동 1587,제주특별자치도 정보정책과,064-710-2352,33.4955256,126.4559546,2024-08-06,I,2026-05-15 18:45:29,2024-08-06 15:05:49
6510000,202465100000700984,한림2리 (옹포 사거리방면),버스정류장 상부,제주특별자치도,제주시,교통시설,KT,Jeju Free Wifi,,,제주특별자치도 제주시 한림읍 한림리 915-2,제주특별자치도 정보정책과,064-710-2352,33.4092706,126.266074,2024-08-06,I,2026-05-15 18:45:29,2024-08-06 15:05:49
6510000,202465100000701573,18코스,삼양해수욕장 동쪽 공중화장실 북서,제주특별자치도,제주시,관광,KT,Jeju Free Wifi,,제주특별자치도 제주시 서흘1길 32,제주특별자치도 제주시 삼양일동 1780,제주특별자치도 정보정책과,064-710-2352,33.5291778,126.5894864,2024-08-06,I,2026-05-15 18:45:29,2024-08-06 15:05:55
6510000,202465100000701429,노형근린공원,공원내 화장실 앞 가로등,제주특별자치도,제주시,편의시설,KT,Jeju Free Wifi,,제주특별자치도 제주시 과원북2길 1,제주특별자치도 제주시 노형동 731-3,제주특별자치도 정보정책과,064-710-2352,33.4791714,126.482969,2024-08-06,I,2026-05-15 18:45:29,2024-08-06 15:05:53
6510000,202465100000700268,제주별빛누리공원,1층휴게실 천정(1층),제주특별자치도,제주시,관광,KT,Jeju Free Wifi,,제주특별자치도 제주시 선돌목동길 60,제주특별자치도 제주시 오등동 산34,제주특별자치도 정보정책과,064-710-2352,33.445184,126.5494103,2024-08-06,I,2026-05-15 18:45:29,2024-08-06 15:05:42
6510000,202465100000701674,한라생태숲 #2-3,관리시험연구동 지붕 남서(남쪽 버스주차장 방향),제주특별자치도,제주시,관광,KT,Jeju Free Wifi,,제주특별자치도 제주시 516로 2596,제주특별자치도 제주시 용강동 산 14-1,제주특별자치도 정보정책과,064-710-2355,33.4310896600,126.5971969000,2024-08-06,I,2026-05-15 18:45:29,2024-08-06 15:05:56
6510000,202465100000700867,연동입구 (오라3동방면),버스정류장 상부,제주특별자치도,제주시,교통시설,KT,Jeju Free Wifi,,,제주특별자치도 제주시 연동 106-4,제주특별자치도 정보정책과,064-710-2352,33.4954167,126.4969543,2024-08-06,I,2026-05-15 18:45:29,2024-08-06 15:05:47
6510000,202465100000700930,도련초등학교(건주모실방면) [405001908],버스정류소 천정,제주특별자치도,제주시,교통시설,KT,Jeju Free Wifi,,,제주특별자치도 제주시 도련일동 2002,제주특별자치도 정보정책과,064-710-2352,33.5155784,126.5828509,2024-08-06,I,2026-05-15 18:45:29,2024-08-06 15:05:48
6510000,202465100000700414,절물자연휴양림,보안등 POLE대 서,제주특별자치도,제주시,관광,KT,Jeju Free Wifi,,제주특별자치도 제주시 명림로 584,제주특별자치도 제주시 봉개동 산78-1,제주특별자치도 정보정책과,064-710-2352,33.4313587,126.6225876,2024-08-06,I,2026-05-15 18:45:29,2024-08-06 15:05:43
6510000,202465100000701474,국수문화거리,방범용CCTV 서,제주특별자치도,제주시,관광,KT,Jeju Free Wifi,,제주특별자치도 제주시 삼성로 63,제주특별자치도 제주시 일도이동 1034-12,제주특별자치도 정보정책과,064-710-2352,33.5079621,126.5319297,2024-08-06,I,2026-05-15 18:45:29,2024-08-06 15:05:54
6510000,202465100000701550,19코스,CCTV Pole 북 올레길 다리방향,제주특별자치도,제주시,관광,KT,Jeju Free Wifi,,제주특별자치도 제주시 조천읍 북촌1길 43,제주특별자치도 제주시 조천읍 북촌리 1457-1,제주특별자치도 정보정책과,064-710-2352,33.5480302,126.6845359,2024-08-06,I,2026-05-15 18:45:29,2024-08-06 15:05:54
6510000,202465100000700573,일도이동 그린쉼터,맞은편 동문성당 앞 CCTV 폴대,제주특별자치도,제주시,편의시설,KT,Jeju Free Wifi,,제주특별자치도 제주시 연수로 12,제주특별자치도 제주시 일도이동 46-2,제주특별자치도 정보정책과,064-710-2352,33.5044712,126.5470659,2024-08-06,I,2026-05-15 18:45:29,2024-08-06 15:05:45
6510000,202465100000700815,사라봉공원,정상 팔각정 기둥 외벽,제주특별자치도,제주시,편의시설,KT,Jeju Free Wifi,,제주특별자치도 제주시 사라봉동길 74,제주특별자치도 제주시 건입동 387-1,제주특별자치도 정보정책과,064-710-2352,33.5177178,126.5457466,2024-08-06,I,2026-05-15 18:45:29,2024-08-06 15:05:47
6510000,202465100000701580,17코스,IP주 내도방향,제주특별자치도,제주시,관광,KT,Jeju Free Wifi,,,제주특별자치도 제주시 이호일동 1788-13,제주특별자치도 정보정책과,064-710-2352,33.4974669,126.4497004,2024-08-06,I,2026-05-15 18:45:29,2024-08-06 15:05:55
6510000,202465100000701189,제주대학교 입구 (남국사방면),길건너 정류장 방향 지향 1개,제주특별자치도,제주시,교통시설,KT,Jeju Free Wifi,,제주특별자치도 제주시 산천단동1길 12,제주특별자치도 제주시 아라일동 479,제주특별자치도 정보정책과,064-710-2352,33.4570234,126.550321,2024-08-06,I,2026-05-15 18:45:29,2024-08-06 15:05:51
6510000,202465100000700292,제주동문시장,패션커텐 옆 천장 위,제주특별자치도,제주시,기타,KT,Jeju Free Wifi,,제주특별자치도 제주시 동문로 16,제주특별자치도 제주시 일도일동 1148-2,제주특별자치도 정보정책과,064-710-2352,33.5127517,126.5283186,2024-08-06,I,2026-05-15 18:45:29,2024-08-06 15:05:42
6510000,202465100000700332,제주동문시장,혜주상회 위,제주특별자치도,제주시,기타,KT,Jeju Free Wifi,,제주특별자치도 제주시 관덕로14길 5,제주특별자치도 제주시 이도일동 1333,제주특별자치도 정보정책과,064-710-2352,33.5122431,126.5264868,2024-08-06,I,2026-05-15 18:45:29,2024-08-06 15:05:43
6510000,202465100000700626,우도 한반도여,KT 중계기 - 남서,제주특별자치도,제주시,관광,KT,Jeju Free Wifi,,,제주특별자치도 제주시 우도면 연평리 1723,제주특별자치도 정보정책과,064-710-2352,33.4914888,126.9560438,2024-08-06,I,2026-05-15 18:45:29,2024-08-06 15:05:45
6510000,202465100000701493,곽지과물해변,종합상황실 외벽(북),제주특별자치도,제주시,관광,KT,Jeju Free Wifi,,,제주특별자치도 제주시 애월읍 곽지리 1565-12,제주특별자치도 정보정책과,064-710-2352,33.4499484,126.3052394,2024-08-06,I,2026-05-15 18:45:29,2024-08-06 15:05:54
6510000,202465100000701638,1-33호어린이공원,CCTV pole,제주특별자치도,제주시,편의시설,KT,Jeju Free Wifi,,,제주특별자치도 제주시 이도이동 1077-5,제주특별자치도 정보정책과,064-710-2352,33.4941009,126.5369198,2024-08-06,I,2026-05-15 18:45:29,2024-08-06 15:05:55
6510000,202465100000701017,김녕리 (남흘동방면),정류장천정,제주특별자치도,제주시,교통시설,KT,Jeju Free Wifi,,제주특별자치도 제주시 구좌읍 김녕로 83,제주특별자치도 제주시 구좌읍 김녕리 3607,제주특별자치도 정보정책과,064-710-2352,33.5544845,126.7470128,2024-08-06,I,2026-05-15 18:45:29,2024-08-06 15:05:49
6510000,202465100000700837,제주버스터미널 (한국병원방면),버스정보시스템내부,제주특별자치도,제주시,교통시설,KT,Jeju Free Wifi,,,제주특별자치도 제주시 오라일동 2455-2,제주특별자치도 정보정책과,064-710-2352,33.4999875,126.5141362,2024-08-06,I,2026-05-15 18:45:29,2024-08-06 15:05:47
6510000,202465100000700051,함덕 서우봉 해변,관광안내소(해변),제주특별자치도,제주시,관광,KT,Jeju Free Wifi,,,제주특별자치도 제주시 조천읍 함덕리 산14-1,제주특별자치도 정보정책과,064-710-2352,33.5431956,126.6699878,2024-08-06,I,2026-05-15 18:45:29,2024-08-06 15:05:40
6510000,202465100000700050,함덕 서우봉 해변,종합상황실(해변),제주특별자치도,제주시,관광,KT,Jeju Free Wifi,,,제주특별자치도 제주시 조천읍 함덕리 산14-1,제주특별자치도 정보정책과,064-710-2352,33.5431956,126.6699878,2024-08-06,I,2026-05-15 18:45:29,2024-08-06 15:05:40
6510000,202465100000700839,제원아파트 (은남동방면),버스정보시스템내부,제주특별자치도,제주시,교통시설,KT,Jeju Free Wifi,,제주특별자치도 제주시 신광로 47,제주특별자치도 제주시 연동 273,제주특별자치도 정보정책과,064-710-2352,33.486494,126.4905129,2024-08-06,I,2026-05-15 18:45:29,2024-08-06 15:05:47
6510000,202465100000700652,영화의거리,산짓물공원 주차장 방송스피커 남서,제주특별자치도,제주시,관광,KT,Jeju Free Wifi,,제주특별자치도 제주시 관덕로17길 37,제주특별자치도 제주시 건입동 1342-1,제주특별자치도 정보정책과,064-710-2352,33.5156144,126.5287222,2024-08-06,I,2026-05-15 18:45:29,2024-08-06 15:05:45
6510000,202465100000700825,비자림,관리실 옥상 서,제주특별자치도,제주시,관광,KT,Jeju Free Wifi,,제주특별자치도 제주시 구좌읍 비자숲길 62,제주특별자치도 제주시 구좌읍 평대리 3164-1,제주특별자치도 정보정책과,064-710-2352,33.4912478,126.8102603,2024-08-06,I,2026-05-15 18:45:29,2024-08-06 15:05:47
6510000,202465100000700909,관덕정 (서문시장방면),버스정류장 내 천정,제주특별자치도,제주시,교통시설,KT,Jeju Free Wifi,,,제주특별자치도 제주시 삼도이동 957-4,제주특별자치도 정보정책과,064-710-2352,33.5130698,126.5209622,2024-08-06,I,2026-05-15 18:45:29,2024-08-06 15:05:48
6510000,202465100000700151,탑동 테마거리,탑동사거리 관광안내소 남동,제주특별자치도,제주시,관광,KT,Jeju Free Wifi,,제주특별자치도 제주시 중앙로 20,제주특별자치도 제주시 삼도이동 1192-21,제주특별자치도 정보정책과,064-710-2352,33.5166557,126.5245499,2024-08-06,I,2026-05-15 18:45:29,2024-08-06 15:05:41
6510000,202465100000700959,월정리 (구좌중앙초등학교방면),CCTV POLE,제주특별자치도,제주시,교통시설,KT,Jeju Free Wifi,,,제주특별자치도 제주시 구좌읍 월정리 214-4,제주특별자치도 정보정책과,064-710-2352,33.5515752,126.7917421,2024-08-06,I,2026-05-15 18:45:29,2024-08-06 15:05:48
6510000,202465100000700139,판포해변(포구),버스정류장 IP주 북서,제주특별자치도,제주시,관광,KT,Jeju Free Wifi,,,제주특별자치도 제주시 한경면 판포리 1709,제주특별자치도 정보정책과,064-710-2352,33.3647583,126.2005925,2024-08-06,I,2026-05-15 18:45:29,2024-08-06 15:05:41
6510000,202465100000700677,애월읍사무소,2층 주민자치팀 앞 복도 천장,제주특별자치도,제주시,관공서,KT,Jeju Free Wifi,,제주특별자치도 제주시 애월읍 일주서로 6322,제주특별자치도 제주시 애월읍 애월리 240,제주특별자치도 정보정책과,064-710-2352,33.4619529,126.3295189,2024-08-06,I,2026-05-15 18:45:29,2024-08-06 15:05:46
6510000,202465100000701748,버스정류소_신흥동,버스정류장 PVC 함체 내,제주특별자치도,제주시,교통시설,KT,Jeju Free Wifi,,,제주특별자치도 제주시 한경면 용수리 1242-6,제주특별자치도 정보정책과,064-710-2429,33.3407892209,126.1821405307,2024-08-06,I,2026-05-15 18:45:29,2024-08-06 15:05:56
6510000,202465100000701297,동광양 (광양사거리/터미널방면),버스정류장 지붕위,제주특별자치도,제주시,교통시설,KT,Jeju Free Wifi,,,제주특별자치도 제주시 이도일동 1245-34,제주특별자치도 정보정책과,064-710-2352,33.5023413,126.5323475,2024-08-06,I,2026-05-15 18:45:29,2024-08-06 15:05:52
6510000,202465100000700840,제원아파트 (삼무공원사거리/롯데시티호텔방면),버스정보시스템내부,제주특별자치도,제주시,교통시설,KT,Jeju Free Wifi,,제주특별자치도 제주시 삼무로 48,제주특별자치도 제주시 연동 272,제주특별자치도 정보정책과,064-710-2352,33.4885778,126.4906058,2024-08-06,I,2026-05-15 18:45:29,2024-08-06 15:05:47
6510000,202465100000700502,전기차충전소_의료법인 중앙의료재단 중앙병원,IP주 지향1개,제주특별자치도,제주시,교통시설,KT,Jeju Free Wifi,,제주특별자치도 제주시 월랑로 91,제주특별자치도 제주시 이호이동 22,제주특별자치도 정보정책과,064-710-2352,33.4922812,126.4705922,2024-08-06,I,2026-05-15 18:45:29,2024-08-06 15:05:44
6510000,202465100000701099,내도동 서마을 (내도동 동마을방면),정류장천정,제주특별자치도,제주시,교통시설,KT,Jeju Free Wifi,,,제주특별자치도 제주시 내도동 580-8,제주특별자치도 정보정책과,064-710-2352,33.493832,126.4388005,2024-08-06,I,2026-05-15 18:45:29,2024-08-06 15:05:50
6510000,202465100000701682,국립제주박물관,본관건물 동쪽외벽,제주특별자치도,제주시,관공서,KT,Jeju Free Wifi,,제주특별자치도 제주시 일주동로 17,제주특별자치도 제주시 건입동 261,제주특별자치도 정보정책과,064-710-2363,33.5137967100,126.5479096000,2024-08-06,I,2026-05-15 18:45:29,2024-08-06 15:05:56
6510000,202465100000700343,제주동문시장,6번 게이트 위,제주특별자치도,제주시,기타,KT,Jeju Free Wifi,,제주특별자치도 제주시 오현길 88,제주특별자치도 제주시 이도일동 1349-51,제주특별자치도 정보정책과,064-710-2352,33.5125649,126.5255019,2024-08-06,I,2026-05-15 18:45:29,2024-08-06 15:05:43
6510000,202465100000701437,낙천의자공원,외벽 - 북,제주특별자치도,제주시,편의시설,KT,Jeju Free Wifi,,제주특별자치도 제주시 한경면 낙수로 97,제주특별자치도 제주시 한경면 낙천리 1913,제주특별자치도 정보정책과,064-710-2352,33.3278924,126.2267601,2024-08-06,I,2026-05-15 18:45:29,2024-08-06 15:05:53
6510000,202465100000701130,백록초등학교 (광평동로방면),정류장 옆 가로등 지향 1개,제주특별자치도,제주시,교통시설,KT,Jeju Free Wifi,,제주특별자치도 제주시 수덕로 69,제주특별자치도 제주시 노형동 2511-3,제주특별자치도 정보정책과,064-710-2352,33.4843485,126.4706779,2024-08-06,I,2026-05-15 18:45:29,2024-08-06 15:05:50
6510000,202465100000700097,한라생태숲,관리시험연구동 지붕 서,제주특별자치도,제주시,관광,KT,Jeju Free Wifi,,제주특별자치도 제주시 516로 2596,제주특별자치도 제주시 용강동 산 14-1,제주특별자치도 정보정책과,064-710-2352,33.4282925,126.6047761,2024-08-06,I,2026-05-15 18:45:29,2024-08-06 15:05:41
6510000,202465100000700266,제주별빛누리공원,2측관측대기장소(2층),제주특별자치도,제주시,관광,KT,Jeju Free Wifi,,제주특별자치도 제주시 선돌목동길 60,제주특별자치도 제주시 오등동 산34,제주특별자치도 정보정책과,064-710-2352,33.445184,126.5494103,2024-08-06,I,2026-05-15 18:45:29,2024-08-06 15:05:42
6510000,202465100000701693,신비의도로(도깨비도로),남자 화장실 외벽,제주특별자치도,제주시,관광,KT,Jeju Free Wifi,,제주특별자치도 제주시 1100로 2894-51,제주특별자치도 제주시 노형동 291-25,제주특별자치도 정보정책과,064-710-2374,33.4501788443,126.4871356943,2024-08-06,I,2026-05-15 18:45:29,2024-08-06 15:05:56
6510000,202465100000701739,수월봉,화장실 IP주,제주특별자치도,제주시,관광,KT,Jeju Free Wifi,,,제주특별자치도 제주시 한경면 고산리 3763,제주특별자치도 정보정책과,064-710-2420,33.2936091832,126.1633446247,2024-08-06,I,2026-05-15 18:45:29,2024-08-06 15:05:56
6510000,202465100000700415,절물자연휴양림,보안등 POLE대 동,제주특별자치도,제주시,관광,KT,Jeju Free Wifi,,제주특별자치도 제주시 명림로 584,제주특별자치도 제주시 봉개동 산78-1,제주특별자치도 정보정책과,064-710-2352,33.4313587,126.6225876,2024-08-06,I,2026-05-15 18:45:29,2024-08-06 15:05:43
6510000,202465100000701735,조천체육관,1층 홀,제주특별자치도,제주시,관공서,KT,Jeju Free Wifi,,제주특별자치도 제주시 조천읍 조천18길 11-1,제주특별자치도 제주시 조천읍 조천리 1176-1,제주특별자치도 정보정책과,064-710-2416,33.5395361411,126.6437192434,2024-08-06,I,2026-05-15 18:45:29,2024-08-06 15:05:56
6510000,202465100000701678,서문시장 #2-3,서문공설시장 1층 평화식당 복도 천장,제주특별자치도,제주시,지역문화시설,KT,Jeju Free Wifi,,제주특별자치도 제주시 서문로4길 13-2,제주특별자치도 제주시 용담일동 135-9,제주특별자치도 정보정책과,064-710-2359,33.5113511600,126.5179062000,2024-08-06,I,2026-05-15 18:45:29,2024-08-06 15:05:56
6510000,202465100000701197,인다마을 (아라주공아파트방면),정류장 인근 IP주에서 맞은편 정류장 방향으로 지향 1개,제주특별자치도,제주시,교통시설,KT,Jeju Free Wifi,,제주특별자치도 제주시 중앙로 582,제주특별자치도 제주시 아라일동 6082-5,제주특별자치도 정보정책과,064-710-2352,33.4714526,126.5452721,2024-08-06,I,2026-05-15 18:45:29,2024-08-06 15:05:51
6510000,202465100000700577,이호테우해변(이호테우해수욕장),이호비치화장실 지붕 북,제주특별자치도,제주시,관광,KT,Jeju Free Wifi,,제주특별자치도 제주시 서해안로 45-18,제주특별자치도 제주시 이호일동 431-2,제주특별자치도 정보정책과,064-710-2352,33.4997052,126.4549442,2024-08-06,I,2026-05-15 18:45:29,2024-08-06 15:05:45
6510000,202465100000701467,궷물오름,중계기-북,제주특별자치도,제주시,관광,KT,Jeju Free Wifi,,제주특별자치도 제주시 애월읍 산록서로 372,제주특별자치도 제주시 애월읍 유수암리 1191-2,제주특별자치도 정보정책과,064-710-2352,33.4024669,126.4082114,2024-08-06,I,2026-05-15 18:45:29,2024-08-06 15:05:54
6510000,202465100000700819,사라봉공원,정상 화장실 외벽,제주특별자치도,제주시,편의시설,KT,Jeju Free Wifi,,제주특별자치도 제주시 사라봉동길 74,제주특별자치도 제주시 건입동 387-1,제주특별자치도 정보정책과,064-710-2352,33.5177178,126.5457466,2024-08-06,I,2026-05-15 18:45:29,2024-08-06 15:05:47
6510000,202465100000700621,우도등대 입구,ip주 상부 - 동북,제주특별자치도,제주시,관광,KT,Jeju Free Wifi,,,제주특별자치도 제주시 우도면 연평리 1658-7,제주특별자치도 정보정책과,064-710-2352,33.4961385,126.9557297,2024-08-06,I,2026-05-15 18:45:29,2024-08-06 15:05:45
6510000,202465100000700699,신양항 여객선대합실,대합실 동쪽 벽면,제주특별자치도,제주시,교통시설,KT,Jeju Free Wifi,,제주특별자치도 제주시 추자면 추자로 576-15,제주특별자치도 제주시 추자면 신양리 434-1,제주특별자치도 정보정책과,064-710-2352,33.9448943,126.3291529,2024-08-06,I,2026-05-15 18:45:29,2024-08-06 15:05:46
6510000,202465100000700392,제주4?3평화공원,1층 대강당,제주특별자치도,제주시,관광,KT,Jeju Free Wifi,,제주특별자치도 제주시 명림로 430,제주특별자치도 제주시 봉개동 237-2,제주특별자치도 정보정책과,064-710-2352,33.4506669,126.6190021,2024-08-06,I,2026-05-15 18:45:29,2024-08-06 15:05:43
6510000,202465100000701396,돌문화공원,제3코스 관리소 상부,제주특별자치도,제주시,관광,KT,Jeju Free Wifi,,제주특별자치도 제주시 조천읍 남조로 2023,제주특별자치도 제주시 조천읍 교래리 산 95,제주특별자치도 정보정책과,064-710-2352,33.4463446,126.6605733,2024-08-06,I,2026-05-15 18:45:29,2024-08-06 15:05:53
6510000,202465100000700780,삼양동선사유적,실내전시관,제주특별자치도,제주시,관광,KT,Jeju Free Wifi,,제주특별자치도 제주시 선사로2길 13,제주특별자치도 제주시 삼양일동 1660-4,제주특별자치도 정보정책과,064-710-2352,33.5235264,126.5880388,2024-08-06,I,2026-05-15 18:45:29,2024-08-06 15:05:47
6510000,202465100000700489,전기차충전소_제주도의회,전기차 충전소 전기IP주에 함체 신설,제주특별자치도,제주시,교통시설,KT,Jeju Free Wifi,,제주특별자치도 제주시 문연로 13,제주특별자치도 제주시 연동 311-45,제주특별자치도 정보정책과,064-710-2352,33.4900042,126.4989308,2024-08-06,I,2026-05-15 18:45:29,2024-08-06 15:05:44
6510000,202465100000701635,1-37호어린이공원,CCTV pole 중앙농구장 CCTV방향,제주특별자치도,제주시,편의시설,KT,Jeju Free Wifi,,제주특별자치도 제주시 신성로2길 15-1,제주특별자치도 제주시 도남동 46,제주특별자치도 정보정책과,064-710-2352,33.4959952,126.5225655,2024-08-06,I,2026-05-15 18:45:29,2024-08-06 15:05:55
6510000,202465100000701385,만세공원,CCTV POLE,제주특별자치도,제주시,편의시설,KT,Jeju Free Wifi,,,제주특별자치도 제주시 조천읍 조천리 1142-1,제주특별자치도 정보정책과,064-710-2352,33.5406224,126.6422389,2024-08-06,I,2026-05-15 18:45:29,2024-08-06 15:05:53
6510000,202465100000700703,신산공원,CCTV폴에 공원 중앙광장방향 지향 1개,제주특별자치도,제주시,편의시설,KT,Jeju Free Wifi,,,제주특별자치도 제주시 이도일동 1261-1,제주특별자치도 정보정책과,064-710-2352,33.5050854,126.5311066,2024-08-06,I,2026-05-15 18:45:29,2024-08-06 15:05:46
6510000,202465100000701639,1-32호어린이공원,CCTV pole,제주특별자치도,제주시,편의시설,KT,Jeju Free Wifi,,제주특별자치도 제주시 고산동산5길 19,제주특별자치도 제주시 이도이동 1053,제주특별자치도 정보정책과,064-710-2352,33.4968918,126.5342903,2024-08-06,I,2026-05-15 18:45:29,2024-08-06 15:05:55
6510000,202465100000700329,제주동문시장,혜주상회 위,제주특별자치도,제주시,기타,KT,Jeju Free Wifi,,제주특별자치도 제주시 관덕로14길 5,제주특별자치도 제주시 이도일동 1333,제주특별자치도 정보정책과,064-710-2352,33.5122431,126.5264868,2024-08-06,I,2026-05-15 18:45:29,2024-08-06 15:05:43
6510000,202465100000700885,신성여자중고등학교 (영평알동네방면),버스정류소상부,제주특별자치도,제주시,교통시설,KT,Jeju Free Wifi,,,제주특별자치도 제주시 영평동 2466-6,제주특별자치도 정보정책과,064-710-2352,33.4797864,126.5633258,2024-08-06,I,2026-05-15 18:45:29,2024-08-06 15:05:48
6510000,202465100000700326,제주동문시장,9번게이트 옆 KT주,제주특별자치도,제주시,기타,KT,Jeju Free Wifi,,제주특별자치도 제주시 중앙로13길 27,제주특별자치도 제주시 일도일동 1102-54,제주특별자치도 정보정책과,064-710-2352,33.5115765,126.5272945,2024-08-06,I,2026-05-15 18:45:29,2024-08-06 15:05:43
6510000,202465100000701648,1-28호어린이공원,인근 가로등 농구장정자방향,제주특별자치도,제주시,편의시설,KT,Jeju Free Wifi,,,제주특별자치도 제주시 삼양이동 2179-10,제주특별자치도 정보정책과,064-710-2352,33.5202248,126.5839269,2024-08-06,I,2026-05-15 18:45:29,2024-08-06 15:05:55
6510000,202465100000701694,도두봉공원,ip주,제주특별자치도,제주시,편의시설,KT,Jeju Free Wifi,,제주특별자치도 제주시 도두항길 4-17,제주특별자치도 제주시 도두일동 산 2,제주특별자치도 정보정책과,064-710-2375,33.5067626700,126.4672257000,2024-08-06,I,2026-05-15 18:45:29,2024-08-06 15:05:56
6510000,202465100000700325,제주동문시장,오일장 떡볶이 옆 기둥,제주특별자치도,제주시,기타,KT,Jeju Free Wifi,,제주특별자치도 제주시 동문로4길 17,제주특별자치도 제주시 일도일동 1102-3,제주특별자치도 정보정책과,064-710-2352,33.5121007,126.527404,2024-08-06,I,2026-05-15 18:45:29,2024-08-06 15:05:43
6510000,202465100000701016,남흘동 (영등물방면),정류장천정,제주특별자치도,제주시,교통시설,KT,Jeju Free Wifi,,,제주특별자치도 제주시 구좌읍 김녕리 3962,제주특별자치도 정보정책과,064-710-2352,33.5555586,126.7426791,2024-08-06,I,2026-05-15 18:45:29,2024-08-06 15:05:49
6510000,202465100000701292,은남동 (제원아파트방면),버스정류장 지붕위,제주특별자치도,제주시,교통시설,KT,Jeju Free Wifi,,제주특별자치도 제주시 노연로 117,제주특별자치도 제주시 연동 283-24,제주특별자치도 정보정책과,064-710-2352,33.4859879,126.4926305,2024-08-06,I,2026-05-15 18:45:29,2024-08-06 15:05:52
6510000,202465100000701417,노형제2근린공원,CCTV폴에 지향 1개,제주특별자치도,제주시,편의시설,KT,Jeju Free Wifi,,제주특별자치도 제주시 월광로 116,제주특별자치도 제주시 노형동 2582-1,제주특별자치도 정보정책과,064-710-2352,33.4897383,126.4720142,2024-08-06,I,2026-05-15 18:45:29,2024-08-06 15:05:53
6510000,202465100000701126,서해아파트 (천수동방면),정류장 지붕에 무지향 1개,제주특별자치도,제주시,교통시설,KT,Jeju Free Wifi,,제주특별자치도 제주시 고마로19길 5,제주특별자치도 제주시 일도이동 409-11,제주특별자치도 정보정책과,064-710-2352,33.5048347,126.5419372,2024-08-06,I,2026-05-15 18:45:29,2024-08-06 15:05:50
6510000,202465100000700530,전기차충전소_서부소방서,전기차충전소인근 IP주,제주특별자치도,제주시,교통시설,KT,Jeju Free Wifi,,제주특별자치도 제주시 한림읍 한림중앙로 150,제주특별자치도 제주시 한림읍 동명리 663,제주특별자치도 정보정책과,064-710-2352,33.4025215,126.2701959,2024-08-06,I,2026-05-15 18:45:29,2024-08-06 15:05:44
6510000,202465100000701656,1-1호어린이공원,CCTV pole 시소방향,제주특별자치도,제주시,편의시설,KT,Jeju Free Wifi,,,제주특별자치도 제주시 삼도일동 785-1,제주특별자치도 정보정책과,064-710-2352,33.5060592,126.5190044,2024-08-06,I,2026-05-15 18:45:29,2024-08-06 15:05:55
6510000,202465100000700656,연동공원,공원 정자 인근 가로등,제주특별자치도,제주시,편의시설,KT,Jeju Free Wifi,,,제주특별자치도 제주시 연동 1373-4,제주특별자치도 정보정책과,064-710-2352,33.4822673,126.4913823,2024-08-06,I,2026-05-15 18:45:29,2024-08-06 15:05:46
6510000,202465100000700517,전기차충전소_애월버스회차지,(제주전기차자동차충전서비스) 가로등-북쪽버스정류장방향,제주특별자치도,제주시,교통시설,KT,Jeju Free Wifi,,,제주특별자치도 제주시 애월읍 수산리 444-1,제주특별자치도 정보정책과,064-710-2352,33.4663342,126.3950078,2024-08-06,I,2026-05-15 18:45:29,2024-08-06 15:05:44
6510000,202465100000701570,18코스,CCTV Pole 정자방향(수암정),제주특별자치도,제주시,관광,KT,Jeju Free Wifi,,제주특별자치도 제주시 조천읍 조천3길 10,제주특별자치도 제주시 조천읍 조천리 3118,제주특별자치도 정보정책과,064-710-2352,33.5356178,126.6331447,2024-08-06,I,2026-05-15 18:45:29,2024-08-06 15:05:55
6510000,202465100000701540,1-9호공원,CCTV pole,제주특별자치도,제주시,편의시설,KT,Jeju Free Wifi,,,제주특별자치도 제주시 연동 266-2,제주특별자치도 정보정책과,064-710-2352,33.4831738,126.4888275,2024-08-06,I,2026-05-15 18:45:29,2024-08-06 15:05:54
6510000,202465100000700290,제주동문시장,서울제복사 옆 천장 위,제주특별자치도,제주시,기타,KT,Jeju Free Wifi,,제주특별자치도 제주시 동문로 16,제주특별자치도 제주시 일도일동 1148-2,제주특별자치도 정보정책과,064-710-2352,33.5127517,126.5283186,2024-08-06,I,2026-05-15 18:45:29,2024-08-06 15:05:42
6510000,202465100000701200,이도주공아파트 (남광로입구방면),정류장 지붕에 무지향 1개,제주특별자치도,제주시,교통시설,KT,Jeju Free Wifi,,제주특별자치도 제주시 구남로 36,제주특별자치도 제주시 이도이동 1997-16,제주특별자치도 정보정책과,064-710-2352,33.4901183,126.5340601,2024-08-06,I,2026-05-15 18:45:29,2024-08-06 15:05:51
6510000,202465100000700122,한담해변,한담공원 주차장 화장실 북,제주특별자치도,제주시,관광,KT,Jeju Free Wifi,,,제주특별자치도 제주시 애월읍 애월리 2459-1,제주특별자치도 정보정책과,064-710-2352,33.4596021,126.3110533,2024-08-06,I,2026-05-15 18:45:29,2024-08-06 15:05:41
6510000,202465100000700634,용연공원,어린이CCTV POLE 남동,제주특별자치도,제주시,편의시설,KT,Jeju Free Wifi,,,제주특별자치도 제주시 용담이동 454-2,제주특별자치도 정보정책과,064-710-2352,33.5150111,126.5136749,2024-08-06,I,2026-05-15 18:45:29,2024-08-06 15:05:45
6510000,202465100000700529,전기차충전소_설문대여성문화센터,전기차 충전소 전기IP주에 함체 신설,제주특별자치도,제주시,교통시설,KT,Jeju Free Wifi,,제주특별자치도 제주시 선덕로8길 12,제주특별자치도 제주시 연동 324-10,제주특별자치도 정보정책과,064-710-2352,33.4844063,126.5004906,2024-08-06,I,2026-05-15 18:45:29,2024-08-06 15:05:44
6510000,202465100000700864,국제자유도시개발센타 (제주장애인요양병원방면),버스정류장 상부,제주특별자치도,제주시,교통시설,KT,Jeju Free Wifi,,,제주특별자치도 제주시 영평동 2273,제주특별자치도 정보정책과,064-710-2352,33.4506321,126.5713677,2024-08-06,I,2026-05-15 18:45:29,2024-08-06 15:05:47
6510000,202465100000701630,13코스,KT IP주(낙천의자공원 입구),제주특별자치도,제주시,관광,KT,Jeju Free Wifi,,제주특별자치도 제주시 한경면 낙수로 96,제주특별자치도 제주시 한경면 낙천리 1909-1,제주특별자치도 정보정책과,064-710-2352,33.3276499,126.2255622,2024-08-06,I,2026-05-15 18:45:29,2024-08-06 15:05:55
6510000,202465100000700773,삼화제4근린공원,CCTV POLE,제주특별자치도,제주시,편의시설,KT,Jeju Free Wifi,,제주특별자치도 제주시 화삼로 47,제주특별자치도 제주시 도련일동 1966,제주특별자치도 정보정책과,064-710-2352,33.515871,126.578487,2024-08-06,I,2026-05-15 18:45:29,2024-08-06 15:05:47
6510000,202465100000700416,절물자연휴양림,휴양관 남쪽 벽면,제주특별자치도,제주시,관광,KT,Jeju Free Wifi,,제주특별자치도 제주시 명림로 584,제주특별자치도 제주시 봉개동 산78-1,제주특별자치도 정보정책과,064-710-2352,33.4313587,126.6225876,2024-08-06,I,2026-05-15 18:45:29,2024-08-06 15:05:43
6510000,202465100000701212,영주고등학교 (영주고 입구방면),정류장 지붕에 무지향 1개(맞은편 커버),제주특별자치도,제주시,교통시설,KT,Jeju Free Wifi,,제주특별자치도 제주시 첨단동길 92,제주특별자치도 제주시 월평동 683,제주특별자치도 정보정책과,064-710-2352,33.4559627,126.5794117,2024-08-06,I,2026-05-15 18:45:29,2024-08-06 15:05:51
6510000,202465100000701388,두모리포구,중계기-남서 방파제방향,제주특별자치도,제주시,관광,KT,Jeju Free Wifi,,,제주특별자치도 제주시 한경면 두모리 2607,제주특별자치도 정보정책과,064-710-2352,33.3576018,126.1821439,2024-08-06,I,2026-05-15 18:45:29,2024-08-06 15:05:53
6510000,202465100000700625,우도 한반도여,KT 중계기 - 북동,제주특별자치도,제주시,관광,KT,Jeju Free Wifi,,,제주특별자치도 제주시 우도면 연평리 1723,제주특별자치도 정보정책과,064-710-2352,33.4914888,126.9560438,2024-08-06,I,2026-05-15 18:45:29,2024-08-06 15:05:45
6510000,202465100000701339,"대천환승정류장(세화방향) (거슨새미,안돌오름방면)",대천동버스정류장,제주특별자치도,제주시,교통시설,KT,Jeju Free Wifi,,,제주특별자치도 제주시 구좌읍 송당리 산126-7,제주특별자치도 정보정책과,064-710-2352,33.4362483,126.7372084,2024-08-06,I,2026-05-15 18:45:29,2024-08-06 15:05:52
6510000,202465100000700999,조천초등학교 (대섬입구 방면),정류장,제주특별자치도,제주시,교통시설,KT,Jeju Free Wifi,,,제주특별자치도 제주시 조천읍 조천리 3205-1,제주특별자치도 정보정책과,064-710-2352,33.5349814,126.6326703,2024-08-06,I,2026-05-15 18:45:29,2024-08-06 15:05:49
6510000,202465100000700353,제주동문시장,주차단속 CCTV Pole,제주특별자치도,제주시,기타,KT,Jeju Free Wifi,,제주특별자치도 제주시 오현길 61,제주특별자치도 제주시 이도일동 1421-34,제주특별자치도 정보정책과,064-710-2352,33.510485,126.5257309,2024-08-06,I,2026-05-15 18:45:29,2024-08-06 15:05:43
6510000,202465100000701229,산천단 (제주의료원방면),정류장 지붕에 무지향 1개,제주특별자치도,제주시,교통시설,KT,Jeju Free Wifi,,,제주특별자치도 제주시 아라일동 371-5,제주특별자치도 정보정책과,064-710-2352,33.448645,126.5547194,2024-08-06,I,2026-05-15 18:45:29,2024-08-06 15:05:51
6510000,202465100000701461,금능으뜸원 해변(금능해수욕장),공중화장실 방송탑 북동,제주특별자치도,제주시,관광,KT,Jeju Free Wifi,,제주특별자치도 제주시 한림읍 금능길 119-10,제주특별자치도 제주시 한림읍 금능리 2036-1,제주특별자치도 정보정책과,064-710-2352,33.3900027,126.2358706,2024-08-06,I,2026-05-15 18:45:29,2024-08-06 15:05:54
6510000,202465100000700338,제주동문시장,비양수산 앞 아케이드 위,제주특별자치도,제주시,기타,KT,Jeju Free Wifi,,제주특별자치도 제주시 오현길 90,제주특별자치도 제주시 이도일동 1349-17,제주특별자치도 정보정책과,064-710-2352,33.5126938,126.5257258,2024-08-06,I,2026-05-15 18:45:29,2024-08-06 15:05:43
6510000,202465100000700301,제주동문시장,대흥상회 앞 아케이드 위,제주특별자치도,제주시,기타,KT,Jeju Free Wifi,,제주특별자치도 제주시 동문로4길 15,제주특별자치도 제주시 일도일동 1102,제주특별자치도 정보정책과,064-710-2352,33.5121114,126.5275438,2024-08-06,I,2026-05-15 18:45:29,2024-08-06 15:05:42
6510000,202465100000700706,신비의도로(도깨비도로),화장실 처마(주차장) 동북,제주특별자치도,제주시,관광,KT,Jeju Free Wifi,,제주특별자치도 제주시 1100로 2894-63,제주특별자치도 제주시 노형동 289-15,제주특별자치도 정보정책과,064-710-2352,33.4512124,126.4872849,2024-08-06,I,2026-05-15 18:45:29,2024-08-06 15:05:46
6510000,202465100000701425,노형근린공원,공원화장실외벽에 지향성 1개 남,제주특별자치도,제주시,편의시설,KT,Jeju Free Wifi,,제주특별자치도 제주시 과원북4길 12,제주특별자치도 제주시 노형동 731,제주특별자치도 정보정책과,064-710-2352,33.4802848,126.4826053,2024-08-06,I,2026-05-15 18:45:29,2024-08-06 15:05:53
6510000,202465100000700774,삼화제3근린공원(매화공원),정류장 인근 CCTV pole(삼화마트 인근 공원 방향),제주특별자치도,제주시,편의시설,KT,Jeju Free Wifi,,,제주특별자치도 제주시 삼양이동 2329,제주특별자치도 정보정책과,064-710-2352,33.5177018,126.5856256,2024-08-06,I,2026-05-15 18:45:29,2024-08-06 15:05:47
6510000,202465100000700341,제주동문시장,6번 게이트 옆 IP주,제주특별자치도,제주시,기타,KT,Jeju Free Wifi,,제주특별자치도 제주시 오현길 88,제주특별자치도 제주시 이도일동 1349-51,제주특별자치도 정보정책과,064-710-2352,33.5125649,126.5255019,2024-08-06,I,2026-05-15 18:45:29,2024-08-06 15:05:43
6510000,202465100000700324,제주동문시장,오일장 떡볶이 옆 기둥,제주특별자치도,제주시,기타,KT,Jeju Free Wifi,,제주특별자치도 제주시 동문로4길 17,제주특별자치도 제주시 일도일동 1102-3,제주특별자치도 정보정책과,064-710-2352,33.5121007,126.527404,2024-08-06,I,2026-05-15 18:45:29,2024-08-06 15:05:43
6510000,202465100000700140,판포해변(포구),버스정류장 IP주 북동,제주특별자치도,제주시,관광,KT,Jeju Free Wifi,,,제주특별자치도 제주시 한경면 판포리 1709,제주특별자치도 정보정책과,064-710-2352,33.3647583,126.2005925,2024-08-06,I,2026-05-15 18:45:29,2024-08-06 15:05:41
6510000,202465100000700054,한원리 소공원,IP주 상단,제주특별자치도,제주시,편의시설,KT,Jeju Free Wifi,,제주특별자치도 제주시 한림읍 귀덕9길 21-1,제주특별자치도 제주시 한림읍 귀덕리 3025-2,제주특별자치도 정보정책과,064-710-2352,33.4425473,126.2895218,2024-08-06,I,2026-05-15 18:45:29,2024-08-06 15:05:40
6510000,202465100000700832,북수구광장,CCTV Pole 동문로터리삼다사우나방향,제주특별자치도,제주시,편의시설,KT,Jeju Free Wifi,,제주특별자치도 제주시 칠성로길 48,제주특별자치도 제주시 일도일동 1211,제주특별자치도 정보정책과,064-710-2352,33.5141428,126.5277892,2024-08-06,I,2026-05-15 18:45:29,2024-08-06 15:05:47
6510000,202465100000701733,민속자연사박물관,로비,제주특별자치도,제주시,관공서,KT,Jeju Free Wifi,,제주특별자치도 제주시 삼성로 40,제주특별자치도 제주시 일도이동 996-1,제주특별자치도 정보정책과,064-710-2414,33.5056303700,126.5317241000,2024-08-06,I,2026-05-15 18:45:29,2024-08-06 15:05:56
6510000,202465100000700142,탑동 테마거리,탑동해변공연장 객석 옥탑 외벽에 지향 1개,제주특별자치도,제주시,관광,KT,Jeju Free Wifi,,제주특별자치도 제주시 중앙로 2,제주특별자치도 제주시 삼도이동 1262,제주특별자치도 정보정책과,064-710-2352,33.5181634,126.5239646,2024-08-06,I,2026-05-15 18:45:29,2024-08-06 15:05:41
6510000,202465100000700685,아라동 공영주차장,충전소 상단,제주특별자치도,제주시,교통시설,KT,Jeju Free Wifi,,,제주특별자치도 제주시 아라이동 941-7,제주특별자치도 정보정책과,064-710-2352,33.4782761,126.5528504,2024-08-06,I,2026-05-15 18:45:29,2024-08-06 15:05:46
6510000,202465100000700265,제주서문시장,서문공설시장 아케이드상가 남쪽 입구 천정(아케이드상가),제주특별자치도,제주시,기타,KT,Jeju Free Wifi,,제주특별자치도 제주시 서문로4길 13-2,제주특별자치도 제주시 용담일동 135-9,제주특별자치도 정보정책과,064-710-2352,33.5113564,126.5179133,2024-08-06,I,2026-05-15 18:45:29,2024-08-06 15:05:42
6510000,202465100000700076,한림종합운동장,한림종합운동장 기둥 동,제주특별자치도,제주시,지역문화시설,KT,Jeju Free Wifi,,제주특별자치도 제주시 한림읍 한림중앙로 71-9,제주특별자치도 제주시 한림읍 한림리 887-2,제주특별자치도 정보정책과,064-710-2352,33.4092593,126.2684929,2024-08-06,I,2026-05-15 18:45:29,2024-08-06 15:05:41
6510000,202465100000700892,노형주공아파트 (노형우체국방면),버스정류소상부,제주특별자치도,제주시,교통시설,KT,Jeju Free Wifi,,,제주특별자치도 제주시 노형동 1238-3,제주특별자치도 정보정책과,064-710-2352,33.4906194,126.4740108,2024-08-06,I,2026-05-15 18:45:29,2024-08-06 15:05:48
6510000,202465100000701120,제주한라대학교 (광평동로방면),옥상 서쪽 난간 POLE,제주특별자치도,제주시,교통시설,KT,Jeju Free Wifi,,제주특별자치도 제주시 한라대학로 33,제주특별자치도 제주시 노형동 3813-6,제주특별자치도 정보정책과,064-710-2352,33.4785437,126.4751693,2024-08-06,I,2026-05-15 18:45:29,2024-08-06 15:05:50
6510000,202465100000701524,21코스,종달해녀의집 앞 방범용CCTV 북동,제주특별자치도,제주시,관광,KT,Jeju Free Wifi,,제주특별자치도 제주시 구좌읍 해맞이해안로 2276,제주특별자치도 제주시 구좌읍 종달리 478-14,제주특별자치도 정보정책과,064-710-2352,33.4971228,126.9108639,2024-08-06,I,2026-05-15 18:45:29,2024-08-06 15:05:54
6510000,202465100000700747,서빈백사해수욕장,화장실 및 탈의실 옆서측 KT 강관주 - 남,제주특별자치도,제주시,관광,KT,Jeju Free Wifi,,제주특별자치도 제주시 우도면 우도해안길 256,제주특별자치도 제주시 우도면 연평리 2512-3,제주특별자치도 정보정책과,064-710-2352,33.5030479,126.9433132,2024-08-06,I,2026-05-15 18:45:29,2024-08-06 15:05:46
6510000,202465100000700041,항일기념관,1층 홀,제주특별자치도,제주시,관광,KT,Jeju Free Wifi,,제주특별자치도 제주시 조천읍 신북로 303,제주특별자치도 제주시 조천읍 조천리 1156,제주특별자치도 정보정책과,064-710-2352,33.5415098,126.6425911,2024-08-06,I,2026-05-15 18:45:29,2024-08-06 15:05:40
6510000,202465100000700027,해변공연장,남자분장실 상부,제주특별자치도,제주시,지역문화시설,KT,Jeju Free Wifi,,제주특별자치도 제주시 중앙로 2,제주특별자치도 제주시 삼도이동 1262,제주특별자치도 정보정책과,064-710-2352,33.5181634,126.5239646,2024-08-06,I,2026-05-15 18:45:29,2024-08-06 15:05:40
6510000,202465100000700351,제주동문시장,다모아인근 골목시장 내부기둥,제주특별자치도,제주시,기타,KT,Jeju Free Wifi,,제주특별자치도 제주시 중앙로 63-10,제주특별자치도 제주시 이도일동 1409-2,제주특별자치도 정보정책과,064-710-2352,33.5116824,126.5248281,2024-08-06,I,2026-05-15 18:45:29,2024-08-06 15:05:43
6510000,202465100000701686,구좌체육관,2층 방송실 우측,제주특별자치도,제주시,관공서,KT,Jeju Free Wifi,,제주특별자치도 제주시 구좌읍 김녕로 209,제주특별자치도 제주시 구좌읍 김녕리 497-1,제주특별자치도 정보정책과,064-710-2367,33.5551854597,126.7627460061,2024-08-06,I,2026-05-15 18:45:29,2024-08-06 15:05:56
6510000,202465100000700790,삼성혈,토산품점 서,제주특별자치도,제주시,관광,KT,Jeju Free Wifi,,제주특별자치도 제주시 삼성로 22,제주특별자치도 제주시 이도일동 1313,제주특별자치도 정보정책과,064-710-2352,33.5044171,126.5294928,2024-08-06,I,2026-05-15 18:45:29,2024-08-06 15:05:47
6510000,202465100000700337,제주동문시장,비양수산 앞 아케이드 위,제주특별자치도,제주시,기타,KT,Jeju Free Wifi,,제주특별자치도 제주시 오현길 90,제주특별자치도 제주시 이도일동 1349-17,제주특별자치도 정보정책과,064-710-2352,33.5126938,126.5257258,2024-08-06,I,2026-05-15 18:45:29,2024-08-06 15:05:43
6510000,202465100000700880,이화아파트 (사라봉경로당입구방면),버스정류소상부,제주특별자치도,제주시,교통시설,KT,Jeju Free Wifi,,,제주특별자치도 제주시 건입동 711,제주특별자치도 정보정책과,064-710-2352,33.5158008,126.539902,2024-08-06,I,2026-05-15 18:45:29,2024-08-06 15:05:48
6510000,202465100000701411,누웨모루거리(구 바오젠거리),삼거리 범죄예방 CCTV 폴,제주특별자치도,제주시,관광,KT,Jeju Free Wifi,,제주특별자치도 제주시 연동7길 3,제주특별자치도 제주시 연동 272-22,제주특별자치도 정보정책과,064-710-2352,33.4894388,126.4909782,2024-08-06,I,2026-05-15 18:45:29,2024-08-06 15:05:53
6510000,202465100000700247,제주외국어학습센터,2층 로비,제주특별자치도,제주시,관공서,KT,Jeju Free Wifi,,제주특별자치도 제주시 전농로 88,제주특별자치도 제주시 삼도일동 305-8,제주특별자치도 정보정책과,064-710-2352,33.5040094,126.5225046,2024-08-06,I,2026-05-15 18:45:29,2024-08-06 15:05:42
6510000,202465100000700729,세화어린이공원,CCTV POLE,제주특별자치도,제주시,편의시설,KT,Jeju Free Wifi,,,제주특별자치도 제주시 구좌읍 세화리 3645-1,제주특별자치도 정보정책과,064-710-2352,33.5259449,126.8545999,2024-08-06,I,2026-05-15 18:45:29,2024-08-06 15:05:46
6510000,202465100000701431,노루생태관찰원,화장실 처마 놀이터 방향,제주특별자치도,제주시,관광,KT,Jeju Free Wifi,,제주특별자치도 제주시 명림로 520,제주특별자치도 제주시 봉개동 산51-2,제주특별자치도 정보정책과,064-710-2352,33.4448988,126.6256753,2024-08-06,I,2026-05-15 18:45:29,2024-08-06 15:05:53
6510000,202465100000701714,버스정류소_제주도청 신제주로터리,버스정보시스템내부,제주특별자치도,제주시,교통시설,KT,Jeju Free Wifi,,,제주특별자치도 제주시 연동 301,제주특별자치도 정보정책과,064-710-2395,33.4905734570,126.4966538302,2024-08-06,I,2026-05-15 18:45:29,2024-08-06 15:05:56
6510000,202465100000701084,반석아파트 (봉개남문방면),정류장천정,제주특별자치도,제주시,교통시설,KT,Jeju Free Wifi,,,제주특별자치도 제주시 봉개동 2374-3,제주특별자치도 정보정책과,064-710-2352,33.4879127,126.5902849,2024-08-06,I,2026-05-15 18:45:29,2024-08-06 15:05:50
6510000,202465100000701683,사라봉공원,화장실 외벽(방수함),제주특별자치도,제주시,편의시설,KT,Jeju Free Wifi,,제주특별자치도 제주시 사라봉동길 74,제주특별자치도 제주시 건입동 387-1,제주특별자치도 정보정책과,064-710-2364,33.5186634130,126.5476898472,2024-08-06,I,2026-05-15 18:45:29,2024-08-06 15:05:56
6510000,202465100000701354,바리메오름,중계기,제주특별자치도,제주시,관광,KT,Jeju Free Wifi,,,제주특별자치도 제주시 애월읍 어음리 산21,제주특별자치도 정보정책과,064-710-2352,33.377681,126.3871177,2024-08-06,I,2026-05-15 18:45:29,2024-08-06 15:05:52
6510000,202465100000700026,해변공연장,여자분장실 상부,제주특별자치도,제주시,지역문화시설,KT,Jeju Free Wifi,,제주특별자치도 제주시 중앙로 2,제주특별자치도 제주시 삼도이동 1262,제주특별자치도 정보정책과,064-710-2352,33.5181634,126.5239646,2024-08-06,I,2026-05-15 18:45:29,2024-08-06 15:05:40
6510000,202465100000700738,성김대건신부표착기념관,1층 천장,제주특별자치도,제주시,관광,KT,Jeju Free Wifi,,제주특별자치도 제주시 한경면 용수1길 108,제주특별자치도 제주시 한경면 용수리 4266,제주특별자치도 정보정책과,064-710-2352,33.3229678,126.1676038,2024-08-06,I,2026-05-15 18:45:29,2024-08-06 15:05:46
6510000,202465100000701196,인화동 (일도이동주민센터방면),정류장 지붕에 무지향 1개,제주특별자치도,제주시,교통시설,KT,Jeju Free Wifi,,제주특별자치도 제주시 고마로 59,제주특별자치도 제주시 일도이동 355-16,제주특별자치도 정보정책과,064-710-2352,33.5089588,126.5399739,2024-08-06,I,2026-05-15 18:45:29,2024-08-06 15:05:51
6510000,202465100000700089,한라수목원,구 사무동 1층 방문자휴게실 벽면,제주특별자치도,제주시,관광,KT,Jeju Free Wifi,,,제주특별자치도 제주시 연동 2484,제주특별자치도 정보정책과,064-710-2352,33.4699298,126.4932743,2024-08-06,I,2026-05-15 18:45:29,2024-08-06 15:05:41
6510000,202465100000700632,용연공원,CCTV POLE,제주특별자치도,제주시,편의시설,KT,Jeju Free Wifi,,,제주특별자치도 제주시 용담일동 382-34,제주특별자치도 정보정책과,064-710-2352,33.5149347,126.5148278,2024-08-06,I,2026-05-15 18:45:29,2024-08-06 15:05:45
6510000,202465100000700165,칠성로 쇼핑거리,아케이트 pole,제주특별자치도,제주시,관광,KT,Jeju Free Wifi,,제주특별자치도 제주시 칠성로길 22-1,제주특별자치도 제주시 일도일동 1363-4,제주특별자치도 정보정책과,064-710-2352,33.5142311,126.5253553,2024-08-06,I,2026-05-15 18:45:29,2024-08-06 15:05:41
6510000,202465100000700678,애월읍사무소,2층 대회의실 천장,제주특별자치도,제주시,관공서,KT,Jeju Free Wifi,,제주특별자치도 제주시 애월읍 일주서로 6322,제주특별자치도 제주시 애월읍 애월리 240,제주특별자치도 정보정책과,064-710-2352,33.4619529,126.3295189,2024-08-06,I,2026-05-15 18:45:29,2024-08-06 15:05:46
6510000,202465100000700928,삼화부영1차아파트 (매촌방면),버스정류소 천정,제주특별자치도,제주시,교통시설,KT,Jeju Free Wifi,,,제주특별자치도 제주시 도련이동 552,제주특별자치도 정보정책과,064-710-2352,33.5160737,126.5867499,2024-08-06,I,2026-05-15 18:45:29,2024-08-06 15:05:48
6510000,202465100000700916,중엄리 (구엄리방면),버스정류소 상부,제주특별자치도,제주시,교통시설,KT,Jeju Free Wifi,,,제주특별자치도 제주시 애월읍 신엄리 756-4,제주특별자치도 정보정책과,064-710-2352,33.4734844,126.3736404,2024-08-06,I,2026-05-15 18:45:29,2024-08-06 15:05:48
6510000,202465100000700195,지하상가,지하상가 9&10 출구 홀 동쪽(지하상가),제주특별자치도,제주시,기타,KT,Jeju Free Wifi,,제주특별자치도 제주시 중앙로 지하 60,제주특별자치도 제주시 일도일동 1425-3,제주특별자치도 정보정책과,064-710-2352,33.5132764,126.5246826,2024-08-06,I,2026-05-15 18:45:29,2024-08-06 15:05:42
6510000,202465100000700556,전기차충전소_구좌체육관,복도 천정(충전소 인근),제주특별자치도,제주시,교통시설,KT,Jeju Free Wifi,,제주특별자치도 제주시 구좌읍 김녕로 209,제주특별자치도 제주시 구좌읍 김녕리 497-1,제주특별자치도 정보정책과,064-710-2352,33.556278,126.7621814,2024-08-06,I,2026-05-15 18:45:29,2024-08-06 15:05:45
6510000,202465100000700101,한라산국립공원_윗세오름대피소,통제소 건물 벽,제주특별자치도,제주시,편의시설,KT,Jeju Free Wifi,,제주특별자치도 제주시 애월읍 1100로 2070-510,제주특별자치도 제주시 애월읍 광령리 산183-6,제주특별자치도 정보정책과,064-710-2352,33.3621326,126.5175689,2024-08-06,I,2026-05-15 18:45:29,2024-08-06 15:05:41
6510000,202465100000700605,우도한반도여 입구해변,IP 주,제주특별자치도,제주시,관광,KT,Jeju Free Wifi,,,제주특별자치도 제주시 우도면 연평리 1735-4,제주특별자치도 정보정책과,064-710-2352,33.4923598,126.9524177,2024-08-06,I,2026-05-15 18:45:29,2024-08-06 15:05:45
6510000,202465100000700997,화북초등학교 (오현중고등학교방면),정류장천정,제주특별자치도,제주시,교통시설,KT,Jeju Free Wifi,,,제주특별자치도 제주시 화북일동 3994-11,제주특별자치도 정보정책과,064-710-2352,33.5178548,126.5621156,2024-08-06,I,2026-05-15 18:45:29,2024-08-06 15:05:49
6510000,202465100000701269,제주민속오일장 (월랑초등학교방면),대한성공회 앞 제주민속오일장 버스정류장 지붕,제주특별자치도,제주시,교통시설,KT,Jeju Free Wifi,,제주특별자치도 제주시 일주서로 7780,제주특별자치도 제주시 노형동 1023-2,제주특별자치도 정보정책과,064-710-2352,33.4933159,126.4777404,2024-08-06,I,2026-05-15 18:45:29,2024-08-06 15:05:52
6510000,202465100000701747,협재 해변(협재해수욕장),종합상황실 외벽(남서),제주특별자치도,제주시,관광,KT,Jeju Free Wifi,,,제주특별자치도 제주시 한림읍 협재리 2451,제주특별자치도 정보정책과,064-710-2428,33.3935270989,126.2383779844,2024-08-06,I,2026-05-15 18:45:29,2024-08-06 15:05:56
6510000,202465100000700994,월성 마을 (용문마을회관방면),버스정류장 천정,제주특별자치도,제주시,교통시설,KT,Jeju Free Wifi,,,제주특별자치도 제주시 용담이동 750-2,제주특별자치도 정보정책과,064-710-2352,33.5041219,126.5033361,2024-08-06,I,2026-05-15 18:45:29,2024-08-06 15:05:49
6510000,202465100000700654,영화의거리,불법주차 CCTV 동,제주특별자치도,제주시,관광,KT,Jeju Free Wifi,,제주특별자치도 제주시 관덕로15길 23,제주특별자치도 제주시 일도일동 1276-5,제주특별자치도 정보정책과,064-710-2352,33.5152745,126.5266722,2024-08-06,I,2026-05-15 18:45:29,2024-08-06 15:05:45
6510000,202465100000700770,삼화제6근린공원,CCTV POLE,제주특별자치도,제주시,편의시설,KT,Jeju Free Wifi,,,제주특별자치도 제주시 도련일동 1912,제주특별자치도 정보정책과,064-710-2352,33.5130281,126.5837428,2024-08-06,I,2026-05-15 18:45:29,2024-08-06 15:05:47
6510000,202465100000700976,고내리 (고내리 애월 119센터방면),버스정류장 상부,제주특별자치도,제주시,교통시설,KT,Jeju Free Wifi,,,제주특별자치도 제주시 애월읍 고내리 825-1,제주특별자치도 정보정책과,064-710-2352,33.4623739,126.3380405,2024-08-06,I,2026-05-15 18:45:29,2024-08-06 15:05:49
6510000,202465100000700524,전기차충전소_시민복지타운근린공원,CCTV POLE,제주특별자치도,제주시,교통시설,KT,Jeju Free Wifi,,,제주특별자치도 제주시 도남동 755-1,제주특별자치도 정보정책과,064-710-2352,33.4888947,126.525914,2024-08-06,I,2026-05-15 18:45:29,2024-08-06 15:05:44
6510000,202465100000701374,문주란 자생지,가운데 건물 앞 벽면 위,제주특별자치도,제주시,관광,KT,Jeju Free Wifi,,제주특별자치도 제주시 구좌읍 해맞이해안로 1845,제주특별자치도 제주시 구좌읍 하도리 385-6,제주특별자치도 정보정책과,064-710-2352,33.5232241,126.8975546,2024-08-06,I,2026-05-15 18:45:29,2024-08-06 15:05:53
6510000,202465100000701466,그리스 신화박물관,박물관 창조관 입구,제주특별자치도,제주시,관광,KT,Jeju Free Wifi,,제주특별자치도 제주시 한림읍 광산로 942,제주특별자치도 제주시 한림읍 금악리 산 30-12,제주특별자치도 정보정책과,064-710-2352,33.3481081,126.3567366,2024-08-06,I,2026-05-15 18:45:29,2024-08-06 15:05:54
6510000,202465100000701669,1-10호어린이공원,인근가로등 공원중앙방향,제주특별자치도,제주시,편의시설,KT,Jeju Free Wifi,,,제주특별자치도 제주시 노형동 910-7,제주특별자치도 정보정책과,064-710-2352,33.4868024,126.4840195,2024-08-06,I,2026-05-15 18:45:29,2024-08-06 15:05:55
6510000,202465100000701067,월랑초등학교 (제주민속오일장방면),정류장 전기 IP주,제주특별자치도,제주시,교통시설,KT,Jeju Free Wifi,,제주특별자치도 제주시 남녕로 62,제주특별자치도 제주시 연동 1950-2,제주특별자치도 정보정책과,064-710-2352,33.4925421,126.4793356,2024-08-06,I,2026-05-15 18:45:29,2024-08-06 15:05:49
6510000,202465100000700387,제주공룡랜드,사무실 외부 벽면(주차장),제주특별자치도,제주시,관광,KT,Jeju Free Wifi,,제주특별자치도 제주시 애월읍 광령평화2길 1,제주특별자치도 제주시 애월읍 광령리 2698,제주특별자치도 정보정책과,064-710-2352,33.4416753,126.4336703,2024-08-06,I,2026-05-15 18:45:29,2024-08-06 15:05:43
6510000,202465100000700188,천진항,범죄예방 CCTV 폴대 - 서,제주특별자치도,제주시,교통시설,KT,Jeju Free Wifi,,,제주특별자치도 제주시 우도면 연평리 1748-3,제주특별자치도 정보정책과,064-710-2352,33.4937534,126.9508836,2024-08-06,I,2026-05-15 18:45:29,2024-08-06 15:05:42
6510000,202465100000700463,전기차충전소_중엄리복지회관(새마을회),인입 ip주 상부,제주특별자치도,제주시,교통시설,KT,Jeju Free Wifi,,제주특별자치도 제주시 애월읍 중용길 6,제주특별자치도 제주시 애월읍 신엄리 706,제주특별자치도 정보정책과,064-710-2352,33.4726536,126.3728491,2024-08-06,I,2026-05-15 18:45:29,2024-08-06 15:05:44
6510000,202465100000700956,광평 (광평고치동산방면),인근 가로등설치(맞은편 방향),제주특별자치도,제주시,교통시설,KT,Jeju Free Wifi,,제주특별자치도 제주시 광평동로 53,제주특별자치도 제주시 노형동 2946-1,제주특별자치도 정보정책과,064-710-2352,33.4839968,126.4677468,2024-08-06,I,2026-05-15 18:45:29,2024-08-06 15:05:48
6510000,202465100000700435,전흘항구,IP주 상부-남,제주특별자치도,제주시,관광,KT,Jeju Free Wifi,,,제주특별자치도 제주시 우도면 연평리 890-2,제주특별자치도 정보정책과,064-710-2352,33.5191468,126.9502542,2024-08-06,I,2026-05-15 18:45:29,2024-08-06 15:05:44
6510000,202465100000700182,청수리 농어촌체험마을,실내,제주특별자치도,제주시,관광,KT,Jeju Free Wifi,,제주특별자치도 제주시 한경면 대한로 1034,제주특별자치도 제주시 한경면 청수리 1570,제주특별자치도 정보정책과,064-710-2352,33.3176459,126.2473701,2024-08-06,I,2026-05-15 18:45:29,2024-08-06 15:05:41
6510000,202465100000700067,한림체육관,회의실,제주특별자치도,제주시,지역문화시설,KT,Jeju Free Wifi,,제주특별자치도 제주시 한림읍 한림중앙로 71-9,제주특별자치도 제주시 한림읍 한림리 887-2,제주특별자치도 정보정책과,064-710-2352,33.4092593,126.2684929,2024-08-06,I,2026-05-15 18:45:29,2024-08-06 15:05:40
6510000,202465100000700860,애월버스회차지(제주전기차자동차충전서비스),휴게실,제주특별자치도,제주시,교통시설,KT,Jeju Free Wifi,,,제주특별자치도 제주시 애월읍 수산리 444-1,제주특별자치도 정보정책과,064-710-2352,33.4663342,126.3950078,2024-08-06,I,2026-05-15 18:45:29,2024-08-06 15:05:47
6510000,202465100000700440,전기차충전소_화북동 공영주차장,IP주,제주특별자치도,제주시,교통시설,KT,Jeju Free Wifi,,,제주특별자치도 제주시 화북일동 11-7,제주특별자치도 정보정책과,064-710-2352,33.5198526,126.5734921,2024-08-06,I,2026-05-15 18:45:29,2024-08-06 15:05:44
6510000,202465100000700354,제주동문시장,남수각 노상주차장 CCTV Pole,제주특별자치도,제주시,기타,KT,Jeju Free Wifi,,제주특별자치도 제주시 성지로 32,제주특별자치도 제주시 일도일동 1488-3,제주특별자치도 정보정책과,064-710-2352,33.5103465,126.526971,2024-08-06,I,2026-05-15 18:45:29,2024-08-06 15:05:43
6510000,202465100000701179,탐라장애인 종합복지관 (동광양방면),정류장 지붕에 무지향 1개,제주특별자치도,제주시,교통시설,KT,Jeju Free Wifi,,제주특별자치도 제주시 서광로 276,제주특별자치도 제주시 이도이동 1781-17,제주특별자치도 정보정책과,064-710-2352,33.4999404,126.5260389,2024-08-06,I,2026-05-15 18:45:29,2024-08-06 15:05:51
6510000,202465100000701410,누웨모루거리(구 바오젠거리),사거리 주차단속 CCTV 폴,제주특별자치도,제주시,관광,KT,Jeju Free Wifi,,제주특별자치도 제주시 신대로16길 56,제주특별자치도 제주시 연동 273-10,제주특별자치도 정보정책과,064-710-2352,33.4870713,126.4905351,2024-08-06,I,2026-05-15 18:45:29,2024-08-06 15:05:53
6510000,202465100000701298,삼양동주민센터 (삼양2동방면),버스정류장 지붕위,제주특별자치도,제주시,교통시설,KT,Jeju Free Wifi,,,제주특별자치도 제주시 삼양이동 2137-3,제주특별자치도 정보정책과,064-710-2352,33.5213542,126.5857168,2024-08-06,I,2026-05-15 18:45:29,2024-08-06 15:05:52
6510000,202465100000700693,신제주외국문화학습관,3층 로비,제주특별자치도,제주시,관공서,KT,Jeju Free Wifi,,제주특별자치도 제주시 1100로 3213,제주특별자치도 제주시 노형동 607,제주특별자치도 정보정책과,064-710-2352,33.4724307,126.4824841,2024-08-06,I,2026-05-15 18:45:29,2024-08-06 15:05:46
6510000,202465100000700748,서빈백사해수욕장,화장실 및 탈의실 옆 동측 KT 강관주-동,제주특별자치도,제주시,관광,KT,Jeju Free Wifi,,제주특별자치도 제주시 우도면 우도해안길 256,제주특별자치도 제주시 우도면 연평리 2512-3,제주특별자치도 정보정책과,064-710-2352,33.5030479,126.9433132,2024-08-06,I,2026-05-15 18:45:29,2024-08-06 15:05:46
6510000,202465100000701496,곽지과물해변,마을방범 CCTV 남,제주특별자치도,제주시,관광,KT,Jeju Free Wifi,,제주특별자치도 제주시 애월읍 곽지11길 27,제주특별자치도 제주시 애월읍 곽지리 1565,제주특별자치도 정보정책과,064-710-2352,33.4502677,126.3048568,2024-08-06,I,2026-05-15 18:45:29,2024-08-06 15:05:54
6510000,202465100000700252,제주시 차량관리과 자동차등록사무소,자동차등록사업소 내부,제주특별자치도,제주시,관공서,KT,Jeju Free Wifi,,,제주특별자치도 제주시 오라일동 1163-4,제주특별자치도 정보정책과,064-710-2352,33.4977114,126.5160475,2024-08-06,I,2026-05-15 18:45:29,2024-08-06 15:05:42
6510000,202465100000701539,1코스,소금밭 체험장 ip주 - 동남 성산쪽 올레길방향,제주특별자치도,제주시,관광,KT,Jeju Free Wifi,,제주특별자치도 제주시 구좌읍 종달동길 3,제주특별자치도 제주시 구좌읍 종달리 1113-55,제주특별자치도 정보정책과,064-710-2352,33.4927509,126.900771,2024-08-06,I,2026-05-15 18:45:29,2024-08-06 15:05:54
6510000,202465100000700071,한림중앙상가,1층 복도 상부,제주특별자치도,제주시,기타,KT,Jeju Free Wifi,,제주특별자치도 제주시 한림읍 한림북동길 7,제주특별자치도 제주시 한림읍 한림리 1346-9,제주특별자치도 정보정책과,064-710-2352,33.415544,126.2640466,2024-08-06,I,2026-05-15 18:45:29,2024-08-06 15:05:41
6510000,202465100000700474,전기차충전소_제주시청,옥상에서 시청 본관 주차장 방향 지향성 1개,제주특별자치도,제주시,교통시설,KT,Jeju Free Wifi,,제주특별자치도 제주시 동광로2길 7,제주특별자치도 제주시 이도이동 1176-118,제주특별자치도 정보정책과,064-710-2352,33.5006907,126.5307611,2024-08-06,I,2026-05-15 18:45:29,2024-08-06 15:05:44
6510000,202465100000700958,노형오거리/노형초방면 (노형초등학교방면),버스정류소 천정,제주특별자치도,제주시,교통시설,KT,Jeju Free Wifi,,제주특별자치도 제주시 노형로 399,제주특별자치도 제주시 노형동 1287-4,제주특별자치도 정보정책과,064-710-2352,33.4853101,126.4777513,2024-08-06,I,2026-05-15 18:45:29,2024-08-06 15:05:48
6510000,202465100000700166,칠성로 쇼핑거리,아케이트 pole,제주특별자치도,제주시,관광,KT,Jeju Free Wifi,,제주특별자치도 제주시 칠성로길 22-1,제주특별자치도 제주시 일도일동 1363-4,제주특별자치도 정보정책과,064-710-2352,33.5142311,126.5253553,2024-08-06,I,2026-05-15 18:45:29,2024-08-06 15:05:41
6510000,202465100000701285,문예회관 (동광양방면),버스정류장 지붕위,제주특별자치도,제주시,교통시설,KT,Jeju Free Wifi,,제주특별자치도 제주시 동광로 81,제주특별자치도 제주시 일도이동 362-26,제주특별자치도 정보정책과,064-710-2352,33.5046732,126.5366559,2024-08-06,I,2026-05-15 18:45:29,2024-08-06 15:05:52
6510000,202465100000701147,제대아파트 (제대마을방면),가로등에 무지향 1개,제주특별자치도,제주시,교통시설,KT,Jeju Free Wifi,,,제주특별자치도 제주시 아라일동 349-1,제주특별자치도 정보정책과,064-710-2352,33.4589531,126.5573019,2024-08-06,I,2026-05-15 18:45:29,2024-08-06 15:05:50
6510000,202465100000700731,세화어린이공원,CCTV POLE,제주특별자치도,제주시,편의시설,KT,Jeju Free Wifi,,,제주특별자치도 제주시 구좌읍 세화리 3645-1,제주특별자치도 정보정책과,064-710-2352,33.5259449,126.8545999,2024-08-06,I,2026-05-15 18:45:29,2024-08-06 15:05:46
6510000,202465100000701261,신사동 (함덕5구방면),반대편 버스정류장 남쪽 외부 상단,제주특별자치도,제주시,교통시설,KT,Jeju Free Wifi,,제주특별자치도 제주시 조천읍 함와로 61,제주특별자치도 제주시 조천읍 함덕리 72-138,제주특별자치도 정보정책과,064-710-2352,33.5347223,126.676028,2024-08-06,I,2026-05-15 18:45:29,2024-08-06 15:05:51
6510000,202465100000701358,민속자연사박물관,매표소 지붕 안쪽광장 방향,제주특별자치도,제주시,관공서,KT,Jeju Free Wifi,,제주특별자치도 제주시 삼성로 40,제주특별자치도 제주시 일도이동 996-1,제주특별자치도 정보정책과,064-710-2352,33.5063434,126.5315158,2024-08-06,I,2026-05-15 18:45:29,2024-08-06 15:05:52
6510000,202465100000700445,전기차충전소_한림읍사무소,충전소 뒤 우측 벽면,제주특별자치도,제주시,교통시설,KT,Jeju Free Wifi,,제주특별자치도 제주시 한림읍 한림상로 132,제주특별자치도 제주시 한림읍 한림리 919,제주특별자치도 정보정책과,064-710-2352,33.4103614,126.2673638,2024-08-06,I,2026-05-15 18:45:29,2024-08-06 15:05:44
6510000,202465100000700063,한마음공원,CCTV pole에서 서쪽으로 지향,제주특별자치도,제주시,편의시설,KT,Jeju Free Wifi,,,제주특별자치도 제주시 이도이동 1942-1,제주특별자치도 정보정책과,064-710-2352,33.495536,126.544708,2024-08-06,I,2026-05-15 18:45:29,2024-08-06 15:05:40
6510000,202465100000700566,저지오름,IP 주,제주특별자치도,제주시,관광,KT,Jeju Free Wifi,,,제주특별자치도 제주시 한경면 저지리 산50-8,제주특별자치도 정보정책과,064-710-2352,33.3311404,126.2542956,2024-08-06,I,2026-05-15 18:45:29,2024-08-06 15:05:45
6510000,202465100000701487,교래자연휴양림,야영장 관리실 처마,제주특별자치도,제주시,관광,KT,Jeju Free Wifi,,제주특별자치도 제주시 조천읍 남조로 2023,제주특별자치도 제주시 조천읍 교래리 산 95,제주특별자치도 정보정책과,064-710-2352,33.4463446,126.6605733,2024-08-06,I,2026-05-15 18:45:29,2024-08-06 15:05:54
6510000,202465100000700905,월랑 입구 (대동마을방면),버스정류장 동쪽 내부 상단,제주특별자치도,제주시,교통시설,KT,Jeju Free Wifi,,,제주특별자치도 제주시 도두일동 2270-3,제주특별자치도 정보정책과,064-710-2352,33.4939192,126.4725541,2024-08-06,I,2026-05-15 18:45:29,2024-08-06 15:05:48
6510000,202465100000700757,서문가구거리,클린하우스 동,제주특별자치도,제주시,관광,KT,Jeju Free Wifi,,제주특별자치도 제주시 서문로 55,제주특별자치도 제주시 용담일동 131-3,제주특별자치도 정보정책과,064-710-2352,33.5115617,126.5169842,2024-08-06,I,2026-05-15 18:45:29,2024-08-06 15:05:46
6510000,202465100000700629,우도 검멀레해수욕장,버스정류소 상부 뒤 -남동,제주특별자치도,제주시,관광,KT,Jeju Free Wifi,,,제주특별자치도 제주시 우도면 연평리 317-11,제주특별자치도 정보정책과,064-710-2352,33.4974701,126.9683048,2024-08-06,I,2026-05-15 18:45:29,2024-08-06 15:05:45
6510000,202465100000700859,애월버스회차지(제주전기차자동차충전서비스),가로등-서쪽주차장방향,제주특별자치도,제주시,교통시설,KT,Jeju Free Wifi,,,제주특별자치도 제주시 애월읍 수산리 444-1,제주특별자치도 정보정책과,064-710-2352,33.4663342,126.3950078,2024-08-06,I,2026-05-15 18:45:29,2024-08-06 15:05:47
6510000,202465100000700012,홍익영아원,베들레햄 1층 내부,제주특별자치도,제주시,서민·복지시설,KT,Jeju Free Wifi,,제주특별자치도 제주시 화삼로 145,제주특별자치도 제주시 도련일동 1888,제주특별자치도 정보정책과,064-710-2352,33.5168018,126.5857694,2024-08-06,I,2026-05-15 18:45:29,2024-08-06 15:05:40
6510000,202465100000700612,우도비양도,비양도입구 화장실옆 영농조합 북,제주특별자치도,제주시,관광,KT,Jeju Free Wifi,,,제주특별자치도 제주시 우도면 연평리 33-2,제주특별자치도 정보정책과,064-710-2352,33.5129501,126.9649459,2024-08-06,I,2026-05-15 18:45:29,2024-08-06 15:05:45
6510000,202465100000701603,16코스,고내포구 고내간이펌프장MCC반 IP주 북동,제주특별자치도,제주시,관광,KT,Jeju Free Wifi,,,제주특별자치도 제주시 애월읍 고내리 1114,제주특별자치도 정보정책과,064-710-2352,33.466899,126.3373195,2024-08-06,I,2026-05-15 18:45:29,2024-08-06 15:05:55
6510000,202465100000701497,곽지과물해변,마을방범 CCTV 북,제주특별자치도,제주시,관광,KT,Jeju Free Wifi,,제주특별자치도 제주시 애월읍 곽지11길 27,제주특별자치도 제주시 애월읍 곽지리 1565,제주특별자치도 정보정책과,064-710-2352,33.4502677,126.3048568,2024-08-06,I,2026-05-15 18:45:29,2024-08-06 15:05:54
6510000,202465100000700497,전기차충전소_절물자연휴양림,IP주 상단,제주특별자치도,제주시,교통시설,KT,Jeju Free Wifi,,제주특별자치도 제주시 명림로 584,제주특별자치도 제주시 봉개동 산 78-1,제주특별자치도 정보정책과,064-710-2352,33.4313587,126.6225876,2024-08-06,I,2026-05-15 18:45:29,2024-08-06 15:05:44
6510000,202465100000701468,궷물오름,중계기-남,제주특별자치도,제주시,관광,KT,Jeju Free Wifi,,제주특별자치도 제주시 애월읍 산록서로 372,제주특별자치도 제주시 애월읍 유수암리 1191-2,제주특별자치도 정보정책과,064-710-2352,33.4024669,126.4082114,2024-08-06,I,2026-05-15 18:45:29,2024-08-06 15:05:54
6510000,202465100000701508,감귤향기힐링파크,옥상외벽,제주특별자치도,제주시,관광,KT,Jeju Free Wifi,,제주특별자치도 제주시 한경면 두조로 309,제주특별자치도 제주시 한경면 두모리 27,제주특별자치도 정보정책과,064-710-2352,33.3400769,126.2157616,2024-08-06,I,2026-05-15 18:45:29,2024-08-06 15:05:54
6510000,202465100000700938,조천리 (조천초등학교방면),인근 가로등설치(맞은편 방향),제주특별자치도,제주시,교통시설,KT,Jeju Free Wifi,,,제주특별자치도 제주시 조천읍 조천리 2229-9,제주특별자치도 정보정책과,064-710-2352,33.5356712,126.6363521,2024-08-06,I,2026-05-15 18:45:29,2024-08-06 15:05:48
6510000,202465100000701173,함덕비석거리 (함덕농협지소방면),정류장 지붕에 무지향 1개,제주특별자치도,제주시,교통시설,KT,Jeju Free Wifi,,제주특별자치도 제주시 조천읍 신북로 480,제주특별자치도 제주시 조천읍 함덕리 3088,제주특별자치도 정보정책과,064-710-2352,33.5431659,126.6613748,2024-08-06,I,2026-05-15 18:45:29,2024-08-06 15:05:50
6510000,202465100000701163,"동문로터리, 동문시장 (제주동초등학교방면)",정류장 지붕에 무지향 1개,제주특별자치도,제주시,교통시설,KT,Jeju Free Wifi,,제주특별자치도 제주시 동문로 16,제주특별자치도 제주시 일도일동 1148-2,제주특별자치도 정보정책과,064-710-2352,33.5127517,126.5283186,2024-08-06,I,2026-05-15 18:45:29,2024-08-06 15:05:50
6510000,202465100000700023,해안마을회관,3층외벽,제주특별자치도,제주시,관공서,KT,Jeju Free Wifi,,제주특별자치도 제주시 해안마을길 82,제주특별자치도 제주시 해안동 1945-1,제주특별자치도 정보정책과,064-710-2352,33.4561366,126.4545236,2024-08-06,I,2026-05-15 18:45:29,2024-08-06 15:05:40
6510000,202465100000701327,신창환승정류장(한경면사무소) (두모리사무소방면),신창리중앙슈퍼버스정류장,제주특별자치도,제주시,교통시설,KT,Jeju Free Wifi,,제주특별자치도 제주시 한경면 두신로 80,제주특별자치도 제주시 한경면 신창리 261-2,제주특별자치도 정보정책과,064-710-2352,33.3499362,126.1831948,2024-08-06,I,2026-05-15 18:45:29,2024-08-06 15:05:52
6510000,202465100000700686,싱계물공원,가로등 동,제주특별자치도,제주시,편의시설,KT,Jeju Free Wifi,,,제주특별자치도 제주시 한경면 신창리 1322-1,제주특별자치도 정보정책과,064-710-2352,33.3434262,126.17391,2024-08-06,I,2026-05-15 18:45:29,2024-08-06 15:05:46
6510000,202465100000700944,혜성무지개타운 (제주제일중학교방면),버스정류소 천정,제주특별자치도,제주시,교통시설,KT,Jeju Free Wifi,,제주특별자치도 제주시 남광로 65,제주특별자치도 제주시 이도이동 438,제주특별자치도 정보정책과,064-710-2352,33.496017,126.5419129,2024-08-06,I,2026-05-15 18:45:29,2024-08-06 15:05:48
6510000,202465100000700034,해녀박물관,3층 전망대 비상문 위,제주특별자치도,제주시,관공서,KT,Jeju Free Wifi,,제주특별자치도 제주시 구좌읍 해녀박물관길 26,제주특별자치도 제주시 구좌읍 상도리 3204-1,제주특별자치도 정보정책과,064-710-2352,33.5233105,126.8632248,2024-08-06,I,2026-05-15 18:45:29,2024-08-06 15:05:40
6510000,202465100000700591,월정리 해변,월정리해변 재난감시용 CCTV 북동,제주특별자치도,제주시,관광,KT,Jeju Free Wifi,,,제주특별자치도 제주시 구좌읍 월정리 33-3,제주특별자치도 정보정책과,064-710-2352,33.5551135,126.7986385,2024-08-06,I,2026-05-15 18:45:29,2024-08-06 15:05:45
6510000,202465100000700108,한라산국립공원_어리목,화장실(주차장) 지붕 동,제주특별자치도,제주시,편의시설,KT,Jeju Free Wifi,,제주특별자치도 제주시 1100로 2070-61,제주특별자치도 제주시 해안동 산 220-13,제주특별자치도 정보정책과,064-710-2352,33.3922369,126.4943907,2024-08-06,I,2026-05-15 18:45:29,2024-08-06 15:05:41
6510000,202465100000701426,노형근린공원,공원화장실외벽에 지향성 1개 서,제주특별자치도,제주시,편의시설,KT,Jeju Free Wifi,,제주특별자치도 제주시 과원북4길 12,제주특별자치도 제주시 노형동 731,제주특별자치도 정보정책과,064-710-2352,33.4802848,126.4826053,2024-08-06,I,2026-05-15 18:45:29,2024-08-06 15:05:53
6510000,202465100000700937,함덕리 4구 (함덕환승정류장(함덕해수욕장)방면,인근 가로등설치(맞은편 방향),제주특별자치도,제주시,교통시설,KT,Jeju Free Wifi,,,제주특별자치도 제주시 조천읍 함덕리 286-7,제주특별자치도 정보정책과,064-710-2352,33.5400844,126.673287,2024-08-06,I,2026-05-15 18:45:29,2024-08-06 15:05:48
6510000,202465100000700588,월정리 해변,CCTV POLE,제주특별자치도,제주시,관광,KT,Jeju Free Wifi,,,제주특별자치도 제주시 구좌읍 행원리 1536-1,제주특별자치도 정보정책과,064-710-2352,33.5553902,126.8002069,2024-08-06,I,2026-05-15 18:45:29,2024-08-06 15:05:45
6510000,202465100000700950,신성마을 (제성마을 방면),인근 가로등설치(맞은편 방향),제주특별자치도,제주시,교통시설,KT,Jeju Free Wifi,,제주특별자치도 제주시 일주서로 7886,제주특별자치도 제주시 연동 2307-2,제주특별자치도 정보정책과,064-710-2352,33.4935892,126.4890232,2024-08-06,I,2026-05-15 18:45:29,2024-08-06 15:05:48
6510000,202465100000700352,제주동문시장,주차단속 CCTV Pole,제주특별자치도,제주시,기타,KT,Jeju Free Wifi,,제주특별자치도 제주시 오현길 61,제주특별자치도 제주시 이도일동 1421-34,제주특별자치도 정보정책과,064-710-2352,33.510485,126.5257309,2024-08-06,I,2026-05-15 18:45:29,2024-08-06 15:05:43
6510000,202465100000700812,사라봉공원,CCTV폴에 설치(산책로),제주특별자치도,제주시,편의시설,KT,Jeju Free Wifi,,제주특별자치도 제주시 사라봉길 41,제주특별자치도 제주시 건입동 773,제주특별자치도 정보정책과,064-710-2352,33.5164561,126.5419575,2024-08-06,I,2026-05-15 18:45:29,2024-08-06 15:05:47
6510000,202465100000700433,절물자연휴양림,목공예체험장 옥탑 북,제주특별자치도,제주시,관광,KT,Jeju Free Wifi,,제주특별자치도 제주시 명림로 584,제주특별자치도 제주시 봉개동 산 78-1,제주특별자치도 정보정책과,064-710-2352,33.4313587,126.6225876,2024-08-06,I,2026-05-15 18:45:29,2024-08-06 15:05:44
6510000,202465100000700150,탑동 테마거리,탑동사거리 관광안내소 서,제주특별자치도,제주시,관광,KT,Jeju Free Wifi,,제주특별자치도 제주시 중앙로 20,제주특별자치도 제주시 삼도이동 1192-21,제주특별자치도 정보정책과,064-710-2352,33.5166557,126.5245499,2024-08-06,I,2026-05-15 18:45:29,2024-08-06 15:05:41
6510000,202465100000700129,하우목동항,하우목동항 매표소 내,제주특별자치도,제주시,교통시설,KT,Jeju Free Wifi,,제주특별자치도 제주시 우도면 우도해안길 353,제주특별자치도 제주시 우도면 연평리 2391-1,제주특별자치도 정보정책과,064-710-2352,33.5103862,126.9432025,2024-08-06,I,2026-05-15 18:45:29,2024-08-06 15:05:41
6510000,202465100000701175,함덕리 3구 (함덕농협지소방면),정류장 지붕에 무지향 1개,제주특별자치도,제주시,교통시설,KT,Jeju Free Wifi,,제주특별자치도 제주시 조천읍 신북로 529,제주특별자치도 제주시 조천읍 함덕리 1270-1,제주특별자치도 정보정책과,064-710-2352,33.5417879,126.666521,2024-08-06,I,2026-05-15 18:45:29,2024-08-06 15:05:51
6510000,202465100000701116,한라수목원 (제주고등학교방면),정류장 지붕에 무지향,제주특별자치도,제주시,교통시설,KT,Jeju Free Wifi,,제주특별자치도 제주시 1100로 3178,제주특별자치도 제주시 노형동 103-1,제주특별자치도 정보정책과,064-710-2352,33.4701044,126.4854076,2024-08-06,I,2026-05-15 18:45:29,2024-08-06 15:05:50
6510000,202465100000701742,현대미술관,1층 홀,제주특별자치도,제주시,편의시설,KT,Jeju Free Wifi,,제주특별자치도 제주시 한경면 저지14길 35,,제주특별자치도 정보정책과,064-710-2423,33.33986552,126.265278,2024-08-06,I,2026-05-15 18:45:29,2024-08-06 15:05:56
6510000,202465100000700704,신산공원,CCTV폴에 남쪽방량으로지향 1개 추가,제주특별자치도,제주시,편의시설,KT,Jeju Free Wifi,,제주특별자치도 제주시 삼성로 63,제주특별자치도 제주시 일도이동 1034-12,제주특별자치도 정보정책과,064-710-2352,33.5079708,126.5318973,2024-08-06,I,2026-05-15 18:45:29,2024-08-06 15:05:46
6510000,202465100000701556,1-93호공원,인근 가로등,제주특별자치도,제주시,편의시설,KT,Jeju Free Wifi,,,제주특별자치도 제주시 노형동 2596-3,제주특별자치도 정보정책과,064-710-2352,33.4813479,126.4722691,2024-08-06,I,2026-05-15 18:45:29,2024-08-06 15:05:54
6510000,202465100000700402,절물자연휴양림,보안등 57 중단 지향,제주특별자치도,제주시,관광,KT,Jeju Free Wifi,,제주특별자치도 제주시 명림로 584,제주특별자치도 제주시 봉개동 산78-1,제주특별자치도 정보정책과,064-710-2352,33.4313587,126.6225876,2024-08-06,I,2026-05-15 18:45:29,2024-08-06 15:05:43
6510000,202465100000701408,다랑쉬오름(월랑봉),KT통신주,제주특별자치도,제주시,관광,KT,Jeju Free Wifi,,,제주특별자치도 제주시 구좌읍 세화리 2703,제주특별자치도 정보정책과,064-710-2352,33.4753732,126.8275836,2024-08-06,I,2026-05-15 18:45:29,2024-08-06 15:05:53
6510000,202465100000701083,명도암 마을회관 (명도암방면),정류장천정,제주특별자치도,제주시,교통시설,KT,Jeju Free Wifi,,,제주특별자치도 제주시 봉개동 417-1,제주특별자치도 정보정책과,064-710-2352,33.4711607,126.610996,2024-08-06,I,2026-05-15 18:45:29,2024-08-06 15:05:50
6510000,202465100000701581,17코스,IP주 이호해변방향,제주특별자치도,제주시,관광,KT,Jeju Free Wifi,,,제주특별자치도 제주시 이호일동 1788-13,제주특별자치도 정보정책과,064-710-2352,33.4974669,126.4497004,2024-08-06,I,2026-05-15 18:45:29,2024-08-06 15:05:55
6510000,202465100000700455,전기차충전소_한경면사무소,면사무소 남쪽 부출입구 난간 서,제주특별자치도,제주시,교통시설,KT,Jeju Free Wifi,,제주특별자치도 제주시 한경면 두신로 84,제주특별자치도 제주시 한경면 신창리 247,제주특별자치도 정보정책과,064-710-2352,33.3501121,126.1841257,2024-08-06,I,2026-05-15 18:45:29,2024-08-06 15:05:44
6510000,202465100000701397,돌문화공원,매표소 입구 상부,제주특별자치도,제주시,관광,KT,Jeju Free Wifi,,제주특별자치도 제주시 조천읍 남조로 2023,제주특별자치도 제주시 조천읍 교래리 산 95,제주특별자치도 정보정책과,064-710-2352,33.4463446,126.6605733,2024-08-06,I,2026-05-15 18:45:29,2024-08-06 15:05:53
6510000,202465100000700317,제주동문시장,한라수산 아케이드 위,제주특별자치도,제주시,기타,KT,Jeju Free Wifi,,제주특별자치도 제주시 동문로2길 11,제주특별자치도 제주시 일도일동 1481-3,제주특별자치도 정보정책과,064-710-2352,33.5121655,126.5267895,2024-08-06,I,2026-05-15 18:45:29,2024-08-06 15:05:43
6510000,202465100000701097,남녕마트 (한라병원방면),정류장천정,제주특별자치도,제주시,교통시설,KT,Jeju Free Wifi,,제주특별자치도 제주시 남녕로 17,제주특별자치도 제주시 노형동 1273-6,제주특별자치도 정보정책과,064-710-2352,33.4894707,126.481778,2024-08-06,I,2026-05-15 18:45:29,2024-08-06 15:05:50
6510000,202465100000700943,혜성무지개타운 (한마음근린공원방면),인근 가로등설치(맞은편 방향),제주특별자치도,제주시,교통시설,KT,Jeju Free Wifi,,제주특별자치도 제주시 남광로 65,제주특별자치도 제주시 이도이동 438,제주특별자치도 정보정책과,064-710-2352,33.496017,126.5419129,2024-08-06,I,2026-05-15 18:45:29,2024-08-06 15:05:48
6510000,202465100000701002,교래보건진료소 (교래사거리방면),정류장천정,제주특별자치도,제주시,교통시설,KT,Jeju Free Wifi,,,제주특별자치도 제주시 조천읍 교래리 481-1,제주특별자치도 정보정책과,064-710-2352,33.436553,126.6765101,2024-08-06,I,2026-05-15 18:45:29,2024-08-06 15:05:49
6510000,202465100000700800,산지천거리,CCTV pole,제주특별자치도,제주시,관광,KT,Jeju Free Wifi,,제주특별자치도 제주시 산지로 25,제주특별자치도 제주시 건입동 1136,제주특별자치도 정보정책과,064-710-2352,33.5147458,126.5292212,2024-08-06,I,2026-05-15 18:45:29,2024-08-06 15:05:47
6510000,202465100000701046,사대부고 (대학동방면),인근 IP주,제주특별자치도,제주시,교통시설,KT,Jeju Free Wifi,,,제주특별자치도 제주시 용담삼동 581-12,제주특별자치도 정보정책과,064-710-2352,33.5127694,126.5094404,2024-08-06,I,2026-05-15 18:45:29,2024-08-06 15:05:49
6510000,202465100000701472,국수문화거리,주정차무인단속시스템 서,제주특별자치도,제주시,관광,KT,Jeju Free Wifi,,제주특별자치도 제주시 삼성로 37,제주특별자치도 제주시 일도이동 1046-12,제주특별자치도 정보정책과,064-710-2352,33.5066461,126.5296704,2024-08-06,I,2026-05-15 18:45:29,2024-08-06 15:05:54
6510000,202465100000700603,우도해변공연장,KT전주 - 북서,제주특별자치도,제주시,관광,KT,Jeju Free Wifi,,제주특별자치도 제주시 우도면 우도해안길 936,제주특별자치도 제주시 우도면 연평리 66,제주특별자치도 정보정책과,064-710-2352,33.5115557,126.9653284,2024-08-06,I,2026-05-15 18:45:29,2024-08-06 15:05:45
6510000,202465100000701443,김석린 진사 생가,전시실 외벽-남,제주특별자치도,제주시,관광,KT,Jeju Free Wifi,,제주특별자치도 제주시 우도면 영일진사길 76,제주특별자치도 제주시 우도면 연평리 501,제주특별자치도 정보정책과,064-710-2352,33.5023191,126.9594761,2024-08-06,I,2026-05-15 18:45:29,2024-08-06 15:05:53
6510000,202465100000700746,서빈백사해수욕장,화장실 및 탈의실 옆서측 KT강관주-북,제주특별자치도,제주시,관광,KT,Jeju Free Wifi,,제주특별자치도 제주시 우도면 우도해안길 256,제주특별자치도 제주시 우도면 연평리 2512-3,제주특별자치도 정보정책과,064-710-2352,33.5030479,126.9433132,2024-08-06,I,2026-05-15 18:45:29,2024-08-06 15:05:46
6510000,202465100000701725,버스정류소_중앙로(현대약국),버스정보시스템내부,제주특별자치도,제주시,교통시설,KT,Jeju Free Wifi,,,제주특별자치도 제주시 이도일동 1414-3,제주특별자치도 정보정책과,064-710-2406,33.5110921421,126.5243077531,2024-08-06,I,2026-05-15 18:45:29,2024-08-06 15:05:56
6510000,202465100000701031,연수마을 (서해아파트방면),정류장,제주특별자치도,제주시,교통시설,KT,Jeju Free Wifi,,제주특별자치도 제주시 삼성로9길 18-1,제주특별자치도 제주시 일도이동 115,제주특별자치도 정보정책과,064-710-2352,33.5002855,126.5476309,2024-08-06,I,2026-05-15 18:45:29,2024-08-06 15:05:49
6510000,202465100000701324,제주삼양동유적 (삼양1동방면),반대편 버스정류장 남쪽 외부 상단,제주특별자치도,제주시,교통시설,KT,Jeju Free Wifi,,제주특별자치도 제주시 선사로 19,제주특별자치도 제주시 삼양이동 2124-4,제주특별자치도 정보정책과,064-710-2352,33.523001,126.586239,2024-08-06,I,2026-05-15 18:45:29,2024-08-06 15:05:52
6510000,202465100000700852,운전면허시험장 (새별오름방면),버스정류장상부,제주특별자치도,제주시,교통시설,KT,Jeju Free Wifi,,,제주특별자치도 제주시 애월읍 소길리 산195-12,제주특별자치도 정보정책과,064-710-2352,33.4061349,126.3857858,2024-08-06,I,2026-05-15 18:45:29,2024-08-06 15:05:47
6510000,202465100000700775,삼화제2근린공원,CCTV POLE,제주특별자치도,제주시,편의시설,KT,Jeju Free Wifi,,,제주특별자치도 제주시 삼양이동 2315,제주특별자치도 정보정책과,064-710-2352,33.51873,126.5832947,2024-08-06,I,2026-05-15 18:45:29,2024-08-06 15:05:47
6510000,202465100000701436,남생이못 습지생태 관찰원,화장실옆 IP전주,제주특별자치도,제주시,관광,KT,Jeju Free Wifi,,제주특별자치도 제주시 조천읍 원당북로 197-3,제주특별자치도 제주시 조천읍 신촌리 2497,제주특별자치도 정보정책과,064-710-2352,33.5328083,126.6139941,2024-08-06,I,2026-05-15 18:45:29,2024-08-06 15:05:53
6510000,202465100000701450,김녕 성세기 해변,종합상황실 외벽에 지향성 1개,제주특별자치도,제주시,관광,KT,Jeju Free Wifi,,제주특별자치도 제주시 구좌읍 해맞이해안로 7-6,제주특별자치도 제주시 구좌읍 김녕리 497-4,제주특별자치도 정보정책과,064-710-2352,33.5570213,126.759877,2024-08-06,I,2026-05-15 18:45:29,2024-08-06 15:05:53
6510000,202465100000701719,버스정류소_한라병원,버스정보시스템내부,제주특별자치도,제주시,교통시설,KT,Jeju Free Wifi,,,제주특별자치도 제주시 연동 2335-4,제주특별자치도 정보정책과,064-710-2400,33.4915129551,126.4888815288,2024-08-06,I,2026-05-15 18:45:29,2024-08-06 15:05:56
6510000,202465100000701270,도호동 (은남동방면),동심동물병원 옆 도호동 버스정류장 지붕,제주특별자치도,제주시,교통시설,KT,Jeju Free Wifi,,제주특별자치도 제주시 노연로 141,제주특별자치도 제주시 연동 293-43,제주특별자치도 정보정책과,064-710-2352,33.4859025,126.4952465,2024-08-06,I,2026-05-15 18:45:29,2024-08-06 15:05:52
6510000,202465100000700215,제주항국제여객터미널,토산품점 우측벽,제주특별자치도,제주시,교통시설,KT,Jeju Free Wifi,,제주특별자치도 제주시 임항로,제주특별자치도 제주시 건입동 908-18,제주특별자치도 정보정책과,064-710-2352,33.5265547,126.543575,2024-08-06,I,2026-05-15 18:45:29,2024-08-06 15:05:42
6510000,202465100000701335,세화환승정류장(세화리) (세화리시장2동방면),세화리버스정류장,제주특별자치도,제주시,교통시설,KT,Jeju Free Wifi,,제주특별자치도 제주시 구좌읍 구좌로 47,제주특별자치도 제주시 구좌읍 세화리 1465-1,제주특별자치도 정보정책과,064-710-2352,33.5233039,126.8566262,2024-08-06,I,2026-05-15 18:45:29,2024-08-06 15:05:52
6510000,202465100000701398,도로교통공단 제주지부,2층 로비 천정,제주특별자치도,제주시,관공서,KT,Jeju Free Wifi,,제주특별자치도 제주시 노형로 231,제주특별자치도 제주시 노형동 3220,제주특별자치도 정보정책과,064-710-2352,33.4751425,126.4647613,2024-08-06,I,2026-05-15 18:45:29,2024-08-06 15:05:53
6510000,202465100000700763,생각하는정원,카페동 옥탑 북,제주특별자치도,제주시,관광,KT,Jeju Free Wifi,,제주특별자치도 제주시 한경면 녹차분재로 675,제주특별자치도 제주시 한경면 저지리 1534,제주특별자치도 정보정책과,064-710-2352,33.3255403,126.2554704,2024-08-06,I,2026-05-15 18:45:29,2024-08-06 15:05:46
6510000,202465100000700808,사라봉공원,화장실 외벽(방수함),제주특별자치도,제주시,편의시설,KT,Jeju Free Wifi,,제주특별자치도 제주시 사라봉동길 74,제주특별자치도 제주시 건입동 387-1,제주특별자치도 정보정책과,064-710-2352,33.5177178,126.5457466,2024-08-06,I,2026-05-15 18:45:29,2024-08-06 15:05:47
6510000,202465100000700028,해변공연장,여자연습실 상부,제주특별자치도,제주시,지역문화시설,KT,Jeju Free Wifi,,제주특별자치도 제주시 중앙로 2,제주특별자치도 제주시 삼도이동 1262,제주특별자치도 정보정책과,064-710-2352,33.5181634,126.5239646,2024-08-06,I,2026-05-15 18:45:29,2024-08-06 15:05:40
6510000,202465100000700498,전기차충전소_일도이동공영주차장,2층 취미실 내 샤워장 외벽에 함체 신설,제주특별자치도,제주시,교통시설,KT,Jeju Free Wifi,,,제주특별자치도 제주시 일도이동 488-2,제주특별자치도 정보정책과,064-710-2352,33.5105631,126.5437676,2024-08-06,I,2026-05-15 18:45:29,2024-08-06 15:05:44
6510000,202465100000701402,도두오래물축제장,CCTV pole,제주특별자치도,제주시,편의시설,KT,Jeju Free Wifi,,,제주특별자치도 제주시 도두일동 2605-5,제주특별자치도 정보정책과,064-710-2352,33.5049278,126.4667646,2024-08-06,I,2026-05-15 18:45:29,2024-08-06 15:05:53
6510000,202465100000700878,GM빌라 (진평연립입구방면),버스정류장 상부,제주특별자치도,제주시,교통시설,KT,Jeju Free Wifi,,,제주특별자치도 제주시 오등동 1720-11,제주특별자치도 정보정책과,064-710-2352,33.466583,126.5208057,2024-08-06,I,2026-05-15 18:45:29,2024-08-06 15:05:48
6510000,202465100000701586,17코스,외도 월대천 공중화장실 남서,제주특별자치도,제주시,관광,KT,Jeju Free Wifi,,제주특별자치도 제주시 월대6길 5,제주특별자치도 제주시 외도이동 232-1,제주특별자치도 정보정책과,064-710-2352,33.4935171,126.435987,2024-08-06,I,2026-05-15 18:45:29,2024-08-06 15:05:55
6510000,202465100000700099,한라생태숲,관리시험연구동 지붕 북,제주특별자치도,제주시,관광,KT,Jeju Free Wifi,,제주특별자치도 제주시 516로 2596,제주특별자치도 제주시 용강동 산 14-1,제주특별자치도 정보정책과,064-710-2352,33.4282925,126.6047761,2024-08-06,I,2026-05-15 18:45:29,2024-08-06 15:05:41
6510000,202465100000701113,제주중앙여자고등학교(광양방면) (제주지방법원방면),사거리 북동쪽 가로등,제주특별자치도,제주시,교통시설,KT,Jeju Free Wifi,,제주특별자치도 제주시 중앙로 359,제주특별자치도 제주시 이도이동 1987-5,제주특별자치도 정보정책과,064-710-2352,33.4900127,126.5388608,2024-08-06,I,2026-05-15 18:45:29,2024-08-06 15:05:50
6510000,202465100000700490,전기차충전소_제주도 상하수도본부,옥상 동쪽 난간,제주특별자치도,제주시,교통시설,KT,Jeju Free Wifi,,제주특별자치도 제주시 조천읍 중산간동로 601,제주특별자치도 제주시 조천읍 대흘리 2778-30,제주특별자치도 정보정책과,064-710-2352,33.4996523,126.6502936,2024-08-06,I,2026-05-15 18:45:29,2024-08-06 15:05:44
6510000,202465100000700171,칠성로 쇼핑거리,칠성로 안내 옥외 전시공간,제주특별자치도,제주시,관광,KT,Jeju Free Wifi,,제주특별자치도 제주시 관덕로9길 1,제주특별자치도 제주시 일도일동 1404-9,제주특별자치도 정보정책과,064-710-2352,33.5137895,126.5238559,2024-08-06,I,2026-05-15 18:45:29,2024-08-06 15:05:41
6510000,202465100000700674,애월체육관,2층 홀 (관리사무실 앞),제주특별자치도,제주시,지역문화시설,KT,Jeju Free Wifi,,제주특별자치도 제주시 애월읍 일주서로 6349,제주특별자치도 제주시 애월읍 고내리 1356,제주특별자치도 정보정책과,064-710-2352,33.4631507,126.3327766,2024-08-06,I,2026-05-15 18:45:29,2024-08-06 15:05:46
6510000,202465100000700384,제주교육박물관,1층 홀,제주특별자치도,제주시,관공서,KT,Jeju Free Wifi,,제주특별자치도 제주시 오복4길 25,제주특별자치도 제주시 이도이동 539-14,제주특별자치도 정보정책과,064-710-2352,33.4943498,126.5381424,2024-08-06,I,2026-05-15 18:45:29,2024-08-06 15:05:43
6510000,202465100000700123,한경체육관,2층관람석(남쪽 에어컨옆),제주특별자치도,제주시,지역문화시설,KT,Jeju Free Wifi,,제주특별자치도 제주시 한경면 칠전로 41,제주특별자치도 제주시 한경면 고산리 1881-2,제주특별자치도 정보정책과,064-710-2352,33.3010963,126.1841546,2024-08-06,I,2026-05-15 18:45:29,2024-08-06 15:05:41
6510000,202465100000701513,66호 어린이공원,방범cctv상부,제주특별자치도,제주시,편의시설,KT,Jeju Free Wifi,,,제주특별자치도 제주시 노형동 732-2,제주특별자치도 정보정책과,064-710-2352,33.4792334,126.4865721,2024-08-06,I,2026-05-15 18:45:29,2024-08-06 15:05:54
6510000,202465100000701629,1-3호어린이공원,CCTV pole,제주특별자치도,제주시,편의시설,KT,Jeju Free Wifi,,,제주특별자치도 제주시 삼도일동 547-11,제주특별자치도 정보정책과,064-710-2352,33.5021884,126.5217607,2024-08-06,I,2026-05-15 18:45:29,2024-08-06 15:05:55
6510000,202465100000701642,1-2호어린이공원,CCTV pole 운동기구방향,제주특별자치도,제주시,편의시설,KT,Jeju Free Wifi,,제주특별자치도 제주시 평전3길 29,제주특별자치도 제주시 삼도일동 505,제주특별자치도 정보정책과,064-710-2352,33.5014869,126.5158754,2024-08-06,I,2026-05-15 18:45:29,2024-08-06 15:05:55
6510000,202465100000700232,제주의료원,24병동 보호실 벽면 위,제주특별자치도,제주시,기타,KT,Jeju Free Wifi,,제주특별자치도 제주시 산천단남길 10,제주특별자치도 제주시 아라일동 4-17,제주특별자치도 정보정책과,064-710-2352,33.4453101,126.5602272,2024-08-06,I,2026-05-15 18:45:29,2024-08-06 15:05:42
6510000,202465100000701317,고산동산(아라방면)/제주4.3트라우마센터,제주도통합분전함 옆 전기 IP주,제주특별자치도,제주시,교통시설,KT,Jeju Free Wifi,,제주특별자치도 제주시 중앙로 274,제주특별자치도 제주시 이도이동 1018,제주특별자치도 정보정책과,064-710-2352,33.4957686,126.5323292,2024-08-06,I,2026-05-15 18:45:29,2024-08-06 15:05:52
6510000,202465100000700947,삼무공원 (수협제주도지회방면),버스정류소 천정,제주특별자치도,제주시,교통시설,KT,Jeju Free Wifi,,제주특별자치도 제주시 삼무로 56,제주특별자치도 제주시 연동 282-3,제주특별자치도 정보정책과,064-710-2352,33.4896208,126.4925998,2024-08-06,I,2026-05-15 18:45:29,2024-08-06 15:05:48
6510000,202465100000700055,한원리 소공원,IP주 - 한원리 소공원,제주특별자치도,제주시,편의시설,KT,Jeju Free Wifi,,,제주특별자치도 제주시 한경면 두모리 1499-1,제주특별자치도 정보정책과,064-710-2352,33.3382175,126.1962624,2024-08-06,I,2026-05-15 18:45:29,2024-08-06 15:05:40
6510000,202465100000700503,전기차충전소_우도면 조일리사무소,ip주 상부,제주특별자치도,제주시,교통시설,KT,Jeju Free Wifi,,제주특별자치도 제주시 우도면 우도비양길 89,제주특별자치도 제주시 우도면 연평리 610-1,제주특별자치도 정보정책과,064-710-2352,33.5098133,126.9628952,2024-08-06,I,2026-05-15 18:45:29,2024-08-06 15:05:44
6510000,202465100000700330,제주동문시장,혜주상회 위,제주특별자치도,제주시,기타,KT,Jeju Free Wifi,,제주특별자치도 제주시 관덕로14길 5,제주특별자치도 제주시 이도일동 1333,제주특별자치도 정보정책과,064-710-2352,33.5122431,126.5264868,2024-08-06,I,2026-05-15 18:45:29,2024-08-06 15:05:43
6510000,202465100000701050,정실마을 (월정사방면),정류장천정,제주특별자치도,제주시,교통시설,KT,Jeju Free Wifi,,,제주특별자치도 제주시 오라이동 707-5,제주특별자치도 정보정책과,064-710-2352,33.4696214,126.5095234,2024-08-06,I,2026-05-15 18:45:29,2024-08-06 15:05:49
6510000,202465100000700897,제주제일고등학교 (원노형마을방면),공원내 화장실 앞 가로등,제주특별자치도,제주시,교통시설,KT,Jeju Free Wifi,,제주특별자치도 제주시 과원북2길 1,제주특별자치도 제주시 노형동 731-3,제주특별자치도 정보정책과,064-710-2352,33.4791714,126.482969,2024-08-06,I,2026-05-15 18:45:29,2024-08-06 15:05:48
6510000,202465100000700342,제주동문시장,6번 게이트 위,제주특별자치도,제주시,기타,KT,Jeju Free Wifi,,제주특별자치도 제주시 오현길 88,제주특별자치도 제주시 이도일동 1349-51,제주특별자치도 정보정책과,064-710-2352,33.5125649,126.5255019,2024-08-06,I,2026-05-15 18:45:29,2024-08-06 15:05:43
6510000,202465100000700714,시민복지타운광장,공원내 화장실벽면,제주특별자치도,제주시,편의시설,KT,Jeju Free Wifi,,제주특별자치도 제주시 연삼로 286,제주특별자치도 제주시 도남동 582,제주특별자치도 정보정책과,064-710-2352,33.4916992,126.5229397,2024-08-06,I,2026-05-15 18:45:29,2024-08-06 15:05:46
6510000,202465100000700772,삼화제5근린공원,CCTV POLE,제주특별자치도,제주시,편의시설,KT,Jeju Free Wifi,,,제주특별자치도 제주시 도련일동 1895-1,제주특별자치도 정보정책과,064-710-2352,33.5159934,126.5844479,2024-08-06,I,2026-05-15 18:45:29,2024-08-06 15:05:47
6510000,202465100000700597,월령선인장 군락지,전기충전소 IP주 상부,제주특별자치도,제주시,관광,KT,Jeju Free Wifi,,제주특별자치도 제주시 한림읍 월령1길 11,제주특별자치도 제주시 한림읍 월령리 424-1,제주특별자치도 정보정책과,064-710-2352,33.3759196,126.2156101,2024-08-06,I,2026-05-15 18:45:29,2024-08-06 15:05:45
6510000,202465100000700158,탐라도서관,3층 청소년열람실 서쪽 천장,제주특별자치도,제주시,관공서,KT,Jeju Free Wifi,,제주특별자치도 제주시 정원로 50,제주특별자치도 제주시 노형동 3812-1,제주특별자치도 정보정책과,064-710-2352,33.4791553,126.4772458,2024-08-06,I,2026-05-15 18:45:29,2024-08-06 15:05:41
6510000,202465100000701204,용문마을 (용문마을회관방면),정류장 지붕에 무지향 1개,제주특별자치도,제주시,교통시설,KT,Jeju Free Wifi,,제주특별자치도 제주시 용문로 143,제주특별자치도 제주시 용담이동 645-1,제주특별자치도 정보정책과,064-710-2352,33.5076827,126.5092908,2024-08-06,I,2026-05-15 18:45:29,2024-08-06 15:05:51
6510000,202465100000701036,도리초등학교 (오일장서쪽 입구방면),정류장천정,제주특별자치도,제주시,교통시설,KT,Jeju Free Wifi,,,제주특별자치도 제주시 이호일동 307-4,제주특별자치도 정보정책과,064-710-2352,33.5012323,126.4661087,2024-08-06,I,2026-05-15 18:45:29,2024-08-06 15:05:49
6510000,202465100000701203,용문마을 (용문사거리방면),길건너 정류장 방향 지향 1개,제주특별자치도,제주시,교통시설,KT,Jeju Free Wifi,,제주특별자치도 제주시 용문로 143,제주특별자치도 제주시 용담이동 645-1,제주특별자치도 정보정책과,064-710-2352,33.5076827,126.5092908,2024-08-06,I,2026-05-15 18:45:29,2024-08-06 15:05:51
6510000,202465100000700036,해녀박물관,1층 홀,제주특별자치도,제주시,관공서,KT,Jeju Free Wifi,,제주특별자치도 제주시 구좌읍 해녀박물관길 26,제주특별자치도 제주시 구좌읍 상도리 3204-1,제주특별자치도 정보정책과,064-710-2352,33.5233105,126.8632248,2024-08-06,I,2026-05-15 18:45:29,2024-08-06 15:05:40
6510000,202465100000700785,삼성혈 문화의 거리,어린이CCTV 서,제주특별자치도,제주시,관광,KT,Jeju Free Wifi,,제주특별자치도 제주시 삼성로 19,제주특별자치도 제주시 이도일동 1692-18,제주특별자치도 정보정책과,064-710-2352,33.5057253,126.5280501,2024-08-06,I,2026-05-15 18:45:29,2024-08-06 15:05:47
6510000,202465100000701568,18코스,CCTV Pole 포구양방향 동북,제주특별자치도,제주시,관광,KT,Jeju Free Wifi,,제주특별자치도 제주시 조천읍 신촌북3길 1,제주특별자치도 제주시 조천읍 신촌리 2202-1,제주특별자치도 정보정책과,064-710-2352,33.5372628,126.6188969,2024-08-06,I,2026-05-15 18:45:29,2024-08-06 15:05:55
6510000,202465100000700996,삼화부영2차아파트 (화북공업지역입구방면),정류장천정,제주특별자치도,제주시,교통시설,KT,Jeju Free Wifi,,,제주특별자치도 제주시 화북이동 970-1,제주특별자치도 정보정책과,064-710-2352,33.5139121,126.5727824,2024-08-06,I,2026-05-15 18:45:29,2024-08-06 15:05:49
6510000,202465100000700941,신천동 (동광초등학교방면),버스정류소 천정,제주특별자치도,제주시,교통시설,KT,Jeju Free Wifi,,,제주특별자치도 제주시 일도이동 115-13,제주특별자치도 정보정책과,064-710-2352,33.5036798,126.5495436,2024-08-06,I,2026-05-15 18:45:29,2024-08-06 15:05:48
6510000,202465100000701532,20코스,IP주 해수욕장방향,제주특별자치도,제주시,관광,KT,Jeju Free Wifi,,제주특별자치도 제주시 구좌읍 김녕로21길 12,제주특별자치도 제주시 구좌읍 김녕리 497-9,제주특별자치도 정보정책과,064-710-2352,33.5567404,126.7561443,2024-08-06,I,2026-05-15 18:45:29,2024-08-06 15:05:54
6510000,202465100000700794,삼무공원,CCTV폴에 지향 1개,제주특별자치도,제주시,편의시설,KT,Jeju Free Wifi,,제주특별자치도 제주시 신대로10길 53,제주특별자치도 제주시 연동 271-9,제주특별자치도 정보정책과,064-710-2352,33.4908095,126.4910083,2024-08-06,I,2026-05-15 18:45:29,2024-08-06 15:05:47
6510000,202465100000701543,19코스,IP주 동쪽 버스정류장방향올레길,제주특별자치도,제주시,관광,KT,Jeju Free Wifi,,,제주특별자치도 제주시 조천읍 신흥리 662,제주특별자치도 정보정책과,064-710-2352,33.5488167,126.6470854,2024-08-06,I,2026-05-15 18:45:29,2024-08-06 15:05:54
6510000,202465100000701214,아라주공아파트 (아라동주민센터방면),정류장 인근 IP주에 맞은편 정류장 서비스를 위한 지향 1개,제주특별자치도,제주시,교통시설,KT,Jeju Free Wifi,,제주특별자치도 제주시 중앙로 560,제주특별자치도 제주시 아라일동 6092-7,제주특별자치도 정보정책과,064-710-2352,33.47368,126.5453209,2024-08-06,I,2026-05-15 18:45:29,2024-08-06 15:05:51
6510000,202465100000701299,화북주공아파트 (제주동중학교방면),버스정류장 지붕위,제주특별자치도,제주시,교통시설,KT,Jeju Free Wifi,,제주특별자치도 제주시 일주동로 281,제주특별자치도 제주시 화북일동 1265-1,제주특별자치도 정보정책과,064-710-2352,33.5214211,126.5750379,2024-08-06,I,2026-05-15 18:45:29,2024-08-06 15:05:52
6510000,202465100000700771,삼화제5근린공원,CCTV POLE,제주특별자치도,제주시,편의시설,KT,Jeju Free Wifi,,,제주특별자치도 제주시 도련일동 1895-1,제주특별자치도 정보정책과,064-710-2352,33.5159934,126.5844479,2024-08-06,I,2026-05-15 18:45:29,2024-08-06 15:05:47
6510000,202465100000701562,18코스,IP주 경로당 앞 CCTV방향,제주특별자치도,제주시,관광,KT,Jeju Free Wifi,,제주특별자치도 제주시 진북길 18,제주특별자치도 제주시 화북일동 1608,제주특별자치도 정보정책과,064-710-2352,33.524421,126.5662373,2024-08-06,I,2026-05-15 18:45:29,2024-08-06 15:05:54
6510000,202465100000700801,산악박물관(관음사),산악박물관 (사무동 체험실),제주특별자치도,제주시,관광,KT,Jeju Free Wifi,,제주특별자치도 제주시 산록북로 588,제주특별자치도 제주시 오등동 산180-3,제주특별자치도 정보정책과,064-710-2352,33.4219371,126.5505927,2024-08-06,I,2026-05-15 18:45:29,2024-08-06 15:05:47
6510000,202465100000701338,대천환승정류장(교래방향) (셰프라인 월드방면),대천동버스정류장,제주특별자치도,제주시,교통시설,KT,Jeju Free Wifi,,,제주특별자치도 제주시 구좌읍 송당리 2608-1,제주특별자치도 정보정책과,064-710-2352,33.4353434,126.7351138,2024-08-06,I,2026-05-15 18:45:29,2024-08-06 15:05:52
6510000,202465100000700221,제주종합경기장,관리소 좌측 첫번째 가로등,제주특별자치도,제주시,지역문화시설,KT,Jeju Free Wifi,,제주특별자치도 제주시 서광로2길 24,제주특별자치도 제주시 오라일동 1137,제주특별자치도 정보정책과,064-710-2352,33.4963765,126.5152417,2024-08-06,I,2026-05-15 18:45:29,2024-08-06 15:05:42
6510000,202465100000701037,이호테우해수욕장 (현사마을방면),정류장천정,제주특별자치도,제주시,교통시설,KT,Jeju Free Wifi,,,제주특별자치도 제주시 이호일동 1600-18,제주특별자치도 정보정책과,064-710-2352,33.4963123,126.4554241,2024-08-06,I,2026-05-15 18:45:29,2024-08-06 15:05:49
6510000,202465100000700690,신창풍차해안도로,해안도로방향 외벽,제주특별자치도,제주시,관광,KT,Jeju Free Wifi,,제주특별자치도 제주시 한경면 한경해안로 485,제주특별자치도 제주시 한경면 신창리 1481-21,제주특별자치도 정보정책과,064-710-2352,33.3430309,126.1721675,2024-08-06,I,2026-05-15 18:45:29,2024-08-06 15:05:46
6510000,202465100000701360,미리내 공원,구령대 왼쪽 기둥 상단,제주특별자치도,제주시,지역문화시설,KT,Jeju Free Wifi,,,제주특별자치도 제주시 노형동 1889,제주특별자치도 정보정책과,064-710-2352,33.4586802,126.4786687,2024-08-06,I,2026-05-15 18:45:29,2024-08-06 15:05:53
6510000,202465100000701637,1-34호 공원,CCTV 폴대,제주특별자치도,제주시,편의시설,KT,Jeju Free Wifi,,,제주특별자치도 제주시 이도이동 1014-6,제주특별자치도 정보정책과,064-710-2352,33.4946032,126.5306057,2024-08-06,I,2026-05-15 18:45:29,2024-08-06 15:05:55
6510000,202465100000700371,제주도청,팔각정 외부,제주특별자치도,제주시,관공서,KT,Jeju Free Wifi,,제주특별자치도 제주시 문연로 6,제주특별자치도 제주시 연동 312-1,제주특별자치도 정보정책과,064-710-2352,33.488921,126.4980779,2024-08-06,I,2026-05-15 18:45:29,2024-08-06 15:05:43
6510000,202465100000701325,도련1동입구 (하나로아파트방면),반대편 버스정류장 남쪽 외부 상단,제주특별자치도,제주시,교통시설,KT,Jeju Free Wifi,,,제주특별자치도 제주시 도련이동 1821-7,제주특별자치도 정보정책과,064-710-2352,33.512737,126.5890429,2024-08-06,I,2026-05-15 18:45:29,2024-08-06 15:05:52
6510000,202465100000701688,만장굴,매표소,제주특별자치도,제주시,관광,KT,Jeju Free Wifi,,제주특별자치도 제주시 구좌읍 만장굴길 182,제주특별자치도 제주시 구좌읍 월정리 산 41-15,제주특별자치도 정보정책과,064-710-2369,33.5283774190,126.7716157544,2024-08-06,I,2026-05-15 18:45:29,2024-08-06 15:05:56
6510000,202465100000701492,관음사(야영장),관리소 벽면,제주특별자치도,제주시,관광,KT,Jeju Free Wifi,,제주특별자치도 제주시 산록북로 588,제주특별자치도 제주시 오등동 산180-3,제주특별자치도 정보정책과,064-710-2352,33.4219371,126.5505927,2024-08-06,I,2026-05-15 18:45:29,2024-08-06 15:05:54
6510000,202465100000700908,수선화아파트 (정부제주 지방합동청사방면),버스정류장 외부 상단,제주특별자치도,제주시,교통시설,KT,Jeju Free Wifi,,,제주특별자치도 제주시 도남동 96-1,제주특별자치도 정보정책과,064-710-2352,33.4894142,126.5294237,2024-08-06,I,2026-05-15 18:45:29,2024-08-06 15:05:48
6510000,202465100000700851,안남동 (남주동방면),버스정류장상부,제주특별자치도,제주시,교통시설,KT,Jeju Free Wifi,,,제주특별자치도 제주시 애월읍 하귀1리 1373,제주특별자치도 정보정책과,064-710-2352,33.4825688,126.4067045,2024-08-06,I,2026-05-15 18:45:29,2024-08-06 15:05:47
6510000,202465100000700441,전기차충전소_해양경비안전센터(고산출장소),출입구 우측 벽면,제주특별자치도,제주시,교통시설,KT,Jeju Free Wifi,,제주특별자치도 제주시 한경면 노을해안로 1145,제주특별자치도 제주시 한경면 고산리 3615-9,제주특별자치도 정보정책과,064-710-2352,33.3081676,126.1641342,2024-08-06,I,2026-05-15 18:45:29,2024-08-06 15:05:44
6510000,202465100000701053,오라초등학교 (연미입구방면),정류장천정,제주특별자치도,제주시,교통시설,KT,Jeju Free Wifi,,제주특별자치도 제주시 연사길 60,제주특별자치도 제주시 오라이동 1373-3,제주특별자치도 정보정책과,064-710-2352,33.4890891,126.5127622,2024-08-06,I,2026-05-15 18:45:29,2024-08-06 15:05:49
6510000,202465100000701578,1-86호어린이공원,CCTV pole,제주특별자치도,제주시,편의시설,KT,Jeju Free Wifi,,,제주특별자치도 제주시 화북일동 11-8,제주특별자치도 정보정책과,064-710-2352,33.5196754,126.5737641,2024-08-06,I,2026-05-15 18:45:29,2024-08-06 15:05:55
6510000,202465100000701167,대림2차아파트 (연동대림1차아파트방면),정류장 지붕에 무지향 1개,제주특별자치도,제주시,교통시설,KT,Jeju Free Wifi,,제주특별자치도 제주시 과원북2길 58,제주특별자치도 제주시 연동 1495-7,제주특별자치도 정보정책과,064-710-2352,33.4787155,126.4884531,2024-08-06,I,2026-05-15 18:45:29,2024-08-06 15:05:50
6510000,202465100000701307,제주여자상업고등학교 (제주동초등학교방면),버스정류장 지붕위,제주특별자치도,제주시,교통시설,KT,Jeju Free Wifi,,제주특별자치도 제주시 동문로 93,제주특별자치도 제주시 건입동 1043-67,제주특별자치도 정보정책과,064-710-2352,33.514058,126.5366055,2024-08-06,I,2026-05-15 18:45:29,2024-08-06 15:05:52
6510000,202465100000700932,제주연안여객터미널 (제주해양경찰서방면),2층 옥상,제주특별자치도,제주시,교통시설,KT,Jeju Free Wifi,,,제주특별자치도 제주시 건입동 918-54,제주특별자치도 정보정책과,064-710-2352,33.5192469,126.5354956,2024-08-06,I,2026-05-15 18:45:29,2024-08-06 15:05:48
6510000,202465100000701507,갓전시관,1F 천정,제주특별자치도,제주시,관광,KT,Jeju Free Wifi,,제주특별자치도 제주시 조천읍 남조로 1904,제주특별자치도 제주시 조천읍 교래리 457-1,제주특별자치도 정보정책과,064-710-2352,33.4371936,126.6706504,2024-08-06,I,2026-05-15 18:45:29,2024-08-06 15:05:54
6510000,202465100000701589,1-76호공원,CCTV pole,제주특별자치도,제주시,편의시설,KT,Jeju Free Wifi,,,제주특별자치도 제주시 외도일동 523-3,제주특별자치도 정보정책과,064-710-2352,33.4885376,126.4321923,2024-08-06,I,2026-05-15 18:45:29,2024-08-06 15:05:55
6510000,202465100000700025,해변공연장,스텝실 상부,제주특별자치도,제주시,지역문화시설,KT,Jeju Free Wifi,,제주특별자치도 제주시 중앙로 2,제주특별자치도 제주시 삼도이동 1262,제주특별자치도 정보정책과,064-710-2352,33.5181634,126.5239646,2024-08-06,I,2026-05-15 18:45:29,2024-08-06 15:05:40
6510000,202465100000700589,월정리 해변,CCTV POLE,제주특별자치도,제주시,관광,KT,Jeju Free Wifi,,,제주특별자치도 제주시 구좌읍 행원리 1536-1,제주특별자치도 정보정책과,064-710-2352,33.5553902,126.8002069,2024-08-06,I,2026-05-15 18:45:29,2024-08-06 15:05:45
6510000,202465100000700033,해변공연장,사무실 천장,제주특별자치도,제주시,지역문화시설,KT,Jeju Free Wifi,,제주특별자치도 제주시 중앙로 2,제주특별자치도 제주시 삼도이동 1262,제주특별자치도 정보정책과,064-710-2352,33.5181634,126.5239646,2024-08-06,I,2026-05-15 18:45:29,2024-08-06 15:05:40
6510000,202465100000700084,한림공원,쌍용각 옥상(관람로),제주특별자치도,제주시,관광,KT,Jeju Free Wifi,,제주특별자치도 제주시 한림읍 한림로 300,제주특별자치도 제주시 한림읍 협재리 2487,제주특별자치도 정보정책과,064-710-2352,33.3894246,126.2396008,2024-08-06,I,2026-05-15 18:45:29,2024-08-06 15:05:41
6510000,202465100000701041,제주제일중학교 (남광초등학교방면),가로등,제주특별자치도,제주시,교통시설,KT,Jeju Free Wifi,,제주특별자치도 제주시 남광로 28,제주특별자치도 제주시 이도이동 1973-1,제주특별자치도 정보정책과,064-710-2352,33.4932567,126.5394843,2024-08-06,I,2026-05-15 18:45:29,2024-08-06 15:05:49
6510000,202465100000701399,도로교통공단 제주지부,1층 고객의 방 입구 천정,제주특별자치도,제주시,관공서,KT,Jeju Free Wifi,,제주특별자치도 제주시 노형로 231,제주특별자치도 제주시 노형동 3220,제주특별자치도 정보정책과,064-710-2352,33.4751425,126.4647613,2024-08-06,I,2026-05-15 18:45:29,2024-08-06 15:05:53
6510000,202465100000700334,제주동문시장,오이수산 앞 아케이드 위,제주특별자치도,제주시,기타,KT,Jeju Free Wifi,,제주특별자치도 제주시 중앙로11길 13,제주특별자치도 제주시 이도일동 1349-29,제주특별자치도 정보정책과,064-710-2352,33.5125279,126.5261806,2024-08-06,I,2026-05-15 18:45:29,2024-08-06 15:05:43
6510000,202465100000701394,돌문화공원,안내소 상부,제주특별자치도,제주시,관광,KT,Jeju Free Wifi,,제주특별자치도 제주시 조천읍 남조로 2023,제주특별자치도 제주시 조천읍 교래리 산 95,제주특별자치도 정보정책과,064-710-2352,33.4463446,126.6605733,2024-08-06,I,2026-05-15 18:45:29,2024-08-06 15:05:53
6510000,202465100000700271,제주목관아,매표소 옆 출입구천정,제주특별자치도,제주시,관광,KT,Jeju Free Wifi,,제주특별자치도 제주시 관덕로 25,제주특별자치도 제주시 삼도이동 1045-1,제주특별자치도 정보정책과,064-710-2352,33.513992,126.5219367,2024-08-06,I,2026-05-15 18:45:29,2024-08-06 15:05:42
6510000,202465100000700245,제주의료원,23병동 2층 음압병동 천정,제주특별자치도,제주시,기타,KT,Jeju Free Wifi,,제주특별자치도 제주시 산천단남길 10,제주특별자치도 제주시 아라일동 4-17,제주특별자치도 정보정책과,064-710-2352,33.4457069,126.5594571,2024-08-06,I,2026-05-15 18:45:29,2024-08-06 15:05:42
6510000,202465100000701479,교래자연휴양림,CCTV POLE (야영지구 원두막 6인근),제주특별자치도,제주시,관광,KT,Jeju Free Wifi,,제주특별자치도 제주시 조천읍 남조로 2023,제주특별자치도 제주시 조천읍 교래리 산 95,제주특별자치도 정보정책과,064-710-2352,33.4463446,126.6605733,2024-08-06,I,2026-05-15 18:45:29,2024-08-06 15:05:54
6510000,202465100000700744,석굴암(천왕사 숲길),충혼묘지 주차장 CP주(주차장 숲길 진입로),제주특별자치도,제주시,관광,KT,Jeju Free Wifi,,,제주특별자치도 제주시 노형동 산21,제주특별자치도 정보정책과,064-710-2352,33.4367066,126.4858376,2024-08-06,I,2026-05-15 18:45:29,2024-08-06 15:05:46
6510000,202465100000701667,1-12호공원,CCTV pole,제주특별자치도,제주시,편의시설,KT,Jeju Free Wifi,,제주특별자치도 제주시 사라봉5길 20-1,제주특별자치도 제주시 건입동 671,제주특별자치도 정보정책과,064-710-2352,33.516785,126.5400254,2024-08-06,I,2026-05-15 18:45:29,2024-08-06 15:05:55
6510000,202465100000700584,이도공원,CCTV POLE,제주특별자치도,제주시,편의시설,KT,Jeju Free Wifi,,제주특별자치도 제주시 이도공원동길 6,제주특별자치도 제주시 이도이동 440,제주특별자치도 정보정책과,064-710-2352,33.4972515,126.544152,2024-08-06,I,2026-05-15 18:45:29,2024-08-06 15:05:45
6510000,202465100000700024,해안마을회관,1층중앙상부,제주특별자치도,제주시,관공서,KT,Jeju Free Wifi,,제주특별자치도 제주시 해안마을길 82,제주특별자치도 제주시 해안동 1945-1,제주특별자치도 정보정책과,064-710-2352,33.4561366,126.4545236,2024-08-06,I,2026-05-15 18:45:29,2024-08-06 15:05:40
6510000,202465100000700728,세화어린이공원,CCTV POLE,제주특별자치도,제주시,편의시설,KT,Jeju Free Wifi,,,제주특별자치도 제주시 구좌읍 세화리 3645-1,제주특별자치도 정보정책과,064-710-2352,33.5259449,126.8545999,2024-08-06,I,2026-05-15 18:45:29,2024-08-06 15:05:46
6510000,202465100000701206,외도초등학교 (내도동 서마을방면),길건너 정류장 방향 지향 1개,제주특별자치도,제주시,교통시설,KT,Jeju Free Wifi,,제주특별자치도 제주시 일주서로 7369,제주특별자치도 제주시 외도이동 284,제주특별자치도 정보정책과,064-710-2352,33.4940187,126.4342993,2024-08-06,I,2026-05-15 18:45:29,2024-08-06 15:05:51
6510000,202465100000700225,제주의료원 부속 요양병원,신축동 2층 321호 앞 천장,제주특별자치도,제주시,기타,KT,Jeju Free Wifi,,제주특별자치도 제주시 산천단남길 10,제주특별자치도 제주시 아라일동 4-17,제주특별자치도 정보정책과,064-710-2352,33.4457069,126.5594571,2024-08-06,I,2026-05-15 18:45:29,2024-08-06 15:05:42
6510000,202465100000701685,제주국민체육센터,1층 출입구 천장,제주특별자치도,제주시,관공서,KT,Jeju Free Wifi,,제주특별자치도 제주시 사라봉동길 25,제주특별자치도 제주시 건입동 513,제주특별자치도 정보정책과,064-710-2366,33.5145511826,126.5464366549,2024-08-06,I,2026-05-15 18:45:29,2024-08-06 15:05:56
6510000,202465100000700599,웃뜨르빛센터,IP주,제주특별자치도,제주시,관광,KT,Jeju Free Wifi,,제주특별자치도 제주시 한경면 연명로 348,제주특별자치도 제주시 한경면 청수리 113-3,제주특별자치도 정보정책과,064-710-2352,33.302276,126.2590152,2024-08-06,I,2026-05-15 18:45:29,2024-08-06 15:05:45
6510000,202465100000700472,전기차충전소_제주장애인스포츠센터,IP주 지향1개,제주특별자치도,제주시,교통시설,KT,Jeju Free Wifi,,제주특별자치도 제주시 통물길 72,제주특별자치도 제주시 외도일동 173-1,제주특별자치도 정보정책과,064-710-2352,33.4864224,126.4367493,2024-08-06,I,2026-05-15 18:45:29,2024-08-06 15:05:44
6510000,202465100000700127,하우목동항,하우목동항 매표소 옥상 - 북,제주특별자치도,제주시,교통시설,KT,Jeju Free Wifi,,제주특별자치도 제주시 우도면 우도해안길 353,제주특별자치도 제주시 우도면 연평리 2391-1,제주특별자치도 정보정책과,064-710-2352,33.5103862,126.9432025,2024-08-06,I,2026-05-15 18:45:29,2024-08-06 15:05:41
6510000,202465100000701295,제주대학교병원 (죽성마을 입구방면),버스정류장 지붕위,제주특별자치도,제주시,교통시설,KT,Jeju Free Wifi,,제주특별자치도 제주시 중앙로 616,제주특별자치도 제주시 아라일동 1798,제주특별자치도 정보정책과,064-710-2352,33.4687782,126.5470917,2024-08-06,I,2026-05-15 18:45:29,2024-08-06 15:05:52
6510000,202465100000700846,유수암상동 (고성2리방면),버스정류장상부,제주특별자치도,제주시,교통시설,KT,Jeju Free Wifi,,,제주특별자치도 제주시 애월읍 유수암리 1082-1,제주특별자치도 정보정책과,064-710-2352,33.4224694,126.4086742,2024-08-06,I,2026-05-15 18:45:29,2024-08-06 15:05:47
6510000,202465100000701381,만장굴,주차장 기사휴게실 지붕 동,제주특별자치도,제주시,관광,KT,Jeju Free Wifi,,제주특별자치도 제주시 구좌읍 만장굴길 182,제주특별자치도 제주시 구좌읍 월정리 산 41-5,제주특별자치도 정보정책과,064-710-2352,33.5285116,126.7715122,2024-08-06,I,2026-05-15 18:45:29,2024-08-06 15:05:53
6510000,202465100000700217,제주치매안심센터,1층 통신실 랙내,제주특별자치도,제주시,관공서,KT,Jeju Free Wifi,,제주특별자치도 제주시 연삼로 264,제주특별자치도 제주시 도남동 567-1,제주특별자치도 정보정책과,064-710-2352,33.4915324,126.5202955,2024-08-06,I,2026-05-15 18:45:29,2024-08-06 15:05:42
6510000,202465100000701588,1-77호공원,CCTV pole,제주특별자치도,제주시,편의시설,KT,Jeju Free Wifi,,,제주특별자치도 제주시 외도일동 453-2,제주특별자치도 정보정책과,064-710-2352,33.4907949,126.4338839,2024-08-06,I,2026-05-15 18:45:29,2024-08-06 15:05:55
6510000,202465100000701404,도남공원,CCTV폴에 북동쪽으로 지향 1개,제주특별자치도,제주시,편의시설,KT,Jeju Free Wifi,,제주특별자치도 제주시 독짓골6길 15,제주특별자치도 제주시 도남동 79-8,제주특별자치도 정보정책과,064-710-2352,33.4919658,126.5317155,2024-08-06,I,2026-05-15 18:45:29,2024-08-06 15:05:53
6510000,202465100000700446,전기차충전소_한림읍 주민자치센터(뒤쪽주차장),가로등,제주특별자치도,제주시,교통시설,KT,Jeju Free Wifi,,,제주특별자치도 제주시 한림읍 한림리 1441-4,제주특별자치도 정보정책과,064-710-2352,33.4128917,126.2626374,2024-08-06,I,2026-05-15 18:45:29,2024-08-06 15:05:44
6510000,202465100000701093,도리초등학교 (이호동 동마을방면),정류장천정,제주특별자치도,제주시,교통시설,KT,Jeju Free Wifi,,,제주특별자치도 제주시 도두일동 2429-3,제주특별자치도 정보정책과,064-710-2352,33.5015379,126.466028,2024-08-06,I,2026-05-15 18:45:29,2024-08-06 15:05:50
6510000,202465100000700818,사라봉공원,정상 화장실 외벽,제주특별자치도,제주시,편의시설,KT,Jeju Free Wifi,,제주특별자치도 제주시 사라봉동길 74,제주특별자치도 제주시 건입동 387-1,제주특별자치도 정보정책과,064-710-2352,33.5177178,126.5457466,2024-08-06,I,2026-05-15 18:45:29,2024-08-06 15:05:47
6510000,202465100000701331,함덕환승정류장(함덕해수욕장) (함덕리 4구방면),함덕서우봉해변버스정류장,제주특별자치도,제주시,교통시설,KT,Jeju Free Wifi,,제주특별자치도 제주시 조천읍 신북로 554,제주특별자치도 제주시 조천읍 함덕리 1002-84,제주특별자치도 정보정책과,064-710-2352,33.540902,126.6688171,2024-08-06,I,2026-05-15 18:45:29,2024-08-06 15:05:52
6510000,202465100000701675,16코스(고내포구-항파두리-광령1리) #1-3,고내포구 고내간이펌프장 MCC반 IP주 남,제주특별자치도,제주시,관광,KT,Jeju Free Wifi,,,제주특별자치도 제주시 애월읍 고내리 1114,제주특별자치도 정보정책과,064-710-2356,33.4668541583,126.3373044115,2024-08-06,I,2026-05-15 18:45:29,2024-08-06 15:05:56
6510000,202465100000700741,선녀와나무꾼 테마공원,매표소 북,제주특별자치도,제주시,관광,KT,Jeju Free Wifi,,제주특별자치도 제주시 조천읍 선교로 267,제주특별자치도 제주시 조천읍 선흘리 1997,제주특별자치도 정보정책과,064-710-2352,33.4790147,126.7034721,2024-08-06,I,2026-05-15 18:45:29,2024-08-06 15:05:46
6510000,202465100000701552,19코스,Ip주 포구다리방향,제주특별자치도,제주시,관광,KT,Jeju Free Wifi,,제주특별자치도 제주시 조천읍 북촌11길 20,제주특별자치도 제주시 조천읍 북촌리 496-1,제주특별자치도 정보정책과,064-710-2352,33.5500382,126.6953701,2024-08-06,I,2026-05-15 18:45:29,2024-08-06 15:05:54
6510000,202465100000700146,탑동 테마거리,재난CCTV 남동,제주특별자치도,제주시,관광,KT,Jeju Free Wifi,,제주특별자치도 제주시 동한두기길 25,제주특별자치도 제주시 용담일동 423,제주특별자치도 정보정책과,064-710-2352,33.5170185,126.5156748,2024-08-06,I,2026-05-15 18:45:29,2024-08-06 15:05:41
6510000,202465100000701181,봉개동 큰동네 (봉개동주민센터방면),길건너 정류장 방향 지향 1개,제주특별자치도,제주시,교통시설,KT,Jeju Free Wifi,,제주특별자치도 제주시 번영로 514,제주특별자치도 제주시 봉개동 1883-2,제주특별자치도 정보정책과,064-710-2352,33.4893318,126.5961691,2024-08-06,I,2026-05-15 18:45:29,2024-08-06 15:05:51
6510000,202465100000701105,비자림 (메이즈랜드방면),정류장천정,제주특별자치도,제주시,교통시설,KT,Jeju Free Wifi,,,제주특별자치도 제주시 구좌읍 평대리 3196-3,제주특별자치도 정보정책과,064-710-2352,33.4932072,126.8105671,2024-08-06,I,2026-05-15 18:45:29,2024-08-06 15:05:50
6510000,202465100000701063,제성마을 (제주서중학교방면),정류장천정,제주특별자치도,제주시,교통시설,KT,Jeju Free Wifi,,,제주특별자치도 제주시 연동 2419-3,제주특별자치도 정보정책과,064-710-2352,33.4937344,126.4831993,2024-08-06,I,2026-05-15 18:45:29,2024-08-06 15:05:49
6510000,202465100000700389,제주고산리유적안내센타,외벽 - 유적지방향,제주특별자치도,제주시,관광,KT,Jeju Free Wifi,,제주특별자치도 제주시 한경면 노을해안로 1100,제주특별자치도 제주시 한경면 고산리 3650-1,제주특별자치도 정보정책과,064-710-2352,33.3042058,126.1663001,2024-08-06,I,2026-05-15 18:45:29,2024-08-06 15:05:43
6510000,202465100000701038,광양사거리/터미널방면 (탐라장애인 종합복지관방면),정류장천정,제주특별자치도,제주시,교통시설,KT,Jeju Free Wifi,,제주특별자치도 제주시 서광로 287,제주특별자치도 제주시 이도일동 1775-16,제주특별자치도 정보정책과,064-710-2352,33.5005938,126.5271577,2024-08-06,I,2026-05-15 18:45:29,2024-08-06 15:05:49
6510000,202465100000701312,제주시청(아라방면)(고산동산방면),건물옥상 난간,제주특별자치도,제주시,교통시설,KT,Jeju Free Wifi,,제주특별자치도 제주시 광양9길 10,제주특별자치도 제주시 이도이동 1176-1,제주특별자치도 정보정책과,064-710-2352,33.4996817,126.5315853,2024-08-06,I,2026-05-15 18:45:29,2024-08-06 15:05:52
6510000,202465100000700539,전기차충전소_문예회관,현수막 구조물에 충전소 방향 지향 1개,제주특별자치도,제주시,교통시설,KT,Jeju Free Wifi,,제주특별자치도 제주시 동광로 69,제주특별자치도 제주시 일도이동 852,제주특별자치도 정보정책과,064-710-2352,33.5044755,126.5351848,2024-08-06,I,2026-05-15 18:45:29,2024-08-06 15:05:44
6510000,202465100000701153,용문마을회관 (용문마을방면),정류장 천정 바에 무지향 1개,제주특별자치도,제주시,교통시설,KT,Jeju Free Wifi,,제주특별자치도 제주시 용문로 110,제주특별자치도 제주시 용담이동 2713-8,제주특별자치도 정보정책과,064-710-2352,33.5048255,126.5078547,2024-08-06,I,2026-05-15 18:45:29,2024-08-06 15:05:50
6510000,202465100000701326,영주고등학교 (종점방면),반대편 버스정류장 남쪽 외부 상단,제주특별자치도,제주시,교통시설,KT,Jeju Free Wifi,,제주특별자치도 제주시 첨단동길 92,제주특별자치도 제주시 월평동 683,제주특별자치도 정보정책과,064-710-2352,33.4559627,126.5794117,2024-08-06,I,2026-05-15 18:45:29,2024-08-06 15:05:52
6510000,202465100000701717,버스정류소_제원아파트,버스정보시스템내부,제주특별자치도,제주시,교통시설,KT,Jeju Free Wifi,,,제주특별자치도 제주시 연동 273,제주특별자치도 정보정책과,064-710-2398,33.4867965814,126.4900088228,2024-08-06,I,2026-05-15 18:45:29,2024-08-06 15:05:56
6510000,202465100000701219,신흥리(마을입구) 함덕고등학교 (해양연구소방면),정류장 지붕에 무지향 1개,제주특별자치도,제주시,교통시설,KT,Jeju Free Wifi,,제주특별자치도 제주시 조천읍 신북로 410,제주특별자치도 제주시 조천읍 함덕리 3377-1,제주특별자치도 정보정책과,064-710-2352,33.5434019,126.654039,2024-08-06,I,2026-05-15 18:45:29,2024-08-06 15:05:51
6510000,202465100000701553,19코스,북촌항구 화장실 남쪽 벽면,제주특별자치도,제주시,관광,KT,Jeju Free Wifi,,제주특별자치도 제주시 조천읍 북촌7길 37,제주특별자치도 제주시 조천읍 북촌리 1363-1,제주특별자치도 정보정책과,064-710-2352,33.5510898,126.6933515,2024-08-06,I,2026-05-15 18:45:29,2024-08-06 15:05:54
6510000,202465100000701255,국립제주박물관 (천수동방면),길건너 정류장 방향 지향 1개,제주특별자치도,제주시,교통시설,KT,Jeju Free Wifi,,제주특별자치도 제주시 일주동로 34,제주특별자치도 제주시 화북이동 4942-4,제주특별자치도 정보정책과,064-710-2352,33.5123956,126.5508834,2024-08-06,I,2026-05-15 18:45:29,2024-08-06 15:05:51
6510000,202465100000701389,동녁도서관,2층 로비,제주특별자치도,제주시,관공서,KT,Jeju Free Wifi,,제주특별자치도 제주시 구좌읍 일주동로 3132,제주특별자치도 제주시 구좌읍 세화리 1198-1,제주특별자치도 정보정책과,064-710-2352,33.5205626,126.8546386,2024-08-06,I,2026-05-15 18:45:29,2024-08-06 15:05:53
6510000,202465100000700716,시민복지타운광장,공원내 화장실벽면,제주특별자치도,제주시,편의시설,KT,Jeju Free Wifi,,제주특별자치도 제주시 연삼로 286,제주특별자치도 제주시 도남동 582,제주특별자치도 정보정책과,064-710-2352,33.4916992,126.5229397,2024-08-06,I,2026-05-15 18:45:29,2024-08-06 15:05:46
6510000,202465100000700037,해녀박물관,1층 엘리베이터앞 주차장,제주특별자치도,제주시,관공서,KT,Jeju Free Wifi,,제주특별자치도 제주시 구좌읍 해녀박물관길 25,제주특별자치도 제주시 구좌읍 하도리 3204-1,제주특별자치도 정보정책과,064-710-2352,33.5226714,126.8643204,2024-08-06,I,2026-05-15 18:45:29,2024-08-06 15:05:40
6510000,202465100000701502,검멀레해수욕장,서측 KT 강관주 - 북,제주특별자치도,제주시,관광,KT,Jeju Free Wifi,,,제주특별자치도 제주시 우도면 연평리 318-1,제주특별자치도 정보정책과,064-710-2352,33.4982722,126.9671868,2024-08-06,I,2026-05-15 18:45:29,2024-08-06 15:05:54
6510000,202465100000700894,애월신협 (애월중학교방면),버스정류소 상부,제주특별자치도,제주시,교통시설,KT,Jeju Free Wifi,,제주특별자치도 제주시 애월읍 애월로 130,제주특별자치도 제주시 애월읍 애월리 1639-2,제주특별자치도 정보정책과,064-710-2352,33.4640915,126.3209911,2024-08-06,I,2026-05-15 18:45:29,2024-08-06 15:05:48
6510000,202465100000700207,제주환상자전거길,외벽 북- 마을공원,제주특별자치도,제주시,관광,KT,Jeju Free Wifi,,,제주특별자치도 제주시 한경면 판포리 1608,제주특별자치도 정보정책과,064-710-2352,33.3700318,126.2061678,2024-08-06,I,2026-05-15 18:45:29,2024-08-06 15:05:42
6510000,202465100000701530,20코스,IP주 등대방향,제주특별자치도,제주시,관광,KT,Jeju Free Wifi,,,제주특별자치도 제주시 구좌읍 김녕리 1270-2,제주특별자치도 정보정책과,064-710-2352,33.5587014,126.7538978,2024-08-06,I,2026-05-15 18:45:29,2024-08-06 15:05:54
6510000,202465100000701309,화북남문 (화북초등학교방면),버스정류장 지붕위,제주특별자치도,제주시,교통시설,KT,Jeju Free Wifi,,제주특별자치도 제주시 일주동로 183,제주특별자치도 제주시 화북일동 1984-10,제주특별자치도 정보정책과,064-710-2352,33.5190169,126.5651425,2024-08-06,I,2026-05-15 18:45:29,2024-08-06 15:05:52
6510000,202465100000700915,한림여자 중학교 (한국통신방면),버스정류소 상부,제주특별자치도,제주시,교통시설,KT,Jeju Free Wifi,,,제주특별자치도 제주시 한림읍 한림리 1489-1,제주특별자치도 정보정책과,064-710-2352,33.4101815,126.2596599,2024-08-06,I,2026-05-15 18:45:29,2024-08-06 15:05:48
6510000,202465100000700511,전기차충전소_영락교회 인근 공영주차장,충전소 옆 전기IP주,제주특별자치도,제주시,교통시설,KT,Jeju Free Wifi,,,제주특별자치도 제주시 일도이동 488-1,제주특별자치도 정보정책과,064-710-2352,33.5106399,126.5441646,2024-08-06,I,2026-05-15 18:45:29,2024-08-06 15:05:44
6510000,202465100000701454,기적의 도서관,옥상,제주특별자치도,제주시,관공서,KT,Jeju Free Wifi,,제주특별자치도 제주시 동광로12길 19,제주특별자치도 제주시 이도이동 1128-1,제주특별자치도 정보정책과,064-710-2352,33.5017841,126.5355423,2024-08-06,I,2026-05-15 18:45:29,2024-08-06 15:05:53
6510000,202465100000700608,우도체육관,체육관 입구 상부 벽,제주특별자치도,제주시,지역문화시설,KT,Jeju Free Wifi,,제주특별자치도 제주시 우도면 조일길 123-9,제주특별자치도 제주시 우도면 연평리 639,제주특별자치도 정보정책과,064-710-2352,33.51046,126.960455,2024-08-06,I,2026-05-15 18:45:29,2024-08-06 15:05:45
6510000,202465100000700360,제주돌하르방캠핑장,외벽 - 동,제주특별자치도,제주시,관광,KT,Jeju Free Wifi,,제주특별자치도 제주시 한경면 낙수로 271-40,제주특별자치도 제주시 한경면 청수리 2130,제주특별자치도 정보정책과,064-710-2352,33.3238765,126.2391482,2024-08-06,I,2026-05-15 18:45:29,2024-08-06 15:05:43
6510000,202465100000700116,한담해변,화장실 앞 가로등 - 북,제주특별자치도,제주시,관광,KT,Jeju Free Wifi,,,제주특별자치도 제주시 애월읍 곽지리 1565-20,제주특별자치도 정보정책과,064-710-2352,33.4516957,126.3070983,2024-08-06,I,2026-05-15 18:45:29,2024-08-06 15:05:41
6510000,202465100000700887,세화리구좌농협 (세화리방면),버스정류소상부,제주특별자치도,제주시,교통시설,KT,Jeju Free Wifi,,,제주특별자치도 제주시 구좌읍 세화리 1366-4,제주특별자치도 정보정책과,064-710-2352,33.521042,126.8596915,2024-08-06,I,2026-05-15 18:45:29,2024-08-06 15:05:48
6510000,202465100000700973,제일빌리지 (무수천방면),버스정류장 상부,제주특별자치도,제주시,교통시설,KT,Jeju Free Wifi,,,제주특별자치도 제주시 애월읍 광령리 29-3,제주특별자치도 정보정책과,064-710-2352,33.4607125,126.4448264,2024-08-06,I,2026-05-15 18:45:29,2024-08-06 15:05:49
6510000,202465100000700761,생각하는정원,매표소 상부,제주특별자치도,제주시,관광,KT,Jeju Free Wifi,,제주특별자치도 제주시 한경면 녹차분재로 678,제주특별자치도 제주시 한경면 저지리 1529-1,제주특별자치도 정보정책과,064-710-2352,33.3263854,126.2553032,2024-08-06,I,2026-05-15 18:45:29,2024-08-06 15:05:46
6510000,202465100000701380,만장굴,관리소 좌측기둥 인근 천정,제주특별자치도,제주시,관광,KT,Jeju Free Wifi,,제주특별자치도 제주시 구좌읍 만장굴길 182,제주특별자치도 제주시 구좌읍 월정리 산41-27,제주특별자치도 정보정책과,064-710-2352,33.5277661,126.7708876,2024-08-06,I,2026-05-15 18:45:29,2024-08-06 15:05:53
6510000,202465100000701198,인다마을 (제주대학교병원방면),정류장 인근 IP주에 무지향 1개,제주특별자치도,제주시,교통시설,KT,Jeju Free Wifi,,제주특별자치도 제주시 중앙로 582,제주특별자치도 제주시 아라일동 6082-5,제주특별자치도 정보정책과,064-710-2352,33.4714526,126.5452721,2024-08-06,I,2026-05-15 18:45:29,2024-08-06 15:05:51
6510000,202465100000700689,신창풍차해안도로,중계기 서,제주특별자치도,제주시,관광,KT,Jeju Free Wifi,,제주특별자치도 제주시 한경면 한경해안로 565,제주특별자치도 제주시 한경면 신창리 542-9,제주특별자치도 정보정책과,064-710-2352,33.3460573,126.179344,2024-08-06,I,2026-05-15 18:45:29,2024-08-06 15:05:46
6510000,202465100000700671,애월해안로,클린하우스 옆 KT CP주 북동,제주특별자치도,제주시,관광,KT,Jeju Free Wifi,,제주특별자치도 제주시 애월읍 구엄4길 45,제주특별자치도 제주시 애월읍 구엄리 611-1,제주특별자치도 정보정책과,064-710-2352,33.4836049,126.3774751,2024-08-06,I,2026-05-15 18:45:29,2024-08-06 15:05:46
6510000,202465100000701054,사평마을 (오라1동방면),정류장천정,제주특별자치도,제주시,교통시설,KT,Jeju Free Wifi,,,제주특별자치도 제주시 오라이동 1208-2,제주특별자치도 정보정책과,064-710-2352,33.4926225,126.5119485,2024-08-06,I,2026-05-15 18:45:29,2024-08-06 15:05:49
6510000,202465100000701205,용담1동주민센터 (제주중학교/제주향교방면),길건너 정류장 방향 지향 1개,제주특별자치도,제주시,교통시설,KT,Jeju Free Wifi,,제주특별자치도 제주시 서문로 17,제주특별자치도 제주시 용담일동 305-6,제주특별자치도 정보정책과,064-710-2352,33.5100662,126.5133182,2024-08-06,I,2026-05-15 18:45:29,2024-08-06 15:05:51
6510000,202465100000700868,월산정수장입구 (정존마을방면),버스정류장 상부,제주특별자치도,제주시,교통시설,KT,Jeju Free Wifi,,,제주특별자치도 제주시 노형동 2267-9,제주특별자치도 정보정책과,064-710-2352,33.4783444,126.4685133,2024-08-06,I,2026-05-15 18:45:29,2024-08-06 15:05:47
6510000,202465100000700709,신노형제1어린이공원,CCTV POLE,제주특별자치도,제주시,편의시설,KT,Jeju Free Wifi,,,제주특별자치도 제주시 노형동 3790-1,제주특별자치도 정보정책과,064-710-2352,33.4832444,126.47839,2024-08-06,I,2026-05-15 18:45:29,2024-08-06 15:05:46
6510000,202465100000701262,제주교통방송 아라아이파크 (금천마을방면),반대편 버스정류장 남쪽 외부 상단,제주특별자치도,제주시,교통시설,KT,Jeju Free Wifi,,,제주특별자치도 제주시 아라이동 914-6,제주특별자치도 정보정책과,064-710-2352,33.4777209,126.5493201,2024-08-06,I,2026-05-15 18:45:29,2024-08-06 15:05:51
6510000,202465100000701627,14-1코스,중계기 - 저지리 알못 방향,제주특별자치도,제주시,관광,KT,Jeju Free Wifi,,,제주특별자치도 제주시 한경면 저지리 2178-4,제주특별자치도 정보정책과,064-710-2352,33.3352222,126.2747819,2024-08-06,I,2026-05-15 18:45:29,2024-08-06 15:05:55
6510000,202465100000701428,노형근린공원,공원내 화장실 앞 가로등,제주특별자치도,제주시,편의시설,KT,Jeju Free Wifi,,제주특별자치도 제주시 과원북2길 1,제주특별자치도 제주시 노형동 731-3,제주특별자치도 정보정책과,064-710-2352,33.4791714,126.482969,2024-08-06,I,2026-05-15 18:45:29,2024-08-06 15:05:53
6510000,202465100000701677,제주목관아-3,목관아 서쪽 클린하우스 폴대 동,제주특별자치도,제주시,관광,KT,Jeju Free Wifi,,제주특별자치도 제주시 관덕로 25,제주특별자치도 제주시 삼도이동 1045-1,제주특별자치도 정보정책과,064-710-2358,33.5140017100,126.5218039000,2024-08-06,I,2026-05-15 18:45:29,2024-08-06 15:05:56
6510000,202465100000701576,1-89호공원,CCTV pole,제주특별자치도,제주시,편의시설,KT,Jeju Free Wifi,,,제주특별자치도 제주시 노형동 2511-1,제주특별자치도 정보정책과,064-710-2352,33.4845334,126.4710512,2024-08-06,I,2026-05-15 18:45:29,2024-08-06 15:05:55
6510000,202465100000700585,이도공원,CCTV폴에 지향1개,제주특별자치도,제주시,편의시설,KT,Jeju Free Wifi,,제주특별자치도 제주시 이도공원동길 6,제주특별자치도 제주시 이도이동 440,제주특별자치도 정보정책과,064-710-2352,33.4972515,126.544152,2024-08-06,I,2026-05-15 18:45:29,2024-08-06 15:05:45
6510000,202465100000700764,샘물공원,CCTV POLE,제주특별자치도,제주시,편의시설,KT,Jeju Free Wifi,,,제주특별자치도 제주시 조천읍 함덕리 272-74,제주특별자치도 정보정책과,064-710-2352,33.5404647,126.6751222,2024-08-06,I,2026-05-15 18:45:29,2024-08-06 15:05:46
6510000,202465100000700143,탑동 테마거리,관리사무소 외벽에 지향 1개,제주특별자치도,제주시,관광,KT,Jeju Free Wifi,,제주특별자치도 제주시 중앙로 1,제주특별자치도 제주시 건입동 1444,제주특별자치도 정보정책과,064-710-2352,33.5181047,126.5266134,2024-08-06,I,2026-05-15 18:45:29,2024-08-06 15:05:41
6510000,202465100000701110,제주여자중고등학교(광양방면) [405002044],북쪽 정류장 인근 IP주,제주특별자치도,제주시,교통시설,KT,Jeju Free Wifi,,제주특별자치도 제주시 간월동로 6,제주특별자치도 제주시 아라이동 1370-4,제주특별자치도 정보정책과,064-710-2352,33.4852077,126.5434928,2024-08-06,I,2026-05-15 18:45:29,2024-08-06 15:05:50
6510000,202465100000701655,120호공원,CCTV POLE,제주특별자치도,제주시,편의시설,KT,Jeju Free Wifi,,,제주특별자치도 제주시 아라일동 6131-3,제주특별자치도 정보정책과,064-710-2352,33.4727623,126.5485529,2024-08-06,I,2026-05-15 18:45:29,2024-08-06 15:05:55
6510000,202465100000700578,이호테우해변(이호테우해수욕장),이호비치화장실 지붕 서,제주특별자치도,제주시,관광,KT,Jeju Free Wifi,,제주특별자치도 제주시 서해안로 45-18,제주특별자치도 제주시 이호일동 431-2,제주특별자치도 정보정책과,064-710-2352,33.4997052,126.4549442,2024-08-06,I,2026-05-15 18:45:29,2024-08-06 15:05:45
6510000,202465100000701216,아라초등학교 (아라주공아파트방면),CCTV pole에서 아라초 정문 앞 정류장 방향으로 지향성 1개,제주특별자치도,제주시,교통시설,KT,Jeju Free Wifi,,제주특별자치도 제주시 중앙로 527,제주특별자치도 제주시 아라일동 6103-6,제주특별자치도 정보정책과,064-710-2352,33.4763177,126.5449863,2024-08-06,I,2026-05-15 18:45:29,2024-08-06 15:05:51
6510000,202465100000700132,하도 해변,화장실 남쪽 지붕 동,제주특별자치도,제주시,관광,KT,Jeju Free Wifi,,제주특별자치도 제주시 구좌읍 해맞이해안로 1973,제주특별자치도 제주시 구좌읍 하도리 46-3,제주특별자치도 정보정책과,064-710-2352,33.5135156,126.8987863,2024-08-06,I,2026-05-15 18:45:29,2024-08-06 15:05:41
6510000,202465100000700913,렛츠런파크 (새마을금고연수원방면),렛츠런파크[서] 버스정류소 위 (건너편 정류장 방향),제주특별자치도,제주시,교통시설,KT,Jeju Free Wifi,,,제주특별자치도 제주시 애월읍 소길리 산186-1,제주특별자치도 정보정책과,064-710-2352,33.4100041,126.3928413,2024-08-06,I,2026-05-15 18:45:29,2024-08-06 15:05:48
6510000,202465100000700074,한림종합운동장,한림종합운동장 기둥 북,제주특별자치도,제주시,지역문화시설,KT,Jeju Free Wifi,,제주특별자치도 제주시 한림읍 한림중앙로 71-9,제주특별자치도 제주시 한림읍 한림리 887-2,제주특별자치도 정보정책과,064-710-2352,33.4092593,126.2684929,2024-08-06,I,2026-05-15 18:45:29,2024-08-06 15:05:41
6510000,202465100000700777,삼화제2근린공원,CCTV POLE,제주특별자치도,제주시,편의시설,KT,Jeju Free Wifi,,,제주특별자치도 제주시 삼양이동 2315,제주특별자치도 정보정책과,064-710-2352,33.51873,126.5832947,2024-08-06,I,2026-05-15 18:45:29,2024-08-06 15:05:47
6510000,202465100000701680,삼성혈 문화의 거리 #2-3,어린이CCTV 북동,제주특별자치도,제주시,관광,KT,Jeju Free Wifi,,제주특별자치도 제주시 삼성로 19,,제주특별자치도 정보정책과,064-710-2361,33.50561517,126.5277674,2024-08-06,I,2026-05-15 18:45:29,2024-08-06 15:05:56
6510000,202465100000700527,전기차충전소_세화오일장,충전소 옆 벽면,제주특별자치도,제주시,교통시설,KT,Jeju Free Wifi,,,제주특별자치도 제주시 구좌읍 세화리 1500-41,제주특별자치도 정보정책과,064-710-2352,33.5250601,126.8564201,2024-08-06,I,2026-05-15 18:45:29,2024-08-06 15:05:44
6510000,202465100000700358,제주동문시장,봉다방 앞 주차관리실 CCTV Pole,제주특별자치도,제주시,기타,KT,Jeju Free Wifi,,제주특별자치도 제주시 중앙로13길 21,제주특별자치도 제주시 일도일동 1484-7,제주특별자치도 정보정책과,064-710-2352,33.5116067,126.5267989,2024-08-06,I,2026-05-15 18:45:29,2024-08-06 15:05:43
6510000,202465100000701729,이도공원,화장실 외벽 (남벽(방수함)),제주특별자치도,제주시,편의시설,KT,Jeju Free Wifi,,제주특별자치도 제주시 이도공원동길 6,제주특별자치도 제주시 이도이동 440,제주특별자치도 정보정책과,064-710-2410,33.4978154400,126.5444891000,2024-08-06,I,2026-05-15 18:45:29,2024-08-06 15:05:56
6510000,202465100000700258,제주세계자연유산센터,옥상 탐방안내소 방향,제주특별자치도,제주시,관광,KT,Jeju Free Wifi,,제주특별자치도 제주시 조천읍 선교로 569-36,제주특별자치도 제주시 조천읍 선흘리 478,제주특별자치도 정보정책과,064-710-2352,33.4569595,126.7145245,2024-08-06,I,2026-05-15 18:45:29,2024-08-06 15:05:42
6510000,202465100000700962,관전동 (연대마을방면),버스정류장 천장,제주특별자치도,제주시,교통시설,KT,Jeju Free Wifi,,,제주특별자치도 제주시 애월읍 하귀1리 264-3,제주특별자치도 정보정책과,064-710-2352,33.4888024,126.4189747,2024-08-06,I,2026-05-15 18:45:29,2024-08-06 15:05:48
6510000,202465100000700450,전기차충전소_한라도서관,충전소 옆 전기IP주,제주특별자치도,제주시,교통시설,KT,Jeju Free Wifi,,제주특별자치도 제주시 오남로 221,제주특별자치도 제주시 오라이동 899-3,제주특별자치도 정보정책과,064-710-2352,33.4762796,126.5159181,2024-08-06,I,2026-05-15 18:45:29,2024-08-06 15:05:44
6510000,202465100000701653,1-21호어린이공원,CCTV pole 놀이틀방향,제주특별자치도,제주시,편의시설,KT,Jeju Free Wifi,,,제주특별자치도 제주시 삼양이동 2154-1,제주특별자치도 정보정책과,064-710-2352,33.5200817,126.5800865,2024-08-06,I,2026-05-15 18:45:29,2024-08-06 15:05:55
6510000,202465100000701604,1-68호어린이공원,CCTV pole 스피커 위,제주특별자치도,제주시,편의시설,KT,Jeju Free Wifi,,,제주특별자치도 제주시 연동 1504-2,제주특별자치도 정보정책과,064-710-2352,33.4796895,126.4914378,2024-08-06,I,2026-05-15 18:45:29,2024-08-06 15:05:55
6510000,202465100000701112,제주중앙 여자중학교 (삼도1동 주민센터방면),정류장 지붕,제주특별자치도,제주시,교통시설,KT,Jeju Free Wifi,,제주특별자치도 제주시 서사로 76,제주특별자치도 제주시 삼도일동 787-11,제주특별자치도 정보정책과,064-710-2352,33.505653,126.5197109,2024-08-06,I,2026-05-15 18:45:29,2024-08-06 15:05:50
6510000,202465100000701407,더마파크,매표소내 사무실(매표소포함),제주특별자치도,제주시,관광,KT,Jeju Free Wifi,,제주특별자치도 제주시 한림읍 월림7길 155,제주특별자치도 제주시 한림읍 월림리 산 8,제주특별자치도 정보정책과,064-710-2352,33.3550487,126.2427533,2024-08-06,I,2026-05-15 18:45:29,2024-08-06 15:05:53
6510000,202465100000700297,제주동문시장,지하 수 타코 음식점 앞 벽면 위,제주특별자치도,제주시,기타,KT,Jeju Free Wifi,,제주특별자치도 제주시 동문로4길 9,제주특별자치도 제주시 일도일동 1103,제주특별자치도 정보정책과,064-710-2352,33.5122093,126.5281986,2024-08-06,I,2026-05-15 18:45:29,2024-08-06 15:05:42
6510000,202465100000700565,전기차충전소_6호광장 서쪽 공영주차장,IP주 지향1개,제주특별자치도,제주시,교통시설,KT,Jeju Free Wifi,,제주특별자치도 제주시 동광로23길 20,제주특별자치도 제주시 일도이동 510,제주특별자치도 정보정책과,064-710-2352,33.5117316,126.5442324,2024-08-06,I,2026-05-15 18:45:29,2024-08-06 15:05:45
6510000,202465100000701005,오광로입구 (이호2동방면),정류장천정,제주특별자치도,제주시,교통시설,KT,Jeju Free Wifi,,,제주특별자치도 제주시 이호이동 1587-1,제주특별자치도 정보정책과,064-710-2352,33.4953848,126.4562369,2024-08-06,I,2026-05-15 18:45:29,2024-08-06 15:05:49
6510000,202465100000701213,아라초등학교 (제주교통방송 아라아이파크방면),개밥이여기있었네 맞은편 정류장 방향 지향성 1개,제주특별자치도,제주시,교통시설,KT,Jeju Free Wifi,,제주특별자치도 제주시 아봉로 1,제주특별자치도 제주시 아라이동 1574,제주특별자치도 정보정책과,064-710-2352,33.4777647,126.5445964,2024-08-06,I,2026-05-15 18:45:29,2024-08-06 15:05:51
6510000,202465100000701080,라마다 프라자 제주호텔 (제주해변공연장방면),정류장천정,제주특별자치도,제주시,교통시설,KT,Jeju Free Wifi,,,제주특별자치도 제주시 삼도이동 1207-2,제주특별자치도 정보정책과,064-710-2352,33.5182068,126.5185391,2024-08-06,I,2026-05-15 18:45:29,2024-08-06 15:05:50
6510000,202465100000701367,문화예술의 거리,어린이 CCTV 남,제주특별자치도,제주시,관광,KT,Jeju Free Wifi,,제주특별자치도 제주시 중앙로14길 21,제주특별자치도 제주시 삼도이동 154,제주특별자치도 정보정책과,064-710-2352,33.5109023,126.5221614,2024-08-06,I,2026-05-15 18:45:29,2024-08-06 15:05:53
6510000,202465100000701058,영평상동마을회관 (신성여자중고등학교방면),정류장 천정,제주특별자치도,제주시,교통시설,KT,Jeju Free Wifi,,,제주특별자치도 제주시 영평동 1878-15,제주특별자치도 정보정책과,064-710-2352,33.4768227,126.5682161,2024-08-06,I,2026-05-15 18:45:29,2024-08-06 15:05:49
6510000,202465100000700011,홍익영아원,베드레햄 2층 내부,제주특별자치도,제주시,서민·복지시설,KT,Jeju Free Wifi,,제주특별자치도 제주시 화삼로 145,제주특별자치도 제주시 도련일동 1888,제주특별자치도 정보정책과,064-710-2352,33.5168018,126.5857694,2024-08-06,I,2026-05-15 18:45:29,2024-08-06 15:05:40
6510000,202465100000701626,14-1코스,중계기 - 강정동산 방향 일대,제주특별자치도,제주시,관광,KT,Jeju Free Wifi,,,제주특별자치도 제주시 한경면 저지리 2178-4,제주특별자치도 정보정책과,064-710-2352,33.3352222,126.2747819,2024-08-06,I,2026-05-15 18:45:29,2024-08-06 15:05:55
6510000,202465100000700442,전기차충전소_해녀박물관,박물관 외벽,제주특별자치도,제주시,교통시설,KT,Jeju Free Wifi,,제주특별자치도 제주시 구좌읍 해녀박물관길 25,제주특별자치도 제주시 구좌읍 하도리 3204-1,제주특별자치도 정보정책과,064-710-2352,33.5226714,126.8643204,2024-08-06,I,2026-05-15 18:45:29,2024-08-06 15:05:44
6510000,202465100000700536,전기차충전소_보건환경연구원,충전소 뒤 변전실 울타리 기둥 상단,제주특별자치도,제주시,교통시설,KT,Jeju Free Wifi,,제주특별자치도 제주시 삼동길 41,제주특별자치도 제주시 연동 1452-1,제주특별자치도 정보정책과,064-710-2352,33.4799228,126.4950594,2024-08-06,I,2026-05-15 18:45:29,2024-08-06 15:05:44
6510000,202465100000700134,하고수동해수욕장,IP 주,제주특별자치도,제주시,관광,KT,Jeju Free Wifi,,,제주특별자치도 제주시 우도면 연평리 682-6,제주특별자치도 정보정책과,064-710-2352,33.5122389,126.9597018,2024-08-06,I,2026-05-15 18:45:29,2024-08-06 15:05:41
6510000,202465100000700279,제주동문시장,6번 게이트 중앙,제주특별자치도,제주시,기타,KT,Jeju Free Wifi,,제주특별자치도 제주시 오현길 90,제주특별자치도 제주시 이도일동 1349-17,제주특별자치도 정보정책과,064-710-2352,33.5126938,126.5257258,2024-08-06,I,2026-05-15 18:45:29,2024-08-06 15:05:42
6510000,202465100000701617,14코스(흴체어구간),IP주,제주특별자치도,제주시,관광,KT,Jeju Free Wifi,,제주특별자치도 제주시 한림읍 금능7길 14-8,제주특별자치도 제주시 한림읍 금능리 1494-17,제주특별자치도 정보정책과,064-710-2352,33.389643,126.2289676,2024-08-06,I,2026-05-15 18:45:29,2024-08-06 15:05:55
6510000,202465100000701176,한담동 (곽지모우물방면),길건너 정류장 방향 지향 1개,제주특별자치도,제주시,교통시설,KT,Jeju Free Wifi,,제주특별자치도 제주시 애월읍 애월로 44,제주특별자치도 제주시 애월읍 애월리 2154-1,제주특별자치도 정보정책과,064-710-2352,33.4624137,126.3129564,2024-08-06,I,2026-05-15 18:45:29,2024-08-06 15:05:51
6510000,202465100000701726,버스정류소_중앙로(국민은행),버스정보시스템내부,제주특별자치도,제주시,교통시설,KT,Jeju Free Wifi,,제주특별자치도 제주시 중앙로 88,제주특별자치도 제주시 이도일동 1468-1,제주특별자치도 정보정책과,064-710-2407,33.5106262858,126.5238041814,2024-08-06,I,2026-05-15 18:45:29,2024-08-06 15:05:56
6510000,202465100000700096,한라생태숲,안내소 벽면 남,제주특별자치도,제주시,관광,KT,Jeju Free Wifi,,제주특별자치도 제주시 516로 2596,제주특별자치도 제주시 용강동 산 14-1,제주특별자치도 정보정책과,064-710-2352,33.4282925,126.6047761,2024-08-06,I,2026-05-15 18:45:29,2024-08-06 15:05:41
6510000,202465100000700798,삼다공원,교육청 서쪽 클린하우스 pole,제주특별자치도,제주시,편의시설,KT,Jeju Free Wifi,,,제주특별자치도 제주시 연동 301-15,제주특별자치도 정보정책과,064-710-2352,33.49037,126.4971275,2024-08-06,I,2026-05-15 18:45:29,2024-08-06 15:05:47
6510000,202465100000700218,제주종합비지니스센터,1층 관광협회 홍보관,제주특별자치도,제주시,관공서,KT,Jeju Free Wifi,,제주특별자치도 제주시 첨단로 213-65,제주특별자치도 제주시 영평동 2170-4,제주특별자치도 정보정책과,064-710-2352,33.4523976,126.5727907,2024-08-06,I,2026-05-15 18:45:29,2024-08-06 15:05:42
6510000,202465100000700427,절물자연휴양림,연못 옆 자판기 북동,제주특별자치도,제주시,관광,KT,Jeju Free Wifi,,제주특별자치도 제주시 명림로 584,제주특별자치도 제주시 봉개동 산 78-1,제주특별자치도 정보정책과,064-710-2352,33.4313587,126.6225876,2024-08-06,I,2026-05-15 18:45:29,2024-08-06 15:05:43
6510000,202465100000700296,제주동문시장,지하 제주포 음식점 앞 기둥 위,제주특별자치도,제주시,기타,KT,Jeju Free Wifi,,제주특별자치도 제주시 동문로4길 9,제주특별자치도 제주시 일도일동 1103,제주특별자치도 정보정책과,064-710-2352,33.5122093,126.5281986,2024-08-06,I,2026-05-15 18:45:29,2024-08-06 15:05:42
6510000,202465100000701030,근로복지공단 (동광초등학교방면),지붕,제주특별자치도,제주시,교통시설,KT,Jeju Free Wifi,,제주특별자치도 제주시 삼성로9길 18-1,제주특별자치도 제주시 일도이동 115,제주특별자치도 정보정책과,064-710-2352,33.5002855,126.5476309,2024-08-06,I,2026-05-15 18:45:29,2024-08-06 15:05:49
6510000,202465100000700345,제주동문시장,애경상회 앞 아케이드 위,제주특별자치도,제주시,기타,KT,Jeju Free Wifi,,제주특별자치도 제주시 오현길 78-5,제주특별자치도 제주시 이도일동 1342-1,제주특별자치도 정보정책과,064-710-2352,33.5119714,126.5256304,2024-08-06,I,2026-05-15 18:45:29,2024-08-06 15:05:43
6510000,202465100000700681,애월국민체육센터,지하 1층 헬스장,제주특별자치도,제주시,지역문화시설,KT,Jeju Free Wifi,,제주특별자치도 제주시 애월읍 하귀동남1길 22,제주특별자치도 제주시 애월읍 하귀1리 199,제주특별자치도 정보정책과,064-710-2352,33.4848874,126.4138599,2024-08-06,I,2026-05-15 18:45:29,2024-08-06 15:05:46
6510000,202465100000700664,에코촌 유스호스텔,2층 강당,제주특별자치도,제주시,관광,KT,Jeju Free Wifi,,제주특별자치도 제주시 조천읍 북흘로 376-9,제주특별자치도 제주시 조천읍 선흘리 2610,제주특별자치도 정보정책과,064-710-2352,33.516752,126.7040073,2024-08-06,I,2026-05-15 18:45:29,2024-08-06 15:05:46
6510000,202465100000700241,제주의료원,12병동 벽면,제주특별자치도,제주시,기타,KT,Jeju Free Wifi,,제주특별자치도 제주시 산천단남길 10,제주특별자치도 제주시 아라일동 4-17,제주특별자치도 정보정책과,064-710-2352,33.4457069,126.5594571,2024-08-06,I,2026-05-15 18:45:29,2024-08-06 15:05:42
6510000,202465100000701365,문화의 거리,버스정류장 동,제주특별자치도,제주시,관광,KT,Jeju Free Wifi,,제주특별자치도 제주시 관덕로 16-1,제주특별자치도 제주시 삼도이동 956-1,제주특별자치도 정보정책과,064-710-2352,33.5128362,126.5210308,2024-08-06,I,2026-05-15 18:45:29,2024-08-06 15:05:53
6510000,202465100000701119,제주한라대학교 (제주고등학교/중흥S클래스방면),옥상 서쪽 난간 POLE,제주특별자치도,제주시,교통시설,KT,Jeju Free Wifi,,제주특별자치도 제주시 한라대학로 33,제주특별자치도 제주시 노형동 3813-6,제주특별자치도 정보정책과,064-710-2352,33.4785437,126.4751693,2024-08-06,I,2026-05-15 18:45:29,2024-08-06 15:05:50
6510000,202465100000701710,애월체육관,2층 홀 (관리사무실 앞),제주특별자치도,제주시,관공서,KT,Jeju Free Wifi,,제주특별자치도 제주시 애월읍 일주서로 6361,제주특별자치도 제주시 애월읍 고내리 1356,제주특별자치도 정보정책과,064-710-2391,33.4629002535,126.3336050284,2024-08-06,I,2026-05-15 18:45:29,2024-08-06 15:05:56
6510000,202465100000701134,월랑마을 남녕고등학교 (노형오거리방면),제주하와이오피스텔 옥상 통신폴,제주특별자치도,제주시,교통시설,KT,Jeju Free Wifi,,제주특별자치도 제주시 도령로 40,제주특별자치도 제주시 노형동 905-3,제주특별자치도 정보정책과,064-710-2352,33.4879493,126.48344,2024-08-06,I,2026-05-15 18:45:29,2024-08-06 15:05:50
6510000,202465100000700417,절물자연휴양림,휴양관 서쪽 벽면,제주특별자치도,제주시,관광,KT,Jeju Free Wifi,,제주특별자치도 제주시 명림로 584,제주특별자치도 제주시 봉개동 산78-1,제주특별자치도 정보정책과,064-710-2352,33.4313587,126.6225876,2024-08-06,I,2026-05-15 18:45:29,2024-08-06 15:05:43
6510000,202465100000700642,용담해안 카페촌거리,가로등제어기 옆 KT IP주 동,제주특별자치도,제주시,관광,KT,Jeju Free Wifi,,제주특별자치도 제주시 서해안로 452,제주특별자치도 제주시 용담삼동 2396,제주특별자치도 정보정책과,064-710-2352,33.5177544,126.4878174,2024-08-06,I,2026-05-15 18:45:29,2024-08-06 15:05:45
6510000,202465100000700209,제주환상자전거길,실내 천정,제주특별자치도,제주시,관광,KT,Jeju Free Wifi,,,제주특별자치도 제주시 한경면 판포리 1608,제주특별자치도 정보정책과,064-710-2352,33.3700318,126.2061678,2024-08-06,I,2026-05-15 18:45:29,2024-08-06 15:05:42
6510000,202465100000701146,제주중앙고등학교 (가시나물방면),정류장 지붕에 무지향 1개,제주특별자치도,제주시,교통시설,KT,Jeju Free Wifi,,제주특별자치도 제주시 아봉로 323,제주특별자치도 제주시 월평동 1236,제주특별자치도 정보정책과,064-710-2352,33.474196,126.5726378,2024-08-06,I,2026-05-15 18:45:29,2024-08-06 15:05:50
6510000,202465100000701376,메이즈랜드,출입구 좌측돌하르방 뒤 탐방로방향,제주특별자치도,제주시,관광,KT,Jeju Free Wifi,,제주특별자치도 제주시 구좌읍 비자림로 2134-47,제주특별자치도 제주시 구좌읍 평대리 3322,제주특별자치도 정보정책과,064-710-2352,33.4887233,126.8009119,2024-08-06,I,2026-05-15 18:45:29,2024-08-06 15:05:53
6510000,202465100000701115,한라수목원 (종점방면),정류장 옆 가로등에 지향,제주특별자치도,제주시,교통시설,KT,Jeju Free Wifi,,제주특별자치도 제주시 1100로 3178,제주특별자치도 제주시 노형동 103-1,제주특별자치도 정보정책과,064-710-2352,33.4701044,126.4854076,2024-08-06,I,2026-05-15 18:45:29,2024-08-06 15:05:50
6510000,202465100000700238,제주의료원,12병동 벽면,제주특별자치도,제주시,기타,KT,Jeju Free Wifi,,제주특별자치도 제주시 산천단남길 10,제주특별자치도 제주시 아라일동 4-17,제주특별자치도 정보정책과,064-710-2352,33.4457069,126.5594571,2024-08-06,I,2026-05-15 18:45:29,2024-08-06 15:05:42
6510000,202465100000701405,도남공원,CCTV폴에 북서쪽으로 지향 1개,제주특별자치도,제주시,편의시설,KT,Jeju Free Wifi,,제주특별자치도 제주시 독짓골6길 15,제주특별자치도 제주시 도남동 79-8,제주특별자치도 정보정책과,064-710-2352,33.4919658,126.5317155,2024-08-06,I,2026-05-15 18:45:29,2024-08-06 15:05:53
6510000,202465100000701191,제주고등학교 (부영아파트방면),IP주에 무지향 1개,제주특별자치도,제주시,교통시설,KT,Jeju Free Wifi,,제주특별자치도 제주시 1100로 3228,제주특별자치도 제주시 노형동 701-3,제주특별자치도 정보정책과,064-710-2352,33.4746156,126.4842103,2024-08-06,I,2026-05-15 18:45:29,2024-08-06 15:05:51
6510000,202465100000700105,한라산국립공원_어리목탐방로입구,탐방로 입구 상부,제주특별자치도,제주시,편의시설,KT,Jeju Free Wifi,,제주특별자치도 제주시 1100로 2070-61,제주특별자치도 제주시 해안동 산 220-13,제주특별자치도 정보정책과,064-710-2352,33.3922369,126.4943907,2024-08-06,I,2026-05-15 18:45:29,2024-08-06 15:05:41
6510000,202465100000700462,전기차충전소_축산진흥원,건물 옥상에서 충전소 방향,제주특별자치도,제주시,교통시설,KT,Jeju Free Wifi,,제주특별자치도 제주시 신비마을길 13,제주특별자치도 제주시 노형동 315-7,제주특별자치도 정보정책과,064-710-2352,33.4446218,126.4857969,2024-08-06,I,2026-05-15 18:45:29,2024-08-06 15:05:44
6510000,202465100000701237,도호동 (연동주민센터방면),정류장 지붕에 무지향 1개,제주특별자치도,제주시,교통시설,KT,Jeju Free Wifi,,제주특별자치도 제주시 노연로 138,제주특별자치도 제주시 연동 294-39,제주특별자치도 정보정책과,064-710-2352,33.4855569,126.495005,2024-08-06,I,2026-05-15 18:45:29,2024-08-06 15:05:51
6510000,202465100000700242,제주의료원,23병동 2층 휴게실 천정,제주특별자치도,제주시,기타,KT,Jeju Free Wifi,,제주특별자치도 제주시 산천단남길 10,제주특별자치도 제주시 아라일동 4-17,제주특별자치도 정보정책과,064-710-2352,33.4457069,126.5594571,2024-08-06,I,2026-05-15 18:45:29,2024-08-06 15:05:42
6510000,202465100000701095,수선화아파트 (이도초등학교방면),정류장 천정,제주특별자치도,제주시,교통시설,KT,Jeju Free Wifi,,제주특별자치도 제주시 도남로 130,제주특별자치도 제주시 도남동 96,제주특별자치도 정보정책과,064-710-2352,33.4890912,126.5295583,2024-08-06,I,2026-05-15 18:45:29,2024-08-06 15:05:50
6510000,202465100000701199,이도주공아파트 (이도초등학교방면),길건너 정류장 방향 지향 1개,제주특별자치도,제주시,교통시설,KT,Jeju Free Wifi,,제주특별자치도 제주시 구남로 36,제주특별자치도 제주시 이도이동 1997-16,제주특별자치도 정보정책과,064-710-2352,33.4901183,126.5340601,2024-08-06,I,2026-05-15 18:45:29,2024-08-06 15:05:51
6510000,202465100000700428,절물자연휴양림,관리사무소 벽면 북,제주특별자치도,제주시,관광,KT,Jeju Free Wifi,,제주특별자치도 제주시 명림로 584,제주특별자치도 제주시 봉개동 산 78-1,제주특별자치도 정보정책과,064-710-2352,33.4313587,126.6225876,2024-08-06,I,2026-05-15 18:45:29,2024-08-06 15:05:43
6510000,202465100000700396,절물자연휴양림,주차 매표소 벽,제주특별자치도,제주시,관광,KT,Jeju Free Wifi,,제주특별자치도 제주시 명림로 584,제주특별자치도 제주시 봉개동 산 78-1,제주특별자치도 정보정책과,064-710-2352,33.4313587,126.6225876,2024-08-06,I,2026-05-15 18:45:29,2024-08-06 15:05:43
6510000,202465100000701118,한국병원 (제주버스터미널방면),정류장 지붕에 무지향,제주특별자치도,제주시,교통시설,KT,Jeju Free Wifi,,제주특별자치도 제주시 서광로 203,제주특별자치도 제주시 삼도일동 519-8,제주특별자치도 정보정책과,064-710-2352,33.5001888,126.5181467,2024-08-06,I,2026-05-15 18:45:29,2024-08-06 15:05:50
6510000,202465100000701720,버스정류소_제주버스터미널,버스정보시스템내부,제주특별자치도,제주시,교통시설,KT,Jeju Free Wifi,,,제주특별자치도 제주시 오라일동 2455-2,제주특별자치도 정보정책과,064-710-2401,33.4999781911,126.5141836412,2024-08-06,I,2026-05-15 18:45:29,2024-08-06 15:05:56
6510000,202465100000701621,14코스,저지예술정보화마을 옥상 서,제주특별자치도,제주시,관광,KT,Jeju Free Wifi,,제주특별자치도 제주시 한경면 중산간서로 3687,제주특별자치도 제주시 한경면 저지리 1843-2,제주특별자치도 정보정책과,064-710-2352,33.3336881,126.2559632,2024-08-06,I,2026-05-15 18:45:29,2024-08-06 15:05:55
6510000,202465100000700321,제주동문시장,제라한 오메기떡 아케이드 위,제주특별자치도,제주시,기타,KT,Jeju Free Wifi,,제주특별자치도 제주시 동문로 6-8,제주특별자치도 제주시 일도일동 1482-1,제주특별자치도 정보정책과,064-710-2352,33.5122406,126.5270357,2024-08-06,I,2026-05-15 18:45:29,2024-08-06 15:05:43
6510000,202465100000701650,1-23호어린이공원,CCTV pole,제주특별자치도,제주시,편의시설,KT,Jeju Free Wifi,,,제주특별자치도 제주시 삼양일동 1647-12,제주특별자치도 정보정책과,064-710-2352,33.526052,126.5905167,2024-08-06,I,2026-05-15 18:45:29,2024-08-06 15:05:55
6510000,202465100000701606,15코스,기지국 - 마을회관 방향 쉼터,제주특별자치도,제주시,관광,KT,Jeju Free Wifi,,제주특별자치도 제주시 한림읍 귀덕남1길 17,제주특별자치도 제주시 한림읍 귀덕리 1573,제주특별자치도 정보정책과,064-710-2352,33.434317,126.2948123,2024-08-06,I,2026-05-15 18:45:29,2024-08-06 15:05:55
6510000,202465100000700375,제주다문화교육센터,1층 로비,제주특별자치도,제주시,관공서,KT,Jeju Free Wifi,,제주특별자치도 제주시 조천읍 신흥로2길 2-21,제주특별자치도 제주시 조천읍 신흥리 94,제주특별자치도 정보정책과,064-710-2352,33.5483475,126.6536608,2024-08-06,I,2026-05-15 18:45:29,2024-08-06 15:05:43
6510000,202465100000700125,한경도서관,1층 홀 천장,제주특별자치도,제주시,관공서,KT,Jeju Free Wifi,,제주특별자치도 제주시 한경면 신한로 13,제주특별자치도 제주시 한경면 신창리 236-1,제주특별자치도 정보정책과,064-710-2352,33.3501196,126.1846412,2024-08-06,I,2026-05-15 18:45:29,2024-08-06 15:05:41
6510000,202465100000701526,20코스,인접 IP주 옛등대방향,제주특별자치도,제주시,관광,KT,Jeju Free Wifi,,제주특별자치도 제주시 구좌읍 김녕로1길 89-3,제주특별자치도 제주시 구좌읍 김녕리 1277-14,제주특별자치도 정보정책과,064-710-2352,33.5576522,126.7526745,2024-08-06,I,2026-05-15 18:45:29,2024-08-06 15:05:54
6510000,202465100000701169,원노형마을 (제주제일고등학교방면),길건너 정류장 방향 지향 1개,제주특별자치도,제주시,교통시설,KT,Jeju Free Wifi,,제주특별자치도 제주시 1100로 3348,제주특별자치도 제주시 노형동 919,제주특별자치도 정보정책과,064-710-2352,33.4849644,126.4804364,2024-08-06,I,2026-05-15 18:45:29,2024-08-06 15:05:50
6510000,202465100000701490,교래닭특화거리,CCTV pole,제주특별자치도,제주시,관광,KT,Jeju Free Wifi,,제주특별자치도 제주시 조천읍 비자림로 661,제주특별자치도 제주시 조천읍 교래리 534,제주특별자치도 정보정책과,064-710-2352,33.4372663,126.6774456,2024-08-06,I,2026-05-15 18:45:29,2024-08-06 15:05:54
6510000,202465100000700538,전기차충전소_벤처마루 후문,옥상에서 벤처마루전기차충전소 방향 지향성 1개,제주특별자치도,제주시,교통시설,KT,Jeju Free Wifi,,제주특별자치도 제주시 동광로2길 13,제주특별자치도 제주시 이도이동 1176-53,제주특별자치도 정보정책과,064-710-2352,33.5002075,126.5310706,2024-08-06,I,2026-05-15 18:45:29,2024-08-06 15:05:44
6510000,202465100000700505,전기차충전소_외도일동 공영주차장,전기차충전소인근 IP주,제주특별자치도,제주시,교통시설,KT,Jeju Free Wifi,,,제주특별자치도 제주시 외도일동 497-16,제주특별자치도 정보정책과,064-710-2352,33.4876852,126.4296684,2024-08-06,I,2026-05-15 18:45:29,2024-08-06 15:05:44
6510000,202465100000700869,광평동로 (제주한라대학교방면),버스정류장 상부,제주특별자치도,제주시,교통시설,KT,Jeju Free Wifi,,제주특별자치도 제주시 광평동로 19,제주특별자치도 제주시 노형동 2466-1,제주특별자치도 정보정책과,064-710-2352,33.4818918,126.4703122,2024-08-06,I,2026-05-15 18:45:29,2024-08-06 15:05:47
6510000,202465100000700985,한림주유소 (한림환승정류장(한림리)방면),버스정류장 옆 면-건너편 한림주유소(서) 정류장방향,제주특별자치도,제주시,교통시설,KT,Jeju Free Wifi,,,제주특별자치도 제주시 한림읍 대림리 1818-3,제주특별자치도 정보정책과,064-710-2352,33.4172947,126.264818,2024-08-06,I,2026-05-15 18:45:29,2024-08-06 15:05:49
6510000,202465100000700540,전기차충전소_문예회관,현수막 구조물에 충전소 방향 지향 1개,제주특별자치도,제주시,교통시설,KT,Jeju Free Wifi,,제주특별자치도 제주시 동광로 69,제주특별자치도 제주시 일도이동 852,제주특별자치도 정보정책과,064-710-2352,33.5044755,126.5351848,2024-08-06,I,2026-05-15 18:45:29,2024-08-06 15:05:44
6510000,202465100000700278,제주동문시장,6번 게이트 반대편 중앙,제주특별자치도,제주시,기타,KT,Jeju Free Wifi,,제주특별자치도 제주시 오현길 90,제주특별자치도 제주시 이도일동 1349-17,제주특별자치도 정보정책과,064-710-2352,33.5126938,126.5257258,2024-08-06,I,2026-05-15 18:45:29,2024-08-06 15:05:42
6510000,202465100000701333,조천환승정류장(조천우체국) (조천리방면),조천우체국버스정류장,제주특별자치도,제주시,교통시설,KT,Jeju Free Wifi,,제주특별자치도 제주시 조천읍 신북로 249,제주특별자치도 제주시 조천읍 조천리 2360-1,제주특별자치도 정보정책과,064-710-2352,33.5377344,126.6386882,2024-08-06,I,2026-05-15 18:45:29,2024-08-06 15:05:52
6510000,202465100000700756,서문가구거리,클린하우스 서,제주특별자치도,제주시,관광,KT,Jeju Free Wifi,,제주특별자치도 제주시 서문로 55,제주특별자치도 제주시 용담일동 131-3,제주특별자치도 정보정책과,064-710-2352,33.5115617,126.5169842,2024-08-06,I,2026-05-15 18:45:29,2024-08-06 15:05:46
6510000,202465100000701584,17코스,Kt IP주 서쪽올레길 방향,제주특별자치도,제주시,관광,KT,Jeju Free Wifi,,제주특별자치도 제주시 도두항길 4-17,제주특별자치도 제주시 도두일동 산2,제주특별자치도 정보정책과,064-710-2352,33.5066565,126.4673045,2024-08-06,I,2026-05-15 18:45:29,2024-08-06 15:05:55
6510000,202465100000701351,방일리공원,CCTV폴에 북동쪽으로 지향 1개,제주특별자치도,제주시,편의시설,KT,Jeju Free Wifi,,,제주특별자치도 제주시 노형동 3812-2,제주특별자치도 정보정책과,064-710-2352,33.4779059,126.4768265,2024-08-06,I,2026-05-15 18:45:29,2024-08-06 15:05:52
6510000,202465100000701062,연동한일시티파크 (한라병원방면),CCTV POLE,제주특별자치도,제주시,교통시설,KT,Jeju Free Wifi,,제주특별자치도 제주시 도령로 108,제주특별자치도 제주시 연동 260-9,제주특별자치도 정보정책과,064-710-2352,33.4913319,126.489482,2024-08-06,I,2026-05-15 18:45:29,2024-08-06 15:05:49
6510000,202465100000701352,방일리공원,정류장 옆 가로등에 방일리공원 방향 지향성 1개,제주특별자치도,제주시,편의시설,KT,Jeju Free Wifi,,제주특별자치도 제주시 정원로 49,제주특별자치도 제주시 노형동 755,제주특별자치도 정보정책과,064-710-2352,33.4775924,126.477725,2024-08-06,I,2026-05-15 18:45:29,2024-08-06 15:05:52
6510000,202465100000700768,새별오름,상황실 외벽,제주특별자치도,제주시,관광,KT,Jeju Free Wifi,,,제주특별자치도 제주시 애월읍 봉성리 4554-14,제주특별자치도 정보정책과,064-710-2352,33.3631705,126.3585808,2024-08-06,I,2026-05-15 18:45:29,2024-08-06 15:05:47
6510000,202465100000701123,은남동 (도호동방면),정류장 지붕에 무지향 1개,제주특별자치도,제주시,교통시설,KT,Jeju Free Wifi,,제주특별자치도 제주시 노연로 100,제주특별자치도 제주시 연동 274-16,제주특별자치도 정보정책과,064-710-2352,33.4854989,126.4909713,2024-08-06,I,2026-05-15 18:45:29,2024-08-06 15:05:50
6510000,202465100000701121,제주대학교 (종점방면),정류장 IP주에 동쪽으로 지향1개,제주특별자치도,제주시,교통시설,KT,Jeju Free Wifi,,,제주특별자치도 제주시 아라이동 35-2,제주특별자치도 정보정책과,064-710-2352,33.4600302,126.5615436,2024-08-06,I,2026-05-15 18:45:29,2024-08-06 15:05:50
6510000,202465100000701267,월평마을 (제주중앙고등학교방면),월평마을 버스정류장 지붕,제주특별자치도,제주시,교통시설,KT,Jeju Free Wifi,,,제주특별자치도 제주시 월평동 1039-2,제주특별자치도 정보정책과,064-710-2352,33.4697434,126.5750882,2024-08-06,I,2026-05-15 18:45:29,2024-08-06 15:05:52
6510000,202465100000701520,21코스,가로등 올레길정자 및 공영주차장 방향,제주특별자치도,제주시,관광,KT,Jeju Free Wifi,,제주특별자치도 제주시 구좌읍 종달로1길 124-5,제주특별자치도 제주시 구좌읍 종달리 572,제주특별자치도 정보정책과,064-710-2352,33.4941831,126.90877,2024-08-06,I,2026-05-15 18:45:29,2024-08-06 15:05:54
6510000,202465100000700390,제주고산리유적안내센타,실내 안내부스 위,제주특별자치도,제주시,관광,KT,Jeju Free Wifi,,제주특별자치도 제주시 한경면 노을해안로 1100,제주특별자치도 제주시 한경면 고산리 3650-1,제주특별자치도 정보정책과,064-710-2352,33.3042058,126.1663001,2024-08-06,I,2026-05-15 18:45:29,2024-08-06 15:05:43
6510000,202465100000700348,제주동문시장,골목시장 간판 북쪽,제주특별자치도,제주시,기타,KT,Jeju Free Wifi,,제주특별자치도 제주시 중앙로 63-10,제주특별자치도 제주시 이도일동 1409-2,제주특별자치도 정보정책과,064-710-2352,33.5116824,126.5248281,2024-08-06,I,2026-05-15 18:45:29,2024-08-06 15:05:43
6510000,202465100000701319,광령1리사무소 (광령초등학교방면),광령1리사무소 버스정류장측면(올레코스),제주특별자치도,제주시,교통시설,KT,Jeju Free Wifi,,제주특별자치도 제주시 애월읍 광성로 304,제주특별자치도 제주시 애월읍 광령리 1276-3,제주특별자치도 정보정책과,064-710-2352,33.4607838,126.4397374,2024-08-06,I,2026-05-15 18:45:29,2024-08-06 15:05:52
6510000,202465100000700979,애월고등학교 (고내리방면),IP주- 건너편 애월고등학교 (남)정류장 방향,제주특별자치도,제주시,교통시설,KT,Jeju Free Wifi,,,제주특별자치도 제주시 애월읍 고내리 830,제주특별자치도 정보정책과,064-710-2352,33.4626266,126.3347013,2024-08-06,I,2026-05-15 18:45:29,2024-08-06 15:05:49
6510000,202465100000700310,제주동문시장,10번 게이트 옆 고객 쉼터 위,제주특별자치도,제주시,기타,KT,Jeju Free Wifi,,,제주특별자치도 제주시 일도일동 1104-9,제주특별자치도 정보정책과,064-710-2352,33.5117416,126.5282927,2024-08-06,I,2026-05-15 18:45:29,2024-08-06 15:05:43
6510000,202465100000701072,제대마을 (제주대학교 입구방면),정류장천정,제주특별자치도,제주시,교통시설,KT,Jeju Free Wifi,,,제주특별자치도 제주시 아라일동 452-2,제주특별자치도 정보정책과,064-710-2352,33.4577132,126.5538052,2024-08-06,I,2026-05-15 18:45:29,2024-08-06 15:05:49
6510000,202465100000700649,옹포천_어울공원,여자 화장실 외벽 - 서,제주특별자치도,제주시,편의시설,KT,Jeju Free Wifi,,제주특별자치도 제주시 한림읍 월계로 30,제주특별자치도 제주시 한림읍 옹포리 17,제주특별자치도 정보정책과,064-710-2352,33.404064,126.2592983,2024-08-06,I,2026-05-15 18:45:29,2024-08-06 15:05:45
6510000,202465100000701001,신촌리 (신촌초등학교방면),정류장천정,제주특별자치도,제주시,교통시설,KT,Jeju Free Wifi,,,제주특별자치도 제주시 조천읍 신촌리 1893,제주특별자치도 정보정책과,064-710-2352,33.534695,126.6214784,2024-08-06,I,2026-05-15 18:45:29,2024-08-06 15:05:49
6510000,202465100000700434,전흘항구,IP주 상부-북,제주특별자치도,제주시,관광,KT,Jeju Free Wifi,,,제주특별자치도 제주시 우도면 연평리 890-2,제주특별자치도 정보정책과,064-710-2352,33.5191468,126.9502542,2024-08-06,I,2026-05-15 18:45:29,2024-08-06 15:05:44
6510000,202465100000700906,도평초등학교 (성지요양원방면),버스정류장 동쪽 내부 상단,제주특별자치도,제주시,교통시설,KT,Jeju Free Wifi,,,제주특별자치도 제주시 도평동 1353-6,제주특별자치도 정보정책과,064-710-2352,33.481732,126.4458817,2024-08-06,I,2026-05-15 18:45:29,2024-08-06 15:05:48
6510000,202465100000700257,제주세계자연유산센터,1층 안내소 매장 천장,제주특별자치도,제주시,관광,KT,Jeju Free Wifi,,제주특별자치도 제주시 조천읍 선교로 569-36,제주특별자치도 제주시 조천읍 선흘리 478,제주특별자치도 정보정책과,064-710-2352,33.4569595,126.7145245,2024-08-06,I,2026-05-15 18:45:29,2024-08-06 15:05:42
6510000,202465100000700409,절물자연휴양림,보안등 69번 중단 지향,제주특별자치도,제주시,관광,KT,Jeju Free Wifi,,제주특별자치도 제주시 명림로 584,제주특별자치도 제주시 봉개동 산78-1,제주특별자치도 정보정책과,064-710-2352,33.4313587,126.6225876,2024-08-06,I,2026-05-15 18:45:29,2024-08-06 15:05:43
6510000,202465100000700196,지하상가,지하상가 9&10 출구 홀(지하상가),제주특별자치도,제주시,기타,KT,Jeju Free Wifi,,제주특별자치도 제주시 중앙로 지하 60,제주특별자치도 제주시 일도일동 1425-3,제주특별자치도 정보정책과,064-710-2352,33.5132764,126.5246826,2024-08-06,I,2026-05-15 18:45:29,2024-08-06 15:05:42
6510000,202465100000701151,우령이 마을 (외도부영 1차아파트방면),정류장 지붕에 무지향 1개,제주특별자치도,제주시,교통시설,KT,Jeju Free Wifi,,제주특별자치도 제주시 우정로 50,제주특별자치도 제주시 외도일동 498-9,제주특별자치도 정보정책과,064-710-2352,33.488527,126.4306431,2024-08-06,I,2026-05-15 18:45:29,2024-08-06 15:05:50
6510000,202465100000701663,1-15호어린이공원,CCTV pole,제주특별자치도,제주시,편의시설,KT,Jeju Free Wifi,,,제주특별자치도 제주시 일도이동 355-8,제주특별자치도 정보정책과,064-710-2352,33.5089205,126.5405557,2024-08-06,I,2026-05-15 18:45:29,2024-08-06 15:05:55
6510000,202465100000700148,탑동 테마거리,공원화장실 지붕 남,제주특별자치도,제주시,관광,KT,Jeju Free Wifi,,제주특별자치도 제주시 탑동해안로 46,제주특별자치도 제주시 삼도이동 1256,제주특별자치도 정보정책과,064-710-2352,33.5186412,126.5201893,2024-08-06,I,2026-05-15 18:45:29,2024-08-06 15:05:41
6510000,202465100000700194,지하상가,지하상가 중앙 서쪽(지하상가),제주특별자치도,제주시,기타,KT,Jeju Free Wifi,,제주특별자치도 제주시 중앙로 지하 60,제주특별자치도 제주시 일도일동 1425-3,제주특별자치도 정보정책과,064-710-2352,33.5132764,126.5246826,2024-08-06,I,2026-05-15 18:45:29,2024-08-06 15:05:42
6510000,202465100000700640,용담해안 카페촌거리,IP주상단 해안도로 동쪽,제주특별자치도,제주시,관광,KT,Jeju Free Wifi,,제주특별자치도 제주시 서해안로 516,제주특별자치도 제주시 용담삼동 2292,제주특별자치도 정보정책과,064-710-2352,33.5197787,126.4941327,2024-08-06,I,2026-05-15 18:45:29,2024-08-06 15:05:45
6510000,202465100000700596,월령선인장 군락지,전기충전소 IP주 상부,제주특별자치도,제주시,관광,KT,Jeju Free Wifi,,제주특별자치도 제주시 한림읍 월령1길 11,제주특별자치도 제주시 한림읍 월령리 424-1,제주특별자치도 정보정책과,064-710-2352,33.3759196,126.2156101,2024-08-06,I,2026-05-15 18:45:29,2024-08-06 15:05:45
6510000,202465100000700680,애월국민체육센터,1층 홀 정수기위 천정,제주특별자치도,제주시,지역문화시설,KT,Jeju Free Wifi,,제주특별자치도 제주시 애월읍 하귀동남1길 22,제주특별자치도 제주시 애월읍 하귀1리 199,제주특별자치도 정보정책과,064-710-2352,33.4848874,126.4138599,2024-08-06,I,2026-05-15 18:45:29,2024-08-06 15:05:46
6510000,202465100000700048,함덕 서우봉 해변,공중화장실옆ip주 지붕(해변 및 화장실),제주특별자치도,제주시,관광,KT,Jeju Free Wifi,,,제주특별자치도 제주시 조천읍 함덕리 산14-1,제주특별자치도 정보정책과,064-710-2352,33.5431956,126.6699878,2024-08-06,I,2026-05-15 18:45:29,2024-08-06 15:05:40
6510000,202465100000701106,평대초등학교 (평대리사무소방면),정류장천정,제주특별자치도,제주시,교통시설,KT,Jeju Free Wifi,,,제주특별자치도 제주시 구좌읍 평대리 1719-8,제주특별자치도 정보정책과,064-710-2352,33.5294683,126.8389005,2024-08-06,I,2026-05-15 18:45:29,2024-08-06 15:05:50
6510000,202465100000700288,제주동문시장,커뮤니티 라운지 옆 천장 위,제주특별자치도,제주시,기타,KT,Jeju Free Wifi,,제주특별자치도 제주시 동문로 16,제주특별자치도 제주시 일도일동 1148-2,제주특별자치도 정보정책과,064-710-2352,33.5127517,126.5283186,2024-08-06,I,2026-05-15 18:45:29,2024-08-06 15:05:42
6510000,202465100000700447,전기차충전소_한림금능농공단지 내 제주맥주,인입 ip주 상부,제주특별자치도,제주시,교통시설,KT,Jeju Free Wifi,,제주특별자치도 제주시 한림읍 금능농공길 62-11,제주특별자치도 제주시 한림읍 금능리 407-14,제주특별자치도 정보정책과,064-710-2352,33.3585965,126.241178,2024-08-06,I,2026-05-15 18:45:29,2024-08-06 15:05:44
6510000,202465100000701207,외도초등학교 (일우 한란 아파트방면),정류장 지붕에 무지향 1개,제주특별자치도,제주시,교통시설,KT,Jeju Free Wifi,,제주특별자치도 제주시 일주서로 7369,제주특별자치도 제주시 외도이동 284,제주특별자치도 정보정책과,064-710-2352,33.4940187,126.4342993,2024-08-06,I,2026-05-15 18:45:29,2024-08-06 15:05:51
6510000,202465100000701260,화북초등학교 (화북남문방면),반대편 버스정류장 동쪽 외부 상단,제주특별자치도,제주시,교통시설,KT,Jeju Free Wifi,,,제주특별자치도 제주시 화북일동 3806-3,제주특별자치도 정보정책과,064-710-2352,33.5175199,126.5620027,2024-08-06,I,2026-05-15 18:45:29,2024-08-06 15:05:51
6510000,202465100000700547,전기차충전소_느지리오름주차장,중계기,제주특별자치도,제주시,교통시설,KT,Jeju Free Wifi,,,제주특별자치도 제주시 한림읍 상명리 1990,제주특별자치도 정보정책과,064-710-2352,33.3626315,126.2613809,2024-08-06,I,2026-05-15 18:45:29,2024-08-06 15:05:45
6510000,202465100000700877,GM빌라 (온난화대응농업연구소방면),버스정류장 상부,제주특별자치도,제주시,교통시설,KT,Jeju Free Wifi,,,제주특별자치도 제주시 오등동 1678-1,제주특별자치도 정보정책과,064-710-2352,33.4666741,126.5208795,2024-08-06,I,2026-05-15 18:45:29,2024-08-06 15:05:48
6510000,202465100000700795,삼다수숲길 주차장,충전소 내부 우측 상단,제주특별자치도,제주시,교통시설,KT,Jeju Free Wifi,,제주특별자치도 제주시 조천읍 남조로 1793,제주특별자치도 제주시 조천읍 교래리 280,제주특별자치도 정보정책과,064-710-2352,33.4277088,126.6740208,2024-08-06,I,2026-05-15 18:45:29,2024-08-06 15:05:47
6510000,202465100000701652,122호공원,CCTV POLE,제주특별자치도,제주시,편의시설,KT,Jeju Free Wifi,,,제주특별자치도 제주시 아라일동 6159,제주특별자치도 정보정책과,064-710-2352,33.4717884,126.5508497,2024-08-06,I,2026-05-15 18:45:29,2024-08-06 15:05:55
6510000,202465100000700971,수산리사무소앞 (수산리사무소방면),버스정류장 상부,제주특별자치도,제주시,교통시설,KT,Jeju Free Wifi,,,제주특별자치도 제주시 애월읍 수산리 463-12,제주특별자치도 정보정책과,064-710-2352,33.4675487,126.3934149,2024-08-06,I,2026-05-15 18:45:29,2024-08-06 15:05:48
6510000,202465100000700617,우도봉,우도아이스크림 건물 외벽 -동,제주특별자치도,제주시,관광,KT,Jeju Free Wifi,,제주특별자치도 제주시 우도면 우도봉길 47,제주특별자치도 제주시 우도면 연평리 343-2,제주특별자치도 정보정책과,064-710-2352,33.4936564,126.9596981,2024-08-06,I,2026-05-15 18:45:29,2024-08-06 15:05:45
6510000,202465100000700014,홍익영아원,다윗동 1층 내부,제주특별자치도,제주시,서민·복지시설,KT,Jeju Free Wifi,,제주특별자치도 제주시 화삼로 145,제주특별자치도 제주시 도련일동 1888,제주특별자치도 정보정책과,064-710-2352,33.5168018,126.5857694,2024-08-06,I,2026-05-15 18:45:29,2024-08-06 15:05:40
6510000,202465100000700872,신광사거리 (연동입구방면),버스정류장 상부,제주특별자치도,제주시,교통시설,KT,Jeju Free Wifi,,제주특별자치도 제주시 연삼로 8,제주특별자치도 제주시 연동 280-9,제주특별자치도 정보정책과,064-710-2352,33.4934331,126.4932332,2024-08-06,I,2026-05-15 18:45:29,2024-08-06 15:05:48
6510000,202465100000701066,제성마을 (신성마을방면),정류장천정,제주특별자치도,제주시,교통시설,KT,Jeju Free Wifi,,제주특별자치도 제주시 일주서로 7852,제주특별자치도 제주시 연동 2303-3,제주특별자치도 정보정책과,064-710-2352,33.4934916,126.4854632,2024-08-06,I,2026-05-15 18:45:29,2024-08-06 15:05:49
6510000,202465100000701453,김녕 성세기 해변,해변주차장 클린하우스,제주특별자치도,제주시,관광,KT,Jeju Free Wifi,,제주특별자치도 제주시 구좌읍 해맞이해안로 7-6,제주특별자치도 제주시 구좌읍 김녕리 497-4,제주특별자치도 정보정책과,064-710-2352,33.5570213,126.759877,2024-08-06,I,2026-05-15 18:45:29,2024-08-06 15:05:53
6510000,202465100000701478,구좌체육관,2층 방송실 우측,제주특별자치도,제주시,지역문화시설,KT,Jeju Free Wifi,,제주특별자치도 제주시 구좌읍 김녕로 209,제주특별자치도 제주시 구좌읍 김녕리 497-1,제주특별자치도 정보정책과,064-710-2352,33.556278,126.7621814,2024-08-06,I,2026-05-15 18:45:29,2024-08-06 15:05:54
6510000,202465100000701698,절물자연휴양림,주차 매표소 벽,제주특별자치도,제주시,관광,KT,Jeju Free Wifi,,제주특별자치도 제주시 명림로 584,제주특별자치도 제주시 봉개동 산 78-1,제주특별자치도 정보정책과,064-710-2379,33.4400488100,126.6252034000,2024-08-06,I,2026-05-15 18:45:29,2024-08-06 15:05:56
6510000,202465100000701220,영평동 (신성여자중고등학교방면),길건너 정류장 방향 지향 1개,제주특별자치도,제주시,교통시설,KT,Jeju Free Wifi,,제주특별자치도 제주시 아봉로 177-2,제주특별자치도 제주시 영평동 2445,제주특별자치도 정보정책과,064-710-2352,33.4793307,126.562903,2024-08-06,I,2026-05-15 18:45:29,2024-08-06 15:05:51
6510000,202465100000700526,전기차충전소_수목원테마파크,옥상에서 전기차충전소방향,제주특별자치도,제주시,교통시설,KT,Jeju Free Wifi,,제주특별자치도 제주시 은수길 69,제주특별자치도 제주시 연동 1320,제주특별자치도 정보정책과,064-710-2352,33.4703692,126.4878987,2024-08-06,I,2026-05-15 18:45:29,2024-08-06 15:05:44
6510000,202465100000700564,전기차충전소_GS25 너울빌리지점,전기 IP주 상단,제주특별자치도,제주시,교통시설,KT,Jeju Free Wifi,,,제주특별자치도 제주시 한경면 금등리 646-3,제주특별자치도 정보정책과,064-710-2352,33.3627019,126.1937053,2024-08-06,I,2026-05-15 18:45:29,2024-08-06 15:05:45
6510000,202465100000700631,용연공원,화장실 서쪽 외벽,제주특별자치도,제주시,편의시설,KT,Jeju Free Wifi,,,제주특별자치도 제주시 용담일동 351,제주특별자치도 정보정책과,064-710-2352,33.5128813,126.5150028,2024-08-06,I,2026-05-15 18:45:29,2024-08-06 15:05:45
6510000,202465100000701278,삼양초등학교 (원당분화원방면),버스정류장 지붕위,제주특별자치도,제주시,교통시설,KT,Jeju Free Wifi,,,제주특별자치도 제주시 삼양이동 2186-1,제주특별자치도 정보정책과,064-710-2352,33.521203,126.5835342,2024-08-06,I,2026-05-15 18:45:29,2024-08-06 15:05:52
6510000,202465100000700047,함덕 서우봉 해변,공중화장실옆ip주 지붕(해변 및 화장실),제주특별자치도,제주시,관광,KT,Jeju Free Wifi,,,제주특별자치도 제주시 조천읍 함덕리 산14-1,제주특별자치도 정보정책과,064-710-2352,33.5431956,126.6699878,2024-08-06,I,2026-05-15 18:45:29,2024-08-06 15:05:40
6510000,202465100000700307,제주동문시장,동문공설시장 입구 제주시 종합안내센터 위(풍물로),제주특별자치도,제주시,기타,KT,Jeju Free Wifi,,제주특별자치도 제주시 동문로4길 7,제주특별자치도 제주시 일도일동 1142,제주특별자치도 정보정책과,064-710-2352,33.5124995,126.5283444,2024-08-06,I,2026-05-15 18:45:29,2024-08-06 15:05:42
6510000,202465100000700701,신산공원,CCTV POLE,제주특별자치도,제주시,편의시설,KT,Jeju Free Wifi,,제주특별자치도 제주시 동광로 69,제주특별자치도 제주시 일도이동 852,제주특별자치도 정보정책과,064-710-2352,33.5044755,126.5351848,2024-08-06,I,2026-05-15 18:45:29,2024-08-06 15:05:46
6510000,202465100000701079,삼양종점 (삼양1동방면),정류장천정,제주특별자치도,제주시,교통시설,KT,Jeju Free Wifi,,제주특별자치도 제주시 선사로8길 81,제주특별자치도 제주시 삼양일동 1577-13,제주특별자치도 정보정책과,064-710-2352,33.5294922,126.5925601,2024-08-06,I,2026-05-15 18:45:29,2024-08-06 15:05:50
6510000,202465100000700925,신제주초등학교 (도호동방면),버스정류소 천정,제주특별자치도,제주시,교통시설,KT,Jeju Free Wifi,,제주특별자치도 제주시 신대로 145,제주특별자치도 제주시 연동 304-26,제주특별자치도 정보정책과,064-710-2352,33.4842885,126.4967161,2024-08-06,I,2026-05-15 18:45:29,2024-08-06 15:05:48
6510000,202465100000701323,대섬입구 (조천읍사무소방면),반대편 버스정류장 서쪽 외부 상단,제주특별자치도,제주시,교통시설,KT,Jeju Free Wifi,,,제주특별자치도 제주시 조천읍 신촌리 529-17,제주특별자치도 정보정책과,064-710-2352,33.5358534,126.6259279,2024-08-06,I,2026-05-15 18:45:29,2024-08-06 15:05:52
6510000,202465100000701645,12코스,1주 건너 IP주 - 동쪽 수월봉 주차장,제주특별자치도,제주시,관광,KT,Jeju Free Wifi,,,제주특별자치도 제주시 한경면 고산리 3758-1,제주특별자치도 정보정책과,064-710-2352,33.2941246,126.1637199,2024-08-06,I,2026-05-15 18:45:29,2024-08-06 15:05:55
6510000,202465100000700822,비자림,관리실 옥상 남,제주특별자치도,제주시,관광,KT,Jeju Free Wifi,,제주특별자치도 제주시 구좌읍 비자숲길 62,제주특별자치도 제주시 구좌읍 평대리 3164-1,제주특별자치도 정보정책과,064-710-2352,33.4912478,126.8102603,2024-08-06,I,2026-05-15 18:45:29,2024-08-06 15:05:47
6510000,202465100000700735,세화 해변,세화민속오일시장 공중화장실 동,제주특별자치도,제주시,관광,KT,Jeju Free Wifi,,제주특별자치도 제주시 구좌읍 해맞이해안로 1412,제주특별자치도 제주시 구좌읍 세화리 1500-5,제주특별자치도 정보정책과,064-710-2352,33.5259539,126.8575279,2024-08-06,I,2026-05-15 18:45:29,2024-08-06 15:05:46
6510000,202465100000701347,애월환승정류장(애월리) (애월신협방면),애월리버스정류장,제주특별자치도,제주시,교통시설,KT,Jeju Free Wifi,,제주특별자치도 제주시 애월읍 애월로 118,제주특별자치도 제주시 애월읍 애월리 1584-1,제주특별자치도 정보정책과,064-710-2352,33.4643999,126.319802,2024-08-06,I,2026-05-15 18:45:29,2024-08-06 15:05:52
6510000,202465100000700965,한림공원 (협재해수욕장방면),버스정류소,제주특별자치도,제주시,교통시설,KT,Jeju Free Wifi,,,제주특별자치도 제주시 한림읍 협재리 2514-15,제주특별자치도 정보정책과,064-710-2352,33.3918977,126.239164,2024-08-06,I,2026-05-15 18:45:29,2024-08-06 15:05:48
6510000,202465100000700206,조천체육관,1층 홀,제주특별자치도,제주시,지역문화시설,KT,Jeju Free Wifi,,제주특별자치도 제주시 조천읍 조천18길 11-1,제주특별자치도 제주시 조천읍 조천리 1176-1,제주특별자치도 정보정책과,064-710-2352,33.5391265,126.6439526,2024-08-06,I,2026-05-15 18:45:29,2024-08-06 15:05:42
6510000,202465100000701028,인화동입구 (제주여자상업고등학교방면),정류장천정,제주특별자치도,제주시,교통시설,KT,Jeju Free Wifi,,,제주특별자치도 제주시 일도이동 421,제주특별자치도 정보정책과,064-710-2352,33.5133827,126.5405023,2024-08-06,I,2026-05-15 18:45:29,2024-08-06 15:05:49
6510000,202465100000701342,김녕환승정류장(김녕초등학교) (김녕리방면),김녕초등학교버스정류장,제주특별자치도,제주시,교통시설,KT,Jeju Free Wifi,,제주특별자치도 제주시 구좌읍 김녕로 125,제주특별자치도 제주시 구좌읍 김녕리 1665,제주특별자치도 정보정책과,064-710-2352,33.5550865,126.7512684,2024-08-06,I,2026-05-15 18:45:29,2024-08-06 15:05:52
6510000,202465100000700164,칠성로 쇼핑거리,일도일동주민센터 공중화장실 벽면(동),제주특별자치도,제주시,관광,KT,Jeju Free Wifi,,제주특별자치도 제주시 중앙로7길 15,제주특별자치도 제주시 일도일동 1306-7,제주특별자치도 정보정책과,064-710-2352,33.5150456,126.5263747,2024-08-06,I,2026-05-15 18:45:29,2024-08-06 15:05:41
6510000,202465100000701555,19코스,정류장 처마 (올레코스),제주특별자치도,제주시,관광,KT,Jeju Free Wifi,,,제주특별자치도 제주시 조천읍 신촌리 1143-14,제주특별자치도 정보정책과,064-710-2352,33.5115106,126.6250966,2024-08-06,I,2026-05-15 18:45:29,2024-08-06 15:05:54
6510000,202465100000700606,우도한반도여 입구해변,IP 주,제주특별자치도,제주시,관광,KT,Jeju Free Wifi,,,제주특별자치도 제주시 우도면 연평리 1735-4,제주특별자치도 정보정책과,064-710-2352,33.4923598,126.9524177,2024-08-06,I,2026-05-15 18:45:29,2024-08-06 15:05:45
6510000,202465100000700543,전기차충전소_동부보건소,2층 베란다,제주특별자치도,제주시,교통시설,KT,Jeju Free Wifi,,,제주특별자치도 제주시 구좌읍 김녕리 1696,제주특별자치도 정보정책과,064-710-2352,33.5543645,126.7511926,2024-08-06,I,2026-05-15 18:45:29,2024-08-06 15:05:44
6510000,202465100000700515,전기차충전소_애월읍사무소 전기차충전소,건물외벽 - 전기차충전소방향,제주특별자치도,제주시,교통시설,KT,Jeju Free Wifi,,제주특별자치도 제주시 애월읍 일주서로 6322,제주특별자치도 제주시 애월읍 애월리 240,제주특별자치도 정보정책과,064-710-2352,33.4619529,126.3295189,2024-08-06,I,2026-05-15 18:45:29,2024-08-06 15:05:44
6510000,202465100000700313,제주동문시장,3층 스타트 업 스페이스 앞 천장,제주특별자치도,제주시,기타,KT,Jeju Free Wifi,,,제주특별자치도 제주시 일도일동 1362-1,제주특별자치도 정보정책과,064-710-2352,33.5142504,126.5254626,2024-08-06,I,2026-05-15 18:45:29,2024-08-06 15:05:43
6510000,202465100000701695,노루생태관찰원,1층 전시실,제주특별자치도,제주시,관광,KT,Jeju Free Wifi,,제주특별자치도 제주시 명림로 520,제주특별자치도 제주시 봉개동 산 51-2,제주특별자치도 정보정책과,064-710-2376,33.4443239200,126.6266893000,2024-08-06,I,2026-05-15 18:45:29,2024-08-06 15:05:56
6510000,202465100000701424,노형근린공원,공원화장실외벽에 지향성 1개 북,제주특별자치도,제주시,편의시설,KT,Jeju Free Wifi,,제주특별자치도 제주시 과원북4길 12,제주특별자치도 제주시 노형동 731,제주특별자치도 정보정책과,064-710-2352,33.4802848,126.4826053,2024-08-06,I,2026-05-15 18:45:29,2024-08-06 15:05:53
6510000,202465100000700855,금능리 (금능해수욕장방면),버스정류장상부,제주특별자치도,제주시,교통시설,KT,Jeju Free Wifi,,,제주특별자치도 제주시 한림읍 금능리 2072-2,제주특별자치도 정보정책과,064-710-2352,33.3872643,126.2322291,2024-08-06,I,2026-05-15 18:45:29,2024-08-06 15:05:47
6510000,202465100000700092,한라수목원,관리소 외부벽면 동,제주특별자치도,제주시,관광,KT,Jeju Free Wifi,,제주특별자치도 제주시 수목원길 72,제주특별자치도 제주시 연동 1012,제주특별자치도 정보정책과,064-710-2352,33.4690562,126.490385,2024-08-06,I,2026-05-15 18:45:29,2024-08-06 15:05:41
6510000,202465100000701456,금악오름,IP 주,제주특별자치도,제주시,관광,KT,Jeju Free Wifi,,,제주특별자치도 제주시 한림읍 금악리 1210,제주특별자치도 정보정책과,064-710-2352,33.3510196,126.3057198,2024-08-06,I,2026-05-15 18:45:29,2024-08-06 15:05:53
6510000,202465100000701721,버스정류소_제주버스터미널,버스정보시스템내부,제주특별자치도,제주시,교통시설,KT,Jeju Free Wifi,,,제주특별자치도 제주시 용담일동 2830-6,제주특별자치도 정보정책과,064-710-2402,33.5001402030,126.5141172866,2024-08-06,I,2026-05-15 18:45:29,2024-08-06 15:05:56
6510000,202465100000700395,제원어린이공원,CCTV POLE,제주특별자치도,제주시,편의시설,KT,Jeju Free Wifi,,,제주특별자치도 제주시 연동 252-23,제주특별자치도 정보정책과,064-710-2352,33.4873978,126.4862579,2024-08-06,I,2026-05-15 18:45:29,2024-08-06 15:05:43
6510000,202465100000701706,곽지과물해변,종합상황실 외벽(서),제주특별자치도,제주시,관광,KT,Jeju Free Wifi,,,제주특별자치도 제주시 애월읍 곽지리 1565-12,제주특별자치도 정보정책과,064-710-2387,33.4499491184,126.3052114254,2024-08-06,I,2026-05-15 18:45:29,2024-08-06 15:05:56
6510000,202465100000700088,한라수목원,구 사무동 정문 위 2층 기둥,제주특별자치도,제주시,관광,KT,Jeju Free Wifi,,,제주특별자치도 제주시 연동 2484,제주특별자치도 정보정책과,064-710-2352,33.4699298,126.4932743,2024-08-06,I,2026-05-15 18:45:29,2024-08-06 15:05:41
6510000,202465100000701548,19코스,화장실 물탱크실벽면 올레길정자방향,제주특별자치도,제주시,관광,KT,Jeju Free Wifi,,제주특별자치도 제주시 조천읍 조함해안로 585,제주특별자치도 제주시 조천읍 함덕리 200,제주특별자치도 정보정책과,064-710-2352,33.5443391,126.674051,2024-08-06,I,2026-05-15 18:45:29,2024-08-06 15:05:54
6510000,202465100000700904,금천마을 (제주교통방송 아라아이파크방면),버스정류장 서쪽 내부 상단,제주특별자치도,제주시,교통시설,KT,Jeju Free Wifi,,,제주특별자치도 제주시 아라이동 943-7,제주특별자치도 정보정책과,064-710-2352,33.4788431,126.5535403,2024-08-06,I,2026-05-15 18:45:29,2024-08-06 15:05:48
6510000,202465100000700476,전기차충전소_제주시청,전기자동차 충전소 옆 IP주,제주특별자치도,제주시,교통시설,KT,Jeju Free Wifi,,,제주특별자치도 제주시,제주특별자치도 정보정책과,064-710-2352,33.4995596,126.5311784,2024-08-06,I,2026-05-15 18:45:29,2024-08-06 15:05:44
6510000,202465100000701601,16코스,다락쉼터 남자화장실 입구 외벽 북동,제주특별자치도,제주시,관광,KT,Jeju Free Wifi,,,제주특별자치도 제주시 애월읍 고내리 462,제주특별자치도 정보정책과,064-710-2352,33.4701514,126.3405168,2024-08-06,I,2026-05-15 18:45:29,2024-08-06 15:05:55
6510000,202465100000700657,연동공원,경로당 남쪽 가로등,제주특별자치도,제주시,편의시설,KT,Jeju Free Wifi,,제주특별자치도 제주시 신광로12길 17,제주특별자치도 제주시 연동 1369,제주특별자치도 정보정책과,064-710-2352,33.4823352,126.4888205,2024-08-06,I,2026-05-15 18:45:29,2024-08-06 15:05:46
6510000,202465100000701498,공익활동지원센터,내부 천정 위,제주특별자치도,제주시,관공서,KT,Jeju Free Wifi,,제주특별자치도 제주시 연삼로 473,제주특별자치도 제주시 이도이동 390,제주특별자치도 정보정책과,064-710-2352,33.4994511,126.5403057,2024-08-06,I,2026-05-15 18:45:29,2024-08-06 15:05:54
6510000,202465100000700309,제주동문시장,12번 게이트 기둥,제주특별자치도,제주시,기타,KT,Jeju Free Wifi,,제주특별자치도 제주시 동문로4길 1,제주특별자치도 제주시 일도일동 1137,제주특별자치도 정보정책과,064-710-2352,33.5126847,126.5287503,2024-08-06,I,2026-05-15 18:45:29,2024-08-06 15:05:43
6510000,202465100000700250,제주시민회관,시민회관1층 강당,제주특별자치도,제주시,지역문화시설,KT,Jeju Free Wifi,,제주특별자치도 제주시 고전길 26,제주특별자치도 제주시 이도일동 1700-1,제주특별자치도 정보정책과,064-710-2352,33.5084689,126.5252593,2024-08-06,I,2026-05-15 18:45:29,2024-08-06 15:05:42
6510000,202465100000701713,항몽유적지,휴게소 실내,제주특별자치도,제주시,관광,KT,Jeju Free Wifi,,제주특별자치도 제주시 애월읍 항파두리로 50,제주특별자치도 제주시 애월읍 상귀리 1012,제주특별자치도 정보정책과,064-710-2394,33.4517704711,126.4074349052,2024-08-06,I,2026-05-15 18:45:29,2024-08-06 15:05:56
6510000,202465100000700850,금빛신협 (곽지해수욕장방면),버스정류장상부,제주특별자치도,제주시,교통시설,KT,Jeju Free Wifi,,,제주특별자치도 제주시 애월읍 곽지리 2046,제주특별자치도 정보정책과,064-710-2352,33.4465317,126.3059081,2024-08-06,I,2026-05-15 18:45:29,2024-08-06 15:05:47
6510000,202465100000701334,조천환승정류장(조천리사무소) (조천체육관방면),조천리사무소버스정류장,제주특별자치도,제주시,교통시설,KT,Jeju Free Wifi,,,제주특별자치도 제주시 조천읍 조천리 1220-2,제주특별자치도 정보정책과,064-710-2352,33.5382159,126.6398434,2024-08-06,I,2026-05-15 18:45:29,2024-08-06 15:05:52
6510000,202465100000700281,제주동문시장,남수각 다리 밑 클린하우스 옆 KT주,제주특별자치도,제주시,기타,KT,Jeju Free Wifi,,,제주특별자치도 제주시 일도일동 1488-10,제주특별자치도 정보정책과,064-710-2352,33.5105255,126.5268603,2024-08-06,I,2026-05-15 18:45:29,2024-08-06 15:05:42
6510000,202465100000700534,전기차충전소_삼성혈 인근 공영주차장,충전소 옆 전기IP주,제주특별자치도,제주시,교통시설,KT,Jeju Free Wifi,,,제주특별자치도 제주시 이도일동 1293-1,제주특별자치도 정보정책과,064-710-2352,33.5046171,126.5303934,2024-08-06,I,2026-05-15 18:45:29,2024-08-06 15:05:44
6510000,202465100000701409,누웨모루거리(구 바오젠거리),사거리 주차단속 CCTV 폴,제주특별자치도,제주시,관광,KT,Jeju Free Wifi,,제주특별자치도 제주시 신대로16길 56,제주특별자치도 제주시 연동 273-10,제주특별자치도 정보정책과,064-710-2352,33.4870713,126.4905351,2024-08-06,I,2026-05-15 18:45:29,2024-08-06 15:05:53
6510000,202465100000700901,제주국제대학교 (종합사격장방면),버스정류장 서쪽 외부 상단,제주특별자치도,제주시,교통시설,KT,Jeju Free Wifi,,,제주특별자치도 제주시 영평동 산8-10,제주특별자치도 정보정책과,064-710-2352,33.4385905,126.5693283,2024-08-06,I,2026-05-15 18:45:29,2024-08-06 15:05:48
6510000,202465100000701180,탐라도서관 (제주고등학교/중흥S클래스방면),정류장 지붕에 무지향 1개,제주특별자치도,제주시,교통시설,KT,Jeju Free Wifi,,제주특별자치도 제주시 정원로 49,제주특별자치도 제주시 노형동 755,제주특별자치도 정보정책과,064-710-2352,33.4775924,126.477725,2024-08-06,I,2026-05-15 18:45:29,2024-08-06 15:05:51
6510000,202465100000701575,18코스,간세라운지 내부,제주특별자치도,제주시,관광,KT,Jeju Free Wifi,,제주특별자치도 제주시 관덕로8길 7-9,제주특별자치도 제주시 일도일동 1448,제주특별자치도 정보정책과,064-710-2352,33.5126317,126.5242954,2024-08-06,I,2026-05-15 18:45:29,2024-08-06 15:05:55
6510000,202465100000701633,1-39호어린이공원,CCTV pole,제주특별자치도,제주시,편의시설,KT,Jeju Free Wifi,,,제주특별자치도 제주시 이도이동 375-1,제주특별자치도 정보정책과,064-710-2352,33.5001179,126.5379808,2024-08-06,I,2026-05-15 18:45:29,2024-08-06 15:05:55
6510000,202465100000700191,지하상가,3&4 출구 홀 서쪽(지하상가),제주특별자치도,제주시,기타,KT,Jeju Free Wifi,,제주특별자치도 제주시 중앙로 지하 60,제주특별자치도 제주시 일도일동 1425-3,제주특별자치도 정보정책과,064-710-2352,33.5132764,126.5246826,2024-08-06,I,2026-05-15 18:45:29,2024-08-06 15:05:42
6510000,202465100000700713,시민복지타운광장,공원내 북동쪽 방향,제주특별자치도,제주시,편의시설,KT,Jeju Free Wifi,,,제주특별자치도 제주시 도남동 661,제주특별자치도 정보정책과,064-710-2352,33.4906959,126.5227308,2024-08-06,I,2026-05-15 18:45:29,2024-08-06 15:05:46
6510000,202465100000700727,수목원테마파크,매표소,제주특별자치도,제주시,관광,KT,Jeju Free Wifi,,제주특별자치도 제주시 은수길 69,제주특별자치도 제주시 연동 1320,제주특별자치도 정보정책과,064-710-2352,33.4703692,126.4878987,2024-08-06,I,2026-05-15 18:45:29,2024-08-06 15:05:46
6510000,202465100000700466,전기차충전소_조천읍사무소,우측 입구 기둥,제주특별자치도,제주시,교통시설,KT,Jeju Free Wifi,,제주특별자치도 제주시 조천읍 신북로 194,제주특별자치도 제주시 조천읍 조천리 3147-2,제주특별자치도 정보정책과,064-710-2352,33.5345754,126.6342807,2024-08-06,I,2026-05-15 18:45:29,2024-08-06 15:05:44
6510000,202465100000701598,16코스,중엄새물 화장실 서,제주특별자치도,제주시,관광,KT,Jeju Free Wifi,,제주특별자치도 제주시 애월읍 애월해안로 612,제주특별자치도 제주시 애월읍 신엄리 963-2,제주특별자치도 정보정책과,064-710-2352,33.4779674,126.3690167,2024-08-06,I,2026-05-15 18:45:29,2024-08-06 15:05:55
6510000,202465100000700186,천진항,범죄예방 CCTV 폴대 -북,제주특별자치도,제주시,교통시설,KT,Jeju Free Wifi,,,제주특별자치도 제주시 우도면 연평리 1748-3,제주특별자치도 정보정책과,064-710-2352,33.4937534,126.9508836,2024-08-06,I,2026-05-15 18:45:29,2024-08-06 15:05:42
6510000,202465100000701658,119호공원,CCTV POLE,제주특별자치도,제주시,편의시설,KT,Jeju Free Wifi,,,제주특별자치도 제주시 아라일동 6111-1,제주특별자치도 정보정책과,064-710-2352,33.4765285,126.5491248,2024-08-06,I,2026-05-15 18:45:29,2024-08-06 15:05:55
6510000,202465100000700842,제주도청 신제주로터리 (연동입구방면),버스정보시스템내부,제주특별자치도,제주시,교통시설,KT,Jeju Free Wifi,,제주특별자치도 제주시 삼무로11길 25,제주특별자치도 제주시 연동 301,제주특별자치도 정보정책과,064-710-2352,33.490408,126.4965458,2024-08-06,I,2026-05-15 18:45:29,2024-08-06 15:05:47
6510000,202465100000700525,전기차충전소_수목원테마파크,옥상에서 북서쪽 주차장 방향,제주특별자치도,제주시,교통시설,KT,Jeju Free Wifi,,제주특별자치도 제주시 은수길 69,제주특별자치도 제주시 연동 1320,제주특별자치도 정보정책과,064-710-2352,33.4703692,126.4878987,2024-08-06,I,2026-05-15 18:45:29,2024-08-06 15:05:44
6510000,202465100000701254,광양 (제주시청(아라방면)/방면),정류장 지붕에 무지향 1개,제주특별자치도,제주시,교통시설,KT,Jeju Free Wifi,,제주특별자치도 제주시 중앙로 192,제주특별자치도 제주시 이도일동 1789-3,제주특별자치도 정보정책과,064-710-2352,33.502063,126.5278861,2024-08-06,I,2026-05-15 18:45:29,2024-08-06 15:05:51
6510000,202465100000700333,제주동문시장,송이수산 앞 아케이드 위,제주특별자치도,제주시,기타,KT,Jeju Free Wifi,,제주특별자치도 제주시 중앙로11길 13,제주특별자치도 제주시 이도일동 1349-29,제주특별자치도 정보정책과,064-710-2352,33.5125279,126.5261806,2024-08-06,I,2026-05-15 18:45:29,2024-08-06 15:05:43
6510000,202465100000700663,에코촌 유스호스텔,옥상 동,제주특별자치도,제주시,관광,KT,Jeju Free Wifi,,제주특별자치도 제주시 조천읍 북흘로 376-9,제주특별자치도 제주시 조천읍 선흘리 2610,제주특별자치도 정보정책과,064-710-2352,33.516752,126.7040073,2024-08-06,I,2026-05-15 18:45:29,2024-08-06 15:05:46
6510000,202465100000700069,한림중앙상가,3층 야외 건물외벽+I18,제주특별자치도,제주시,기타,KT,Jeju Free Wifi,,제주특별자치도 제주시 한림읍 한림북동길 7,제주특별자치도 제주시 한림읍 한림리 1346-9,제주특별자치도 정보정책과,064-710-2352,33.415544,126.2640466,2024-08-06,I,2026-05-15 18:45:29,2024-08-06 15:05:41
6510000,202465100000700062,한마음공원,인근 가로등 운동기구방향,제주특별자치도,제주시,편의시설,KT,Jeju Free Wifi,,,제주특별자치도 제주시 이도이동 1942-1,제주특별자치도 정보정책과,064-710-2352,33.495536,126.544708,2024-08-06,I,2026-05-15 18:45:29,2024-08-06 15:05:40
6510000,202465100000701201,월산마을 (월산정수장입구방면),정류장 보조앵글에 무지향 1개,제주특별자치도,제주시,교통시설,KT,Jeju Free Wifi,,제주특별자치도 제주시 노형로 207,제주특별자치도 제주시 노형동 3278-12,제주특별자치도 정보정책과,064-710-2352,33.4733743,126.4632111,2024-08-06,I,2026-05-15 18:45:29,2024-08-06 15:05:51
6510000,202465100000700439,전기차충전소_화북동주민센터,지하주차장 입구 외벽,제주특별자치도,제주시,교통시설,KT,Jeju Free Wifi,,제주특별자치도 제주시 진남로6길 17,제주특별자치도 제주시 화북일동 1976-7,제주특별자치도 정보정책과,064-710-2352,33.5202201,126.5654993,2024-08-06,I,2026-05-15 18:45:29,2024-08-06 15:05:44
6510000,202465100000700320,제주동문시장,제라한 오메기떡 아케이드 위,제주특별자치도,제주시,기타,KT,Jeju Free Wifi,,제주특별자치도 제주시 동문로 6-8,제주특별자치도 제주시 일도일동 1482-1,제주특별자치도 정보정책과,064-710-2352,33.5122406,126.5270357,2024-08-06,I,2026-05-15 18:45:29,2024-08-06 15:05:43
6510000,202465100000700833,신흥동 (용당리방면),버스정류장 PVC 함체 내,제주특별자치도,제주시,교통시설,KT,Jeju Free Wifi,,,제주특별자치도 제주시 한경면 용수리 1242-6,제주특별자치도 정보정책과,064-710-2352,33.3407342,126.18214,2024-08-06,I,2026-05-15 18:45:29,2024-08-06 15:05:47
6510000,202465100000701075,제주여자중고등학교 (남국원(아라방면)방면),정류장천정,제주특별자치도,제주시,교통시설,KT,Jeju Free Wifi,,,제주특별자치도 제주시 아라일동 2370-1,제주특별자치도 정보정책과,064-710-2352,33.4847115,126.5419302,2024-08-06,I,2026-05-15 18:45:29,2024-08-06 15:05:50
6510000,202465100000701311,제주시청(광양방면) (광양사거리/터미널방면),건물옥상 난간,제주특별자치도,제주시,교통시설,KT,Jeju Free Wifi,,제주특별자치도 제주시 광양9길 10,제주특별자치도 제주시 이도이동 1176-1,제주특별자치도 정보정책과,064-710-2352,33.4996817,126.5315853,2024-08-06,I,2026-05-15 18:45:29,2024-08-06 15:05:52
6510000,202465100000701679,영화의거리->산지천 #1-4,불법주차 CCTV 북,제주특별자치도,제주시,관광,KT,Jeju Free Wifi,,제주특별자치도 제주시 관덕로15길 23,제주특별자치도 제주시 일도일동 1276-5,제주특별자치도 정보정책과,064-710-2360,33.5152408500,126.5266627000,2024-08-06,I,2026-05-15 18:45:29,2024-08-06 15:05:56
6510000,202465100000700989,하귀우체국 (안남동방면),버스정류장 상부,제주특별자치도,제주시,교통시설,KT,Jeju Free Wifi,,제주특별자치도 제주시 애월읍 하귀로 70,제주특별자치도 제주시 애월읍 하귀2리 1385,제주특별자치도 정보정책과,064-710-2352,33.4811066,126.404472,2024-08-06,I,2026-05-15 18:45:29,2024-08-06 15:05:49
6510000,202465100000700514,전기차충전소_양지공원,옥상에서 충전소 방향,제주특별자치도,제주시,교통시설,KT,Jeju Free Wifi,,제주특별자치도 제주시 516로 2810-31,제주특별자치도 제주시 영평동 2261,제주특별자치도 정보정책과,064-710-2352,33.4400727,126.5798428,2024-08-06,I,2026-05-15 18:45:29,2024-08-06 15:05:44
6510000,202465100000700789,삼성혈,토산품점 남,제주특별자치도,제주시,관광,KT,Jeju Free Wifi,,제주특별자치도 제주시 삼성로 22,제주특별자치도 제주시 이도일동 1313,제주특별자치도 정보정책과,064-710-2352,33.5044171,126.5294928,2024-08-06,I,2026-05-15 18:45:29,2024-08-06 15:05:47
6510000,202465100000701569,18코스,클린하우스 Pole,제주특별자치도,제주시,관광,KT,Jeju Free Wifi,,,제주특별자치도 제주시 조천읍 신촌리 2034-3,제주특별자치도 정보정책과,064-710-2352,33.5379753,126.6229659,2024-08-06,I,2026-05-15 18:45:29,2024-08-06 15:05:55
6510000,202465100000700198,주흥항구,IP주 상부-북,제주특별자치도,제주시,관광,KT,Jeju Free Wifi,,제주특별자치도 제주시 우도면 주흥1길 19-4,제주특별자치도 제주시 우도면 연평리 969-1,제주특별자치도 정보정책과,064-710-2352,33.5162906,126.9494168,2024-08-06,I,2026-05-15 18:45:29,2024-08-06 15:05:42
6510000,202465100000700848,월령리 (금능 블루하와이방면),버스정류장상부,제주특별자치도,제주시,교통시설,KT,Jeju Free Wifi,,,제주특별자치도 제주시 한림읍 월령리 219-1,제주특별자치도 정보정책과,064-710-2352,33.375868,126.2176635,2024-08-06,I,2026-05-15 18:45:29,2024-08-06 15:05:47
6510000,202465100000700602,우도해안도로,클린하우스 IP주-동,제주특별자치도,제주시,관광,KT,Jeju Free Wifi,,,제주특별자치도 제주시 우도면 연평리 2650-1,제주특별자치도 정보정책과,064-710-2352,33.4944343,126.9461297,2024-08-06,I,2026-05-15 18:45:29,2024-08-06 15:05:45
6510000,202465100000700520,전기차충전소_애월도서관,충전소 옆 벽면,제주특별자치도,제주시,교통시설,KT,Jeju Free Wifi,,제주특별자치도 제주시 애월읍 일주서로 6339,제주특별자치도 제주시 애월읍 고내리 1364,제주특별자치도 정보정책과,064-710-2352,33.4633476,126.3313315,2024-08-06,I,2026-05-15 18:45:29,2024-08-06 15:05:44
6510000,202465100000700702,신산공원,CCTV폴에 공원 중앙광장방향 지향 1개,제주특별자치도,제주시,편의시설,KT,Jeju Free Wifi,,제주특별자치도 제주시 태성로2길 34,제주특별자치도 제주시 일도이동 895,제주특별자치도 정보정책과,064-710-2352,33.5046112,126.5329333,2024-08-06,I,2026-05-15 18:45:29,2024-08-06 15:05:46
6510000,202465100000701337,대천환승정류장(표선방향) (대성목장방면),대천동버스정류장,제주특별자치도,제주시,교통시설,KT,Jeju Free Wifi,,,제주특별자치도 제주시 구좌읍 송당리 2635-6,제주특별자치도 정보정책과,064-710-2352,33.4350252,126.7383982,2024-08-06,I,2026-05-15 18:45:29,2024-08-06 15:05:52
6510000,202465100000700929,도련초등학교 (삼화지구 3단지방면),인근 가로등설치(맞은편 방향),제주특별자치도,제주시,교통시설,KT,Jeju Free Wifi,,,제주특별자치도 제주시 도련일동 2002,제주특별자치도 정보정책과,064-710-2352,33.5155784,126.5828509,2024-08-06,I,2026-05-15 18:45:29,2024-08-06 15:05:48
6510000,202465100000701211,외도부영 1차 아파트 (우령마을입구방면),정류장 지붕에 무지향 1개,제주특별자치도,제주시,교통시설,KT,Jeju Free Wifi,,,제주특별자치도 제주시 외도일동 549-4,제주특별자치도 정보정책과,064-710-2352,33.4863967,126.4311442,2024-08-06,I,2026-05-15 18:45:29,2024-08-06 15:05:51
6510000,202465100000701003,신설동 (대림아파트방면),정류장천정,제주특별자치도,제주시,교통시설,KT,Jeju Free Wifi,,제주특별자치도 제주시 남광로 134,제주특별자치도 제주시 이도이동 270,제주특별자치도 정보정책과,064-710-2352,33.4982032,126.5491937,2024-08-06,I,2026-05-15 18:45:29,2024-08-06 15:05:49
6510000,202465100000700131,하도 해변,화장실 남쪽 지붕 남,제주특별자치도,제주시,관광,KT,Jeju Free Wifi,,제주특별자치도 제주시 구좌읍 해맞이해안로 1973,제주특별자치도 제주시 구좌읍 하도리 46-3,제주특별자치도 정보정책과,064-710-2352,33.5135156,126.8987863,2024-08-06,I,2026-05-15 18:45:29,2024-08-06 15:05:41
6510000,202465100000700740,선흘곶자왈 생태숲,동백동산습지센터 내부,제주특별자치도,제주시,관광,KT,Jeju Free Wifi,,제주특별자치도 제주시 조천읍 동백로 77,제주특별자치도 제주시 조천읍 선흘리 924,제주특별자치도 정보정책과,064-710-2352,33.5096968,126.7156717,2024-08-06,I,2026-05-15 18:45:29,2024-08-06 15:05:46
6510000,202465100000700404,절물자연휴양림,보안등 57 중단 지향,제주특별자치도,제주시,관광,KT,Jeju Free Wifi,,제주특별자치도 제주시 명림로 584,제주특별자치도 제주시 봉개동 산78-1,제주특별자치도 정보정책과,064-710-2352,33.4313587,126.6225876,2024-08-06,I,2026-05-15 18:45:29,2024-08-06 15:05:43
6510000,202465100000701248,용천마을 (한국병원방면),가로등에서 길건너 정류장 방향 지향 1개,제주특별자치도,제주시,교통시설,KT,Jeju Free Wifi,,제주특별자치도 제주시 서광로 236,제주특별자치도 제주시 삼도일동 572-20,제주특별자치도 정보정책과,064-710-2352,33.4995445,126.5215689,2024-08-06,I,2026-05-15 18:45:29,2024-08-06 15:05:51
6510000,202465100000701619,14코스,IP주 - 북 올레길,제주특별자치도,제주시,관광,KT,Jeju Free Wifi,,제주특별자치도 제주시 한림읍 월령안길 27,제주특별자치도 제주시 한림읍 월령리 376-1,제주특별자치도 정보정책과,064-710-2352,33.376316,126.2143341,2024-08-06,I,2026-05-15 18:45:29,2024-08-06 15:05:55
6510000,202465100000701510,80호공원,CCTV POLE,제주특별자치도,제주시,편의시설,KT,Jeju Free Wifi,,,제주특별자치도 제주시 화북일동 1972-9,제주특별자치도 정보정책과,064-710-2352,33.5196775,126.5676933,2024-08-06,I,2026-05-15 18:45:29,2024-08-06 15:05:54
6510000,202465100000701623,1-49호어린이공원,인근가로등 정자방향,제주특별자치도,제주시,편의시설,KT,Jeju Free Wifi,,,제주특별자치도 제주시 노형동 1274-8,제주특별자치도 정보정책과,064-710-2352,33.4891765,126.4813205,2024-08-06,I,2026-05-15 18:45:29,2024-08-06 15:05:55
6510000,202465100000701011,S중앙병원 (노형주공아파트방면),정류장천정,제주특별자치도,제주시,교통시설,KT,Jeju Free Wifi,,제주특별자치도 제주시 월랑로 93,제주특별자치도 제주시 도두일동 2280-2,제주특별자치도 정보정책과,064-710-2352,33.4926386,126.4717911,2024-08-06,I,2026-05-15 18:45:29,2024-08-06 15:05:49
6510000,202465100000700277,제주러브랜드,매표소 동,제주특별자치도,제주시,관광,KT,Jeju Free Wifi,,제주특별자치도 제주시 1100로 2894-72,제주특별자치도 제주시 연동 680-26,제주특별자치도 정보정책과,064-710-2352,33.4516563,126.4896756,2024-08-06,I,2026-05-15 18:45:29,2024-08-06 15:05:42
6510000,202465100000700749,서부외국문화학습관,2층 로비,제주특별자치도,제주시,관공서,KT,Jeju Free Wifi,,,제주특별자치도 제주시,제주특별자치도 정보정책과,064-710-2352,33.4995596,126.5311784,2024-08-06,I,2026-05-15 18:45:29,2024-08-06 15:05:46
6510000,202465100000700273,제주목관아,목관아 서쪽 클린하우스 폴대 남동,제주특별자치도,제주시,관광,KT,Jeju Free Wifi,,제주특별자치도 제주시 관덕로 25,제주특별자치도 제주시 삼도이동 1045-1,제주특별자치도 정보정책과,064-710-2352,33.513992,126.5219367,2024-08-06,I,2026-05-15 18:45:29,2024-08-06 15:05:42
6510000,202465100000701305,제주동중학교 (화북남문방면),버스정류장 지붕위,제주특별자치도,제주시,교통시설,KT,Jeju Free Wifi,,,제주특별자치도 제주시 화북일동 1239-11,제주특별자치도 정보정책과,064-710-2352,33.5196055,126.5708267,2024-08-06,I,2026-05-15 18:45:29,2024-08-06 15:05:52
6510000,202465100000701736,조천체육관,2층 관람석(북쪽천정),제주특별자치도,제주시,관공서,KT,Jeju Free Wifi,,제주특별자치도 제주시 조천읍 조천18길 11-1,제주특별자치도 제주시 조천읍 조천리 1176-1,제주특별자치도 정보정책과,064-710-2417,33.5395361411,126.6437192434,2024-08-06,I,2026-05-15 18:45:29,2024-08-06 15:05:56
6510000,202465100000700029,해변공연장,남자연습실 상부,제주특별자치도,제주시,지역문화시설,KT,Jeju Free Wifi,,제주특별자치도 제주시 중앙로 2,제주특별자치도 제주시 삼도이동 1262,제주특별자치도 정보정책과,064-710-2352,33.5181634,126.5239646,2024-08-06,I,2026-05-15 18:45:29,2024-08-06 15:05:40
6510000,202465100000700682,알프스얼음보석궁전,1층 입구 외벽,제주특별자치도,제주시,관광,KT,Jeju Free Wifi,,제주특별자치도 제주시 한경면 연명로 147,제주특별자치도 제주시 한경면 청수리 958,제주특별자치도 정보정책과,064-710-2352,33.2911145,126.2493608,2024-08-06,I,2026-05-15 18:45:29,2024-08-06 15:05:46
6510000,202465100000700493,전기차충전소_제주대학교(학생주차장),전기차충전소인근 IP주,제주특별자치도,제주시,교통시설,KT,Jeju Free Wifi,,제주특별자치도 제주시 제주대학로 102,제주특별자치도 제주시 아라일동 1,제주특별자치도 정보정책과,064-710-2352,33.4544673,126.5623131,2024-08-06,I,2026-05-15 18:45:29,2024-08-06 15:05:44
6510000,202465100000700553,전기차충전소_납읍리보건소,인입 ip주 상부,제주특별자치도,제주시,교통시설,KT,Jeju Free Wifi,,제주특별자치도 제주시 애월읍 납읍로2길 2,제주특별자치도 제주시 애월읍 납읍리 1576-13,제주특별자치도 정보정책과,064-710-2352,33.4387651,126.3301786,2024-08-06,I,2026-05-15 18:45:29,2024-08-06 15:05:45
6510000,202465100000700776,삼화제2근린공원,CCTV POLE,제주특별자치도,제주시,편의시설,KT,Jeju Free Wifi,,,제주특별자치도 제주시 삼양이동 2315,제주특별자치도 정보정책과,064-710-2352,33.51873,126.5832947,2024-08-06,I,2026-05-15 18:45:29,2024-08-06 15:05:47
6510000,202465100000700459,전기차충전소_하귀농협 복지센터,전기차충전소 비가림벽면,제주특별자치도,제주시,교통시설,KT,Jeju Free Wifi,,제주특별자치도 제주시 애월읍 일주서로 7020,제주특별자치도 제주시 애월읍 하귀2리 1763-1,제주특별자치도 정보정책과,064-710-2352,33.4813988,126.4005612,2024-08-06,I,2026-05-15 18:45:29,2024-08-06 15:05:44
6510000,202465100000700323,제주동문시장,청정농수산직매장 아케이드 위,제주특별자치도,제주시,기타,KT,Jeju Free Wifi,,제주특별자치도 제주시 동문로 4,제주특별자치도 제주시 일도일동 1479-1,제주특별자치도 정보정책과,064-710-2352,33.5128079,126.5269831,2024-08-06,I,2026-05-15 18:45:29,2024-08-06 15:05:43
6510000,202465100000700197,지하상가,지하상가 9&10 출구 홀 서쪽(지하상가),제주특별자치도,제주시,기타,KT,Jeju Free Wifi,,제주특별자치도 제주시 중앙로 지하 60,제주특별자치도 제주시 일도일동 1425-3,제주특별자치도 정보정책과,064-710-2352,33.5132764,126.5246826,2024-08-06,I,2026-05-15 18:45:29,2024-08-06 15:05:42
6510000,202465100000700496,전기차충전소_제주공항 입구 공영주차장,전기 IP주 상단,제주특별자치도,제주시,교통시설,KT,Jeju Free Wifi,,제주특별자치도 제주시 다호북길 7,제주특별자치도 제주시 용담이동 1611-2,제주특별자치도 정보정책과,064-710-2352,33.5031388,126.495863,2024-08-06,I,2026-05-15 18:45:29,2024-08-06 15:05:44
6510000,202465100000700871,경제통상진흥원 (이도2동행정복지센터방면),버스정류장 상부,제주특별자치도,제주시,교통시설,KT,Jeju Free Wifi,,제주특별자치도 제주시 연삼로 473,제주특별자치도 제주시 이도이동 390,제주특별자치도 정보정책과,064-710-2352,33.4994511,126.5403057,2024-08-06,I,2026-05-15 18:45:29,2024-08-06 15:05:48
6510000,202465100000701125,서해아파트 (제주학생문화원방면),길건너 정류장 방향 가로등에 지향 1개,제주특별자치도,제주시,교통시설,KT,Jeju Free Wifi,,제주특별자치도 제주시 고마로19길 5,제주특별자치도 제주시 일도이동 409-11,제주특별자치도 정보정책과,064-710-2352,33.5048347,126.5419372,2024-08-06,I,2026-05-15 18:45:29,2024-08-06 15:05:50
6510000,202465100000700975,애월중학교 (애월리방면),버스정류장 상부,제주특별자치도,제주시,교통시설,KT,Jeju Free Wifi,,,제주특별자치도 제주시 애월읍 애월리 426-2,제주특별자치도 정보정책과,064-710-2352,33.4637427,126.323859,2024-08-06,I,2026-05-15 18:45:29,2024-08-06 15:05:49
6510000,202465100000701043,남광초등학교 (제주중앙여자고등학교(아라방면)방면),정류장천정,제주특별자치도,제주시,교통시설,KT,Jeju Free Wifi,,제주특별자치도 제주시 남광로 15,제주특별자치도 제주시 이도이동 1084-6,제주특별자치도 정보정책과,064-710-2352,33.4929737,126.5376597,2024-08-06,I,2026-05-15 18:45:29,2024-08-06 15:05:49
6510000,202465100000700866,NHF삼화1단지 (삼화지구방면),버스정류장 상부,제주특별자치도,제주시,교통시설,KT,Jeju Free Wifi,,,제주특별자치도 제주시 삼양이동 2338,제주특별자치도 정보정책과,064-710-2352,33.5175519,126.5819792,2024-08-06,I,2026-05-15 18:45:29,2024-08-06 15:05:47
6510000,202465100000701567,18코스,CCTV Pole 포구양방향 서북,제주특별자치도,제주시,관광,KT,Jeju Free Wifi,,제주특별자치도 제주시 조천읍 신촌북3길 1,제주특별자치도 제주시 조천읍 신촌리 2202-1,제주특별자치도 정보정책과,064-710-2352,33.5372628,126.6188969,2024-08-06,I,2026-05-15 18:45:29,2024-08-06 15:05:55
6510000,202465100000700072,한림종합운동장,한림체육관 옥상 남서,제주특별자치도,제주시,지역문화시설,KT,Jeju Free Wifi,,제주특별자치도 제주시 한림읍 한림중앙로 71-9,제주특별자치도 제주시 한림읍 한림리 887-2,제주특별자치도 정보정책과,064-710-2352,33.4092593,126.2684929,2024-08-06,I,2026-05-15 18:45:29,2024-08-06 15:05:41
6510000,202465100000701600,16코스,다락쉼터 남자화장실 입구 외벽 북서,제주특별자치도,제주시,관광,KT,Jeju Free Wifi,,,제주특별자치도 제주시 애월읍 고내리 462,제주특별자치도 정보정책과,064-710-2352,33.4701514,126.3405168,2024-08-06,I,2026-05-15 18:45:29,2024-08-06 15:05:55
6510000,202465100000701085,봉개동주민센터 (봉개동방면),정류장천정,제주특별자치도,제주시,교통시설,KT,Jeju Free Wifi,,,제주특별자치도 제주시 봉개동 1831-4,제주특별자치도 정보정책과,064-710-2352,33.4907383,126.5945754,2024-08-06,I,2026-05-15 18:45:29,2024-08-06 15:05:50
6510000,202465100000701308,화북남문 (제주동중학교방면),버스정류장 지붕위,제주특별자치도,제주시,교통시설,KT,Jeju Free Wifi,,제주특별자치도 제주시 일주동로 192,제주특별자치도 제주시 화북일동 2034-1,제주특별자치도 정보정책과,064-710-2352,33.5184691,126.5661095,2024-08-06,I,2026-05-15 18:45:29,2024-08-06 15:05:52
6510000,202465100000700086,한라수목원,옥상,제주특별자치도,제주시,관광,KT,Jeju Free Wifi,,,제주특별자치도 제주시 연동 1007-1,제주특별자치도 정보정책과,064-710-2352,33.4686616,126.4927799,2024-08-06,I,2026-05-15 18:45:29,2024-08-06 15:05:41
6510000,202465100000700102,한라산국립공원_윗세오름대피소,대피소 입구 기둥,제주특별자치도,제주시,편의시설,KT,Jeju Free Wifi,,제주특별자치도 제주시 애월읍 1100로 2070-510,제주특별자치도 제주시 애월읍 광령리 산183-6,제주특별자치도 정보정책과,064-710-2352,33.3621326,126.5175689,2024-08-06,I,2026-05-15 18:45:29,2024-08-06 15:05:41
6510000,202465100000701557,1-92호공원,CCTV pole,제주특별자치도,제주시,편의시설,KT,Jeju Free Wifi,,,제주특별자치도 제주시 노형동 2531-5,제주특별자치도 정보정책과,064-710-2352,33.4847746,126.4730589,2024-08-06,I,2026-05-15 18:45:29,2024-08-06 15:05:54
6510000,202465100000700432,절물자연휴양림,목공예체험장 옥탑 동,제주특별자치도,제주시,관광,KT,Jeju Free Wifi,,제주특별자치도 제주시 명림로 584,제주특별자치도 제주시 봉개동 산 78-1,제주특별자치도 정보정책과,064-710-2352,33.4313587,126.6225876,2024-08-06,I,2026-05-15 18:45:29,2024-08-06 15:05:44
6510000,202465100000700921,동광초등학교 (신천동방면),버스정류소 천정,제주특별자치도,제주시,교통시설,KT,Jeju Free Wifi,,제주특별자치도 제주시 연삼로 530,제주특별자치도 제주시 일도이동 73-3,제주특별자치도 정보정책과,064-710-2352,33.5015726,126.5459091,2024-08-06,I,2026-05-15 18:45:29,2024-08-06 15:05:48
6510000,202465100000701128,부영아파트 (한라중학교/부영아파트방면),205동 옥탑 통신폴,제주특별자치도,제주시,교통시설,KT,Jeju Free Wifi,,제주특별자치도 제주시 진군1길 3,제주특별자치도 제주시 노형동 753,제주특별자치도 정보정책과,064-710-2352,33.4782336,126.4814899,2024-08-06,I,2026-05-15 18:45:29,2024-08-06 15:05:50
6510000,202465100000700611,우도비양도,비양도입구 화장실옆 영농조합 동,제주특별자치도,제주시,관광,KT,Jeju Free Wifi,,,제주특별자치도 제주시 우도면 연평리 33-2,제주특별자치도 정보정책과,064-710-2352,33.5129501,126.9649459,2024-08-06,I,2026-05-15 18:45:29,2024-08-06 15:05:45
6510000,202465100000700378,제주국제공항,공항 1층 GATE 5 상단 기둥 남,제주특별자치도,제주시,교통시설,KT,Jeju Free Wifi,,제주특별자치도 제주시 공항로 2,제주특별자치도 제주시 용담이동 2002,제주특별자치도 정보정책과,064-710-2352,33.506303,126.4921277,2024-08-06,I,2026-05-15 18:45:29,2024-08-06 15:05:43
6510000,202465100000701535,20코스,김녕서포구 화장실 서,제주특별자치도,제주시,관광,KT,Jeju Free Wifi,,제주특별자치도 제주시 구좌읍 김녕항1길 30,제주특별자치도 제주시 구좌읍 김녕리 4071,제주특별자치도 정보정책과,064-710-2352,33.5577061,126.7446294,2024-08-06,I,2026-05-15 18:45:29,2024-08-06 15:05:54
6510000,202465100000700843,하귀휴먼시아2단지앞 (하귀휴먼시아1단지방면),버스정류장상부,제주특별자치도,제주시,교통시설,KT,Jeju Free Wifi,,제주특별자치도 제주시 애월읍 하귀9길 71,제주특별자치도 제주시 애월읍 하귀1리 166-1,제주특별자치도 정보정책과,064-710-2352,33.4806416,126.4153036,2024-08-06,I,2026-05-15 18:45:29,2024-08-06 15:05:47
6510000,202465100000700641,용담해안 카페촌거리,가로등제어기 옆 KT IP주 서,제주특별자치도,제주시,관광,KT,Jeju Free Wifi,,제주특별자치도 제주시 서해안로 452,제주특별자치도 제주시 용담삼동 2396,제주특별자치도 정보정책과,064-710-2352,33.5177544,126.4878174,2024-08-06,I,2026-05-15 18:45:29,2024-08-06 15:05:45
6510000,202465100000700156,탐라문화광장,탐라문화광장,제주특별자치도,제주시,편의시설,KT,Jeju Free Wifi,,제주특별자치도 제주시 관덕로 67,제주특별자치도 제주시 일도일동 1476-11,제주특별자치도 정보정책과,064-710-2352,33.5133351,126.5265867,2024-08-06,I,2026-05-15 18:45:29,2024-08-06 15:05:41
6510000,202465100000700572,일도이동 그린쉼터,동쪽 화장실 벽면 상부,제주특별자치도,제주시,편의시설,KT,Jeju Free Wifi,,제주특별자치도 제주시 연수로 12,제주특별자치도 제주시 일도이동 46-2,제주특별자치도 정보정책과,064-710-2352,33.5044712,126.5470659,2024-08-06,I,2026-05-15 18:45:29,2024-08-06 15:05:45
6510000,202465100000701344,하귀환승정류장(하귀하나로마트) (큰구릉내방면),버스정류장 처마(정류장),제주특별자치도,제주시,교통시설,KT,Jeju Free Wifi,,,제주특별자치도 제주시 애월읍 하귀1리 569-3,제주특별자치도 정보정책과,064-710-2352,33.4857589,126.4122194,2024-08-06,I,2026-05-15 18:45:29,2024-08-06 15:05:52
6510000,202465100000701057,가시나물 (달샘마을방면),정류장천정,제주특별자치도,제주시,교통시설,KT,Jeju Free Wifi,,,제주특별자치도 제주시 영평동 1923-5,제주특별자치도 정보정책과,064-710-2352,33.4730722,126.5697839,2024-08-06,I,2026-05-15 18:45:29,2024-08-06 15:05:49
6510000,202465100000701707,곽지과물해변,종합상황실 외벽(북),제주특별자치도,제주시,관광,KT,Jeju Free Wifi,,,제주특별자치도 제주시 애월읍 곽지리 1565-12,제주특별자치도 정보정책과,064-710-2388,33.4499491184,126.3052114254,2024-08-06,I,2026-05-15 18:45:29,2024-08-06 15:05:56
6510000,202465100000700532,전기차충전소_삼양주민센터,충전소 옆 벽면,제주특별자치도,제주시,교통시설,KT,Jeju Free Wifi,,제주특별자치도 제주시 지석13길 6,제주특별자치도 제주시 삼양이동 2136-9,제주특별자치도 정보정책과,064-710-2352,33.5217859,126.5856237,2024-08-06,I,2026-05-15 18:45:29,2024-08-06 15:05:44
6510000,202465100000701412,누웨모루거리(구 바오젠거리),관광안내소 지붕(바오젠거리 공영주차빌딩 주변),제주특별자치도,제주시,관광,KT,Jeju Free Wifi,,제주특별자치도 제주시 신대로12길 54,제주특별자치도 제주시 연동 272-56,제주특별자치도 정보정책과,064-710-2352,33.4890683,126.4909093,2024-08-06,I,2026-05-15 18:45:29,2024-08-06 15:05:53
6510000,202465100000701049,월성마을회관 (월구마을방면),정류장지붕,제주특별자치도,제주시,교통시설,KT,Jeju Free Wifi,,제주특별자치도 제주시 월성로 22,제주특별자치도 제주시 용담이동 2747-5,제주특별자치도 정보정책과,064-710-2352,33.5022185,126.5047356,2024-08-06,I,2026-05-15 18:45:29,2024-08-06 15:05:49
6510000,202465100000700437,전기차충전소_환경성질환예방관리센터,태양열구조물기둥 상단,제주특별자치도,제주시,교통시설,KT,Jeju Free Wifi,,제주특별자치도 제주시 구좌읍 다랑쉬북로 68-92,제주특별자치도 제주시 구좌읍 평대리 2981,제주특별자치도 정보정책과,064-710-2352,33.486038,126.8104177,2024-08-06,I,2026-05-15 18:45:29,2024-08-06 15:05:44
6510000,202465100000700007,흑돼지 거리,방범용CCTV 옆 IP주 북동,제주특별자치도,제주시,관광,KT,Jeju Free Wifi,,제주특별자치도 제주시 관덕로15길 31,제주특별자치도 제주시 건입동 1390,제주특별자치도 정보정책과,064-710-2352,33.5160604,126.5267988,2024-08-06,I,2026-05-15 18:45:29,2024-08-06 15:05:40
6510000,202465100000700366,제주돌마을공원,수석박물관 외벽,제주특별자치도,제주시,관광,KT,Jeju Free Wifi,,제주특별자치도 제주시 한림읍 금능남로 41,제주특별자치도 제주시 한림읍 금능리 368-2,제주특별자치도 정보정책과,064-710-2352,33.3540029,126.2536136,2024-08-06,I,2026-05-15 18:45:29,2024-08-06 15:05:43
6510000,202465100000700444,전기차충전소_한림읍사무소 전기차충전소,건물외벽 - 전기차충전소방향,제주특별자치도,제주시,교통시설,KT,Jeju Free Wifi,,제주특별자치도 제주시 한림읍 한림상로 132,제주특별자치도 제주시 한림읍 한림리 919,제주특별자치도 정보정책과,064-710-2352,33.4103614,126.2673638,2024-08-06,I,2026-05-15 18:45:29,2024-08-06 15:05:44
6510000,202465100000701579,17호공원,CCTV POLE,제주특별자치도,제주시,편의시설,KT,Jeju Free Wifi,,제주특별자치도 제주시 천수동로2길 29,제주특별자치도 제주시 일도이동 372-18,제주특별자치도 정보정책과,064-710-2352,33.5085236,126.5435973,2024-08-06,I,2026-05-15 18:45:29,2024-08-06 15:05:55
6510000,202465100000700420,절물자연휴양림,안내소 외벽 지향,제주특별자치도,제주시,관광,KT,Jeju Free Wifi,,제주특별자치도 제주시 명림로 584,제주특별자치도 제주시 봉개동 산78-1,제주특별자치도 정보정책과,064-710-2352,33.4313587,126.6225876,2024-08-06,I,2026-05-15 18:45:29,2024-08-06 15:05:43
6510000,202465100000700104,한라산국립공원_윗세오름대피소,대피소1 내,제주특별자치도,제주시,편의시설,KT,Jeju Free Wifi,,제주특별자치도 제주시 애월읍 1100로 2070-510,제주특별자치도 제주시 애월읍 광령리 산183-6,제주특별자치도 정보정책과,064-710-2352,33.3621326,126.5175689,2024-08-06,I,2026-05-15 18:45:29,2024-08-06 15:05:41
6510000,202465100000700583,이도공원,화장실 외벽 (서벽),제주특별자치도,제주시,편의시설,KT,Jeju Free Wifi,,제주특별자치도 제주시 이도공원동길 6,제주특별자치도 제주시 이도이동 440,제주특별자치도 정보정책과,064-710-2352,33.4972515,126.544152,2024-08-06,I,2026-05-15 18:45:29,2024-08-06 15:05:45
6510000,202465100000700331,제주동문시장,혜주상회 위,제주특별자치도,제주시,기타,KT,Jeju Free Wifi,,제주특별자치도 제주시 관덕로14길 5,제주특별자치도 제주시 이도일동 1333,제주특별자치도 정보정책과,064-710-2352,33.5122431,126.5264868,2024-08-06,I,2026-05-15 18:45:29,2024-08-06 15:05:43
6510000,202465100000700053,함덕 서우봉 해변,관광안내소(해변),제주특별자치도,제주시,관광,KT,Jeju Free Wifi,,,제주특별자치도 제주시 조천읍 함덕리 산14-1,제주특별자치도 정보정책과,064-710-2352,33.5431956,126.6699878,2024-08-06,I,2026-05-15 18:45:29,2024-08-06 15:05:40
6510000,202465100000700080,한림읍사무소,1층 건설팀 천장,제주특별자치도,제주시,관공서,KT,Jeju Free Wifi,,제주특별자치도 제주시 한림읍 한림상로 132,제주특별자치도 제주시 한림읍 한림리 919,제주특별자치도 정보정책과,064-710-2352,33.4103614,126.2673638,2024-08-06,I,2026-05-15 18:45:29,2024-08-06 15:05:41
6510000,202465100000700138,평대포구,화장실 북 벽면 상단,제주특별자치도,제주시,관광,KT,Jeju Free Wifi,,,제주특별자치도 제주시 구좌읍 평대리 2025-6,제주특별자치도 정보정책과,064-710-2352,33.5364822,126.8407662,2024-08-06,I,2026-05-15 18:45:29,2024-08-06 15:05:41
6510000,202465100000700287,제주동문시장,시대커텐 옆 천장 위,제주특별자치도,제주시,기타,KT,Jeju Free Wifi,,제주특별자치도 제주시 동문로 16,제주특별자치도 제주시 일도일동 1148-2,제주특별자치도 정보정책과,064-710-2352,33.5127517,126.5283186,2024-08-06,I,2026-05-15 18:45:29,2024-08-06 15:05:42
6510000,202465100000701499,고마로 거리,어린이CCTV 남,제주특별자치도,제주시,관광,KT,Jeju Free Wifi,,제주특별자치도 제주시 천수로 41,제주특별자치도 제주시 일도이동 414-19,제주특별자치도 정보정책과,064-710-2352,33.5033394,126.5412843,2024-08-06,I,2026-05-15 18:45:29,2024-08-06 15:05:54
6510000,202465100000701131,백록초등학교 (한국방송통신대학방면),정류장 지붕에 무지향 1개,제주특별자치도,제주시,교통시설,KT,Jeju Free Wifi,,제주특별자치도 제주시 수덕로 69,제주특별자치도 제주시 노형동 2511-3,제주특별자치도 정보정책과,064-710-2352,33.4843485,126.4706779,2024-08-06,I,2026-05-15 18:45:29,2024-08-06 15:05:50
6510000,202465100000701433,노꼬메오름,중계기 폴대 - 화장실,제주특별자치도,제주시,관광,KT,Jeju Free Wifi,,,제주특별자치도 제주시 애월읍 소길리 산255-4,제주특별자치도 정보정책과,064-710-2352,33.3912696,126.397711,2024-08-06,I,2026-05-15 18:45:29,2024-08-06 15:05:53
6510000,202465100000701306,제주여자상업고등학교 (사라봉오거리방면),버스정류장 지붕위,제주특별자치도,제주시,교통시설,KT,Jeju Free Wifi,,제주특별자치도 제주시 동문로 98-2,제주특별자치도 제주시 일도이동 981-43,제주특별자치도 정보정책과,064-710-2352,33.5138009,126.5369758,2024-08-06,I,2026-05-15 18:45:29,2024-08-06 15:05:52
6510000,202465100000701444,김만덕객주,객주 안거리 CCTV POLE 상단,제주특별자치도,제주시,관광,KT,Jeju Free Wifi,,,제주특별자치도 제주시 건입동 1297,제주특별자치도 정보정책과,064-710-2352,33.5165929,126.5321606,2024-08-06,I,2026-05-15 18:45:29,2024-08-06 15:05:53
6510000,202465100000701195,인화동 (서해아파트방면),길건너 정류장 방향 지향 1개,제주특별자치도,제주시,교통시설,KT,Jeju Free Wifi,,제주특별자치도 제주시 고마로 59,제주특별자치도 제주시 일도이동 355-16,제주특별자치도 정보정책과,064-710-2352,33.5089588,126.5399739,2024-08-06,I,2026-05-15 18:45:29,2024-08-06 15:05:51
6510000,202465100000701258,거로 입구 (오현중고등학교방면),정류장 지붕에 무지향 1개,제주특별자치도,제주시,교통시설,KT,Jeju Free Wifi,,제주특별자치도 제주시 일주동로 94,제주특별자치도 제주시 화북일동 4705-5,제주특별자치도 정보정책과,064-710-2352,33.5145854,126.5569711,2024-08-06,I,2026-05-15 18:45:29,2024-08-06 15:05:51
6510000,202465100000701641,1-30호어린이공원,CCTV pole,제주특별자치도,제주시,편의시설,KT,Jeju Free Wifi,,,제주특별자치도 제주시 이도이동 1044-5,제주특별자치도 정보정책과,064-710-2352,33.4984398,126.5355878,2024-08-06,I,2026-05-15 18:45:29,2024-08-06 15:05:55
6510000,202465100000700397,절물자연휴양림,방문객센터,제주특별자치도,제주시,관광,KT,Jeju Free Wifi,,제주특별자치도 제주시 명림로 584,제주특별자치도 제주시 봉개동 산 78-1,제주특별자치도 정보정책과,064-710-2352,33.4313587,126.6225876,2024-08-06,I,2026-05-15 18:45:29,2024-08-06 15:05:43
6510000,202465100000700032,해변공연장,다목적실 출입구 위 벽면,제주특별자치도,제주시,지역문화시설,KT,Jeju Free Wifi,,제주특별자치도 제주시 중앙로 2,제주특별자치도 제주시 삼도이동 1262,제주특별자치도 정보정책과,064-710-2352,33.5181634,126.5239646,2024-08-06,I,2026-05-15 18:45:29,2024-08-06 15:05:40
6510000,202465100000700734,세화 해변,세화민속오일시장 공중화장실 서,제주특별자치도,제주시,관광,KT,Jeju Free Wifi,,제주특별자치도 제주시 구좌읍 해맞이해안로 1412,제주특별자치도 제주시 구좌읍 세화리 1500-5,제주특별자치도 정보정책과,064-710-2352,33.5259539,126.8575279,2024-08-06,I,2026-05-15 18:45:29,2024-08-06 15:05:46
6510000,202465100000700557,전기차충전소_구좌읍사무소,건물 옥상에서 충전소 방향,제주특별자치도,제주시,교통시설,KT,Jeju Free Wifi,,제주특별자치도 제주시 구좌읍 일주동로 3116,제주특별자치도 제주시 구좌읍 세화리 1561-7,제주특별자치도 정보정책과,064-710-2352,33.5224473,126.8517503,2024-08-06,I,2026-05-15 18:45:29,2024-08-06 15:05:45
6510000,202465100000701039,한마음병원 (한일베라체방면),정류장 천정,제주특별자치도,제주시,교통시설,KT,Jeju Free Wifi,,제주특별자치도 제주시 신설로7길 57,제주특별자치도 제주시 이도이동 1950-1,제주특별자치도 정보정책과,064-710-2352,33.4956562,126.547267,2024-08-06,I,2026-05-15 18:45:29,2024-08-06 15:05:49
6510000,202465100000701184,"중앙로(동문시장) (동문로터리, 동문시장방면)",가로등에 지향성 1개,제주특별자치도,제주시,교통시설,KT,Jeju Free Wifi,,제주특별자치도 제주시 중앙로 72,제주특별자치도 제주시 이도일동 1404-2,제주특별자치도 정보정책과,064-710-2352,33.5118121,126.5243631,2024-08-06,I,2026-05-15 18:45:29,2024-08-06 15:05:51
6510000,202465100000701737,조천체육관,1층 회의실,제주특별자치도,제주시,관공서,KT,Jeju Free Wifi,,제주특별자치도 제주시 조천읍 조천18길 11-1,제주특별자치도 제주시 조천읍 조천리 1176-1,제주특별자치도 정보정책과,064-710-2418,33.5395361411,126.6437192434,2024-08-06,I,2026-05-15 18:45:29,2024-08-06 15:05:56
6510000,202465100000700002,힐링카약파크비체올린,매표소 외벽,제주특별자치도,제주시,관광,KT,Jeju Free Wifi,,제주특별자치도 제주시 한경면 판조로 253-6,제주특별자치도 제주시 한경면 판포리 산8,제주특별자치도 정보정책과,064-710-2352,33.3495733,126.2185004,2024-08-06,I,2026-05-15 18:45:29,2024-08-06 15:05:40
6510000,202465100000700643,용담레포츠공원,CCTV POLE,제주특별자치도,제주시,편의시설,KT,Jeju Free Wifi,,제주특별자치도 제주시 서해안로 580,제주특별자치도 제주시 용담삼동 1089,제주특별자치도 정보정책과,064-710-2352,33.5183192,126.4994213,2024-08-06,I,2026-05-15 18:45:29,2024-08-06 15:05:45
6510000,202465100000700059,한마음공원,CCTV POLE,제주특별자치도,제주시,편의시설,KT,Jeju Free Wifi,,,제주특별자치도 제주시 이도이동 1942-1,제주특별자치도 정보정책과,064-710-2352,33.495536,126.544708,2024-08-06,I,2026-05-15 18:45:29,2024-08-06 15:05:40
6510000,202465100000700246,제주외국어학습센터,3층 로비,제주특별자치도,제주시,관공서,KT,Jeju Free Wifi,,제주특별자치도 제주시 전농로 88,제주특별자치도 제주시 삼도일동 305-8,제주특별자치도 정보정책과,064-710-2352,33.5040094,126.5225046,2024-08-06,I,2026-05-15 18:45:29,2024-08-06 15:05:42
6510000,202465100000700175,추자도 영흥리 광장,화장실처마밑 동쪽방향,제주특별자치도,제주시,관광,KT,Jeju Free Wifi,,제주특별자치도 제주시 추자면 추자로 107,제주특별자치도 제주시 추자면 영흥리 367-14,제주특별자치도 정보정책과,064-710-2352,33.9597894,126.2971313,2024-08-06,I,2026-05-15 18:45:29,2024-08-06 15:05:41
6510000,202465100000701094,월랑로 입구 (제주민속오일장방면),정류장,제주특별자치도,제주시,교통시설,KT,Jeju Free Wifi,,,제주특별자치도 제주시 도두일동 2270-1,제주특별자치도 정보정책과,064-710-2352,33.4937845,126.4725995,2024-08-06,I,2026-05-15 18:45:29,2024-08-06 15:05:50
6510000,202465100000701316,고산동산(광양방면)/제주4.3트라우마센터,제주도통합분전함 옆 전기 IP주,제주특별자치도,제주시,교통시설,KT,Jeju Free Wifi,,제주특별자치도 제주시 중앙로 274,제주특별자치도 제주시 이도이동 1018,제주특별자치도 정보정책과,064-710-2352,33.4957686,126.5323292,2024-08-06,I,2026-05-15 18:45:29,2024-08-06 15:05:52
6510000,202465100000700854,하귀하나로마트 (남주동방면),버스정류장IP주,제주특별자치도,제주시,교통시설,KT,Jeju Free Wifi,,,제주특별자치도 제주시 애월읍 하귀1리 584,제주특별자치도 정보정책과,064-710-2352,33.4835994,126.4125493,2024-08-06,I,2026-05-15 18:45:29,2024-08-06 15:05:47
6510000,202465100000701100,내도동 서마을 (외도초등학교방면),정류장천정,제주특별자치도,제주시,교통시설,KT,Jeju Free Wifi,,,제주특별자치도 제주시 내도동 580-2,제주특별자치도 정보정책과,064-710-2352,33.4940626,126.4384951,2024-08-06,I,2026-05-15 18:45:29,2024-08-06 15:05:50
6510000,202465100000700178,추자도 여행자센터&쉼터,쉼터내 벽면,제주특별자치도,제주시,관광,KT,Jeju Free Wifi,,제주특별자치도 제주시 추자면 추자로 26,제주특별자치도 제주시 추자면 대서리 19-1,제주특별자치도 정보정책과,064-710-2352,33.963669,126.2960695,2024-08-06,I,2026-05-15 18:45:29,2024-08-06 15:05:41
6510000,202465100000701384,만세공원,CCTV POLE,제주특별자치도,제주시,편의시설,KT,Jeju Free Wifi,,,제주특별자치도 제주시 조천읍 조천리 1142-1,제주특별자치도 정보정책과,064-710-2352,33.5406224,126.6422389,2024-08-06,I,2026-05-15 18:45:29,2024-08-06 15:05:53
6510000,202465100000700705,신비의도로(도깨비도로),남자 화장실 외벽,제주특별자치도,제주시,관광,KT,Jeju Free Wifi,,제주특별자치도 제주시 1100로 2894-51,제주특별자치도 제주시 노형동 291-25,제주특별자치도 정보정책과,064-710-2352,33.4498143,126.4872231,2024-08-06,I,2026-05-15 18:45:29,2024-08-06 15:05:46
6510000,202465100000701272,제주대학교병원 (인다마을방면),킹마트 쪽 제대병원버스정류장 지붕,제주특별자치도,제주시,교통시설,KT,Jeju Free Wifi,,,제주특별자치도 제주시 아라일동 1801-6,제주특별자치도 정보정책과,064-710-2352,33.4691298,126.5478604,2024-08-06,I,2026-05-15 18:45:29,2024-08-06 15:05:52
6510000,202465100000700988,하귀 하나로마트 (성수동방면),버스정류장 상부,제주특별자치도,제주시,교통시설,KT,Jeju Free Wifi,,,제주특별자치도 제주시 애월읍 하귀1리 549-16,제주특별자치도 정보정책과,064-710-2352,33.4847397,126.4107747,2024-08-06,I,2026-05-15 18:45:29,2024-08-06 15:05:49
6510000,202465100000701666,1-13호공원,CCTV pole,제주특별자치도,제주시,편의시설,KT,Jeju Free Wifi,,제주특별자치도 제주시 남광로 158-7,제주특별자치도 제주시 일도이동 154,제주특별자치도 정보정책과,064-710-2352,33.5113517,126.5418279,2024-08-06,I,2026-05-15 18:45:29,2024-08-06 15:05:55
6510000,202465100000700960,제주연안여객터미널 (산지변전소방면),2층 옥상,제주특별자치도,제주시,교통시설,KT,Jeju Free Wifi,,,제주특별자치도 제주시 건입동 918-54,제주특별자치도 정보정책과,064-710-2352,33.5192469,126.5354956,2024-08-06,I,2026-05-15 18:45:29,2024-08-06 15:05:48
6510000,202465100000700347,제주동문시장,골목시장 간판 남쪽,제주특별자치도,제주시,기타,KT,Jeju Free Wifi,,제주특별자치도 제주시 중앙로 63-10,제주특별자치도 제주시 이도일동 1409-2,제주특별자치도 정보정책과,064-710-2352,33.5116824,126.5248281,2024-08-06,I,2026-05-15 18:45:29,2024-08-06 15:05:43
6510000,202465100000700977,고내리 (애월고등학교방면),버스정류장 상부,제주특별자치도,제주시,교통시설,KT,Jeju Free Wifi,,,제주특별자치도 제주시 애월읍 고내리 1037-2,제주특별자치도 정보정책과,064-710-2352,33.4631333,126.338865,2024-08-06,I,2026-05-15 18:45:29,2024-08-06 15:05:49
6510000,202465100000701012,주르레마을 (제주도립미술관입구방면),정류장천정,제주특별자치도,제주시,교통시설,KT,Jeju Free Wifi,,,제주특별자치도 제주시 노형동 291-20,제주특별자치도 정보정책과,064-710-2352,33.4506972,126.4864334,2024-08-06,I,2026-05-15 18:45:29,2024-08-06 15:05:49
6510000,202465100000700778,삼양동선사유적,실외전시관,제주특별자치도,제주시,관광,KT,Jeju Free Wifi,,제주특별자치도 제주시 선사로2길 13,제주특별자치도 제주시 삼양일동 1660-4,제주특별자치도 정보정책과,064-710-2352,33.5235264,126.5880388,2024-08-06,I,2026-05-15 18:45:29,2024-08-06 15:05:47
6510000,202465100000700972,제일빌리지 (광령1리사무소방면),KT전주- 건너편 제일빌리지(북)정류장 방향,제주특별자치도,제주시,교통시설,KT,Jeju Free Wifi,,,제주특별자치도 제주시 애월읍 광령리 29-3,제주특별자치도 정보정책과,064-710-2352,33.4607125,126.4448264,2024-08-06,I,2026-05-15 18:45:29,2024-08-06 15:05:49
6510000,202465100000700845,봉성하나로마트 (봉성리사무소방면),버스정류장IP주,제주특별자치도,제주시,교통시설,KT,Jeju Free Wifi,,,제주특별자치도 제주시 애월읍 봉성리 4534-1,제주특별자치도 정보정책과,064-710-2352,33.4196216,126.3125805,2024-08-06,I,2026-05-15 18:45:29,2024-08-06 15:05:47
6510000,202465100000700679,애월읍사무소,1층 민원실 벽,제주특별자치도,제주시,관공서,KT,Jeju Free Wifi,,제주특별자치도 제주시 애월읍 일주서로 6322,제주특별자치도 제주시 애월읍 애월리 240,제주특별자치도 정보정책과,064-710-2352,33.4619529,126.3295189,2024-08-06,I,2026-05-15 18:45:29,2024-08-06 15:05:46
6510000,202465100000700411,절물자연휴양림,보안등 POLE대 진입로 방향,제주특별자치도,제주시,관광,KT,Jeju Free Wifi,,제주특별자치도 제주시 명림로 584,제주특별자치도 제주시 봉개동 산78-1,제주특별자치도 정보정책과,064-710-2352,33.4313587,126.6225876,2024-08-06,I,2026-05-15 18:45:29,2024-08-06 15:05:43
6510000,202465100000701660,118호공원,CCTV POLE,제주특별자치도,제주시,편의시설,KT,Jeju Free Wifi,,,제주특별자치도 제주시 아라일동 6108-3,제주특별자치도 정보정책과,064-710-2352,33.4760016,126.5464763,2024-08-06,I,2026-05-15 18:45:29,2024-08-06 15:05:55
6510000,202465100000701711,애월체육관,체육관 북쪽입구옆,제주특별자치도,제주시,관공서,KT,Jeju Free Wifi,,제주특별자치도 제주시 애월읍 일주서로 6361,제주특별자치도 제주시 애월읍 고내리 1356,제주특별자치도 정보정책과,064-710-2392,33.4629002535,126.3336050284,2024-08-06,I,2026-05-15 18:45:29,2024-08-06 15:05:56
6510000,202465100000700810,사라봉공원,CCTV폴에 설치(도로),제주특별자치도,제주시,편의시설,KT,Jeju Free Wifi,,제주특별자치도 제주시 사라봉길 41,제주특별자치도 제주시 건입동 773,제주특별자치도 정보정책과,064-710-2352,33.5164561,126.5419575,2024-08-06,I,2026-05-15 18:45:29,2024-08-06 15:05:47
6510000,202465100000700291,제주동문시장,부산양품 천장 위,제주특별자치도,제주시,기타,KT,Jeju Free Wifi,,제주특별자치도 제주시 동문로 16,제주특별자치도 제주시 일도일동 1148-2,제주특별자치도 정보정책과,064-710-2352,33.5127517,126.5283186,2024-08-06,I,2026-05-15 18:45:29,2024-08-06 15:05:42
6510000,202465100000701022,함덕리(4구) (911의원방면),정류장천정,제주특별자치도,제주시,교통시설,KT,Jeju Free Wifi,,,제주특별자치도 제주시 조천읍 함덕리 4151-1,제주특별자치도 정보정책과,064-710-2352,33.539955,126.674667,2024-08-06,I,2026-05-15 18:45:29,2024-08-06 15:05:49
6510000,202465100000700322,제주동문시장,청정농수산직매장 아케이드 위,제주특별자치도,제주시,기타,KT,Jeju Free Wifi,,제주특별자치도 제주시 동문로 4,제주특별자치도 제주시 일도일동 1479-1,제주특별자치도 정보정책과,064-710-2352,33.5128079,126.5269831,2024-08-06,I,2026-05-15 18:45:29,2024-08-06 15:05:43
6510000,202465100000701744,한림체육관,관림석 북쪽벽,제주특별자치도,제주시,관공서,KT,Jeju Free Wifi,,제주특별자치도 제주시 한림읍 한림남길 12,제주특별자치도 제주시 한림읍 한림리 887-2,제주특별자치도 정보정책과,064-710-2425,33.4109020700,126.2689000000,2024-08-06,I,2026-05-15 18:45:29,2024-08-06 15:05:56
6510000,202465100000701634,1-38호어린이공원,CCTV pole 그네방향,제주특별자치도,제주시,편의시설,KT,Jeju Free Wifi,,,제주특별자치도 제주시 도남동 67-20,제주특별자치도 정보정책과,064-710-2352,33.4905468,126.5298995,2024-08-06,I,2026-05-15 18:45:29,2024-08-06 15:05:55
6510000,202465100000700423,절물자연휴양림,47번 보안등 상단 지향,제주특별자치도,제주시,관광,KT,Jeju Free Wifi,,제주특별자치도 제주시 명림로 584,제주특별자치도 제주시 봉개동 산78-1,제주특별자치도 정보정책과,064-710-2352,33.4313587,126.6225876,2024-08-06,I,2026-05-15 18:45:29,2024-08-06 15:05:43
6510000,202465100000700931,중흥S클래스 (시티주유소방면),버스정류소 천정,제주특별자치도,제주시,교통시설,KT,Jeju Free Wifi,,,제주특별자치도 제주시 노형동 765,제주특별자치도 정보정책과,064-710-2352,33.4780514,126.4791263,2024-08-06,I,2026-05-15 18:45:29,2024-08-06 15:05:48
6510000,202465100000700289,제주동문시장,신아원 옆 천장 위,제주특별자치도,제주시,기타,KT,Jeju Free Wifi,,제주특별자치도 제주시 동문로 16,제주특별자치도 제주시 일도일동 1148-2,제주특별자치도 정보정책과,064-710-2352,33.5127517,126.5283186,2024-08-06,I,2026-05-15 18:45:29,2024-08-06 15:05:42
6510000,202465100000701019,서회천 (혜원정사방면),정류장천정,제주특별자치도,제주시,교통시설,KT,Jeju Free Wifi,,,제주특별자치도 제주시 회천동 2876-5,제주특별자치도 정보정책과,064-710-2352,33.4988438,126.605776,2024-08-06,I,2026-05-15 18:45:29,2024-08-06 15:05:49
6510000,202465100000700537,전기차충전소_별빛누리공원,전기차 충전소 옆 가로등 무지향,제주특별자치도,제주시,교통시설,KT,Jeju Free Wifi,,제주특별자치도 제주시 선돌목동길 60,제주특별자치도 제주시 오등동 산34,제주특별자치도 정보정책과,064-710-2352,33.445184,126.5494103,2024-08-06,I,2026-05-15 18:45:29,2024-08-06 15:05:44
6510000,202465100000701460,금능으뜸원 해변(금능해수욕장),공중화장실 방송탑 남서,제주특별자치도,제주시,관광,KT,Jeju Free Wifi,,제주특별자치도 제주시 한림읍 금능길 119-10,제주특별자치도 제주시 한림읍 금능리 2036-1,제주특별자치도 정보정책과,064-710-2352,33.3900027,126.2358706,2024-08-06,I,2026-05-15 18:45:29,2024-08-06 15:05:54
6510000,202465100000701734,제주세계자연유산센터,1층 안내소 매장 천장,제주특별자치도,제주시,관광,KT,Jeju Free Wifi,,제주특별자치도 제주시 조천읍 선교로 569-36,,제주특별자치도 정보정책과,064-710-2415,33.45690302,126.7147553,2024-08-06,I,2026-05-15 18:45:29,2024-08-06 15:05:56
6510000,202465100000701551,19코스,Ip주 정자방향,제주특별자치도,제주시,관광,KT,Jeju Free Wifi,,제주특별자치도 제주시 조천읍 북촌11길 20,제주특별자치도 제주시 조천읍 북촌리 496-1,제주특별자치도 정보정책과,064-710-2352,33.5500382,126.6953701,2024-08-06,I,2026-05-15 18:45:29,2024-08-06 15:05:54
6510000,202465100000701302,삼양이동 (삼양초등학교방면),버스정류장 지붕위,제주특별자치도,제주시,교통시설,KT,Jeju Free Wifi,,제주특별자치도 제주시 일주동로 334,제주특별자치도 제주시 삼양이동 2143-5,제주특별자치도 정보정책과,064-710-2352,33.5210254,126.5806201,2024-08-06,I,2026-05-15 18:45:29,2024-08-06 15:05:52
6510000,202465100000701534,20코스,세화포구 남자화장실 지붕위동,제주특별자치도,제주시,관광,KT,Jeju Free Wifi,,제주특별자치도 제주시 구좌읍 해맞이해안로 1465,제주특별자치도 제주시 구좌읍 세화리 1381-2,제주특별자치도 정보정책과,064-710-2352,33.5248323,126.8620316,2024-08-06,I,2026-05-15 18:45:29,2024-08-06 15:05:54
6510000,202465100000701290,오현중고등학교 (화북초등학교방면),버스정류장 지붕위,제주특별자치도,제주시,교통시설,KT,Jeju Free Wifi,,,제주특별자치도 제주시 화북일동 4723-4,제주특별자치도 정보정책과,064-710-2352,33.5156861,126.5585888,2024-08-06,I,2026-05-15 18:45:29,2024-08-06 15:05:52
6510000,202465100000700782,삼양검은모래해변,화장실 동쪽 IP주에 정류장 방향 지향 1개,제주특별자치도,제주시,관광,KT,Jeju Free Wifi,,제주특별자치도 제주시 선사로8길 13-4,제주특별자치도 제주시 삼양일동 1569-42,제주특별자치도 정보정책과,064-710-2352,33.5260282,126.5868464,2024-08-06,I,2026-05-15 18:45:29,2024-08-06 15:05:47
6510000,202465100000700478,전기차충전소_제주시 평생학습센터,후문 출입구 벽면,제주특별자치도,제주시,교통시설,KT,Jeju Free Wifi,,제주특별자치도 제주시 사라봉동길 15,제주특별자치도 제주시 건입동 533-3,제주특별자치도 정보정책과,064-710-2352,33.5145525,126.5464454,2024-08-06,I,2026-05-15 18:45:29,2024-08-06 15:05:44
6510000,202465100000701140,한국방송통신대학 (노형우체국방면),정류장 지붕에 무지향 1개,제주특별자치도,제주시,교통시설,KT,Jeju Free Wifi,,제주특별자치도 제주시 수덕로 25,제주특별자치도 제주시 노형동 1058-1,제주특별자치도 정보정책과,064-710-2352,33.487272,126.4745322,2024-08-06,I,2026-05-15 18:45:29,2024-08-06 15:05:50
6510000,202465100000700648,옹포천_어울공원,관리실 상부-남동,제주특별자치도,제주시,편의시설,KT,Jeju Free Wifi,,제주특별자치도 제주시 한림읍 월계로 30,제주특별자치도 제주시 한림읍 옹포리 17,제주특별자치도 정보정책과,064-710-2352,33.404064,126.2592983,2024-08-06,I,2026-05-15 18:45:29,2024-08-06 15:05:45
6510000,202465100000701077,삼양해수욕장입구 (제주삼양동유적방면),정류장천정,제주특별자치도,제주시,교통시설,KT,Jeju Free Wifi,,제주특별자치도 제주시 선사로8길 25,제주특별자치도 제주시 삼양일동 1598-2,제주특별자치도 정보정책과,064-710-2352,33.5262736,126.5878112,2024-08-06,I,2026-05-15 18:45:29,2024-08-06 15:05:50
6510000,202465100000700939,조천리 (조천환승정류장(조천리사무소)방면),버스정류소 천정,제주특별자치도,제주시,교통시설,KT,Jeju Free Wifi,,,제주특별자치도 제주시 조천읍 조천리 2229-9,제주특별자치도 정보정책과,064-710-2352,33.5356712,126.6363521,2024-08-06,I,2026-05-15 18:45:29,2024-08-06 15:05:48
6510000,202465100000701446,김만덕객주,입구 동쪽 IP주 상단,제주특별자치도,제주시,관광,KT,Jeju Free Wifi,,,제주특별자치도 제주시 건입동 1297,제주특별자치도 정보정책과,064-710-2352,33.5165929,126.5321606,2024-08-06,I,2026-05-15 18:45:29,2024-08-06 15:05:53
6510000,202465100000700902,하나로아파트 (도련2동방면),맞은편 버스정류장 옆 가로등,제주특별자치도,제주시,교통시설,KT,Jeju Free Wifi,,,제주특별자치도 제주시 도련일동 1767-20,제주특별자치도 정보정책과,064-710-2352,33.5108659,126.5894069,2024-08-06,I,2026-05-15 18:45:29,2024-08-06 15:05:48
6510000,202465100000700841,제주도청 신제주로터리 (연동주민센터방면),버스정보시스템내부,제주특별자치도,제주시,교통시설,KT,Jeju Free Wifi,,제주특별자치도 제주시 삼무로11길 25,제주특별자치도 제주시 연동 301,제주특별자치도 정보정책과,064-710-2352,33.490408,126.4965458,2024-08-06,I,2026-05-15 18:45:29,2024-08-06 15:05:47
6510000,202465100000701135,남녕고등학교 (한라병원방면),제주하와이오피스텔 옥상 통신폴,제주특별자치도,제주시,교통시설,KT,Jeju Free Wifi,,제주특별자치도 제주시 도령로 40,제주특별자치도 제주시 노형동 905-3,제주특별자치도 정보정책과,064-710-2352,33.4879493,126.48344,2024-08-06,I,2026-05-15 18:45:29,2024-08-06 15:05:50
6510000,202465100000700802,산악박물관(관음사),산악박물관 (사무동 영상실),제주특별자치도,제주시,관광,KT,Jeju Free Wifi,,제주특별자치도 제주시 산록북로 588,제주특별자치도 제주시 오등동 산180-3,제주특별자치도 정보정책과,064-710-2352,33.4219371,126.5505927,2024-08-06,I,2026-05-15 18:45:29,2024-08-06 15:05:47
6510000,202465100000700251,제주시민회관,시민회관1층 복도,제주특별자치도,제주시,지역문화시설,KT,Jeju Free Wifi,,제주특별자치도 제주시 고전길 26,제주특별자치도 제주시 이도일동 1700-1,제주특별자치도 정보정책과,064-710-2352,33.5084689,126.5252593,2024-08-06,I,2026-05-15 18:45:29,2024-08-06 15:05:42
6510000,202465100000701141,탑동입구 (중앙로(국민은행)방면),길건너 정류장 방향 지향 1개,제주특별자치도,제주시,교통시설,KT,Jeju Free Wifi,,제주특별자치도 제주시 중앙로 25,제주특별자치도 제주시 일도일동 1278-1,제주특별자치도 정보정책과,064-710-2352,33.515903,126.5249394,2024-08-06,I,2026-05-15 18:45:29,2024-08-06 15:05:50
6510000,202465100000700646,용담레포츠공원,화장실 지붕에 무지향 1개,제주특별자치도,제주시,편의시설,KT,Jeju Free Wifi,,제주특별자치도 제주시 서해안로 580,제주특별자치도 제주시 용담삼동 1089,제주특별자치도 정보정책과,064-710-2352,33.5183192,126.4994213,2024-08-06,I,2026-05-15 18:45:29,2024-08-06 15:05:45
6510000,202465100000700982,협재해수욕장 (협재리방면),버스정류장 상부,제주특별자치도,제주시,교통시설,KT,Jeju Free Wifi,,제주특별자치도 제주시 한림읍 한림로 346,제주특별자치도 제주시 한림읍 협재리 1748-3,제주특별자치도 정보정책과,064-710-2352,33.3941152,126.2410538,2024-08-06,I,2026-05-15 18:45:29,2024-08-06 15:05:49
6510000,202465100000700190,지하상가,3&5 출구 홀(지하상가 동쪽),제주특별자치도,제주시,기타,KT,Jeju Free Wifi,,제주특별자치도 제주시 중앙로 지하 60,제주특별자치도 제주시 일도일동 1425-3,제주특별자치도 정보정책과,064-710-2352,33.5132764,126.5246826,2024-08-06,I,2026-05-15 18:45:29,2024-08-06 15:05:42
6510000,202465100000700567,저지리 예술인 마을,CCTV폴대-서,제주특별자치도,제주시,관광,KT,Jeju Free Wifi,,,제주특별자치도 제주시 한경면 저지리 2114-97,제주특별자치도 정보정책과,064-710-2352,33.33854,126.2637931,2024-08-06,I,2026-05-15 18:45:29,2024-08-06 15:05:45
6510000,202465100000700726,수운근린공원,야외공연장 외벽 북쪽에 무지향 1개,제주특별자치도,제주시,편의시설,KT,Jeju Free Wifi,,제주특별자치도 제주시 청귤로5길 6-9,제주특별자치도 제주시 이도이동 371,제주특별자치도 정보정책과,064-710-2352,33.5003181,126.539667,2024-08-06,I,2026-05-15 18:45:29,2024-08-06 15:05:46
6510000,202465100000700522,전기차충전소_아모렉스리조트,충전소 비가림막 외부,제주특별자치도,제주시,교통시설,KT,Jeju Free Wifi,,제주특별자치도 제주시 서해안로 216,제주특별자치도 제주시 도두일동 1742,제주특별자치도 정보정책과,064-710-2352,33.5074498,126.4702178,2024-08-06,I,2026-05-15 18:45:29,2024-08-06 15:05:44
6510000,202465100000701288,용문사거리 (용담1동주민센터방면),버스정류장 지붕위,제주특별자치도,제주시,교통시설,KT,Jeju Free Wifi,,,제주특별자치도 제주시 용담이동 2678-11,제주특별자치도 정보정책과,064-710-2352,33.5089341,126.5106362,2024-08-06,I,2026-05-15 18:45:29,2024-08-06 15:05:52
6510000,202465100000700356,제주동문시장,남수각 노상주차장 CCTV Pole,제주특별자치도,제주시,기타,KT,Jeju Free Wifi,,제주특별자치도 제주시 성지로 32,제주특별자치도 제주시 일도일동 1488-3,제주특별자치도 정보정책과,064-710-2352,33.5103465,126.526971,2024-08-06,I,2026-05-15 18:45:29,2024-08-06 15:05:43
6510000,202465100000700077,한림읍사무소,2층 주민자치팀 앞 복도 천장,제주특별자치도,제주시,관공서,KT,Jeju Free Wifi,,제주특별자치도 제주시 한림읍 한림상로 132,제주특별자치도 제주시 한림읍 한림리 919,제주특별자치도 정보정책과,064-710-2352,33.4103614,126.2673638,2024-08-06,I,2026-05-15 18:45:29,2024-08-06 15:05:41
6510000,202465100000700187,천진항,범죄예방 CCTV 폴대 - 남,제주특별자치도,제주시,교통시설,KT,Jeju Free Wifi,,,제주특별자치도 제주시 우도면 연평리 1748-3,제주특별자치도 정보정책과,064-710-2352,33.4937534,126.9508836,2024-08-06,I,2026-05-15 18:45:29,2024-08-06 15:05:42
6510000,202465100000700248,제주외국어학습센터,1층 로비,제주특별자치도,제주시,관공서,KT,Jeju Free Wifi,,제주특별자치도 제주시 전농로 88,제주특별자치도 제주시 삼도일동 305-8,제주특별자치도 정보정책과,064-710-2352,33.5040094,126.5225046,2024-08-06,I,2026-05-15 18:45:29,2024-08-06 15:05:42
6510000,202465100000701709,애월국민체육센터,1층 홀 정수기위 천정,제주특별자치도,제주시,관공서,KT,Jeju Free Wifi,,제주특별자치도 제주시 애월읍 하귀동남1길 22,제주특별자치도 제주시 애월읍 하귀1리 199,제주특별자치도 정보정책과,064-710-2390,33.4847847649,126.4137775960,2024-08-06,I,2026-05-15 18:45:29,2024-08-06 15:05:56
6510000,202465100000701465,그리스신화박물관,매표소(주차장 포함),제주특별자치도,제주시,관광,KT,Jeju Free Wifi,,제주특별자치도 제주시 한림읍 광산로 942,제주특별자치도 제주시 한림읍 금악리 산 30-12,제주특별자치도 정보정책과,064-710-2352,33.3481081,126.3567366,2024-08-06,I,2026-05-15 18:45:29,2024-08-06 15:05:54
6510000,202465100000700922,한마음병원 (신설동방면),버스정류소 천정,제주특별자치도,제주시,교통시설,KT,Jeju Free Wifi,,,제주특별자치도 제주시 이도이동 212-3,제주특별자치도 정보정책과,064-710-2352,33.4961525,126.5473018,2024-08-06,I,2026-05-15 18:45:29,2024-08-06 15:05:48
6510000,202465100000700039,해녀박물관,3층 공연장복도 천정,제주특별자치도,제주시,관공서,KT,Jeju Free Wifi,,제주특별자치도 제주시 구좌읍 해녀박물관길 25,제주특별자치도 제주시 구좌읍 하도리 3204-1,제주특별자치도 정보정책과,064-710-2352,33.5226714,126.8643204,2024-08-06,I,2026-05-15 18:45:29,2024-08-06 15:05:40
6510000,202465100000700163,칠성로 쇼핑거리,일도일동주민센터 공중화장실 벽면(서),제주특별자치도,제주시,관광,KT,Jeju Free Wifi,,제주특별자치도 제주시 중앙로7길 15,제주특별자치도 제주시 일도일동 1306-7,제주특별자치도 정보정책과,064-710-2352,33.5150456,126.5263747,2024-08-06,I,2026-05-15 18:45:29,2024-08-06 15:05:41
6510000,202465100000700020,현대미술관,1층 홀,제주특별자치도,제주시,지역문화시설,KT,Jeju Free Wifi,,제주특별자치도 제주시 한경면 저지14길 35,제주특별자치도 제주시 한경면 저지리 2114-63,제주특별자치도 정보정책과,064-710-2352,33.3397995,126.2655404,2024-08-06,I,2026-05-15 18:45:29,2024-08-06 15:05:40
6510000,202465100000701098,노형주공아파트 (S중앙병원방면),정류장,제주특별자치도,제주시,교통시설,KT,Jeju Free Wifi,,,제주특별자치도 제주시 노형동 1238-1,제주특별자치도 정보정책과,064-710-2352,33.490764,126.4740405,2024-08-06,I,2026-05-15 18:45:29,2024-08-06 15:05:50
6510000,202465100000700013,홍익영아원,다윗동 2층 내부,제주특별자치도,제주시,서민·복지시설,KT,Jeju Free Wifi,,제주특별자치도 제주시 화삼로 145,제주특별자치도 제주시 도련일동 1888,제주특별자치도 정보정책과,064-710-2352,33.5168018,126.5857694,2024-08-06,I,2026-05-15 18:45:29,2024-08-06 15:05:40
6510000,202465100000700552,전기차충전소_노루생태공원,매표소 지붕에서 충전소 방향,제주특별자치도,제주시,교통시설,KT,Jeju Free Wifi,,제주특별자치도 제주시 명림로 520,제주특별자치도 제주시 봉개동 산51-2,제주특별자치도 정보정책과,064-710-2352,33.4448988,126.6256753,2024-08-06,I,2026-05-15 18:45:29,2024-08-06 15:05:45
6510000,202465100000700923,오라3동 (월구마을방면),버스정류소 천정,제주특별자치도,제주시,교통시설,KT,Jeju Free Wifi,,,제주특별자치도 제주시 오라삼동 2574-3,제주특별자치도 정보정책과,064-710-2352,33.4993223,126.5030636,2024-08-06,I,2026-05-15 18:45:29,2024-08-06 15:05:48
6510000,202465100000701480,교래자연휴양림,CCTV POLE (야영지구 원두막 6인근),제주특별자치도,제주시,관광,KT,Jeju Free Wifi,,제주특별자치도 제주시 조천읍 남조로 2023,제주특별자치도 제주시 조천읍 교래리 산 95,제주특별자치도 정보정책과,064-710-2352,33.4463446,126.6605733,2024-08-06,I,2026-05-15 18:45:29,2024-08-06 15:05:54
6510000,202465100000700983,동명리(한림체육관방면) [405000929],IP 주- 건너편 동명리 정류장 방향,제주특별자치도,제주시,교통시설,KT,Jeju Free Wifi,,,제주특별자치도 제주시 한림읍 한림리 915-2,제주특별자치도 정보정책과,064-710-2352,33.4092706,126.266074,2024-08-06,I,2026-05-15 18:45:29,2024-08-06 15:05:49
6510000,202465100000700005,흑돼지 거리,방범용CCTV 옆 IP주 북동,제주특별자치도,제주시,관광,KT,Jeju Free Wifi,,제주특별자치도 제주시 관덕로15길 31,제주특별자치도 제주시 건입동 1390,제주특별자치도 정보정책과,064-710-2352,33.5160604,126.5267988,2024-08-06,I,2026-05-15 18:45:29,2024-08-06 15:05:40
6510000,202465100000700295,제주동문시장,지하 한입베어 음식점 앞 기둥 위,제주특별자치도,제주시,기타,KT,Jeju Free Wifi,,제주특별자치도 제주시 동문로4길 9,제주특별자치도 제주시 일도일동 1103,제주특별자치도 정보정책과,064-710-2352,33.5122093,126.5281986,2024-08-06,I,2026-05-15 18:45:29,2024-08-06 15:05:42
6510000,202465100000700847,큰구릉내 (관전동방면),버스정류장상부,제주특별자치도,제주시,교통시설,KT,Jeju Free Wifi,,,제주특별자치도 제주시 애월읍 하귀1리 115,제주특별자치도 정보정책과,064-710-2352,33.4871752,126.4158087,2024-08-06,I,2026-05-15 18:45:29,2024-08-06 15:05:47
6510000,202465100000700745,석굴암(천왕사 숲길),충혼묘지 주차장 CP주(주차장 숲길 진입로),제주특별자치도,제주시,관광,KT,Jeju Free Wifi,,제주특별자치도 제주시 1100로 2528-171,제주특별자치도 제주시 노형동 산20,제주특별자치도 정보정책과,064-710-2352,33.4048844,126.5032021,2024-08-06,I,2026-05-15 18:45:29,2024-08-06 15:05:46
6510000,202465100000700299,제주동문시장,좋은수산 직매장 위,제주특별자치도,제주시,기타,KT,Jeju Free Wifi,,제주특별자치도 제주시 동문로4길 11,제주특별자치도 제주시 일도일동 1103-8,제주특별자치도 정보정책과,064-710-2352,33.5122951,126.5278313,2024-08-06,I,2026-05-15 18:45:29,2024-08-06 15:05:42
6510000,202465100000700886,수협제주도지회 (제주도청신제주로터리방면),버스정류소상부,제주특별자치도,제주시,교통시설,KT,Jeju Free Wifi,,제주특별자치도 제주시 삼무로 82,제주특별자치도 제주시 연동 292-33,제주특별자치도 정보정책과,064-710-2352,33.4895551,126.4953555,2024-08-06,I,2026-05-15 18:45:29,2024-08-06 15:05:48
6510000,202465100000701320,광령1리사무소 (제일빌리지방면),광령1리사무소 버스정류장측면(올레코스 시작점),제주특별자치도,제주시,교통시설,KT,Jeju Free Wifi,,제주특별자치도 제주시 애월읍 광성로 304,제주특별자치도 제주시 애월읍 광령리 1276-3,제주특별자치도 정보정책과,064-710-2352,33.4607838,126.4397374,2024-08-06,I,2026-05-15 18:45:29,2024-08-06 15:05:52
6510000,202465100000701172,함덕비석거리 (해양연구소방면),길건너 정류장 방향 지향 1개,제주특별자치도,제주시,교통시설,KT,Jeju Free Wifi,,제주특별자치도 제주시 조천읍 신북로 480,제주특별자치도 제주시 조천읍 함덕리 3088,제주특별자치도 정보정책과,064-710-2352,33.5431659,126.6613748,2024-08-06,I,2026-05-15 18:45:29,2024-08-06 15:05:50
6510000,202465100000701055,오라1동 (보건소방면),정류장천정,제주특별자치도,제주시,교통시설,KT,Jeju Free Wifi,,제주특별자치도 제주시 오남로6길 3-1,제주특별자치도 제주시 오라일동 1042-5,제주특별자치도 정보정책과,064-710-2352,33.4921209,126.5174879,2024-08-06,I,2026-05-15 18:45:29,2024-08-06 15:05:49
6510000,202465100000700015,협재 해변(협재해수욕장),종합상황실 외벽(남서),제주특별자치도,제주시,관광,KT,Jeju Free Wifi,,,제주특별자치도 제주시 한림읍 협재리 2451,제주특별자치도 정보정책과,064-710-2352,33.3935737,126.2384746,2024-08-06,I,2026-05-15 18:45:29,2024-08-06 15:05:40
6510000,202465100000701210,외도부영 1차아파트 (외도부영 2차 아파트방면),길건너 정류장 방향 지향 1개,제주특별자치도,제주시,교통시설,KT,Jeju Free Wifi,,,제주특별자치도 제주시 외도일동 549-4,제주특별자치도 정보정책과,064-710-2352,33.4863967,126.4311442,2024-08-06,I,2026-05-15 18:45:29,2024-08-06 15:05:51
6510000,202465100000700594,월령포구,클린하우스 IP주,제주특별자치도,제주시,관광,KT,Jeju Free Wifi,,,제주특별자치도 제주시 한림읍 월령리 317-1,제주특별자치도 정보정책과,064-710-2352,33.3785259,126.2162984,2024-08-06,I,2026-05-15 18:45:29,2024-08-06 15:05:45
6510000,202465100000700883,아름마을아파트 (외도부영2차아파트방면),버스정류소상부,제주특별자치도,제주시,교통시설,KT,Jeju Free Wifi,,,제주특별자치도 제주시 외도일동 1587-2,제주특별자치도 정보정책과,064-710-2352,33.4840027,126.4286267,2024-08-06,I,2026-05-15 18:45:29,2024-08-06 15:05:48
6510000,202465100000701421,노형제1근린공원,CCTV폴에서 공원 서쪽으로 지향성 1개,제주특별자치도,제주시,편의시설,KT,Jeju Free Wifi,,제주특별자치도 제주시 정존5길 67,제주특별자치도 제주시 노형동 2584-1,제주특별자치도 정보정책과,064-710-2352,33.4860834,126.47026,2024-08-06,I,2026-05-15 18:45:29,2024-08-06 15:05:53
6510000,202465100000701107,세화리시장2동 (평대리동동방면),정류장천정,제주특별자치도,제주시,교통시설,KT,Jeju Free Wifi,,,제주특별자치도 제주시 구좌읍 세화리 1524-5,제주특별자치도 정보정책과,064-710-2352,33.5236011,126.853662,2024-08-06,I,2026-05-15 18:45:29,2024-08-06 15:05:50
6510000,202465100000700614,우도비양도,버스정류장 뒷편 케이티전주,제주특별자치도,제주시,관광,KT,Jeju Free Wifi,,,제주특별자치도 제주시 우도면 연평리 33-2,제주특별자치도 정보정책과,064-710-2352,33.5129501,126.9649459,2024-08-06,I,2026-05-15 18:45:29,2024-08-06 15:05:45
6510000,202465100000701253,광양/시민회관방면 (시민회관방면),길건너 정류장 방향 지향 1개,제주특별자치도,제주시,교통시설,KT,Jeju Free Wifi,,제주특별자치도 제주시 중앙로 192,제주특별자치도 제주시 이도일동 1789-3,제주특별자치도 정보정책과,064-710-2352,33.502063,126.5278861,2024-08-06,I,2026-05-15 18:45:29,2024-08-06 15:05:51
6510000,202465100000700408,절물자연휴양림,보안등 69번 중단 지향,제주특별자치도,제주시,관광,KT,Jeju Free Wifi,,제주특별자치도 제주시 명림로 584,제주특별자치도 제주시 봉개동 산78-1,제주특별자치도 정보정책과,064-710-2352,33.4313587,126.6225876,2024-08-06,I,2026-05-15 18:45:29,2024-08-06 15:05:43
6510000,202465100000700112,한라산국립공원_성판악탐방안내소,매표소 상부,제주특별자치도,제주시,편의시설,KT,Jeju Free Wifi,,제주특별자치도 제주시 조천읍 516로 1865,제주특별자치도 제주시 조천읍 교래리 산 137-24,제주특별자치도 정보정책과,064-710-2352,33.3862614,126.6185812,2024-08-06,I,2026-05-15 18:45:29,2024-08-06 15:05:41
6510000,202465100000700137,평대해수욕장,화장실 북 벽면 상단,제주특별자치도,제주시,관광,KT,Jeju Free Wifi,,,제주특별자치도 제주시 구좌읍 평대리 1994-20,제주특별자치도 정보정책과,064-710-2352,33.5332078,126.8405946,2024-08-06,I,2026-05-15 18:45:29,2024-08-06 15:05:41
6510000,202465100000700751,서부두 명품회집거리,CCTV폴에 설치,제주특별자치도,제주시,관광,KT,Jeju Free Wifi,,제주특별자치도 제주시 서부두길 18-2,제주특별자치도 제주시 건입동 1319-87,제주특별자치도 정보정책과,064-710-2352,33.5179457,126.5284029,2024-08-06,I,2026-05-15 18:45:29,2024-08-06 15:05:46
6510000,202465100000701418,노형제1근린공원,CCTV폴에서 공원 남쪽으로 지향성 1개,제주특별자치도,제주시,편의시설,KT,Jeju Free Wifi,,제주특별자치도 제주시 정존5길 67,제주특별자치도 제주시 노형동 2584-1,제주특별자치도 정보정책과,064-710-2352,33.4860834,126.47026,2024-08-06,I,2026-05-15 18:45:29,2024-08-06 15:05:53
6510000,202465100000701356,민속자연사박물관,로비,제주특별자치도,제주시,관공서,KT,Jeju Free Wifi,,제주특별자치도 제주시 삼성로 40,제주특별자치도 제주시 일도이동 996-1,제주특별자치도 정보정책과,064-710-2352,33.5061907,126.5315614,2024-08-06,I,2026-05-15 18:45:29,2024-08-06 15:05:52
6510000,202465100000700884,신촌리 (대섬입구방면),맞은편 버스정류소(405000240)상부,제주특별자치도,제주시,교통시설,KT,Jeju Free Wifi,,,제주특별자치도 제주시,제주특별자치도 정보정책과,064-710-2352,33.4995596,126.5311784,2024-08-06,I,2026-05-15 18:45:29,2024-08-06 15:05:48
6510000,202465100000701236,"동문로터리, 동문시장 (관덕정방면)",CCTV Pole에서 버스정류장 방향 지향성 1개,제주특별자치도,제주시,교통시설,KT,Jeju Free Wifi,,제주특별자치도 제주시 관덕로 67,제주특별자치도 제주시 일도일동 1476-11,제주특별자치도 정보정책과,064-710-2352,33.5133351,126.5265867,2024-08-06,I,2026-05-15 18:45:29,2024-08-06 15:05:51
6510000,202465100000700672,애월해안로,가로등제어기 옆 KT IP주,제주특별자치도,제주시,관광,KT,Jeju Free Wifi,,제주특별자치도 제주시 애월읍 애월해안로 262,제주특별자치도 제주시 애월읍 고내리 477,제주특별자치도 정보정책과,064-710-2352,33.4678877,126.3397854,2024-08-06,I,2026-05-15 18:45:29,2024-08-06 15:05:46
6510000,202465100000701048,"월성마을회관 (제주국제공항6(노형,연동)방면)",가로등,제주특별자치도,제주시,교통시설,KT,Jeju Free Wifi,,제주특별자치도 제주시 월성로 22,제주특별자치도 제주시 용담이동 2747-5,제주특별자치도 정보정책과,064-710-2352,33.5022185,126.5047356,2024-08-06,I,2026-05-15 18:45:29,2024-08-06 15:05:49
6510000,202465100000700992,못가름 (노형주공아파트방면),버스정류장 천정,제주특별자치도,제주시,교통시설,KT,Jeju Free Wifi,,제주특별자치도 제주시 월랑로 26,제주특별자치도 제주시 노형동 1053-4,제주특별자치도 정보정책과,064-710-2352,33.4884847,126.477104,2024-08-06,I,2026-05-15 18:45:29,2024-08-06 15:05:49
6510000,202465100000701692,해녀박물관,3층 전망대 비상문 위,제주특별자치도,제주시,관공서,KT,Jeju Free Wifi,,제주특별자치도 제주시 구좌읍 해녀박물관길 26,제주특별자치도 제주시 구좌읍 상도리 3204-1,제주특별자치도 정보정책과,064-710-2373,33.5236098769,126.8634255904,2024-08-06,I,2026-05-15 18:45:29,2024-08-06 15:05:56
6510000,202465100000701559,18코스,CCTV Pole 남쪽화장실방향,제주특별자치도,제주시,관광,KT,Jeju Free Wifi,,,제주특별자치도 제주시 화북일동 4269-9,제주특별자치도 정보정책과,064-710-2352,33.5252909,126.5642853,2024-08-06,I,2026-05-15 18:45:29,2024-08-06 15:05:54
6510000,202465100000700300,제주동문시장,좋은수산 직매장 위,제주특별자치도,제주시,기타,KT,Jeju Free Wifi,,제주특별자치도 제주시 동문로4길 11,제주특별자치도 제주시 일도일동 1103-8,제주특별자치도 정보정책과,064-710-2352,33.5122951,126.5278313,2024-08-06,I,2026-05-15 18:45:29,2024-08-06 15:05:42
6510000,202465100000701183,천수동 (인화초등학교방면),정류장 지붕에 무지향 1개,제주특별자치도,제주시,교통시설,KT,Jeju Free Wifi,,제주특별자치도 제주시 동광로 157,제주특별자치도 제주시 일도이동 356-4,제주특별자치도 정보정책과,064-710-2352,33.5094389,126.5424627,2024-08-06,I,2026-05-15 18:45:29,2024-08-06 15:05:51
6510000,202465100000700017,협재 해변(협재해수욕장),화장실 건물 외벽,제주특별자치도,제주시,관광,KT,Jeju Free Wifi,,,제주특별자치도 제주시 한림읍 협재리 2497-1,제주특별자치도 정보정책과,064-710-2352,33.3924812,126.238991,2024-08-06,I,2026-05-15 18:45:29,2024-08-06 15:05:40
6510000,202465100000700355,제주동문시장,남수각 노상주차장 CCTV Pole,제주특별자치도,제주시,기타,KT,Jeju Free Wifi,,제주특별자치도 제주시 성지로 32,제주특별자치도 제주시 일도일동 1488-3,제주특별자치도 정보정책과,064-710-2352,33.5103465,126.526971,2024-08-06,I,2026-05-15 18:45:29,2024-08-06 15:05:43
6510000,202465100000701610,15코스,한림읍 관광안내도 상단 만,제주특별자치도,제주시,관광,KT,Jeju Free Wifi,,제주특별자치도 제주시 한림읍 한림해안로 192,제주특별자치도 제주시 한림읍 대림리 2019-17,제주특별자치도 정보정책과,064-710-2352,33.4191852,126.2626948,2024-08-06,I,2026-05-15 18:45:29,2024-08-06 15:05:55
6510000,202465100000700881,이도근린공원 (혜성무지개타운방면),버스정류소상부,제주특별자치도,제주시,교통시설,KT,Jeju Free Wifi,,제주특별자치도 제주시 이도공원동길 6,제주특별자치도 제주시 이도이동 440,제주특별자치도 정보정책과,064-710-2352,33.4972515,126.544152,2024-08-06,I,2026-05-15 18:45:29,2024-08-06 15:05:48
6510000,202465100000700750,서부외국문화학습관,1층 로비,제주특별자치도,제주시,관공서,KT,Jeju Free Wifi,,,제주특별자치도 제주시,제주특별자치도 정보정책과,064-710-2352,33.4995596,126.5311784,2024-08-06,I,2026-05-15 18:45:29,2024-08-06 15:05:46
6510000,202465100000700114,한담해변,가로등 - 남,제주특별자치도,제주시,관광,KT,Jeju Free Wifi,,제주특별자치도 제주시 애월읍 곽지11길 27,제주특별자치도 제주시 애월읍 곽지리 1565-35,제주특별자치도 정보정책과,064-710-2352,33.4537897,126.3066166,2024-08-06,I,2026-05-15 18:45:29,2024-08-06 15:05:41
6510000,202465100000700464,전기차충전소_종남공영주차장,충전소 상단,제주특별자치도,제주시,교통시설,KT,Jeju Free Wifi,,,제주특별자치도 제주시 노형동 2512-1,제주특별자치도 정보정책과,064-710-2352,33.4841595,126.4714343,2024-08-06,I,2026-05-15 18:45:29,2024-08-06 15:05:44
6510000,202465100000700304,제주동문시장,동문공설시장 입구 제주시 종합안내센터 위(풍물로),제주특별자치도,제주시,기타,KT,Jeju Free Wifi,,제주특별자치도 제주시 동문로4길 7,제주특별자치도 제주시 일도일동 1142,제주특별자치도 정보정책과,064-710-2352,33.5124995,126.5283444,2024-08-06,I,2026-05-15 18:45:29,2024-08-06 15:05:42
6510000,202465100000701500,고마로 거리,어린이CCTV 북,제주특별자치도,제주시,관광,KT,Jeju Free Wifi,,제주특별자치도 제주시 천수로 41,제주특별자치도 제주시 일도이동 414-19,제주특별자치도 정보정책과,064-710-2352,33.5033394,126.5412843,2024-08-06,I,2026-05-15 18:45:29,2024-08-06 15:05:54
6510000,202465100000700568,저지리 예술인 마을,CCTV폴대-동,제주특별자치도,제주시,관광,KT,Jeju Free Wifi,,,제주특별자치도 제주시 한경면 저지리 2114-97,제주특별자치도 정보정책과,064-710-2352,33.33854,126.2637931,2024-08-06,I,2026-05-15 18:45:29,2024-08-06 15:05:45
6510000,202465100000701489,교래자연휴양림,야영장 관리실 CCTV POLE,제주특별자치도,제주시,관광,KT,Jeju Free Wifi,,제주특별자치도 제주시 조천읍 남조로 2023,제주특별자치도 제주시 조천읍 교래리 산 95,제주특별자치도 정보정책과,064-710-2352,33.4463446,126.6605733,2024-08-06,I,2026-05-15 18:45:29,2024-08-06 15:05:54
6510000,202465100000701222,신성여자중고등학교 (금천마을방면),정류장 지붕에 무지향 1개,제주특별자치도,제주시,교통시설,KT,Jeju Free Wifi,,제주특별자치도 제주시 기와4길 53,제주특별자치도 제주시 영평동 2440-2,제주특별자치도 정보정책과,064-710-2352,33.4790274,126.5616277,2024-08-06,I,2026-05-15 18:45:29,2024-08-06 15:05:51
6510000,202465100000700737,세화 해변,남자화장실 남,제주특별자치도,제주시,관광,KT,Jeju Free Wifi,,제주특별자치도 제주시 구좌읍 해맞이해안로 1391,제주특별자치도 제주시 구좌읍 세화리 1500-66,제주특별자치도 정보정책과,064-710-2352,33.5277954,126.8567931,2024-08-06,I,2026-05-15 18:45:29,2024-08-06 15:05:46
6510000,202465100000700121,한담해변,한담공원 주차장 화장실 남,제주특별자치도,제주시,관광,KT,Jeju Free Wifi,,,제주특별자치도 제주시 애월읍 애월리 2459-1,제주특별자치도 정보정책과,064-710-2352,33.4596021,126.3110533,2024-08-06,I,2026-05-15 18:45:29,2024-08-06 15:05:41
6510000,202465100000701177,한담동 (신설동방면),정류장 지붕에 무지향 1개,제주특별자치도,제주시,교통시설,KT,Jeju Free Wifi,,제주특별자치도 제주시 애월읍 애월로 44,제주특별자치도 제주시 애월읍 애월리 2154-1,제주특별자치도 정보정책과,064-710-2352,33.4624137,126.3129564,2024-08-06,I,2026-05-15 18:45:29,2024-08-06 15:05:51
6510000,202465100000700157,탐라도서관,3층 청소년열람실 남서쪽 천장,제주특별자치도,제주시,관공서,KT,Jeju Free Wifi,,제주특별자치도 제주시 정원로 50,제주특별자치도 제주시 노형동 3812-1,제주특별자치도 정보정책과,064-710-2352,33.4791553,126.4772458,2024-08-06,I,2026-05-15 18:45:29,2024-08-06 15:05:41
6510000,202465100000701023,"해양연구소 (신흥리(마을입구), 함덕고등학교방면)",정류장,제주특별자치도,제주시,교통시설,KT,Jeju Free Wifi,,제주특별자치도 제주시 조천읍 신북로 443,제주특별자치도 제주시 조천읍 함덕리 3230-1,제주특별자치도 정보정책과,064-710-2352,33.5442083,126.6569012,2024-08-06,I,2026-05-15 18:45:29,2024-08-06 15:05:49
6510000,202465100000701644,12코스,IP주 - 북쪽 차귀도 유람선 선착장,제주특별자치도,제주시,관광,KT,Jeju Free Wifi,,,제주특별자치도 제주시 한경면 고산리 3616-25,제주특별자치도 정보정책과,064-710-2352,33.3091547,126.1656596,2024-08-06,I,2026-05-15 18:45:29,2024-08-06 15:05:55
6510000,202465100000700495,전기차충전소_제주교도소 민원인 주차장,IP주 지향1개,제주특별자치도,제주시,교통시설,KT,Jeju Free Wifi,,제주특별자치도 제주시 정실동길 51,제주특별자치도 제주시 오라이동 161,제주특별자치도 정보정책과,064-710-2352,33.4627017,126.5159021,2024-08-06,I,2026-05-15 18:45:29,2024-08-06 15:05:44
6510000,202465100000700533,전기차충전소_삼양동 공영주차장,전기차충전소인근 CCTV,제주특별자치도,제주시,교통시설,KT,Jeju Free Wifi,,제주특별자치도 제주시 지석10길 18,제주특별자치도 제주시 삼양이동 2176-13,제주특별자치도 정보정책과,064-710-2352,33.5197319,126.582611,2024-08-06,I,2026-05-15 18:45:29,2024-08-06 15:05:44
6510000,202465100000701612,1-56호어린이공원,CCTV pole 그네방향,제주특별자치도,제주시,편의시설,KT,Jeju Free Wifi,,,제주특별자치도 제주시 도련일동 2264-9,제주특별자치도 정보정책과,064-710-2352,33.5089228,126.5850474,2024-08-06,I,2026-05-15 18:45:29,2024-08-06 15:05:55
6510000,202465100000700170,칠성로 쇼핑거리,아케이드기둥벽면 동,제주특별자치도,제주시,관광,KT,Jeju Free Wifi,,제주특별자치도 제주시 중앙로 48,제주특별자치도 제주시 일도일동 1385-2,제주특별자치도 정보정책과,064-710-2352,33.5140054,126.5245734,2024-08-06,I,2026-05-15 18:45:29,2024-08-06 15:05:41
6510000,202465100000700805,사려니숲길,가로등,제주특별자치도,제주시,관광,KT,Jeju Free Wifi,,,제주특별자치도 제주시 봉개동 2750-2,제주특별자치도 정보정책과,064-710-2352,33.434312,126.6377461,2024-08-06,I,2026-05-15 18:45:29,2024-08-06 15:05:47
6510000,202465100000700858,애월버스회차지(제주전기차자동차충전서비스),가로등-북쪽버스정류장방향,제주특별자치도,제주시,교통시설,KT,Jeju Free Wifi,,,제주특별자치도 제주시 애월읍 수산리 444-1,제주특별자치도 정보정책과,064-710-2352,33.4663342,126.3950078,2024-08-06,I,2026-05-15 18:45:29,2024-08-06 15:05:47
6510000,202465100000701101,내도동 동마을 (신산마을방면),정류장천정,제주특별자치도,제주시,교통시설,KT,Jeju Free Wifi,,,제주특별자치도 제주시 내도동 310-8,제주특별자치도 정보정책과,064-710-2352,33.4930751,126.442408,2024-08-06,I,2026-05-15 18:45:29,2024-08-06 15:05:50
6510000,202465100000701280,신촌초등학교 (문서교방면),버스정류장 지붕위,제주특별자치도,제주시,교통시설,KT,Jeju Free Wifi,,제주특별자치도 제주시 조천읍 신북로 43,제주특별자치도 제주시 조천읍 신촌리 1823-3,제주특별자치도 정보정책과,064-710-2352,33.5330239,126.6187598,2024-08-06,I,2026-05-15 18:45:29,2024-08-06 15:05:52
6510000,202465100000700200,종달리해변,통신주 인근 가로등에 남서쪽으로 지향 1개,제주특별자치도,제주시,관광,KT,Jeju Free Wifi,,,제주특별자치도 제주시 구좌읍 종달리 622-5,제주특별자치도 정보정책과,064-710-2352,33.4885199,126.9055913,2024-08-06,I,2026-05-15 18:45:29,2024-08-06 15:05:42
6510000,202465100000701435,너븐숭이4.3기념관,기념관 내부 로비,제주특별자치도,제주시,관광,KT,Jeju Free Wifi,,제주특별자치도 제주시 조천읍 북촌3길 3,제주특별자치도 제주시 조천읍 북촌리 1599,제주특별자치도 정보정책과,064-710-2352,33.546054,126.6886251,2024-08-06,I,2026-05-15 18:45:29,2024-08-06 15:05:53
6510000,202465100000700957,광평 (백록초등학교방면),버스정류소 천정,제주특별자치도,제주시,교통시설,KT,Jeju Free Wifi,,제주특별자치도 제주시 광평동로 51,제주특별자치도 제주시 노형동 2431-5,제주특별자치도 정보정책과,064-710-2352,33.4838838,126.4680931,2024-08-06,I,2026-05-15 18:45:29,2024-08-06 15:05:48
6510000,202465100000700907,제주의료원 (종합사격장방면),반대편 정류장 동쪽 외부 상단,제주특별자치도,제주시,교통시설,KT,Jeju Free Wifi,,,제주특별자치도 제주시 아라일동 378-1,제주특별자치도 정보정책과,064-710-2352,33.4455945,126.558319,2024-08-06,I,2026-05-15 18:45:29,2024-08-06 15:05:48
6510000,202465100000700786,삼성혈 문화의 거리,어린이CCTV 동,제주특별자치도,제주시,관광,KT,Jeju Free Wifi,,제주특별자치도 제주시 삼성로 19,제주특별자치도 제주시 이도일동 1692-18,제주특별자치도 정보정책과,064-710-2352,33.5057253,126.5280501,2024-08-06,I,2026-05-15 18:45:29,2024-08-06 15:05:47
6510000,202465100000700383,제주국민체육센터,1층 출입구 천장,제주특별자치도,제주시,지역문화시설,KT,Jeju Free Wifi,,제주특별자치도 제주시 사라봉동길 25,제주특별자치도 제주시 건입동 513,제주특별자치도 정보정책과,064-710-2352,33.5148514,126.5473337,2024-08-06,I,2026-05-15 18:45:29,2024-08-06 15:05:43
6510000,202465100000700910,미래컨벤션센터 (삼담우체국방면),버스정류장 내 천정,제주특별자치도,제주시,교통시설,KT,Jeju Free Wifi,,제주특별자치도 제주시 남성로 75,제주특별자치도 제주시 용담일동 248-5,제주특별자치도 정보정책과,064-710-2352,33.5066093,126.5144965,2024-08-06,I,2026-05-15 18:45:29,2024-08-06 15:05:48
6510000,202465100000700335,제주동문시장,오이수산 앞 아케이드 위,제주특별자치도,제주시,기타,KT,Jeju Free Wifi,,제주특별자치도 제주시 중앙로11길 13,제주특별자치도 제주시 이도일동 1349-29,제주특별자치도 정보정책과,064-710-2352,33.5125279,126.5261806,2024-08-06,I,2026-05-15 18:45:29,2024-08-06 15:05:43
6510000,202465100000700560,전기차충전소_관음사 휴게소,지붕 모서리,제주특별자치도,제주시,교통시설,KT,Jeju Free Wifi,,제주특별자치도 제주시 산록북로 588,제주특별자치도 제주시 오등동 산180-3,제주특별자치도 정보정책과,064-710-2352,33.4219371,126.5505927,2024-08-06,I,2026-05-15 18:45:29,2024-08-06 15:05:45
6510000,202465100000701592,1-72호어린이공원,CCTV pole,제주특별자치도,제주시,편의시설,KT,Jeju Free Wifi,,,제주특별자치도 제주시 외도일동 442-5,제주특별자치도 정보정책과,064-710-2352,33.4906206,126.4300888,2024-08-06,I,2026-05-15 18:45:29,2024-08-06 15:05:55
6510000,202465100000700891,계명동입구 (계명동방면),버스정류소상부,제주특별자치도,제주시,교통시설,KT,Jeju Free Wifi,,,제주특별자치도 제주시 외도일동 646-1,제주특별자치도 정보정책과,064-710-2352,33.4876828,126.4301849,2024-08-06,I,2026-05-15 18:45:29,2024-08-06 15:05:48
6510000,202465100000701274,인화초등학교 (천수동방면),버스정류장 지붕위,제주특별자치도,제주시,교통시설,KT,Jeju Free Wifi,,제주특별자치도 제주시 동광로 106-1,제주특별자치도 제주시 일도이동 365-2,제주특별자치도 정보정책과,064-710-2352,33.505793,126.5391015,2024-08-06,I,2026-05-15 18:45:29,2024-08-06 15:05:52
6510000,202465100000700623,우도등대,중계기 폴- 남서,제주특별자치도,제주시,관광,KT,Jeju Free Wifi,,제주특별자치도 제주시 우도면 우도봉길 105,제주특별자치도 제주시 우도면 연평리 337,제주특별자치도 정보정책과,064-710-2352,33.4929348,126.965055,2024-08-06,I,2026-05-15 18:45:29,2024-08-06 15:05:45
6510000,202465100000700969,귀덕1리 (사동복지회관방면),버스정류장 상부,제주특별자치도,제주시,교통시설,KT,Jeju Free Wifi,,,제주특별자치도 제주시 한림읍 귀덕리 1026-4,제주특별자치도 정보정책과,064-710-2352,33.4435207,126.2927718,2024-08-06,I,2026-05-15 18:45:29,2024-08-06 15:05:48
6510000,202465100000700400,절물자연휴양림,보안등 52 중단 지향,제주특별자치도,제주시,관광,KT,Jeju Free Wifi,,제주특별자치도 제주시 명림로 584,제주특별자치도 제주시 봉개동 산78-1,제주특별자치도 정보정책과,064-710-2352,33.4313587,126.6225876,2024-08-06,I,2026-05-15 18:45:29,2024-08-06 15:05:43
6510000,202465100000701427,노형근린공원,공원화장실외벽에 지향성 1개 동,제주특별자치도,제주시,편의시설,KT,Jeju Free Wifi,,제주특별자치도 제주시 과원북4길 12,제주특별자치도 제주시 노형동 731,제주특별자치도 정보정책과,064-710-2352,33.4802848,126.4826053,2024-08-06,I,2026-05-15 18:45:29,2024-08-06 15:05:53
6510000,202465100000700879,종달초등학교 (시흥리방면),버스정류소상부,제주특별자치도,제주시,교통시설,KT,Jeju Free Wifi,,제주특별자치도 제주시 구좌읍 종달로 66,제주특별자치도 제주시 구좌읍 종달리 1903-1,제주특별자치도 정보정책과,064-710-2352,33.492395,126.8962237,2024-08-06,I,2026-05-15 18:45:29,2024-08-06 15:05:48
6510000,202465100000700477,전기차충전소_제주시자치경찰단,울타리 기둥 상단,제주특별자치도,제주시,교통시설,KT,Jeju Free Wifi,,제주특별자치도 제주시 기자길 7,제주특별자치도 제주시 아라이동 1371-2,제주특별자치도 정보정책과,064-710-2352,33.4850086,126.5441955,2024-08-06,I,2026-05-15 18:45:29,2024-08-06 15:05:44
6510000,202465100000700267,제주별빛누리공원,2층전시관(전시관),제주특별자치도,제주시,관광,KT,Jeju Free Wifi,,제주특별자치도 제주시 선돌목동길 60,제주특별자치도 제주시 오등동 산34,제주특별자치도 정보정책과,064-710-2352,33.445184,126.5494103,2024-08-06,I,2026-05-15 18:45:29,2024-08-06 15:05:42
6510000,202465100000700045,함덕 서우봉 해변,클린하우스 옆 가로등 폴대,제주특별자치도,제주시,관광,KT,Jeju Free Wifi,,,제주특별자치도 제주시 조천읍 함덕리 1004-1,제주특별자치도 정보정책과,064-710-2352,33.5424009,126.6681912,2024-08-06,I,2026-05-15 18:45:29,2024-08-06 15:05:40
6510000,202465100000701740,한경체육관,1층 중앙 홀,제주특별자치도,제주시,관공서,KT,Jeju Free Wifi,,제주특별자치도 제주시 한경면 칠전로 41,제주특별자치도 제주시 한경면 고산리 1881-2,제주특별자치도 정보정책과,064-710-2421,33.3015196315,126.1845076684,2024-08-06,I,2026-05-15 18:45:29,2024-08-06 15:05:56
6510000,202465100000700336,제주동문시장,오이수산 앞 아케이드 위,제주특별자치도,제주시,기타,KT,Jeju Free Wifi,,제주특별자치도 제주시 중앙로11길 13,제주특별자치도 제주시 이도일동 1349-29,제주특별자치도 정보정책과,064-710-2352,33.5125279,126.5261806,2024-08-06,I,2026-05-15 18:45:29,2024-08-06 15:05:43
6510000,202465100000701138,한라중학교/부영아파트 (대림2차아파트방면),정류장 내부 처마에 무지향 1개,제주특별자치도,제주시,교통시설,KT,Jeju Free Wifi,,제주특별자치도 제주시 과원북2길 12,제주특별자치도 제주시 노형동 754,제주특별자치도 정보정책과,064-710-2352,33.4780718,126.4837305,2024-08-06,I,2026-05-15 18:45:29,2024-08-06 15:05:50
6510000,202465100000700708,신노형제2어린이공원,CCTV POLE,제주특별자치도,제주시,편의시설,KT,Jeju Free Wifi,,제주특별자치도 제주시 노형4길 30,제주특별자치도 제주시 노형동 3799,제주특별자치도 정보정책과,064-710-2352,33.4809911,126.4769769,2024-08-06,I,2026-05-15 18:45:29,2024-08-06 15:05:46
6510000,202465100000701034,이호동 동마을 (이호동주민센터방면),정류장천정,제주특별자치도,제주시,교통시설,KT,Jeju Free Wifi,,,제주특별자치도 제주시 이호일동 636-2,제주특별자치도 정보정책과,064-710-2352,33.5004374,126.4608929,2024-08-06,I,2026-05-15 18:45:29,2024-08-06 15:05:49
6510000,202465100000700499,전기차충전소_인재개발원,전기차충전소 옆 벽면,제주특별자치도,제주시,교통시설,KT,Jeju Free Wifi,,제주특별자치도 제주시 산천단동길 26,제주특별자치도 제주시 아라일동 368-20,제주특별자치도 정보정책과,064-710-2352,33.4466026,126.560507,2024-08-06,I,2026-05-15 18:45:29,2024-08-06 15:05:44
6510000,202465100000701505,갤러리둘하나,전시관 벽면,제주특별자치도,제주시,지역문화시설,KT,Jeju Free Wifi,,제주특별자치도 제주시 중앙로25길 17,제주특별자치도 제주시 이도일동 1695-10,제주특별자치도 정보정책과,064-710-2352,33.5067596,126.5270856,2024-08-06,I,2026-05-15 18:45:29,2024-08-06 15:05:54
6510000,202465100000700240,제주의료원,12병동 벽면,제주특별자치도,제주시,기타,KT,Jeju Free Wifi,,제주특별자치도 제주시 산천단남길 10,제주특별자치도 제주시 아라일동 4-17,제주특별자치도 정보정책과,064-710-2352,33.4457069,126.5594571,2024-08-06,I,2026-05-15 18:45:29,2024-08-06 15:05:42
6510000,202465100000701209,외도부영 2차 아파트 (외도부영 1차 아파트방면),정류장 지붕에 무지향 1개,제주특별자치도,제주시,교통시설,KT,Jeju Free Wifi,,제주특별자치도 제주시 우정로 91,제주특별자치도 제주시 외도일동 645-8,제주특별자치도 정보정책과,064-710-2352,33.4846666,126.4312184,2024-08-06,I,2026-05-15 18:45:29,2024-08-06 15:05:51
6510000,202465100000700406,절물자연휴양림,보안등 69번 중단 지향,제주특별자치도,제주시,관광,KT,Jeju Free Wifi,,제주특별자치도 제주시 명림로 584,제주특별자치도 제주시 봉개동 산78-1,제주특별자치도 정보정책과,064-710-2352,33.4313587,126.6225876,2024-08-06,I,2026-05-15 18:45:29,2024-08-06 15:05:43
6510000,202465100000700834,중앙로(국민은행) (시민회관방면),버스정보시스템내부,제주특별자치도,제주시,교통시설,KT,Jeju Free Wifi,,제주특별자치도 제주시 중앙로 88,제주특별자치도 제주시 이도일동 1468-1,제주특별자치도 정보정책과,064-710-2352,33.5106242,126.5237913,2024-08-06,I,2026-05-15 18:45:29,2024-08-06 15:05:47
6510000,202465100000700769,삼화제7근린공원,CCTV POLE,제주특별자치도,제주시,편의시설,KT,Jeju Free Wifi,,,제주특별자치도 제주시 화북이동 1011,제주특별자치도 정보정책과,064-710-2352,33.5140856,126.5721876,2024-08-06,I,2026-05-15 18:45:29,2024-08-06 15:05:47
6510000,202465100000700882,연미마을입구 (사평마을방면),버스정류소상부,제주특별자치도,제주시,교통시설,KT,Jeju Free Wifi,,제주특별자치도 제주시 연삼로 146,제주특별자치도 제주시 오라삼동 2107-5,제주특별자치도 정보정책과,064-710-2352,33.49278,126.5078031,2024-08-06,I,2026-05-15 18:45:29,2024-08-06 15:05:48
6510000,202465100000701008,이도초등학교 (이도주공아파트방면),정류장천정,제주특별자치도,제주시,교통시설,KT,Jeju Free Wifi,,제주특별자치도 제주시 구남로 20,제주특별자치도 제주시 이도이동 2034-8,제주특별자치도 정보정책과,064-710-2352,33.4891214,126.532861,2024-08-06,I,2026-05-15 18:45:29,2024-08-06 15:05:49
6510000,202465100000701087,제주자동차검사소 (매촌방면),정류장천정,제주특별자치도,제주시,교통시설,KT,Jeju Free Wifi,,,제주특별자치도 제주시 도련이동 568-2,제주특별자치도 정보정책과,064-710-2352,33.5143408,126.5889523,2024-08-06,I,2026-05-15 18:45:29,2024-08-06 15:05:50
6510000,202465100000701519,21코스,가로등 올레길종달항방향,제주특별자치도,제주시,관광,KT,Jeju Free Wifi,,제주특별자치도 제주시 구좌읍 종달로1길 124-5,제주특별자치도 제주시 구좌읍 종달리 572,제주특별자치도 정보정책과,064-710-2352,33.4941831,126.90877,2024-08-06,I,2026-05-15 18:45:29,2024-08-06 15:05:54
6510000,202465100000700203,종달리수국길,KT통신주(지미봉T),제주특별자치도,제주시,관광,KT,Jeju Free Wifi,,,제주특별자치도 제주시 구좌읍 종달리 24-1,제주특별자치도 정보정책과,064-710-2352,33.5065049,126.9124899,2024-08-06,I,2026-05-15 18:45:29,2024-08-06 15:05:42
6510000,202465100000701651,1-22호공원,CCTV pole,제주특별자치도,제주시,편의시설,KT,Jeju Free Wifi,,,제주특별자치도 제주시 삼양일동 1593-1,제주특별자치도 정보정책과,064-710-2352,33.5291004,126.5937828,2024-08-06,I,2026-05-15 18:45:29,2024-08-06 15:05:55
6510000,202465100000701602,16코스,고내포구 고내간이펌프장MCC반 IP주 북서,제주특별자치도,제주시,관광,KT,Jeju Free Wifi,,,제주특별자치도 제주시 애월읍 고내리 1114,제주특별자치도 정보정책과,064-710-2352,33.466899,126.3373195,2024-08-06,I,2026-05-15 18:45:29,2024-08-06 15:05:55
6510000,202465100000700091,한라수목원,관리소 외부벽면 서,제주특별자치도,제주시,관광,KT,Jeju Free Wifi,,제주특별자치도 제주시 수목원길 72,제주특별자치도 제주시 연동 1012,제주특별자치도 정보정책과,064-710-2352,33.4690562,126.490385,2024-08-06,I,2026-05-15 18:45:29,2024-08-06 15:05:41
6510000,202465100000701103,행원리 (금산목방면),정류장천정,제주특별자치도,제주시,교통시설,KT,Jeju Free Wifi,,,제주특별자치도 제주시 구좌읍 행원리 728-3,제주특별자치도 정보정책과,064-710-2352,33.5532818,126.8078169,2024-08-06,I,2026-05-15 18:45:29,2024-08-06 15:05:50
6510000,202465100000701371,문화예술마을 저지리 농어촌체험마을,정보센터,제주특별자치도,제주시,관광,KT,Jeju Free Wifi,,제주특별자치도 제주시 한경면 중산간서로 3675,제주특별자치도 제주시 한경면 저지리 1863-1,제주특별자치도 정보정책과,064-710-2352,33.3327221,126.2558643,2024-08-06,I,2026-05-15 18:45:29,2024-08-06 15:05:53
6510000,202465100000700542,전기차충전소_동화초등학교 맞은편 공영주차장,IP주 지향1개,제주특별자치도,제주시,교통시설,KT,Jeju Free Wifi,,제주특별자치도 제주시 벌랑길 17,제주특별자치도 제주시 화북일동 14-1,제주특별자치도 정보정책과,064-710-2352,33.5179327,126.5766666,2024-08-06,I,2026-05-15 18:45:29,2024-08-06 15:05:44
6510000,202465100000700692,신창풍차해안도로,정자방향 외벽,제주특별자치도,제주시,관광,KT,Jeju Free Wifi,,제주특별자치도 제주시 한경면 한경해안로 485,제주특별자치도 제주시 한경면 신창리 1481-21,제주특별자치도 정보정책과,064-710-2352,33.3430309,126.1721675,2024-08-06,I,2026-05-15 18:45:29,2024-08-06 15:05:46
6510000,202465100000700185,천진항,마을정보센타 비가림위 - 서,제주특별자치도,제주시,교통시설,KT,Jeju Free Wifi,,제주특별자치도 제주시 우도면 우도해안길 70,제주특별자치도 제주시 우도면 연평리 1737-13,제주특별자치도 정보정책과,064-710-2352,33.4929388,126.9515821,2024-08-06,I,2026-05-15 18:45:29,2024-08-06 15:05:42
6510000,202465100000700204,조천체육관,1층 회의실,제주특별자치도,제주시,지역문화시설,KT,Jeju Free Wifi,,제주특별자치도 제주시 조천읍 조천18길 11-1,제주특별자치도 제주시 조천읍 조천리 1176-1,제주특별자치도 정보정책과,064-710-2352,33.5391265,126.6439526,2024-08-06,I,2026-05-15 18:45:29,2024-08-06 15:05:42
6510000,202465100000700683,알프스얼음보석궁전,1층 복도,제주특별자치도,제주시,관광,KT,Jeju Free Wifi,,제주특별자치도 제주시 한경면 연명로 147,제주특별자치도 제주시 한경면 청수리 958,제주특별자치도 정보정책과,064-710-2352,33.2911145,126.2493608,2024-08-06,I,2026-05-15 18:45:29,2024-08-06 15:05:46
6510000,202465100000701081,삼도1동 주민센터 (중앙마을방면),정류장천정,제주특별자치도,제주시,교통시설,KT,Jeju Free Wifi,,제주특별자치도 제주시 서사로 104,제주특별자치도 제주시 삼도일동 531-14,제주특별자치도 정보정책과,064-710-2352,33.5031546,126.5196243,2024-08-06,I,2026-05-15 18:45:29,2024-08-06 15:05:50
6510000,202465100000700259,제주세계자연유산센터,옥상 거문오름탐방로 방향,제주특별자치도,제주시,관광,KT,Jeju Free Wifi,,제주특별자치도 제주시 조천읍 선교로 569-36,제주특별자치도 제주시 조천읍 선흘리 478,제주특별자치도 정보정책과,064-710-2352,33.4569595,126.7145245,2024-08-06,I,2026-05-15 18:45:29,2024-08-06 15:05:42
6510000,202465100000700970,곽지해수욕장 (곽지모우물방면),버스정류장 상부,제주특별자치도,제주시,교통시설,KT,Jeju Free Wifi,,,제주특별자치도 제주시 애월읍 곽지리 1673-2,제주특별자치도 정보정책과,064-710-2352,33.4481502,126.3075758,2024-08-06,I,2026-05-15 18:45:29,2024-08-06 15:05:48
6510000,202465100000700644,용담레포츠공원,화장실 지붕에 지향 1개,제주특별자치도,제주시,편의시설,KT,Jeju Free Wifi,,제주특별자치도 제주시 서해안로 580,제주특별자치도 제주시 용담삼동 1089,제주특별자치도 정보정책과,064-710-2352,33.5183192,126.4994213,2024-08-06,I,2026-05-15 18:45:29,2024-08-06 15:05:45
6510000,202465100000701300,시민회관 (삼성초등학교방면),버스정류장 지붕위,제주특별자치도,제주시,교통시설,KT,Jeju Free Wifi,,제주특별자치도 제주시 중앙로 130,제주특별자치도 제주시 삼도이동 231-4,제주특별자치도 정보정책과,064-710-2352,33.5070003,126.5245847,2024-08-06,I,2026-05-15 18:45:29,2024-08-06 15:05:52
6510000,202465100000700569,장수물공원,CCTV POLE,제주특별자치도,제주시,편의시설,KT,Jeju Free Wifi,,제주특별자치도 제주시 귀아랑1길 14,제주특별자치도 제주시 연동 310-33,제주특별자치도 정보정책과,064-710-2352,33.4921495,126.4988937,2024-08-06,I,2026-05-15 18:45:29,2024-08-06 15:05:45
6510000,202465100000700580,이호테우해변,종합상황실 외벽 -북동,제주특별자치도,제주시,관광,KT,Jeju Free Wifi,,제주특별자치도 제주시 테우해안로 172-13,제주특별자치도 제주시 이호일동 1665-1,제주특별자치도 정보정책과,064-710-2352,33.4967939,126.452833,2024-08-06,I,2026-05-15 18:45:29,2024-08-06 15:05:45
6510000,202465100000701168,노형우체국 (노형오거리/한라병원방면),정류장 지붕에 무지향 1개,제주특별자치도,제주시,교통시설,KT,Jeju Free Wifi,,제주특별자치도 제주시 월랑로 15,제주특별자치도 제주시 노형동 1064-7,제주특별자치도 정보정책과,064-710-2352,33.4874523,126.4774664,2024-08-06,I,2026-05-15 18:45:29,2024-08-06 15:05:50
6510000,202465100000701025,북촌리 (북촌리해동방면),정류장천정,제주특별자치도,제주시,교통시설,KT,Jeju Free Wifi,,,제주특별자치도 제주시 조천읍 북촌리 632,제주특별자치도 정보정책과,064-710-2352,33.5481679,126.6949891,2024-08-06,I,2026-05-15 18:45:29,2024-08-06 15:05:49
6510000,202465100000701142,탑동입구 (제주해변공연장방면),정류장 지붕에 무지향 1개,제주특별자치도,제주시,교통시설,KT,Jeju Free Wifi,,제주특별자치도 제주시 중앙로 25,제주특별자치도 제주시 일도일동 1278-1,제주특별자치도 정보정책과,064-710-2352,33.515903,126.5249394,2024-08-06,I,2026-05-15 18:45:29,2024-08-06 15:05:50
6510000,202465100000701741,한경체육관,2층관람석(남쪽 에어컨옆),제주특별자치도,제주시,관공서,KT,Jeju Free Wifi,,제주특별자치도 제주시 한경면 칠전로 41,제주특별자치도 제주시 한경면 고산리 1881-2,제주특별자치도 정보정책과,064-710-2422,33.3015196315,126.1845076684,2024-08-06,I,2026-05-15 18:45:29,2024-08-06 15:05:56
6510000,202465100000701587,17코스,외도 월대천 공중화장실 동,제주특별자치도,제주시,관광,KT,Jeju Free Wifi,,제주특별자치도 제주시 월대6길 5,제주특별자치도 제주시 외도이동 232-1,제주특별자치도 정보정책과,064-710-2352,33.4935171,126.435987,2024-08-06,I,2026-05-15 18:45:29,2024-08-06 15:05:55
6510000,202465100000700169,칠성로 쇼핑거리,아케이드기둥벽면 서,제주특별자치도,제주시,관광,KT,Jeju Free Wifi,,제주특별자치도 제주시 중앙로 48,제주특별자치도 제주시 일도일동 1385-2,제주특별자치도 정보정책과,064-710-2352,33.5140054,126.5245734,2024-08-06,I,2026-05-15 18:45:29,2024-08-06 15:05:41
6510000,202465100000700018,협재 해변(협재해수욕장),공중화장실 지붕,제주특별자치도,제주시,관광,KT,Jeju Free Wifi,,,제주특별자치도 제주시 한림읍 협재리 2450,제주특별자치도 정보정책과,064-710-2352,33.3935461,126.2384322,2024-08-06,I,2026-05-15 18:45:29,2024-08-06 15:05:40
6510000,202465100000700009,환상숲,매표소(주차장 포함),제주특별자치도,제주시,관광,KT,Jeju Free Wifi,,제주특별자치도 제주시 한경면 녹차분재로 594-1,제주특별자치도 제주시 한경면 저지리 2848-2,제주특별자치도 정보정책과,064-710-2352,33.322601,126.263175,2024-08-06,I,2026-05-15 18:45:29,2024-08-06 15:05:40
6510000,202465100000700550,전기차충전소_노형동주민센터,주민센터 옥상에서 충전소 방향 뒤,제주특별자치도,제주시,교통시설,KT,Jeju Free Wifi,,제주특별자치도 제주시 노형9길 9-4,제주특별자치도 제주시 노형동 3793-1,제주특별자치도 정보정책과,064-710-2352,33.4829747,126.4769853,2024-08-06,I,2026-05-15 18:45:29,2024-08-06 15:05:45
6510000,202465100000701182,봉개동 큰동네 (봉개사우나방면),정류장 지붕에 무지향 1개,제주특별자치도,제주시,교통시설,KT,Jeju Free Wifi,,제주특별자치도 제주시 번영로 514,제주특별자치도 제주시 봉개동 1883-2,제주특별자치도 정보정책과,064-710-2352,33.4893318,126.5961691,2024-08-06,I,2026-05-15 18:45:29,2024-08-06 15:05:51
6510000,202465100000700401,절물자연휴양림,보안등 52 중단 지향,제주특별자치도,제주시,관광,KT,Jeju Free Wifi,,제주특별자치도 제주시 명림로 584,제주특별자치도 제주시 봉개동 산78-1,제주특별자치도 정보정책과,064-710-2352,33.4313587,126.6225876,2024-08-06,I,2026-05-15 18:45:29,2024-08-06 15:05:43
6510000,202465100000700889,부민장례식장 (오등동입구방면),버스정류소상부,제주특별자치도,제주시,교통시설,KT,Jeju Free Wifi,,,제주특별자치도 제주시 도남동 1237-1,제주특별자치도 정보정책과,064-710-2352,33.4807868,126.5234154,2024-08-06,I,2026-05-15 18:45:29,2024-08-06 15:05:48
6510000,202465100000701571,18코스,CCTV Pole 동쪽 올레길,제주특별자치도,제주시,관광,KT,Jeju Free Wifi,,제주특별자치도 제주시 조천읍 조천3길 10,제주특별자치도 제주시 조천읍 조천리 3118,제주특별자치도 정보정책과,064-710-2352,33.5356178,126.6331447,2024-08-06,I,2026-05-15 18:45:29,2024-08-06 15:05:55
6510000,202465100000701646,12코스,IP주 - 서쪽 고산기상대 방향,제주특별자치도,제주시,관광,KT,Jeju Free Wifi,,,제주특별자치도 제주시 한경면 고산리 3758-1,제주특별자치도 정보정책과,064-710-2352,33.2941246,126.1637199,2024-08-06,I,2026-05-15 18:45:29,2024-08-06 15:05:55
6510000,202465100000701015,동복리 (동복리휴게소방면),정류장천정,제주특별자치도,제주시,교통시설,KT,Jeju Free Wifi,,제주특별자치도 제주시 구좌읍 동복로 59,제주특별자치도 제주시 구좌읍 동복리 1532,제주특별자치도 정보정책과,064-710-2352,33.5531046,126.712693,2024-08-06,I,2026-05-15 18:45:29,2024-08-06 15:05:49
6510000,202465100000700986,한림천주교회 (한림천주교회방면),버스정류장 상부,제주특별자치도,제주시,교통시설,KT,Jeju Free Wifi,,,제주특별자치도 제주시 한림읍 대림리 1818-3,제주특별자치도 정보정책과,064-710-2352,33.4172947,126.264818,2024-08-06,I,2026-05-15 18:45:29,2024-08-06 15:05:49
6510000,202465100000700613,우도비양도,비양도입구 화장실옆 영농조합 서,제주특별자치도,제주시,관광,KT,Jeju Free Wifi,,,제주특별자치도 제주시 우도면 연평리 33-2,제주특별자치도 정보정책과,064-710-2352,33.5129501,126.9649459,2024-08-06,I,2026-05-15 18:45:29,2024-08-06 15:05:45
6510000,202465100000701432,노꼬메오름,중계기 폴대 - 주차장,제주특별자치도,제주시,관광,KT,Jeju Free Wifi,,,제주특별자치도 제주시 애월읍 소길리 산255-4,제주특별자치도 정보정책과,064-710-2352,33.3912696,126.397711,2024-08-06,I,2026-05-15 18:45:29,2024-08-06 15:05:53
6510000,202465100000701716,버스정류소_제원아파트,버스정보시스템내부,제주특별자치도,제주시,교통시설,KT,Jeju Free Wifi,,,제주특별자치도 제주시 연동 272,제주특별자치도 정보정책과,064-710-2397,33.4887983778,126.4911500234,2024-08-06,I,2026-05-15 18:45:29,2024-08-06 15:05:56
6510000,202465100000700779,삼양동선사유적,매표소,제주특별자치도,제주시,관광,KT,Jeju Free Wifi,,제주특별자치도 제주시 선사로2길 13,제주특별자치도 제주시 삼양일동 1660-4,제주특별자치도 정보정책과,064-710-2352,33.5235264,126.5880388,2024-08-06,I,2026-05-15 18:45:29,2024-08-06 15:05:47
6510000,202465100000700272,제주목관아,목관아 서쪽 클린하우스 폴대 북동,제주특별자치도,제주시,관광,KT,Jeju Free Wifi,,제주특별자치도 제주시 관덕로 25,제주특별자치도 제주시 삼도이동 1045-1,제주특별자치도 정보정책과,064-710-2352,33.513992,126.5219367,2024-08-06,I,2026-05-15 18:45:29,2024-08-06 15:05:42
6510000,202465100000701395,돌문화공원,제3코스 관리소 상부,제주특별자치도,제주시,관광,KT,Jeju Free Wifi,,제주특별자치도 제주시 조천읍 남조로 2023,제주특별자치도 제주시 조천읍 교래리 산 95,제주특별자치도 정보정책과,064-710-2352,33.4463446,126.6605733,2024-08-06,I,2026-05-15 18:45:29,2024-08-06 15:05:53
6510000,202465100000701357,민속자연사박물관,남서쪽화장실옆가로등상단,제주특별자치도,제주시,관공서,KT,Jeju Free Wifi,,제주특별자치도 제주시 삼성로 40,제주특별자치도 제주시 일도이동 996-1,제주특별자치도 정보정책과,064-710-2352,33.5063434,126.5315158,2024-08-06,I,2026-05-15 18:45:29,2024-08-06 15:05:52
6510000,202465100000700263,제주서문시장,서문공설시장 1층 정육형식당가 천정(1층 상가),제주특별자치도,제주시,기타,KT,Jeju Free Wifi,,제주특별자치도 제주시 서문로4길 13-2,제주특별자치도 제주시 용담일동 135-9,제주특별자치도 정보정책과,064-710-2352,33.5113564,126.5179133,2024-08-06,I,2026-05-15 18:45:29,2024-08-06 15:05:42
6510000,202465100000700346,제주동문시장,애경상회 앞 아케이드 위,제주특별자치도,제주시,기타,KT,Jeju Free Wifi,,제주특별자치도 제주시 오현길 78-5,제주특별자치도 제주시 이도일동 1342-1,제주특별자치도 정보정책과,064-710-2352,33.5119714,126.5256304,2024-08-06,I,2026-05-15 18:45:29,2024-08-06 15:05:43
6510000,202465100000700095,한라생태숲,안내소 벽면 북,제주특별자치도,제주시,관광,KT,Jeju Free Wifi,,제주특별자치도 제주시 516로 2596,제주특별자치도 제주시 용강동 산 14-1,제주특별자치도 정보정책과,064-710-2352,33.4282925,126.6047761,2024-08-06,I,2026-05-15 18:45:29,2024-08-06 15:05:41
6510000,202465100000700173,추자항 여객선대합실,대합실 동쪽 벽면,제주특별자치도,제주시,교통시설,KT,Jeju Free Wifi,,제주특별자치도 제주시 추자면 추자로 1,제주특별자치도 제주시 추자면 대서리 4-39,제주특별자치도 정보정책과,064-710-2352,33.962438,126.2976628,2024-08-06,I,2026-05-15 18:45:29,2024-08-06 15:05:41
6510000,202465100000701724,용두암,애원횟집 옥상 중계기 폴,제주특별자치도,제주시,관광,KT,Jeju Free Wifi,,제주특별자치도 제주시 서해안로 687-6,제주특별자치도 제주시 용담이동 488,제주특별자치도 정보정책과,064-710-2405,33.5156020757,126.5119216468,2024-08-06,I,2026-05-15 18:45:29,2024-08-06 15:05:56
6510000,202465100000701607,15코스,기지국 - 서쪽 방향 올레길,제주특별자치도,제주시,관광,KT,Jeju Free Wifi,,제주특별자치도 제주시 한림읍 귀덕남1길 17,제주특별자치도 제주시 한림읍 귀덕리 1573,제주특별자치도 정보정책과,064-710-2352,33.434317,126.2948123,2024-08-06,I,2026-05-15 18:45:29,2024-08-06 15:05:55
6510000,202465100000700160,탐라도서관,3층 청소년열람실 동쪽 천장,제주특별자치도,제주시,관공서,KT,Jeju Free Wifi,,제주특별자치도 제주시 정원로 50,제주특별자치도 제주시 노형동 3812-1,제주특별자치도 정보정책과,064-710-2352,33.4791553,126.4772458,2024-08-06,I,2026-05-15 18:45:29,2024-08-06 15:05:41
6510000,202465100000701687,구좌체육관,2층 방송실 좌측,제주특별자치도,제주시,관공서,KT,Jeju Free Wifi,,제주특별자치도 제주시 구좌읍 김녕로 209,제주특별자치도 제주시 구좌읍 김녕리 497-1,제주특별자치도 정보정책과,064-710-2368,33.5551854597,126.7627460061,2024-08-06,I,2026-05-15 18:45:29,2024-08-06 15:05:56
6510000,202465100000700223,제주의료원 부속 요양병원,신축동 2층 남자화장실 옆 천장,제주특별자치도,제주시,기타,KT,Jeju Free Wifi,,제주특별자치도 제주시 산천단남길 10,제주특별자치도 제주시 아라일동 4-17,제주특별자치도 정보정책과,064-710-2352,33.4457069,126.5594571,2024-08-06,I,2026-05-15 18:45:29,2024-08-06 15:05:42
6510000,202465100000700210,제주항연안여객터미널,화장실 앞 천정,제주특별자치도,제주시,교통시설,KT,Jeju Free Wifi,,제주특별자치도 제주시 임항로 111,제주특별자치도 제주시 건입동 918-30,제주특별자치도 정보정책과,064-710-2352,33.5196275,126.5348972,2024-08-06,I,2026-05-15 18:45:29,2024-08-06 15:05:42
6510000,202465100000700412,절물자연휴양림,보안등 30 POLE대,제주특별자치도,제주시,관광,KT,Jeju Free Wifi,,제주특별자치도 제주시 명림로 584,제주특별자치도 제주시 봉개동 산78-1,제주특별자치도 정보정책과,064-710-2352,33.4313587,126.6225876,2024-08-06,I,2026-05-15 18:45:29,2024-08-06 15:05:43
6510000,202465100000700126,하우목동항,하우목동항 매표소 옥상 - 서,제주특별자치도,제주시,교통시설,KT,Jeju Free Wifi,,제주특별자치도 제주시 우도면 우도해안길 353,제주특별자치도 제주시 우도면 연평리 2391-1,제주특별자치도 정보정책과,064-710-2352,33.5103862,126.9432025,2024-08-06,I,2026-05-15 18:45:29,2024-08-06 15:05:41
6510000,202465100000701127,삼양1동 (삼부장미아파트 입구방면),화장실 외벽 해변방향 무지향 1개,제주특별자치도,제주시,교통시설,KT,Jeju Free Wifi,,제주특별자치도 제주시 선사로8길 13-4,제주특별자치도 제주시 삼양일동 1569-42,제주특별자치도 정보정책과,064-710-2352,33.5260282,126.5868464,2024-08-06,I,2026-05-15 18:45:29,2024-08-06 15:05:50
6510000,202465100000700570,자치경찰단,1층휴게실상부,제주특별자치도,제주시,관공서,KT,Jeju Free Wifi,,제주특별자치도 제주시 기자길 7,제주특별자치도 제주시 아라이동 1371-2,제주특별자치도 정보정책과,064-710-2352,33.4850086,126.5441955,2024-08-06,I,2026-05-15 18:45:29,2024-08-06 15:05:45
6510000,202465100000700753,서부두 명품회집거리,어린이 CCTV 북,제주특별자치도,제주시,관광,KT,Jeju Free Wifi,,제주특별자치도 제주시 서부두길 2,제주특별자치도 제주시 건입동 1319-80,제주특별자치도 정보정책과,064-710-2352,33.5167854,126.5278736,2024-08-06,I,2026-05-15 18:45:29,2024-08-06 15:05:46
6510000,202465100000701509,감귤향기힐링파크,옥상외벽,제주특별자치도,제주시,관광,KT,Jeju Free Wifi,,제주특별자치도 제주시 한경면 두조로 309,제주특별자치도 제주시 한경면 두모리 27,제주특별자치도 정보정책과,064-710-2352,33.3400769,126.2157616,2024-08-06,I,2026-05-15 18:45:29,2024-08-06 15:05:54
6510000,202465100000701117,한국병원 (남서광마을입구방면),정류장 옆 가로등에 지향,제주특별자치도,제주시,교통시설,KT,Jeju Free Wifi,,제주특별자치도 제주시 서광로 203,제주특별자치도 제주시 삼도일동 519-8,제주특별자치도 정보정책과,064-710-2352,33.5001888,126.5181467,2024-08-06,I,2026-05-15 18:45:29,2024-08-06 15:05:50
6510000,202465100000701438,낙천의자공원,외벽 - 동,제주특별자치도,제주시,편의시설,KT,Jeju Free Wifi,,제주특별자치도 제주시 한경면 낙수로 97,제주특별자치도 제주시 한경면 낙천리 1913,제주특별자치도 정보정책과,064-710-2352,33.3278924,126.2267601,2024-08-06,I,2026-05-15 18:45:29,2024-08-06 15:05:53
6510000,202465100000700237,제주의료원,11병동 벽면,제주특별자치도,제주시,기타,KT,Jeju Free Wifi,,제주특별자치도 제주시 산천단남길 10,제주특별자치도 제주시 아라일동 4-17,제주특별자치도 정보정책과,064-710-2352,33.4457069,126.5594571,2024-08-06,I,2026-05-15 18:45:29,2024-08-06 15:05:42
6510000,202465100000701346,애월환승정류장(애월리) (신설동방면),버스정류장 처마(정류장),제주특별자치도,제주시,교통시설,KT,Jeju Free Wifi,,,제주특별자치도 제주시 애월읍 애월리 2628,제주특별자치도 정보정책과,064-710-2352,33.4588823,126.3224468,2024-08-06,I,2026-05-15 18:45:29,2024-08-06 15:05:52
6510000,202465100000700179,추자도 대서리 문화공연장,인근가로등 북서쪽방향,제주특별자치도,제주시,지역문화시설,KT,Jeju Free Wifi,,,제주특별자치도 제주시 추자면 대서리 147-19,제주특별자치도 정보정책과,064-710-2352,33.962047,126.2948144,2024-08-06,I,2026-05-15 18:45:29,2024-08-06 15:05:41
6510000,202465100000700057,한수풀도서관,A동 1층 로비,제주특별자치도,제주시,관공서,KT,Jeju Free Wifi,,제주특별자치도 제주시 한림읍 한림상로 240-11,제주특별자치도 제주시 한림읍 대림리 1877,제주특별자치도 정보정책과,064-710-2352,33.4202405,126.2685329,2024-08-06,I,2026-05-15 18:45:29,2024-08-06 15:05:40
6510000,202465100000701145,제주중앙고등학교 (월평마을방면),전기 인입 앵글에 지향 1개,제주특별자치도,제주시,교통시설,KT,Jeju Free Wifi,,제주특별자치도 제주시 아봉로 323,제주특별자치도 제주시 월평동 1236,제주특별자치도 정보정책과,064-710-2352,33.474196,126.5726378,2024-08-06,I,2026-05-15 18:45:29,2024-08-06 15:05:50
6510000,202465100000701239,도련1동 (하나로아파트방면),정류장 지붕에 무지향 1개,제주특별자치도,제주시,교통시설,KT,Jeju Free Wifi,,제주특별자치도 제주시 삼봉로 137,제주특별자치도 제주시 도련일동 1731-14,제주특별자치도 정보정책과,064-710-2352,33.5092067,126.5901764,2024-08-06,I,2026-05-15 18:45:29,2024-08-06 15:05:51
6510000,202465100000701477,구좌체육관,2층 방송실 좌측,제주특별자치도,제주시,지역문화시설,KT,Jeju Free Wifi,,제주특별자치도 제주시 구좌읍 김녕로 209,제주특별자치도 제주시 구좌읍 김녕리 497-1,제주특별자치도 정보정책과,064-710-2352,33.556278,126.7621814,2024-08-06,I,2026-05-15 18:45:29,2024-08-06 15:05:54
6510000,202465100000701096,시티주유소 (제주한라대학교방면),정류장천정,제주특별자치도,제주시,교통시설,KT,Jeju Free Wifi,,,제주특별자치도 제주시 노형동 765,제주특별자치도 정보정책과,064-710-2352,33.4780514,126.4791263,2024-08-06,I,2026-05-15 18:45:29,2024-08-06 15:05:50
6510000,202465100000700507,전기차충전소_외도동 생활문화센터,전기차충전소 분전함 옆 벽면,제주특별자치도,제주시,교통시설,KT,Jeju Free Wifi,,제주특별자치도 제주시 우정로15길 42-7,제주특별자치도 제주시 외도일동 530-4,제주특별자치도 정보정책과,064-710-2352,33.488527,126.4334944,2024-08-06,I,2026-05-15 18:45:29,2024-08-06 15:05:44
6510000,202465100000700233,제주의료원,24병동 간호사 탈의실 벽면 위,제주특별자치도,제주시,기타,KT,Jeju Free Wifi,,제주특별자치도 제주시 산천단남길 10,제주특별자치도 제주시 아라일동 4-17,제주특별자치도 정보정책과,064-710-2352,33.4453101,126.5602272,2024-08-06,I,2026-05-15 18:45:29,2024-08-06 15:05:42
6510000,202465100000700598,월령선인장 군락지,클린하우스 IP주,제주특별자치도,제주시,관광,KT,Jeju Free Wifi,,제주특별자치도 제주시 한림읍 월령안길 27,제주특별자치도 제주시 한림읍 월령리 376-1,제주특별자치도 정보정책과,064-710-2352,33.376316,126.2143341,2024-08-06,I,2026-05-15 18:45:29,2024-08-06 15:05:45
6510000,202465100000701486,교래자연휴양림,매표소 진입로 동,제주특별자치도,제주시,관광,KT,Jeju Free Wifi,,제주특별자치도 제주시 조천읍 남조로 2023,제주특별자치도 제주시 조천읍 교래리 산 95,제주특별자치도 정보정책과,064-710-2352,33.4463446,126.6605733,2024-08-06,I,2026-05-15 18:45:29,2024-08-06 15:05:54
6510000,202465100000701511,79호공원,공원위쪽 CCTV POLE,제주특별자치도,제주시,편의시설,KT,Jeju Free Wifi,,제주특별자치도 제주시 진남로6길 35,제주특별자치도 제주시 화북일동 1957,제주특별자치도 정보정책과,064-710-2352,33.5214919,126.5647679,2024-08-06,I,2026-05-15 18:45:29,2024-08-06 15:05:54
6510000,202465100000700667,엉알해안,외벽,제주특별자치도,제주시,관광,KT,Jeju Free Wifi,,,제주특별자치도 제주시 한경면 고산리 3674-9,제주특별자치도 정보정책과,064-710-2352,33.2988495,126.1680547,2024-08-06,I,2026-05-15 18:45:29,2024-08-06 15:05:46
6510000,202465100000700857,옹포리 (옹포사거리방면),버스정류장IP주-건너편정류장방향,제주특별자치도,제주시,교통시설,KT,Jeju Free Wifi,,,제주특별자치도 제주시 한림읍 옹포리 575,제주특별자치도 정보정책과,064-710-2352,33.4029925,126.2516988,2024-08-06,I,2026-05-15 18:45:29,2024-08-06 15:05:47
6510000,202465100000701521,21코스,공중화장실 인근 IP주,제주특별자치도,제주시,관광,KT,Jeju Free Wifi,,,제주특별자치도 제주시 구좌읍 종달리 산2,제주특별자치도 정보정책과,064-710-2352,33.4974093,126.9055226,2024-08-06,I,2026-05-15 18:45:29,2024-08-06 15:05:54
6510000,202465100000700519,전기차충전소_애월버스회차지,(제주전기차자동차충전서비스) 휴게실,제주특별자치도,제주시,교통시설,KT,Jeju Free Wifi,,,제주특별자치도 제주시 애월읍 수산리 444-1,제주특별자치도 정보정책과,064-710-2352,33.4663342,126.3950078,2024-08-06,I,2026-05-15 18:45:29,2024-08-06 15:05:44
6510000,202465100000701345,하귀환승정류장(하귀하나로마트) (남주동방면),하귀하나로마트버스정류장,제주특별자치도,제주시,교통시설,KT,Jeju Free Wifi,,,제주특별자치도 제주시 애월읍 하귀1리 488-2,제주특별자치도 정보정책과,064-710-2352,33.4856869,126.4115213,2024-08-06,I,2026-05-15 18:45:29,2024-08-06 15:05:52
6510000,202465100000700835,중앙로(현대약국) (관덕정방면),버스정보시스템내부,제주특별자치도,제주시,교통시설,KT,Jeju Free Wifi,,,제주특별자치도 제주시 이도일동 1414-3,제주특별자치도 정보정책과,064-710-2352,33.5110902,126.5243108,2024-08-06,I,2026-05-15 18:45:29,2024-08-06 15:05:47
6510000,202465100000701516,46호공원,CCTV POLE,제주특별자치도,제주시,편의시설,KT,Jeju Free Wifi,,,제주특별자치도 제주시 연동 1962-1,제주특별자치도 정보정책과,064-710-2352,33.4906293,126.48363,2024-08-06,I,2026-05-15 18:45:29,2024-08-06 15:05:54
6510000,202465100000700766,새별오름,소방본부 외벽,제주특별자치도,제주시,관광,KT,Jeju Free Wifi,,,제주특별자치도 제주시 애월읍 봉성리 4554-14,제주특별자치도 정보정책과,064-710-2352,33.3631705,126.3585808,2024-08-06,I,2026-05-15 18:45:29,2024-08-06 15:05:46
6510000,202465100000700458,전기차충전소_하귀농협 장례식장,전기차충전소인근 IP주,제주특별자치도,제주시,교통시설,KT,Jeju Free Wifi,,제주특별자치도 제주시 애월읍 애조로 405,제주특별자치도 제주시 애월읍 광령리 3672-1,제주특별자치도 정보정책과,064-710-2352,33.47306,126.4266619,2024-08-06,I,2026-05-15 18:45:29,2024-08-06 15:05:44
6510000,202465100000700933,우당도서관 (사라봉방면),CCTV POLE,제주특별자치도,제주시,교통시설,KT,Jeju Free Wifi,,,제주특별자치도 제주시 건입동 602-19,제주특별자치도 정보정책과,064-710-2352,33.5124934,126.5476852,2024-08-06,I,2026-05-15 18:45:29,2024-08-06 15:05:48
6510000,202465100000700993,민오름 (연동365의원/한국건강관리협회방면),버스정류장 천정,제주특별자치도,제주시,교통시설,KT,Jeju Free Wifi,,,제주특별자치도 제주시 연동 455-47,제주특별자치도 정보정책과,064-710-2352,33.48182,126.500589,2024-08-06,I,2026-05-15 18:45:29,2024-08-06 15:05:49
6510000,202465100000701155,연동주민센터 (도호동방면),화장실 앞 가로등에 지향 1개,제주특별자치도,제주시,교통시설,KT,Jeju Free Wifi,,제주특별자치도 제주시 신대로 101,제주특별자치도 제주시 연동 302-6,제주특별자치도 정보정책과,064-710-2352,33.4882932,126.4968621,2024-08-06,I,2026-05-15 18:45:29,2024-08-06 15:05:50
6510000,202465100000701445,김만덕객주,만덕고가 안거리 CCTV POLE 상단,제주특별자치도,제주시,관광,KT,Jeju Free Wifi,,,제주특별자치도 제주시 건입동 1297,제주특별자치도 정보정책과,064-710-2352,33.5165929,126.5321606,2024-08-06,I,2026-05-15 18:45:29,2024-08-06 15:05:53
6510000,202465100000701349,한림환승정류장(한림리) (한국통신방면),한림리버스정류장,제주특별자치도,제주시,교통시설,KT,Jeju Free Wifi,,제주특별자치도 제주시 한림읍 한림로 657,제주특별자치도 제주시 한림읍 한림리 1360-2,제주특별자치도 정보정책과,064-710-2352,33.4143621,126.2633391,2024-08-06,I,2026-05-15 18:45:29,2024-08-06 15:05:52
6510000,202465100000701558,1-90호어린이공원,CCTV pole 놀이틀녹색지붕방향),제주특별자치도,제주시,편의시설,KT,Jeju Free Wifi,,,제주특별자치도 제주시 노형동 2514-2,제주특별자치도 정보정책과,064-710-2352,33.4834982,126.4719086,2024-08-06,I,2026-05-15 18:45:29,2024-08-06 15:05:54
6510000,202465100000701159,롯데마트 (해오름아파트방면),CCTV 폴에 정류장 방향 지향성 1개,제주특별자치도,제주시,교통시설,KT,Jeju Free Wifi,,제주특별자치도 제주시 연북로 21,제주특별자치도 제주시 노형동 710-2,제주특별자치도 정보정책과,064-710-2352,33.4823972,126.4835583,2024-08-06,I,2026-05-15 18:45:29,2024-08-06 15:05:50
6510000,202465100000700935,화북주공아파트입구 (화북휴먼시아방면),버스정류소 천정,제주특별자치도,제주시,교통시설,KT,Jeju Free Wifi,,제주특별자치도 제주시 동화로 12,제주특별자치도 제주시 화북일동 1221-13,제주특별자치도 정보정책과,064-710-2352,33.518851,126.5726367,2024-08-06,I,2026-05-15 18:45:29,2024-08-06 15:05:48
6510000,202465100000700172,추자항 여객선대합실,대합실 서쪽벽면,제주특별자치도,제주시,교통시설,KT,Jeju Free Wifi,,제주특별자치도 제주시 추자면 추자로 1,제주특별자치도 제주시 추자면 대서리 4-39,제주특별자치도 정보정책과,064-710-2352,33.962438,126.2976628,2024-08-06,I,2026-05-15 18:45:29,2024-08-06 15:05:41
6510000,202465100000700523,전기차충전소_아라동주민센터,CCTV 폴 중단,제주특별자치도,제주시,교통시설,KT,Jeju Free Wifi,,제주특별자치도 제주시 중앙로 527,제주특별자치도 제주시 아라일동 1644-5,제주특별자치도 정보정책과,064-710-2352,33.4762909,126.5450083,2024-08-06,I,2026-05-15 18:45:29,2024-08-06 15:05:44
6510000,202465100000701223,시민회관 (중앙로(현대약국)방면),정류장 지붕에 무지향 1개,제주특별자치도,제주시,교통시설,KT,Jeju Free Wifi,,제주특별자치도 제주시 중앙로 123,제주특별자치도 제주시 이도일동 1709-6,제주특별자치도 정보정책과,064-710-2352,33.5076314,126.5245847,2024-08-06,I,2026-05-15 18:45:29,2024-08-06 15:05:51
6510000,202465100000701636,1-35호어린이공원,CCTV pole 낮게(안내판 밑),제주특별자치도,제주시,편의시설,KT,Jeju Free Wifi,,,제주특별자치도 제주시 도남동 88-11,제주특별자치도 정보정책과,064-710-2352,33.4945868,126.5292179,2024-08-06,I,2026-05-15 18:45:29,2024-08-06 15:05:55
6510000,202465100000700192,지하상가,지하상가 중앙 동쪽(지하상가),제주특별자치도,제주시,기타,KT,Jeju Free Wifi,,제주특별자치도 제주시 중앙로 지하 60,제주특별자치도 제주시 일도일동 1425-3,제주특별자치도 정보정책과,064-710-2352,33.5132764,126.5246826,2024-08-06,I,2026-05-15 18:45:29,2024-08-06 15:05:42
6510000,202465100000700488,전기차충전소_제주도청,도청 옥상 북,제주특별자치도,제주시,교통시설,KT,Jeju Free Wifi,,제주특별자치도 제주시 문연로 6,제주특별자치도 제주시 연동 312-1,제주특별자치도 정보정책과,064-710-2352,33.488912,126.4980781,2024-08-06,I,2026-05-15 18:45:29,2024-08-06 15:05:44
6510000,202465100000701696,절물자연휴양림,매표소 천장,제주특별자치도,제주시,관광,KT,Jeju Free Wifi,,제주특별자치도 제주시 명림로 584,제주특별자치도 제주시 봉개동 산 78-1,제주특별자치도 정보정책과,064-710-2377,33.4400488100,126.6252034000,2024-08-06,I,2026-05-15 18:45:29,2024-08-06 15:05:56
6510000,202465100000701366,문화예술의 거리,어린이 CCTV 북,제주특별자치도,제주시,관광,KT,Jeju Free Wifi,,제주특별자치도 제주시 중앙로14길 21,제주특별자치도 제주시 삼도이동 154,제주특별자치도 정보정책과,064-710-2352,33.5109023,126.5221614,2024-08-06,I,2026-05-15 18:45:29,2024-08-06 15:05:53
6510000,202465100000701449,김녕 성세기 해변,종합상황실 외벽에 지향성 1개,제주특별자치도,제주시,관광,KT,Jeju Free Wifi,,제주특별자치도 제주시 구좌읍 해맞이해안로 7-6,제주특별자치도 제주시 구좌읍 김녕리 497-4,제주특별자치도 정보정책과,064-710-2352,33.5570213,126.759877,2024-08-06,I,2026-05-15 18:45:29,2024-08-06 15:05:53
6510000,202465100000700183,천진항,마을정보센타 벽 - 동,제주특별자치도,제주시,교통시설,KT,Jeju Free Wifi,,제주특별자치도 제주시 우도면 우도해안길 70,제주특별자치도 제주시 우도면 연평리 1737-13,제주특별자치도 정보정책과,064-710-2352,33.4929388,126.9515821,2024-08-06,I,2026-05-15 18:45:29,2024-08-06 15:05:42
6510000,202465100000700968,귀덕초등학교 (하동복지회관방면),버스정류장 상부,제주특별자치도,제주시,교통시설,KT,Jeju Free Wifi,,,제주특별자치도 제주시 한림읍 귀덕리 1181-2,제주특별자치도 정보정책과,064-710-2352,33.4436934,126.2941879,2024-08-06,I,2026-05-15 18:45:29,2024-08-06 15:05:48
6510000,202465100000701566,18코스,화장실 벽면 서쪽 올레길 정자방향,제주특별자치도,제주시,관광,KT,Jeju Free Wifi,,제주특별자치도 제주시 감수북길 41,제주특별자치도 제주시 삼양이동 1965-3,제주특별자치도 정보정책과,064-710-2352,33.5256441,126.584,2024-08-06,I,2026-05-15 18:45:29,2024-08-06 15:05:55
6510000,202465100000701174,함덕리 3구 (함덕환승정류장(함덕해수욕장)방면),길건너 정류장 방향 지향 1개,제주특별자치도,제주시,교통시설,KT,Jeju Free Wifi,,제주특별자치도 제주시 조천읍 신북로 529,제주특별자치도 제주시 조천읍 함덕리 1270-1,제주특별자치도 정보정책과,064-710-2352,33.5417879,126.666521,2024-08-06,I,2026-05-15 18:45:29,2024-08-06 15:05:51
6510000,202465100000701662,1-16호어린이공원,CCTV pole 시소방향,제주특별자치도,제주시,편의시설,KT,Jeju Free Wifi,,제주특별자치도 제주시 동광로13길 26-8,제주특별자치도 제주시 일도이동 337,제주특별자치도 정보정책과,064-710-2352,33.5069589,126.5362945,2024-08-06,I,2026-05-15 18:45:29,2024-08-06 15:05:55
6510000,202465100000700073,한림종합운동장,한림체육관 옥상 북서,제주특별자치도,제주시,지역문화시설,KT,Jeju Free Wifi,,제주특별자치도 제주시 한림읍 한림중앙로 71-9,제주특별자치도 제주시 한림읍 한림리 887-2,제주특별자치도 정보정책과,064-710-2352,33.4092593,126.2684929,2024-08-06,I,2026-05-15 18:45:29,2024-08-06 15:05:41
6510000,202465100000701549,19코스,화장실 물탱크실벽면 해변방향,제주특별자치도,제주시,관광,KT,Jeju Free Wifi,,제주특별자치도 제주시 조천읍 조함해안로 585,제주특별자치도 제주시 조천읍 함덕리 200,제주특별자치도 정보정책과,064-710-2352,33.5443391,126.674051,2024-08-06,I,2026-05-15 18:45:29,2024-08-06 15:05:54
6510000,202465100000701156,연동대림1차아파트 (대림2차아파트방면),길건너 정류장 방향 지향 1개,제주특별자치도,제주시,교통시설,KT,Jeju Free Wifi,,제주특별자치도 제주시 국기로1길 2,제주특별자치도 제주시 연동 1482,제주특별자치도 정보정책과,064-710-2352,33.4807182,126.4900321,2024-08-06,I,2026-05-15 18:45:29,2024-08-06 15:05:50
6510000,202465100000701481,교래자연휴양림,CCTV POLE (야영지구 원두막 1인근),제주특별자치도,제주시,관광,KT,Jeju Free Wifi,,제주특별자치도 제주시 조천읍 남조로 2023,제주특별자치도 제주시 조천읍 교래리 산 95,제주특별자치도 정보정책과,064-710-2352,33.4463446,126.6605733,2024-08-06,I,2026-05-15 18:45:29,2024-08-06 15:05:54
6510000,202465100000700876,S중앙병원 (월랑로입구방면),버스정류장 ip주 상부,제주특별자치도,제주시,교통시설,KT,Jeju Free Wifi,,,제주특별자치도 제주시 도두일동 2280-3,제주특별자치도 정보정책과,064-710-2352,33.4927573,126.4719181,2024-08-06,I,2026-05-15 18:45:29,2024-08-06 15:05:48
6510000,202465100000701476,국립제주박물관,본관건물 동쪽외벽,제주특별자치도,제주시,관공서,KT,Jeju Free Wifi,,제주특별자치도 제주시 일주동로 17,제주특별자치도 제주시 건입동 261,제주특별자치도 정보정책과,064-710-2352,33.5140605,126.5490798,2024-08-06,I,2026-05-15 18:45:29,2024-08-06 15:05:54
6510000,202465100000700687,싱계물공원,가로등 서,제주특별자치도,제주시,편의시설,KT,Jeju Free Wifi,,,제주특별자치도 제주시 한경면 신창리 1322-1,제주특별자치도 정보정책과,064-710-2352,33.3434262,126.17391,2024-08-06,I,2026-05-15 18:45:29,2024-08-06 15:05:46
6510000,202465100000700049,함덕 서우봉 해변,종합상황실(해변),제주특별자치도,제주시,관광,KT,Jeju Free Wifi,,,제주특별자치도 제주시 조천읍 함덕리 산14-1,제주특별자치도 정보정책과,064-710-2352,33.5431956,126.6699878,2024-08-06,I,2026-05-15 18:45:29,2024-08-06 15:05:40
6510000,202465100000700582,이도공원,화장실 외벽 (남벽(방수함)),제주특별자치도,제주시,편의시설,KT,Jeju Free Wifi,,제주특별자치도 제주시 이도공원동길 6,제주특별자치도 제주시 이도이동 440,제주특별자치도 정보정책과,064-710-2352,33.4972515,126.544152,2024-08-06,I,2026-05-15 18:45:29,2024-08-06 15:05:45
6510000,202465100000700793,삼무공원,CCTV폴에 지향 1개,제주특별자치도,제주시,편의시설,KT,Jeju Free Wifi,,제주특별자치도 제주시 신대로10길 53,제주특별자치도 제주시 연동 271-9,제주특별자치도 정보정책과,064-710-2352,33.4908095,126.4910083,2024-08-06,I,2026-05-15 18:45:29,2024-08-06 15:05:47
6510000,202465100000700875,오라오거리 (명신마을방면),버스정류장 상부,제주특별자치도,제주시,교통시설,KT,Jeju Free Wifi,,제주특별자치도 제주시 서광로 73,제주특별자치도 제주시 용담이동 2756,제주특별자치도 정보정책과,064-710-2352,33.5000845,126.5042127,2024-08-06,I,2026-05-15 18:45:29,2024-08-06 15:05:48
6510000,202465100000700940,신천동 (대유대림아파트방면),인근 가로등설치(맞은편 방향),제주특별자치도,제주시,교통시설,KT,Jeju Free Wifi,,,제주특별자치도 제주시 일도이동 115-13,제주특별자치도 정보정책과,064-710-2352,33.5036798,126.5495436,2024-08-06,I,2026-05-15 18:45:29,2024-08-06 15:05:48
6510000,202465100000700065,한림체육관,관림석 남쪽벽,제주특별자치도,제주시,지역문화시설,KT,Jeju Free Wifi,,제주특별자치도 제주시 한림읍 한림중앙로 71-9,제주특별자치도 제주시 한림읍 한림리 887-2,제주특별자치도 정보정책과,064-710-2352,33.4092593,126.2684929,2024-08-06,I,2026-05-15 18:45:29,2024-08-06 15:05:40
6510000,202465100000701419,노형제1근린공원,CCTV폴에서 공원 북쪽으로 지향성 1개,제주특별자치도,제주시,편의시설,KT,Jeju Free Wifi,,제주특별자치도 제주시 정존5길 67,제주특별자치도 제주시 노형동 2584-1,제주특별자치도 정보정책과,064-710-2352,33.4860834,126.47026,2024-08-06,I,2026-05-15 18:45:29,2024-08-06 15:05:53
6510000,202465100000700006,흑돼지 거리,방범용CCTV 옆 IP주 남서,제주특별자치도,제주시,관광,KT,Jeju Free Wifi,,제주특별자치도 제주시 관덕로15길 31,제주특별자치도 제주시 건입동 1390,제주특별자치도 정보정책과,064-710-2352,33.5160604,126.5267988,2024-08-06,I,2026-05-15 18:45:29,2024-08-06 15:05:40
6510000,202465100000701504,검멀레해수욕장,동측 KT 강관주 - 동,제주특별자치도,제주시,관광,KT,Jeju Free Wifi,,,제주특별자치도 제주시 우도면 연평리 318-1,제주특별자치도 정보정책과,064-710-2352,33.4982722,126.9671868,2024-08-06,I,2026-05-15 18:45:29,2024-08-06 15:05:54
6510000,202465100000701422,노형동주민센터,3층 복도 상부,제주특별자치도,제주시,관공서,KT,Jeju Free Wifi,,,제주특별자치도 제주시 노형동 9,제주특별자치도 정보정책과,064-710-2352,33.4856861,126.484889,2024-08-06,I,2026-05-15 18:45:29,2024-08-06 15:05:53
6510000,202465100000700576,인구보건복지협회 제주도지회 가족보건의원,1층 진료실 로비 벽면,제주특별자치도,제주시,기타,KT,Jeju Free Wifi,,제주특별자치도 제주시 신대로13길 21,제주특별자치도 제주시 연동 312-49,제주특별자치도 정보정책과,064-710-2352,33.4878942,126.4989026,2024-08-06,I,2026-05-15 18:45:29,2024-08-06 15:05:45
6510000,202465100000701249,남서광마을입구 (남서광마을방면),정류장 지붕에 무지향 1개,제주특별자치도,제주시,교통시설,KT,Jeju Free Wifi,,제주특별자치도 제주시 서광로 236,제주특별자치도 제주시 삼도일동 572-20,제주특별자치도 정보정책과,064-710-2352,33.4995445,126.5215689,2024-08-06,I,2026-05-15 18:45:29,2024-08-06 15:05:51
6510000,202465100000700555,전기차충전소_그루터기,충전소 지붕무지향,제주특별자치도,제주시,교통시설,KT,Jeju Free Wifi,,제주특별자치도 제주시 원당북로 65,제주특별자치도 제주시 삼양일동 763,제주특별자치도 정보정책과,064-710-2352,33.5330398,126.600103,2024-08-06,I,2026-05-15 18:45:29,2024-08-06 15:05:45
6510000,202465100000700388,제주공룡랜드,사무실 외부 벽면(주차장),제주특별자치도,제주시,관광,KT,Jeju Free Wifi,,제주특별자치도 제주시 애월읍 광령평화2길 1,제주특별자치도 제주시 애월읍 광령리 2698,제주특별자치도 정보정책과,064-710-2352,33.4416753,126.4336703,2024-08-06,I,2026-05-15 18:45:29,2024-08-06 15:05:43
6510000,202465100000701401,도두오래물축제장,CCTV POLE,제주특별자치도,제주시,편의시설,KT,Jeju Free Wifi,,,제주특별자치도 제주시 도두일동 2605-5,제주특별자치도 정보정책과,064-710-2352,33.5049278,126.4667646,2024-08-06,I,2026-05-15 18:45:29,2024-08-06 15:05:53
6510000,202465100000700482,전기차충전소_제주민속오일시장,충전소 옆 벽면,제주특별자치도,제주시,교통시설,KT,Jeju Free Wifi,,제주특별자치도 제주시 오일장서길 26,제주특별자치도 제주시 도두일동 1212,제주특별자치도 정보정책과,064-710-2352,33.4961986,126.4753548,2024-08-06,I,2026-05-15 18:45:29,2024-08-06 15:05:44
6510000,202465100000701045,시각장애인복지관 (월평마을방면),정류장천정,제주특별자치도,제주시,교통시설,KT,Jeju Free Wifi,,,제주특별자치도 제주시 월평동 464-3,제주특별자치도 정보정책과,064-710-2352,33.470603,126.5808618,2024-08-06,I,2026-05-15 18:45:29,2024-08-06 15:05:49
6510000,202465100000700696,신재생에너지관,전시관 내부,제주특별자치도,제주시,관광,KT,Jeju Free Wifi,,제주특별자치도 제주시 구좌읍 해맞이해안로 712-3,제주특별자치도 제주시 구좌읍 행원리 21,제주특별자치도 정보정책과,064-710-2352,33.5594938,126.8181561,2024-08-06,I,2026-05-15 18:45:29,2024-08-06 15:05:46
6510000,202465100000701561,18코스,IP주 해신사 좌측 올레길 방향,제주특별자치도,제주시,관광,KT,Jeju Free Wifi,,제주특별자치도 제주시 진북길 18,제주특별자치도 제주시 화북일동 1608,제주특별자치도 정보정책과,064-710-2352,33.524421,126.5662373,2024-08-06,I,2026-05-15 18:45:29,2024-08-06 15:05:54
6510000,202465100000701059,수협제주도지회 (삼무공원방면),정류장천정,제주특별자치도,제주시,교통시설,KT,Jeju Free Wifi,,제주특별자치도 제주시 삼무로 77,제주특별자치도 제주시 연동 291-40,제주특별자치도 정보정책과,064-710-2352,33.4900106,126.4950033,2024-08-06,I,2026-05-15 18:45:29,2024-08-06 15:05:49
6510000,202465100000700485,전기차충전소_제주도청,옥상 난간,제주특별자치도,제주시,교통시설,KT,Jeju Free Wifi,,제주특별자치도 제주시 문연로 6,제주특별자치도 제주시 연동 312-1,제주특별자치도 정보정책과,064-710-2352,33.488921,126.4980779,2024-08-06,I,2026-05-15 18:45:29,2024-08-06 15:05:44
6510000,202465100000700551,전기차충전소_노형동주민센터,주민센터 옥상에서 충전소 방향 앞,제주특별자치도,제주시,교통시설,KT,Jeju Free Wifi,,제주특별자치도 제주시 노형9길 9-4,제주특별자치도 제주시 노형동 3793-1,제주특별자치도 정보정책과,064-710-2352,33.4829747,126.4769853,2024-08-06,I,2026-05-15 18:45:29,2024-08-06 15:05:45
6510000,202465100000701501,고마로 거리,불법주정차단속시스템,제주특별자치도,제주시,관광,KT,Jeju Free Wifi,,제주특별자치도 제주시 고마로 137,제주특별자치도 제주시 일도이동 49-5,제주특별자치도 정보정책과,064-710-2352,33.502395,126.5430112,2024-08-06,I,2026-05-15 18:45:29,2024-08-06 15:05:54
6510000,202465100000700870,제주 썬호텔 (삼무공원사거리/롯테시티호텔방면),버스정류장 상부,제주특별자치도,제주시,교통시설,KT,Jeju Free Wifi,,제주특별자치도 제주시 성두길 7-5,제주특별자치도 제주시 연동 291,제주특별자치도 정보정책과,064-710-2352,33.4903549,126.4943948,2024-08-06,I,2026-05-15 18:45:29,2024-08-06 15:05:47
6510000,202465100000701488,교래자연휴양림,야영장 관리실 CCTV POLE,제주특별자치도,제주시,관광,KT,Jeju Free Wifi,,제주특별자치도 제주시 조천읍 남조로 2023,제주특별자치도 제주시 조천읍 교래리 산 95,제주특별자치도 정보정책과,064-710-2352,33.4463446,126.6605733,2024-08-06,I,2026-05-15 18:45:29,2024-08-06 15:05:54
6510000,202465100000700236,제주의료원,11병동 벽면,제주특별자치도,제주시,기타,KT,Jeju Free Wifi,,제주특별자치도 제주시 산천단남길 10,제주특별자치도 제주시 아라일동 4-17,제주특별자치도 정보정책과,064-710-2352,33.4457069,126.5594571,2024-08-06,I,2026-05-15 18:45:29,2024-08-06 15:05:42
6510000,202465100000701647,1-29호어린이공원,CCTV pole,제주특별자치도,제주시,편의시설,KT,Jeju Free Wifi,,,제주특별자치도 제주시 삼양이동 2100-2,제주특별자치도 정보정책과,064-710-2352,33.5242235,126.581978,2024-08-06,I,2026-05-15 18:45:29,2024-08-06 15:05:55
6510000,202465100000701547,19코스,IP주 동 정자방향,제주특별자치도,제주시,관광,KT,Jeju Free Wifi,,,제주특별자치도 제주시 조천읍 함덕리 3113-5,제주특별자치도 정보정책과,064-710-2352,33.5458097,126.6615817,2024-08-06,I,2026-05-15 18:45:29,2024-08-06 15:05:54
6510000,202465100000701304,제주동중학교 (화북주공아파트방면),버스정류장 지붕위,제주특별자치도,제주시,교통시설,KT,Jeju Free Wifi,,,제주특별자치도 제주시 화북일동 1235-5,제주특별자치도 정보정책과,064-710-2352,33.5199914,126.5722305,2024-08-06,I,2026-05-15 18:45:29,2024-08-06 15:05:52
6510000,202465100000700003,힐링카약파크비체올린,매표소 벽면 남서,제주특별자치도,제주시,관광,KT,Jeju Free Wifi,,제주특별자치도 제주시 한경면 판조로 253-6,제주특별자치도 제주시 한경면 판포리 725-1,제주특별자치도 정보정책과,064-710-2352,33.3495733,126.2185004,2024-08-06,I,2026-05-15 18:45:29,2024-08-06 15:05:40
6510000,202465100000700205,조천체육관,2층 관람석(북쪽천정),제주특별자치도,제주시,지역문화시설,KT,Jeju Free Wifi,,제주특별자치도 제주시 조천읍 조천18길 11-1,제주특별자치도 제주시 조천읍 조천리 1176-1,제주특별자치도 정보정책과,064-710-2352,33.5391265,126.6439526,2024-08-06,I,2026-05-15 18:45:29,2024-08-06 15:05:42
6510000,202465100000700816,사라봉공원,정상 팔각정 기둥 외벽,제주특별자치도,제주시,편의시설,KT,Jeju Free Wifi,,제주특별자치도 제주시 사라봉동길 74,제주특별자치도 제주시 건입동 387-1,제주특별자치도 정보정책과,064-710-2352,33.5177178,126.5457466,2024-08-06,I,2026-05-15 18:45:29,2024-08-06 15:05:47
6510000,202465100000700318,제주동문시장,한라수산 아케이드 위,제주특별자치도,제주시,기타,KT,Jeju Free Wifi,,제주특별자치도 제주시 동문로2길 11,제주특별자치도 제주시 일도일동 1481-3,제주특별자치도 정보정책과,064-710-2352,33.5121655,126.5267895,2024-08-06,I,2026-05-15 18:45:29,2024-08-06 15:05:43
6510000,202465100000701585,17코스,Kt IP주 올레길 정자방향,제주특별자치도,제주시,관광,KT,Jeju Free Wifi,,제주특별자치도 제주시 도두항길 4-17,제주특별자치도 제주시 도두일동 산2,제주특별자치도 정보정책과,064-710-2352,33.5066565,126.4673045,2024-08-06,I,2026-05-15 18:45:29,2024-08-06 15:05:55
6510000,202465100000701494,곽지과물해변,종합상황실 외벽(서),제주특별자치도,제주시,관광,KT,Jeju Free Wifi,,,제주특별자치도 제주시 애월읍 곽지리 1565-12,제주특별자치도 정보정책과,064-710-2352,33.4499484,126.3052394,2024-08-06,I,2026-05-15 18:45:29,2024-08-06 15:05:54
6510000,202465100000701447,김녕미로공원,매표소 공원방향,제주특별자치도,제주시,관광,KT,Jeju Free Wifi,,제주특별자치도 제주시 구좌읍 만장굴길 122,제주특별자치도 제주시 구좌읍 김녕리 산 16,제주특별자치도 정보정책과,064-710-2352,33.5364602,126.7720673,2024-08-06,I,2026-05-15 18:45:29,2024-08-06 15:05:53
6510000,202465100000700595,월령선인장 군락지,월령포구 클린하우스 IP주상부,제주특별자치도,제주시,관광,KT,Jeju Free Wifi,,,제주특별자치도 제주시 한림읍 월령리 317-1,제주특별자치도 정보정책과,064-710-2352,33.3785259,126.2162984,2024-08-06,I,2026-05-15 18:45:29,2024-08-06 15:05:45
6510000,202465100000701541,19코스,인접 가로등(관곶전망대방향),제주특별자치도,제주시,관광,KT,Jeju Free Wifi,,,제주특별자치도 제주시 조천읍 신흥리 792,제주특별자치도 정보정책과,064-710-2352,33.5529475,126.6439306,2024-08-06,I,2026-05-15 18:45:29,2024-08-06 15:05:54
6510000,202465100000700720,수운근린공원,화장실 IP주,제주특별자치도,제주시,편의시설,KT,Jeju Free Wifi,,제주특별자치도 제주시 청귤로5길 6-9,제주특별자치도 제주시 이도이동 371,제주특별자치도 정보정책과,064-710-2352,33.5003181,126.539667,2024-08-06,I,2026-05-15 18:45:29,2024-08-06 15:05:46
6510000,202465100000701544,19코스,IP주 신흥해변방향,제주특별자치도,제주시,관광,KT,Jeju Free Wifi,,,제주특별자치도 제주시 조천읍 신흥리 662,제주특별자치도 정보정책과,064-710-2352,33.5488167,126.6470854,2024-08-06,I,2026-05-15 18:45:29,2024-08-06 15:05:54
6510000,202465100000700946,사평마을 (동성마을 입구방면),인근 가로등설치(맞은편 방향),제주특별자치도,제주시,교통시설,KT,Jeju Free Wifi,,,제주특별자치도 제주시 오라이동 1208-1,제주특별자치도 정보정책과,064-710-2352,33.4928276,126.5117621,2024-08-06,I,2026-05-15 18:45:29,2024-08-06 15:05:48
6510000,202465100000700826,비자림,관리실 옥상 동,제주특별자치도,제주시,관광,KT,Jeju Free Wifi,,제주특별자치도 제주시 구좌읍 비자숲길 62,제주특별자치도 제주시 구좌읍 평대리 3164-1,제주특별자치도 정보정책과,064-710-2352,33.4912478,126.8102603,2024-08-06,I,2026-05-15 18:45:29,2024-08-06 15:05:47
6510000,202465100000701294,정존마을 (월산정수장입구방면),버스정류장 지붕위,제주특별자치도,제주시,교통시설,KT,Jeju Free Wifi,,제주특별자치도 제주시 노형로 345,제주특별자치도 제주시 노형동 2519-16,제주특별자치도 정보정책과,064-710-2352,33.4819758,126.4734738,2024-08-06,I,2026-05-15 18:45:29,2024-08-06 15:05:52
6510000,202465100000701243,대기고등학교 (아르미아파트방면),정류장 지붕에 무지향 1개,제주특별자치도,제주시,교통시설,KT,Jeju Free Wifi,,제주특별자치도 제주시 삼봉로 352,제주특별자치도 제주시 봉개동 1812-15,제주특별자치도 정보정책과,064-710-2352,33.4918243,126.5933527,2024-08-06,I,2026-05-15 18:45:29,2024-08-06 15:05:51
6510000,202465100000701044,이도2동행정복지센터 (경제통상진흥원방면),정류장천정,제주특별자치도,제주시,교통시설,KT,Jeju Free Wifi,,제주특별자치도 제주시 연삼로 426,제주특별자치도 제주시 이도이동 1063-2,제주특별자치도 정보정책과,064-710-2352,33.4963689,126.5365804,2024-08-06,I,2026-05-15 18:45:29,2024-08-06 15:05:49
6510000,202465100000700008,환상숲,매표소(주차장 포함),제주특별자치도,제주시,관광,KT,Jeju Free Wifi,,제주특별자치도 제주시 한경면 녹차분재로 594-1,제주특별자치도 제주시 한경면 저지리 2848-2,제주특별자치도 정보정책과,064-710-2352,33.322601,126.263175,2024-08-06,I,2026-05-15 18:45:29,2024-08-06 15:05:40
6510000,202465100000701475,국수문화거리,방범용CCTV 동,제주특별자치도,제주시,관광,KT,Jeju Free Wifi,,제주특별자치도 제주시 삼성로 63,제주특별자치도 제주시 일도이동 1034-12,제주특별자치도 정보정책과,064-710-2352,33.5079621,126.5319297,2024-08-06,I,2026-05-15 18:45:29,2024-08-06 15:05:54
6510000,202465100000701310,노형오거리/한라병원방면 (남녕고등학교방면),버스정류장 지붕위,제주특별자치도,제주시,교통시설,KT,Jeju Free Wifi,,,제주특별자치도 제주시 노형동 968-3,제주특별자치도 정보정책과,064-710-2352,33.486692,126.4808904,2024-08-06,I,2026-05-15 18:45:29,2024-08-06 15:05:52
6510000,202465100000700546,전기차충전소_더럭초등학교 주차장,IP주,제주특별자치도,제주시,교통시설,KT,Jeju Free Wifi,,,제주특별자치도 제주시 애월읍 하가리 1589-2,제주특별자치도 정보정책과,064-710-2352,33.4528041,126.3451171,2024-08-06,I,2026-05-15 18:45:29,2024-08-06 15:05:45
6510000,202465100000701471,국제대학교,5호관 벽면에설치,제주특별자치도,제주시,관공서,KT,Jeju Free Wifi,,제주특별자치도 제주시 516로 2870,제주특별자치도 제주시 영평동 2235,제주특별자치도 정보정책과,064-710-2352,33.4421044,126.5699159,2024-08-06,I,2026-05-15 18:45:29,2024-08-06 15:05:54
6510000,202465100000701321,평대초등학교 (평대리서동방면),반대편 버스정류장 남쪽 외부 상단,제주특별자치도,제주시,교통시설,KT,Jeju Free Wifi,,,제주특별자치도 제주시 구좌읍 평대리 1719-8,제주특별자치도 정보정책과,064-710-2352,33.5294683,126.8389005,2024-08-06,I,2026-05-15 18:45:29,2024-08-06 15:05:52
6510000,202465100000700078,한림읍사무소,2층 홀 휴게라운지 천장,제주특별자치도,제주시,관공서,KT,Jeju Free Wifi,,제주특별자치도 제주시 한림읍 한림상로 132,제주특별자치도 제주시 한림읍 한림리 919,제주특별자치도 정보정책과,064-710-2352,33.4103614,126.2673638,2024-08-06,I,2026-05-15 18:45:29,2024-08-06 15:05:41
6510000,202465100000700755,서부두 명품회집거리,재난감시CCTV 북,제주특별자치도,제주시,관광,KT,Jeju Free Wifi,,제주특별자치도 제주시 서부두길 18-2,제주특별자치도 제주시 건입동 1319-87,제주특별자치도 정보정책과,064-710-2352,33.5179279,126.5284247,2024-08-06,I,2026-05-15 18:45:29,2024-08-06 15:05:46
6510000,202465100000700888,사라봉경로당입구 (인화동입구방면),버스정류소상부,제주특별자치도,제주시,교통시설,KT,Jeju Free Wifi,,,제주특별자치도 제주시 건입동 1047-1,제주특별자치도 정보정책과,064-710-2352,33.5158182,126.5375553,2024-08-06,I,2026-05-15 18:45:29,2024-08-06 15:05:48
6510000,202465100000700722,수운근린공원,수운근린공원 인근cctv 동쪽방향,제주특별자치도,제주시,편의시설,KT,Jeju Free Wifi,,제주특별자치도 제주시 청귤로5길 6-9,제주특별자치도 제주시 이도이동 371,제주특별자치도 정보정책과,064-710-2352,33.5003181,126.539667,2024-08-06,I,2026-05-15 18:45:29,2024-08-06 15:05:46
6510000,202465100000701296,동광양 (문예회관방면),버스정류장 지붕위,제주특별자치도,제주시,교통시설,KT,Jeju Free Wifi,,,제주특별자치도 제주시 이도이동 1174-26,제주특별자치도 정보정책과,064-710-2352,33.5020247,126.5322559,2024-08-06,I,2026-05-15 18:45:29,2024-08-06 15:05:52
6510000,202465100000701074,제주여자중고등학교(구산마을방면),정류장천정,제주특별자치도,제주시,교통시설,KT,Jeju Free Wifi,,,제주특별자치도 제주시 아라일동 2419-2,제주특별자치도 정보정책과,064-710-2352,33.4853405,126.5417475,2024-08-06,I,2026-05-15 18:45:29,2024-08-06 15:05:49
6510000,202465100000700574,인구보건복지협회 제주도지회 가족보건의원,3층 출산육아대여점 복도 벽면,제주특별자치도,제주시,기타,KT,Jeju Free Wifi,,제주특별자치도 제주시 신대로13길 21,제주특별자치도 제주시 연동 312-49,제주특별자치도 정보정책과,064-710-2352,33.4878942,126.4989026,2024-08-06,I,2026-05-15 18:45:29,2024-08-06 15:05:45
6510000,202465100000700824,비자림,화장실 처마(주차장),제주특별자치도,제주시,관광,KT,Jeju Free Wifi,,제주특별자치도 제주시 구좌읍 비자숲길 62,제주특별자치도 제주시 구좌읍 평대리 3164-1,제주특별자치도 정보정책과,064-710-2352,33.4912478,126.8102603,2024-08-06,I,2026-05-15 18:45:29,2024-08-06 15:05:47
6510000,202465100000700739,선흘곶자왈 생태숲,동백동산습지센터 주차장 방향,제주특별자치도,제주시,관광,KT,Jeju Free Wifi,,제주특별자치도 제주시 조천읍 동백로 77,제주특별자치도 제주시 조천읍 선흘리 924,제주특별자치도 정보정책과,064-710-2352,33.5096968,126.7156717,2024-08-06,I,2026-05-15 18:45:29,2024-08-06 15:05:46
6510000,202465100000701124,오름중학교 (NHF삼화1단지방면),옥상중계기에서 오름중학교 정류장방향으로 지향성 1개,제주특별자치도,제주시,교통시설,KT,Jeju Free Wifi,,제주특별자치도 제주시 화삼북로 131,제주특별자치도 제주시 삼양이동 2332-4,제주특별자치도 정보정책과,064-710-2352,33.5173051,126.5872035,2024-08-06,I,2026-05-15 18:45:29,2024-08-06 15:05:50
6510000,202465100000700475,전기차충전소_제주시청,제주시청 직장어린이집 벽면,제주특별자치도,제주시,교통시설,KT,Jeju Free Wifi,,,제주특별자치도 제주시,제주특별자치도 정보정책과,064-710-2352,33.4995596,126.5311784,2024-08-06,I,2026-05-15 18:45:29,2024-08-06 15:05:44
6510000,202465100000701649,1-27호어린이공원,CCTV pole 정자방향,제주특별자치도,제주시,편의시설,KT,Jeju Free Wifi,,,제주특별자치도 제주시 삼양이동 2130-1,제주특별자치도 정보정책과,064-710-2352,33.5221277,126.5831854,2024-08-06,I,2026-05-15 18:45:29,2024-08-06 15:05:55
6510000,202465100000701525,20코스,인접 IP주 서쪽올레길방향,제주특별자치도,제주시,관광,KT,Jeju Free Wifi,,제주특별자치도 제주시 구좌읍 김녕로1길 89-3,제주특별자치도 제주시 구좌읍 김녕리 1277-14,제주특별자치도 정보정책과,064-710-2352,33.5576522,126.7526745,2024-08-06,I,2026-05-15 18:45:29,2024-08-06 15:05:54
6510000,202465100000701136,함덕농협지소 (함덕리3구방면),길건너 정류장 방향 지향 1개,제주특별자치도,제주시,교통시설,KT,Jeju Free Wifi,,제주특별자치도 제주시 조천읍 조함해안로 488-6,제주특별자치도 제주시 조천읍 함덕리 1252-3,제주특별자치도 정보정책과,064-710-2352,33.5423178,126.664661,2024-08-06,I,2026-05-15 18:45:29,2024-08-06 15:05:50
6510000,202465100000701231,사라봉 (우당도서관 입구방면),정류장 지붕에 무지향 1개(맞은편 커버),제주특별자치도,제주시,교통시설,KT,Jeju Free Wifi,,제주특별자치도 제주시 동문로 150,제주특별자치도 제주시 일도이동 141-31,제주특별자치도 정보정책과,064-710-2352,33.5130894,126.5423907,2024-08-06,I,2026-05-15 18:45:29,2024-08-06 15:05:51
6510000,202465100000700181,청수리 농어촌체험마을,IP주 상단,제주특별자치도,제주시,관광,KT,Jeju Free Wifi,,제주특별자치도 제주시 한경면 대한로 1034,제주특별자치도 제주시 한경면 청수리 1570,제주특별자치도 정보정책과,064-710-2352,33.3176459,126.2473701,2024-08-06,I,2026-05-15 18:45:29,2024-08-06 15:05:41
6510000,202465100000701144,케이티앤지 (롯데마트방면),CCTV 폴에 정류장 방향 지향성 1개,제주특별자치도,제주시,교통시설,KT,Jeju Free Wifi,,제주특별자치도 제주시 연북로 42,제주특별자치도 제주시 노형동 725-4,제주특별자치도 정보정책과,064-710-2352,33.4816317,126.4858418,2024-08-06,I,2026-05-15 18:45:29,2024-08-06 15:05:50
6510000,202465100000700199,주흥항구,IP주 상부-남,제주특별자치도,제주시,관광,KT,Jeju Free Wifi,,제주특별자치도 제주시 우도면 주흥1길 19-4,제주특별자치도 제주시 우도면 연평리 969-1,제주특별자치도 정보정책과,064-710-2352,33.5162906,126.9494168,2024-08-06,I,2026-05-15 18:45:29,2024-08-06 15:05:42
6510000,202465100000700344,제주동문시장,애경상회 앞 아케이드 위,제주특별자치도,제주시,기타,KT,Jeju Free Wifi,,제주특별자치도 제주시 오현길 78-5,제주특별자치도 제주시 이도일동 1342-1,제주특별자치도 정보정책과,064-710-2352,33.5119714,126.5256304,2024-08-06,I,2026-05-15 18:45:29,2024-08-06 15:05:43
6510000,202465100000701668,1-11호어린이공원,CCTV pole 정자방향,제주특별자치도,제주시,편의시설,KT,Jeju Free Wifi,,제주특별자치도 제주시 원노형2길 33-6,제주특별자치도 제주시 노형동 921,제주특별자치도 정보정책과,064-710-2352,33.4829129,126.4822367,2024-08-06,I,2026-05-15 18:45:29,2024-08-06 15:05:55
6510000,202465100000701007,현사마을 (오광로입구방면),정류장천정,제주특별자치도,제주시,교통시설,KT,Jeju Free Wifi,,,제주특별자치도 제주시 이호일동 1927-5,제주특별자치도 정보정책과,064-710-2352,33.4946679,126.4508048,2024-08-06,I,2026-05-15 18:45:29,2024-08-06 15:05:49
6510000,202465100000701730,제주교육박물관,1층 홀,제주특별자치도,제주시,관공서,KT,Jeju Free Wifi,,제주특별자치도 제주시 오복4길 25,제주특별자치도 제주시 이도이동 539-14,제주특별자치도 정보정책과,064-710-2411,33.4943931500,126.5382962000,2024-08-06,I,2026-05-15 18:45:29,2024-08-06 15:05:56
6510000,202465100000700153,탑동 테마거리,탑동공연장 객석 옥탑,제주특별자치도,제주시,관광,KT,Jeju Free Wifi,,제주특별자치도 제주시 중앙로 2,제주특별자치도 제주시 삼도이동 1262,제주특별자치도 정보정책과,064-710-2352,33.5181634,126.5239646,2024-08-06,I,2026-05-15 18:45:29,2024-08-06 15:05:41
6510000,202465100000700413,절물자연휴양림,보안등 POLE대 남,제주특별자치도,제주시,관광,KT,Jeju Free Wifi,,제주특별자치도 제주시 명림로 584,제주특별자치도 제주시 봉개동 산78-1,제주특별자치도 정보정책과,064-710-2352,33.4313587,126.6225876,2024-08-06,I,2026-05-15 18:45:29,2024-08-06 15:05:43
6510000,202465100000701483,교래자연휴양림,CCTV POLE (야영지구 원두막 1인근),제주특별자치도,제주시,관광,KT,Jeju Free Wifi,,제주특별자치도 제주시 조천읍 남조로 2023,제주특별자치도 제주시 조천읍 교래리 산 95,제주특별자치도 정보정책과,064-710-2352,33.4463446,126.6605733,2024-08-06,I,2026-05-15 18:45:29,2024-08-06 15:05:54
6510000,202465100000701715,버스정류소_제주도청 신제주로터리,버스정보시스템내부,제주특별자치도,제주시,교통시설,KT,Jeju Free Wifi,,,제주특별자치도 제주시 연동 301,제주특별자치도 정보정책과,064-710-2396,33.4905734570,126.4966538302,2024-08-06,I,2026-05-15 18:45:29,2024-08-06 15:05:56
6510000,202465100000701745,한림체육관,관림석 남쪽벽,제주특별자치도,제주시,관공서,KT,Jeju Free Wifi,,제주특별자치도 제주시 한림읍 한림남길 12,제주특별자치도 제주시 한림읍 한림리 887-2,제주특별자치도 정보정책과,064-710-2426,33.4109020700,126.2689000000,2024-08-06,I,2026-05-15 18:45:29,2024-08-06 15:05:56
6510000,202465100000701276,하귀초등학교 (하귀2리방면),버스정류장 지붕위,제주특별자치도,제주시,교통시설,KT,Jeju Free Wifi,,제주특별자치도 제주시 애월읍 하귀로 33,제주특별자치도 제주시 애월읍 하귀2리 1874,제주특별자치도 정보정책과,064-710-2352,33.4803276,126.4006885,2024-08-06,I,2026-05-15 18:45:29,2024-08-06 15:05:52
6510000,202465100000700280,제주동문시장,5번 게이트 중앙,제주특별자치도,제주시,기타,KT,Jeju Free Wifi,,,제주특별자치도 제주시 일도일동 1478-17,제주특별자치도 정보정책과,064-710-2352,33.5130781,126.526957,2024-08-06,I,2026-05-15 18:45:29,2024-08-06 15:05:42
6510000,202465100000701673,만장굴-2,주차장 기사휴게실 지붕 동,제주특별자치도,제주시,관광,KT,Jeju Free Wifi,,제주특별자치도 제주시 구좌읍 만장굴길 182,제주특별자치도 제주시 구좌읍 월정리 산 41-15,제주특별자치도 정보정책과,064-710-2354,33.5283774190,126.7716157544,2024-08-06,I,2026-05-15 18:45:29,2024-08-06 15:05:56
6510000,202465100000700283,제주동문시장,1층 근고기세상 벽면 위,제주특별자치도,제주시,기타,KT,Jeju Free Wifi,,제주특별자치도 제주시 동문로4길 9,제주특별자치도 제주시 일도일동 1103,제주특별자치도 정보정책과,064-710-2352,33.5122093,126.5281986,2024-08-06,I,2026-05-15 18:45:29,2024-08-06 15:05:42
6510000,202465100000701390,동녁도서관,1층 로비,제주특별자치도,제주시,관공서,KT,Jeju Free Wifi,,제주특별자치도 제주시 구좌읍 일주동로 3132,제주특별자치도 제주시 구좌읍 세화리 1198-1,제주특별자치도 정보정책과,064-710-2352,33.5205626,126.8546386,2024-08-06,I,2026-05-15 18:45:29,2024-08-06 15:05:53
6510000,202465100000700665,에코촌 유스호스텔,1층 복도,제주특별자치도,제주시,관광,KT,Jeju Free Wifi,,제주특별자치도 제주시 조천읍 북흘로 376-9,제주특별자치도 제주시 조천읍 선흘리 2610,제주특별자치도 정보정책과,064-710-2352,33.516752,126.7040073,2024-08-06,I,2026-05-15 18:45:29,2024-08-06 15:05:46
6510000,202465100000701318,조천만세동산(종점) (조천환승정류장(조천우체국방면),정류장 처마 (올레코스 시작점),제주특별자치도,제주시,교통시설,KT,Jeju Free Wifi,,,제주특별자치도 제주시 조천읍 신촌리 1143-14,제주특별자치도 정보정책과,064-710-2352,33.5115106,126.6250966,2024-08-06,I,2026-05-15 18:45:29,2024-08-06 15:05:52
6510000,202465100000700144,탑동 테마거리,관리사무소 외벽에 지향 1개,제주특별자치도,제주시,관광,KT,Jeju Free Wifi,,제주특별자치도 제주시 중앙로 1,제주특별자치도 제주시 건입동 1444,제주특별자치도 정보정책과,064-710-2352,33.5181047,126.5266134,2024-08-06,I,2026-05-15 18:45:29,2024-08-06 15:05:41
6510000,202465100000700452,전기차충전소_한국교통방송제주본부,IP주 지향1개,제주특별자치도,제주시,교통시설,KT,Jeju Free Wifi,,제주특별자치도 제주시 기자길 101,제주특별자치도 제주시 아라이동 932-1,제주특별자치도 정보정책과,064-710-2352,33.4783687,126.5499763,2024-08-06,I,2026-05-15 18:45:29,2024-08-06 15:05:44
6510000,202465100000701731,이호테우해변,종합상황실 외벽 (방수함),제주특별자치도,제주시,관광,KT,Jeju Free Wifi,,제주특별자치도 제주시 테우해안로 172-17,제주특별자치도 제주시 이호일동 1665-1,제주특별자치도 정보정책과,064-710-2412,33.4967225100,126.4531180000,2024-08-06,I,2026-05-15 18:45:29,2024-08-06 15:05:56
6510000,202465100000700118,한담해변,KT IP주에서 정자 방향 지향 1개,제주특별자치도,제주시,관광,KT,Jeju Free Wifi,,,제주특별자치도 제주시 애월읍 애월리 2489-5,제주특별자치도 정보정책과,064-710-2352,33.462091,126.3104457,2024-08-06,I,2026-05-15 18:45:29,2024-08-06 15:05:41
6510000,202465100000700019,협재 해변(협재해수욕장),클린하우스,제주특별자치도,제주시,관광,KT,Jeju Free Wifi,,,제주특별자치도 제주시 한림읍 협재리 2450,제주특별자치도 정보정책과,064-710-2352,33.3935461,126.2384322,2024-08-06,I,2026-05-15 18:45:29,2024-08-06 15:05:40
6510000,202465100000700141,탑동 테마거리,CCTV폴에 설치,제주특별자치도,제주시,관광,KT,Jeju Free Wifi,,제주특별자치도 제주시 탑동해안로 46,제주특별자치도 제주시 삼도이동 1256,제주특별자치도 정보정책과,064-710-2352,33.5187276,126.5198757,2024-08-06,I,2026-05-15 18:45:29,2024-08-06 15:05:41
6510000,202465100000700364,제주돌문화공원,돌박물관 뮤지엄샾 옥상,제주특별자치도,제주시,관광,KT,Jeju Free Wifi,,제주특별자치도 제주시 조천읍 남조로 2023,제주특별자치도 제주시 조천읍 교래리 산 95,제주특별자치도 정보정책과,064-710-2352,33.4463446,126.6605733,2024-08-06,I,2026-05-15 18:45:29,2024-08-06 15:05:43
6510000,202465100000701341,대천환승정류장(제주방향) (거문오름입구방면),대천동버스정류장,제주특별자치도,제주시,교통시설,KT,Jeju Free Wifi,,제주특별자치도 제주시 구좌읍 번영로 2005,제주특별자치도 제주시 구좌읍 송당리 2602-1,제주특별자치도 정보정책과,064-710-2352,33.4364495,126.7357215,2024-08-06,I,2026-05-15 18:45:29,2024-08-06 15:05:52
6510000,202465100000701010,제주의료원 (산천단 한국폴리텍대학방면),정류장천정,제주특별자치도,제주시,교통시설,KT,Jeju Free Wifi,,,제주특별자치도 제주시 아라일동 378-1,제주특별자치도 정보정책과,064-710-2352,33.4455945,126.558319,2024-08-06,I,2026-05-15 18:45:29,2024-08-06 15:05:49
6510000,202465100000700945,근로복지공단 (한마음병원방면),인근 가로등설치(맞은편 방향),제주특별자치도,제주시,교통시설,KT,Jeju Free Wifi,,제주특별자치도 제주시 연신로 14,제주특별자치도 제주시 이도이동 417-3,제주특별자치도 정보정책과,064-710-2352,33.4994801,126.5442976,2024-08-06,I,2026-05-15 18:45:29,2024-08-06 15:05:48
6510000,202465100000701615,1-50호공원,CCTV pole,제주특별자치도,제주시,편의시설,KT,Jeju Free Wifi,,,제주특별자치도 제주시 노형동 1066-1,제주특별자치도 정보정책과,064-710-2352,33.4884751,126.4777928,2024-08-06,I,2026-05-15 18:45:29,2024-08-06 15:05:55
6510000,202465100000700830,북촌돌하르방공원,매표소외부 벽면(관람로),제주특별자치도,제주시,관광,KT,Jeju Free Wifi,,제주특별자치도 제주시 조천읍 북촌서1길 70,제주특별자치도 제주시 조천읍 북촌리 976,제주특별자치도 정보정책과,064-710-2352,33.5387971,126.6887024,2024-08-06,I,2026-05-15 18:45:29,2024-08-06 15:05:47
6510000,202465100000701439,낙천의자공원,입구 천정,제주특별자치도,제주시,편의시설,KT,Jeju Free Wifi,,제주특별자치도 제주시 한경면 낙수로 97,제주특별자치도 제주시 한경면 낙천리 1913,제주특별자치도 정보정책과,064-710-2352,33.3278924,126.2267601,2024-08-06,I,2026-05-15 18:45:29,2024-08-06 15:05:53
6510000,202465100000701355,바리메오름,"중계기-오름등산로,화장실방향",제주특별자치도,제주시,관광,KT,Jeju Free Wifi,,,제주특별자치도 제주시 애월읍 어음리 산21,제주특별자치도 정보정책과,064-710-2352,33.377681,126.3871177,2024-08-06,I,2026-05-15 18:45:29,2024-08-06 15:05:52
6510000,202465100000700244,제주의료원,23병동 2층 음압병동 천정,제주특별자치도,제주시,기타,KT,Jeju Free Wifi,,제주특별자치도 제주시 산천단남길 10,제주특별자치도 제주시 아라일동 4-17,제주특별자치도 정보정책과,064-710-2352,33.4457069,126.5594571,2024-08-06,I,2026-05-15 18:45:29,2024-08-06 15:05:42
6510000,202465100000700066,한림체육관,관림석 북쪽벽,제주특별자치도,제주시,지역문화시설,KT,Jeju Free Wifi,,제주특별자치도 제주시 한림읍 한림중앙로 71-9,제주특별자치도 제주시 한림읍 한림리 887-2,제주특별자치도 정보정책과,064-710-2352,33.4092593,126.2684929,2024-08-06,I,2026-05-15 18:45:29,2024-08-06 15:05:40
6510000,202465100000701523,21코스,종달해녀의집 앞 방범용CCTV 남동,제주특별자치도,제주시,관광,KT,Jeju Free Wifi,,제주특별자치도 제주시 구좌읍 해맞이해안로 2276,제주특별자치도 제주시 구좌읍 종달리 478-14,제주특별자치도 정보정책과,064-710-2352,33.4971228,126.9108639,2024-08-06,I,2026-05-15 18:45:29,2024-08-06 15:05:54
6510000,202465100000701265,남국원(광양방면) (제주여자중고등학교방면),주유소 앞 인도 제주도 통합분전함 옆 가로등,제주특별자치도,제주시,교통시설,KT,Jeju Free Wifi,,제주특별자치도 제주시 중앙로 487,제주특별자치도 제주시 아라이동 1582-1,제주특별자치도 정보정책과,064-710-2352,33.4797428,126.5441437,2024-08-06,I,2026-05-15 18:45:29,2024-08-06 15:05:52
6510000,202465100000701590,1-75호어린이공원,CCTV POLE,제주특별자치도,제주시,편의시설,KT,Jeju Free Wifi,,,제주특별자치도 제주시 외도일동 493-3,제주특별자치도 정보정책과,064-710-2352,33.4880655,126.4283704,2024-08-06,I,2026-05-15 18:45:29,2024-08-06 15:05:55
6510000,202465100000700149,탑동 테마거리,공원화장실 지붕 동,제주특별자치도,제주시,관광,KT,Jeju Free Wifi,,제주특별자치도 제주시 탑동해안로 46,제주특별자치도 제주시 삼도이동 1256,제주특별자치도 정보정책과,064-710-2352,33.5186412,126.5201893,2024-08-06,I,2026-05-15 18:45:29,2024-08-06 15:05:41
6510000,202465100000701069,제주교통방송 아라아이파크 (아라초등학교방면),정류장천정,제주특별자치도,제주시,교통시설,KT,Jeju Free Wifi,,제주특별자치도 제주시 아봉로 49,제주특별자치도 제주시 아라이동 914-1,제주특별자치도 정보정책과,064-710-2352,33.4781159,126.5491736,2024-08-06,I,2026-05-15 18:45:29,2024-08-06 15:05:49
6510000,202465100000701464,그리스신화박물관,매표소(주차장 포함),제주특별자치도,제주시,관광,KT,Jeju Free Wifi,,제주특별자치도 제주시 한림읍 광산로 942,제주특별자치도 제주시 한림읍 금악리 산 30-12,제주특별자치도 정보정책과,064-710-2352,33.3481081,126.3567366,2024-08-06,I,2026-05-15 18:45:29,2024-08-06 15:05:54
6510000,202465100000700056,한수풀도서관,B동 1층 로비,제주특별자치도,제주시,관공서,KT,Jeju Free Wifi,,제주특별자치도 제주시 한림읍 한림상로 240-11,제주특별자치도 제주시 한림읍 대림리 1877,제주특별자치도 정보정책과,064-710-2352,33.4202405,126.2685329,2024-08-06,I,2026-05-15 18:45:29,2024-08-06 15:05:40
6510000,202465100000700821,비자림,매표소 외벽 (방수함),제주특별자치도,제주시,관광,KT,Jeju Free Wifi,,,제주특별자치도 제주시 구좌읍 평대리 3161-2,제주특별자치도 정보정책과,064-710-2352,33.4917616,126.8102533,2024-08-06,I,2026-05-15 18:45:29,2024-08-06 15:05:47
6510000,202465100000701583,17코스,가로등 남쪽올레길방향,제주특별자치도,제주시,관광,KT,Jeju Free Wifi,,제주특별자치도 제주시 월대4길 17,제주특별자치도 제주시 외도이동 250-29,제주특별자치도 정보정책과,064-710-2352,33.4923948,126.4349311,2024-08-06,I,2026-05-15 18:45:29,2024-08-06 15:05:55
6510000,202465100000700742,선녀와나무꾼 테마공원,매표소 남,제주특별자치도,제주시,관광,KT,Jeju Free Wifi,,제주특별자치도 제주시 조천읍 선교로 267,제주특별자치도 제주시 조천읍 선흘리 1997,제주특별자치도 정보정책과,064-710-2352,33.4790147,126.7034721,2024-08-06,I,2026-05-15 18:45:29,2024-08-06 15:05:46
6510000,202465100000701457,금악오름,ip주 상부,제주특별자치도,제주시,관광,KT,Jeju Free Wifi,,,제주특별자치도 제주시 한림읍 금악리 1210,제주특별자치도 정보정책과,064-710-2352,33.3510196,126.3057198,2024-08-06,I,2026-05-15 18:45:29,2024-08-06 15:05:53
6510000,202465100000700501,전기차충전소_이도이동공영주차장,공영주차장 1층 벽면,제주특별자치도,제주시,교통시설,KT,Jeju Free Wifi,,제주특별자치도 제주시 오복3길 9,제주특별자치도 제주시 이도이동 1052-2,제주특별자치도 정보정책과,064-710-2352,33.4968003,126.5349375,2024-08-06,I,2026-05-15 18:45:29,2024-08-06 15:05:44
6510000,202465100000701133,대유대림아파트 (신천동방면),정류장 내부 지붕에 무지향 1개,제주특별자치도,제주시,교통시설,KT,Jeju Free Wifi,,제주특별자치도 제주시 남광로 181,제주특별자치도 제주시 일도이동 113-7,제주특별자치도 정보정책과,064-710-2352,33.5018959,126.5511876,2024-08-06,I,2026-05-15 18:45:29,2024-08-06 15:05:50
6510000,202465100000701257,거로 입구 (제주대학교교육대학방면),길건너 정류장 방향 지향 1개,제주특별자치도,제주시,교통시설,KT,Jeju Free Wifi,,제주특별자치도 제주시 일주동로 94,제주특별자치도 제주시 화북일동 4705-5,제주특별자치도 정보정책과,064-710-2352,33.5145854,126.5569711,2024-08-06,I,2026-05-15 18:45:29,2024-08-06 15:05:51
6510000,202465100000700730,세화어린이공원,CCTV POLE,제주특별자치도,제주시,편의시설,KT,Jeju Free Wifi,,,제주특별자치도 제주시 구좌읍 세화리 3645-1,제주특별자치도 정보정책과,064-710-2352,33.5259449,126.8545999,2024-08-06,I,2026-05-15 18:45:29,2024-08-06 15:05:46
6510000,202465100000700098,한라생태숲,관리시험연구동 지붕 남,제주특별자치도,제주시,관광,KT,Jeju Free Wifi,,제주특별자치도 제주시 516로 2596,제주특별자치도 제주시 용강동 산 14-1,제주특별자치도 정보정책과,064-710-2352,33.4282925,126.6047761,2024-08-06,I,2026-05-15 18:45:29,2024-08-06 15:05:41
6510000,202465100000700365,제주돌마을공원,수석박물관 외벽,제주특별자치도,제주시,관광,KT,Jeju Free Wifi,,제주특별자치도 제주시 한림읍 금능남로 41,제주특별자치도 제주시 한림읍 금능리 368-2,제주특별자치도 정보정책과,064-710-2352,33.3540029,126.2536136,2024-08-06,I,2026-05-15 18:45:29,2024-08-06 15:05:43
6510000,202465100000701238,도련1동 (도련반석스위트타운방면),길건너 정류장 방향 지향 1개,제주특별자치도,제주시,교통시설,KT,Jeju Free Wifi,,제주특별자치도 제주시 삼봉로 137,제주특별자치도 제주시 도련일동 1731-14,제주특별자치도 정보정책과,064-710-2352,33.5092067,126.5901764,2024-08-06,I,2026-05-15 18:45:29,2024-08-06 15:05:51
6510000,202465100000700418,절물자연휴양림,휴양관 동쪽 벽면,제주특별자치도,제주시,관광,KT,Jeju Free Wifi,,제주특별자치도 제주시 명림로 584,제주특별자치도 제주시 봉개동 산78-1,제주특별자치도 정보정책과,064-710-2352,33.4313587,126.6225876,2024-08-06,I,2026-05-15 18:45:29,2024-08-06 15:05:43
6510000,202465100000701122,제주대학교 (제대아파트방면),정류장 IP주에 맞은편 정류장으로 지향 1개,제주특별자치도,제주시,교통시설,KT,Jeju Free Wifi,,,제주특별자치도 제주시 아라이동 35-2,제주특별자치도 정보정책과,064-710-2352,33.4600302,126.5615436,2024-08-06,I,2026-05-15 18:45:29,2024-08-06 15:05:50
6510000,202465100000701208,외도부영 2차 아파트 (성지요양원방면),길건너 정류장 방향 지향 1개,제주특별자치도,제주시,교통시설,KT,Jeju Free Wifi,,제주특별자치도 제주시 우정로 91,제주특별자치도 제주시 외도일동 645-8,제주특별자치도 정보정책과,064-710-2352,33.4846666,126.4312184,2024-08-06,I,2026-05-15 18:45:29,2024-08-06 15:05:51
6510000,202465100000700004,힐링카약파크비체올린,매표소 벽면 북동,제주특별자치도,제주시,관광,KT,Jeju Free Wifi,,제주특별자치도 제주시 한경면 판조로 253-6,제주특별자치도 제주시 한경면 판포리 725-1,제주특별자치도 정보정책과,064-710-2352,33.3495733,126.2185004,2024-08-06,I,2026-05-15 18:45:29,2024-08-06 15:05:40
6510000,202465100000700228,제주의료원 부속 요양병원,신축동 1층 314호 앞 천정,제주특별자치도,제주시,기타,KT,Jeju Free Wifi,,제주특별자치도 제주시 산천단남길 10,제주특별자치도 제주시 아라일동 4-17,제주특별자치도 정보정책과,064-710-2352,33.4457069,126.5594571,2024-08-06,I,2026-05-15 18:45:29,2024-08-06 15:05:42
6510000,202465100000700978,구엄리 (중엄리방면),버스정류장 상부,제주특별자치도,제주시,교통시설,KT,Jeju Free Wifi,,,제주특별자치도 제주시 애월읍 구엄리 1080-7,제주특별자치도 정보정책과,064-710-2352,33.4746486,126.3764802,2024-08-06,I,2026-05-15 18:45:29,2024-08-06 15:05:49
6510000,202465100000700896,제주제일고등학교 (으뜸마을방면),공원내 화장실 앞 가로등,제주특별자치도,제주시,교통시설,KT,Jeju Free Wifi,,제주특별자치도 제주시 과원북2길 1,제주특별자치도 제주시 노형동 731-3,제주특별자치도 정보정책과,064-710-2352,33.4791714,126.482969,2024-08-06,I,2026-05-15 18:45:29,2024-08-06 15:05:48
6510000,202465100000700668,엉알해안,외벽,제주특별자치도,제주시,관광,KT,Jeju Free Wifi,,,제주특별자치도 제주시 한경면 고산리 3674-9,제주특별자치도 정보정책과,064-710-2352,33.2988495,126.1680547,2024-08-06,I,2026-05-15 18:45:29,2024-08-06 15:05:46
6510000,202465100000701537,1코스,중계기 - 올레길 정자방향 일대,제주특별자치도,제주시,관광,KT,Jeju Free Wifi,,,제주특별자치도 제주시 구좌읍 종달리 3275,제주특별자치도 정보정책과,064-710-2352,33.4879776,126.8812045,2024-08-06,I,2026-05-15 18:45:29,2024-08-06 15:05:54
6510000,202465100000700964,협재리 (옹포리방면),버스정류장 천장,제주특별자치도,제주시,교통시설,KT,Jeju Free Wifi,,제주특별자치도 제주시 한림읍 한림로 402,제주특별자치도 제주시 한림읍 협재리 1591-1,제주특별자치도 정보정책과,064-710-2352,33.3976934,126.2454529,2024-08-06,I,2026-05-15 18:45:29,2024-08-06 15:05:48
6510000,202465100000700303,제주동문시장,동문시장 상가 옆 CCTV Pole,제주특별자치도,제주시,기타,KT,Jeju Free Wifi,,제주특별자치도 제주시 동문로 16,제주특별자치도 제주시 일도일동 1148-2,제주특별자치도 정보정책과,064-710-2352,33.5127517,126.5283186,2024-08-06,I,2026-05-15 18:45:29,2024-08-06 15:05:42
6510000,202465100000701082,제주절물자연휴양림 (노루생태관찰원방면),정류장,제주특별자치도,제주시,교통시설,KT,Jeju Free Wifi,,,제주특별자치도 제주시 봉개동 산65-1,제주특별자치도 정보정책과,064-710-2352,33.4406932,126.6301831,2024-08-06,I,2026-05-15 18:45:29,2024-08-06 15:05:50
6510000,202465100000700767,새별오름,관광진흥과 외벽,제주특별자치도,제주시,관광,KT,Jeju Free Wifi,,,제주특별자치도 제주시 애월읍 봉성리 4554-14,제주특별자치도 정보정책과,064-710-2352,33.3631705,126.3585808,2024-08-06,I,2026-05-15 18:45:29,2024-08-06 15:05:47
6510000,202465100000700052,함덕 서우봉 해변,관광안내소(해변),제주특별자치도,제주시,관광,KT,Jeju Free Wifi,,,제주특별자치도 제주시 조천읍 함덕리 산14-1,제주특별자치도 정보정책과,064-710-2352,33.5431956,126.6699878,2024-08-06,I,2026-05-15 18:45:29,2024-08-06 15:05:40
6510000,202465100000700528,전기차충전소_성판악휴게소,전주 상단,제주특별자치도,제주시,교통시설,KT,Jeju Free Wifi,,,제주특별자치도 제주시 조천읍 교래리 산137-2,제주특별자치도 정보정책과,064-710-2352,33.3748558,126.5692015,2024-08-06,I,2026-05-15 18:45:29,2024-08-06 15:05:44
6510000,202465100000701517,42호공원,CCTV POLE,제주특별자치도,제주시,편의시설,KT,Jeju Free Wifi,,제주특별자치도 제주시 태성로3길 15,제주특별자치도 제주시 일도이동 87-12,제주특별자치도 정보정책과,064-710-2352,33.5000939,126.5466656,2024-08-06,I,2026-05-15 18:45:29,2024-08-06 15:05:54
6510000,202465100000700306,제주동문시장,동문공설시장 입구 제주시 종합안내센터 위(풍물로),제주특별자치도,제주시,기타,KT,Jeju Free Wifi,,제주특별자치도 제주시 동문로4길 7,제주특별자치도 제주시 일도일동 1142,제주특별자치도 정보정책과,064-710-2352,33.5124995,126.5283444,2024-08-06,I,2026-05-15 18:45:29,2024-08-06 15:05:42
6510000,202465100000701705,삼양동선사유적,실외전시관,제주특별자치도,제주시,관광,KT,Jeju Free Wifi,,제주특별자치도 제주시 선사로2길 13,제주특별자치도 제주시 삼양일동 1660-5,제주특별자치도 정보정책과,064-710-2386,33.5235045800,126.5879995000,2024-08-06,I,2026-05-15 18:45:29,2024-08-06 15:05:56
6510000,202465100000701572,18코스,닭모르 공중화장실,제주특별자치도,제주시,관광,KT,Jeju Free Wifi,,,제주특별자치도 제주시 조천읍 신촌리 3403,제주특별자치도 정보정책과,064-710-2352,33.5366221,126.6123937,2024-08-06,I,2026-05-15 18:45:29,2024-08-06 15:05:55
6510000,202465100000701027,일도2동주민센터 (인화동방면),정류장천정,제주특별자치도,제주시,교통시설,KT,Jeju Free Wifi,,,제주특별자치도 제주시 일도이동 432,제주특별자치도 정보정책과,064-710-2352,33.5098345,126.5393134,2024-08-06,I,2026-05-15 18:45:29,2024-08-06 15:05:49
6510000,202465100000701657,1-1호 어린이공원,CCTV pole,제주특별자치도,제주시,편의시설,KT,Jeju Free Wifi,,,제주특별자치도 제주시 삼도일동 785-1,제주특별자치도 정보정책과,064-710-2352,33.5060592,126.5190044,2024-08-06,I,2026-05-15 18:45:29,2024-08-06 15:05:55
6510000,202465100000700586,이도공원,CCTV폴에 지향1개,제주특별자치도,제주시,편의시설,KT,Jeju Free Wifi,,제주특별자치도 제주시 이도공원동길 6,제주특별자치도 제주시 이도이동 440,제주특별자치도 정보정책과,064-710-2352,33.4972515,126.544152,2024-08-06,I,2026-05-15 18:45:29,2024-08-06 15:05:45
6510000,202465100000700562,전기차충전소_고성2리 경로당,인입 ip주 상부,제주특별자치도,제주시,교통시설,KT,Jeju Free Wifi,,제주특별자치도 제주시 애월읍 고성남1길 1,제주특별자치도 제주시 애월읍 고성리 136-1,제주특별자치도 정보정책과,064-710-2352,33.4356274,126.4252518,2024-08-06,I,2026-05-15 18:45:29,2024-08-06 15:05:45
6510000,202465100000701166,대림2차아파트 (한라초등학교방면),길건너 정류장 방향 지향 1개,제주특별자치도,제주시,교통시설,KT,Jeju Free Wifi,,제주특별자치도 제주시 과원북2길 58,제주특별자치도 제주시 연동 1495-7,제주특별자치도 정보정책과,064-710-2352,33.4787155,126.4884531,2024-08-06,I,2026-05-15 18:45:29,2024-08-06 15:05:50
6510000,202465100000701699,제주4?3평화공원,1층 대강당,제주특별자치도,제주시,관광,KT,Jeju Free Wifi,,제주특별자치도 제주시 명림로 430,제주특별자치도 제주시 봉개동 237-2,제주특별자치도 정보정책과,064-710-2380,33.4498255894,126.6177476856,2024-08-06,I,2026-05-15 18:45:29,2024-08-06 15:05:56
6510000,202465100000700085,한림공원,쌍용각 옥상(관람로),제주특별자치도,제주시,관광,KT,Jeju Free Wifi,,제주특별자치도 제주시 한림읍 한림로 300,제주특별자치도 제주시 한림읍 협재리 2487,제주특별자치도 정보정책과,064-710-2352,33.3894246,126.2396008,2024-08-06,I,2026-05-15 18:45:29,2024-08-06 15:05:41
6510000,202465100000701546,19코스,IP주 서 정자방향,제주특별자치도,제주시,관광,KT,Jeju Free Wifi,,,제주특별자치도 제주시 조천읍 함덕리 3113-5,제주특별자치도 정보정책과,064-710-2352,33.5458097,126.6615817,2024-08-06,I,2026-05-15 18:45:29,2024-08-06 15:05:54
6510000,202465100000700718,쉼터마을 유수암리 농어촌체험마을,실내 체험관,제주특별자치도,제주시,관광,KT,Jeju Free Wifi,,제주특별자치도 제주시 애월읍 유수암로 16,제주특별자치도 제주시 애월읍 유수암리 1904-1,제주특별자치도 정보정책과,064-710-2352,33.4415582,126.4018843,2024-08-06,I,2026-05-15 18:45:29,2024-08-06 15:05:46
6510000,202465100000700719,수월봉,화장실 IP주,제주특별자치도,제주시,관광,KT,Jeju Free Wifi,,,제주특별자치도 제주시 한경면 고산리 3763,제주특별자치도 정보정책과,064-710-2352,33.2935967,126.1633767,2024-08-06,I,2026-05-15 18:45:29,2024-08-06 15:05:46
6510000,202465100000700448,전기차충전소_한림공원 인근 공영주차장,충전소 옆 가로등 상단,제주특별자치도,제주시,교통시설,KT,Jeju Free Wifi,,,제주특별자치도 제주시 한림읍 금능리 2018,제주특별자치도 정보정책과,064-710-2352,33.3908834,126.2375724,2024-08-06,I,2026-05-15 18:45:29,2024-08-06 15:05:44
6510000,202465100000701459,금산공원,공중화장실(남자) 남,제주특별자치도,제주시,편의시설,KT,Jeju Free Wifi,,,제주특별자치도 제주시 애월읍 납읍리 1457,제주특별자치도 정보정책과,064-710-2352,33.4337309,126.3312535,2024-08-06,I,2026-05-15 18:45:29,2024-08-06 15:05:53
6510000,202465100000700274,제주레일바이크,주차관리실 외벽,제주특별자치도,제주시,관광,KT,Jeju Free Wifi,,제주특별자치도 제주시 구좌읍 용눈이오름로 641,제주특별자치도 제주시 구좌읍 종달리 4639,제주특별자치도 정보정책과,064-710-2352,33.4644781,126.8367773,2024-08-06,I,2026-05-15 18:45:29,2024-08-06 15:05:42
6510000,202465100000700953,제주해변공연장 (라마다 프라자 제주호텔방면),버스정류소 천정,제주특별자치도,제주시,교통시설,KT,Jeju Free Wifi,,제주특별자치도 제주시 탑동로 66,제주특별자치도 제주시 삼도이동 1264,제주특별자치도 정보정책과,064-710-2352,33.51842,126.519784,2024-08-06,I,2026-05-15 18:45:29,2024-08-06 15:05:48
6510000,202465100000700128,하우목동항,하우목동항 매표소 옥상 - 남,제주특별자치도,제주시,교통시설,KT,Jeju Free Wifi,,제주특별자치도 제주시 우도면 우도해안길 353,제주특별자치도 제주시 우도면 연평리 2391-1,제주특별자치도 정보정책과,064-710-2352,33.5103862,126.9432025,2024-08-06,I,2026-05-15 18:45:29,2024-08-06 15:05:41
6510000,202465100000700662,에코촌 유스호스텔,옥상 서,제주특별자치도,제주시,관광,KT,Jeju Free Wifi,,제주특별자치도 제주시 조천읍 북흘로 376-9,제주특별자치도 제주시 조천읍 선흘리 2610,제주특별자치도 정보정책과,064-710-2352,33.516752,126.7040073,2024-08-06,I,2026-05-15 18:45:29,2024-08-06 15:05:46
6510000,202465100000701503,검멀레해수욕장,서측 KT 강관주 - 남,제주특별자치도,제주시,관광,KT,Jeju Free Wifi,,,제주특별자치도 제주시 우도면 연평리 318-1,제주특별자치도 정보정책과,064-710-2352,33.4982722,126.9671868,2024-08-06,I,2026-05-15 18:45:29,2024-08-06 15:05:54
6510000,202465100000701158,신사동 (함덕광명 샤인빌앞방면),정류장 지붕에 무지향 1개,제주특별자치도,제주시,교통시설,KT,Jeju Free Wifi,,제주특별자치도 제주시 조천읍 함와로 61,제주특별자치도 제주시 조천읍 함덕리 72-138,제주특별자치도 정보정책과,064-710-2352,33.5347223,126.676028,2024-08-06,I,2026-05-15 18:45:29,2024-08-06 15:05:50
6510000,202465100000701068,제주도립미술관입구 (노형교차로방면),정류장 천정,제주특별자치도,제주시,교통시설,KT,Jeju Free Wifi,,,제주특별자치도 제주시 연동 1227-2,제주특별자치도 정보정책과,064-710-2352,33.454863,126.4872215,2024-08-06,I,2026-05-15 18:45:29,2024-08-06 15:05:49
6510000,202465100000700082,한림읍사무소,1층 민원실 천장,제주특별자치도,제주시,관공서,KT,Jeju Free Wifi,,제주특별자치도 제주시 한림읍 한림상로 132,제주특별자치도 제주시 한림읍 한림리 919,제주특별자치도 정보정책과,064-710-2352,33.4103614,126.2673638,2024-08-06,I,2026-05-15 18:45:29,2024-08-06 15:05:41
6510000,202465100000700276,제주러브랜드,매표소서,제주특별자치도,제주시,관광,KT,Jeju Free Wifi,,제주특별자치도 제주시 1100로 2894-72,제주특별자치도 제주시 연동 680-26,제주특별자치도 정보정책과,064-710-2352,33.4516563,126.4896756,2024-08-06,I,2026-05-15 18:45:29,2024-08-06 15:05:42
6510000,202465100000701018,동성동 (김녕해수욕장방면),정류장천정,제주특별자치도,제주시,교통시설,KT,Jeju Free Wifi,,,제주특별자치도 제주시 구좌읍 김녕리 1145-2,제주특별자치도 정보정책과,064-710-2352,33.5556088,126.7547822,2024-08-06,I,2026-05-15 18:45:29,2024-08-06 15:05:49
6510000,202465100000700176,추자도 영흥리 광장,화장실처마밑 서쪽방향,제주특별자치도,제주시,관광,KT,Jeju Free Wifi,,제주특별자치도 제주시 추자면 추자로 107,제주특별자치도 제주시 추자면 영흥리 367-14,제주특별자치도 정보정책과,064-710-2352,33.9597894,126.2971313,2024-08-06,I,2026-05-15 18:45:29,2024-08-06 15:05:41
6510000,202465100000701440,꿈바당도서관,건물좌측 외벽,제주특별자치도,제주시,관공서,KT,Jeju Free Wifi,,제주특별자치도 제주시 연오로 140,제주특별자치도 제주시 연동 463,제주특별자치도 정보정책과,064-710-2352,33.4805926,126.4997387,2024-08-06,I,2026-05-15 18:45:29,2024-08-06 15:05:53
6510000,202465100000700068,한림중앙상가,2층 복도 상부,제주특별자치도,제주시,기타,KT,Jeju Free Wifi,,제주특별자치도 제주시 한림읍 한림북동길 7,제주특별자치도 제주시 한림읍 한림리 1346-9,제주특별자치도 정보정책과,064-710-2352,33.415544,126.2640466,2024-08-06,I,2026-05-15 18:45:29,2024-08-06 15:05:41
6510000,202465100000700593,월정리 해변,월정리해변 공중화장실 남동,제주특별자치도,제주시,관광,KT,Jeju Free Wifi,,,제주특별자치도 제주시 구좌읍 월정리 33-3,제주특별자치도 정보정책과,064-710-2352,33.5551135,126.7986385,2024-08-06,I,2026-05-15 18:45:29,2024-08-06 15:05:45
6510000,202465100000700454,전기차충전소_한경면사무소,면사무소 남쪽 부출입구 난간 동,제주특별자치도,제주시,교통시설,KT,Jeju Free Wifi,,제주특별자치도 제주시 한경면 두신로 84,제주특별자치도 제주시 한경면 신창리 247,제주특별자치도 정보정책과,064-710-2352,33.3501121,126.1841257,2024-08-06,I,2026-05-15 18:45:29,2024-08-06 15:05:44
6510000,202465100000701691,해녀박물관,2층 홀 북쭉 전망창 앞,제주특별자치도,제주시,관공서,KT,Jeju Free Wifi,,제주특별자치도 제주시 구좌읍 해녀박물관길 26,제주특별자치도 제주시 구좌읍 상도리 3204-1,제주특별자치도 정보정책과,064-710-2372,33.5236098769,126.8634255904,2024-08-06,I,2026-05-15 18:45:29,2024-08-06 15:05:56
6510000,202465100000700733,세화공원,CCTV POLE,제주특별자치도,제주시,편의시설,KT,Jeju Free Wifi,,제주특별자치도 제주시 구좌읍 해녀박물관길 26,제주특별자치도 제주시 구좌읍 상도리 471-32,제주특별자치도 정보정책과,064-710-2352,33.5215849,126.8638179,2024-08-06,I,2026-05-15 18:45:29,2024-08-06 15:05:46
6510000,202465100000701362,미리내 공원,구령대 오른쪽 기둥 상단,제주특별자치도,제주시,지역문화시설,KT,Jeju Free Wifi,,,제주특별자치도 제주시 노형동 1889,제주특별자치도 정보정책과,064-710-2352,33.4586802,126.4786687,2024-08-06,I,2026-05-15 18:45:29,2024-08-06 15:05:53
6510000,202465100000700436,"전쟁역사박물관 (구,평화박물관)",매표소 지붕,제주특별자치도,제주시,관광,KT,Jeju Free Wifi,,제주특별자치도 제주시 한경면 청수서5길 63,제주특별자치도 제주시 한경면 청수리 847,제주특별자치도 정보정책과,064-710-2352,33.3056729,126.2492524,2024-08-06,I,2026-05-15 18:45:29,2024-08-06 15:05:44
6510000,202465100000700492,전기차충전소_제주도 교육청,전기차충전소인근 IP주,제주특별자치도,제주시,교통시설,KT,Jeju Free Wifi,,제주특별자치도 제주시 문연로 5,제주특별자치도 제주시 연동 311-46,제주특별자치도 정보정책과,064-710-2352,33.4903808,126.4980204,2024-08-06,I,2026-05-15 18:45:29,2024-08-06 15:05:44
6510000,202465100000701442,김석린 진사 생가,전시실 외벽-동,제주특별자치도,제주시,관광,KT,Jeju Free Wifi,,제주특별자치도 제주시 우도면 영일진사길 76,제주특별자치도 제주시 우도면 연평리 501,제주특별자치도 정보정책과,064-710-2352,33.5023191,126.9594761,2024-08-06,I,2026-05-15 18:45:29,2024-08-06 15:05:53
6510000,202465100000700239,제주의료원,12병동 벽면,제주특별자치도,제주시,기타,KT,Jeju Free Wifi,,제주특별자치도 제주시 산천단남길 10,제주특별자치도 제주시 아라일동 4-17,제주특별자치도 정보정책과,064-710-2352,33.4457069,126.5594571,2024-08-06,I,2026-05-15 18:45:29,2024-08-06 15:05:42
6510000,202465100000700282,제주동문시장,1층 동해수산 벽면,제주특별자치도,제주시,기타,KT,Jeju Free Wifi,,제주특별자치도 제주시 동문로4길 9,제주특별자치도 제주시 일도일동 1103,제주특별자치도 정보정책과,064-710-2352,33.5122093,126.5281986,2024-08-06,I,2026-05-15 18:45:29,2024-08-06 15:05:42
6510000,202465100000700398,절물자연휴양림,매표소 천장,제주특별자치도,제주시,관광,KT,Jeju Free Wifi,,제주특별자치도 제주시 명림로 584,제주특별자치도 제주시 봉개동 산 78-1,제주특별자치도 정보정책과,064-710-2352,33.4313587,126.6225876,2024-08-06,I,2026-05-15 18:45:29,2024-08-06 15:05:43
6510000,202465100000701625,1-47호어린이공원,CCTV pole,제주특별자치도,제주시,편의시설,KT,Jeju Free Wifi,,,제주특별자치도 제주시 노형동 1031-1,제주특별자치도 정보정책과,064-710-2352,33.4922214,126.4752524,2024-08-06,I,2026-05-15 18:45:29,2024-08-06 15:05:55
6510000,202465100000701522,21코스,종달해녀의집 앞 방범용CCTV 남서,제주특별자치도,제주시,관광,KT,Jeju Free Wifi,,제주특별자치도 제주시 구좌읍 해맞이해안로 2276,제주특별자치도 제주시 구좌읍 종달리 478-14,제주특별자치도 정보정책과,064-710-2352,33.4971228,126.9108639,2024-08-06,I,2026-05-15 18:45:29,2024-08-06 15:05:54
6510000,202465100000701330,고산환승정류장(고산성당 앞) (고산우체국앞방면),고산1리고산성당앞버스정류장,제주특별자치도,제주시,교통시설,KT,Jeju Free Wifi,,제주특별자치도 제주시 한경면 고산로 4,제주특별자치도 제주시 한경면 고산리 2863-6,제주특별자치도 정보정책과,064-710-2352,33.3013763,126.1798759,2024-08-06,I,2026-05-15 18:45:29,2024-08-06 15:05:52
6510000,202465100000700899,원노형 (메종글래드 제주방면),버스정류장 지붕 위,제주특별자치도,제주시,교통시설,KT,Jeju Free Wifi,,,제주특별자치도 제주시 노형동 930-4,제주특별자치도 정보정책과,064-710-2352,33.4858597,126.4836056,2024-08-06,I,2026-05-15 18:45:29,2024-08-06 15:05:48
6510000,202465100000701009,한일베라체 (한마음병원방면),정류장천정,제주특별자치도,제주시,교통시설,KT,Jeju Free Wifi,,,제주특별자치도 제주시 이도이동 148-10,제주특별자치도 정보정책과,064-710-2352,33.494816,126.5486584,2024-08-06,I,2026-05-15 18:45:29,2024-08-06 15:05:49
6510000,202465100000701563,18코스,IP주 남쪽정자방향,제주특별자치도,제주시,관광,KT,Jeju Free Wifi,,제주특별자치도 제주시 벌랑길 73,제주특별자치도 제주시 삼양삼동 2603,제주특별자치도 정보정책과,064-710-2352,33.526897,126.5761106,2024-08-06,I,2026-05-15 18:45:29,2024-08-06 15:05:54
6510000,202465100000701676,13코스 #2-2,KT IP주(낙천의자공원 입구 제주당그늘 방향),제주특별자치도,제주시,관광,KT,Jeju Free Wifi,,제주특별자치도 제주시 한경면 낙수로 96,제주특별자치도 제주시 한경면 낙천리 1909-1,제주특별자치도 정보정책과,064-710-2357,33.3277191358,126.2256174433,2024-08-06,I,2026-05-15 18:45:29,2024-08-06 15:05:56
6510000,202465100000701545,19코스,CCTV Pole,제주특별자치도,제주시,관광,KT,Jeju Free Wifi,,제주특별자치도 제주시 조천읍 신흥로 42-1,제주특별자치도 제주시 조천읍 신흥리 109-1,제주특별자치도 정보정책과,064-710-2352,33.5472934,126.6520728,2024-08-06,I,2026-05-15 18:45:29,2024-08-06 15:05:54
6510000,202465100000700554,전기차충전소_김창열미술관,충전소 우측 가로등 중단,제주특별자치도,제주시,교통시설,KT,Jeju Free Wifi,,제주특별자치도 제주시 한림읍 용금로 883-5,제주특별자치도 제주시 한림읍 월림리 115-23,제주특별자치도 정보정책과,064-710-2352,33.3390679,126.2686697,2024-08-06,I,2026-05-15 18:45:29,2024-08-06 15:05:45
6510000,202465100000701076,제주삼양동유적 (삼양동주민센터방면),정류장천정,제주특별자치도,제주시,교통시설,KT,Jeju Free Wifi,,제주특별자치도 제주시 선사로 19,제주특별자치도 제주시 삼양이동 2124-4,제주특별자치도 정보정책과,064-710-2352,33.523001,126.586239,2024-08-06,I,2026-05-15 18:45:29,2024-08-06 15:05:50
6510000,202465100000701383,만장굴,주차장 기사휴게실 지붕 북,제주특별자치도,제주시,관광,KT,Jeju Free Wifi,,제주특별자치도 제주시 구좌읍 만장굴길 182,제주특별자치도 제주시 구좌읍 월정리 산 41-5,제주특별자치도 정보정책과,064-710-2352,33.5285116,126.7715122,2024-08-06,I,2026-05-15 18:45:29,2024-08-06 15:05:53
6510000,202465100000700504,전기차충전소_용담이동주민센터,전기 IP주 상단,제주특별자치도,제주시,교통시설,KT,Jeju Free Wifi,,제주특별자치도 제주시 흥운길 27,제주특별자치도 제주시 용담이동 358-32,제주특별자치도 정보정책과,064-710-2352,33.5114536,126.5117339,2024-08-06,I,2026-05-15 18:45:29,2024-08-06 15:05:44
6510000,202465100000701372,문화예술마을 저지리 농어촌체험마을,게이트볼장,제주특별자치도,제주시,관광,KT,Jeju Free Wifi,,제주특별자치도 제주시 한경면 중산간서로 3675,제주특별자치도 제주시 한경면 저지리 1863-1,제주특별자치도 정보정책과,064-710-2352,33.3327221,126.2558643,2024-08-06,I,2026-05-15 18:45:29,2024-08-06 15:05:53
6510000,202465100000701114,화북휴먼시아 (화북휴먼시아정문방면),전화부스 옆 가로등에 지향,제주특별자치도,제주시,교통시설,KT,Jeju Free Wifi,,제주특별자치도 제주시 화삼북로 7,제주특별자치도 제주시 화북일동 12-4,제주특별자치도 정보정책과,064-710-2352,33.5175494,126.5739066,2024-08-06,I,2026-05-15 18:45:29,2024-08-06 15:05:50
6510000,202465100000700449,전기차충전소_한라수목원,전기차 충전소 옆 벽면,제주특별자치도,제주시,교통시설,KT,Jeju Free Wifi,,,제주특별자치도 제주시 연동 998,제주특별자치도 정보정책과,064-710-2352,33.4699479,126.491058,2024-08-06,I,2026-05-15 18:45:29,2024-08-06 15:05:44
6510000,202465100000700305,제주동문시장,동문공설시장 입구 제주시 종합안내센터 위(풍물로),제주특별자치도,제주시,기타,KT,Jeju Free Wifi,,제주특별자치도 제주시 동문로4길 7,제주특별자치도 제주시 일도일동 1142,제주특별자치도 정보정책과,064-710-2352,33.5124995,126.5283444,2024-08-06,I,2026-05-15 18:45:29,2024-08-06 15:05:42
6510000,202465100000701364,문화의 거리,버스정류장 서,제주특별자치도,제주시,관광,KT,Jeju Free Wifi,,제주특별자치도 제주시 관덕로 16-1,제주특별자치도 제주시 삼도이동 956-1,제주특별자치도 정보정책과,064-710-2352,33.5128362,126.5210308,2024-08-06,I,2026-05-15 18:45:29,2024-08-06 15:05:53
6510000,202465100000700797,삼다공원,IP주,제주특별자치도,제주시,편의시설,KT,Jeju Free Wifi,,,제주특별자치도 제주시 연동 301-15,제주특별자치도 정보정책과,064-710-2352,33.49037,126.4971275,2024-08-06,I,2026-05-15 18:45:29,2024-08-06 15:05:47
6510000,202465100000700369,제주도청,1층,제주특별자치도,제주시,관공서,KT,Jeju Free Wifi,,제주특별자치도 제주시 문연로 30,제주특별자치도 제주시 연동 322-1,제주특별자치도 정보정책과,064-710-2352,33.4889049,126.5004669,2024-08-06,I,2026-05-15 18:45:29,2024-08-06 15:05:43
6510000,202465100000700117,한담해변,화장실 앞 가로등 - 남서,제주특별자치도,제주시,관광,KT,Jeju Free Wifi,,,제주특별자치도 제주시 애월읍 곽지리 1565-20,제주특별자치도 정보정책과,064-710-2352,33.4516957,126.3070983,2024-08-06,I,2026-05-15 18:45:29,2024-08-06 15:05:41
6510000,202465100000701225,성판악 (교래입구방면),가로등에 지향성 1개,제주특별자치도,제주시,교통시설,KT,Jeju Free Wifi,,제주특별자치도 제주시 조천읍 516로 1865,제주특별자치도 제주시 조천읍 교래리 산137-24,제주특별자치도 정보정책과,064-710-2352,33.3862614,126.6185812,2024-08-06,I,2026-05-15 18:45:29,2024-08-06 15:05:51
6510000,202465100000700952,제주해변공연장 (종합어시장방면),인근 가로등설치(맞은편 방향),제주특별자치도,제주시,교통시설,KT,Jeju Free Wifi,,제주특별자치도 제주시 탑동로 66,제주특별자치도 제주시 삼도이동 1264,제주특별자치도 정보정책과,064-710-2352,33.51842,126.519784,2024-08-06,I,2026-05-15 18:45:29,2024-08-06 15:05:48
6510000,202465100000701235,문예회관 (인화초등학교방면),길건너 정류장 방향 지향 1개,제주특별자치도,제주시,교통시설,KT,Jeju Free Wifi,,제주특별자치도 제주시 동광로 81,제주특별자치도 제주시 일도이동 362-26,제주특별자치도 정보정책과,064-710-2352,33.5046732,126.5366559,2024-08-06,I,2026-05-15 18:45:29,2024-08-06 15:05:51
6510000,202465100000700022,행원스마트쉘터,입구 첫 충전소 상부,제주특별자치도,제주시,교통시설,KT,Jeju Free Wifi,,,제주특별자치도 제주시 구좌읍,제주특별자치도 정보정책과,064-710-2352,33.5225223,126.8520615,2024-08-06,I,2026-05-15 18:45:29,2024-08-06 15:05:40
6510000,202465100000701665,1-14호어린이공원,클린하우스 pole,제주특별자치도,제주시,편의시설,KT,Jeju Free Wifi,,제주특별자치도 제주시 신산로9길 40-8,제주특별자치도 제주시 일도이동 318,제주특별자치도 정보정책과,064-710-2352,33.5099456,126.5372667,2024-08-06,I,2026-05-15 18:45:29,2024-08-06 15:05:55
6510000,202465100000700813,사라봉공원,배드민턴장 위 CCTV 폴대,제주특별자치도,제주시,편의시설,KT,Jeju Free Wifi,,제주특별자치도 제주시 사라봉동길 74,제주특별자치도 제주시 건입동 387-1,제주특별자치도 정보정책과,064-710-2352,33.5177178,126.5457466,2024-08-06,I,2026-05-15 18:45:29,2024-08-06 15:05:47
6510000,202465100000701672,하고수동해수욕장,화장실외벽 -북,제주특별자치도,제주시,관광,KT,Jeju Free Wifi,,제주특별자치도 제주시 우도면 우도해안길 807,제주특별자치도 제주시 우도면 연평리 1185-5,제주특별자치도 정보정책과,064-710-2353,33.5138529764,126.9573673860,2024-08-06,I,2026-05-15 18:45:29,2024-08-06 15:05:55
6510000,202465100000701047,명신마을 (연동입구방면),정류장,제주특별자치도,제주시,교통시설,KT,Jeju Free Wifi,,,제주특별자치도 제주시 용담이동 2775-2,제주특별자치도 정보정책과,064-710-2352,33.4995756,126.5031346,2024-08-06,I,2026-05-15 18:45:29,2024-08-06 15:05:49
6510000,202465100000701495,곽지과물해변,마을방범 CCTV 서,제주특별자치도,제주시,관광,KT,Jeju Free Wifi,,제주특별자치도 제주시 애월읍 곽지11길 27,제주특별자치도 제주시 애월읍 곽지리 1565,제주특별자치도 정보정책과,064-710-2352,33.4502677,126.3048568,2024-08-06,I,2026-05-15 18:45:29,2024-08-06 15:05:54
6510000,202465100000701065,신성마을 (신광사거리방면),정류장,제주특별자치도,제주시,교통시설,KT,Jeju Free Wifi,,제주특별자치도 제주시 일주서로 7888,제주특별자치도 제주시 연동 2307-1,제주특별자치도 정보정책과,064-710-2352,33.4935477,126.4893144,2024-08-06,I,2026-05-15 18:45:29,2024-08-06 15:05:49
6510000,202465100000700422,절물자연휴양림,47번 보안등 상단 지향,제주특별자치도,제주시,관광,KT,Jeju Free Wifi,,제주특별자치도 제주시 명림로 584,제주특별자치도 제주시 봉개동 산78-1,제주특별자치도 정보정책과,064-710-2352,33.4313587,126.6225876,2024-08-06,I,2026-05-15 18:45:29,2024-08-06 15:05:43
6510000,202465100000700604,우도해변공연장,KT전주 - 동남,제주특별자치도,제주시,관광,KT,Jeju Free Wifi,,제주특별자치도 제주시 우도면 우도해안길 936,제주특별자치도 제주시 우도면 연평리 66,제주특별자치도 정보정책과,064-710-2352,33.5115557,126.9653284,2024-08-06,I,2026-05-15 18:45:29,2024-08-06 15:05:45
6510000,202465100000701056,제주국제대학교 (양지(추모)공원방면),정류장천정,제주특별자치도,제주시,교통시설,KT,Jeju Free Wifi,,,제주특별자치도 제주시 영평동 산8-6,제주특별자치도 정보정책과,064-710-2352,33.4388426,126.5685177,2024-08-06,I,2026-05-15 18:45:29,2024-08-06 15:05:49
6510000,202465100000701091,신사수동 (몰래물방면),정류장천정,제주특별자치도,제주시,교통시설,KT,Jeju Free Wifi,,,제주특별자치도 제주시 도두이동 1667-12,제주특별자치도 정보정책과,064-710-2352,33.5087837,126.4775018,2024-08-06,I,2026-05-15 18:45:29,2024-08-06 15:05:50
6510000,202465100000700484,전기차충전소_제주도청,옥상 북 태양광 기둥,제주특별자치도,제주시,교통시설,KT,Jeju Free Wifi,,제주특별자치도 제주시 문연로 30,제주특별자치도 제주시 연동 322-1,제주특별자치도 정보정책과,064-710-2352,33.4889049,126.5004669,2024-08-06,I,2026-05-15 18:45:29,2024-08-06 15:05:44
6510000,202465100000700174,추자항 여객선대합실,대합실 천정,제주특별자치도,제주시,교통시설,KT,Jeju Free Wifi,,제주특별자치도 제주시 추자면 추자로 1,제주특별자치도 제주시 추자면 대서리 4-39,제주특별자치도 정보정책과,064-710-2352,33.962438,126.2976628,2024-08-06,I,2026-05-15 18:45:29,2024-08-06 15:05:41
6510000,202465100000701268,제주고등학교/중흥S클래스 (부영아파트방면),디오픈키친 앞 제주고등학교 버스정류장 지붕,제주특별자치도,제주시,교통시설,KT,Jeju Free Wifi,,제주특별자치도 제주시 1100로 3213-27,제주특별자치도 제주시 노형동 683-1,제주특별자치도 정보정책과,064-710-2352,33.4759801,126.4815185,2024-08-06,I,2026-05-15 18:45:29,2024-08-06 15:05:52
6510000,202465100000700510,전기차충전소_영평하동 마을회관,IP주 지향1개,제주특별자치도,제주시,교통시설,KT,Jeju Free Wifi,,제주특별자치도 제주시 영강길 142,제주특별자치도 제주시 영평동 893-3,제주특별자치도 정보정책과,064-710-2352,33.4862738,126.5739138,2024-08-06,I,2026-05-15 18:45:29,2024-08-06 15:05:44
6510000,202465100000701416,노형제2근린공원,CCTV폴에 지향 1개,제주특별자치도,제주시,편의시설,KT,Jeju Free Wifi,,제주특별자치도 제주시 월광로 116,제주특별자치도 제주시 노형동 2582-1,제주특별자치도 정보정책과,064-710-2352,33.4897383,126.4720142,2024-08-06,I,2026-05-15 18:45:29,2024-08-06 15:05:53
6510000,202465100000700094,한라생태숲,주차관리소 벽변 동,제주특별자치도,제주시,관광,KT,Jeju Free Wifi,,제주특별자치도 제주시 516로 2596,제주특별자치도 제주시 용강동 산 14-1,제주특별자치도 정보정책과,064-710-2352,33.4282925,126.6047761,2024-08-06,I,2026-05-15 18:45:29,2024-08-06 15:05:41
6510000,202465100000700159,탐라도서관,3층 청소년열람실 남동쪽 천장,제주특별자치도,제주시,관공서,KT,Jeju Free Wifi,,제주특별자치도 제주시 정원로 50,제주특별자치도 제주시 노형동 3812-1,제주특별자치도 정보정책과,064-710-2352,33.4791553,126.4772458,2024-08-06,I,2026-05-15 18:45:29,2024-08-06 15:05:41
6510000,202465100000700467,전기차충전소_조천도서관,건물외벽,제주특별자치도,제주시,교통시설,KT,Jeju Free Wifi,,제주특별자치도 제주시 조천읍 일주동로 1189,제주특별자치도 제주시 조천읍 함덕리 919,제주특별자치도 정보정책과,064-710-2352,33.5377065,126.6676172,2024-08-06,I,2026-05-15 18:45:29,2024-08-06 15:05:44
6510000,202465100000701613,1-53호어린이공원,CCTV pole 놀이틀방향,제주특별자치도,제주시,편의시설,KT,Jeju Free Wifi,,,제주특별자치도 제주시 도련이동 578-5,제주특별자치도 정보정책과,064-710-2352,33.5149467,126.5899111,2024-08-06,I,2026-05-15 18:45:29,2024-08-06 15:05:55
6510000,202465100000701624,1-48호어린이공원,CCTV pole,제주특별자치도,제주시,편의시설,KT,Jeju Free Wifi,,,제주특별자치도 제주시 노형동 1041-10,제주특별자치도 정보정책과,064-710-2352,33.4899335,126.4761533,2024-08-06,I,2026-05-15 18:45:29,2024-08-06 15:05:55
6510000,202465100000700927,삼화부영1차아파트 (삼화지구 3단지방면),인근 가로등설치(맞은편 방향),제주특별자치도,제주시,교통시설,KT,Jeju Free Wifi,,,제주특별자치도 제주시 도련이동 552,제주특별자치도 정보정책과,064-710-2352,33.5160737,126.5867499,2024-08-06,I,2026-05-15 18:45:29,2024-08-06 15:05:48
6510000,202465100000700293,제주동문시장,효순상회 옆 천장 위,제주특별자치도,제주시,기타,KT,Jeju Free Wifi,,제주특별자치도 제주시 동문로 16,제주특별자치도 제주시 일도일동 1148-2,제주특별자치도 정보정책과,064-710-2352,33.5127517,126.5283186,2024-08-06,I,2026-05-15 18:45:29,2024-08-06 15:05:42
6510000,202465100000700075,한림종합운동장,한림종합운동장 기둥 서,제주특별자치도,제주시,지역문화시설,KT,Jeju Free Wifi,,제주특별자치도 제주시 한림읍 한림중앙로 71-9,제주특별자치도 제주시 한림읍 한림리 887-2,제주특별자치도 정보정책과,064-710-2352,33.4092593,126.2684929,2024-08-06,I,2026-05-15 18:45:29,2024-08-06 15:05:41
6510000,202465100000700106,한라산국립공원_어리목,화장실(주차장) 지붕 북,제주특별자치도,제주시,편의시설,KT,Jeju Free Wifi,,제주특별자치도 제주시 1100로 2070-61,제주특별자치도 제주시 해안동 산 220-13,제주특별자치도 정보정책과,064-710-2352,33.3922369,126.4943907,2024-08-06,I,2026-05-15 18:45:29,2024-08-06 15:05:41
6510000,202465100000700425,절물자연휴양림,연못 옆 자판기 남서,제주특별자치도,제주시,관광,KT,Jeju Free Wifi,,제주특별자치도 제주시 명림로 584,제주특별자치도 제주시 봉개동 산 78-1,제주특별자치도 정보정책과,064-710-2352,33.4313587,126.6225876,2024-08-06,I,2026-05-15 18:45:29,2024-08-06 15:05:43
6510000,202465100000700219,제주종합경기장연정정구장,휴게실상부,제주특별자치도,제주시,지역문화시설,KT,Jeju Free Wifi,,제주특별자치도 제주시 서광로2길 24,제주특별자치도 제주시 오라일동 1165,제주특별자치도 정보정책과,064-710-2352,33.4961554,126.5156005,2024-08-06,I,2026-05-15 18:45:29,2024-08-06 15:05:42
6510000,202465100000701108,김녕리 (김녕환승정류장(김녕초등학교)방면),정류장천정,제주특별자치도,제주시,교통시설,KT,Jeju Free Wifi,,제주특별자치도 제주시 구좌읍 김녕로8길 2,제주특별자치도 제주시 구좌읍 김녕리 2245,제주특별자치도 정보정책과,064-710-2352,33.5540613,126.7479557,2024-08-06,I,2026-05-15 18:45:29,2024-08-06 15:05:50
6510000,202465100000701564,18코스,IP주 북쪽정자방향,제주특별자치도,제주시,관광,KT,Jeju Free Wifi,,제주특별자치도 제주시 벌랑길 73,제주특별자치도 제주시 삼양삼동 2603,제주특별자치도 정보정책과,064-710-2352,33.526897,126.5761106,2024-08-06,I,2026-05-15 18:45:29,2024-08-06 15:05:55
6510000,202465100000700362,제주돌문화공원,돌박물관 뮤지엄샾 옥상,제주특별자치도,제주시,관광,KT,Jeju Free Wifi,,제주특별자치도 제주시 조천읍 남조로 2023,제주특별자치도 제주시 조천읍 교래리 산 95,제주특별자치도 정보정책과,064-710-2352,33.4463446,126.6605733,2024-08-06,I,2026-05-15 18:45:29,2024-08-06 15:05:43
6510000,202465100000701051,새가름 (오름가름방면),정류장천정,제주특별자치도,제주시,교통시설,KT,Jeju Free Wifi,,,제주특별자치도 제주시 오라이동 3295-12,제주특별자치도 정보정책과,064-710-2352,33.473199,126.5041477,2024-08-06,I,2026-05-15 18:45:29,2024-08-06 15:05:49
6510000,202465100000701718,제주도립미술관,1층 홀,제주특별자치도,제주시,편의시설,KT,Jeju Free Wifi,,제주특별자치도 제주시 1100로 2894-78,제주특별자치도 제주시 연동 680-7,제주특별자치도 정보정책과,064-710-2399,33.4525500200,126.4896861000,2024-08-06,I,2026-05-15 18:45:29,2024-08-06 15:05:56
6510000,202465100000700948,메종글래드 제주 (원노형방면),인근 가로등설치(맞은편 방향),제주특별자치도,제주시,교통시설,KT,Jeju Free Wifi,,제주특별자치도 제주시 노연로 70,제주특별자치도 제주시 연동 253-1,제주특별자치도 정보정책과,064-710-2352,33.4857536,126.4874593,2024-08-06,I,2026-05-15 18:45:29,2024-08-06 15:05:48
6510000,202465100000701024,대섬입구 (신촌리방면),정류장천정,제주특별자치도,제주시,교통시설,KT,Jeju Free Wifi,,,제주특별자치도 제주시 조천읍 신촌리 529-17,제주특별자치도 정보정책과,064-710-2352,33.5358534,126.6259279,2024-08-06,I,2026-05-15 18:45:29,2024-08-06 15:05:49
6510000,202465100000700180,추자도 대서리 문화공연장,인근가로등 무대방향,제주특별자치도,제주시,지역문화시설,KT,Jeju Free Wifi,,,제주특별자치도 제주시 추자면 대서리 147-19,제주특별자치도 정보정책과,064-710-2352,33.962047,126.2948144,2024-08-06,I,2026-05-15 18:45:29,2024-08-06 15:05:41
6510000,202465100000700226,제주의료원 부속 요양병원,신축동 2층 안내데스크 천장,제주특별자치도,제주시,기타,KT,Jeju Free Wifi,,제주특별자치도 제주시 산천단남길 10,제주특별자치도 제주시 아라일동 4-17,제주특별자치도 정보정책과,064-710-2352,33.4457069,126.5594571,2024-08-06,I,2026-05-15 18:45:29,2024-08-06 15:05:42
6510000,202465100000701102,신산마을 (현사마을방면),정류장천정,제주특별자치도,제주시,교통시설,KT,Jeju Free Wifi,,,제주특별자치도 제주시 내도동 274-8,제주특별자치도 정보정책과,064-710-2352,33.4935564,126.4455629,2024-08-06,I,2026-05-15 18:45:29,2024-08-06 15:05:50
6510000,202465100000700759,서문가구거리,버스정류장 동,제주특별자치도,제주시,관광,KT,Jeju Free Wifi,,제주특별자치도 제주시 서문로 42,제주특별자치도 제주시 용담일동 288-3,제주특별자치도 정보정책과,064-710-2352,33.5106822,126.5158153,2024-08-06,I,2026-05-15 18:45:29,2024-08-06 15:05:46
6510000,202465100000700407,절물자연휴양림,보안등 69번 중단 지향,제주특별자치도,제주시,관광,KT,Jeju Free Wifi,,제주특별자치도 제주시 명림로 584,제주특별자치도 제주시 봉개동 산78-1,제주특별자치도 정보정책과,064-710-2352,33.4313587,126.6225876,2024-08-06,I,2026-05-15 18:45:29,2024-08-06 15:05:43
6510000,202465100000701379,만장굴,관리소 우측기둥 인근 천정,제주특별자치도,제주시,관광,KT,Jeju Free Wifi,,제주특별자치도 제주시 구좌읍 만장굴길 182,제주특별자치도 제주시 구좌읍 월정리 산41-27,제주특별자치도 정보정책과,064-710-2352,33.5277661,126.7708876,2024-08-06,I,2026-05-15 18:45:29,2024-08-06 15:05:53
6510000,202465100000701361,미리내 공원,구령대 오른쪽 뒤쪽기둥 상단,제주특별자치도,제주시,지역문화시설,KT,Jeju Free Wifi,,,제주특별자치도 제주시 노형동 1889,제주특별자치도 정보정책과,064-710-2352,33.4586802,126.4786687,2024-08-06,I,2026-05-15 18:45:29,2024-08-06 15:05:53
6510000,202465100000700001,힐링카약파크비체올린,매점 외벽,제주특별자치도,제주시,관광,KT,Jeju Free Wifi,,제주특별자치도 제주시 한경면 판조로 253-6,제주특별자치도 제주시 한경면 판포리 산8,제주특별자치도 정보정책과,064-710-2352,33.3495733,126.2185004,2024-08-06,I,2026-05-15 18:45:29,2024-08-06 15:05:40
6510000,202465100000701340,대천환승정류장(종점) (종점방면),대천동버스정류장,제주특별자치도,제주시,교통시설,KT,Jeju Free Wifi,,제주특별자치도 제주시 구좌읍 대천길 2-2,제주특별자치도 제주시 구좌읍 송당리 2576-1,제주특별자치도 정보정책과,064-710-2352,33.4366618,126.7370841,2024-08-06,I,2026-05-15 18:45:29,2024-08-06 15:05:52
6510000,202465100000700942,한일베라체 (이도수선화아파트방면),인근 가로등설치(맞은편 방향),제주특별자치도,제주시,교통시설,KT,Jeju Free Wifi,,,제주특별자치도 제주시 이도이동 150-1,제주특별자치도 정보정책과,064-710-2352,33.4947752,126.5482502,2024-08-06,I,2026-05-15 18:45:29,2024-08-06 15:05:48
6510000,202465100000700980,애월고등학교 (애월읍사무소방면),버스정류장 상부,제주특별자치도,제주시,교통시설,KT,Jeju Free Wifi,,,제주특별자치도 제주시 애월읍 고내리 830,제주특별자치도 정보정책과,064-710-2352,33.4626266,126.3347013,2024-08-06,I,2026-05-15 18:45:29,2024-08-06 15:05:49
6510000,202465100000701078,삼양1동 (삼양해수욕장입구방면),정류장천정,제주특별자치도,제주시,교통시설,KT,Jeju Free Wifi,,제주특별자치도 제주시 선사로8길 49,제주특별자치도 제주시 삼양일동 1581-29,제주특별자치도 정보정책과,064-710-2352,33.5276869,126.589995,2024-08-06,I,2026-05-15 18:45:29,2024-08-06 15:05:50
6510000,202465100000701283,제주관광대학 (평화로 광령1리입구방면),버스정류장 지붕위,제주특별자치도,제주시,교통시설,KT,Jeju Free Wifi,,,제주특별자치도 제주시 애월읍 광령리 894-3,제주특별자치도 정보정책과,064-710-2352,33.4469074,126.4367703,2024-08-06,I,2026-05-15 18:45:29,2024-08-06 15:05:52
6510000,202465100000700669,애월해안로,클린하우스 옆 KT CP주 북서,제주특별자치도,제주시,관광,KT,Jeju Free Wifi,,제주특별자치도 제주시 애월읍 구엄4길 45,제주특별자치도 제주시 애월읍 구엄리 611-1,제주특별자치도 정보정책과,064-710-2352,33.4836049,126.3774751,2024-08-06,I,2026-05-15 18:45:29,2024-08-06 15:05:46
6510000,202465100000701218,"신흥리(마을입구), 함덕고등학교 (충혼묘지방면)",길건너 정류장 방향 지향 1개,제주특별자치도,제주시,교통시설,KT,Jeju Free Wifi,,제주특별자치도 제주시 조천읍 신북로 410,제주특별자치도 제주시 조천읍 함덕리 3377-1,제주특별자치도 정보정책과,064-710-2352,33.5434019,126.654039,2024-08-06,I,2026-05-15 18:45:29,2024-08-06 15:05:51
6510000,202465100000701227,삼성초등학교 (광양방면),버스정류장 옆 POLE에 무지향 1개,제주특별자치도,제주시,교통시설,KT,Jeju Free Wifi,,제주특별자치도 제주시 중앙로 166,제주특별자치도 제주시 이도일동 1689-9,제주특별자치도 정보정책과,064-710-2352,33.5039641,126.526272,2024-08-06,I,2026-05-15 18:45:29,2024-08-06 15:05:51
6510000,202465100000700638,용두암,주차관리실 IP주에 지향 1개,제주특별자치도,제주시,관광,KT,Jeju Free Wifi,,제주특별자치도 제주시 용두암길 15,제주특별자치도 제주시 용담이동 483,제주특별자치도 정보정책과,064-710-2352,33.5150728,126.5120594,2024-08-06,I,2026-05-15 18:45:29,2024-08-06 15:05:45
6510000,202465100000700468,전기차충전소_조천119센터,건물 외벽,제주특별자치도,제주시,교통시설,KT,Jeju Free Wifi,,제주특별자치도 제주시 조천읍 신북로 337,제주특별자치도 제주시 조천읍 조천리 833-5,제주특별자치도 정보정책과,064-710-2352,33.541088,126.6468828,2024-08-06,I,2026-05-15 18:45:29,2024-08-06 15:05:44
6510000,202465100000701560,18코스,CCTV Pole 북쪽정자방향(남당모루쉼팡),제주특별자치도,제주시,관광,KT,Jeju Free Wifi,,,제주특별자치도 제주시 화북일동 4269-9,제주특별자치도 정보정책과,064-710-2352,33.5252909,126.5642853,2024-08-06,I,2026-05-15 18:45:29,2024-08-06 15:05:54
6510000,202465100000700189,지하상가,3&4 출구 홀 동쪽(지하상가),제주특별자치도,제주시,기타,KT,Jeju Free Wifi,,제주특별자치도 제주시 중앙로 지하 60,제주특별자치도 제주시 일도일동 1425-3,제주특별자치도 정보정책과,064-710-2352,33.5132764,126.5246826,2024-08-06,I,2026-05-15 18:45:29,2024-08-06 15:05:42
6510000,202465100000700081,한림읍사무소,1층 홀 건설팀 앞 복도 천장,제주특별자치도,제주시,관공서,KT,Jeju Free Wifi,,제주특별자치도 제주시 한림읍 한림상로 132,제주특별자치도 제주시 한림읍 한림리 919,제주특별자치도 정보정책과,064-710-2352,33.4103614,126.2673638,2024-08-06,I,2026-05-15 18:45:29,2024-08-06 15:05:41
6510000,202465100000700918,무수천 (해안동입구방면),인근 가로등설치(맞은편 방향),제주특별자치도,제주시,교통시설,KT,Jeju Free Wifi,,,제주특별자치도 제주시 해안동 2382-4,제주특별자치도 정보정책과,064-710-2352,33.4611408,126.4487878,2024-08-06,I,2026-05-15 18:45:29,2024-08-06 15:05:48
6510000,202465100000701332,함덕환승정류장(함덕해수욕장) (함덕리 3구방면),함덕서우봉해변버스정류장,제주특별자치도,제주시,교통시설,KT,Jeju Free Wifi,,제주특별자치도 제주시 조천읍 신북로 551,제주특별자치도 제주시 조천읍 함덕리 1002-6,제주특별자치도 정보정책과,064-710-2352,33.5412767,126.6684453,2024-08-06,I,2026-05-15 18:45:29,2024-08-06 15:05:52
6510000,202465100000700124,한경체육관,1층 중앙 홀,제주특별자치도,제주시,지역문화시설,KT,Jeju Free Wifi,,제주특별자치도 제주시 한경면 칠전로 41,제주특별자치도 제주시 한경면 고산리 1881-2,제주특별자치도 정보정책과,064-710-2352,33.3010963,126.1841546,2024-08-06,I,2026-05-15 18:45:29,2024-08-06 15:05:41
6510000,202465100000701215,아라주공아파트 (인다마을방면),정류장 인근 IP주에 무지향 1개,제주특별자치도,제주시,교통시설,KT,Jeju Free Wifi,,제주특별자치도 제주시 중앙로 560,제주특별자치도 제주시 아라일동 6092-7,제주특별자치도 정보정책과,064-710-2352,33.47368,126.5453209,2024-08-06,I,2026-05-15 18:45:29,2024-08-06 15:05:51
6510000,202465100000700650,옹포천_어울공원,여자 화장실 외벽 - 남,제주특별자치도,제주시,편의시설,KT,Jeju Free Wifi,,제주특별자치도 제주시 한림읍 월계로 30,제주특별자치도 제주시 한림읍 옹포리 17,제주특별자치도 정보정책과,064-710-2352,33.404064,126.2592983,2024-08-06,I,2026-05-15 18:45:29,2024-08-06 15:05:45
6510000,202465100000700725,수운근린공원,야외공연장 외벽 서쪽에 지향 1개,제주특별자치도,제주시,편의시설,KT,Jeju Free Wifi,,제주특별자치도 제주시 청귤로5길 6-9,제주특별자치도 제주시 이도이동 371,제주특별자치도 정보정책과,064-710-2352,33.5003181,126.539667,2024-08-06,I,2026-05-15 18:45:29,2024-08-06 15:05:46
6510000,202465100000700691,신창풍차해안도로,등대해안 도로방향 외벽,제주특별자치도,제주시,관광,KT,Jeju Free Wifi,,제주특별자치도 제주시 한경면 한경해안로 485,제주특별자치도 제주시 한경면 신창리 1481-21,제주특별자치도 정보정책과,064-710-2352,33.3430309,126.1721675,2024-08-06,I,2026-05-15 18:45:29,2024-08-06 15:05:46
6510000,202465100000701643,12코스,IP주 - 서쪽 노을해안로 올레길 방향,제주특별자치도,제주시,관광,KT,Jeju Free Wifi,,,제주특별자치도 제주시 한경면 고산리 3616-25,제주특별자치도 정보정책과,064-710-2352,33.3091547,126.1656596,2024-08-06,I,2026-05-15 18:45:29,2024-08-06 15:05:55
6510000,202465100000701640,1-31호어린이공원,CCTV pole,제주특별자치도,제주시,편의시설,KT,Jeju Free Wifi,,제주특별자치도 제주시 오복6길 22,제주특별자치도 제주시 이도이동 1073,제주특별자치도 정보정책과,064-710-2352,33.4956258,126.5377873,2024-08-06,I,2026-05-15 18:45:29,2024-08-06 15:05:55
6510000,202465100000700234,제주의료원,11병동 벽면,제주특별자치도,제주시,기타,KT,Jeju Free Wifi,,제주특별자치도 제주시 산천단남길 10,제주특별자치도 제주시 아라일동 4-17,제주특별자치도 정보정책과,064-710-2352,33.4457069,126.5594571,2024-08-06,I,2026-05-15 18:45:29,2024-08-06 15:05:42
6510000,202465100000701582,17코스,가로등 북쪽올레길방향,제주특별자치도,제주시,관광,KT,Jeju Free Wifi,,제주특별자치도 제주시 월대4길 17,제주특별자치도 제주시 외도이동 250-29,제주특별자치도 정보정책과,064-710-2352,33.4923948,126.4349311,2024-08-06,I,2026-05-15 18:45:29,2024-08-06 15:05:55
6510000,202465100000700119,한담해변,KT IP주,제주특별자치도,제주시,관광,KT,Jeju Free Wifi,,,제주특별자치도 제주시 애월읍 애월리 2489-5,제주특별자치도 정보정책과,064-710-2352,33.462091,126.3104457,2024-08-06,I,2026-05-15 18:45:29,2024-08-06 15:05:41
6510000,202465100000700863,제주영지학교 (아라방면),버스정류장 상부,제주특별자치도,제주시,교통시설,KT,Jeju Free Wifi,,,제주특별자치도 제주시 이도이동 1985-6,제주특별자치도 정보정책과,064-710-2352,33.4894348,126.542615,2024-08-06,I,2026-05-15 18:45:29,2024-08-06 15:05:47
6510000,202465100000700645,용담레포츠공원,화장실 지붕에 지향 1개,제주특별자치도,제주시,편의시설,KT,Jeju Free Wifi,,제주특별자치도 제주시 서해안로 580,제주특별자치도 제주시 용담삼동 1089,제주특별자치도 정보정책과,064-710-2352,33.5183192,126.4994213,2024-08-06,I,2026-05-15 18:45:29,2024-08-06 15:05:45
6510000,202465100000700607,우도폐기물처리시설,2층 휴게쉼터 천장,제주특별자치도,제주시,관공서,KT,Jeju Free Wifi,,제주특별자치도 제주시 우도면 우도해안길 402-16,제주특별자치도 제주시 우도면 연평리 2378,제주특별자치도 정보정책과,064-710-2352,33.5115477,126.9461913,2024-08-06,I,2026-05-15 18:45:29,2024-08-06 15:05:45
6510000,202465100000700391,제주4?3평화공원,2층 홀,제주특별자치도,제주시,관광,KT,Jeju Free Wifi,,제주특별자치도 제주시 명림로 430,제주특별자치도 제주시 봉개동 237-2,제주특별자치도 정보정책과,064-710-2352,33.4506669,126.6190021,2024-08-06,I,2026-05-15 18:45:29,2024-08-06 15:05:43
6510000,202465100000701221,신성여자중고등학교 (영평동방면),정류장 지붕에 무지향 1개,제주특별자치도,제주시,교통시설,KT,Jeju Free Wifi,,제주특별자치도 제주시 아봉로 164,제주특별자치도 제주시 영평동 2408-6,제주특별자치도 정보정책과,064-710-2352,33.4784541,126.5611746,2024-08-06,I,2026-05-15 18:45:29,2024-08-06 15:05:51
6510000,202465100000700670,애월해안로,클린하우스 옆 KT CP주 남서,제주특별자치도,제주시,관광,KT,Jeju Free Wifi,,제주특별자치도 제주시 애월읍 구엄4길 45,제주특별자치도 제주시 애월읍 구엄리 611-1,제주특별자치도 정보정책과,064-710-2352,33.4836049,126.3774751,2024-08-06,I,2026-05-15 18:45:29,2024-08-06 15:05:46
6510000,202465100000701245,노형초등학교 (정존마을방면),옆 정류장 방향 무지향 1개,제주특별자치도,제주시,교통시설,KT,Jeju Free Wifi,,제주특별자치도 제주시 노형로 375,제주특별자치도 제주시 노형동 2536-11,제주특별자치도 정보정책과,064-710-2352,33.4838248,126.4757331,2024-08-06,I,2026-05-15 18:45:29,2024-08-06 15:05:51
6510000,202465100000700581,이호테우해변,종합상황실 외벽 (방수함),제주특별자치도,제주시,관광,KT,Jeju Free Wifi,,제주특별자치도 제주시 테우해안로 172-13,제주특별자치도 제주시 이호일동 1665-1,제주특별자치도 정보정책과,064-710-2352,33.4967939,126.452833,2024-08-06,I,2026-05-15 18:45:29,2024-08-06 15:05:45
6510000,202465100000701343,김녕환승정류장(김녕초등학교) (동성동방면),김녕초등학교버스정류장,제주특별자치도,제주시,교통시설,KT,Jeju Free Wifi,,제주특별자치도 제주시 구좌읍 김녕로 124,제주특별자치도 제주시 구좌읍 김녕리 1691-2,제주특별자치도 정보정책과,064-710-2352,33.5546812,126.7513065,2024-08-06,I,2026-05-15 18:45:29,2024-08-06 15:05:52
6510000,202465100000701597,16코스,3사 중계기,제주특별자치도,제주시,관광,KT,Jeju Free Wifi,,제주특별자치도 제주시 애월읍 고성2길 70,제주특별자치도 제주시 애월읍 고성리 511-1,제주특별자치도 정보정책과,064-710-2352,33.4532417,126.4165874,2024-08-06,I,2026-05-15 18:45:29,2024-08-06 15:05:55
6510000,202465100000700788,삼성혈 문화의 거리,이도일동주민센터 옥상 남,제주특별자치도,제주시,관광,KT,Jeju Free Wifi,,제주특별자치도 제주시 중앙로23길 20,제주특별자치도 제주시 이도일동 1695-1,제주특별자치도 정보정책과,064-710-2352,33.5074048,126.5267518,2024-08-06,I,2026-05-15 18:45:29,2024-08-06 15:05:47
6510000,202465100000701328,신창환승정류장(한경면사무소) (신창중학교방면),한경면사무소버스정류장,제주특별자치도,제주시,교통시설,KT,Jeju Free Wifi,,제주특별자치도 제주시 한경면 두신로 85,제주특별자치도 제주시 한경면 두모리 2861-2,제주특별자치도 정보정책과,064-710-2352,33.3505781,126.1833211,2024-08-06,I,2026-05-15 18:45:29,2024-08-06 15:05:52
6510000,202465100000701266,남국원(아라방면) (아라초등학교방면),주유소 앞 인도 제주도 통합분전함 옆 가로등,제주특별자치도,제주시,교통시설,KT,Jeju Free Wifi,,제주특별자치도 제주시 중앙로 487,제주특별자치도 제주시 아라이동 1582-1,제주특별자치도 정보정책과,064-710-2352,33.4797428,126.5441437,2024-08-06,I,2026-05-15 18:45:29,2024-08-06 15:05:52
6510000,202465100000700809,사라봉공원,CCTV폴에 설치,제주특별자치도,제주시,편의시설,KT,Jeju Free Wifi,,제주특별자치도 제주시 사라봉길 75,제주특별자치도 제주시 건입동 387-4,제주특별자치도 정보정책과,064-710-2352,33.5165163,126.5470798,2024-08-06,I,2026-05-15 18:45:29,2024-08-06 15:05:47
6510000,202465100000701226,서문시장 (관덕정방면),정류장 지붕에 무지향 1개,제주특별자치도,제주시,교통시설,KT,Jeju Free Wifi,,제주특별자치도 제주시 서문로 70,제주특별자치도 제주시 용담일동 144-3,제주특별자치도 정보정책과,064-710-2352,33.5119579,126.5184519,2024-08-06,I,2026-05-15 18:45:29,2024-08-06 15:05:51
6510000,202465100000700829,비블리아성서식물원,입구 기둥-식물원방향 동,제주특별자치도,제주시,관광,KT,Jeju Free Wifi,,제주특별자치도 제주시 한림읍 조성로 17,제주특별자치도 제주시 한림읍 상명리 1191-5,제주특별자치도 정보정책과,064-710-2352,33.3560791,126.2750795,2024-08-06,I,2026-05-15 18:45:29,2024-08-06 15:05:47
6510000,202465100000701348,한림환승정류장(한림리) (한림천주교회방면),한림리버스정류장,제주특별자치도,제주시,교통시설,KT,Jeju Free Wifi,,제주특별자치도 제주시 한림읍 한림로 668,제주특별자치도 제주시 한림읍 한림리 1217-1,제주특별자치도 정보정책과,064-710-2352,33.4144405,126.264434,2024-08-06,I,2026-05-15 18:45:29,2024-08-06 15:05:52
6510000,202465100000700791,삼성혈,토산품점 동,제주특별자치도,제주시,관광,KT,Jeju Free Wifi,,제주특별자치도 제주시 삼성로 22,제주특별자치도 제주시 이도일동 1313,제주특별자치도 정보정책과,064-710-2352,33.5044171,126.5294928,2024-08-06,I,2026-05-15 18:45:29,2024-08-06 15:05:47
6510000,202465100000701689,비자림,매표소 외벽 (방수함),제주특별자치도,제주시,관광,KT,Jeju Free Wifi,,,제주특별자치도 제주시 구좌읍 평대리 3161-2,제주특별자치도 정보정책과,064-710-2370,33.4909923194,126.8107652921,2024-08-06,I,2026-05-15 18:45:29,2024-08-06 15:05:56
6510000,202465100000700639,용담해안 카페촌거리,IP주상단 해안도로 서쪽,제주특별자치도,제주시,관광,KT,Jeju Free Wifi,,제주특별자치도 제주시 서해안로 516,제주특별자치도 제주시 용담삼동 2292,제주특별자치도 정보정책과,064-710-2352,33.5197787,126.4941327,2024-08-06,I,2026-05-15 18:45:29,2024-08-06 15:05:45
6510000,202465100000701162,동산교 (오라오거리방면),정류장 지붕에 무지향 1개,제주특별자치도,제주시,교통시설,KT,Jeju Free Wifi,,제주특별자치도 제주시 서광로 131,제주특별자치도 제주시 용담이동 2637-15,제주특별자치도 정보정책과,064-710-2352,33.5004933,126.5104579,2024-08-06,I,2026-05-15 18:45:29,2024-08-06 15:05:50
6510000,202465100000701279,신촌초등학교 (신촌리방면),버스정류장 지붕위,제주특별자치도,제주시,교통시설,KT,Jeju Free Wifi,,제주특별자치도 제주시 조천읍 신북로 36,제주특별자치도 제주시 조천읍 신촌리 2586-1,제주특별자치도 정보정책과,064-710-2352,33.5321215,126.618688,2024-08-06,I,2026-05-15 18:45:29,2024-08-06 15:05:52
6510000,202465100000700575,인구보건복지협회 제주도지회 가족보건의원,2층 행정지원과 벽면,제주특별자치도,제주시,기타,KT,Jeju Free Wifi,,제주특별자치도 제주시 신대로13길 21,제주특별자치도 제주시 연동 312-49,제주특별자치도 정보정책과,064-710-2352,33.4878942,126.4989026,2024-08-06,I,2026-05-15 18:45:29,2024-08-06 15:05:45
6510000,202465100000700262,제주서문시장,서문공설시장 2층 공방형상가 천정(2층 상가),제주특별자치도,제주시,기타,KT,Jeju Free Wifi,,제주특별자치도 제주시 서문로4길 13-2,제주특별자치도 제주시 용담일동 135-9,제주특별자치도 정보정책과,064-710-2352,33.5113564,126.5179133,2024-08-06,I,2026-05-15 18:45:29,2024-08-06 15:05:42
6510000,202465100000701605,1-65호어린이공원,CCTV pole,제주특별자치도,제주시,편의시설,KT,Jeju Free Wifi,,제주특별자치도 제주시 1100로 3208,제주특별자치도 제주시 노형동 751-1,제주특별자치도 정보정책과,064-710-2352,33.4778392,126.4802058,2024-08-06,I,2026-05-15 18:45:29,2024-08-06 15:05:55
6510000,202465100000700286,제주동문시장,5번 게이트 입구,제주특별자치도,제주시,기타,KT,Jeju Free Wifi,,,제주특별자치도 제주시 일도일동 1478-17,제주특별자치도 정보정책과,064-710-2352,33.5130781,126.526957,2024-08-06,I,2026-05-15 18:45:29,2024-08-06 15:05:42
6510000,202465100000700042,항몽유적지,휴게소 실내,제주특별자치도,제주시,관광,KT,Jeju Free Wifi,,제주특별자치도 제주시 애월읍 항파두리로 50,제주특별자치도 제주시 애월읍 상귀리 1012,제주특별자치도 정보정책과,064-710-2352,33.4522313,126.4073887,2024-08-06,I,2026-05-15 18:45:29,2024-08-06 15:05:40
6510000,202465100000701400,도로교통공단 제주지부,1층 교육접수처 천정,제주특별자치도,제주시,관공서,KT,Jeju Free Wifi,,제주특별자치도 제주시 노형로 231,제주특별자치도 제주시 노형동 3220,제주특별자치도 정보정책과,064-710-2352,33.4751425,126.4647613,2024-08-06,I,2026-05-15 18:45:29,2024-08-06 15:05:53
6510000,202465100000700513,전기차충전소_어음1리사무소,인입 ip주 상부,제주특별자치도,제주시,교통시설,KT,Jeju Free Wifi,,제주특별자치도 제주시 애월읍 어림비로 203,제주특별자치도 제주시 애월읍 어음리 3627-1,제주특별자치도 정보정책과,064-710-2352,33.4163028,126.3325008,2024-08-06,I,2026-05-15 18:45:29,2024-08-06 15:05:44
6510000,202465100000700211,제주항연안여객터미널,특산물판매장 앞 천정,제주특별자치도,제주시,교통시설,KT,Jeju Free Wifi,,제주특별자치도 제주시 임항로 111,제주특별자치도 제주시 건입동 918-30,제주특별자치도 정보정책과,064-710-2352,33.5196275,126.5348972,2024-08-06,I,2026-05-15 18:45:29,2024-08-06 15:05:42
6510000,202465100000701089,도련2동 (제주자동차검사소방면),정류장천정,제주특별자치도,제주시,교통시설,KT,Jeju Free Wifi,,,제주특별자치도 제주시 도련이동 1821-7,제주특별자치도 정보정책과,064-710-2352,33.512737,126.5890429,2024-08-06,I,2026-05-15 18:45:29,2024-08-06 15:05:50
6510000,202465100000700558,전기차충전소_구좌읍 동복리(게이트볼장),IP주 지향1개,제주특별자치도,제주시,교통시설,KT,Jeju Free Wifi,,,제주특별자치도 제주시,제주특별자치도 정보정책과,064-710-2352,33.4995596,126.5311784,2024-08-06,I,2026-05-15 18:45:29,2024-08-06 15:05:45
6510000,202465100000700981,신엄리(자운당방면) [405001187],버스정류장 상부,제주특별자치도,제주시,교통시설,KT,Jeju Free Wifi,,,제주특별자치도 제주시 애월읍 신엄리 1305-6,제주특별자치도 정보정책과,064-710-2352,33.4717821,126.368272,2024-08-06,I,2026-05-15 18:45:29,2024-08-06 15:05:49
6510000,202465100000700545,전기차충전소_도두동주민센터,전기차충전소인근 IP주,제주특별자치도,제주시,교통시설,KT,Jeju Free Wifi,,제주특별자치도 제주시 도두1길 9-1,제주특별자치도 제주시 도두일동 1987-1,제주특별자치도 정보정책과,064-710-2352,33.5029262,126.4682096,2024-08-06,I,2026-05-15 18:45:29,2024-08-06 15:05:44
6510000,202465100000701596,16코스,3사 중계기,제주특별자치도,제주시,관광,KT,Jeju Free Wifi,,제주특별자치도 제주시 애월읍 고성2길 70,제주특별자치도 제주시 애월읍 고성리 511-1,제주특별자치도 정보정책과,064-710-2352,33.4532417,126.4165874,2024-08-06,I,2026-05-15 18:45:29,2024-08-06 15:05:55
6510000,202465100000700531,전기차충전소_서부농업기술센터,진입로방향 건물벽면,제주특별자치도,제주시,교통시설,KT,Jeju Free Wifi,,제주특별자치도 제주시 한림읍 월림7길 90,제주특별자치도 제주시 한림읍 금능리 350-4,제주특별자치도 정보정책과,064-710-2352,33.3536647,126.2481632,2024-08-06,I,2026-05-15 18:45:29,2024-08-06 15:05:44
6510000,202465100000700222,제주장미불빛축제,매표소(관광지 일부 포함),제주특별자치도,제주시,관광,KT,Jeju Free Wifi,,제주특별자치도 제주시 애월읍 평화로 2346,제주특별자치도 제주시 애월읍 유수암리 1083,제주특별자치도 정보정책과,064-710-2352,33.4225006,126.4089962,2024-08-06,I,2026-05-15 18:45:29,2024-08-06 15:05:42
6510000,202465100000701086,도평초등학교 (도평마을입구방면),정류장천정,제주특별자치도,제주시,교통시설,KT,Jeju Free Wifi,,제주특별자치도 제주시 우평로 193,제주특별자치도 제주시 도평동 1352-1,제주특별자치도 정보정책과,064-710-2352,33.4815306,126.4456379,2024-08-06,I,2026-05-15 18:45:29,2024-08-06 15:05:50
6510000,202465100000701594,1-6호어린이공원,CCTV pole 놀이틀방향,제주특별자치도,제주시,편의시설,KT,Jeju Free Wifi,,제주특별자치도 제주시 신대로16길 22,제주특별자치도 제주시 연동 293-6,제주특별자치도 정보정책과,064-710-2352,33.4870629,126.4942903,2024-08-06,I,2026-05-15 18:45:29,2024-08-06 15:05:55
6510000,202465100000701242,대기고등학교 (봉개초등학교방면),길건너 정류장 방향 지향 1개,제주특별자치도,제주시,교통시설,KT,Jeju Free Wifi,,제주특별자치도 제주시 삼봉로 352,제주특별자치도 제주시 봉개동 1812-15,제주특별자치도 정보정책과,064-710-2352,33.4918243,126.5933527,2024-08-06,I,2026-05-15 18:45:29,2024-08-06 15:05:51
6510000,202465100000700811,사라봉공원,CCTV폴에 설치(주차장),제주특별자치도,제주시,편의시설,KT,Jeju Free Wifi,,제주특별자치도 제주시 사라봉길 41,제주특별자치도 제주시 건입동 773,제주특별자치도 정보정책과,064-710-2352,33.5164561,126.5419575,2024-08-06,I,2026-05-15 18:45:29,2024-08-06 15:05:47
6510000,202465100000700421,절물자연휴양림,안내소 외벽 무지향,제주특별자치도,제주시,관광,KT,Jeju Free Wifi,,제주특별자치도 제주시 명림로 584,제주특별자치도 제주시 봉개동 산78-1,제주특별자치도 정보정책과,064-710-2352,33.4313587,126.6225876,2024-08-06,I,2026-05-15 18:45:29,2024-08-06 15:05:43
6510000,202465100000700516,전기차충전소_애월읍사무소,읍사무소 동쪽 옥상,제주특별자치도,제주시,교통시설,KT,Jeju Free Wifi,,제주특별자치도 제주시 애월읍 일주서로 6322,제주특별자치도 제주시 애월읍 애월리 240,제주특별자치도 정보정책과,064-710-2352,33.4619529,126.3295189,2024-08-06,I,2026-05-15 18:45:29,2024-08-06 15:05:44
6510000,202465100000701263,아르미아파트 (대기고등학교방면),반대편 버스정류장 옆 전주상단,제주특별자치도,제주시,교통시설,KT,Jeju Free Wifi,,,제주특별자치도 제주시 도련일동 1205-5,제주특별자치도 정보정책과,064-710-2352,33.4962911,126.5944965,2024-08-06,I,2026-05-15 18:45:29,2024-08-06 15:05:51
6510000,202465100000700919,무수천 (평화로 광령1리입구방면),버스정류소 천정,제주특별자치도,제주시,교통시설,KT,Jeju Free Wifi,,,제주특별자치도 제주시 해안동 2382-4,제주특별자치도 정보정책과,064-710-2352,33.4611408,126.4487878,2024-08-06,I,2026-05-15 18:45:29,2024-08-06 15:05:48
6510000,202465100000701485,교래자연휴양림,매표소 진입로 서,제주특별자치도,제주시,관광,KT,Jeju Free Wifi,,제주특별자치도 제주시 조천읍 남조로 2023,제주특별자치도 제주시 조천읍 교래리 산 95,제주특별자치도 정보정책과,064-710-2352,33.4463446,126.6605733,2024-08-06,I,2026-05-15 18:45:29,2024-08-06 15:05:54
6510000,202465100000700340,제주동문시장,6번 게이트 옆 IP주,제주특별자치도,제주시,기타,KT,Jeju Free Wifi,,제주특별자치도 제주시 오현길 88,제주특별자치도 제주시 이도일동 1349-51,제주특별자치도 정보정책과,064-710-2352,33.5125649,126.5255019,2024-08-06,I,2026-05-15 18:45:29,2024-08-06 15:05:43
6510000,202465100000701232,봉개동 (까사라벨로방면),길건너 정류장 방향 지향 1개,제주특별자치도,제주시,교통시설,KT,Jeju Free Wifi,,제주특별자치도 제주시 번영로 470,제주특별자치도 제주시 봉개동 1948,제주특별자치도 정보정책과,064-710-2352,33.4914595,126.5921858,2024-08-06,I,2026-05-15 18:45:29,2024-08-06 15:05:51
6510000,202465100000700361,제주돌하르방캠핑장,외벽 - 북,제주특별자치도,제주시,관광,KT,Jeju Free Wifi,,제주특별자치도 제주시 한경면 낙수로 271-40,제주특별자치도 제주시 한경면 청수리 2130,제주특별자치도 정보정책과,064-710-2352,33.3238765,126.2391482,2024-08-06,I,2026-05-15 18:45:29,2024-08-06 15:05:43
6510000,202465100000700844,옹포사거리 (한림여자중학교방면),버스정류장IP주,제주특별자치도,제주시,교통시설,KT,Jeju Free Wifi,,제주특별자치도 제주시 한림읍 한림상로 3,제주특별자치도 제주시 한림읍 옹포리 329-3,제주특별자치도 정보정책과,064-710-2352,33.4054614,126.2560887,2024-08-06,I,2026-05-15 18:45:29,2024-08-06 15:05:47
6510000,202465100000700541,전기차충전소_롯데리아 제주외도 DT,전기 IP주 상단,제주특별자치도,제주시,교통시설,KT,Jeju Free Wifi,,제주특별자치도 제주시 일주서로 7335,제주특별자치도 제주시 외도이동 343-9,제주특별자치도 정보정책과,064-710-2352,33.493243,126.4307086,2024-08-06,I,2026-05-15 18:45:29,2024-08-06 15:05:44
6510000,202465100000700046,함덕 서우봉 해변,클린하우스 옆 가로등 폴대,제주특별자치도,제주시,관광,KT,Jeju Free Wifi,,,제주특별자치도 제주시 조천읍 함덕리 1004-1,제주특별자치도 정보정책과,064-710-2352,33.5424009,126.6681912,2024-08-06,I,2026-05-15 18:45:29,2024-08-06 15:05:40
6510000,202465100000700967,사동복지회관 (초록마을방면),버스정류장 상부,제주특별자치도,제주시,교통시설,KT,Jeju Free Wifi,,,제주특별자치도 제주시 한림읍 귀덕리 3028-3,제주특별자치도 정보정책과,064-710-2352,33.4418976,126.2888248,2024-08-06,I,2026-05-15 18:45:29,2024-08-06 15:05:48
6510000,202465100000700261,제주서문시장,서문공설시장 2층 공방형상가 천정(2층 상가),제주특별자치도,제주시,기타,KT,Jeju Free Wifi,,제주특별자치도 제주시 서문로4길 13-2,제주특별자치도 제주시 용담일동 135-9,제주특별자치도 정보정책과,064-710-2352,33.5113564,126.5179133,2024-08-06,I,2026-05-15 18:45:29,2024-08-06 15:05:42
6510000,202465100000701723,용연공원,화장실 서쪽 외벽,제주특별자치도,제주시,편의시설,KT,Jeju Free Wifi,,,제주특별자치도 제주시 용담일동 351,제주특별자치도 정보정책과,064-710-2404,33.5128377207,126.5150053077,2024-08-06,I,2026-05-15 18:45:29,2024-08-06 15:05:56
6510000,202465100000700917,보로미마을 (소앵동 입구방면),버스정류소 상부,제주특별자치도,제주시,교통시설,KT,Jeju Free Wifi,,,제주특별자치도 제주시 애월읍 고성리 1450,제주특별자치도 정보정책과,064-710-2352,33.4656031,126.4096289,2024-08-06,I,2026-05-15 18:45:29,2024-08-06 15:05:48
6510000,202465100000700357,제주동문시장,봉다방 앞 주차관리실 CCTV Pole,제주특별자치도,제주시,기타,KT,Jeju Free Wifi,,제주특별자치도 제주시 중앙로13길 21,제주특별자치도 제주시 일도일동 1484-7,제주특별자치도 정보정책과,064-710-2352,33.5116067,126.5267989,2024-08-06,I,2026-05-15 18:45:29,2024-08-06 15:05:43
6510000,202465100000701369,문화예술의 거리,어린이 CCTV 동,제주특별자치도,제주시,관광,KT,Jeju Free Wifi,,제주특별자치도 제주시 관덕로6길 11,제주특별자치도 제주시 삼도이동 108-2,제주특별자치도 정보정책과,064-710-2352,33.512084,126.5222167,2024-08-06,I,2026-05-15 18:45:29,2024-08-06 15:05:53
6510000,202465100000700403,절물자연휴양림,보안등 57 중단 지향,제주특별자치도,제주시,관광,KT,Jeju Free Wifi,,제주특별자치도 제주시 명림로 584,제주특별자치도 제주시 봉개동 산78-1,제주특별자치도 정보정책과,064-710-2352,33.4313587,126.6225876,2024-08-06,I,2026-05-15 18:45:29,2024-08-06 15:05:43
6510000,202465100000700010,화조원,외벽 - 주차장,제주특별자치도,제주시,관광,KT,Jeju Free Wifi,,제주특별자치도 제주시 애월읍 애원로 804,제주특별자치도 제주시 애월읍 납읍리 58,제주특별자치도 정보정책과,064-710-2352,33.4110812,126.3717409,2024-08-06,I,2026-05-15 18:45:29,2024-08-06 15:05:40
6510000,202465100000700635,용연공원,어린이CCTV POLE 북동,제주특별자치도,제주시,편의시설,KT,Jeju Free Wifi,,,제주특별자치도 제주시 용담이동 454-2,제주특별자치도 정보정책과,064-710-2352,33.5150111,126.5136749,2024-08-06,I,2026-05-15 18:45:29,2024-08-06 15:05:45
6510000,202465100000700216,제주치매안심센터,1층 통신실 랙내,제주특별자치도,제주시,관공서,KT,Jeju Free Wifi,,제주특별자치도 제주시 연삼로 264,제주특별자치도 제주시 도남동 567-1,제주특별자치도 정보정책과,064-710-2352,33.4915324,126.5202955,2024-08-06,I,2026-05-15 18:45:29,2024-08-06 15:05:42
6510000,202465100000700031,해변공연장,전시실 천장,제주특별자치도,제주시,지역문화시설,KT,Jeju Free Wifi,,제주특별자치도 제주시 중앙로 2,제주특별자치도 제주시 삼도이동 1262,제주특별자치도 정보정책과,064-710-2352,33.5181634,126.5239646,2024-08-06,I,2026-05-15 18:45:29,2024-08-06 15:05:40
6510000,202465100000700736,세화 해변,남자화장실 북,제주특별자치도,제주시,관광,KT,Jeju Free Wifi,,제주특별자치도 제주시 구좌읍 해맞이해안로 1391,제주특별자치도 제주시 구좌읍 세화리 1500-66,제주특별자치도 정보정책과,064-710-2352,33.5277954,126.8567931,2024-08-06,I,2026-05-15 18:45:29,2024-08-06 15:05:46
6510000,202465100000700784,삼양검은모래해변,옥상 벽면(해변),제주특별자치도,제주시,관광,KT,Jeju Free Wifi,,,제주특별자치도 제주시 삼양일동 1960-4,제주특별자치도 정보정책과,064-710-2352,33.5247065,126.5958777,2024-08-06,I,2026-05-15 18:45:29,2024-08-06 15:05:47
6510000,202465100000701368,문화예술의 거리,어린이 CCTV 서,제주특별자치도,제주시,관광,KT,Jeju Free Wifi,,제주특별자치도 제주시 관덕로6길 11,제주특별자치도 제주시 삼도이동 108-2,제주특별자치도 정보정책과,064-710-2352,33.512084,126.5222167,2024-08-06,I,2026-05-15 18:45:29,2024-08-06 15:05:53
6510000,202465100000701743,한림체육관,회의실,제주특별자치도,제주시,관공서,KT,Jeju Free Wifi,,제주특별자치도 제주시 한림읍 한림남길 12,제주특별자치도 제주시 한림읍 한림리 887-2,제주특별자치도 정보정책과,064-710-2424,33.4109020700,126.2689000000,2024-08-06,I,2026-05-15 18:45:29,2024-08-06 15:05:56
6510000,202465100000700831,북촌돌하르방공원,매표소(매표소),제주특별자치도,제주시,관광,KT,Jeju Free Wifi,,제주특별자치도 제주시 조천읍 북촌서1길 70,제주특별자치도 제주시 조천읍 북촌리 976,제주특별자치도 정보정책과,064-710-2352,33.5387971,126.6887024,2024-08-06,I,2026-05-15 18:45:29,2024-08-06 15:05:47
6510000,202465100000701654,121호공원,CCTV POLE,제주특별자치도,제주시,편의시설,KT,Jeju Free Wifi,,제주특별자치도 제주시 인다14길 12-7,제주특별자치도 제주시 아라일동 6141-9,제주특별자치도 정보정책과,064-710-2352,33.4708685,126.5469708,2024-08-06,I,2026-05-15 18:45:29,2024-08-06 15:05:55
6510000,202465100000701185,중앙로(중앙성당) (시민회관방면),가로등에 지향성 1개,제주특별자치도,제주시,교통시설,KT,Jeju Free Wifi,,제주특별자치도 제주시 중앙로 72,제주특별자치도 제주시 이도일동 1404-2,제주특별자치도 정보정책과,064-710-2352,33.5118121,126.5243631,2024-08-06,I,2026-05-15 18:45:29,2024-08-06 15:05:51
6510000,202465100000700903,해안 (해안동입구방면),버스정류장 입구 내부 상단,제주특별자치도,제주시,교통시설,KT,Jeju Free Wifi,,,제주특별자치도 제주시 해안동 2077-10,제주특별자치도 정보정책과,064-710-2352,33.4593619,126.4543373,2024-08-06,I,2026-05-15 18:45:29,2024-08-06 15:05:48
6510000,202465100000701574,18코스,삼양해수욕장 동쪽 공중화장실 북동,제주특별자치도,제주시,관광,KT,Jeju Free Wifi,,제주특별자치도 제주시 서흘1길 32,제주특별자치도 제주시 삼양일동 1780,제주특별자치도 정보정책과,064-710-2352,33.5291778,126.5894864,2024-08-06,I,2026-05-15 18:45:29,2024-08-06 15:05:55
6510000,202465100000700711,시민복지타운근린공원,CCTV Pole 동쪽으로 지향 1개,제주특별자치도,제주시,편의시설,KT,Jeju Free Wifi,,제주특별자치도 제주시 복지로9길 25,제주특별자치도 제주시 도남동 749,제주특별자치도 정보정책과,064-710-2352,33.4894279,126.5260233,2024-08-06,I,2026-05-15 18:45:29,2024-08-06 15:05:46
6510000,202465100000700311,제주동문시장,10번 게이트 옆 고객 쉼터 위,제주특별자치도,제주시,기타,KT,Jeju Free Wifi,,,제주특별자치도 제주시 일도일동 1104-9,제주특별자치도 정보정책과,064-710-2352,33.5117416,126.5282927,2024-08-06,I,2026-05-15 18:45:29,2024-08-06 15:05:43
6510000,202465100000701732,이호테우해변,종합상황실 외벽 -북동,제주특별자치도,제주시,관광,KT,Jeju Free Wifi,,제주특별자치도 제주시 테우해안로 172-17,제주특별자치도 제주시 이호일동 1665-1,제주특별자치도 정보정책과,064-710-2413,33.4967225100,126.4531180000,2024-08-06,I,2026-05-15 18:45:29,2024-08-06 15:05:56
6510000,202465100000701631,13코스,13코스 시작점 공중화장실 용수포구 방향,제주특별자치도,제주시,관광,KT,Jeju Free Wifi,,,제주특별자치도 제주시 한경면 용수리 4240-2,제주특별자치도 정보정책과,064-710-2352,33.3239267,126.1659944,2024-08-06,I,2026-05-15 18:45:29,2024-08-06 15:05:55
6510000,202465100000700235,제주의료원,11병동 벽면,제주특별자치도,제주시,기타,KT,Jeju Free Wifi,,제주특별자치도 제주시 산천단남길 10,제주특별자치도 제주시 아라일동 4-17,제주특별자치도 정보정책과,064-710-2352,33.4457069,126.5594571,2024-08-06,I,2026-05-15 18:45:29,2024-08-06 15:05:42
6510000,202465100000701277,하귀초등학교 (하귀우체국방면),버스정류장 지붕위,제주특별자치도,제주시,교통시설,KT,Jeju Free Wifi,,제주특별자치도 제주시 애월읍 하귀로 48,제주특별자치도 제주시 애월읍 하귀2리 1886-4,제주특별자치도 정보정책과,064-710-2352,33.4801597,126.4023484,2024-08-06,I,2026-05-15 18:45:29,2024-08-06 15:05:52
6510000,202465100000701157,연동대림1차아파트 (케이티앤지방면),정류장 지붕에 무지향 1개,제주특별자치도,제주시,교통시설,KT,Jeju Free Wifi,,제주특별자치도 제주시 국기로1길 2,제주특별자치도 제주시 연동 1482,제주특별자치도 정보정책과,064-710-2352,33.4807182,126.4900321,2024-08-06,I,2026-05-15 18:45:29,2024-08-06 15:05:50
6510000,202465100000701620,14코스,IP주 - 남 올레길,제주특별자치도,제주시,관광,KT,Jeju Free Wifi,,제주특별자치도 제주시 한림읍 월령안길 27,제주특별자치도 제주시 한림읍 월령리 376-1,제주특별자치도 정보정책과,064-710-2352,33.376316,126.2143341,2024-08-06,I,2026-05-15 18:45:29,2024-08-06 15:05:55
6510000,202465100000701275,용담일동주민센터 (용문사거리방면),버스정류장 지붕위,제주특별자치도,제주시,교통시설,KT,Jeju Free Wifi,,제주특별자치도 제주시 서문로 17,제주특별자치도 제주시 용담일동 305-6,제주특별자치도 정보정책과,064-710-2352,33.5100662,126.5133182,2024-08-06,I,2026-05-15 18:45:29,2024-08-06 15:05:52
6510000,202465100000700571,자치경찰단,1층민원실상부,제주특별자치도,제주시,관공서,KT,Jeju Free Wifi,,제주특별자치도 제주시 기자길 7,제주특별자치도 제주시 아라이동 1371-2,제주특별자치도 정보정책과,064-710-2352,33.4850086,126.5441955,2024-08-06,I,2026-05-15 18:45:29,2024-08-06 15:05:45
6510000,202465100000700100,한라생태숲,관리시험연구동 내부,제주특별자치도,제주시,관광,KT,Jeju Free Wifi,,제주특별자치도 제주시 516로 2596,제주특별자치도 제주시 용강동 산 14-1,제주특별자치도 정보정책과,064-710-2352,33.4282925,126.6047761,2024-08-06,I,2026-05-15 18:45:29,2024-08-06 15:05:41
6510000,202465100000700109,한라산국립공원_어리목,탐방안내소 2층 전시관(전시관),제주특별자치도,제주시,편의시설,KT,Jeju Free Wifi,,제주특별자치도 제주시 1100로 2070-61,제주특별자치도 제주시 해안동 산220-13,제주특별자치도 정보정책과,064-710-2352,33.3922369,126.4943907,2024-08-06,I,2026-05-15 18:45:29,2024-08-06 15:05:41
6510000,202465100000700255,제주센트럴파크,매표소 서,제주특별자치도,제주시,관광,KT,Jeju Free Wifi,,제주특별자치도 제주시 조천읍 비자림로 606,제주특별자치도 제주시 조천읍 교래리 산 56-4,제주특별자치도 정보정책과,064-710-2352,33.4337851,126.6748209,2024-08-06,I,2026-05-15 18:45:29,2024-08-06 15:05:42
6510000,202465100000700087,한라수목원,구 사무동 뒷벽,제주특별자치도,제주시,관광,KT,Jeju Free Wifi,,,제주특별자치도 제주시 연동 2484,제주특별자치도 정보정책과,064-710-2352,33.4699298,126.4932743,2024-08-06,I,2026-05-15 18:45:29,2024-08-06 15:05:41
6510000,202465100000700853,평화로광령1리입구 (무수천방면),버스정류장상부,제주특별자치도,제주시,교통시설,KT,Jeju Free Wifi,,,제주특별자치도 제주시 애월읍 광령리 108-4,제주특별자치도 정보정책과,064-710-2352,33.4556917,126.4427434,2024-08-06,I,2026-05-15 18:45:29,2024-08-06 15:05:47
6510000,202465100000700666,에코랜드테마파크,메인역(매표소 주차장),제주특별자치도,제주시,관광,KT,Jeju Free Wifi,,제주특별자치도 제주시 조천읍 번영로 1278-169,제주특별자치도 제주시 조천읍 대흘리 1221-1,제주특별자치도 정보정책과,064-710-2352,33.4614885,126.670355,2024-08-06,I,2026-05-15 18:45:29,2024-08-06 15:05:46
6510000,202465100000701251,삼무공원사거리/롯데시티호텔 (삼무공원방면),클린하우스 pole에 지향성 1개,제주특별자치도,제주시,교통시설,KT,Jeju Free Wifi,,제주특별자치도 제주시 삼무로 19,제주특별자치도 제주시 연동 260-41,제주특별자치도 정보정책과,064-710-2352,33.4901339,126.4888357,2024-08-06,I,2026-05-15 18:45:29,2024-08-06 15:05:51
6510000,202465100000700548,전기차충전소_농업기술원(농산물원종장 홍보관),외벽,제주특별자치도,제주시,교통시설,KT,Jeju Free Wifi,,제주특별자치도 제주시 애월읍 월각로 563-20,제주특별자치도 제주시 애월읍 봉성리 951-7,제주특별자치도 정보정책과,064-710-2352,33.3755363,126.3285943,2024-08-06,I,2026-05-15 18:45:29,2024-08-06 15:05:45
6510000,202465100000701375,문주란 자생지,가운데 건물 앞 벽면 위,제주특별자치도,제주시,관광,KT,Jeju Free Wifi,,제주특별자치도 제주시 구좌읍 해맞이해안로 1845,제주특별자치도 제주시 구좌읍 하도리 385-6,제주특별자치도 정보정책과,064-710-2352,33.5232241,126.8975546,2024-08-06,I,2026-05-15 18:45:29,2024-08-06 15:05:53
6510000,202465100000700316,제주동문시장,한라수산 아케이드 위,제주특별자치도,제주시,기타,KT,Jeju Free Wifi,,제주특별자치도 제주시 동문로2길 11,제주특별자치도 제주시 일도일동 1481-3,제주특별자치도 정보정책과,064-710-2352,33.5121655,126.5267895,2024-08-06,I,2026-05-15 18:45:29,2024-08-06 15:05:43
6510000,202465100000700145,탑동 테마거리,재난CCTV 남서,제주특별자치도,제주시,관광,KT,Jeju Free Wifi,,제주특별자치도 제주시 동한두기길 25,제주특별자치도 제주시 용담일동 423,제주특별자치도 정보정책과,064-710-2352,33.5170185,126.5156748,2024-08-06,I,2026-05-15 18:45:29,2024-08-06 15:05:41
6510000,202465100000700781,삼양동선사유적,실외전시관 외벽(방수함),제주특별자치도,제주시,관광,KT,Jeju Free Wifi,,제주특별자치도 제주시 선사로2길 13,제주특별자치도 제주시 삼양일동 1660-4,제주특별자치도 정보정책과,064-710-2352,33.5235264,126.5880388,2024-08-06,I,2026-05-15 18:45:29,2024-08-06 15:05:47
6510000,202465100000700224,제주의료원 부속 요양병원,신축동 1층 314호 앞 천정,제주특별자치도,제주시,기타,KT,Jeju Free Wifi,,제주특별자치도 제주시 산천단남길 10,제주특별자치도 제주시 아라일동 4-17,제주특별자치도 정보정책과,064-710-2352,33.4457069,126.5594571,2024-08-06,I,2026-05-15 18:45:29,2024-08-06 15:05:42
6510000,202465100000700991,연대마을 (연대마을방면),버스정류장 천정,제주특별자치도,제주시,교통시설,KT,Jeju Free Wifi,,,제주특별자치도 제주시 외도이동 1925-9,제주특별자치도 정보정책과,064-710-2352,33.4928646,126.4285957,2024-08-06,I,2026-05-15 18:45:29,2024-08-06 15:05:49
6510000,202465100000701542,19코스,인접 가로등(함덕해경방향),제주특별자치도,제주시,관광,KT,Jeju Free Wifi,,,제주특별자치도 제주시 조천읍 신흥리 792,제주특별자치도 정보정책과,064-710-2352,33.5529475,126.6439306,2024-08-06,I,2026-05-15 18:45:29,2024-08-06 15:05:54
6510000,202465100000700430,절물자연휴양림,관리사무소 벽면 남,제주특별자치도,제주시,관광,KT,Jeju Free Wifi,,제주특별자치도 제주시 명림로 584,제주특별자치도 제주시 봉개동 산 78-1,제주특별자치도 정보정책과,064-710-2352,33.4313587,126.6225876,2024-08-06,I,2026-05-15 18:45:29,2024-08-06 15:05:43
6510000,202465100000700912,운전면허시험장 (렛츠런파크방면),버스정류소 상부,제주특별자치도,제주시,교통시설,KT,Jeju Free Wifi,,,제주특별자치도 제주시 애월읍 소길리 산210-14,제주특별자치도 정보정책과,064-710-2352,33.4052898,126.3852747,2024-08-06,I,2026-05-15 18:45:29,2024-08-06 15:05:48
6510000,202465100000700627,우도 망루등대,가로등 - 서,제주특별자치도,제주시,관광,KT,Jeju Free Wifi,,,제주특별자치도 제주시 우도면 연평리 790-1,제주특별자치도 정보정책과,064-710-2352,33.5242817,126.9540029,2024-08-06,I,2026-05-15 18:45:29,2024-08-06 15:05:45
6510000,202465100000701224,성판악 (하례환승정류장(하례리입구)방면),가로등에 지향성 1개,제주특별자치도,제주시,교통시설,KT,Jeju Free Wifi,,제주특별자치도 제주시 조천읍 516로 1865,제주특별자치도 제주시 조천읍 교래리 산137-24,제주특별자치도 정보정책과,064-710-2352,33.3862614,126.6185812,2024-08-06,I,2026-05-15 18:45:29,2024-08-06 15:05:51
6510000,202465100000701628,1-40호공원,CCTV pole,제주특별자치도,제주시,편의시설,KT,Jeju Free Wifi,,제주특별자치도 제주시 황새왓길 6-9,제주특별자치도 제주시 이도이동 404,제주특별자치도 정보정책과,064-710-2352,33.4974914,126.5407905,2024-08-06,I,2026-05-15 18:45:29,2024-08-06 15:05:55
6510000,202465100000701071,탐라중학교/샤인학원 (한일베라체방면),정류장천정,제주특별자치도,제주시,교통시설,KT,Jeju Free Wifi,,제주특별자치도 제주시 연북로 630,제주특별자치도 제주시 아라이동 1251-6,제주특별자치도 정보정책과,064-710-2352,33.4905945,126.545404,2024-08-06,I,2026-05-15 18:45:29,2024-08-06 15:05:49
6510000,202465100000700721,수운근린공원,공원내 북서쪽 입구 ip주에서 정자방향,제주특별자치도,제주시,편의시설,KT,Jeju Free Wifi,,제주특별자치도 제주시 청귤로5길 6-9,제주특별자치도 제주시 이도이동 371,제주특별자치도 정보정책과,064-710-2352,33.5003181,126.539667,2024-08-06,I,2026-05-15 18:45:29,2024-08-06 15:05:46
6510000,202465100000700382,제주국제공항,공항 1층 GATE 2 상단 기둥 동,제주특별자치도,제주시,교통시설,KT,Jeju Free Wifi,,제주특별자치도 제주시 공항로 2,제주특별자치도 제주시 용담이동 2002,제주특별자치도 정보정책과,064-710-2352,33.506303,126.4921277,2024-08-06,I,2026-05-15 18:45:29,2024-08-06 15:05:43
6510000,202465100000700457,전기차충전소_하귀문화의 집,인입 ip주 상부,제주특별자치도,제주시,교통시설,KT,Jeju Free Wifi,,,제주특별자치도 제주시 20,제주특별자치도 정보정책과,064-710-2352,33.4800189,126.4040185,2024-08-06,I,2026-05-15 18:45:29,2024-08-06 15:05:44
6510000,202465100000701314,제주지방법원(아라방면) (제주중앙여자고등학교방면),제주도 통합분전함 옆 IP주,제주특별자치도,제주시,교통시설,KT,Jeju Free Wifi,,제주특별자치도 제주시 중앙로 312,제주특별자치도 제주시 이도이동 1026-17,제주특별자치도 정보정책과,064-710-2352,33.4930671,126.534882,2024-08-06,I,2026-05-15 18:45:29,2024-08-06 15:05:52
6510000,202465100000700827,비자림,관리실 옥상 북,제주특별자치도,제주시,관광,KT,Jeju Free Wifi,,제주특별자치도 제주시 구좌읍 비자숲길 62,제주특별자치도 제주시 구좌읍 평대리 3164-1,제주특별자치도 정보정책과,064-710-2352,33.4912478,126.8102603,2024-08-06,I,2026-05-15 18:45:29,2024-08-06 15:05:47
6510000,202465100000701671,하고수동해수욕장,화장실외벽 -동,제주특별자치도,제주시,관광,KT,Jeju Free Wifi,,제주특별자치도 제주시 우도면 우도해안길 807,제주특별자치도 제주시 우도면 연평리 1185-5,제주특별자치도 정보정책과,064-710-2352,33.5138529764,126.9573673860,2024-08-06,I,2026-05-15 18:45:29,2024-08-06 15:05:55
6510000,202465100000700900,연동365의원/한국건강관리협회(연동대림1차apt방면),버스정류장 천장,제주특별자치도,제주시,교통시설,KT,Jeju Free Wifi,,,제주특별자치도 제주시 연동 1549,제주특별자치도 정보정책과,064-710-2352,33.4817388,126.4931452,2024-08-06,I,2026-05-15 18:45:29,2024-08-06 15:05:48
6510000,202465100000700717,쉼터마을 유수암리 농어촌체험마을,외벽,제주특별자치도,제주시,관광,KT,Jeju Free Wifi,,제주특별자치도 제주시 애월읍 유수암로 16,제주특별자치도 제주시 애월읍 유수암리 1904-1,제주특별자치도 정보정책과,064-710-2352,33.4415582,126.4018843,2024-08-06,I,2026-05-15 18:45:29,2024-08-06 15:05:46
6510000,202465100000701006,이호동주민센터 (이호동 동마을방면),정류장천정,제주특별자치도,제주시,교통시설,KT,Jeju Free Wifi,,,제주특별자치도 제주시 이호일동 647-3,제주특별자치도 정보정책과,064-710-2352,33.4989896,126.4590138,2024-08-06,I,2026-05-15 18:45:29,2024-08-06 15:05:49
6510000,202465100000701336,세화환승정류장(세화리) (구좌보건지소방면),세화리버스정류장,제주특별자치도,제주시,교통시설,KT,Jeju Free Wifi,,제주특별자치도 제주시 구좌읍 구좌로 40,제주특별자치도 제주시 구좌읍 세화리 1421-2,제주특별자치도 정보정책과,064-710-2352,33.5232858,126.8556468,2024-08-06,I,2026-05-15 18:45:29,2024-08-06 15:05:52
6510000,202465100000701315,제주지방법원(광양방면),제주도 통합분전함 옆 IP주,제주특별자치도,제주시,교통시설,KT,Jeju Free Wifi,,제주특별자치도 제주시 중앙로 312,제주특별자치도 제주시 이도이동 1026-17,제주특별자치도 정보정책과,064-710-2352,33.4930671,126.534882,2024-08-06,I,2026-05-15 18:45:29,2024-08-06 15:05:52
6510000,202465100000701403,도두봉공원,ip주,제주특별자치도,제주시,편의시설,KT,Jeju Free Wifi,,제주특별자치도 제주시 도두항길 4-17,제주특별자치도 제주시 도두일동 산2,제주특별자치도 정보정책과,064-710-2352,33.5066565,126.4673045,2024-08-06,I,2026-05-15 18:45:29,2024-08-06 15:05:53
6510000,202465100000701032,이호테우해수욕장 (이호동주민센터방면),정류장천정,제주특별자치도,제주시,교통시설,KT,Jeju Free Wifi,,,제주특별자치도 제주시 이호이동 1962-1,제주특별자치도 정보정책과,064-710-2352,33.4912084,126.4567845,2024-08-06,I,2026-05-15 18:45:29,2024-08-06 15:05:49
6510000,202465100000700963,한림여자 중학교 (옹포 사거리방면),버스정류장 천장,제주특별자치도,제주시,교통시설,KT,Jeju Free Wifi,,제주특별자치도 제주시 한림읍 한림로 605,제주특별자치도 제주시 한림읍 한림리 1473-6,제주특별자치도 정보정책과,064-710-2352,33.4109665,126.2597088,2024-08-06,I,2026-05-15 18:45:29,2024-08-06 15:05:48
6510000,202465100000700592,월정리 해변,월정리해변 공중화장실 남서,제주특별자치도,제주시,관광,KT,Jeju Free Wifi,,,제주특별자치도 제주시 구좌읍 월정리 33-3,제주특별자치도 정보정책과,064-710-2352,33.5551135,126.7986385,2024-08-06,I,2026-05-15 18:45:29,2024-08-06 15:05:45
6510000,202465100000700659,연동공원,화장실 벽면,제주특별자치도,제주시,편의시설,KT,Jeju Free Wifi,,제주특별자치도 제주시 신광로12길 17,제주특별자치도 제주시 연동 1369,제주특별자치도 정보정책과,064-710-2352,33.4823352,126.4888205,2024-08-06,I,2026-05-15 18:45:29,2024-08-06 15:05:46
6510000,202465100000701702,삼양동선사유적,실외전시관 외벽(방수함),제주특별자치도,제주시,관광,KT,Jeju Free Wifi,,제주특별자치도 제주시 선사로2길 13,제주특별자치도 제주시 삼양일동 1660-5,제주특별자치도 정보정책과,064-710-2383,33.5235045800,126.5879995000,2024-08-06,I,2026-05-15 18:45:29,2024-08-06 15:05:56
6510000,202465100000700373,제주도서관,1층 입구 좌측 천정,제주특별자치도,제주시,관공서,KT,Jeju Free Wifi,,제주특별자치도 제주시 연삼로 489,제주특별자치도 제주시 이도이동 414,제주특별자치도 정보정책과,064-710-2352,33.5003403,126.5415498,2024-08-06,I,2026-05-15 18:45:29,2024-08-06 15:05:43
6510000,202465100000700110,한라산국립공원_어리목,탐방안내소 1층 전시관(전시관),제주특별자치도,제주시,편의시설,KT,Jeju Free Wifi,,제주특별자치도 제주시 1100로 2070-61,제주특별자치도 제주시 해안동 산220-13,제주특별자치도 정보정책과,064-710-2352,33.3922369,126.4943907,2024-08-06,I,2026-05-15 18:45:29,2024-08-06 15:05:41
6510000,202465100000700349,제주동문시장,다모아인근 골목시장 내부기둥,제주특별자치도,제주시,기타,KT,Jeju Free Wifi,,제주특별자치도 제주시 중앙로 63-10,제주특별자치도 제주시 이도일동 1409-2,제주특별자치도 정보정책과,064-710-2352,33.5116824,126.5248281,2024-08-06,I,2026-05-15 18:45:29,2024-08-06 15:05:43
6510000,202465100000700177,추자도 여행자센터&쉼터,쉼터내 벽면,제주특별자치도,제주시,관광,KT,Jeju Free Wifi,,제주특별자치도 제주시 추자면 추자로 26,제주특별자치도 제주시 추자면 대서리 19-1,제주특별자치도 정보정책과,064-710-2352,33.963669,126.2960695,2024-08-06,I,2026-05-15 18:45:29,2024-08-06 15:05:41
6510000,202465100000701378,만장굴,매표소,제주특별자치도,제주시,관광,KT,Jeju Free Wifi,,제주특별자치도 제주시 구좌읍 만장굴길 182,제주특별자치도 제주시 구좌읍 월정리 산 41-5,제주특별자치도 정보정책과,064-710-2352,33.5285116,126.7715122,2024-08-06,I,2026-05-15 18:45:29,2024-08-06 15:05:53
6510000,202465100000700275,제주레일바이크,주차관리실 외벽,제주특별자치도,제주시,관광,KT,Jeju Free Wifi,,제주특별자치도 제주시 구좌읍 용눈이오름로 641,제주특별자치도 제주시 구좌읍 종달리 4639,제주특별자치도 정보정책과,064-710-2352,33.4644781,126.8367773,2024-08-06,I,2026-05-15 18:45:29,2024-08-06 15:05:42
6510000,202465100000700339,제주동문시장,비양수산 앞 아케이드 위,제주특별자치도,제주시,기타,KT,Jeju Free Wifi,,제주특별자치도 제주시 오현길 90,제주특별자치도 제주시 이도일동 1349-17,제주특별자치도 정보정책과,064-710-2352,33.5126938,126.5257258,2024-08-06,I,2026-05-15 18:45:29,2024-08-06 15:05:43
6510000,202465100000700936,해안동입구 (제주아트리움방면),버스정류소 천정,제주특별자치도,제주시,교통시설,KT,Jeju Free Wifi,,,제주특별자치도 제주시 해안동 2100-2,제주특별자치도 정보정책과,064-710-2352,33.4630883,126.453131,2024-08-06,I,2026-05-15 18:45:29,2024-08-06 15:05:48
6510000,202465100000700765,새별오름,상황실 외벽,제주특별자치도,제주시,관광,KT,Jeju Free Wifi,,,제주특별자치도 제주시 애월읍 봉성리 4554-14,제주특별자치도 정보정책과,064-710-2352,33.3631705,126.3585808,2024-08-06,I,2026-05-15 18:45:29,2024-08-06 15:05:46
6510000,202465100000700500,전기차충전소_이호동주민센터,외벽에 AP,제주특별자치도,제주시,교통시설,KT,Jeju Free Wifi,,제주특별자치도 제주시 백포서길 9,제주특별자치도 제주시 이호일동 455-4,제주특별자치도 정보정책과,064-710-2352,33.4997895,126.4580957,2024-08-06,I,2026-05-15 18:45:29,2024-08-06 15:05:44
6510000,202465100000701451,김녕 성세기 해변,종합상황실 외벽에 지향성 1개,제주특별자치도,제주시,관광,KT,Jeju Free Wifi,,제주특별자치도 제주시 구좌읍 해맞이해안로 7-6,제주특별자치도 제주시 구좌읍 김녕리 497-4,제주특별자치도 정보정책과,064-710-2352,33.5570213,126.759877,2024-08-06,I,2026-05-15 18:45:29,2024-08-06 15:05:53
6510000,202465100000700285,제주동문시장,1층 꺼멍도새기 벽면 위,제주특별자치도,제주시,기타,KT,Jeju Free Wifi,,제주특별자치도 제주시 동문로4길 9,제주특별자치도 제주시 일도일동 1103,제주특별자치도 정보정책과,064-710-2352,33.5122093,126.5281986,2024-08-06,I,2026-05-15 18:45:29,2024-08-06 15:05:42
6510000,202465100000700762,생각하는정원,카페동 옥탑 남,제주특별자치도,제주시,관광,KT,Jeju Free Wifi,,제주특별자치도 제주시 한경면 녹차분재로 675,제주특별자치도 제주시 한경면 저지리 1534,제주특별자치도 정보정책과,064-710-2352,33.3255403,126.2554704,2024-08-06,I,2026-05-15 18:45:29,2024-08-06 15:05:46
6510000,202465100000700799,산지천거리,CCTV pole,제주특별자치도,제주시,관광,KT,Jeju Free Wifi,,제주특별자치도 제주시 산지로 25,제주특별자치도 제주시 건입동 1136,제주특별자치도 정보정책과,064-710-2352,33.5147458,126.5292212,2024-08-06,I,2026-05-15 18:45:29,2024-08-06 15:05:47
6510000,202465100000701250,남서광마을 (탐라장애인 종합복지관방면),KT IP주에서 길건너 정류장 방향 지향 1개,제주특별자치도,제주시,교통시설,KT,Jeju Free Wifi,,제주특별자치도 제주시 서광로 253-1,제주특별자치도 제주시 삼도일동 558-7,제주특별자치도 정보정책과,064-710-2352,33.5000739,126.5236261,2024-08-06,I,2026-05-15 18:45:29,2024-08-06 15:05:51
6510000,202465100000701565,18코스,화장실 벽면 삼양해변 방향,제주특별자치도,제주시,관광,KT,Jeju Free Wifi,,제주특별자치도 제주시 감수북길 41,제주특별자치도 제주시 삼양이동 1965-3,제주특별자치도 정보정책과,064-710-2352,33.5256441,126.584,2024-08-06,I,2026-05-15 18:45:29,2024-08-06 15:05:55
6510000,202465100000701241,대학동 (사대부고방면),정류장 지붕에 무지향 1개,제주특별자치도,제주시,교통시설,KT,Jeju Free Wifi,,제주특별자치도 제주시 용담로 36,제주특별자치도 제주시 용담이동 592-7,제주특별자치도 정보정책과,064-710-2352,33.5128863,126.5064248,2024-08-06,I,2026-05-15 18:45:29,2024-08-06 15:05:51
6510000,202465100000701659,1-18호어린이공원,클린하우스 pole,제주특별자치도,제주시,편의시설,KT,Jeju Free Wifi,,,제주특별자치도 제주시 일도이동 405-3,제주특별자치도 정보정책과,064-710-2352,33.5063035,126.5434085,2024-08-06,I,2026-05-15 18:45:29,2024-08-06 15:05:55
6510000,202465100000701577,1-87호어린이공원,CCTV pole 그네방향,제주특별자치도,제주시,편의시설,KT,Jeju Free Wifi,,제주특별자치도 제주시 동화로1길 39,제주특별자치도 제주시 화북일동 9-2,제주특별자치도 정보정책과,064-710-2352,33.5198223,126.576345,2024-08-06,I,2026-05-15 18:45:29,2024-08-06 15:05:55
6510000,202465100000700386,제주교육박물관,전시동 2층 로비,제주특별자치도,제주시,관공서,KT,Jeju Free Wifi,,제주특별자치도 제주시 오복4길 25,제주특별자치도 제주시 이도이동 539-14,제주특별자치도 정보정책과,064-710-2352,33.4944939,126.5381292,2024-08-06,I,2026-05-15 18:45:29,2024-08-06 15:05:43
6510000,202465100000701591,1-73호어린이공원,CCTV pole,제주특별자치도,제주시,편의시설,KT,Jeju Free Wifi,,,제주특별자치도 제주시 외도일동 455-1,제주특별자치도 정보정책과,064-710-2352,33.4900932,126.4276021,2024-08-06,I,2026-05-15 18:45:29,2024-08-06 15:05:55
6510000,202465100000701293,제주동초등학교 (제주여자상업고등학교방면),버스정류장 지붕위,제주특별자치도,제주시,교통시설,KT,Jeju Free Wifi,,제주특별자치도 제주시 동문로 58,제주특별자치도 제주시 일도이동 994-14,제주특별자치도 정보정책과,064-710-2352,33.5130501,126.5329523,2024-08-06,I,2026-05-15 18:45:29,2024-08-06 15:05:52
6510000,202465100000700298,제주동문시장,좋은수산 직매장 위,제주특별자치도,제주시,기타,KT,Jeju Free Wifi,,제주특별자치도 제주시 동문로4길 11,제주특별자치도 제주시 일도일동 1103-8,제주특별자치도 정보정책과,064-710-2352,33.5122951,126.5278313,2024-08-06,I,2026-05-15 18:45:29,2024-08-06 15:05:42
6510000,202465100000700380,제주국제공항,공항 1층 GATE 2 상단 기둥 서,제주특별자치도,제주시,교통시설,KT,Jeju Free Wifi,,제주특별자치도 제주시 공항로 2,제주특별자치도 제주시 용담이동 2002,제주특별자치도 정보정책과,064-710-2352,33.506303,126.4921277,2024-08-06,I,2026-05-15 18:45:29,2024-08-06 15:05:43
6510000,202465100000700836,제주버스터미널 (동산교방면),버스정보시스템내부,제주특별자치도,제주시,교통시설,KT,Jeju Free Wifi,,,제주특별자치도 제주시 용담일동 2830-6,제주특별자치도 정보정책과,064-710-2352,33.500132,126.5141552,2024-08-06,I,2026-05-15 18:45:29,2024-08-06 15:05:47
6510000,202465100000700676,애월읍사무소,3층 건설팀 앞 복도 천장,제주특별자치도,제주시,관공서,KT,Jeju Free Wifi,,제주특별자치도 제주시 애월읍 일주서로 6322,제주특별자치도 제주시 애월읍 애월리 240,제주특별자치도 정보정책과,064-710-2352,33.4619529,126.3295189,2024-08-06,I,2026-05-15 18:45:29,2024-08-06 15:05:46
6510000,202465100000701529,20코스,IP주 김녕해변방향,제주특별자치도,제주시,관광,KT,Jeju Free Wifi,,,제주특별자치도 제주시 구좌읍 김녕리 1270-2,제주특별자치도 정보정책과,064-710-2352,33.5587014,126.7538978,2024-08-06,I,2026-05-15 18:45:29,2024-08-06 15:05:54
6510000,202465100000700890,동성마을입구 (세기아파트방면),버스정류소옆KT주상단,제주특별자치도,제주시,교통시설,KT,Jeju Free Wifi,,제주특별자치도 제주시 연삼로 145,제주특별자치도 제주시 오라삼동 2140-3,제주특별자치도 정보정책과,064-710-2352,33.493247,126.5076552,2024-08-06,I,2026-05-15 18:45:29,2024-08-06 15:05:48
6510000,202465100000700783,삼양검은모래해변,옥상 벽면(해변),제주특별자치도,제주시,관광,KT,Jeju Free Wifi,,,제주특별자치도 제주시 삼양일동 1960-4,제주특별자치도 정보정책과,064-710-2352,33.5247065,126.5958777,2024-08-06,I,2026-05-15 18:45:29,2024-08-06 15:05:47
6510000,202465100000701473,국수문화거리,주정차무인단속시스템 동,제주특별자치도,제주시,관광,KT,Jeju Free Wifi,,제주특별자치도 제주시 삼성로 37,제주특별자치도 제주시 일도이동 1046-12,제주특별자치도 정보정책과,064-710-2352,33.5066461,126.5296704,2024-08-06,I,2026-05-15 18:45:29,2024-08-06 15:05:54
6510000,202465100000700559,전기차충전소_구좌농공단지(제주이야기),IP주 지향1개,제주특별자치도,제주시,교통시설,KT,Jeju Free Wifi,,제주특별자치도 제주시 구좌읍 행원로13길 67,제주특별자치도 제주시 구좌읍 행원리 542-7,제주특별자치도 정보정책과,064-710-2352,33.5533503,126.8168399,2024-08-06,I,2026-05-15 18:45:29,2024-08-06 15:05:45
6510000,202465100000701060,삼무공원 (삼무공원사거리/롯데시티호텔방면),정류장천정,제주특별자치도,제주시,교통시설,KT,Jeju Free Wifi,,제주특별자치도 제주시 삼무로 56,제주특별자치도 제주시 연동 282-3,제주특별자치도 정보정책과,064-710-2352,33.4896208,126.4925998,2024-08-06,I,2026-05-15 18:45:29,2024-08-06 15:05:49
6510000,202465100000700856,한림고등학교 (한림환승정류장(한림리))방면),버스정류장상부,제주특별자치도,제주시,교통시설,KT,Jeju Free Wifi,,,제주특별자치도 제주시 한림읍 옹포리 820-6,제주특별자치도 정보정책과,064-710-2352,33.3989442,126.2587232,2024-08-06,I,2026-05-15 18:45:29,2024-08-06 15:05:47
6510000,202465100000700405,절물자연휴양림,수선화실 외벽 지향,제주특별자치도,제주시,관광,KT,Jeju Free Wifi,,제주특별자치도 제주시 명림로 584,제주특별자치도 제주시 봉개동 산78-1,제주특별자치도 정보정책과,064-710-2352,33.4313587,126.6225876,2024-08-06,I,2026-05-15 18:45:29,2024-08-06 15:05:43
6510000,202465100000701518,41호공원,CCTV POLE,제주특별자치도,제주시,편의시설,KT,Jeju Free Wifi,,제주특별자치도 제주시 동문로 102,제주특별자치도 제주시 일도이동 65,제주특별자치도 정보정책과,064-710-2352,33.5022623,126.5447568,2024-08-06,I,2026-05-15 18:45:29,2024-08-06 15:05:54
6510000,202465100000701040,남광로입구 (제주제일중학교방면),정류장천정,제주특별자치도,제주시,교통시설,KT,Jeju Free Wifi,,제주특별자치도 제주시 남광로 10,제주특별자치도 제주시 이도이동 1994-7,제주특별자치도 정보정책과,064-710-2352,33.4922702,126.5376393,2024-08-06,I,2026-05-15 18:45:29,2024-08-06 15:05:49
6510000,202465100000700220,제주종합경기장,관리소 우측 세번째 가로등,제주특별자치도,제주시,지역문화시설,KT,Jeju Free Wifi,,제주특별자치도 제주시 서광로2길 24,제주특별자치도 제주시 오라일동 1137,제주특별자치도 정보정책과,064-710-2352,33.4963765,126.5152417,2024-08-06,I,2026-05-15 18:45:29,2024-08-06 15:05:42
6510000,202465100000701132,대유대림아파트 (대림아파트방면),정류장 옆 가로등 지향,제주특별자치도,제주시,교통시설,KT,Jeju Free Wifi,,제주특별자치도 제주시 남광로 181,제주특별자치도 제주시 일도이동 113-7,제주특별자치도 정보정책과,064-710-2352,33.5018959,126.5511876,2024-08-06,I,2026-05-15 18:45:29,2024-08-06 15:05:50
6510000,202465100000700302,제주동문시장,대흥상회 앞 아케이드 위,제주특별자치도,제주시,기타,KT,Jeju Free Wifi,,제주특별자치도 제주시 동문로4길 15,제주특별자치도 제주시 일도일동 1102,제주특별자치도 정보정책과,064-710-2352,33.5121114,126.5275438,2024-08-06,I,2026-05-15 18:45:29,2024-08-06 15:05:42
6510000,202465100000701287,홍랑로입구 (용천마을방면),버스정류장 지붕위,제주특별자치도,제주시,교통시설,KT,Jeju Free Wifi,,제주특별자치도 제주시 서광로 253-1,제주특별자치도 제주시 삼도일동 558-7,제주특별자치도 정보정책과,064-710-2352,33.5000739,126.5236261,2024-08-06,I,2026-05-15 18:45:29,2024-08-06 15:05:52
6510000,202465100000700260,제주세계자연유산센터,옥상 주차장방향,제주특별자치도,제주시,관광,KT,Jeju Free Wifi,,제주특별자치도 제주시 조천읍 선교로 569-36,제주특별자치도 제주시 조천읍 선흘리 478,제주특별자치도 정보정책과,064-710-2352,33.4569595,126.7145245,2024-08-06,I,2026-05-15 18:45:29,2024-08-06 15:05:42
6510000,202465100000700684,아라제2근린공원,인근가로등 놀이터방향,제주특별자치도,제주시,편의시설,KT,Jeju Free Wifi,,제주특별자치도 제주시 인다13길 47,제주특별자치도 제주시 아라일동 6125,제주특별자치도 정보정책과,064-710-2352,33.4730037,126.5506897,2024-08-06,I,2026-05-15 18:45:29,2024-08-06 15:05:46
6510000,202465100000700327,제주동문시장,9번게이트 옆 KT주,제주특별자치도,제주시,기타,KT,Jeju Free Wifi,,제주특별자치도 제주시 중앙로13길 27,제주특별자치도 제주시 일도일동 1102-54,제주특별자치도 정보정책과,064-710-2352,33.5115765,126.5272945,2024-08-06,I,2026-05-15 18:45:29,2024-08-06 15:05:43
6510000,202465100000700518,전기차충전소_애월버스회차지,(제주전기차자동차충전서비스) 가로등-서쪽주차장방향,제주특별자치도,제주시,교통시설,KT,Jeju Free Wifi,,,제주특별자치도 제주시 애월읍 수산리 444-1,제주특별자치도 정보정책과,064-710-2352,33.4663342,126.3950078,2024-08-06,I,2026-05-15 18:45:29,2024-08-06 15:05:44
6510000,202465100000701137,함덕농협지소 (함덕비석거리방면),정류장 지붕에 무지향 1개,제주특별자치도,제주시,교통시설,KT,Jeju Free Wifi,,제주특별자치도 제주시 조천읍 조함해안로 488-6,제주특별자치도 제주시 조천읍 함덕리 1252-3,제주특별자치도 정보정책과,064-710-2352,33.5423178,126.664661,2024-08-06,I,2026-05-15 18:45:29,2024-08-06 15:05:50
6510000,202465100000701000,조천리 (조천초등학교방면),정류장천정,제주특별자치도,제주시,교통시설,KT,Jeju Free Wifi,,제주특별자치도 제주시 조천읍 신북로 217-2,제주특별자치도 제주시 조천읍 조천리 2385,제주특별자치도 정보정책과,064-710-2352,33.5357869,126.6362211,2024-08-06,I,2026-05-15 18:45:29,2024-08-06 15:05:49
6510000,202465100000701170,노형오거리/이마트 (노형오거리/한라병원방면),정류장 지붕에 무지향 1개,제주특별자치도,제주시,교통시설,KT,Jeju Free Wifi,,제주특별자치도 제주시 1100로 3348,제주특별자치도 제주시 노형동 919,제주특별자치도 정보정책과,064-710-2352,33.4849644,126.4804364,2024-08-06,I,2026-05-15 18:45:29,2024-08-06 15:05:50
6510000,202465100000700849,고산우체국앞 (고산1리(구출장소)방면),버스정류장상부,제주특별자치도,제주시,교통시설,KT,Jeju Free Wifi,,,제주특별자치도 제주시 한경면 고산리 2208-5,제주특별자치도 정보정책과,064-710-2352,33.3037975,126.1796108,2024-08-06,I,2026-05-15 18:45:29,2024-08-06 15:05:47
6510000,202465100000700368,제주돌마을공원,매표소,제주특별자치도,제주시,관광,KT,Jeju Free Wifi,,제주특별자치도 제주시 한림읍 금능남로 421,제주특별자치도 제주시 한림읍 금능리 368-2,제주특별자치도 정보정책과,064-710-2352,33.3539476,126.2535288,2024-08-06,I,2026-05-15 18:45:29,2024-08-06 15:05:43
6510000,202465100000700506,전기차충전소_외도동주민센터,충전소 옆 벽면,제주특별자치도,제주시,교통시설,KT,Jeju Free Wifi,,제주특별자치도 제주시 일주서로 7350,제주특별자치도 제주시 외도이동 233-4,제주특별자치도 정보정책과,064-710-2352,33.4929466,126.4322204,2024-08-06,I,2026-05-15 18:45:29,2024-08-06 15:05:44
6510000,202465100000701035,이호동 동마을 (도리초등학교방면),정류장천정,제주특별자치도,제주시,교통시설,KT,Jeju Free Wifi,,제주특별자치도 제주시 도리로 90,제주특별자치도 제주시 이호일동 613-6,제주특별자치도 정보정책과,064-710-2352,33.5003196,126.4615729,2024-08-06,I,2026-05-15 18:45:29,2024-08-06 15:05:49
6510000,202465100000701538,1코스,소금밭 체험장 ip주 -북서 종달올레길 방향,제주특별자치도,제주시,관광,KT,Jeju Free Wifi,,제주특별자치도 제주시 구좌읍 종달동길 3,제주특별자치도 제주시 구좌읍 종달리 1113-55,제주특별자치도 정보정책과,064-710-2352,33.4927509,126.900771,2024-08-06,I,2026-05-15 18:45:29,2024-08-06 15:05:54
6510000,202465100000700697,신재생에너지관,전시관 내부,제주특별자치도,제주시,관광,KT,Jeju Free Wifi,,제주특별자치도 제주시 구좌읍 해맞이해안로 712-3,제주특별자치도 제주시 구좌읍 행원리 21,제주특별자치도 정보정책과,064-710-2352,33.5594938,126.8181561,2024-08-06,I,2026-05-15 18:45:29,2024-08-06 15:05:46
6510000,202465100000700043,항몽유적지,옥상 휴대폰 중계기 폴대,제주특별자치도,제주시,관광,KT,Jeju Free Wifi,,제주특별자치도 제주시 애월읍 항파두리로 50,제주특별자치도 제주시 애월읍 상귀리 1012,제주특별자치도 정보정책과,064-710-2352,33.4522313,126.4073887,2024-08-06,I,2026-05-15 18:45:29,2024-08-06 15:05:40
6510000,202465100000700814,사라봉공원,정상 팔각정 기둥 외벽,제주특별자치도,제주시,편의시설,KT,Jeju Free Wifi,,제주특별자치도 제주시 사라봉동길 74,제주특별자치도 제주시 건입동 387-1,제주특별자치도 정보정책과,064-710-2352,33.5177178,126.5457466,2024-08-06,I,2026-05-15 18:45:29,2024-08-06 15:05:47
6510000,202465100000700130,하도 해변,화장실 남쪽 지붕 서,제주특별자치도,제주시,관광,KT,Jeju Free Wifi,,제주특별자치도 제주시 구좌읍 해맞이해안로 1973,제주특별자치도 제주시 구좌읍 하도리 46-3,제주특별자치도 정보정책과,064-710-2352,33.5135156,126.8987863,2024-08-06,I,2026-05-15 18:45:29,2024-08-06 15:05:41
6510000,202465100000700535,전기차충전소_봉개동주민센터,2층 창고 외벽,제주특별자치도,제주시,교통시설,KT,Jeju Free Wifi,,제주특별자치도 제주시 봉개북1길 15,제주특별자치도 제주시 봉개동 1824-1,제주특별자치도 정보정책과,064-710-2352,33.4916507,126.5947329,2024-08-06,I,2026-05-15 18:45:29,2024-08-06 15:05:44
6510000,202465100000700817,사라봉공원,정상 팔각정 기둥 외벽,제주특별자치도,제주시,편의시설,KT,Jeju Free Wifi,,제주특별자치도 제주시 사라봉동길 74,제주특별자치도 제주시 건입동 387-1,제주특별자치도 정보정책과,064-710-2352,33.5177178,126.5457466,2024-08-06,I,2026-05-15 18:45:29,2024-08-06 15:05:47
6510000,202465100000701350,방일리공원,CCTV폴에 북서쪽으로 지향 1개,제주특별자치도,제주시,편의시설,KT,Jeju Free Wifi,,,제주특별자치도 제주시 노형동 3812-2,제주특별자치도 정보정책과,064-710-2352,33.4779059,126.4768265,2024-08-06,I,2026-05-15 18:45:29,2024-08-06 15:05:52
6510000,202465100000700461,전기차충전소_탐라도서관,가로등상부,제주특별자치도,제주시,교통시설,KT,Jeju Free Wifi,,제주특별자치도 제주시 정원로 50,제주특별자치도 제주시 노형동 3812-1,제주특별자치도 정보정책과,064-710-2352,33.4791553,126.4772458,2024-08-06,I,2026-05-15 18:45:29,2024-08-06 15:05:44
6510000,202465100000700561,전기차충전소_관음사 휴게소,지붕 모서리,제주특별자치도,제주시,교통시설,KT,Jeju Free Wifi,,제주특별자치도 제주시 산록북로 588,제주특별자치도 제주시 오등동 산180-3,제주특별자치도 정보정책과,064-710-2352,33.4219371,126.5505927,2024-08-06,I,2026-05-15 18:45:29,2024-08-06 15:05:45
6510000,202465100000701230,사라봉오거리 (제주여자상업고등학교방면),맞은 편 사라봉오거리 방향으로 지향성 1개,제주특별자치도,제주시,교통시설,KT,Jeju Free Wifi,,제주특별자치도 제주시 동문로 150,제주특별자치도 제주시 일도이동 141-31,제주특별자치도 정보정책과,064-710-2352,33.5130894,126.5423907,2024-08-06,I,2026-05-15 18:45:29,2024-08-06 15:05:51
6510000,202465100000700712,시민복지타운광장,공원내 북서쪽 방향,제주특별자치도,제주시,편의시설,KT,Jeju Free Wifi,,,제주특별자치도 제주시 도남동 661,제주특별자치도 정보정책과,064-710-2352,33.4906959,126.5227308,2024-08-06,I,2026-05-15 18:45:29,2024-08-06 15:05:46
6510000,202465100000701104,한동리 (한동리서동방면),정류장천정,제주특별자치도,제주시,교통시설,KT,Jeju Free Wifi,,,제주특별자치도 제주시 구좌읍 한동리 1195-3,제주특별자치도 정보정책과,064-710-2352,33.537162,126.8296463,2024-08-06,I,2026-05-15 18:45:29,2024-08-06 15:05:50
6510000,202465100000701452,김녕 성세기 해변,해변주차장 클린하우스,제주특별자치도,제주시,관광,KT,Jeju Free Wifi,,제주특별자치도 제주시 구좌읍 해맞이해안로 7-6,제주특별자치도 제주시 구좌읍 김녕리 497-4,제주특별자치도 정보정책과,064-710-2352,33.5570213,126.759877,2024-08-06,I,2026-05-15 18:45:29,2024-08-06 15:05:53
6510000,202465100000700658,연동공원,경로당 남쪽 가로등,제주특별자치도,제주시,편의시설,KT,Jeju Free Wifi,,제주특별자치도 제주시 신광로12길 17,제주특별자치도 제주시 연동 1369,제주특별자치도 정보정책과,064-710-2352,33.4823352,126.4888205,2024-08-06,I,2026-05-15 18:45:29,2024-08-06 15:05:46
6510000,202465100000701149,일우 한란 아파트 (외도초등학교방면),정류장 지붕에 무지향 1개,제주특별자치도,제주시,교통시설,KT,Jeju Free Wifi,,제주특별자치도 제주시 도근내길 2,제주특별자치도 제주시 외도일동 426-1,제주특별자치도 정보정책과,064-710-2352,33.4924208,126.431283,2024-08-06,I,2026-05-15 18:45:29,2024-08-06 15:05:50
6510000,202465100000701622,14코스,저지예술정보화마을 옥상 동,제주특별자치도,제주시,관광,KT,Jeju Free Wifi,,제주특별자치도 제주시 한경면 중산간서로 3687,제주특별자치도 제주시 한경면 저지리 1843-2,제주특별자치도 정보정책과,064-710-2352,33.3336881,126.2559632,2024-08-06,I,2026-05-15 18:45:29,2024-08-06 15:05:55
6510000,202465100000700491,전기차충전소_제주도 상하수도본부,옥상 서쪽 구조물,제주특별자치도,제주시,교통시설,KT,Jeju Free Wifi,,제주특별자치도 제주시 조천읍 중산간동로 601,제주특별자치도 제주시 조천읍 대흘리 2778-30,제주특별자치도 정보정책과,064-710-2352,33.4996523,126.6502936,2024-08-06,I,2026-05-15 18:45:29,2024-08-06 15:05:44
6510000,202465100000700120,한담해변,한담공원 주차장 화장실 서,제주특별자치도,제주시,관광,KT,Jeju Free Wifi,,,제주특별자치도 제주시 애월읍 애월리 2459-1,제주특별자치도 정보정책과,064-710-2352,33.4596021,126.3110533,2024-08-06,I,2026-05-15 18:45:29,2024-08-06 15:05:41
6510000,202465100000700874,제일교 동문시장입구 (동문성당방면),버스정류장 상부,제주특별자치도,제주시,교통시설,KT,Jeju Free Wifi,,,제주특별자치도 제주시 일도일동 1056-11,제주특별자치도 정보정책과,064-710-2352,33.5122236,126.5316855,2024-08-06,I,2026-05-15 18:45:29,2024-08-06 15:05:48
6510000,202465100000701313,제주여자중고등학교(아라방면) (남국원방면),본가 옆 재난감시(하천감시)CCTV 옆 ip주,제주특별자치도,제주시,교통시설,KT,Jeju Free Wifi,,제주특별자치도 제주시 간월동로 6,제주특별자치도 제주시 아라이동 1370-4,제주특별자치도 정보정책과,064-710-2352,33.4852077,126.5434928,2024-08-06,I,2026-05-15 18:45:29,2024-08-06 15:05:52
6510000,202465100000701359,민속자연사박물관,매표소 지붕 주차장 방향,제주특별자치도,제주시,관공서,KT,Jeju Free Wifi,,제주특별자치도 제주시 삼성로 40,제주특별자치도 제주시 일도이동 996-1,제주특별자치도 정보정책과,064-710-2352,33.5063434,126.5315158,2024-08-06,I,2026-05-15 18:45:29,2024-08-06 15:05:53
6510000,202465100000700803,산악박물관(관음사),산악박물관 (전시동 로비),제주특별자치도,제주시,관광,KT,Jeju Free Wifi,,제주특별자치도 제주시 산록북로 588,제주특별자치도 제주시 오등동 산180-3,제주특별자치도 정보정책과,064-710-2352,33.4219371,126.5505927,2024-08-06,I,2026-05-15 18:45:29,2024-08-06 15:05:47
6510000,202465100000700254,제주센트럴파크,매표소 남,제주특별자치도,제주시,관광,KT,Jeju Free Wifi,,제주특별자치도 제주시 조천읍 비자림로 606,제주특별자치도 제주시 조천읍 교래리 산 56-4,제주특별자치도 정보정책과,064-710-2352,33.4337851,126.6748209,2024-08-06,I,2026-05-15 18:45:29,2024-08-06 15:05:42
6510000,202465100000701514,66호 어린이공원,방범cctv상부,제주특별자치도,제주시,편의시설,KT,Jeju Free Wifi,,,제주특별자치도 제주시 노형동 732-2,제주특별자치도 정보정책과,064-710-2352,33.4792334,126.4865721,2024-08-06,I,2026-05-15 18:45:29,2024-08-06 15:05:54
6510000,202465100000701712,항몽유적지,옥상 휴대폰 중계기 폴대,제주특별자치도,제주시,관광,KT,Jeju Free Wifi,,제주특별자치도 제주시 애월읍 항파두리로 50,제주특별자치도 제주시 애월읍 상귀리 1012,제주특별자치도 정보정책과,064-710-2393,33.4517704711,126.4074349052,2024-08-06,I,2026-05-15 18:45:29,2024-08-06 15:05:56
6510000,202465100000700133,하귀1근린공원,방범 CCTV 폴,제주특별자치도,제주시,편의시설,KT,Jeju Free Wifi,,제주특별자치도 제주시 애월읍 하귀동남1길 22,제주특별자치도 제주시 애월읍 하귀1리 199,제주특별자치도 정보정책과,064-710-2352,33.4848874,126.4138599,2024-08-06,I,2026-05-15 18:45:29,2024-08-06 15:05:41
6510000,202465100000700429,절물자연휴양림,관리사무소 벽면 서,제주특별자치도,제주시,관광,KT,Jeju Free Wifi,,제주특별자치도 제주시 명림로 584,제주특별자치도 제주시 봉개동 산 78-1,제주특별자치도 정보정책과,064-710-2352,33.4313587,126.6225876,2024-08-06,I,2026-05-15 18:45:29,2024-08-06 15:05:43
6510000,202465100000700752,서부두 명품회집거리,어린이 CCTV 남,제주특별자치도,제주시,관광,KT,Jeju Free Wifi,,제주특별자치도 제주시 서부두길 2,제주특별자치도 제주시 건입동 1319-80,제주특별자치도 정보정책과,064-710-2352,33.5167854,126.5278736,2024-08-06,I,2026-05-15 18:45:29,2024-08-06 15:05:46
6510000,202465100000701632,13코스,13코스 시작점 공중화장실 스탬프 방향,제주특별자치도,제주시,관광,KT,Jeju Free Wifi,,,제주특별자치도 제주시 한경면 용수리 4240-2,제주특별자치도 정보정책과,064-710-2352,33.3239267,126.1659944,2024-08-06,I,2026-05-15 18:45:29,2024-08-06 15:05:55
6510000,202465100000700636,용두암,애원횟집 옥상 중계기 폴,제주특별자치도,제주시,관광,KT,Jeju Free Wifi,,제주특별자치도 제주시 서해안로 687-6,제주특별자치도 제주시 용담이동 488,제주특별자치도 정보정책과,064-710-2352,33.5154292,126.5117088,2024-08-06,I,2026-05-15 18:45:29,2024-08-06 15:05:45
6510000,202465100000700661,에코촌 유스호스텔,옥상 남,제주특별자치도,제주시,관광,KT,Jeju Free Wifi,,제주특별자치도 제주시 조천읍 북흘로 376-9,제주특별자치도 제주시 조천읍 선흘리 2610,제주특별자치도 정보정책과,064-710-2352,33.516752,126.7040073,2024-08-06,I,2026-05-15 18:45:29,2024-08-06 15:05:46
6510000,202465100000701004,이호2동 (대동마을방면),정류장천정,제주특별자치도,제주시,교통시설,KT,Jeju Free Wifi,,,제주특별자치도 제주시 이호이동 803-6,제주특별자치도 정보정책과,064-710-2352,33.4947904,126.4613586,2024-08-06,I,2026-05-15 18:45:29,2024-08-06 15:05:49
6510000,202465100000701531,20코스,IP주 해녀촌방향,제주특별자치도,제주시,관광,KT,Jeju Free Wifi,,제주특별자치도 제주시 구좌읍 김녕로21길 12,제주특별자치도 제주시 구좌읍 김녕리 497-9,제주특별자치도 정보정책과,064-710-2352,33.5567404,126.7561443,2024-08-06,I,2026-05-15 18:45:29,2024-08-06 15:05:54
6510000,202465100000700201,종달리해변,통신주 인근 가로등에 남동쪽으로 지향 1개,제주특별자치도,제주시,관광,KT,Jeju Free Wifi,,,제주특별자치도 제주시 구좌읍 종달리 622-5,제주특별자치도 정보정책과,064-710-2352,33.4885199,126.9055913,2024-08-06,I,2026-05-15 18:45:29,2024-08-06 15:05:42
6510000,202465100000700483,전기차충전소_제주도청 2청사 후문 공영주차장,전기차충전소인근 IP주,제주특별자치도,제주시,교통시설,KT,Jeju Free Wifi,,,제주특별자치도 제주시 연동 322-8,제주특별자치도 정보정책과,064-710-2352,33.4882236,126.5000482,2024-08-06,I,2026-05-15 18:45:29,2024-08-06 15:05:44
6510000,202465100000701259,제대마을 (제대아파트방면),반대편 버스정류장 동쪽 외부 상단,제주특별자치도,제주시,교통시설,KT,Jeju Free Wifi,,,제주특별자치도 제주시 아라일동 452-2,제주특별자치도 정보정책과,064-710-2352,33.4577132,126.5538052,2024-08-06,I,2026-05-15 18:45:29,2024-08-06 15:05:51
6510000,202465100000701264,월평마을 (시각장애인복지관방면),반대편 버스정류장 남쪽 외부 상단,제주특별자치도,제주시,교통시설,KT,Jeju Free Wifi,,,제주특별자치도 제주시 월평동 1039-2,제주특별자치도 정보정책과,064-710-2352,33.4697434,126.5750882,2024-08-06,I,2026-05-15 18:45:29,2024-08-06 15:05:51
6510000,202465100000700838,한라병원(월랑마을 남녕고등학교방면) [405000367],버스정보시스템내부,제주특별자치도,제주시,교통시설,KT,Jeju Free Wifi,,,제주특별자치도 제주시 연동 2335-4,제주특별자치도 정보정책과,064-710-2352,33.4925706,126.4890409,2024-08-06,I,2026-05-15 18:45:29,2024-08-06 15:05:47
6510000,202465100000700862,신광사거리(신성마을방면),버스정류장 상부,제주특별자치도,제주시,교통시설,KT,Jeju Free Wifi,,,제주특별자치도 제주시 연동 1928-4,제주특별자치도 정보정책과,064-710-2352,33.4937903,126.4936897,2024-08-06,I,2026-05-15 18:45:29,2024-08-06 15:05:47
6510000,202465100000700615,우도비양도,버스정류장 상부,제주특별자치도,제주시,관광,KT,Jeju Free Wifi,,,제주특별자치도 제주시 우도면 연평리 33-2,제주특별자치도 정보정책과,064-710-2352,33.5129501,126.9649459,2024-08-06,I,2026-05-15 18:45:29,2024-08-06 15:05:45
6510000,202465100000701244,노형초등학교(노형오거리/한라병원방면),길건너 정류장 방향 지향 1개,제주특별자치도,제주시,교통시설,KT,Jeju Free Wifi,,제주특별자치도 제주시 노형로 375,제주특별자치도 제주시 노형동 2536-11,제주특별자치도 정보정책과,064-710-2352,33.4838248,126.4757331,2024-08-06,I,2026-05-15 18:45:29,2024-08-06 15:05:51
6510000,202465100000701247,노형오거리(노형오거리(노형초 방면)방면),길건너 정류장 방향 지향 1개(최대한 높게),제주특별자치도,제주시,교통시설,KT,Jeju Free Wifi,,,제주특별자치도 제주시 노형동 968-3,제주특별자치도 정보정책과,064-710-2352,33.486692,126.4808904,2024-08-06,I,2026-05-15 18:45:29,2024-08-06 15:05:51
6510000,202465100000701484,교래자연휴양림,CCTV POLE (야영지구 원두막 19인근),제주특별자치도,제주시,관광,KT,Jeju Free Wifi,,제주특별자치도 제주시 조천읍 남조로 2023,제주특별자치도 제주시 조천읍 교래리 산 95,제주특별자치도 정보정책과,064-710-2352,33.4463446,126.6605733,2024-08-06,I,2026-05-15 18:45:29,2024-08-06 15:05:54
6510000,202465100000700758,서문가구거리,버스정류장 서,제주특별자치도,제주시,관광,KT,Jeju Free Wifi,,제주특별자치도 제주시 서문로 42,제주특별자치도 제주시 용담일동 288-3,제주특별자치도 정보정책과,064-710-2352,33.5106822,126.5158153,2024-08-06,I,2026-05-15 18:45:29,2024-08-06 15:05:46
6510000,202465100000701234,보건소 (정부제주 지방합동청사방면),정류장 방향 지향 1개,제주특별자치도,제주시,교통시설,KT,Jeju Free Wifi,,제주특별자치도 제주시 연삼로 286,제주특별자치도 제주시 도남동 582,제주특별자치도 정보정책과,064-710-2352,33.4916992,126.5229397,2024-08-06,I,2026-05-15 18:45:29,2024-08-06 15:05:51
6510000,202465100000700213,제주항국제여객터미널,남쪽 출입문 내부 벽면,제주특별자치도,제주시,교통시설,KT,Jeju Free Wifi,,제주특별자치도 제주시 임항로,제주특별자치도 제주시 건입동 908-18,제주특별자치도 정보정책과,064-710-2352,33.5265547,126.543575,2024-08-06,I,2026-05-15 18:45:29,2024-08-06 15:05:42
6510000,202465100000700628,우도 망루등대,가로등 - 동,제주특별자치도,제주시,관광,KT,Jeju Free Wifi,,,제주특별자치도 제주시 우도면 연평리 790-1,제주특별자치도 정보정책과,064-710-2352,33.5242817,126.9540029,2024-08-06,I,2026-05-15 18:45:29,2024-08-06 15:05:45
6510000,202465100000701052,민오름 (연미월왓방면),정류장천정,제주특별자치도,제주시,교통시설,KT,Jeju Free Wifi,,제주특별자치도 제주시 연북로 192,제주특별자치도 제주시 오라이동 3161-2,제주특별자치도 정보정책과,064-710-2352,33.4813467,126.5017053,2024-08-06,I,2026-05-15 18:45:29,2024-08-06 15:05:49
6510000,202465100000701246,노형우체국 (정든마을방면),정류장 지붕에 무지향 1개,제주특별자치도,제주시,교통시설,KT,Jeju Free Wifi,,제주특별자치도 제주시 월랑로 8,제주특별자치도 제주시 노형동 1280-3,제주특별자치도 정보정책과,064-710-2352,33.4871929,126.478364,2024-08-06,I,2026-05-15 18:45:29,2024-08-06 15:05:51
6510000,202465100000701194,인화초등학교 (문예회관방면),길건너 정류장 방향 지향 1개,제주특별자치도,제주시,교통시설,KT,Jeju Free Wifi,,제주특별자치도 제주시 동광로 106-1,제주특별자치도 제주시 일도이동 365-2,제주특별자치도 정보정책과,064-710-2352,33.505793,126.5391015,2024-08-06,I,2026-05-15 18:45:29,2024-08-06 15:05:51
6510000,202465100000700113,한라마을작은도서관,도서관 2층 학습장,제주특별자치도,제주시,관공서,KT,Jeju Free Wifi,,제주특별자치도 제주시 일주동로 293-1,제주특별자치도 제주시 삼양삼동 2505,제주특별자치도 정보정책과,064-710-2352,33.5221504,126.5765221,2024-08-06,I,2026-05-15 18:45:29,2024-08-06 15:05:41
6510000,202465100000700038,해녀박물관,2층 어린이해녀체험관,제주특별자치도,제주시,관공서,KT,Jeju Free Wifi,,제주특별자치도 제주시 구좌읍 해녀박물관길 25,제주특별자치도 제주시 구좌읍 하도리 3204-1,제주특별자치도 정보정책과,064-710-2352,33.5226714,126.8643204,2024-08-06,I,2026-05-15 18:45:29,2024-08-06 15:05:40
6510000,202465100000700549,전기차충전소_노형삼다아파트 앞 공영주차장,전기차충전소인근 IP주,제주특별자치도,제주시,교통시설,KT,Jeju Free Wifi,,,제주특별자치도 제주시 노형동 1282-1,제주특별자치도 정보정책과,064-710-2352,33.4863826,126.4777218,2024-08-06,I,2026-05-15 18:45:29,2024-08-06 15:05:45
6510000,202465100000701528,20코스,통신주 옆 가로등 포구방향,제주특별자치도,제주시,관광,KT,Jeju Free Wifi,,,제주특별자치도 제주시 구좌읍 행원리 1495-7,제주특별자치도 정보정책과,064-710-2352,33.5564358,126.8057814,2024-08-06,I,2026-05-15 18:45:29,2024-08-06 15:05:54
6510000,202465100000700508,전기차충전소_외도구획정리지구,충전소 옆 벽면,제주특별자치도,제주시,교통시설,KT,Jeju Free Wifi,,,제주특별자치도 제주시 외도일동 482-1,제주특별자치도 정보정책과,064-710-2352,33.4899309,126.432576,2024-08-06,I,2026-05-15 18:45:29,2024-08-06 15:05:44
6510000,202465100000700214,제주항국제여객터미널,외부 출입문 좌측 벽면,제주특별자치도,제주시,교통시설,KT,Jeju Free Wifi,,제주특별자치도 제주시 임항로,제주특별자치도 제주시 건입동 908-18,제주특별자치도 정보정책과,064-710-2352,33.5265547,126.543575,2024-08-06,I,2026-05-15 18:45:29,2024-08-06 15:05:42
6510000,202465100000700107,한라산국립공원_어리목,화장실(주차장) 지붕 남,제주특별자치도,제주시,편의시설,KT,Jeju Free Wifi,,제주특별자치도 제주시 1100로 2070-61,제주특별자치도 제주시 해안동 산 220-13,제주특별자치도 정보정책과,064-710-2352,33.3922369,126.4943907,2024-08-06,I,2026-05-15 18:45:29,2024-08-06 15:05:41
6510000,202465100000700587,유리의성,매표소(주차장 포함),제주특별자치도,제주시,관광,KT,Jeju Free Wifi,,제주특별자치도 제주시 한경면 녹차분재로 462,제주특별자치도 제주시 한경면 저지리 3135-1,제주특별자치도 정보정책과,064-710-2352,33.3144223,126.2733986,2024-08-06,I,2026-05-15 18:45:29,2024-08-06 15:05:45
6510000,202465100000700487,전기차충전소_제주도청,도청 옥상정원 남,제주특별자치도,제주시,교통시설,KT,Jeju Free Wifi,,제주특별자치도 제주시 문연로 6,제주특별자치도 제주시 연동 312-1,제주특별자치도 정보정책과,064-710-2352,33.488912,126.4980781,2024-08-06,I,2026-05-15 18:45:29,2024-08-06 15:05:44
6510000,202465100000701088,매촌 (삼양파출소 사거리방면),정류장천정,제주특별자치도,제주시,교통시설,KT,Jeju Free Wifi,,제주특별자치도 제주시 삼봉로 39,제주특별자치도 제주시 도련이동 515-1,제주특별자치도 정보정책과,064-710-2352,33.517938,126.5889477,2024-08-06,I,2026-05-15 18:45:29,2024-08-06 15:05:50
6510000,202465100000700314,제주동문시장,2층 비스듬히 앞 천장,제주특별자치도,제주시,기타,KT,Jeju Free Wifi,,,제주특별자치도 제주시 일도일동 1362-1,제주특별자치도 정보정책과,064-710-2352,33.5142504,126.5254626,2024-08-06,I,2026-05-15 18:45:29,2024-08-06 15:05:43
6510000,202465100000701291,오현중고등학교 (거로 입구방면),버스정류장 지붕위,제주특별자치도,제주시,교통시설,KT,Jeju Free Wifi,,,제주특별자치도 제주시 화북일동 4668-5,제주특별자치도 정보정책과,064-710-2352,33.5152377,126.5572401,2024-08-06,I,2026-05-15 18:45:29,2024-08-06 15:05:52
6510000,202465100000700083,한림공원,"쌍용각 벽면(매표소,주차장)",제주특별자치도,제주시,관광,KT,Jeju Free Wifi,,제주특별자치도 제주시 한림읍 한림로 300,제주특별자치도 제주시 한림읍 협재리 2487,제주특별자치도 정보정책과,064-710-2352,33.3894246,126.2396008,2024-08-06,I,2026-05-15 18:45:29,2024-08-06 15:05:41
6510000,202465100000701289,용문사거리 (용문마을방면),버스정류장 지붕위,제주특별자치도,제주시,교통시설,KT,Jeju Free Wifi,,,제주특별자치도 제주시 용담이동 641-29,제주특별자치도 정보정책과,064-710-2352,33.5089006,126.5100987,2024-08-06,I,2026-05-15 18:45:29,2024-08-06 15:05:52
6510000,202465100000700030,해변공연장,준비실 상부,제주특별자치도,제주시,지역문화시설,KT,Jeju Free Wifi,,제주특별자치도 제주시 중앙로 2,제주특별자치도 제주시 삼도이동 1262,제주특별자치도 정보정책과,064-710-2352,33.5181634,126.5239646,2024-08-06,I,2026-05-15 18:45:29,2024-08-06 15:05:40
6510000,202465100000701013,종달초등학교 (종달리방면),정류장천정,제주특별자치도,제주시,교통시설,KT,Jeju Free Wifi,,,제주특별자치도 제주시 구좌읍 종달리 1782,제주특별자치도 정보정책과,064-710-2352,33.4929714,126.8971741,2024-08-06,I,2026-05-15 18:45:29,2024-08-06 15:05:49
6510000,202465100000701165,대림아파트 (대유대림아파트방면),정류장 지붕에 무지향 1개,제주특별자치도,제주시,교통시설,KT,Jeju Free Wifi,,제주특별자치도 제주시 남광로 154,제주특별자치도 제주시 일도이동 15-12,제주특별자치도 정보정책과,064-710-2352,33.4995059,126.550345,2024-08-06,I,2026-05-15 18:45:29,2024-08-06 15:05:50
6510000,202465100000700796,삼다공원,IP주,제주특별자치도,제주시,편의시설,KT,Jeju Free Wifi,,,제주특별자치도 제주시 연동 301-15,제주특별자치도 정보정책과,064-710-2352,33.49037,126.4971275,2024-08-06,I,2026-05-15 18:45:29,2024-08-06 15:05:47
6510000,202465100000701284,제주관광대학 (산이굴방면),범죄예방 CCTV Pole,제주특별자치도,제주시,교통시설,KT,Jeju Free Wifi,,제주특별자치도 제주시 애월읍 평화로 2729,제주특별자치도 제주시 애월읍 광령리 900,제주특별자치도 정보정책과,064-710-2352,33.4482734,126.4364232,2024-08-06,I,2026-05-15 18:45:29,2024-08-06 15:05:52
6510000,202465100000700754,서부두 명품회집거리,재난감시CCTV 남,제주특별자치도,제주시,관광,KT,Jeju Free Wifi,,제주특별자치도 제주시 서부두길 18-2,제주특별자치도 제주시 건입동 1319-87,제주특별자치도 정보정책과,064-710-2352,33.5179279,126.5284247,2024-08-06,I,2026-05-15 18:45:29,2024-08-06 15:05:46
6510000,202465100000700410,절물자연휴양림,보안등 POLE대 숲속의집 방향,제주특별자치도,제주시,관광,KT,Jeju Free Wifi,,제주특별자치도 제주시 명림로 584,제주특별자치도 제주시 봉개동 산78-1,제주특별자치도 정보정책과,064-710-2352,33.4313587,126.6225876,2024-08-06,I,2026-05-15 18:45:29,2024-08-06 15:05:43
6510000,202465100000700618,우도면복지회관,방범 CCTV 폴대 - 북,제주특별자치도,제주시,관공서,KT,Jeju Free Wifi,,,제주특별자치도 제주시 우도면 연평리 1457-1,제주특별자치도 정보정책과,064-710-2352,33.5069443,126.9541039,2024-08-06,I,2026-05-15 18:45:29,2024-08-06 15:05:45
6510000,202465100000700058,한마음공원,CCTV POLE,제주특별자치도,제주시,편의시설,KT,Jeju Free Wifi,,,제주특별자치도 제주시 이도이동 1942-1,제주특별자치도 정보정책과,064-710-2352,33.495536,126.544708,2024-08-06,I,2026-05-15 18:45:29,2024-08-06 15:05:40
6510000,202465100000701458,금산공원,공중화장실(남자)북,제주특별자치도,제주시,편의시설,KT,Jeju Free Wifi,,,제주특별자치도 제주시 애월읍 납읍리 1457,제주특별자치도 정보정책과,064-710-2352,33.4337309,126.3312535,2024-08-06,I,2026-05-15 18:45:29,2024-08-06 15:05:53
6510000,202465100000701391,돌빛나예술학교,동굴돌담길 캠핑장 외벽,제주특별자치도,제주시,관광,KT,Jeju Free Wifi,,제주특별자치도 제주시 한림읍 협재남4길 26,제주특별자치도 제주시 한림읍 협재리 2190-1,제주특별자치도 정보정책과,064-710-2352,33.3841791,126.2479812,2024-08-06,I,2026-05-15 18:45:29,2024-08-06 15:05:53
6510000,202465100000700926,연동365의원/한국건강관리협회 (민오름방면),버스정류소 천정,제주특별자치도,제주시,교통시설,KT,Jeju Free Wifi,,,제주특별자치도 제주시 연동 1372-5,제주특별자치도 정보정책과,064-710-2352,33.4816612,126.4904783,2024-08-06,I,2026-05-15 18:45:29,2024-08-06 15:05:48
6510000,202465100000700787,삼성혈 문화의 거리,이도일동주민센터 옥상 북,제주특별자치도,제주시,관광,KT,Jeju Free Wifi,,제주특별자치도 제주시 중앙로23길 20,제주특별자치도 제주시 이도일동 1695-1,제주특별자치도 정보정책과,064-710-2352,33.5074048,126.5267518,2024-08-06,I,2026-05-15 18:45:29,2024-08-06 15:05:47
6510000,202465100000701470,국제대학교,CU벽면에 설치,제주특별자치도,제주시,관공서,KT,Jeju Free Wifi,,제주특별자치도 제주시 516로 2870,제주특별자치도 제주시 영평동 2235,제주특별자치도 정보정책과,064-710-2352,33.4421044,126.5699159,2024-08-06,I,2026-05-15 18:45:29,2024-08-06 15:05:54
6510000,202465100000700419,절물자연휴양림,45번 보안등 중단 지향,제주특별자치도,제주시,관광,KT,Jeju Free Wifi,,제주특별자치도 제주시 명림로 584,제주특별자치도 제주시 봉개동 산78-1,제주특별자치도 정보정책과,064-710-2352,33.4313587,126.6225876,2024-08-06,I,2026-05-15 18:45:29,2024-08-06 15:05:43
6510000,202465100000700136,평수포구,클린하우스 IP주,제주특별자치도,제주시,관광,KT,Jeju Free Wifi,,,제주특별자치도 제주시 한림읍 수원리 960-6,제주특별자치도 정보정책과,064-710-2352,33.4281982,126.2638162,2024-08-06,I,2026-05-15 18:45:29,2024-08-06 15:05:41
6510000,202465100000700035,해녀박물관,2층 홀 북쭉 전망창 앞,제주특별자치도,제주시,관공서,KT,Jeju Free Wifi,,제주특별자치도 제주시 구좌읍 해녀박물관길 26,제주특별자치도 제주시 구좌읍 상도리 3204-1,제주특별자치도 정보정책과,064-710-2352,33.5233105,126.8632248,2024-08-06,I,2026-05-15 18:45:29,2024-08-06 15:05:40
6510000,202465100000700363,제주돌문화공원,돌박물관 뮤지엄샾 옥상,제주특별자치도,제주시,관광,KT,Jeju Free Wifi,,제주특별자치도 제주시 조천읍 남조로 2023,제주특별자치도 제주시 조천읍 교래리 산 95,제주특별자치도 정보정책과,064-710-2352,33.4463446,126.6605733,2024-08-06,I,2026-05-15 18:45:29,2024-08-06 15:05:43
6510000,202465100000701430,노루생태관찰원,1층 전시실,제주특별자치도,제주시,관광,KT,Jeju Free Wifi,,제주특별자치도 제주시 명림로 520,제주특별자치도 제주시 봉개동 산 51-2,제주특별자치도 정보정책과,064-710-2352,33.4454606,126.6194395,2024-08-06,I,2026-05-15 18:45:29,2024-08-06 15:05:53
6510000,202465100000700424,절물자연휴양림,연못 옆 자판기서북,제주특별자치도,제주시,관광,KT,Jeju Free Wifi,,제주특별자치도 제주시 명림로 584,제주특별자치도 제주시 봉개동 산 78-1,제주특별자치도 정보정책과,064-710-2352,33.4313587,126.6225876,2024-08-06,I,2026-05-15 18:45:29,2024-08-06 15:05:43
6510000,202465100000701595,1-6호 공원,CCTV pole,제주특별자치도,제주시,편의시설,KT,Jeju Free Wifi,,제주특별자치도 제주시 신대로16길 22,제주특별자치도 제주시 연동 293-6,제주특별자치도 정보정책과,064-710-2352,33.4870629,126.4942903,2024-08-06,I,2026-05-15 18:45:29,2024-08-06 15:05:55
6510000,202465100000700264,제주서문시장,서문공설시장 1층 정육형식당가 천정(1층 상가),제주특별자치도,제주시,기타,KT,Jeju Free Wifi,,제주특별자치도 제주시 서문로4길 13-2,제주특별자치도 제주시 용담일동 135-9,제주특별자치도 정보정책과,064-710-2352,33.5113564,126.5179133,2024-08-06,I,2026-05-15 18:45:29,2024-08-06 15:05:42
6510000,202465100000700619,우도면복지회관,방범 CCTV 폴대 - 남,제주특별자치도,제주시,관공서,KT,Jeju Free Wifi,,,제주특별자치도 제주시 우도면 연평리 1457-1,제주특별자치도 정보정책과,064-710-2352,33.5069443,126.9541039,2024-08-06,I,2026-05-15 18:45:29,2024-08-06 15:05:45
6510000,202465100000701434,너븐숭이4.3기념관,기념관 외부 벽면,제주특별자치도,제주시,관광,KT,Jeju Free Wifi,,제주특별자치도 제주시 조천읍 북촌3길 3,제주특별자치도 제주시 조천읍 북촌리 1599,제주특별자치도 정보정책과,064-710-2352,33.546054,126.6886251,2024-08-06,I,2026-05-15 18:45:29,2024-08-06 15:05:53
6510000,202465100000700193,지하상가,지하상가 중앙(지하상가 중앙),제주특별자치도,제주시,기타,KT,Jeju Free Wifi,,제주특별자치도 제주시 중앙로 지하 60,제주특별자치도 제주시 일도일동 1425-3,제주특별자치도 정보정책과,064-710-2352,33.5132764,126.5246826,2024-08-06,I,2026-05-15 18:45:29,2024-08-06 15:05:42
6510000,202465100000700873,현사마을 (신산마을방면),버스정류장 상부,제주특별자치도,제주시,교통시설,KT,Jeju Free Wifi,,제주특별자치도 제주시 일주서로 7519,제주특별자치도 제주시 이호일동 1918-6,제주특별자치도 정보정책과,064-710-2352,33.4949729,126.4499601,2024-08-06,I,2026-05-15 18:45:29,2024-08-06 15:05:48
6510000,202465100000700694,신제주외국문화학습관,2층 로비,제주특별자치도,제주시,관공서,KT,Jeju Free Wifi,,제주특별자치도 제주시 1100로 3213,제주특별자치도 제주시 노형동 607,제주특별자치도 정보정책과,064-710-2352,33.4724307,126.4824841,2024-08-06,I,2026-05-15 18:45:29,2024-08-06 15:05:46
6510000,202465100000701664,115호공원,CCTV POLE,제주특별자치도,제주시,편의시설,KT,Jeju Free Wifi,,,제주특별자치도 제주시 아라일동 6071,제주특별자치도 정보정책과,064-710-2352,33.4718938,126.5429195,2024-08-06,I,2026-05-15 18:45:29,2024-08-06 15:05:55
6510000,202465100000700061,한마음공원,CCTV POLE,제주특별자치도,제주시,편의시설,KT,Jeju Free Wifi,,,제주특별자치도 제주시 이도이동 1942-1,제주특별자치도 정보정책과,064-710-2352,33.495536,126.544708,2024-08-06,I,2026-05-15 18:45:29,2024-08-06 15:05:40
6510000,202465100000701661,117호공원,가로등,제주특별자치도,제주시,편의시설,KT,Jeju Free Wifi,,,제주특별자치도 제주시 아라일동 6077,제주특별자치도 정보정책과,064-710-2352,33.4695808,126.5447977,2024-08-06,I,2026-05-15 18:45:29,2024-08-06 15:05:55
6510000,202465100000700021,행원스마트쉘터,입구 첫 충전소 상부,제주특별자치도,제주시,교통시설,KT,Jeju Free Wifi,,,제주특별자치도 제주시 구좌읍,제주특별자치도 정보정책과,064-710-2352,33.5225223,126.8520615,2024-08-06,I,2026-05-15 18:45:29,2024-08-06 15:05:40
6510000,202465100000700633,용연공원,CCTV POLE,제주특별자치도,제주시,편의시설,KT,Jeju Free Wifi,,,제주특별자치도 제주시 용담일동 382-34,제주특별자치도 정보정책과,064-710-2352,33.5149347,126.5148278,2024-08-06,I,2026-05-15 18:45:29,2024-08-06 15:05:45
6510000,202465100000701512,79호공원,공원입구 CCTV POLE,제주특별자치도,제주시,편의시설,KT,Jeju Free Wifi,,제주특별자치도 제주시 진남로6길 35,제주특별자치도 제주시 화북일동 1957,제주특별자치도 정보정책과,064-710-2352,33.5214919,126.5647679,2024-08-06,I,2026-05-15 18:45:29,2024-08-06 15:05:54
6510000,202465100000701152,용문마을회관 (화물청사입구방면),길건너 정류장 방향 지향 1개,제주특별자치도,제주시,교통시설,KT,Jeju Free Wifi,,제주특별자치도 제주시 용문로 110,제주특별자치도 제주시 용담이동 2713-8,제주특별자치도 정보정책과,064-710-2352,33.5048255,126.5078547,2024-08-06,I,2026-05-15 18:45:29,2024-08-06 15:05:50
6510000,202465100000700509,전기차충전소_옹포리사무소(새마을회),인입 ip주 상부,제주특별자치도,제주시,교통시설,KT,Jeju Free Wifi,,제주특별자치도 제주시 한림읍 월계로 21,제주특별자치도 제주시 한림읍 옹포리 117-1,제주특별자치도 정보정책과,064-710-2352,33.4034348,126.255581,2024-08-06,I,2026-05-15 18:45:29,2024-08-06 15:05:44
6510000,202465100000701190,제주대학교입구 (사회복지법인 춘강방면),정류장 지붕에 무지향 1개,제주특별자치도,제주시,교통시설,KT,Jeju Free Wifi,,제주특별자치도 제주시 산천단동1길 12,제주특별자치도 제주시 아라일동 479,제주특별자치도 정보정책과,064-710-2352,33.4570234,126.550321,2024-08-06,I,2026-05-15 18:45:29,2024-08-06 15:05:51
6510000,202465100000700481,전기차충전소_제주보건소,전기 IP주 상단,제주특별자치도,제주시,교통시설,KT,Jeju Free Wifi,,제주특별자치도 제주시 연삼로 264,제주특별자치도 제주시 도남동 567-1,제주특별자치도 정보정책과,064-710-2352,33.4913973,126.5203086,2024-08-06,I,2026-05-15 18:45:29,2024-08-06 15:05:44
6510000,202465100000701282,정부제주 지방합동청사 (보건소방면),버스정류장 지붕위,제주특별자치도,제주시,교통시설,KT,Jeju Free Wifi,,제주특별자치도 제주시 연삼로 319,제주특별자치도 제주시 도남동 59-8,제주특별자치도 정보정책과,064-710-2352,33.4923657,126.526673,2024-08-06,I,2026-05-15 18:45:29,2024-08-06 15:05:52
6510000,202465100000701202,월산마을 (제주아트리움방면),정류장 지붕에 무지향 1개,제주특별자치도,제주시,교통시설,KT,Jeju Free Wifi,,제주특별자치도 제주시 노형로 207,제주특별자치도 제주시 노형동 3278-12,제주특별자치도 정보정책과,064-710-2352,33.4733743,126.4632111,2024-08-06,I,2026-05-15 18:45:29,2024-08-06 15:05:51
6510000,202465100000701414,누웨모루거리(구 바오젠거리),관광안내소 지붕(바오젠거리 공영주차빌딩 주변),제주특별자치도,제주시,관광,KT,Jeju Free Wifi,,제주특별자치도 제주시 신대로12길 54,제주특별자치도 제주시 연동 272-56,제주특별자치도 정보정책과,064-710-2352,33.4890683,126.4909093,2024-08-06,I,2026-05-15 18:45:29,2024-08-06 15:05:53
6510000,202465100000700865,삼화지구 3단지 (오름중학교방면),버스정류장 상부,제주특별자치도,제주시,교통시설,KT,Jeju Free Wifi,,,제주특별자치도 제주시 도련이동 552,제주특별자치도 정보정책과,064-710-2352,33.5160737,126.5867499,2024-08-06,I,2026-05-15 18:45:29,2024-08-06 15:05:47
6510000,202465100000701026,일도2동주민센터 (인화동입구방면),정류장천정,제주특별자치도,제주시,교통시설,KT,Jeju Free Wifi,,,제주특별자치도 제주시 일도이동 432,제주특별자치도 정보정책과,064-710-2352,33.5098345,126.5393134,2024-08-06,I,2026-05-15 18:45:29,2024-08-06 15:05:49
6510000,202465100000701382,만장굴,주차장 기사휴게실 지붕 북동,제주특별자치도,제주시,관광,KT,Jeju Free Wifi,,제주특별자치도 제주시 구좌읍 만장굴길 182,제주특별자치도 제주시 구좌읍 월정리 산 41-5,제주특별자치도 정보정책과,064-710-2352,33.5285116,126.7715122,2024-08-06,I,2026-05-15 18:45:29,2024-08-06 15:05:53
6510000,202465100000700673,애월체육관,체육관 북쪽입구옆,제주특별자치도,제주시,지역문화시설,KT,Jeju Free Wifi,,제주특별자치도 제주시 애월읍 일주서로 6349,제주특별자치도 제주시 애월읍 고내리 1356,제주특별자치도 정보정책과,064-710-2352,33.4631507,126.3327766,2024-08-06,I,2026-05-15 18:45:29,2024-08-06 15:05:46
6510000,202465100000701193,정부제주 지방합동청사 (제주지방법원(아라방면)방면),길건너 정류장 방향 지향 1개,제주특별자치도,제주시,교통시설,KT,Jeju Free Wifi,,제주특별자치도 제주시 연삼로 319,제주특별자치도 제주시 도남동 59-8,제주특별자치도 정보정책과,064-710-2352,33.4923657,126.526673,2024-08-06,I,2026-05-15 18:45:29,2024-08-06 15:05:51
6510000,202465100000701614,1-52호어린이공원,CCTV pole,제주특별자치도,제주시,편의시설,KT,Jeju Free Wifi,,,제주특별자치도 제주시 노형동 1285-2,제주특별자치도 정보정책과,064-710-2352,33.4854945,126.4766184,2024-08-06,I,2026-05-15 18:45:29,2024-08-06 15:05:55
6510000,202465100000701363,미래컨벤션센터 맞은편 생활공원,클린하우스 옆 CCTV 폴대,제주특별자치도,제주시,편의시설,KT,Jeju Free Wifi,,,제주특별자치도 제주시 용담일동 2578-3,제주특별자치도 정보정책과,064-710-2352,33.5061639,126.5149454,2024-08-06,I,2026-05-15 18:45:29,2024-08-06 15:05:53
6510000,202465100000700374,제주도립미술관,1층 홀,제주특별자치도,제주시,지역문화시설,KT,Jeju Free Wifi,,제주특별자치도 제주시 1100로 2894-78,제주특별자치도 제주시 연동 680-7,제주특별자치도 정보정책과,064-710-2352,33.4526427,126.489239,2024-08-06,I,2026-05-15 18:45:29,2024-08-06 15:05:43
6510000,202465100000700377,제주국제공항,공항 1층 GATE 5 상단 기둥 서,제주특별자치도,제주시,교통시설,KT,Jeju Free Wifi,,제주특별자치도 제주시 공항로 2,제주특별자치도 제주시 용담이동 2002,제주특별자치도 정보정책과,064-710-2352,33.506303,126.4921277,2024-08-06,I,2026-05-15 18:45:29,2024-08-06 15:05:43
6510000,202465100000700651,영화의거리,산짓물공원 주차장 방송스피커 북동,제주특별자치도,제주시,관광,KT,Jeju Free Wifi,,제주특별자치도 제주시 관덕로17길 37,제주특별자치도 제주시 건입동 1342-1,제주특별자치도 정보정책과,064-710-2352,33.5156144,126.5287222,2024-08-06,I,2026-05-15 18:45:29,2024-08-06 15:05:45
6510000,202465100000700954,농협지역본부 (병문교방면),인근 가로등설치(맞은편 방향),제주특별자치도,제주시,교통시설,KT,Jeju Free Wifi,,제주특별자치도 제주시 서사로 52,제주특별자치도 제주시 삼도일동 794-1,제주특별자치도 정보정책과,064-710-2352,33.5079053,126.5195757,2024-08-06,I,2026-05-15 18:45:29,2024-08-06 15:05:48
6510000,202465100000700914,곽지해수욕장 (금빛신협방면),버스정류장 천장,제주특별자치도,제주시,교통시설,KT,Jeju Free Wifi,,,제주특별자치도 제주시 애월읍 곽지리 1668-3,제주특별자치도 정보정책과,064-710-2352,33.4483834,126.3074853,2024-08-06,I,2026-05-15 18:45:29,2024-08-06 15:05:48
6510000,202465100000701373,문주란 자생지,북쪽 건물 뒤 벽면 위,제주특별자치도,제주시,관광,KT,Jeju Free Wifi,,제주특별자치도 제주시 구좌읍 해맞이해안로 1845,제주특별자치도 제주시 구좌읍 하도리 385-6,제주특별자치도 정보정책과,064-710-2352,33.5232241,126.8975546,2024-08-06,I,2026-05-15 18:45:29,2024-08-06 15:05:53
6510000,202465100000700637,용두암,주차관리실 IP주에 지향 1개,제주특별자치도,제주시,관광,KT,Jeju Free Wifi,,제주특별자치도 제주시 용두암길 15,제주특별자치도 제주시 용담이동 483,제주특별자치도 정보정책과,064-710-2352,33.5150728,126.5120594,2024-08-06,I,2026-05-15 18:45:29,2024-08-06 15:05:45
6510000,202465100000700630,우도 검멀레해수욕장,KT전주 -동,제주특별자치도,제주시,관광,KT,Jeju Free Wifi,,,제주특별자치도 제주시 우도면 연평리 317-11,제주특별자치도 정보정책과,064-710-2352,33.4974701,126.9683048,2024-08-06,I,2026-05-15 18:45:29,2024-08-06 15:05:45
6510000,202465100000700934,화북주공아파트입구 (제주동중학교방면),인근 가로등설치(맞은편 방향),제주특별자치도,제주시,교통시설,KT,Jeju Free Wifi,,제주특별자치도 제주시 동화로 12,제주특별자치도 제주시 화북일동 1221-13,제주특별자치도 정보정책과,064-710-2352,33.518851,126.5726367,2024-08-06,I,2026-05-15 18:45:29,2024-08-06 15:05:48
6510000,202465100000700135,하고수동해수욕장,IP 주,제주특별자치도,제주시,관광,KT,Jeju Free Wifi,,,제주특별자치도 제주시 우도면 연평리 682-6,제주특별자치도 정보정책과,064-710-2352,33.5122389,126.9597018,2024-08-06,I,2026-05-15 18:45:29,2024-08-06 15:05:41
6510000,202465100000700990,남주동 (하귀 하나로마트방면),버스정류장 상부,제주특별자치도,제주시,교통시설,KT,Jeju Free Wifi,,,제주특별자치도 제주시 애월읍 하귀1리 1363-4,제주특별자치도 정보정책과,064-710-2352,33.4837553,126.4085333,2024-08-06,I,2026-05-15 18:45:29,2024-08-06 15:05:49
6510000,202465100000700955,농협지역본부 (제주중앙 여자중학교방면),버스정류소 천정,제주특별자치도,제주시,교통시설,KT,Jeju Free Wifi,,제주특별자치도 제주시 서사로 52,제주특별자치도 제주시 삼도일동 794-1,제주특별자치도 정보정책과,064-710-2352,33.5079053,126.5195757,2024-08-06,I,2026-05-15 18:45:29,2024-08-06 15:05:48
6510000,202465100000701697,절물자연휴양림,방문객센터,제주특별자치도,제주시,관광,KT,Jeju Free Wifi,,제주특별자치도 제주시 명림로 584,제주특별자치도 제주시 봉개동 산 78-1,제주특별자치도 정보정책과,064-710-2378,33.4400488100,126.6252034000,2024-08-06,I,2026-05-15 18:45:29,2024-08-06 15:05:56
6510000,202465100000701448,김녕미로공원,매표소 주차장 방향,제주특별자치도,제주시,관광,KT,Jeju Free Wifi,,제주특별자치도 제주시 구좌읍 만장굴길 122,제주특별자치도 제주시 구좌읍 김녕리 산 16,제주특별자치도 정보정책과,064-710-2352,33.5364602,126.7720673,2024-08-06,I,2026-05-15 18:45:29,2024-08-06 15:05:53
6510000,202465100000701129,보성시장 (시민회관방면),정류장 지붕에 무지향 1개,제주특별자치도,제주시,교통시설,KT,Jeju Free Wifi,,제주특별자치도 제주시 중앙로 177,제주특별자치도 제주시 이도일동 1289-6,제주특별자치도 정보정책과,064-710-2352,33.5034101,126.5274436,2024-08-06,I,2026-05-15 18:45:29,2024-08-06 15:05:50
6510000,202465100000701029,신설동 (이도근린공원방면),정류장천정,제주특별자치도,제주시,교통시설,KT,Jeju Free Wifi,,,제주특별자치도 제주시 일도이동 115-11,제주특별자치도 정보정책과,064-710-2352,33.4995201,126.5469442,2024-08-06,I,2026-05-15 18:45:29,2024-08-06 15:05:49
6510000,202465100000701386,두모리포구,중계기 - 서,제주특별자치도,제주시,관광,KT,Jeju Free Wifi,,,제주특별자치도 제주시 한경면 두모리 2607,제주특별자치도 정보정책과,064-710-2352,33.3576018,126.1821439,2024-08-06,I,2026-05-15 18:45:29,2024-08-06 15:05:53
6510000,202465100000700951,삼화지구 (화북휴먼시아방면),버스정류소 천정,제주특별자치도,제주시,교통시설,KT,Jeju Free Wifi,,,제주특별자치도 제주시 삼양이동 2298,제주특별자치도 정보정책과,064-710-2352,33.5178869,126.5789599,2024-08-06,I,2026-05-15 18:45:29,2024-08-06 15:05:48
6510000,202465100000700688,신창풍차해안도로,중계기 북,제주특별자치도,제주시,관광,KT,Jeju Free Wifi,,제주특별자치도 제주시 한경면 한경해안로 565,제주특별자치도 제주시 한경면 신창리 542-9,제주특별자치도 정보정책과,064-710-2352,33.3460573,126.179344,2024-08-06,I,2026-05-15 18:45:29,2024-08-06 15:05:46
6510000,202465100000701533,20코스,세화포구 남자화장실 지붕위 서,제주특별자치도,제주시,관광,KT,Jeju Free Wifi,,제주특별자치도 제주시 구좌읍 해맞이해안로 1465,제주특별자치도 제주시 구좌읍 세화리 1381-2,제주특별자치도 정보정책과,064-710-2352,33.5248323,126.8620316,2024-08-06,I,2026-05-15 18:45:29,2024-08-06 15:05:54
6510000,202465100000700451,전기차충전소_한국폴리텍대학 제주캠퍼스,충전소 옆 울타리 상단,제주특별자치도,제주시,교통시설,KT,Jeju Free Wifi,,제주특별자치도 제주시 산천단동3길 2,제주특별자치도 제주시 아라일동 362-32,제주특별자치도 정보정책과,064-710-2352,33.4478632,126.5611422,2024-08-06,I,2026-05-15 18:45:29,2024-08-06 15:05:44
6510000,202465100000700256,제주센트럴파크,매표소 동,제주특별자치도,제주시,관광,KT,Jeju Free Wifi,,제주특별자치도 제주시 조천읍 비자림로 606,제주특별자치도 제주시 조천읍 교래리 산 56-4,제주특별자치도 정보정책과,064-710-2352,33.4337851,126.6748209,2024-08-06,I,2026-05-15 18:45:29,2024-08-06 15:05:42
6510000,202465100000700806,사려니숲길,외벽,제주특별자치도,제주시,관광,KT,Jeju Free Wifi,,,제주특별자치도 제주시 봉개동 2750-2,제주특별자치도 정보정책과,064-710-2352,33.434312,126.6377461,2024-08-06,I,2026-05-15 18:45:29,2024-08-06 15:05:47
6510000,202465100000700270,제주민속오일장,남쪽입구 화장실 처마,제주특별자치도,제주시,기타,KT,Jeju Free Wifi,,제주특별자치도 제주시 오일장서길 26,제주특별자치도 제주시 도두일동 1212,제주특별자치도 정보정책과,064-710-2352,33.4961986,126.4753548,2024-08-06,I,2026-05-15 18:45:29,2024-08-06 15:05:42
6510000,202465100000701491,교래닭특화거리,CCTV pole,제주특별자치도,제주시,관광,KT,Jeju Free Wifi,,제주특별자치도 제주시 조천읍 비자림로 661,제주특별자치도 제주시 조천읍 교래리 534,제주특별자치도 정보정책과,064-710-2352,33.4372663,126.6774456,2024-08-06,I,2026-05-15 18:45:29,2024-08-06 15:05:54
6510000,202465100000700675,애월읍사무소,3층 프로그램실 앞 복도 천장,제주특별자치도,제주시,관공서,KT,Jeju Free Wifi,,제주특별자치도 제주시 애월읍 일주서로 6322,제주특별자치도 제주시 애월읍 애월리 240,제주특별자치도 정보정책과,064-710-2352,33.4619529,126.3295189,2024-08-06,I,2026-05-15 18:45:29,2024-08-06 15:05:46
6510000,202465100000700152,탑동 테마거리,탑동사거리 관광안내소 북동,제주특별자치도,제주시,관광,KT,Jeju Free Wifi,,제주특별자치도 제주시 중앙로 20,제주특별자치도 제주시 삼도이동 1192-21,제주특별자치도 정보정책과,064-710-2352,33.5166557,126.5245499,2024-08-06,I,2026-05-15 18:45:29,2024-08-06 15:05:41
6510000,202465100000700376,제주국제공항,공항 렌터카하우스 로비 중앙,제주특별자치도,제주시,교통시설,KT,Jeju Free Wifi,,제주특별자치도 제주시 공항로 2,제주특별자치도 제주시 용담이동 2002,제주특별자치도 정보정책과,064-710-2352,33.506303,126.4921277,2024-08-06,I,2026-05-15 18:45:29,2024-08-06 15:05:43
6510000,202465100000700974,애월리 (애월하나로마트방면),버스정류장 상부,제주특별자치도,제주시,교통시설,KT,Jeju Free Wifi,,,제주특별자치도 제주시 애월읍 애월리 1719-9,제주특별자치도 정보정책과,064-710-2352,33.4643677,126.3207492,2024-08-06,I,2026-05-15 18:45:29,2024-08-06 15:05:49
6510000,202465100000701423,노형동주민센터,2층 복도 상부,제주특별자치도,제주시,관공서,KT,Jeju Free Wifi,,,제주특별자치도 제주시 노형동 9,제주특별자치도 정보정책과,064-710-2352,33.4856861,126.484889,2024-08-06,I,2026-05-15 18:45:29,2024-08-06 15:05:53
6510000,202465100000700308,제주동문시장,12번 게이트 기둥,제주특별자치도,제주시,기타,KT,Jeju Free Wifi,,제주특별자치도 제주시 동문로4길 1,제주특별자치도 제주시 일도일동 1137,제주특별자치도 정보정책과,064-710-2352,33.5126847,126.5287503,2024-08-06,I,2026-05-15 18:45:29,2024-08-06 15:05:43
6510000,202465100000700723,수운근린공원,수운근린공원 인근cctv 서쪽방향,제주특별자치도,제주시,편의시설,KT,Jeju Free Wifi,,제주특별자치도 제주시 청귤로5길 6-9,제주특별자치도 제주시 이도이동 371,제주특별자치도 정보정책과,064-710-2352,33.5003181,126.539667,2024-08-06,I,2026-05-15 18:45:29,2024-08-06 15:05:46
6510000,202465100000700655,연화지,화장실 외벽,제주특별자치도,제주시,관광,KT,Jeju Free Wifi,,제주특별자치도 제주시 애월읍 고하상로 122,제주특별자치도 제주시 애월읍 하가리 1375-1,제주특별자치도 정보정책과,064-710-2352,33.4556084,126.3485378,2024-08-06,I,2026-05-15 18:45:29,2024-08-06 15:05:45
6510000,202465100000700381,제주국제공항,공항 1층 GATE 2 상단 기둥 남,제주특별자치도,제주시,교통시설,KT,Jeju Free Wifi,,제주특별자치도 제주시 공항로 2,제주특별자치도 제주시 용담이동 2002,제주특별자치도 정보정책과,064-710-2352,33.506303,126.4921277,2024-08-06,I,2026-05-15 18:45:29,2024-08-06 15:05:43
6510000,202465100000701608,15코스,사무실외벽-북동 올레길,제주특별자치도,제주시,관광,KT,Jeju Free Wifi,,제주특별자치도 제주시 애월읍 구몰동길 65,제주특별자치도 제주시 애월읍 봉성리 3608,제주특별자치도 정보정책과,064-710-2352,33.4291553,126.3069555,2024-08-06,I,2026-05-15 18:45:29,2024-08-06 15:05:55
6510000,202465100000700898,으뜸마을 (중흥S클래스아파트방면),버스정류장 지붕 위,제주특별자치도,제주시,교통시설,KT,Jeju Free Wifi,,,제주특별자치도 제주시 노형동 768,제주특별자치도 정보정책과,064-710-2352,33.4775374,126.4827931,2024-08-06,I,2026-05-15 18:45:29,2024-08-06 15:05:48
6510000,202465100000701143,해오름아파트 (연동대림1차아파트방면),CCTV 폴에 정류장 방향 지향성 1개,제주특별자치도,제주시,교통시설,KT,Jeju Free Wifi,,제주특별자치도 제주시 연북로 42,제주특별자치도 제주시 노형동 725-4,제주특별자치도 정보정책과,064-710-2352,33.4816317,126.4858418,2024-08-06,I,2026-05-15 18:45:29,2024-08-06 15:05:50
6510000,202465100000700253,제주센트럴파크,매표소 북,제주특별자치도,제주시,관광,KT,Jeju Free Wifi,,제주특별자치도 제주시 조천읍 비자림로 606,제주특별자치도 제주시 조천읍 교래리 산56-4,제주특별자치도 정보정책과,064-710-2352,33.4337851,126.6748209,2024-08-06,I,2026-05-15 18:45:29,2024-08-06 15:05:42
6510000,202465100000700161,칠성로 쇼핑거리,CCTV pole,제주특별자치도,제주시,관광,KT,Jeju Free Wifi,,제주특별자치도 제주시 관덕로15길 15,제주특별자치도 제주시 일도일동 1305,제주특별자치도 정보정책과,064-710-2352,33.5146586,126.5264351,2024-08-06,I,2026-05-15 18:45:29,2024-08-06 15:05:41
6510000,202465100000700760,생각하는정원,매표소 상부,제주특별자치도,제주시,관광,KT,Jeju Free Wifi,,제주특별자치도 제주시 한경면 녹차분재로 678,제주특별자치도 제주시 한경면 저지리 1529-1,제주특별자치도 정보정책과,064-710-2352,33.3263854,126.2553032,2024-08-06,I,2026-05-15 18:45:29,2024-08-06 15:05:46
6510000,202465100000700893,구산마을입구 (오등동입구 방면),버스정류소상부,제주특별자치도,제주시,교통시설,KT,Jeju Free Wifi,,,제주특별자치도 제주시 아라일동 2547-1,제주특별자치도 정보정책과,064-710-2352,33.4836479,126.534309,2024-08-06,I,2026-05-15 18:45:29,2024-08-06 15:05:48
6510000,202465100000700521,전기차충전소_애월119센터,건물 우측 기둥 상단,제주특별자치도,제주시,교통시설,KT,Jeju Free Wifi,,제주특별자치도 제주시 애월읍 일주서로 6513,제주특별자치도 제주시 애월읍 고내리 215,제주특별자치도 정보정책과,064-710-2352,33.4666829,126.348801,2024-08-06,I,2026-05-15 18:45:29,2024-08-06 15:05:44
6510000,202465100000700394,제주 마방목지,CCTV POLE,제주특별자치도,제주시,관광,KT,Jeju Free Wifi,,제주특별자치도 제주시 516로 2480,제주특별자치도 제주시 용강동 산14-34,제주특별자치도 정보정책과,064-710-2352,33.4283888,126.6061187,2024-08-06,I,2026-05-15 18:45:29,2024-08-06 15:05:43
6510000,202465100000700312,제주동문시장,10번 게이트 옆 고객 쉼터 위,제주특별자치도,제주시,기타,KT,Jeju Free Wifi,,,제주특별자치도 제주시 일도일동 1104-9,제주특별자치도 정보정책과,064-710-2352,33.5117416,126.5282927,2024-08-06,I,2026-05-15 18:45:29,2024-08-06 15:05:43
6510000,202465100000701515,46호공원,CCTV POLE,제주특별자치도,제주시,편의시설,KT,Jeju Free Wifi,,,제주특별자치도 제주시 연동 1962-1,제주특별자치도 정보정책과,064-710-2352,33.4906293,126.48363,2024-08-06,I,2026-05-15 18:45:29,2024-08-06 15:05:54
6510000,202465100000700350,제주동문시장,다모아인근 골목시장 내부기둥,제주특별자치도,제주시,기타,KT,Jeju Free Wifi,,제주특별자치도 제주시 중앙로 63-10,제주특별자치도 제주시 이도일동 1409-2,제주특별자치도 정보정책과,064-710-2352,33.5116824,126.5248281,2024-08-06,I,2026-05-15 18:45:29,2024-08-06 15:05:43
6510000,202465100000700040,항파두리 항몽유적지,전시관 1층 벽면,제주특별자치도,제주시,관광,KT,Jeju Free Wifi,,제주특별자치도 제주시 애월읍 항파두리로 50,제주특별자치도 제주시 애월읍 상귀리 1012,제주특별자치도 정보정책과,064-710-2352,33.4525623,126.4078881,2024-08-06,I,2026-05-15 18:45:29,2024-08-06 15:05:40
6510000,202465100000701415,농업기술원(농산물원종장 홍보관),1층 로비,제주특별자치도,제주시,관공서,KT,Jeju Free Wifi,,제주특별자치도 제주시 애월읍 월각로 563-20,제주특별자치도 제주시 애월읍 봉성리 951-7,제주특별자치도 정보정책과,064-710-2352,33.3755363,126.3285943,2024-08-06,I,2026-05-15 18:45:29,2024-08-06 15:05:53
6510000,202465100000701286,제주민속오일장 (제주민속오일장입구방면),버스정류장 지붕위,제주특별자치도,제주시,교통시설,KT,Jeju Free Wifi,,,제주특별자치도 제주시 노형동 1141-3,제주특별자치도 정보정책과,064-710-2352,33.493673,126.4752592,2024-08-06,I,2026-05-15 18:45:29,2024-08-06 15:05:52
6510000,202465100000700995,한라병원 (삼무공원사거리/롯데시티호텔방면),버스정류장 천정,제주특별자치도,제주시,교통시설,KT,Jeju Free Wifi,,제주특별자치도 제주시 도령로 70,제주특별자치도 제주시 연동 251-21,제주특별자치도 정보정책과,064-710-2352,33.4895212,126.4859089,2024-08-06,I,2026-05-15 18:45:29,2024-08-06 15:05:49
6510000,202465100000700385,제주교육박물관,사무동 지하,제주특별자치도,제주시,관공서,KT,Jeju Free Wifi,,제주특별자치도 제주시 오복4길 25,제주특별자치도 제주시 이도이동 539-14,제주특별자치도 정보정책과,064-710-2352,33.4944939,126.5381292,2024-08-06,I,2026-05-15 18:45:29,2024-08-06 15:05:43
6510000,202465100000701139,정든마을 (백록초등학교방면),길건너 정류장 방향 지향 1개,제주특별자치도,제주시,교통시설,KT,Jeju Free Wifi,,제주특별자치도 제주시 수덕로 25,제주특별자치도 제주시 노형동 1058-1,제주특별자치도 정보정책과,064-710-2352,33.487272,126.4745322,2024-08-06,I,2026-05-15 18:45:29,2024-08-06 15:05:50
6510000,202465100000700399,절물자연휴양림,보안등 52 중단 지향,제주특별자치도,제주시,관광,KT,Jeju Free Wifi,,제주특별자치도 제주시 명림로 584,제주특별자치도 제주시 봉개동 산78-1,제주특별자치도 정보정책과,064-710-2352,33.4313587,126.6225876,2024-08-06,I,2026-05-15 18:45:29,2024-08-06 15:05:43
6510000,202465100000700861,탑동푸른쉼터(제주해변공연장방면),버스정류장 상부,제주특별자치도,제주시,교통시설,KT,Jeju Free Wifi,,,제주특별자치도 제주시 건입동 1442-2,제주특별자치도 정보정책과,064-710-2352,33.5168031,126.5270876,2024-08-06,I,2026-05-15 18:45:29,2024-08-06 15:05:47
6510000,202465100000700162,칠성로 쇼핑거리,CCTV pole,제주특별자치도,제주시,관광,KT,Jeju Free Wifi,,제주특별자치도 제주시 관덕로15길 15,제주특별자치도 제주시 일도일동 1305,제주특별자치도 정보정책과,064-710-2352,33.5146586,126.5264351,2024-08-06,I,2026-05-15 18:45:29,2024-08-06 15:05:41
6510000,202465100000701303,삼양이동 (화북주공아파트방면),버스정류장 지붕위,제주특별자치도,제주시,교통시설,KT,Jeju Free Wifi,,제주특별자치도 제주시 일주동로 349,제주특별자치도 제주시 삼양이동 2129-23,제주특별자치도 정보정책과,064-710-2352,33.5214588,126.5822491,2024-08-06,I,2026-05-15 18:45:29,2024-08-06 15:05:52
6510000,202465100000700724,수운근린공원,야외공연장 외벽 남쪽에 지향 1개,제주특별자치도,제주시,편의시설,KT,Jeju Free Wifi,,제주특별자치도 제주시 청귤로5길 6-9,제주특별자치도 제주시 이도이동 371,제주특별자치도 정보정책과,064-710-2352,33.5003181,126.539667,2024-08-06,I,2026-05-15 18:45:29,2024-08-06 15:05:46
6510000,202465100000700465,전기차충전소_조천체육관,입구 우측 벽면,제주특별자치도,제주시,교통시설,KT,Jeju Free Wifi,,제주특별자치도 제주시 조천읍 조천18길 11-1,제주특별자치도 제주시 조천읍 조천리 1176-1,제주특별자치도 정보정책과,064-710-2352,33.5391265,126.6439526,2024-08-06,I,2026-05-15 18:45:29,2024-08-06 15:05:44
6510000,202465100000700732,세화공원,CCTV POLE,제주특별자치도,제주시,편의시설,KT,Jeju Free Wifi,,제주특별자치도 제주시 구좌읍 해녀박물관길 26,제주특별자치도 제주시 구좌읍 상도리 471-32,제주특별자치도 정보정책과,064-710-2352,33.5215849,126.8638179,2024-08-06,I,2026-05-15 18:45:29,2024-08-06 15:05:46
6510000,202465100000700920,동광초등학교 (연수마을방면),인근 가로등설치(맞은편 방향),제주특별자치도,제주시,교통시설,KT,Jeju Free Wifi,,제주특별자치도 제주시 연삼로 519,제주특별자치도 제주시 일도이동 69-3,제주특별자치도 정보정책과,064-710-2352,33.5014673,126.5446195,2024-08-06,I,2026-05-15 18:45:29,2024-08-06 15:05:48
6510000,202465100000700695,신제주외국문화학습관,1층 로비,제주특별자치도,제주시,관공서,KT,Jeju Free Wifi,,제주특별자치도 제주시 1100로 3213,제주특별자치도 제주시 노형동 607,제주특별자치도 정보정책과,064-710-2352,33.4724307,126.4824841,2024-08-06,I,2026-05-15 18:45:29,2024-08-06 15:05:46
6510000,202465100000700093,한라생태숲,주차관리소 벽면 서,제주특별자치도,제주시,관광,KT,Jeju Free Wifi,,제주특별자치도 제주시 516로 2596,제주특별자치도 제주시 용강동 산 14-1,제주특별자치도 정보정책과,064-710-2352,33.4282925,126.6047761,2024-08-06,I,2026-05-15 18:45:29,2024-08-06 15:05:41
6510000,202465100000700600,웃뜨르빛센터,입구 외벽 - 행사장,제주특별자치도,제주시,관광,KT,Jeju Free Wifi,,제주특별자치도 제주시 한경면 연명로 348,제주특별자치도 제주시 한경면 청수리 113-3,제주특별자치도 정보정책과,064-710-2352,33.302276,126.2590152,2024-08-06,I,2026-05-15 18:45:29,2024-08-06 15:05:45
6510000,202465100000700090,한라수목원,관리소 외부벽면 북,제주특별자치도,제주시,관광,KT,Jeju Free Wifi,,제주특별자치도 제주시 수목원길 72,제주특별자치도 제주시 연동 1012,제주특별자치도 정보정책과,064-710-2352,33.4690562,126.490385,2024-08-06,I,2026-05-15 18:45:29,2024-08-06 15:05:41
6510000,202465100000700743,선녀와나무꾼 테마공원,매표소 동,제주특별자치도,제주시,관광,KT,Jeju Free Wifi,,제주특별자치도 제주시 조천읍 선교로 267,제주특별자치도 제주시 조천읍 선흘리 1997,제주특별자치도 정보정책과,064-710-2352,33.4790147,126.7034721,2024-08-06,I,2026-05-15 18:45:29,2024-08-06 15:05:46
6510000,202465100000700426,절물자연휴양림,연못 옆 자판기 동남,제주특별자치도,제주시,관광,KT,Jeju Free Wifi,,제주특별자치도 제주시 명림로 584,제주특별자치도 제주시 봉개동 산 78-1,제주특별자치도 정보정책과,064-710-2352,33.4313587,126.6225876,2024-08-06,I,2026-05-15 18:45:29,2024-08-06 15:05:43
6510000,202465100000700147,탑동 테마거리,공원화장실 지붕북,제주특별자치도,제주시,관광,KT,Jeju Free Wifi,,제주특별자치도 제주시 탑동해안로 46,제주특별자치도 제주시 삼도이동 1256,제주특별자치도 정보정책과,064-710-2352,33.5186412,126.5201893,2024-08-06,I,2026-05-15 18:45:29,2024-08-06 15:05:41
6510000,202465100000701160,롯데마트 (원노형방면),CCTV 폴에 정류장 방향 지향성 1개,제주특별자치도,제주시,교통시설,KT,Jeju Free Wifi,,제주특별자치도 제주시 연북로 21,제주특별자치도 제주시 노형동 710-2,제주특별자치도 정보정책과,064-710-2352,33.4823972,126.4835583,2024-08-06,I,2026-05-15 18:45:29,2024-08-06 15:05:50
6510000,202465100000700230,제주의료원,지하 구내매점 천정,제주특별자치도,제주시,기타,KT,Jeju Free Wifi,,제주특별자치도 제주시 산천단남길 10,제주특별자치도 제주시 아라일동 4-17,제주특별자치도 정보정책과,064-710-2352,33.4453101,126.5602272,2024-08-06,I,2026-05-15 18:45:29,2024-08-06 15:05:42
6510000,202465100000701746,협재 해변(협재해수욕장),종합상황실 외벽(북동),제주특별자치도,제주시,관광,KT,Jeju Free Wifi,,,제주특별자치도 제주시 한림읍 협재리 2451,제주특별자치도 정보정책과,064-710-2427,33.3935270989,126.2383779844,2024-08-06,I,2026-05-15 18:45:29,2024-08-06 15:05:56
6510000,202465100000701670,110호어린이공원,CCTV POLE,제주특별자치도,제주시,편의시설,KT,Jeju Free Wifi,,,제주특별자치도 제주시 아라일동 2204-3,제주특별자치도 정보정책과,064-710-2352,33.477504,126.5408245,2024-08-06,I,2026-05-15 18:45:29,2024-08-06 15:05:55
6510000,202465100000701728,이도공원,화장실 외벽 (서벽),제주특별자치도,제주시,편의시설,KT,Jeju Free Wifi,,제주특별자치도 제주시 이도공원동길 6,제주특별자치도 제주시 이도이동 440,제주특별자치도 정보정책과,064-710-2409,33.4978154400,126.5444891000,2024-08-06,I,2026-05-15 18:45:29,2024-08-06 15:05:56
6510000,202465100000700208,제주환상자전거길,외벽 남- 제주환상자전거길 스탬프,제주특별자치도,제주시,관광,KT,Jeju Free Wifi,,,제주특별자치도 제주시 한경면 판포리 1608,제주특별자치도 정보정책과,064-710-2352,33.3700318,126.2061678,2024-08-06,I,2026-05-15 18:45:29,2024-08-06 15:05:42
6510000,202465100000701154,연동주민센터 (제주도청 신제주로터리방면),현수막 구조물에 정류장 방향 지향 1개,제주특별자치도,제주시,교통시설,KT,Jeju Free Wifi,,제주특별자치도 제주시 신대로 101,제주특별자치도 제주시 연동 302-6,제주특별자치도 정보정책과,064-710-2352,33.4882932,126.4968621,2024-08-06,I,2026-05-15 18:45:29,2024-08-06 15:05:50
6510000,202465100000701738,항일기념관,1층 홀,제주특별자치도,제주시,관광,KT,Jeju Free Wifi,,제주특별자치도 제주시 조천읍 신북로 303,,제주특별자치도 정보정책과,064-710-2419,33.54176698,126.6430814,2024-08-06,I,2026-05-15 18:45:29,2024-08-06 15:05:56
6510000,202465100000700243,제주의료원,23병동 2층 음압병동 천정,제주특별자치도,제주시,기타,KT,Jeju Free Wifi,,제주특별자치도 제주시 산천단남길 10,제주특별자치도 제주시 아라일동 4-17,제주특별자치도 정보정책과,064-710-2352,33.4457069,126.5594571,2024-08-06,I,2026-05-15 18:45:29,2024-08-06 15:05:42
6510000,202465100000700115,한담해변,KT 주 - 동북,제주특별자치도,제주시,관광,KT,Jeju Free Wifi,,제주특별자치도 제주시 애월읍 곽지11길 27,제주특별자치도 제주시 애월읍 곽지리 1565-35,제주특별자치도 정보정책과,064-710-2352,33.4537897,126.3066166,2024-08-06,I,2026-05-15 18:45:29,2024-08-06 15:05:41
6510000,202465100000700379,제주국제공항,공항 1층 GATE 5 상단 기둥 동,제주특별자치도,제주시,교통시설,KT,Jeju Free Wifi,,제주특별자치도 제주시 공항로 2,제주특별자치도 제주시 용담이동 2002,제주특별자치도 정보정책과,064-710-2352,33.506303,126.4921277,2024-08-06,I,2026-05-15 18:45:29,2024-08-06 15:05:43
6510000,202465100000700438,전기차충전소_화북이동 공영주차장,전기차충전소인근 CCTV,제주특별자치도,제주시,교통시설,KT,Jeju Free Wifi,,,제주특별자치도 제주시 화북이동 3378-4,제주특별자치도 정보정책과,064-710-2352,33.5083601,126.5612395,2024-08-06,I,2026-05-15 18:45:29,2024-08-06 15:05:44
6510000,202465100000700168,칠성로 쇼핑거리,주정차무인단속,제주특별자치도,제주시,관광,KT,Jeju Free Wifi,,제주특별자치도 제주시 관덕로13길 14,제주특별자치도 제주시 일도일동 1340-1,제주특별자치도 정보정책과,064-710-2352,33.5142402,126.5261193,2024-08-06,I,2026-05-15 18:45:29,2024-08-06 15:05:41
6510000,202465100000700367,제주돌마을공원,수석박물관 실내,제주특별자치도,제주시,관광,KT,Jeju Free Wifi,,제주특별자치도 제주시 한림읍 금능남로 41,제주특별자치도 제주시 한림읍 금능리 368-2,제주특별자치도 정보정책과,064-710-2352,33.3540029,126.2536136,2024-08-06,I,2026-05-15 18:45:29,2024-08-06 15:05:43
6510000,202465100000701171,화북주공아파트 (삼양2동방면),길건너 정류장 방향 지향 1개,제주특별자치도,제주시,교통시설,KT,Jeju Free Wifi,,제주특별자치도 제주시 일주동로 281,제주특별자치도 제주시 화북일동 1265-1,제주특별자치도 정보정책과,064-710-2352,33.5214211,126.5750379,2024-08-06,I,2026-05-15 18:45:29,2024-08-06 15:05:50
6510000,202465100000700469,전기차충전소_제주항여객터미널,주차장요금정산소 IP주,제주특별자치도,제주시,교통시설,KT,Jeju Free Wifi,,제주특별자치도 제주시 임항로 111,제주특별자치도 제주시 건입동 918-25,제주특별자치도 정보정책과,064-710-2352,33.5202783,126.5358011,2024-08-06,I,2026-05-15 18:45:29,2024-08-06 15:05:44
6510000,202465100000700479,전기차충전소_제주소방서 항만119센터,사무실 외벽에서 충전소 방향,제주특별자치도,제주시,교통시설,KT,Jeju Free Wifi,,제주특별자치도 제주시 임항로 146,제주특별자치도 제주시 건입동 902-2,제주특별자치도 정보정책과,064-710-2352,33.5200405,126.5393356,2024-08-06,I,2026-05-15 18:45:29,2024-08-06 15:05:44
6510000,202465100000701014,구좌중앙초등학교 (월정리방면),정류장천정,제주특별자치도,제주시,교통시설,KT,Jeju Free Wifi,,제주특별자치도 제주시 구좌읍 월정7길 1,제주특별자치도 제주시 구좌읍 월정리 100,제주특별자치도 정보정책과,064-710-2352,33.5518511,126.7978545,2024-08-06,I,2026-05-15 18:45:29,2024-08-06 15:05:49
6510000,202465100000700155,탑동 테마거리,탑동광장 관리사무소 동,제주특별자치도,제주시,관광,KT,Jeju Free Wifi,,제주특별자치도 제주시 중앙로 1,제주특별자치도 제주시 건입동 1444,제주특별자치도 정보정책과,064-710-2352,33.5181592,126.5251272,2024-08-06,I,2026-05-15 18:45:29,2024-08-06 15:05:41
6510000,202465100000701703,삼양동선사유적,실내전시관,제주특별자치도,제주시,관광,KT,Jeju Free Wifi,,제주특별자치도 제주시 선사로2길 13,제주특별자치도 제주시 삼양일동 1660-5,제주특별자치도 정보정책과,064-710-2384,33.5235045800,126.5879995000,2024-08-06,I,2026-05-15 18:45:29,2024-08-06 15:05:56
6510000,202465100000700473,전기차충전소_제주연구원,IP주 지향1개,제주특별자치도,제주시,교통시설,KT,Jeju Free Wifi,,제주특별자치도 제주시 아연로 253,제주특별자치도 제주시 오라이동 44-1,제주특별자치도 정보정책과,064-710-2352,33.4677168,126.5145903,2024-08-06,I,2026-05-15 18:45:29,2024-08-06 15:05:44
6510000,202465100000701240,대학동 (용담어린이집방면),정류장 지붕에 무지향 1개,제주특별자치도,제주시,교통시설,KT,Jeju Free Wifi,,제주특별자치도 제주시 용담로 36,제주특별자치도 제주시 용담이동 592-7,제주특별자치도 정보정책과,064-710-2352,33.5128863,126.5064248,2024-08-06,I,2026-05-15 18:45:29,2024-08-06 15:05:51
6510000,202465100000700060,한마음공원,CCTV POLE,제주특별자치도,제주시,편의시설,KT,Jeju Free Wifi,,,제주특별자치도 제주시 이도이동 1942-1,제주특별자치도 정보정책과,064-710-2352,33.495536,126.544708,2024-08-06,I,2026-05-15 18:45:29,2024-08-06 15:05:40
6510000,202465100000701704,삼양동선사유적,매표소,제주특별자치도,제주시,관광,KT,Jeju Free Wifi,,제주특별자치도 제주시 선사로2길 13,제주특별자치도 제주시 삼양일동 1660-5,제주특별자치도 정보정책과,064-710-2385,33.5235045800,126.5879995000,2024-08-06,I,2026-05-15 18:45:29,2024-08-06 15:05:56
6510000,202465100000700471,전기차충전소_제주종합경기장,체육회관 옥상 남동,제주특별자치도,제주시,교통시설,KT,Jeju Free Wifi,,제주특별자치도 제주시 서광로2길 24,제주특별자치도 제주시 오라일동 1137,제주특별자치도 정보정책과,064-710-2352,33.4963765,126.5152417,2024-08-06,I,2026-05-15 18:45:29,2024-08-06 15:05:44
6510000,202465100000700103,한라산국립공원_윗세오름대피소,대피소2 내,제주특별자치도,제주시,편의시설,KT,Jeju Free Wifi,,제주특별자치도 제주시 애월읍 1100로 2070-510,제주특별자치도 제주시 애월읍 광령리 산183-6,제주특별자치도 정보정책과,064-710-2352,33.3621326,126.5175689,2024-08-06,I,2026-05-15 18:45:29,2024-08-06 15:05:41
6510000,202465100000700653,영화의거리,불법주차 CCTV 서,제주특별자치도,제주시,관광,KT,Jeju Free Wifi,,제주특별자치도 제주시 관덕로15길 23,제주특별자치도 제주시 일도일동 1276-5,제주특별자치도 정보정책과,064-710-2352,33.5152745,126.5266722,2024-08-06,I,2026-05-15 18:45:29,2024-08-06 15:05:45
6510000,202465100000700212,제주항국제여객터미널,남쪽 출입문 외부 벽면,제주특별자치도,제주시,교통시설,KT,Jeju Free Wifi,,제주특별자치도 제주시 임항로,제주특별자치도 제주시 건입동 908-18,제주특별자치도 정보정책과,064-710-2352,33.5265547,126.543575,2024-08-06,I,2026-05-15 18:45:29,2024-08-06 15:05:42
6510000,202465100000700660,에코촌 유스호스텔,옥상 북,제주특별자치도,제주시,관광,KT,Jeju Free Wifi,,제주특별자치도 제주시 조천읍 북흘로 376-9,제주특별자치도 제주시 조천읍 선흘리 2610,제주특별자치도 정보정책과,064-710-2352,33.516752,126.7040073,2024-08-06,I,2026-05-15 18:45:29,2024-08-06 15:05:46
6510000,202465100000700370,제주도청,1층,제주특별자치도,제주시,관공서,KT,Jeju Free Wifi,,제주특별자치도 제주시 문연로 6,제주특별자치도 제주시 연동 312-1,제주특별자치도 정보정책과,064-710-2352,33.488921,126.4980779,2024-08-06,I,2026-05-15 18:45:29,2024-08-06 15:05:43
6510000,202465100000700486,전기차충전소_제주도청,옥상 북 태양광 기둥,제주특별자치도,제주시,교통시설,KT,Jeju Free Wifi,,제주특별자치도 제주시 문연로 30,제주특별자치도 제주시 연동 322-1,제주특별자치도 정보정책과,064-710-2352,33.4889049,126.5004669,2024-08-06,I,2026-05-15 18:45:29,2024-08-06 15:05:44
6510000,202465100000700460,전기차충전소_하귀1리공영주차장,가로등,제주특별자치도,제주시,교통시설,KT,Jeju Free Wifi,,,제주특별자치도 제주시 애월읍 하귀1리 118-1,제주특별자치도 정보정책과,064-710-2352,33.4858772,126.4144121,2024-08-06,I,2026-05-15 18:45:29,2024-08-06 15:05:44
6510000,202465100000701536,20코스,김녕서포구 화장실 동,제주특별자치도,제주시,관광,KT,Jeju Free Wifi,,제주특별자치도 제주시 구좌읍 김녕항1길 30,제주특별자치도 제주시 구좌읍 김녕리 4071,제주특별자치도 정보정책과,064-710-2352,33.5577061,126.7446294,2024-08-06,I,2026-05-15 18:45:29,2024-08-06 15:05:54
6510000,202465100000700949,메종글래드 제주 (은남동방면),버스정류소 천정,제주특별자치도,제주시,교통시설,KT,Jeju Free Wifi,,제주특별자치도 제주시 노연로 70,제주특별자치도 제주시 연동 253-1,제주특별자치도 정보정책과,064-710-2352,33.4857536,126.4874593,2024-08-06,I,2026-05-15 18:45:29,2024-08-06 15:05:48
6510000,202465100000701111,제주중앙 여자중학교 (농협지역본부방면),건너편 정류장 방향 가로등,제주특별자치도,제주시,교통시설,KT,Jeju Free Wifi,,제주특별자치도 제주시 서사로 76,제주특별자치도 제주시 삼도일동 787-11,제주특별자치도 정보정책과,064-710-2352,33.505653,126.5197109,2024-08-06,I,2026-05-15 18:45:29,2024-08-06 15:05:50
6510000,202465100000700443,전기차충전소_함덕광명샤인빌,IP주 지향1개,제주특별자치도,제주시,교통시설,KT,Jeju Free Wifi,,제주특별자치도 제주시 조천읍 함덕30길 27,제주특별자치도 제주시 조천읍 함덕리 4168,제주특별자치도 정보정책과,064-710-2352,33.5379844,126.6775609,2024-08-06,I,2026-05-15 18:45:29,2024-08-06 15:05:44
6510000,202465100000701273,탐라도서관 (으뜸마을방면),반대편 버스정류장 옆 IP주 상단,제주특별자치도,제주시,교통시설,KT,Jeju Free Wifi,,제주특별자치도 제주시 정원로 49,제주특별자치도 제주시 노형동 755,제주특별자치도 정보정책과,064-710-2352,33.4775924,126.477725,2024-08-06,I,2026-05-15 18:45:29,2024-08-06 15:05:52
6510000,202465100000701252,삼무공원사거리/롯데시티호텔 (한라병원방면),클린하우스 pole에 지향성 1개,제주특별자치도,제주시,교통시설,KT,Jeju Free Wifi,,제주특별자치도 제주시 삼무로 19,제주특별자치도 제주시 연동 260-41,제주특별자치도 정보정책과,064-710-2352,33.4901339,126.4888357,2024-08-06,I,2026-05-15 18:45:29,2024-08-06 15:05:51
6510000,202465100000701420,노형제1근린공원,CCTV폴에서 공원 서쪽으로 지향성 1개,제주특별자치도,제주시,편의시설,KT,Jeju Free Wifi,,제주특별자치도 제주시 정존5길 67,제주특별자치도 제주시 노형동 2584-1,제주특별자치도 정보정책과,064-710-2352,33.4860834,126.47026,2024-08-06,I,2026-05-15 18:45:29,2024-08-06 15:05:53
6510000,202465100000700456,전기차충전소_한경119센터,건물 좌측 벽면,제주특별자치도,제주시,교통시설,KT,Jeju Free Wifi,,제주특별자치도 제주시 한경면 일주서로 4218,제주특별자치도 제주시 한경면 신창리 664-1,제주특별자치도 정보정책과,064-710-2352,33.3427012,126.1828725,2024-08-06,I,2026-05-15 18:45:29,2024-08-06 15:05:44
6510000,202465100000701609,15코스,사무실외벽- 북서 올레길,제주특별자치도,제주시,관광,KT,Jeju Free Wifi,,제주특별자치도 제주시 애월읍 구몰동길 65,제주특별자치도 제주시 애월읍 봉성리 3608,제주특별자치도 정보정책과,064-710-2352,33.4291553,126.3069555,2024-08-06,I,2026-05-15 18:45:29,2024-08-06 15:05:55
6510000,202465100000701727,수운근린공원,화장실 IP주,제주특별자치도,제주시,편의시설,KT,Jeju Free Wifi,,제주특별자치도 제주시 청귤로5길 6-9,제주특별자치도 제주시 이도이동 371,제주특별자치도 정보정책과,064-710-2408,33.4997528923,126.5396874056,2024-08-06,I,2026-05-15 18:45:29,2024-08-06 15:05:56
6510000,202465100000700470,전기차충전소_제주종합경기장,체육회관 옥상 북동,제주특별자치도,제주시,교통시설,KT,Jeju Free Wifi,,제주특별자치도 제주시 서광로2길 24,제주특별자치도 제주시 오라일동 1137,제주특별자치도 정보정책과,064-710-2352,33.4963765,126.5152417,2024-08-06,I,2026-05-15 18:45:29,2024-08-06 15:05:44
6510000,202465100000700284,제주동문시장,1층 조가네 한우 소머리 벽면 위,제주특별자치도,제주시,기타,KT,Jeju Free Wifi,,제주특별자치도 제주시 동문로4길 9,제주특별자치도 제주시 일도일동 1103,제주특별자치도 정보정책과,064-710-2352,33.5122093,126.5281986,2024-08-06,I,2026-05-15 18:45:29,2024-08-06 15:05:42
6510000,202465100000701618,14코스(흴체어구간),IP주,제주특별자치도,제주시,관광,KT,Jeju Free Wifi,,제주특별자치도 제주시 한림읍 금능7길 14-8,제주특별자치도 제주시 한림읍 금능리 1494-17,제주특별자치도 정보정책과,064-710-2352,33.389643,126.2289676,2024-08-06,I,2026-05-15 18:45:29,2024-08-06 15:05:55
6510000,202465100000700480,전기차충전소_제주삼양유적지,관리소 외벽에서 충전소 방향,제주특별자치도,제주시,교통시설,KT,Jeju Free Wifi,,제주특별자치도 제주시 선사로2길 13,제주특별자치도 제주시 삼양일동 1660-5,제주특별자치도 정보정책과,064-710-2352,33.5235262,126.5880173,2024-08-06,I,2026-05-15 18:45:29,2024-08-06 15:05:44
6510000,202465100000700624,우도등대,중계기 폴 -서,제주특별자치도,제주시,관광,KT,Jeju Free Wifi,,제주특별자치도 제주시 우도면 우도봉길 105,제주특별자치도 제주시 우도면 연평리 337,제주특별자치도 정보정책과,064-710-2352,33.4929348,126.965055,2024-08-06,I,2026-05-15 18:45:29,2024-08-06 15:05:45
6510000,202465100000701593,1-70호어린이공원,CCTV pole,제주특별자치도,제주시,편의시설,KT,Jeju Free Wifi,,,제주특별자치도 제주시 외도일동 634-6,제주특별자치도 정보정책과,064-710-2352,33.4857245,126.4300373,2024-08-06,I,2026-05-15 18:45:29,2024-08-06 15:05:55
6510000,202465100000700966,신엄리 (중엄리방면),버스정류장 옆 전주,제주특별자치도,제주시,교통시설,KT,Jeju Free Wifi,,,제주특별자치도 제주시 애월읍 신엄리 1305-9,제주특별자치도 정보정책과,064-710-2352,33.4715623,126.3680179,2024-08-06,I,2026-05-15 18:45:29,2024-08-06 15:05:48
6510000,202465100000700563,전기차충전소_건입동주민센터,IP주 상단,제주특별자치도,제주시,교통시설,KT,Jeju Free Wifi,,제주특별자치도 제주시 만덕로 18,제주특별자치도 제주시 건입동 1189-2,제주특별자치도 정보정책과,064-710-2352,33.5150164,126.5315092,2024-08-06,I,2026-05-15 18:45:29,2024-08-06 15:05:45
6510000,202465100000701708,애월국민체육센터,지하 1층 헬스장,제주특별자치도,제주시,관공서,KT,Jeju Free Wifi,,제주특별자치도 제주시 애월읍 하귀동남1길 22,제주특별자치도 제주시 애월읍 하귀1리 199,제주특별자치도 정보정책과,064-710-2389,33.4847847649,126.4137775960,2024-08-06,I,2026-05-15 18:45:29,2024-08-06 15:05:56
6510000,202465100000700372,제주도청,팔각정 내부,제주특별자치도,제주시,관공서,KT,Jeju Free Wifi,,제주특별자치도 제주시 문연로 6,제주특별자치도 제주시 연동 312-1,제주특별자치도 정보정책과,064-710-2352,33.488921,126.4980779,2024-08-06,I,2026-05-15 18:45:29,2024-08-06 15:05:43
6510000,202465100000701681,18코스 #3-2,닭모르 공중화장실,제주특별자치도,제주시,관광,KT,Jeju Free Wifi,,제주특별자치도 제주시 서부두길 18-2,제주특별자치도 제주시 건입동 1319-89,제주특별자치도 정보정책과,064-710-2362,33.5178436986,126.5284480394,2024-08-06,I,2026-05-15 18:45:29,2024-08-06 15:05:56
6510000,202465100000701611,15코스,한림읍 관광안내도 상단 북,제주특별자치도,제주시,관광,KT,Jeju Free Wifi,,제주특별자치도 제주시 한림읍 한림해안로 192,제주특별자치도 제주시 한림읍 대림리 2019-17,제주특별자치도 정보정책과,064-710-2352,33.4191852,126.2626948,2024-08-06,I,2026-05-15 18:45:29,2024-08-06 15:05:55
6510000,202465100000700393,제주 마방목지,CCTV POLE,제주특별자치도,제주시,관광,KT,Jeju Free Wifi,,제주특별자치도 제주시 516로 2480,제주특별자치도 제주시 용강동 산14-34,제주특별자치도 정보정책과,064-710-2352,33.4283888,126.6061187,2024-08-06,I,2026-05-15 18:45:29,2024-08-06 15:05:43
6510000,202465100000700315,제주동문시장,1층 피크닉 메이트 앞 천장,제주특별자치도,제주시,기타,KT,Jeju Free Wifi,,,제주특별자치도 제주시 일도일동 1362-1,제주특별자치도 정보정책과,064-710-2352,33.5142504,126.5254626,2024-08-06,I,2026-05-15 18:45:29,2024-08-06 15:05:43
6510000,202465100000700359,제주돌하르방캠핑장,외벽 - 서,제주특별자치도,제주시,관광,KT,Jeju Free Wifi,,제주특별자치도 제주시 한경면 낙수로 271-40,제주특별자치도 제주시 한경면 청수리 2130,제주특별자치도 정보정책과,064-710-2352,33.3238765,126.2391482,2024-08-06,I,2026-05-15 18:45:29,2024-08-06 15:05:43
6510000,202465100000701700,제주4?3평화공원,2층 홀,제주특별자치도,제주시,관광,KT,Jeju Free Wifi,,제주특별자치도 제주시 명림로 430,제주특별자치도 제주시 봉개동 237-2,제주특별자치도 정보정책과,064-710-2381,33.4498255894,126.6177476856,2024-08-06,I,2026-05-15 18:45:29,2024-08-06 15:05:56
6510000,202465100000700294,제주동문시장,정성커텐 옆 천장 위,제주특별자치도,제주시,기타,KT,Jeju Free Wifi,,제주특별자치도 제주시 동문로 16,제주특별자치도 제주시 일도일동 1148-2,제주특별자치도 정보정책과,064-710-2352,33.5127517,126.5283186,2024-08-06,I,2026-05-15 18:45:29,2024-08-06 15:05:42
6510000,202465100000700911,(하귀휴먼시아입구방면) [405001614],버스정류장 상부,제주특별자치도,제주시,교통시설,KT,Jeju Free Wifi,,,제주특별자치도 제주시 애월읍 하귀1리 562,제주특별자치도 정보정책과,064-710-2352,33.4827323,126.4159434,2024-08-06,I,2026-05-15 18:45:29,2024-08-06 15:05:48
6510000,202465100000701070,탐라중학교 (제주영지학교방면),가로등,제주특별자치도,제주시,교통시설,KT,Jeju Free Wifi,,제주특별자치도 제주시 연북로 630,제주특별자치도 제주시 아라이동 1251-6,제주특별자치도 정보정책과,064-710-2352,33.4905945,126.545404,2024-08-06,I,2026-05-15 18:45:29,2024-08-06 15:05:49
6510000,202465100000701527,20코스,통신주 옆 가로등 마을 내 올레길방향,제주특별자치도,제주시,관광,KT,Jeju Free Wifi,,,제주특별자치도 제주시 구좌읍 행원리 1495-7,제주특별자치도 정보정책과,064-710-2352,33.5564358,126.8057814,2024-08-06,I,2026-05-15 18:45:29,2024-08-06 15:05:54
6510000,202465100000701256,고으니모르 국립제주박물관 (제주대학교교육대학방면),정류장 벽면에 무지향 1개,제주특별자치도,제주시,교통시설,KT,Jeju Free Wifi,,제주특별자치도 제주시 일주동로 34,제주특별자치도 제주시 화북이동 4942-4,제주특별자치도 정보정책과,064-710-2352,33.5123956,126.5508834,2024-08-06,I,2026-05-15 18:45:29,2024-08-06 15:05:51
6510000,202465100000700647,옹포천_어울공원,관리실 상부-남서,제주특별자치도,제주시,편의시설,KT,Jeju Free Wifi,,제주특별자치도 제주시 한림읍 월계로 30,제주특별자치도 제주시 한림읍 옹포리 17,제주특별자치도 정보정책과,064-710-2352,33.404064,126.2592983,2024-08-06,I,2026-05-15 18:45:29,2024-08-06 15:05:45
6510000,202465100000701455,기적의 도서관,1층 강의실 내,제주특별자치도,제주시,관공서,KT,Jeju Free Wifi,,제주특별자치도 제주시 동광로12길 19,제주특별자치도 제주시 이도이동 1128-1,제주특별자치도 정보정책과,064-710-2352,33.5017841,126.5355423,2024-08-06,I,2026-05-15 18:45:29,2024-08-06 15:05:53
6510000,202465100000701463,근린공원,방범 CCTV 폴,제주특별자치도,제주시,편의시설,KT,Jeju Free Wifi,,제주특별자치도 제주시 애월읍 하광로 49,제주특별자치도 제주시 애월읍 하귀1리 200-14,제주특별자치도 정보정책과,064-710-2352,33.4820709,126.414277,2024-08-06,I,2026-05-15 18:45:29,2024-08-06 15:05:54
6510000,202465100000701599,16코스,중엄새물 화장실 북,제주특별자치도,제주시,관광,KT,Jeju Free Wifi,,제주특별자치도 제주시 애월읍 애월해안로 612,제주특별자치도 제주시 애월읍 신엄리 963-2,제주특별자치도 정보정책과,064-710-2352,33.4779674,126.3690167,2024-08-06,I,2026-05-15 18:45:29,2024-08-06 15:05:55
6510000,202465100000701164,대림아파트 (한마음병원방면),길건너 정류장 방향 지향 1개,제주특별자치도,제주시,교통시설,KT,Jeju Free Wifi,,제주특별자치도 제주시 남광로 154,제주특별자치도 제주시 일도이동 15-12,제주특별자치도 정보정책과,064-710-2352,33.4995059,126.550345,2024-08-06,I,2026-05-15 18:45:29,2024-08-06 15:05:50
6510000,202465100000701021,함덕광명 샤인빌앞 (함덕리 4구방면),정류장천정,제주특별자치도,제주시,교통시설,KT,Jeju Free Wifi,,제주특별자치도 제주시 조천읍 함와로 21,제주특별자치도 제주시 조천읍 함덕리 4157-3,제주특별자치도 정보정책과,064-710-2352,33.5382163,126.6748012,2024-08-06,I,2026-05-15 18:45:29,2024-08-06 15:05:49
6510000,202465100000700044,함덕1호어린이공원,CCTV POLE,제주특별자치도,제주시,편의시설,KT,Jeju Free Wifi,,,제주특별자치도 제주시 조천읍 함덕리 4154-3,제주특별자치도 정보정책과,064-710-2352,33.5394323,126.6755363,2024-08-06,I,2026-05-15 18:45:29,2024-08-06 15:05:40
6520000,202565200000701197,전기차충전소_정혜재활원,정혜재활원#1,제주특별자치도,서귀포시,기타,제주특별자치도 서귀포시,,,제주특별자치도 서귀포시 인정오름로 85번길 41(토평동 2895),,제주특별자치도청,064-710-2352,33.284373,126.580669,2024-12-31,I,2026-05-15 18:45:28,2025-11-07 15:49:20
6520000,202565200000700404,정류장_월평마을(406001412) (옥외1),정류장_월평마을(406001412) (옥외1),제주특별자치도,서귀포시,교통시설,제주특별자치도 서귀포시,,,제주특별자치도 서귀포시 월평동 547,,제주특별자치도청,064-710-2352,33.242646,126.461129,2024-12-31,I,2026-05-15 18:45:28,2025-11-07 15:49:10
6520000,202565200000701584,제주유아교육진흥원,제주유아교육진흥원 #1-2,제주특별자치도,서귀포시,관공서,제주특별자치도 서귀포시,,,제주특별자치도 서귀포시 중앙로150번길 4-1,,제주특별자치도청,064-710-2352,33.258716,126.563529,2024-12-31,I,2026-05-15 18:45:28,2025-11-07 15:49:25
6520000,202565200000700560,대유ATV수렵사격랜드(대유산업),대유ATV수렵사격랜드(대유산업),제주특별자치도,서귀포시,관광,제주특별자치도 서귀포시,,,제주특별자치도 서귀포시 상예동 144,,제주특별자치도청,064-710-2352,33.277399,126.395041,2024-12-31,I,2026-05-15 18:45:28,2025-11-07 15:49:11
6520000,202565200000700718,GS25 서광점,GS25 서광점,제주특별자치도,서귀포시,기타,제주특별자치도 서귀포시,,,제주특별자치도 서귀포시 안덕면 중산간서로 1882,,제주특별자치도청,064-710-2352,33.289081,126.322170,2024-12-31,I,2026-05-15 18:45:28,2025-11-07 15:49:13
6520000,202565200000700779,전기차충전소_정방동 공영주차장,정방동 공영주차장 #1-1,제주특별자치도,서귀포시,기타,제주특별자치도 서귀포시,,,제주특별자치도 서귀포시 서귀동 403-3,,제주특별자치도청,064-710-2352,33.247685,126.565855,2024-12-31,I,2026-05-15 18:45:28,2025-11-07 15:49:14
6520000,202565200000700275,서귀포추모공원 (옥내1),서귀포추모공원 (옥내1),제주특별자치도,서귀포시,서민·복지시설,제주특별자치도 서귀포시,,,제주특별자치도 서귀포시 돈내코로 295-28,,제주특별자치도청,064-710-2352,33.308103,126.567463,2024-12-31,I,2026-05-15 18:45:28,2025-11-07 15:49:08
6520000,202565200000700603,화순 곶자왈 생태탐방숲길,화순 곶자왈 생태탐방숲길,제주특별자치도,서귀포시,기타,제주특별자치도 서귀포시,,,제주특별자치도 서귀포시 안덕면 화순리 2045,,제주특별자치도청,064-710-2352,33.264084,126.331761,2024-12-31,I,2026-05-15 18:45:28,2025-11-07 15:49:12
6520000,202565200000700629,칠십리 음식 특화거리,칠십리 음식 특화거리,제주특별자치도,서귀포시,기타,제주특별자치도 서귀포시,,,제주특별자치도 서귀포시 서귀동 20-1,,제주특별자치도청,064-710-2352,33.242458,126.567248,2024-12-31,I,2026-05-15 18:45:28,2025-11-07 15:49:12
6520000,202565200000700047,강정의례회관,강정의례회관,제주특별자치도,서귀포시,서민·복지시설,제주특별자치도 서귀포시,,,제주특별자치도 서귀포시 강정동 4515,,제주특별자치도청,064-710-2352,33.237716,126.480377,2024-12-31,I,2026-05-15 18:45:28,2025-11-07 15:49:06
6520000,202565200000701563,송산청소년문화의집,송산청소년문화의집#1-2,제주특별자치도,서귀포시,관공서,제주특별자치도 서귀포시,,,제주특별자치도 서귀포시 소암로 4(2~3층),,제주특별자치도청,064-710-2352,33.245031,126.566003,2024-12-31,I,2026-05-15 18:45:28,2025-11-07 15:49:25
6520000,202565200000700992,중문진실캠핑장,중문진실캠핑장 #1-1,제주특별자치도,서귀포시,관광,제주특별자치도 서귀포시,,,제주특별자치도 서귀포시 천제연로 132(중문동 2232),,제주특별자치도청,064-710-2352,33.252306,126.418069,2024-12-31,I,2026-05-15 18:45:28,2025-11-07 15:49:17
6520000,202565200000700504,외돌개,외돌개,제주특별자치도,서귀포시,관광,제주특별자치도 서귀포시,,,제주특별자치도 서귀포시 서홍동 784-4,,제주특별자치도청,064-710-2352,33.240913,126.546706,2024-12-31,I,2026-05-15 18:45:28,2025-11-07 15:49:11
6520000,202565200000701077,태흥2리체육공원,태흥2리체육공원 #1-1,제주특별자치도,서귀포시,서민·복지시설,제주특별자치도 서귀포시,,,제주특별자치도 서귀포시 남원읍 태흥리 364-5,,제주특별자치도청,064-710-2352,33.286842,126.749616,2024-12-31,I,2026-05-15 18:45:28,2025-11-07 15:49:19
6520000,202565200000700850,버스정류소_창천리_(중문환승정류장(중문우체국)방면),창천리 (서) #1-1,제주특별자치도,서귀포시,교통시설,제주특별자치도 서귀포시,,,제주특별자치도 서귀포시 안덕면 창천리 155-13,,제주특별자치도청,064-710-2352,33.265905,126.370935,2024-12-31,I,2026-05-15 18:45:28,2025-11-07 15:49:15
6520000,202565200000700206,안덕산방도서관,안덕산방도서관,제주특별자치도,서귀포시,관공서,제주특별자치도 서귀포시,,,제주특별자치도 서귀포시 안덕면 화순서서로 44,,제주특별자치도청,064-710-2352,33.255056,126.330649,2024-12-31,I,2026-05-15 18:45:28,2025-11-07 15:49:07
6520000,202565200000700742,서귀포성당 뒤 주차장,서귀포성당 뒤 주차장(솔동산로근처),제주특별자치도,서귀포시,기타,제주특별자치도 서귀포시,,,제주특별자치도 서귀포시 서귀동 600-3,,제주특별자치도청,064-710-2352,33.243654,126.562777,2024-12-31,I,2026-05-15 18:45:28,2025-11-07 15:49:13
6520000,202565200000700621,솔동산 문화의 거리,솔동산 문화의 거리,제주특별자치도,서귀포시,기타,제주특별자치도 서귀포시,,,제주특별자치도 서귀포시 서귀동 573-11,,제주특별자치도청,064-710-2352,33.244773,126.564524,2024-12-31,I,2026-05-15 18:45:28,2025-11-07 15:49:12
6520000,202565200000700933,1코스,올레 1코스 시흥리 올레쉼터 #1-2,제주특별자치도,서귀포시,기타,제주특별자치도 서귀포시,,,제주특별자치도 서귀포시 성산읍 시흥리 207-3,,제주특별자치도청,064-710-2352,33.474713,126.911202,2024-12-31,I,2026-05-15 18:45:28,2025-11-07 15:49:16
6520000,202565200000701484,걸매생태공원,걸매생태공원＃2-3,제주특별자치도,서귀포시,서민·복지시설,제주특별자치도 서귀포시,,,제주특별자치도 서귀포시 서홍동 477-1,,제주특별자치도청,064-710-2352,33.250339,126.554451,2024-12-31,I,2026-05-15 18:45:28,2025-11-07 15:49:24
6520000,202565200000700352,서귀포시 중앙도서관_4 (옥내2),서귀포시 중앙도서관_4 (옥내2),제주특별자치도,서귀포시,지역문화시설,제주특별자치도 서귀포시,,,제주특별자치도 서귀포시 김정문화로 32,,제주특별자치도청,064-710-2352,33.251417,126.507621,2024-12-31,I,2026-05-15 18:45:28,2025-11-07 15:49:09
6520000,202565200000701173,형제해안도로,형제해안도로 (마라도가는 여객선)#1-3,제주특별자치도,서귀포시,기타,제주특별자치도 서귀포시,,,제주특별자치도 서귀포시 대정읍 상모리 133-3,,제주특별자치도청,064-710-2352,33.207334,126.290579,2024-12-31,I,2026-05-15 18:45:28,2025-11-07 15:49:20
6520000,202565200000700247,안덕보건지소 치매안심센터,1층사 무실앞(복도),제주특별자치도,서귀포시,관공서,제주특별자치도 서귀포시,,,제주특별자치도 서귀포시 안덕면 화순리 1158-11,,제주특별자치도청,064-710-2352,33.250585,126.331389,2024-12-31,I,2026-05-15 18:45:28,2025-11-07 15:49:08
6520000,202565200000700274,대정생활야구장_3 (옥내1),대정생활야구장_3 (옥내1),제주특별자치도,서귀포시,지역문화시설,제주특별자치도 서귀포시,,,제주특별자치도 서귀포시 대정읍 평화로 89번길 168,,제주특별자치도청,064-710-2352,33.270328,126.293396,2024-12-31,I,2026-05-15 18:45:28,2025-11-07 15:49:08
6520000,202565200000700864,크루즈 여객터미널,크루즈 여객터미널 #1-2,제주특별자치도,서귀포시,교통시설,제주특별자치도 서귀포시,,,제주특별자치도 서귀포시 강정동 4676(말질로 261),,제주특별자치도청,064-710-2352,33.228183,126.476964,2024-12-31,I,2026-05-15 18:45:28,2025-11-07 15:49:15
6520000,202565200000701233,광치기해변,광치기해변 #4-1,제주특별자치도,서귀포시,기타,제주특별자치도 서귀포시,,,제주특별자치도 서귀포시 성산읍 고성리 224-40,,제주특별자치도청,064-710-2352,33.451476,126.923993,2024-12-31,I,2026-05-15 18:45:28,2025-11-07 15:49:20
6520000,202565200000700470,제주국제평화센터,국제평화센터,제주특별자치도,서귀포시,관광,제주특별자치도 서귀포시,,,제주특별자치도 서귀포시 대정읍 무릉중앙로 8(무릉리 3284-1),,제주특별자치도청,064-710-2352,33.245113,126.421349,2024-12-31,I,2026-05-15 18:45:28,2025-11-07 15:49:10
6520000,202565200000700420,제주영어교육도시지원사무소_1 (옥내2),제주영어교육도시지원사무소_1 (옥내2),제주특별자치도,서귀포시,관공서,제주특별자치도 서귀포시,,,제주특별자치도 서귀포시 산록남로 2271,,제주특별자치도청,064-710-2352,33.287939,126.281857,2024-12-31,I,2026-05-15 18:45:28,2025-11-07 15:49:10
6520000,202565200000700523,성산일출봉,성산일출봉 #2,제주특별자치도,서귀포시,관광,제주특별자치도 서귀포시,,,제주특별자치도 서귀포시 성산읍 성산리 114-3,,제주특별자치도청,064-710-2352,33.462402,126.935203,2024-12-31,I,2026-05-15 18:45:28,2025-11-07 15:49:11
6520000,202565200000701443,산방산,산방산산방굴사매표소#1-2,제주특별자치도,서귀포시,관광,제주특별자치도 서귀포시,,,제주특별자치도 서귀포시 안덕면 사계리 3693,,제주특별자치도청,064-710-2352,33.237249,126.313341,2024-12-31,I,2026-05-15 18:45:28,2025-11-07 15:49:23
6520000,202565200000700380,정류장_상창보건진료소(406000006) (옥외1),정류장_상창보건진료소(406000006) (옥외1),제주특별자치도,서귀포시,교통시설,제주특별자치도 서귀포시,,,제주특별자치도 서귀포시 안덕면 상창리 624-6,,제주특별자치도청,064-710-2352,33.274425,126.362781,2024-12-31,I,2026-05-15 18:45:28,2025-11-07 15:49:09
6520000,202565200000701254,문부공원,문부공원 #1-2,제주특별자치도,서귀포시,서민·복지시설,제주특별자치도 서귀포시,,,제주특별자치도 서귀포시 동홍동 646-1(기적의도서관 뒷편),,제주특별자치도청,064-710-2352,33.253361,126.570203,2024-12-31,I,2026-05-15 18:45:28,2025-11-07 15:49:21
6520000,202565200000700114,산방산관광지 청소년야외쉼터,산방산관광지 청소년야외쉼터,제주특별자치도,서귀포시,관광,제주특별자치도 서귀포시,,,제주특별자치도 서귀포시 안덕면 사계리 181-1,,제주특별자치도청,064-710-2352,33.236638,126.313297,2024-12-31,I,2026-05-15 18:45:28,2025-11-07 15:49:07
6520000,202565200000700044,한빛장례식장,한빛장례식장,제주특별자치도,서귀포시,서민·복지시설,제주특별자치도 서귀포시,,,제주특별자치도 서귀포시 장수로 38,,제주특별자치도청,064-710-2352,33.256131,126.560360,2024-12-31,I,2026-05-15 18:45:28,2025-11-07 15:49:06
6520000,202565200000701279,전기차충전소_성산부두 우도선착장 주차장,성산부두 우도선착장 주차장 #1-1,제주특별자치도,서귀포시,기타,제주특별자치도 서귀포시,,,제주특별자치도 서귀포시 성산읍 성산리 347-9,,제주특별자치도청,064-710-2352,33.472416,126.932340,2024-12-31,I,2026-05-15 18:45:28,2025-11-07 15:49:21
6520000,202565200000701080,중문단지 축구장,중문단지 축구장 #1-2,제주특별자치도,서귀포시,서민·복지시설,제주특별자치도 서귀포시,,,제주특별자치도 서귀포시 대포동 2492,,제주특별자치도청,064-710-2352,33.234956,126.433666,2024-12-31,I,2026-05-15 18:45:28,2025-11-07 15:49:19
6520000,202565200000701178,버스정류소_주공 3 4단지_(동문로터리방면),주공 3 4단지(북)#1,제주특별자치도,서귀포시,교통시설,제주특별자치도 서귀포시,,,제주특별자치도 서귀포시 동홍동 2174-17,,제주특별자치도청,064-710-2352,33.251103,126.572919,2024-12-31,I,2026-05-15 18:45:28,2025-11-07 15:49:20
6520000,202565200000701596,중문관광단지,중문관광단지 #6-1 (천제연매표소),제주특별자치도,서귀포시,관광,제주특별자치도 서귀포시,,,제주특별자치도 서귀포시 색달동 2877-28(중문관광로 97),,제주특별자치도청,064-710-2352,33.250614,126.415171,2024-12-31,I,2026-05-15 18:45:28,2025-11-07 15:49:25
6520000,202565200000701207,전기차충전소_머체왓숲길영농조합,머체왓숲길영농조합#1-2,제주특별자치도,서귀포시,기타,제주특별자치도 서귀포시,,,제주특별자치도 서귀포시 남원읍 서성로 755(한남리 1622-3),,제주특별자치도청,064-710-2352,33.330629,126.673918,2024-12-31,I,2026-05-15 18:45:28,2025-11-07 15:49:20
6520000,202565200000700168,가시보건진료소,가시보건진료소,제주특별자치도,서귀포시,관공서,제주특별자치도 서귀포시,,,제주특별자치도 서귀포시 표선면 가시리 1875,,제주특별자치도청,064-710-2352,33.354100,126.771258,2024-12-31,I,2026-05-15 18:45:28,2025-11-07 15:49:07
6520000,202565200000700665,모구리야영장,모구리야영장 #3,제주특별자치도,서귀포시,관광,제주특별자치도 서귀포시,,,제주특별자치도 서귀포시 성산읍 난산리 2960-1,,제주특별자치도청,064-710-2352,33.405728,126.820578,2024-12-31,I,2026-05-15 18:45:28,2025-11-07 15:49:12
6520000,202565200000700357,정류장_인성리(남문지앞사거리)(406000744) (옥외1),정류장_인성리(남문지앞사거리)(406000744) (옥외1),제주특별자치도,서귀포시,교통시설,제주특별자치도 서귀포시,,,제주특별자치도 서귀포시 대정읍 인성리 366-3,,제주특별자치도청,064-710-2352,33.247601,126.277743,2024-12-31,I,2026-05-15 18:45:28,2025-11-07 15:49:09
6520000,202565200000700620,솔동산 문화의 거리,솔동산 문화의 거리,제주특별자치도,서귀포시,기타,제주특별자치도 서귀포시,,,제주특별자치도 서귀포시 서귀동 573-11,,제주특별자치도청,064-710-2352,33.244773,126.564524,2024-12-31,I,2026-05-15 18:45:28,2025-11-07 15:49:12
6520000,202565200000701581,서귀포외국문화학습관,서귀포외국문화학습관 #1-1,제주특별자치도,서귀포시,관공서,제주특별자치도 서귀포시,,,제주특별자치도 서귀포시 중앙로150번길 4-1,,제주특별자치도청,064-710-2352,33.258540,126.561351,2024-12-31,I,2026-05-15 18:45:28,2025-11-07 15:49:25
6520000,202565200000701136,제주환상자전거길,제주환상자전거길 성산쉼터 #1-1,제주특별자치도,서귀포시,기타,제주특별자치도 서귀포시,,,제주특별자치도 서귀포시 성산읍 성산리 385,,제주특별자치도청,064-710-2352,33.462181,126.930081,2024-12-31,I,2026-05-15 18:45:28,2025-11-07 15:49:19
6520000,202565200000700068,중문동주민센터,중문동주민센터,제주특별자치도,서귀포시,관공서,제주특별자치도 서귀포시,,,제주특별자치도 서귀포시 중문동 1864-1,,제주특별자치도청,064-710-2352,33.251387,126.434697,2024-12-31,I,2026-05-15 18:45:28,2025-11-07 15:49:06
6520000,202565200000701260,동홍공원,동홍공원(삼아아파트) #1-1,제주특별자치도,서귀포시,서민·복지시설,제주특별자치도 서귀포시,,,제주특별자치도 서귀포시 동홍동 199-3(삼아아파트 102동 옆 어린이놀이터),,제주특별자치도청,064-710-2352,33.251146,126.575261,2024-12-31,I,2026-05-15 18:45:28,2025-11-07 15:49:21
6520000,202565200000700610,8코스,8코스,제주특별자치도,서귀포시,기타,제주특별자치도 서귀포시,,,제주특별자치도 서귀포시 중문동 2768-1,,제주특별자치도청,064-710-2352,33.238068,126.426161,2024-12-31,I,2026-05-15 18:45:28,2025-11-07 15:49:12
6520000,202565200000700570,테디베어뮤지엄,테디베어뮤지엄,제주특별자치도,서귀포시,관광,제주특별자치도 서귀포시,,,제주특별자치도 서귀포시 색달동 2889,,제주특별자치도청,064-710-2352,33.250292,126.412170,2024-12-31,I,2026-05-15 18:45:28,2025-11-07 15:49:11
6520000,202565200000701289,1코스,1코스 성산리 해녀쉼터 #1-1,제주특별자치도,서귀포시,기타,제주특별자치도 서귀포시,,,제주특별자치도 서귀포시 성산읍 성산리 296-16,,제주특별자치도청,064-710-2352,33.464438,126.935961,2024-12-31,I,2026-05-15 18:45:28,2025-11-07 15:49:21
6520000,202565200000701144,버스정류소_하원동_(지세못방면),하원동(남),제주특별자치도,서귀포시,교통시설,제주특별자치도 서귀포시,,,제주특별자치도 서귀포시 월평동 251-1,,제주특별자치도청,064-710-2352,33.253632,126.461817,2024-12-31,I,2026-05-15 18:45:28,2025-11-07 15:49:19
6520000,202565200000700788,굴왓공원,굴왓공원 #1-1,제주특별자치도,서귀포시,서민·복지시설,제주특별자치도 서귀포시,,,제주특별자치도 서귀포시 동홍동 1383-2,,제주특별자치도청,064-710-2352,33.259691,126.562081,2024-12-31,I,2026-05-15 18:45:28,2025-11-07 15:49:14
6520000,202565200000700386,정류장_우남동(406000008) (옥외1),정류장_우남동(406000008) (옥외1),제주특별자치도,서귀포시,교통시설,제주특별자치도 서귀포시,,,제주특별자치도 서귀포시 상예동 1715-1,,제주특별자치도청,064-710-2352,33.264230,126.391207,2024-12-31,I,2026-05-15 18:45:28,2025-11-07 15:49:09
6520000,202565200000701392,무민랜드,무민랜드#1-3,제주특별자치도,서귀포시,관광,제주특별자치도 서귀포시,,,제주특별자치도 서귀포시 안덕면 상천리 470-6(병악로420),,제주특별자치도청,064-710-2352,33.306595,126.381779,2024-12-31,I,2026-05-15 18:45:28,2025-11-07 15:49:22
6520000,202565200000701160,성산일출봉,성산일출봉 (해녀쉼터옆올레길)#5-1,제주특별자치도,서귀포시,관광,제주특별자치도 서귀포시,,,제주특별자치도 서귀포시 성산읍 성산리 298-9,,제주특별자치도청,064-710-2352,33.465342,126.936175,2024-12-31,I,2026-05-15 18:45:28,2025-11-07 15:49:20
6520000,202565200000701490,칠십리공원,칠십리공원_A ＃4-2,제주특별자치도,서귀포시,서민·복지시설,제주특별자치도 서귀포시,,,제주특별자치도 서귀포시 서홍동 647-4(남성중로 102),,제주특별자치도청,064-710-2352,33.243458,126.557986,2024-12-31,I,2026-05-15 18:45:28,2025-11-07 15:49:24
6520000,202565200000701523,서귀포 치유의 숲,서귀포 치유의 숲#1-1,제주특별자치도,서귀포시,기타,제주특별자치도 서귀포시,,,제주특별자치도 서귀포시 호근동 산 4(산록남로 2271),,제주특별자치도청,064-710-2352,33.300788,126.518843,2024-12-31,I,2026-05-15 18:45:28,2025-11-07 15:49:24
6520000,202565200000701155,아랑조을거리,아랑조을거리 (천지합동 법무사)법무사 강대귀사무소#6,제주특별자치도,서귀포시,기타,제주특별자치도 서귀포시,,,제주특별자치도 서귀포시 서귀동 298-8,,제주특별자치도청,064-710-2352,33.251312,126.559834,2024-12-31,I,2026-05-15 18:45:28,2025-11-07 15:49:20
6520000,202565200000700740,대정감협 인근 공영주차장,대정감협 인근 공영주차장,제주특별자치도,서귀포시,기타,제주특별자치도 서귀포시,,,제주특별자치도 서귀포시 대정읍 하모리 964-2,,제주특별자치도청,064-710-2352,33.222909,126.251956,2024-12-31,I,2026-05-15 18:45:28,2025-11-07 15:49:13
6520000,202565200000701107,제주제트,제주제트 #1-2,제주특별자치도,서귀포시,관광,제주특별자치도 서귀포시,,,제주특별자치도 서귀포시 대포로 172-5,,제주특별자치도청,064-710-2352,33.238396,126.439477,2024-12-31,I,2026-05-15 18:45:28,2025-11-07 15:49:19
6520000,202565200000700500,서귀포자연휴양림,서귀포자연휴양림(관리동랙),제주특별자치도,서귀포시,관광,제주특별자치도 서귀포시,,,제주특별자치도 서귀포시 하원동 산1-1,,제주특별자치도청,064-710-2352,33.311460,126.458844,2024-12-31,I,2026-05-15 18:45:28,2025-11-07 15:49:11
6520000,202565200000701592,중문관광단지,중문관광단지 #2-2 (하나호텔남쪽옥상),제주특별자치도,서귀포시,관광,제주특별자치도 서귀포시,,,제주특별자치도 서귀포시 색달동 2812-2( 중문관광로72번길 53),,제주특별자치도청,064-710-2352,33.249661,126.407919,2024-12-31,I,2026-05-15 18:45:28,2025-11-07 15:49:25
6520000,202565200000700362,정류장_뒤통모루(406000204) (옥외1),정류장_뒤통모루(406000204) (옥외1),제주특별자치도,서귀포시,교통시설,제주특별자치도 서귀포시,,,제주특별자치도 서귀포시 대정읍 중산간서로 2386,,제주특별자치도청,064-710-2352,33.275498,126.667177,2024-12-31,I,2026-05-15 18:45:28,2025-11-07 15:49:09
6520000,202565200000700821,버스정류소_동홍 사거리_(주공 2단지방면),동홍 사거리 (북) #1-2,제주특별자치도,서귀포시,교통시설,제주특별자치도 서귀포시,,,제주특별자치도 서귀포시 동홍동 462-3,,제주특별자치도청,064-710-2352,33.254737,126.568545,2024-12-31,I,2026-05-15 18:45:28,2025-11-07 15:49:14
6520000,202565200000700445,제주추사관,제주추사관,제주특별자치도,서귀포시,관광,제주특별자치도 서귀포시,,,제주특별자치도 서귀포시 표선면 가시리 산 158(남조로 붉은오름사려니숲길 입구),,제주특별자치도청,064-710-2352,33.249974,126.278237,2024-12-31,I,2026-05-15 18:45:28,2025-11-07 15:49:10
6520000,202565200000700263,남원파크골프장_3 (옥내1),남원파크골프장_3 (옥내1),제주특별자치도,서귀포시,지역문화시설,제주특별자치도 서귀포시,,,제주특별자치도 서귀포시 남원읍 서성로 955-82,,제주특별자치도청,064-710-2352,33.341593,126.688956,2024-12-31,I,2026-05-15 18:45:28,2025-11-07 15:49:08
6520000,202565200000701195,전기차충전소_의귀교회,의귀교회#1,제주특별자치도,서귀포시,기타,제주특별자치도 서귀포시,,,제주특별자치도 서귀포시 남원읍 남조로381번길 7(의귀리 1482-14),,제주특별자치도청,064-710-2352,33.311958,126.713454,2024-12-31,I,2026-05-15 18:45:28,2025-11-07 15:49:20
6520000,202565200000700440,마라해양도립공원,마라해양도립공원,제주특별자치도,서귀포시,관광,제주특별자치도 서귀포시,,,제주특별자치도 서귀포시 대정읍 상모리 133-2,,제주특별자치도청,064-710-2352,33.207386,126.290550,2024-12-31,I,2026-05-15 18:45:28,2025-11-07 15:49:10
6520000,202565200000701429,표선청소년문화의집,표선청소년문화의집#1-2,제주특별자치도,서귀포시,지역문화시설,제주특별자치도 서귀포시,,,제주특별자치도 서귀포시 표선면 표선리 311-2(표선중앙로 13),,제주특별자치도청,064-710-2352,33.331566,126.830447,2024-12-31,I,2026-05-15 18:45:28,2025-11-07 15:49:23
6520000,202565200000700689,성읍민속마을,성읍민속마을-가로등 #3-2,제주특별자치도,서귀포시,관광,제주특별자치도 서귀포시,,,제주특별자치도 서귀포시 표선면 성읍리 872,,제주특별자치도청,064-710-2352,33.386624,126.801588,2024-12-31,I,2026-05-15 18:45:28,2025-11-07 15:49:13
6520000,202565200000701493,성산포항,성산포항#1-3,제주특별자치도,서귀포시,기타,제주특별자치도 서귀포시,,,제주특별자치도 서귀포시 성산읍 성산리 347-9,,제주특별자치도청,064-710-2352,33.472572,126.933402,2024-12-31,I,2026-05-15 18:45:28,2025-11-07 15:49:24
6520000,202565200000700295,창천리경로당_2 (옥내1),창천리경로당_2 (옥내1),제주특별자치도,서귀포시,서민·복지시설,제주특별자치도 서귀포시,,,제주특별자치도 서귀포시 안덕면 창천중앙로 35-2,,제주특별자치도청,064-710-2352,33.265829,126.368640,2024-12-31,I,2026-05-15 18:45:28,2025-11-07 15:49:08
6520000,202565200000701236,성산일출봉,성산일출봉 ? 주차장 (스타벅스 앞) #1-1,제주특별자치도,서귀포시,관광,제주특별자치도 서귀포시,,,제주특별자치도 서귀포시 성산읍 성산리 114-3,,제주특별자치도청,064-710-2352,33.462613,126.935542,2024-12-31,I,2026-05-15 18:45:28,2025-11-07 15:49:20
6520000,202565200000701564,송산청소년문화의집,송산청소년문화의집#1-3,제주특별자치도,서귀포시,관공서,제주특별자치도 서귀포시,,,제주특별자치도 서귀포시 소암로 4(2~3층),,제주특별자치도청,064-710-2352,33.245031,126.566003,2024-12-31,I,2026-05-15 18:45:28,2025-11-07 15:49:25
6520000,202565200000700879,1코스,올레 1코스 시흥리 송난포구 #1-1,제주특별자치도,서귀포시,기타,제주특별자치도 서귀포시,,,제주특별자치도 서귀포시 성산읍 시흥리 11-13 안쪽,,제주특별자치도청,064-710-2352,33.478763,126.913513,2024-12-31,I,2026-05-15 18:45:28,2025-11-07 15:49:15
6520000,202565200000700094,서귀포의료원,서귀포의료원,제주특별자치도,서귀포시,기타,제주특별자치도 서귀포시,,,제주특별자치도 서귀포시 동홍동 1530-2,,제주특별자치도청,064-710-2352,33.255981,126.562949,2024-12-31,I,2026-05-15 18:45:28,2025-11-07 15:49:06
6520000,202565200000700244,신풍리 농어촌체험 휴양마을,1층 식당,제주특별자치도,서귀포시,관광,제주특별자치도 서귀포시,,,제주특별자치도 서귀포시 성산읍 신풍리 500,,제주특별자치도청,064-710-2352,33.362713,126.839979,2024-12-31,I,2026-05-15 18:45:28,2025-11-07 15:49:08
6520000,202565200000700058,안덕면사무소,안덕면사무소,제주특별자치도,서귀포시,관공서,제주특별자치도 서귀포시,,,제주특별자치도 서귀포시 안덕면 1298번지,,제주특별자치도청,064-710-2352,33.257570,126.363761,2024-12-31,I,2026-05-15 18:45:28,2025-11-07 15:49:06
6520000,202565200000701389,상천리복지회관,상천리복지회관#1-2,제주특별자치도,서귀포시,관공서,제주특별자치도 서귀포시,,,제주특별자치도 서귀포시 안덕면 상천리 471-11(병악로408-3),,제주특별자치도청,064-710-2352,33.306695,126.380729,2024-12-31,I,2026-05-15 18:45:28,2025-11-07 15:49:22
6520000,202565200000700053,서귀포 자치경찰대,서귀포 자치경찰대,제주특별자치도,서귀포시,관공서,제주특별자치도 서귀포시,,,제주특별자치도 서귀포시 서귀동 556-15,,제주특별자치도청,064-710-2352,33.244959,126.565737,2024-12-31,I,2026-05-15 18:45:28,2025-11-07 15:49:06
6520000,202565200000701626,남원읍 문화체육복합센터,남원읍 문화체육복합센터#1-3,제주특별자치도,서귀포시,서민·복지시설,제주특별자치도 서귀포시,,,제주특별자치도 서귀포시 남원읍 남원리 2337-1 (태위로 551-27),,제주특별자치도청,064-710-2352,33.277499,126.705317,2024-12-31,I,2026-05-15 18:45:28,2025-11-07 15:49:25
6520000,202565200000701115,동광어린이공원,동광어린이공원 #1-1,제주특별자치도,서귀포시,서민·복지시설,제주특별자치도 서귀포시,,,제주특별자치도 서귀포시 동홍동 100-3,,제주특별자치도청,064-710-2352,33.257506,126.576663,2024-12-31,I,2026-05-15 18:45:28,2025-11-07 15:49:19
6520000,202565200000701426,아시아CGI애니메이션센터,아시아CGI애니메이션센터#1-1,제주특별자치도,서귀포시,관공서,제주특별자치도 서귀포시,,,제주특별자치도 서귀포시 동홍동 455-3 (동홍로 41),,제주특별자치도청,064-710-2352,33.252165,126.567446,2024-12-31,I,2026-05-15 18:45:28,2025-11-07 15:49:23
6520000,202565200000700256,소암기념관,"1층 전시실, 2층 전시실, 2층 세미나실",제주특별자치도,서귀포시,지역문화시설,제주특별자치도 서귀포시,,,제주특별자치도 서귀포시 서귀동 157-1,,제주특별자치도청,064-710-2352,33.245123,126.567419,2024-12-31,I,2026-05-15 18:45:28,2025-11-07 15:49:08
6520000,202565200000700267,수망리사무소_2 (옥내1),수망리사무소_2 (옥내1),제주특별자치도,서귀포시,지역문화시설,제주특별자치도 서귀포시,,,제주특별자치도 서귀포시 남원읍 태수로 599-34,,제주특별자치도청,064-710-2352,33.328471,126.713673,2024-12-31,I,2026-05-15 18:45:28,2025-11-07 15:49:08
6520000,202565200000700945,6코스,올레 6코스 검은여 올레화장실  #1-1,제주특별자치도,서귀포시,기타,제주특별자치도 서귀포시,,,제주특별자치도 서귀포시 토평동 399,,제주특별자치도청,064-710-2352,33.244644,126.585973,2024-12-31,I,2026-05-15 18:45:28,2025-11-07 15:49:16
6520000,202565200000700510,천제연폭포,천제연폭포,제주특별자치도,서귀포시,관광,제주특별자치도 서귀포시,,,제주특별자치도 서귀포시 중문동 2232,,제주특별자치도청,064-710-2352,33.252642,126.418428,2024-12-31,I,2026-05-15 18:45:28,2025-11-07 15:49:11
6520000,202565200000700600,포니벨리,포니벨리,제주특별자치도,서귀포시,관광,제주특별자치도 서귀포시,,,제주특별자치도 서귀포시 표선면 성읍리 2684,,제주특별자치도청,064-710-2352,33.402800,126.778798,2024-12-31,I,2026-05-15 18:45:28,2025-11-07 15:49:12
6520000,202565200000700941,6코스,올레 6코스 하효항 쇠소깍로 #1-2,제주특별자치도,서귀포시,기타,제주특별자치도 서귀포시,,,제주특별자치도 서귀포시 하효동 1304-4,,제주특별자치도청,064-710-2352,33.249495,126.619392,2024-12-31,I,2026-05-15 18:45:28,2025-11-07 15:49:16
6520000,202565200000700930,사려니숲길,사려니숲길 입구 #1-4,제주특별자치도,서귀포시,기타,제주특별자치도 서귀포시,,,제주특별자치도 서귀포시 표선면 가시리 산 158(남조로 붉은오름사려니숲길 입구),,제주특별자치도청,064-710-2352,33.395219,126.685038,2024-12-31,I,2026-05-15 18:45:28,2025-11-07 15:49:16
6520000,202565200000701633,서귀포의료원,서귀포의료원 #1-2,제주특별자치도,서귀포시,기타,제주특별자치도 서귀포시,,,제주특별자치도 서귀포시 동홍동 1530-2 (장수로 47),,제주특별자치도청,064-710-2352,33.255498,126.564051,2024-12-31,I,2026-05-15 18:45:28,2025-11-07 15:49:25
6520000,202565200000701284,이승악 탐방휴게소,이승악탐방휴게소 #1-1,제주특별자치도,서귀포시,관광,제주특별자치도 서귀포시,,,제주특별자치도 서귀포시 남원읍 신례리 2162-20,,제주특별자치도청,064-710-2352,33.315867,126.630248,2024-12-31,I,2026-05-15 18:45:28,2025-11-07 15:49:21
6520000,202565200000701508,버스정류소_국민연금공단서귀포지사(북),국민연금공단서귀포지사(북)#1-1,제주특별자치도,서귀포시,교통시설,제주특별자치도 서귀포시,,,제주특별자치도 서귀포시 동홍동 657-4(서귀포시 동홍동 496-9 앞 ),,제주특별자치도청,064-710-2352,33.254925,126.576249,2024-12-31,I,2026-05-15 18:45:28,2025-11-07 15:49:24
6520000,202565200000700113,국민체육센터 청소년쉼터,국민체육센터 청소년쉼터,제주특별자치도,서귀포시,서민·복지시설,제주특별자치도 서귀포시,,,제주특별자치도 서귀포시 중문동 1921-1,,제주특별자치도청,064-710-2352,33.250949,126.432151,2024-12-31,I,2026-05-15 18:45:28,2025-11-07 15:49:07
6520000,202565200000701071,새마을 소공원,새마을 소공원 #1-2,제주특별자치도,서귀포시,서민·복지시설,제주특별자치도 서귀포시,,,제주특별자치도 서귀포시 대포동2238 옆,,제주특별자치도청,064-710-2352,33.241744,126.443544,2024-12-31,I,2026-05-15 18:45:28,2025-11-07 15:49:19
6520000,202565200000701005,오름어린이 공원,오름어린이 공원 #1-1,제주특별자치도,서귀포시,서민·복지시설,제주특별자치도 서귀포시,,,제주특별자치도 서귀포시 서호동 1533,,제주특별자치도청,064-710-2352,33.253928,126.521277,2024-12-31,I,2026-05-15 18:45:28,2025-11-07 15:49:17
6520000,202565200000700258,서귀포시 노인복지회관,방송실입구,제주특별자치도,서귀포시,서민·복지시설,제주특별자치도 서귀포시,,,제주특별자치도 서귀포시 동홍동 646-1,,제주특별자치도청,064-710-2352,33.254313,126.569973,2024-12-31,I,2026-05-15 18:45:28,2025-11-07 15:49:08
6520000,202565200000701148,버스정류소_위미초등학교_(서성동방면),위미초등학교,제주특별자치도,서귀포시,교통시설,제주특별자치도 서귀포시,,,제주특별자치도 서귀포시 남원읍 위미리 3112-1,,제주특별자치도청,064-710-2352,33.273673,126.654548,2024-12-31,I,2026-05-15 18:45:28,2025-11-07 15:49:19
6520000,202565200000701189,전기차충전소_제주자연생태공원주차장,제주자연생태공원주차장#1-2,제주특별자치도,서귀포시,기타,제주특별자치도 서귀포시,,,제주특별자치도 서귀포시 성산읍 금백조로 446(수산리 4711-1),,제주특별자치도청,064-710-2352,33.440150,126.823660,2024-12-31,I,2026-05-15 18:45:28,2025-11-07 15:49:20
6520000,202565200000700069,중앙동주민센터,중앙동주민센터,제주특별자치도,서귀포시,관공서,제주특별자치도 서귀포시,,,제주특별자치도 서귀포시 중앙동 269-4,,제주특별자치도청,064-710-2352,33.250713,126.565106,2024-12-31,I,2026-05-15 18:45:28,2025-11-07 15:49:06
6520000,202565200000700474,버스정류소_중문환승정류장(중문우체국(북)),중문우체국 (북),제주특별자치도,서귀포시,교통시설,제주특별자치도 서귀포시,,,제주특별자치도 서귀포시 중문동 2774,,제주특별자치도청,064-710-2352,33.251890,126.423416,2024-12-31,I,2026-05-15 18:45:28,2025-11-07 15:49:10
6520000,202565200000700575,일출랜드,일출랜드,제주특별자치도,서귀포시,관광,제주특별자치도 서귀포시,,,제주특별자치도 서귀포시 성산읍 삼달리 1010,,제주특별자치도청,064-710-2352,33.381494,126.842066,2024-12-31,I,2026-05-15 18:45:28,2025-11-07 15:49:12
6520000,202565200000700494,돈내코,돈내코,제주특별자치도,서귀포시,관광,제주특별자치도 서귀포시,,,제주특별자치도 서귀포시 상효동 1459,,제주특별자치도청,064-710-2352,33.300211,126.584719,2024-12-31,I,2026-05-15 18:45:28,2025-11-07 15:49:11
6520000,202565200000700178,시민청소년야외쉼터(시민축구장),시민청소년야외쉼터(시민축구장),제주특별자치도,서귀포시,지역문화시설,제주특별자치도 서귀포시,,,제주특별자치도 서귀포시 토평동 1128-9,,제주특별자치도청,064-710-2352,33.262316,126.589504,2024-12-31,I,2026-05-15 18:45:28,2025-11-07 15:49:07
6520000,202565200000701376,온평보건진료소,온평보건진료소#1-1,제주특별자치도,서귀포시,관공서,제주특별자치도 서귀포시,,,제주특별자치도 서귀포시 온평리 840-13층(온평애향로23번길6),,제주특별자치도청,064-710-2352,33.407842,126.900232,2024-12-31,I,2026-05-15 18:45:28,2025-11-07 15:49:22
6520000,202565200000700598,제주허브동산,제주허브동산,제주특별자치도,서귀포시,관광,제주특별자치도 서귀포시,,,제주특별자치도 서귀포시 표선면 표선리 2608,,제주특별자치도청,064-710-2352,33.330459,126.815609,2024-12-31,I,2026-05-15 18:45:28,2025-11-07 15:49:12
6520000,202565200000700406,정류장_평생학습관(406000400) (옥외1),정류장_평생학습관(406000400) (옥외1),제주특별자치도,서귀포시,교통시설,제주특별자치도 서귀포시,,,제주특별자치도 서귀포시 염돈로 121-6,,제주특별자치도청,064-710-2352,33.249416,126.558142,2024-12-31,I,2026-05-15 18:45:28,2025-11-07 15:49:10
6520000,202565200000701069,문화1공원,문화1공원 #1-2,제주특별자치도,서귀포시,서민·복지시설,제주특별자치도 서귀포시,,,제주특별자치도 서귀포시 강정동 123,,제주특별자치도청,064-710-2352,33.259538,126.508876,2024-12-31,I,2026-05-15 18:45:28,2025-11-07 15:49:19
6520000,202565200000701647,예래동주민센터,예래동주민센터  #4-1,제주특별자치도,서귀포시,관공서,제주특별자치도 서귀포시,,,제주특별자치도 서귀포시 상예동 604,,제주특별자치도청,064-710-2352,33.254688,126.399929,2024-12-31,I,2026-05-15 18:45:28,2025-11-07 15:49:26
6520000,202565200000700199,천지연폭포,천지연폭포,제주특별자치도,서귀포시,관광,제주특별자치도 서귀포시,,,제주특별자치도 서귀포시 서홍동 843,,제주특별자치도청,064-710-2352,33.246616,126.563961,2024-12-31,I,2026-05-15 18:45:28,2025-11-07 15:49:07
6520000,202565200000700672,헬로키티 아일랜드,헬로키티 아일랜드,제주특별자치도,서귀포시,관광,제주특별자치도 서귀포시,,,제주특별자치도 서귀포시 안덕면 상창리 1963-2,,제주특별자치도청,064-710-2352,33.289966,126.352096,2024-12-31,I,2026-05-15 18:45:28,2025-11-07 15:49:13
6520000,202565200000700901,5코스,올레 5코스 남원리 큰엉입구 #1-1,제주특별자치도,서귀포시,기타,제주특별자치도 서귀포시,,,제주특별자치도 서귀포시 남원읍 남원리 1383-2,,제주특별자치도청,064-710-2352,33.274743,126.709063,2024-12-31,I,2026-05-15 18:45:28,2025-11-07 15:49:15
6520000,202565200000700595,자연사랑갤러리,자연사랑갤러리,제주특별자치도,서귀포시,관광,제주특별자치도 서귀포시,,,제주특별자치도 서귀포시 표선면 가시리 1924,,제주특별자치도청,064-710-2352,33.355358,126.771619,2024-12-31,I,2026-05-15 18:45:28,2025-11-07 15:49:12
6520000,202565200000701403,파더스가든,파더스가든#1-2,제주특별자치도,서귀포시,관광,제주특별자치도 서귀포시,,,제주특별자치도 서귀포시 안덕면 상창리 804(병악로44-33),,제주특별자치도청,064-710-2352,33.279937,126.365786,2024-12-31,I,2026-05-15 18:45:28,2025-11-07 15:49:22
6520000,202565200000701399,상창리복지회관,상창리복지회관#1-3,제주특별자치도,서귀포시,관공서,제주특별자치도 서귀포시,,,제주특별자치도 서귀포시 안덕면 상창리 648-1(한창로102),,제주특별자치도청,064-710-2352,33.272310,126.366041,2024-12-31,I,2026-05-15 18:45:28,2025-11-07 15:49:22
6520000,202565200000700557,노리매(매화테마공원),노리매(매화테마공원),제주특별자치도,서귀포시,관광,제주특별자치도 서귀포시,,,제주특별자치도 서귀포시 대정읍 구억리 676,,제주특별자치도청,064-710-2352,33.282251,126.287591,2024-12-31,I,2026-05-15 18:45:28,2025-11-07 15:49:11
6520000,202565200000700200,세계자동차제주박물관,세계자동차제주박물관,제주특별자치도,서귀포시,관광,제주특별자치도 서귀포시,,,제주특별자치도 서귀포시 안덕면 2558-1,,제주특별자치도청,064-710-2352,33.261591,126.344025,2024-12-31,I,2026-05-15 18:45:28,2025-11-07 15:49:07
6520000,202565200000700811,버스정류소_오조해녀의집_(성산고등학교방면),식산공원 #1-1 (오조해녀의집 (북)),제주특별자치도,서귀포시,교통시설,제주특별자치도 서귀포시,,,제주특별자치도 서귀포시 성산읍 오조리 6-1,,제주특별자치도청,064-710-2352,33.468797,126.922531,2024-12-31,I,2026-05-15 18:45:28,2025-11-07 15:49:14
6520000,202565200000700502,엉또폭포,엉또폭포,제주특별자치도,서귀포시,관광,제주특별자치도 서귀포시,,,제주특별자치도 서귀포시 동홍동 1460-6(중앙로 140),,제주특별자치도청,064-710-2352,33.267038,126.497449,2024-12-31,I,2026-05-15 18:45:28,2025-11-07 15:49:11
6520000,202565200000700216,외돌개,외돌개,제주특별자치도,서귀포시,관광,제주특별자치도 서귀포시,,,제주특별자치도 서귀포시 서흥동 782-1,,제주특별자치도청,064-710-2352,33.241372,126.547931,2024-12-31,I,2026-05-15 18:45:28,2025-11-07 15:49:07
6520000,202565200000700385,정류장_상예2동(406000032) (옥외1),정류장_상예2동(406000032) (옥외1),제주특별자치도,서귀포시,교통시설,제주특별자치도 서귀포시,,,제주특별자치도 서귀포시 상예동 4631-9,,제주특별자치도청,064-710-2352,33.264180,126.376988,2024-12-31,I,2026-05-15 18:45:28,2025-11-07 15:49:09
6520000,202565200000700148,제일요양원,제일요양원,제주특별자치도,서귀포시,서민·복지시설,제주특별자치도 서귀포시,,,제주특별자치도 서귀포시 정방연로52-8(토평동),,제주특별자치도청,064-710-2352,33.252292,126.577743,2024-12-31,I,2026-05-15 18:45:28,2025-11-07 15:49:07
6520000,202565200000700833,버스정류소_신흥교차로_(신흥리취락구조방면),신흥교차로 (서) #1-1,제주특별자치도,서귀포시,교통시설,제주특별자치도 서귀포시,,,제주특별자치도 서귀포시 남원읍 신흥리 167-19 앞,,제주특별자치도청,064-710-2352,33.300730,126.766983,2024-12-31,I,2026-05-15 18:45:28,2025-11-07 15:49:15
6520000,202565200000700471,제주국제평화센터,국제평화센터,제주특별자치도,서귀포시,관광,제주특별자치도 서귀포시,,,제주특별자치도 서귀포시 남원읍 태수로 599-36(수망리 311-2),,제주특별자치도청,064-710-2352,33.245113,126.421349,2024-12-31,I,2026-05-15 18:45:28,2025-11-07 15:49:10
6520000,202565200000700893,4코스,올레 4코스 토산리 올레 쉼터 #1-1,제주특별자치도,서귀포시,기타,제주특별자치도 서귀포시,,,제주특별자치도 서귀포시 표선면 토산리 425-5,,제주특별자치도청,064-710-2352,33.306451,126.783497,2024-12-31,I,2026-05-15 18:45:28,2025-11-07 15:49:15
6520000,202565200000700090,일터나눔지역자활센터,일터나눔지역자활센터,제주특별자치도,서귀포시,서민·복지시설,제주특별자치도 서귀포시,,,제주특별자치도 서귀포시 속골로 22,,제주특별자치도청,064-710-2352,33.241767,126.529351,2024-12-31,I,2026-05-15 18:45:28,2025-11-07 15:49:06
6520000,202565200000700484,예래생태체험관,예래생태체험관,제주특별자치도,서귀포시,관광,제주특별자치도 서귀포시,,,제주특별자치도 서귀포시 하예동 24-1,,제주특별자치도청,064-710-2352,33.244455,126.390930,2024-12-31,I,2026-05-15 18:45:28,2025-11-07 15:49:11
6520000,202565200000701256,설문대공원(구바당어린이),설문대공원(구바당어린이) #1-1,제주특별자치도,서귀포시,서민·복지시설,제주특별자치도 서귀포시,,,제주특별자치도 서귀포시 서호동 1598(국립기상과학원 서쪽),,제주특별자치도청,064-710-2352,33.258343,126.516724,2024-12-31,I,2026-05-15 18:45:28,2025-11-07 15:49:21
6520000,202565200000700756,놀래쉴래커뮤니티센터,놀래쉴래커뮤니티센터#1,제주특별자치도,서귀포시,관공서,제주특별자치도 서귀포시,,,제주특별자치도 서귀포시 표선면 서성일로 68,,제주특별자치도청,064-710-2352,33.397535,126.803745,2024-12-31,I,2026-05-15 18:45:28,2025-11-07 15:49:13
6520000,202565200000700583,소인국테마파크,소인국테마파크,제주특별자치도,서귀포시,관광,제주특별자치도 서귀포시,,,제주특별자치도 서귀포시 안덕면 서광리 725,,제주특별자치도청,064-710-2352,33.290311,126.322498,2024-12-31,I,2026-05-15 18:45:28,2025-11-07 15:49:12
6520000,202565200000700213,다빈치박물관,다빈치박물관,제주특별자치도,서귀포시,관광,제주특별자치도 서귀포시,,,제주특별자치도 서귀포시 안덕면 상천리 산 77-1,,제주특별자치도청,064-710-2352,33.319227,126.387084,2024-12-31,I,2026-05-15 18:45:28,2025-11-07 15:49:07
6520000,202565200000700472,주상절리대,주상절리대,제주특별자치도,서귀포시,관광,제주특별자치도 서귀포시,,,제주특별자치도 서귀포시 중문동 2769,,제주특별자치도청,064-710-2352,33.237948,126.426034,2024-12-31,I,2026-05-15 18:45:28,2025-11-07 15:49:10
6520000,202565200000700232,서귀포농업기술센터,1층 출입구 우측 벽면,제주특별자치도,서귀포시,관공서,제주특별자치도 서귀포시,,,제주특별자치도 서귀포시 남원읍 하례리 1558,,제주특별자치도청,064-710-2352,33.287975,126.607793,2024-12-31,I,2026-05-15 18:45:28,2025-11-07 15:49:08
6520000,202565200000701603,버스정류소_서귀포여자고등학교_(여의물방면),서귀포여자고등학교(북) #1-2,제주특별자치도,서귀포시,교통시설,제주특별자치도 서귀포시,,,제주특별자치도 서귀포시 호근동 1532-2,,제주특별자치도청,064-710-2352,33.244602,126.531192,2024-12-31,I,2026-05-15 18:45:28,2025-11-07 15:49:25
6520000,202565200000700889,4코스,올레 4코스 세화리 민속해안로 올레 쉼터 #1-1,제주특별자치도,서귀포시,기타,제주특별자치도 서귀포시,,,제주특별자치도 서귀포시 표선면 세화리 190-3,,제주특별자치도청,064-710-2352,33.304050,126.806179,2024-12-31,I,2026-05-15 18:45:28,2025-11-07 15:49:15
6520000,202565200000700031,서홍동주민센터,서홍동주민센터,제주특별자치도,서귀포시,관공서,제주특별자치도 서귀포시,,,제주특별자치도 서귀포시 중앙로 125,,제주특별자치도청,064-710-2352,33.256073,126.559986,2024-12-31,I,2026-05-15 18:45:28,2025-11-07 15:49:06
6520000,202565200000700590,다이나믹메이즈,다이나믹메이즈,제주특별자치도,서귀포시,관광,제주특별자치도 서귀포시,,,제주특별자치도 서귀포시 표선면 성읍리 2381,,제주특별자치도청,064-710-2352,33.399163,126.785344,2024-12-31,I,2026-05-15 18:45:28,2025-11-07 15:49:12
6520000,202565200000701555,서부소방서 대정119센터,서부소방서 대정119센터#1-1,제주특별자치도,서귀포시,관공서,제주특별자치도 서귀포시,,,제주특별자치도 서귀포시 일주서로 2717,,제주특별자치도청,064-710-2352,33.232511,126.240849,2024-12-31,I,2026-05-15 18:45:28,2025-11-07 15:49:24
6520000,202565200000701027,외돌개,외돌개#2-2,제주특별자치도,서귀포시,관광,제주특별자치도 서귀포시,,,제주특별자치도 서귀포시 서홍동 795-1,,제주특별자치도청,064-710-2352,33.240735,126.547733,2024-12-31,I,2026-05-15 18:45:28,2025-11-07 15:49:18
6520000,202565200000701321,서귀포매일올레시장,서귀포매일올레시장 #1-1,제주특별자치도,서귀포시,기타,제주특별자치도 서귀포시,,,제주특별자치도 서귀포시 서귀동 272-16,,제주특별자치도청,064-710-2352,33.248885,126.565225,2024-12-31,I,2026-05-15 18:45:28,2025-11-07 15:49:21
6520000,202565200000700486,큰엉(남원관광지구),큰엉(남원관광지구),제주특별자치도,서귀포시,관광,제주특별자치도 서귀포시,,,제주특별자치도 서귀포시 천제연로 281(중문동 1882),,제주특별자치도청,064-710-2352,33.273402,126.703901,2024-12-31,I,2026-05-15 18:45:28,2025-11-07 15:49:11
6520000,202565200000700081,서귀포시청(2청사),서귀포시청(2청사),제주특별자치도,서귀포시,관공서,제주특별자치도 서귀포시,,,제주특별자치도 서귀포시 신중로 55,,제주특별자치도청,064-710-2352,33.255581,126.510523,2024-12-31,I,2026-05-15 18:45:28,2025-11-07 15:49:06
6520000,202565200000700976,강정제1호공원,강정제1호공원1 #1-1,제주특별자치도,서귀포시,서민·복지시설,제주특별자치도 서귀포시,,,제주특별자치도 서귀포시 강정동 201,,제주특별자치도청,064-710-2352,33.253531,126.504880,2024-12-31,I,2026-05-15 18:45:28,2025-11-07 15:49:16
6520000,202565200000701487,칠십리공원,칠십리공원_A ＃2-1,제주특별자치도,서귀포시,서민·복지시설,제주특별자치도 서귀포시,,,제주특별자치도 서귀포시 서홍동 2579,,제주특별자치도청,064-710-2352,33.245603,126.553537,2024-12-31,I,2026-05-15 18:45:28,2025-11-07 15:49:24
6520000,202565200000701104,천제연폭포,천제연 폭포 #1-4,제주특별자치도,서귀포시,관광,제주특별자치도 서귀포시,,,제주특별자치도 서귀포시 중문동 2232,,제주특별자치도청,064-710-2352,33.252666,126.418431,2024-12-31,I,2026-05-15 18:45:28,2025-11-07 15:49:19
6520000,202565200000701157,아랑조을거리,아랑조을거리 (해저삼만리 횟집)#8,제주특별자치도,서귀포시,기타,제주특별자치도 서귀포시,,,제주특별자치도 서귀포시 서귀동 312-7,,제주특별자치도청,064-710-2352,33.247660,126.559688,2024-12-31,I,2026-05-15 18:45:28,2025-11-07 15:49:20
6520000,202565200000700947,6코스,올레 6코스 정방폭포입구 교차로 #1-2,제주특별자치도,서귀포시,기타,제주특별자치도 서귀포시,,,제주특별자치도 서귀포시 서귀동 93-19,,제주특별자치도청,064-710-2352,33.244728,126.569931,2024-12-31,I,2026-05-15 18:45:28,2025-11-07 15:49:16
6520000,202565200000700195,서귀포학생문화원도서관,서귀포학생문화원도서관,제주특별자치도,서귀포시,관공서,제주특별자치도 서귀포시,,,제주특별자치도 서귀포시 동홍동 71-31,,제주특별자치도청,064-710-2352,33.258027,126.577800,2024-12-31,I,2026-05-15 18:45:28,2025-11-07 15:49:07
6520000,202565200000700193,서귀포학생문화원,서귀포학생문화원,제주특별자치도,서귀포시,지역문화시설,제주특별자치도 서귀포시,,,제주특별자치도 서귀포시 중앙로150번길 4-1,,제주특별자치도청,064-710-2352,33.258618,126.561768,2024-12-31,I,2026-05-15 18:45:28,2025-11-07 15:49:07
6520000,202565200000701231,광치기해변,광치기해변 입구 #1-1,제주특별자치도,서귀포시,기타,제주특별자치도 서귀포시,,,제주특별자치도 서귀포시 성산읍 성산리 399-81,,제주특별자치도청,064-710-2352,33.460878,126.934120,2024-12-31,I,2026-05-15 18:45:28,2025-11-07 15:49:20
6520000,202565200000701043,황우지해안,황우지해안#1-2,제주특별자치도,서귀포시,기타,제주특별자치도 서귀포시,,,제주특별자치도 서귀포시 서홍동 795-1,,제주특별자치도청,064-710-2352,33.240385,126.548188,2024-12-31,I,2026-05-15 18:45:28,2025-11-07 15:49:18
6520000,202565200000701524,서귀포 치유의 숲,서귀포 치유의 숲#1-2,제주특별자치도,서귀포시,기타,제주특별자치도 서귀포시,,,제주특별자치도 서귀포시 호근동 산 4(산록남로 2271),,제주특별자치도청,064-710-2352,33.300788,126.518843,2024-12-31,I,2026-05-15 18:45:28,2025-11-07 15:49:24
6520000,202565200000700211,성산포항 종합여객터미널 장흥대합실,성산포항 종합여객터미널 장흥대합실,제주특별자치도,서귀포시,교통시설,제주특별자치도 서귀포시,,,제주특별자치도 서귀포시 성상읍 성산리 347-9,,제주특별자치도청,064-710-2352,33.296812,126.542526,2024-12-31,I,2026-05-15 18:45:28,2025-11-07 15:49:07
6520000,202565200000701428,표선청소년문화의집,표선청소년문화의집#1-1,제주특별자치도,서귀포시,지역문화시설,제주특별자치도 서귀포시,,,제주특별자치도 서귀포시 표선면 표선리 311-2(표선중앙로 13),,제주특별자치도청,064-710-2352,33.331566,126.830447,2024-12-31,I,2026-05-15 18:45:28,2025-11-07 15:49:23
6520000,202565200000700257,동부노인종합복지회관,"1층 소회의실, 2층 컴퓨터실, 3층 강당",제주특별자치도,서귀포시,서민·복지시설,제주특별자치도 서귀포시,,,제주특별자치도 서귀포시 남원읍 남원리 1229-1,,제주특별자치도청,064-710-2352,33.284267,126.714868,2024-12-31,I,2026-05-15 18:45:28,2025-11-07 15:49:08
6520000,202565200000701529,서귀포 치유의 숲,서귀포 치유의 숲#3-1,제주특별자치도,서귀포시,기타,제주특별자치도 서귀포시,,,제주특별자치도 서귀포시 호근동 산 4(산록남로 2271),,제주특별자치도청,064-710-2352,33.292473,126.527393,2024-12-31,I,2026-05-15 18:45:28,2025-11-07 15:49:24
6520000,202565200000701295,3-B코스,3-B코스 온평리 포구 #1-2,제주특별자치도,서귀포시,기타,제주특별자치도 서귀포시,,,제주특별자치도 서귀포시 성산읍 온평리 1001-6,,제주특별자치도청,064-710-2352,33.405238,126.903982,2024-12-31,I,2026-05-15 18:45:28,2025-11-07 15:49:21
6520000,202565200000700994,논짓물,논짓물 #1-2,제주특별자치도,서귀포시,관광,제주특별자치도 서귀포시,,,제주특별자치도 서귀포시 하예동 568,,제주특별자치도청,064-710-2352,33.236764,126.388510,2024-12-31,I,2026-05-15 18:45:28,2025-11-07 15:49:17
6520000,202565200000700705,자치경찰단 서귀포지역경찰대,자치경찰단 서귀포지역경찰대,제주특별자치도,서귀포시,기타,제주특별자치도 서귀포시,,,제주특별자치도 서귀포시 서귀동 556-15,,제주특별자치도청,064-710-2352,33.244995,126.565606,2024-12-31,I,2026-05-15 18:45:28,2025-11-07 15:49:13
6520000,202565200000701336,서귀포매일올레시장,구 삼일금고#1-2,제주특별자치도,서귀포시,기타,제주특별자치도 서귀포시,,,제주특별자치도 서귀포시 서귀동 291-54,,제주특별자치도청,064-710-2352,33.249547,126.561650,2024-12-31,I,2026-05-15 18:45:28,2025-11-07 15:49:22
6520000,202565200000700640,하효 쇠소깍 해변,하효 쇠소깍 해변 #3,제주특별자치도,서귀포시,기타,제주특별자치도 서귀포시,,,제주특별자치도 서귀포시 하효동 989 앞,,제주특별자치도청,064-710-2352,33.254384,126.622539,2024-12-31,I,2026-05-15 18:45:28,2025-11-07 15:49:12
6520000,202565200000701064,산방산,산방산 삼거리 #1-1,제주특별자치도,서귀포시,관광,제주특별자치도 서귀포시,,,제주특별자치도 서귀포시 안덕면 사계리 166-4,,제주특별자치도청,064-710-2352,33.236278,126.312498,2024-12-31,I,2026-05-15 18:45:28,2025-11-07 15:49:19
6520000,202565200000701327,서귀포매일올레시장,서귀포매일올레시장 #3-1,제주특별자치도,서귀포시,기타,제주특별자치도 서귀포시,,,제주특별자치도 서귀포시 서귀동 271-30,,제주특별자치도청,064-710-2352,33.249334,126.563936,2024-12-31,I,2026-05-15 18:45:28,2025-11-07 15:49:22
6520000,202565200000700659,모구리야영장,모구리야영장 #1,제주특별자치도,서귀포시,관광,제주특별자치도 서귀포시,,,제주특별자치도 서귀포시 성산읍 난산리 2960-1,,제주특별자치도청,064-710-2352,33.406627,126.821880,2024-12-31,I,2026-05-15 18:45:28,2025-11-07 15:49:12
6520000,202565200000700303,화순리 다목적회관_3 (옥내1),화순리 다목적회관_3 (옥내1),제주특별자치도,서귀포시,지역문화시설,제주특별자치도 서귀포시,,,제주특별자치도 서귀포시 안덕면 화순문화로 2,,제주특별자치도청,064-710-2352,33.253962,126.329715,2024-12-31,I,2026-05-15 18:45:28,2025-11-07 15:49:08
6520000,202565200000700588,토이파크,토이파크,제주특별자치도,서귀포시,관광,제주특별자치도 서귀포시,,,제주특별자치도 서귀포시 안덕면 동광리 383,,제주특별자치도청,064-710-2352,33.318996,126.345493,2024-12-31,I,2026-05-15 18:45:28,2025-11-07 15:49:12
6520000,202565200000701006,아랑조을거리,아랑조을거리#2-1,제주특별자치도,서귀포시,기타,제주특별자치도 서귀포시,,,제주특별자치도 서귀포시 서귀동 308-10앞,,제주특별자치도청,064-710-2352,33.249836,126.559971,2024-12-31,I,2026-05-15 18:45:28,2025-11-07 15:49:17
6520000,202565200000700655,버스정류소_고성환승정류장(고성리 회전교차로[남]),성산환승정류장(고성리 회전교차로)[남],제주특별자치도,서귀포시,교통시설,제주특별자치도 서귀포시,,,제주특별자치도 서귀포시 성산읍 고성리 1100-4 대한통운 앞 버스정류장,,제주특별자치도청,064-710-2352,33.447237,126.913755,2024-12-31,I,2026-05-15 18:45:28,2025-11-07 15:49:12
6520000,202565200000700299,안덕청소년문화의집_2 (옥내1),안덕청소년문화의집_2 (옥내1),제주특별자치도,서귀포시,서민·복지시설,제주특별자치도 서귀포시,,,제주특별자치도 서귀포시 안덕면 화순로 56번길 20,,제주특별자치도청,064-710-2352,33.249416,126.337001,2024-12-31,I,2026-05-15 18:45:28,2025-11-07 15:49:08
6520000,202565200000700966,녹산로 유채꽃길,녹산로 유채꽃길 유채꽃프라자 #1-1,제주특별자치도,서귀포시,기타,제주특별자치도 서귀포시,,,제주특별자치도 서귀포시 표선면 가시리 3665-85,,제주특별자치도청,064-710-2352,33.393657,126.731719,2024-12-31,I,2026-05-15 18:45:28,2025-11-07 15:49:16
6520000,202565200000701276,전기차충전소_광치기해변 공영주차장,광치기해변 #1-7 (공영주차장),제주특별자치도,서귀포시,기타,제주특별자치도 서귀포시,,,제주특별자치도 서귀포시 성산읍 오조리 57-35(고성동서로 115 ),,제주특별자치도청,064-710-2352,33.454517,126.925285,2024-12-31,I,2026-05-15 18:45:28,2025-11-07 15:49:21
6520000,202565200000700863,크루즈 여객터미널,크루즈 여객터미널 #1-1,제주특별자치도,서귀포시,교통시설,제주특별자치도 서귀포시,,,제주특별자치도 서귀포시 강정동 4676(말질로 261),,제주특별자치도청,064-710-2352,33.228183,126.476964,2024-12-31,I,2026-05-15 18:45:28,2025-11-07 15:49:15
6520000,202565200000701582,서귀포외국문화학습관,서귀포외국문화학습관 #1-2,제주특별자치도,서귀포시,관공서,제주특별자치도 서귀포시,,,제주특별자치도 서귀포시 중앙로150번길 4-1,,제주특별자치도청,064-710-2352,33.258540,126.561351,2024-12-31,I,2026-05-15 18:45:28,2025-11-07 15:49:25
6520000,202565200000700006,서귀포청소년수련관(청소년 성문화센터),"서귀포청소년수련관
(청소년 성문화센터)",제주특별자치도,서귀포시,지역문화시설,제주특별자치도 서귀포시,,,제주특별자치도 서귀포시 강정동 1481-3  (중산간서로 97-1),,제주특별자치도청,064-710-2352,33.260539,126.498451,2024-12-31,I,2026-05-15 18:45:28,2025-11-07 15:49:05
6520000,202565200000700461,성산일출봉,성산일출해양도립공원,제주특별자치도,서귀포시,관광,제주특별자치도 서귀포시,,,제주특별자치도 서귀포시 성산읍 성산리 114,,제주특별자치도청,064-710-2352,33.462338,126.936644,2024-12-31,I,2026-05-15 18:45:28,2025-11-07 15:49:10
6520000,202565200000701332,서귀포매일올레시장,제주은행(북)#1-1,제주특별자치도,서귀포시,기타,제주특별자치도 서귀포시,,,제주특별자치도 서귀포시 서귀동 370-5,,제주특별자치도청,064-710-2352,33.247991,126.564102,2024-12-31,I,2026-05-15 18:45:28,2025-11-07 15:49:22
6520000,202565200000700001,서귀포 동부 보건소,서귀포 동부 보건소,제주특별자치도,서귀포시,관공서,제주특별자치도 서귀포시,,,제주특별자치도 서귀포시 남원읍 남원리 2359-1,,제주특별자치도청,064-710-2352,33.275628,126.703391,2024-12-31,I,2026-05-15 18:45:28,2025-11-07 15:49:05
6520000,202565200000700884,3-A코스,올레 3-A코스 신천리 해안도로 #1-2,제주특별자치도,서귀포시,기타,제주특별자치도 서귀포시,,,제주특별자치도 서귀포시 성산읍 신천리 382,,제주특별자치도청,064-710-2352,33.339380,126.853755,2024-12-31,I,2026-05-15 18:45:28,2025-11-07 15:49:15
6520000,202565200000700710,강창학경기장,강창학경기장#1-2,제주특별자치도,서귀포시,기타,제주특별자치도 서귀포시,,,제주특별자치도 서귀포시 중산간서로 95(강정동),,제주특별자치도청,064-710-2352,33.261281,126.500339,2024-12-31,I,2026-05-15 18:45:28,2025-11-07 15:49:13
6520000,202565200000700374,정류장_사계리동동(406000931) (옥외1),정류장_사계리동동(406000931) (옥외1),제주특별자치도,서귀포시,교통시설,제주특별자치도 서귀포시,,,제주특별자치도 서귀포시 안덕면 사계리 1936-1,,제주특별자치도청,064-710-2352,33.234316,126.307667,2024-12-31,I,2026-05-15 18:45:28,2025-11-07 15:49:09
6520000,202565200000700722,성읍랜드,성읍랜드 #1-2,제주특별자치도,서귀포시,기타,제주특별자치도 서귀포시,,,제주특별자치도 서귀포시 표선면 성읍리 2060-1,,제주특별자치도청,064-710-2352,33.398610,126.787315,2024-12-31,I,2026-05-15 18:45:28,2025-11-07 15:49:13
6520000,202565200000701245,영어1호근린공원,영어1호근린공원 #1-1,제주특별자치도,서귀포시,서민·복지시설,제주특별자치도 서귀포시,,,제주특별자치도 서귀포시 대정읍 구억리 1107,,제주특별자치도청,064-710-2352,33.297714,126.284318,2024-12-31,I,2026-05-15 18:45:28,2025-11-07 15:49:21
6520000,202565200000701287,산방산,산방산 #3-3,제주특별자치도,서귀포시,관광,제주특별자치도 서귀포시,,,제주특별자치도 서귀포시 안덕면 사계리 116-4(사계리 118-3 앞),,제주특별자치도청,064-710-2352,33.233607,126.311280,2024-12-31,I,2026-05-15 18:45:28,2025-11-07 15:49:21
6520000,202565200000700034,볍환청소년문화의집,볍환청소년문화의집,제주특별자치도,서귀포시,지역문화시설,제주특별자치도 서귀포시,,,제주특별자치도 서귀포시 막숙포로 70-1(법환동),,제주특별자치도청,064-710-2352,33.235545,126.514124,2024-12-31,I,2026-05-15 18:45:28,2025-11-07 15:49:06
6520000,202565200000700099,중문요양원,중문요양원,제주특별자치도,서귀포시,서민·복지시설,제주특별자치도 서귀포시,,,제주특별자치도 서귀포시 일주서로728번길 74(중문동),,제주특별자치도청,064-710-2352,33.262253,126.434127,2024-12-31,I,2026-05-15 18:45:28,2025-11-07 15:49:06
6520000,202565200000700614,2코스,2코스,제주특별자치도,서귀포시,기타,제주특별자치도 서귀포시,,,제주특별자치도 서귀포시 성산읍 고성리 1421-1 앞,,제주특별자치도청,064-710-2352,33.449713,126.908620,2024-12-31,I,2026-05-15 18:45:28,2025-11-07 15:49:12
6520000,202565200000700098,서귀포테니장청소년쉼터,서귀포테니장청소년쉼터,제주특별자치도,서귀포시,서민·복지시설,제주특별자치도 서귀포시,,,제주특별자치도 서귀포시 동홍동1477,,제주특별자치도청,064-710-2352,33.256789,126.561122,2024-12-31,I,2026-05-15 18:45:28,2025-11-07 15:49:06
6520000,202565200000700180,효돈생활청소년쉼터(효돈생활체육관),효돈생활청소년쉼터(효돈생활체육관),제주특별자치도,서귀포시,지역문화시설,제주특별자치도 서귀포시,,,제주특별자치도 서귀포시 하효동 147-3,,제주특별자치도청,064-710-2352,33.263031,126.617064,2024-12-31,I,2026-05-15 18:45:28,2025-11-07 15:49:07
6520000,202565200000700693,성읍민속마을,성읍민속마을-종탑#1-2,제주특별자치도,서귀포시,관광,제주특별자치도 서귀포시,,,제주특별자치도 서귀포시 표선면 성읍리 901,,제주특별자치도청,064-710-2352,33.386529,126.802251,2024-12-31,I,2026-05-15 18:45:28,2025-11-07 15:49:13
6520000,202565200000700613,2코스,2코스,제주특별자치도,서귀포시,기타,제주특별자치도 서귀포시,,,제주특별자치도 서귀포시 성산읍 고성리 1421-1 앞,,제주특별자치도청,064-710-2352,33.449713,126.908620,2024-12-31,I,2026-05-15 18:45:28,2025-11-07 15:49:12
6520000,202565200000701559,대정청소년수련관,대정청소년수련관#1-4,제주특별자치도,서귀포시,지역문화시설,제주특별자치도 서귀포시,,,제주특별자치도 서귀포시 대정읍 동일하모로 149번길 21-8,,제주특별자치도청,064-710-2352,33.227890,126.247725,2024-12-31,I,2026-05-15 18:45:28,2025-11-07 15:49:24
6520000,202565200000700745,서귀포 자기주도학습지원센터,서귀포 자기주도학습지원센터 #1,제주특별자치도,서귀포시,기타,제주특별자치도 서귀포시,,,제주특별자치도 서귀포시 동홍동 402-3,,제주특별자치도청,064-710-2352,33.251137,126.570422,2024-12-31,I,2026-05-15 18:45:28,2025-11-07 15:49:13
6520000,202565200000701551,광치기해변,광치기해변 #2-4 (섭지해녀의집),제주특별자치도,서귀포시,기타,제주특별자치도 서귀포시,,,제주특별자치도 서귀포시 성산읍 고성리 127-7 앞(섭지코지로 93-15),,제주특별자치도청,064-710-2352,33.434489,126.925709,2024-12-31,I,2026-05-15 18:45:28,2025-11-07 15:49:24
6520000,202565200000700254,서귀포농업기술센터,"1층 복도, 2층 복도, 3층 복도",제주특별자치도,서귀포시,관공서,제주특별자치도 서귀포시,,,제주특별자치도 서귀포시 남원읍 하례리 1558,,제주특별자치도청,064-710-2352,33.287975,126.607793,2024-12-31,I,2026-05-15 18:45:28,2025-11-07 15:49:08
6520000,202565200000701267,사려니숲길,사려니숲길(한라일보 정기공연장)#1-2,제주특별자치도,서귀포시,기타,제주특별자치도 서귀포시,,,제주특별자치도 서귀포시 표선면 가시리 산 158,,제주특별자치도청,064-710-2352,33.394809,126.683235,2024-12-31,I,2026-05-15 18:45:28,2025-11-07 15:49:21
6520000,202565200000701449,한라산국립공원_진달래밭대피소,한라산국립공원_진달래밭대피소#1-3,제주특별자치도,서귀포시,서민·복지시설,제주특별자치도 서귀포시,,,제주특별자치도 서귀포시 남원하례리산1-7,,제주특별자치도청,064-710-2352,33.369839,126.555498,2024-12-31,I,2026-05-15 18:45:28,2025-11-07 15:49:23
6520000,202565200000701417,버스정류소_상원동_(위미문화의집방면),상원동[북]#1-1,제주특별자치도,서귀포시,교통시설,제주특별자치도 서귀포시,,,제주특별자치도 서귀포시 남원읍 위미리 1900-1앞,,제주특별자치도청,064-710-2352,33.275188,126.663879,2024-12-31,I,2026-05-15 18:45:28,2025-11-07 15:49:23
6520000,202565200000700627,중문관광단지,중문관광단지,제주특별자치도,서귀포시,관광,제주특별자치도 서귀포시,,,제주특별자치도 서귀포시 색달동 3311-17,,제주특별자치도청,064-710-2352,33.245080,126.414317,2024-12-31,I,2026-05-15 18:45:28,2025-11-07 15:49:12
6520000,202565200000700464,산방산,"산방산(용머리, 하멜상선)",제주특별자치도,서귀포시,관광,제주특별자치도 서귀포시,,,제주특별자치도 서귀포시 안덕면 사계리 111-1,,제주특별자치도청,064-710-2352,33.234811,126.314533,2024-12-31,I,2026-05-15 18:45:28,2025-11-07 15:49:10
6520000,202565200000700908,5코스,올레 5코스 공천포 올레쉼터 마을공원 놀이터  #1-2,제주특별자치도,서귀포시,기타,제주특별자치도 서귀포시,,,제주특별자치도 서귀포시 남원읍 신례리 74,,제주특별자치도청,064-710-2352,33.263571,126.639173,2024-12-31,I,2026-05-15 18:45:28,2025-11-07 15:49:15
6520000,202565200000701164,베니스랜드,베니스랜드#2,제주특별자치도,서귀포시,관광,제주특별자치도 서귀포시,,,제주특별자치도 서귀포시 성산읍 난산리 2621-1,,제주특별자치도청,064-710-2352,33.416915,126.840186,2024-12-31,I,2026-05-15 18:45:28,2025-11-07 15:49:20
6520000,202565200000701176,형제해안도로,형제해안도로 (하우스펜션 옆)#1-1,제주특별자치도,서귀포시,기타,제주특별자치도 서귀포시,,,제주특별자치도 서귀포시 대정읍 상모리 71-5,,제주특별자치도청,064-710-2352,33.212916,126.292712,2024-12-31,I,2026-05-15 18:45:28,2025-11-07 15:49:20
6520000,202565200000701375,수산보건진료소,수산보건진료소#1-3,제주특별자치도,서귀포시,관공서,제주특별자치도 서귀포시,,,제주특별자치도 서귀포시 성산읍 수산리 703-3(수산서남로17-1),,제주특별자치도청,064-710-2352,33.446028,126.882722,2024-12-31,I,2026-05-15 18:45:28,2025-11-07 15:49:22
6520000,202565200000701323,서귀포매일올레시장,서귀포매일올레시장 #2-1,제주특별자치도,서귀포시,기타,제주특별자치도 서귀포시,,,제주특별자치도 서귀포시 서귀동 272-51,,제주특별자치도청,064-710-2352,33.248615,126.564037,2024-12-31,I,2026-05-15 18:45:28,2025-11-07 15:49:21
6520000,202565200000701122,신흥2리체육공원,신흥2리체육공원 #1-1,제주특별자치도,서귀포시,서민·복지시설,제주특별자치도 서귀포시,,,제주특별자치도 서귀포시 남원읍 신흥리 1760-9,,제주특별자치도청,064-710-2352,33.320072,126.744521,2024-12-31,I,2026-05-15 18:45:28,2025-11-07 15:49:19
6520000,202565200000700762,버스정류소_위미3리(406000239),종보존연구센터 방면,제주특별자치도,서귀포시,교통시설,제주특별자치도 서귀포시,,,제주특별자치도 서귀포시 남원읍 위미리 172-4,,제주특별자치도청,064-710-2352,33.275312,126.687451,2024-12-31,I,2026-05-15 18:45:28,2025-11-07 15:49:13
6520000,202565200000700547,버스정류소_성읍환승정류장(성읍1리방면),성읍환승정류장(성읍1리사무소)(성읍1리방면),제주특별자치도,서귀포시,교통시설,제주특별자치도 서귀포시,,,제주특별자치도 서귀포시 표선면 성읍리 666-6,,제주특별자치도청,064-710-2352,33.389328,126.798351,2024-12-31,I,2026-05-15 18:45:28,2025-11-07 15:49:11
6520000,202565200000701066,문화2공원,문화2공원 #1-1,제주특별자치도,서귀포시,서민·복지시설,제주특별자치도 서귀포시,,,제주특별자치도 서귀포시 강정동 138,,제주특별자치도청,064-710-2352,33.257485,126.508259,2024-12-31,I,2026-05-15 18:45:28,2025-11-07 15:49:19
6520000,202565200000700065,송산동주민센터,송산동주민센터,제주특별자치도,서귀포시,관공서,제주특별자치도 서귀포시,,,제주특별자치도 서귀포시 송산동 556-2,,제주특별자치도청,064-710-2352,33.248318,126.581144,2024-12-31,I,2026-05-15 18:45:28,2025-11-07 15:49:06
6520000,202565200000700967,녹산로 유채꽃길,녹산로 유채꽃길 유채꽃프라자 #1-2,제주특별자치도,서귀포시,기타,제주특별자치도 서귀포시,,,제주특별자치도 서귀포시 표선면 가시리 3665-85,,제주특별자치도청,064-710-2352,33.393657,126.731719,2024-12-31,I,2026-05-15 18:45:28,2025-11-07 15:49:16
6520000,202565200000700320,서귀포시장애인회관_3 (옥내1),서귀포시장애인회관_3 (옥내1),제주특별자치도,서귀포시,서민·복지시설,제주특별자치도 서귀포시,,,제주특별자치도 서귀포시 칠십리로72번길 9,,제주특별자치도청,064-710-2352,33.239770,126.564555,2024-12-31,I,2026-05-15 18:45:28,2025-11-07 15:49:08
6520000,202565200000700643,섭지코지,신양 섭지코지 해변 #2,제주특별자치도,서귀포시,기타,제주특별자치도 서귀포시,,,제주특별자치도 서귀포시 성산읍 고성리 186-2번지선,,제주특별자치도청,064-710-2352,33.434776,126.923996,2024-12-31,I,2026-05-15 18:45:28,2025-11-07 15:49:12
6520000,202565200000700533,버스정류소_대정환승정류장(대정읍사무소),대정환승정류장(대정읍사무소),제주특별자치도,서귀포시,교통시설,제주특별자치도 서귀포시,,,제주특별자치도 서귀포시 대정읍 하모리 1443-4,,제주특별자치도청,064-710-2352,33.226038,126.251567,2024-12-31,I,2026-05-15 18:45:28,2025-11-07 15:49:11
6520000,202565200000700282,공원녹지과 민원실_2 (옥내1),공원녹지과 민원실_2 (옥내1),제주특별자치도,서귀포시,관공서,제주특별자치도 서귀포시,,,제주특별자치도 서귀포시 신중로 55,,제주특별자치도청,064-710-2352,33.254977,126.511596,2024-12-31,I,2026-05-15 18:45:28,2025-11-07 15:49:08
6520000,202565200000700594,자연사랑갤러리,자연사랑갤러리,제주특별자치도,서귀포시,관광,제주특별자치도 서귀포시,,,제주특별자치도 서귀포시 표선면 가시리 1924,,제주특별자치도청,064-710-2352,33.355358,126.771619,2024-12-31,I,2026-05-15 18:45:28,2025-11-07 15:49:12
6520000,202565200000701485,칠십리공원,칠십리공원_A ＃1-1,제주특별자치도,서귀포시,서민·복지시설,제주특별자치도 서귀포시,,,제주특별자치도 서귀포시 서홍동 571,,제주특별자치도청,064-710-2352,33.247562,126.553383,2024-12-31,I,2026-05-15 18:45:28,2025-11-07 15:49:24
6520000,202565200000701062,10코스,사계항 #1-1,제주특별자치도,서귀포시,기타,제주특별자치도 서귀포시,,,제주특별자치도 서귀포시 안덕면 사계리 2147-32,,제주특별자치도청,064-710-2352,33.228087,126.305560,2024-12-31,I,2026-05-15 18:45:28,2025-11-07 15:49:19
6520000,202565200000701333,버스정류소_제주은행(구 삼일금고방면),제주은행(북)#1-2,제주특별자치도,서귀포시,교통시설,제주특별자치도 서귀포시,,,제주특별자치도 서귀포시 서귀동 370-5,,제주특별자치도청,064-710-2352,33.247991,126.564102,2024-12-31,I,2026-05-15 18:45:28,2025-11-07 15:49:22
6520000,202565200000700851,버스정류소_창천리_(창천리새동네방면),창천리 (서) #1-2,제주특별자치도,서귀포시,교통시설,제주특별자치도 서귀포시,,,제주특별자치도 서귀포시 안덕면 창천리 155-13,,제주특별자치도청,064-710-2352,33.265905,126.370935,2024-12-31,I,2026-05-15 18:45:28,2025-11-07 15:49:15
6520000,202565200000701575,감산리 전천후게이트볼장,감산리 전천후게이트볼장#1-1,제주특별자치도,서귀포시,서민·복지시설,제주특별자치도 서귀포시,,,제주특별자치도 서귀포시 안덕면 감산리 347,,제주특별자치도청,064-710-2352,33.258158,126.354708,2024-12-31,I,2026-05-15 18:45:28,2025-11-07 15:49:25
6520000,202565200000700692,성읍민속마을,성읍민속마을-종탑#1-1,제주특별자치도,서귀포시,관광,제주특별자치도 서귀포시,,,제주특별자치도 서귀포시 표선면 성읍리 901,,제주특별자치도청,064-710-2352,33.386529,126.802251,2024-12-31,I,2026-05-15 18:45:28,2025-11-07 15:49:13
6520000,202565200000701351,서귀포매일올레시장,서귀포매일올레시장 #10-1,제주특별자치도,서귀포시,기타,제주특별자치도 서귀포시,,,제주특별자치도 서귀포시 서귀동 277-12(4번출구),,제주특별자치도청,064-710-2352,33.249722,126.562945,2024-12-31,I,2026-05-15 18:45:28,2025-11-07 15:49:22
6520000,202565200000701029,칠십리 음식 특화거리,칠십리 음식 특화거리#4-2,제주특별자치도,서귀포시,기타,제주특별자치도 서귀포시,,,제주특별자치도 서귀포시 서귀동 652-4,,제주특별자치도청,064-710-2352,33.241464,126.561406,2024-12-31,I,2026-05-15 18:45:28,2025-11-07 15:49:18
6520000,202565200000701519,버스정류소_동미빌딩_(제주은행방면),동미빌딩#1-1,제주특별자치도,서귀포시,교통시설,제주특별자치도 서귀포시,,,제주특별자치도 서귀포시 서귀동 395-1,,제주특별자치도청,064-710-2352,33.248537,126.565947,2024-12-31,I,2026-05-15 18:45:28,2025-11-07 15:49:24
6520000,202565200000701409,버스정류소_비석거리_(창남거리방면),비석거리[남]#1-1,제주특별자치도,서귀포시,교통시설,제주특별자치도 서귀포시,,,제주특별자치도 서귀포시 토평동 827-2,,제주특별자치도청,064-710-2352,33.254913,126.578132,2024-12-31,I,2026-05-15 18:45:28,2025-11-07 15:49:22
6520000,202565200000701349,서귀포매일올레시장,서귀포매일올레시장 #8-2,제주특별자치도,서귀포시,기타,제주특별자치도 서귀포시,,,제주특별자치도 서귀포시 서귀동 275-8(2번출구),,제주특별자치도청,064-710-2352,33.248494,126.563097,2024-12-31,I,2026-05-15 18:45:28,2025-11-07 15:49:22
6520000,202565200000700999,제주환상자전거길,제주환상자전거길(법환카페거리-사진포인트)#1-2,제주특별자치도,서귀포시,기타,제주특별자치도 서귀포시,,,제주특별자치도 서귀포시 법환동 1541- 앞 CCTV POLE,,제주특별자치도청,064-710-2352,33.231312,126.505706,2024-12-31,I,2026-05-15 18:45:28,2025-11-07 15:49:17
6520000,202565200000700360,정류장_시흥리사무소(406001098) (옥외1),정류장_시흥리사무소(406001098) (옥외1),제주특별자치도,서귀포시,교통시설,제주특별자치도 서귀포시,,,제주특별자치도 서귀포시 성산읍 시흥상동로 45,,제주특별자치도청,064-710-2352,33.473347,126.898876,2024-12-31,I,2026-05-15 18:45:28,2025-11-07 15:49:09
6520000,202565200000701106,제주제트,제주제트 #1-1,제주특별자치도,서귀포시,관광,제주특별자치도 서귀포시,,,제주특별자치도 서귀포시 대포로 172-5,,제주특별자치도청,064-710-2352,33.238396,126.439477,2024-12-31,I,2026-05-15 18:45:28,2025-11-07 15:49:19
6520000,202565200000701631,표선면 문화체육복합센터,표선면 문화체육복합센터#1-4,제주특별자치도,서귀포시,서민·복지시설,제주특별자치도 서귀포시,,,제주특별자치도 서귀포시 표선면 표선리 40-115 (민속해안로 631-12),,제주특별자치도청,064-710-2352,33.324087,126.839420,2024-12-31,I,2026-05-15 18:45:28,2025-11-07 15:49:25
6520000,202565200000700509,제주한란전시관,제주한란전시관,제주특별자치도,서귀포시,관광,제주특별자치도 서귀포시,,,제주특별자치도 서귀포시 상효동 1421-15,,제주특별자치도청,064-710-2352,33.296347,126.590537,2024-12-31,I,2026-05-15 18:45:28,2025-11-07 15:49:11
6520000,202565200000701368,천제연폭포,천제연폭포 #1-5,제주특별자치도,서귀포시,관광,제주특별자치도 서귀포시,,,제주특별자치도 서귀포시 중문동 2232,,제주특별자치도청,064-710-2352,33.252916,126.418089,2024-12-31,I,2026-05-15 18:45:28,2025-11-07 15:49:22
6520000,202565200000701128,제주해양동물박물관,제주해양동물박물관#1-1,제주특별자치도,서귀포시,관광,제주특별자치도 서귀포시,,,제주특별자치도 서귀포시 성산읍 수산리 3233,,제주특별자치도청,064-710-2352,33.429464,126.855058,2024-12-31,I,2026-05-15 18:45:28,2025-11-07 15:49:19
6520000,202565200000700144,푸드마켓,푸드마켓,제주특별자치도,서귀포시,기타,제주특별자치도 서귀포시,,,제주특별자치도 서귀포시 서문로30(서귀포),,제주특별자치도청,064-710-2352,33.250376,126.558566,2024-12-31,I,2026-05-15 18:45:28,2025-11-07 15:49:07
6520000,202565200000701541,아랑조을거리,천지동자원순환센터 (아랑조을거리입구 서 )#1-2,제주특별자치도,서귀포시,기타,제주특별자치도 서귀포시,,,제주특별자치도 서귀포시 서귀동 305 - 23,,제주특별자치도청,064-710-2352,33.251540,126.559748,2024-12-31,I,2026-05-15 18:45:28,2025-11-07 15:49:24
6520000,202565200000700677,사계 해안도로,사계 해안도로 #1-2,제주특별자치도,서귀포시,기타,제주특별자치도 서귀포시,,,제주특별자치도 서귀포시 안덕면 사계리 3530-7,,제주특별자치도청,064-710-2352,33.221826,126.295736,2024-12-31,I,2026-05-15 18:45:28,2025-11-07 15:49:13
6520000,202565200000700229,서귀포 관광극장,외부공연장입구(외부),제주특별자치도,서귀포시,지역문화시설,제주특별자치도 서귀포시,,,제주특별자치도 서귀포시 서귀동 519,,제주특별자치도청,064-710-2352,33.245908,126.564326,2024-12-31,I,2026-05-15 18:45:28,2025-11-07 15:49:08
6520000,202565200000700238,서귀포시 표선보건지소,"1층 안내데스크(복도), 2층 복도, 3층 복도",제주특별자치도,서귀포시,관공서,제주특별자치도 서귀포시,,,제주특별자치도 서귀포시 표선면 표선리 312 동부보건소 표선보건지소,,제주특별자치도청,064-710-2352,33.331128,126.830269,2024-12-31,I,2026-05-15 18:45:28,2025-11-07 15:49:08
6520000,202565200000700430,정류장_가마초등학교(406001025) (옥외1),정류장_가마초등학교(406001025) (옥외1),제주특별자치도,서귀포시,교통시설,제주특별자치도 서귀포시,,,제주특별자치도 서귀포시 표선면 세화리 1540-21,,제주특별자치도청,064-710-2352,33.306472,126.800403,2024-12-31,I,2026-05-15 18:45:28,2025-11-07 15:49:10
6520000,202565200000700688,성읍민속마을,성읍민속마을-가로등 #3-1,제주특별자치도,서귀포시,관광,제주특별자치도 서귀포시,,,제주특별자치도 서귀포시 표선면 성읍리 872,,제주특별자치도청,064-710-2352,33.386624,126.801588,2024-12-31,I,2026-05-15 18:45:28,2025-11-07 15:49:13
6520000,202565200000700786,송악도서관,송악도서관 #1-2,제주특별자치도,서귀포시,관공서,제주특별자치도 서귀포시,,,제주특별자치도 서귀포시 대정읍 하모리 1252-1,,제주특별자치도청,064-710-2352,33.226627,126.248601,2024-12-31,I,2026-05-15 18:45:28,2025-11-07 15:49:14
6520000,202565200000700475,버스정류소_중문환승정류장(중문우체국(남)),중문우체국 (남),제주특별자치도,서귀포시,교통시설,제주특별자치도 서귀포시,,,제주특별자치도 서귀포시 중문동 2774,,제주특별자치도청,064-710-2352,33.251714,126.423926,2024-12-31,I,2026-05-15 18:45:28,2025-11-07 15:49:10
6520000,202565200000700531,버스정류소_의귀환승정류장(의귀초등학교(서),의귀환승정류장(의귀초등학교(서),제주특별자치도,서귀포시,교통시설,제주특별자치도 서귀포시,,,제주특별자치도 서귀포시 남원읍 의귀리 1483-10,,제주특별자치도청,064-710-2352,33.310791,126.714810,2024-12-31,I,2026-05-15 18:45:28,2025-11-07 15:49:11
6520000,202565200000700388,정류장_서광서리(406000984) (옥외1),정류장_서광서리(406000984) (옥외1),제주특별자치도,서귀포시,교통시설,제주특별자치도 서귀포시,,,제주특별자치도 서귀포시 안덕면 서광리 1917-6,,제주특별자치도청,064-710-2352,33.286041,126.302515,2024-12-31,I,2026-05-15 18:45:28,2025-11-07 15:49:10
6520000,202565200000701271,성산읍 공설묘지 봉안당,성산읍 공설묘지 봉안당 #1-3,제주특별자치도,서귀포시,서민·복지시설,제주특별자치도 서귀포시,,,제주특별자치도 서귀포시 성산읍 수산리 4711(성산읍 금백조로 548),,제주특별자치도청,064-710-2352,33.434837,126.816864,2024-12-31,I,2026-05-15 18:45:28,2025-11-07 15:49:21
6520000,202565200000701604,버스정류소_제주월드컵경기장 서귀포버스터미널(남),제주월드컵경기장 서귀포버스터미널 (남)#1-1,제주특별자치도,서귀포시,교통시설,제주특별자치도 서귀포시,,,제주특별자치도 서귀포시 법환동 843,,제주특별자치도청,064-710-2352,33.248438,126.510736,2024-12-31,I,2026-05-15 18:45:28,2025-11-07 15:49:25
6520000,202565200000701350,서귀포매일올레시장,서귀포매일올레시장 #9-1,제주특별자치도,서귀포시,기타,제주특별자치도 서귀포시,,,제주특별자치도 서귀포시 서귀동 275-27(3번출구),,제주특별자치도청,064-710-2352,33.249121,126.562905,2024-12-31,I,2026-05-15 18:45:28,2025-11-07 15:49:22
6520000,202565200000700151,서귀포 여성새로일하기센터 YWCA,서귀포                  여성새로일하기센터 YWCA,제주특별자치도,서귀포시,서민·복지시설,제주특별자치도 서귀포시,,,제주특별자치도 서귀포시 부두로 3(송산동),,제주특별자치도청,064-710-2352,33.244668,126.565505,2024-12-31,I,2026-05-15 18:45:28,2025-11-07 15:49:07
6520000,202565200000701346,전기차충전소_서귀포매일올레시장 주차장,서귀포매일올레시장주차장 #1-3,제주특별자치도,서귀포시,기타,제주특별자치도 서귀포시,,,제주특별자치도 서귀포시 서귀동 277-2,,제주특별자치도청,064-710-2352,33.249908,126.563078,2024-12-31,I,2026-05-15 18:45:28,2025-11-07 15:49:22
6520000,202565200000700457,천지연폭포,천지연폭포,제주특별자치도,서귀포시,관광,제주특별자치도 서귀포시,,,제주특별자치도 서귀포시 서홍동 666-1,,제주특별자치도청,064-710-2352,33.244722,126.559700,2024-12-31,I,2026-05-15 18:45:28,2025-11-07 15:49:10
6520000,202565200000700911,6코스,올레 6코스 보목동 국궁장 앞 #1-1,제주특별자치도,서귀포시,기타,제주특별자치도 서귀포시,,,제주특별자치도 서귀포시 보목동 1442-1,,제주특별자치도청,064-710-2352,33.243636,126.588735,2024-12-31,I,2026-05-15 18:45:28,2025-11-07 15:49:15
6520000,202565200000701282,전기차충전소_성산부두 우도선착장 주차장,성산부두 우도선착장 주차장 #1-4,제주특별자치도,서귀포시,기타,제주특별자치도 서귀포시,,,제주특별자치도 서귀포시 성산읍 성산리 347-9,,제주특별자치도청,064-710-2352,33.472525,126.932347,2024-12-31,I,2026-05-15 18:45:28,2025-11-07 15:49:21
6520000,202565200000701199,전기차충전소_보성리사무소,보성리사무소#1,제주특별자치도,서귀포시,기타,제주특별자치도 서귀포시,,,제주특별자치도 서귀포시 대정읍 추사로 93-7(보성리 1568-5),,제주특별자치도청,064-710-2352,33.251333,126.273240,2024-12-31,I,2026-05-15 18:45:28,2025-11-07 15:49:20
6520000,202565200000701433,버스정류소_동홍청소년문화의집_(산지물방면),동홍청소년문화의집[북]#1-1,제주특별자치도,서귀포시,교통시설,제주특별자치도 서귀포시,,,제주특별자치도 서귀포시 동홍동 1075-5앞,,제주특별자치도청,064-710-2352,33.266040,126.568666,2024-12-31,I,2026-05-15 18:45:28,2025-11-07 15:49:23
6520000,202565200000700446,추사적거지,추사적거지,제주특별자치도,서귀포시,관광,제주특별자치도 서귀포시,,,제주특별자치도 서귀포시 대정읍 안성리 1661-1,,제주특별자치도청,064-710-2352,33.250308,126.278153,2024-12-31,I,2026-05-15 18:45:28,2025-11-07 15:49:10
6520000,202565200000700804,정모시공원,정모시공원 #2-1,제주특별자치도,서귀포시,서민·복지시설,제주특별자치도 서귀포시,,,제주특별자치도 서귀포시 서귀동 108,,제주특별자치도청,064-710-2352,33.245765,126.570850,2024-12-31,I,2026-05-15 18:45:28,2025-11-07 15:49:14
6520000,202565200000701565,신시가지[동],신시가지[동]#1-1,제주특별자치도,서귀포시,교통시설,제주특별자치도 서귀포시,,,제주특별자치도 서귀포시 406000061,,제주특별자치도청,064-710-2352,33.260271,126.510431,2024-12-31,I,2026-05-15 18:45:28,2025-11-07 15:49:25
6520000,202565200000701634,서귀포의료원,서귀포의료원 #1-3,제주특별자치도,서귀포시,기타,제주특별자치도 서귀포시,,,제주특별자치도 서귀포시 동홍동 1530-2 (장수로 47),,제주특별자치도청,064-710-2352,33.255498,126.564051,2024-12-31,I,2026-05-15 18:45:28,2025-11-07 15:49:26
6520000,202565200000700449,버스정류소-동문로터리_(현대산부인과방면),동문로터리(북),제주특별자치도,서귀포시,교통시설,제주특별자치도 서귀포시,,,제주특별자치도 서귀포시 서귀동 216-21,,제주특별자치도청,064-710-2352,33.248688,126.568494,2024-12-31,I,2026-05-15 18:45:28,2025-11-07 15:49:10
6520000,202565200000701211,망장포구,서귀포 다이브 센터 #1-1,제주특별자치도,서귀포시,기타,제주특별자치도 서귀포시,,,제주특별자치도 서귀포시 남원읍 하례리 64-10,,제주특별자치도청,064-710-2352,33.259253,126.639517,2024-12-31,I,2026-05-15 18:45:28,2025-11-07 15:49:20
6520000,202565200000701065,산방산,산방산 삼거리 #1-2,제주특별자치도,서귀포시,관광,제주특별자치도 서귀포시,,,제주특별자치도 서귀포시 안덕면 사계리 166-4,,제주특별자치도청,064-710-2352,33.236278,126.312498,2024-12-31,I,2026-05-15 18:45:28,2025-11-07 15:49:19
6520000,202565200000700599,제주허브동산,제주허브동산,제주특별자치도,서귀포시,관광,제주특별자치도 서귀포시,,,제주특별자치도 서귀포시 표선면 표선리 2608,,제주특별자치도청,064-710-2352,33.330459,126.815609,2024-12-31,I,2026-05-15 18:45:28,2025-11-07 15:49:12
6520000,202565200000701215,버스정류소_하원동_(중문고등학교방면),하원동(북) #1,제주특별자치도,서귀포시,교통시설,제주특별자치도 서귀포시,,,제주특별자치도 서귀포시 하원동 394-5,,제주특별자치도청,064-710-2352,33.254129,126.460692,2024-12-31,I,2026-05-15 18:45:28,2025-11-07 15:49:20
6520000,202565200000700548,버스정류소_성읍환승정류장(성읍농협방면),성읍환승정류장(성읍1리사무소)(성읍농협방면),제주특별자치도,서귀포시,교통시설,제주특별자치도 서귀포시,,,제주특별자치도 서귀포시 표선면 성읍리 668-5,,제주특별자치도청,064-710-2352,33.389172,126.798523,2024-12-31,I,2026-05-15 18:45:28,2025-11-07 15:49:11
6520000,202565200000700309,월평 커뮤니티비즈니스센터_1 (옥외1),월평 커뮤니티비즈니스센터_1 (옥외1),제주특별자치도,서귀포시,지역문화시설,제주특별자치도 서귀포시,,,제주특별자치도 서귀포시 월평로 37,,제주특별자치도청,064-710-2352,33.246244,126.460422,2024-12-31,I,2026-05-15 18:45:28,2025-11-07 15:49:08
6520000,202565200000701218,공천포전지훈련센터(다목적체육관),공천포전지훈련센터(다목적체육관)#1-3,제주특별자치도,서귀포시,서민·복지시설,제주특별자치도 서귀포시,,,제주특별자치도 서귀포시 남원읍 신례리 335,,제주특별자치도청,064-710-2352,33.276880,126.640254,2024-12-31,I,2026-05-15 18:45:28,2025-11-07 15:49:20
6520000,202565200000701331,서귀포매일올레시장,서귀포매일올레시장 #4-2,제주특별자치도,서귀포시,기타,제주특별자치도 서귀포시,,,제주특별자치도 서귀포시 서귀동 276-1,,제주특별자치도청,064-710-2352,33.249908,126.563838,2024-12-31,I,2026-05-15 18:45:28,2025-11-07 15:49:22
6520000,202565200000700292,사계리 산방복지회관_1 (옥외1),사계리 산방복지회관_1 (옥외1),제주특별자치도,서귀포시,지역문화시설,제주특별자치도 서귀포시,,,제주특별자치도 서귀포시 안덕면 산방로 322,,제주특별자치도청,064-710-2352,33.233516,126.301867,2024-12-31,I,2026-05-15 18:45:28,2025-11-07 15:49:08
6520000,202565200000700753,성읍1리복지회관,성읍1리복지화관#2,제주특별자치도,서귀포시,관공서,제주특별자치도 서귀포시,,,제주특별자치도 서귀포시 표선면 서성일로 10번길 6-4,,제주특별자치도청,064-710-2352,33.392346,126.800982,2024-12-31,I,2026-05-15 18:45:28,2025-11-07 15:49:13
6520000,202565200000700121,상창보건진료소,상창보건진료소,제주특별자치도,서귀포시,관공서,제주특별자치도 서귀포시,,,제주특별자치도 서귀포시 안덕면 한창로 145번길 11,,제주특별자치도청,064-710-2352,33.274512,126.362522,2024-12-31,I,2026-05-15 18:45:28,2025-11-07 15:49:07
6520000,202565200000700102,예래동공부방,예래동공부방,제주특별자치도,서귀포시,서민·복지시설,제주특별자치도 서귀포시,,,제주특별자치도 서귀포시 열리로80(예래동),,제주특별자치도청,064-710-2352,33.247024,126.390267,2024-12-31,I,2026-05-15 18:45:28,2025-11-07 15:49:07
6520000,202565200000700919,7코스,올레 7코스 강정동 썩은섬 앞 #1-2,제주특별자치도,서귀포시,기타,제주특별자치도 서귀포시,,,제주특별자치도 서귀포시 강정동 800,,제주특별자치도청,064-710-2352,33.232664,126.499920,2024-12-31,I,2026-05-15 18:45:28,2025-11-07 15:49:15
6520000,202565200000700761,버스정류소_표선초등학교(406000849),하천리취락구조 방면,제주특별자치도,서귀포시,교통시설,제주특별자치도 서귀포시,,,제주특별자치도 서귀포시 표선면 표선리 462,,제주특별자치도청,064-710-2352,33.328139,126.834828,2024-12-31,I,2026-05-15 18:45:28,2025-11-07 15:49:13
6520000,202565200000701393,무민랜드,무민랜드#1-4,제주특별자치도,서귀포시,관광,제주특별자치도 서귀포시,,,제주특별자치도 서귀포시 안덕면 상천리 470-6(병악로420),,제주특별자치도청,064-710-2352,33.306595,126.381779,2024-12-31,I,2026-05-15 18:45:28,2025-11-07 15:49:22
6520000,202565200000700883,3-A코스,올레 3-A코스 신천리 해안도로 #1-1,제주특별자치도,서귀포시,기타,제주특별자치도 서귀포시,,,제주특별자치도 서귀포시 성산읍 신천리 382,,제주특별자치도청,064-710-2352,33.339380,126.853755,2024-12-31,I,2026-05-15 18:45:28,2025-11-07 15:49:15
6520000,202565200000701241,성산일출봉,성산일출봉 - 정상 #1-2,제주특별자치도,서귀포시,관광,제주특별자치도 서귀포시,,,제주특별자치도 서귀포시 성산읍 성산리 78,,제주특별자치도청,064-710-2352,33.458861,126.939498,2024-12-31,I,2026-05-15 18:45:28,2025-11-07 15:49:21
6520000,202565200000701269,성산읍 공설묘지 봉안당,성산읍 공설묘지 봉안당 #1-1,제주특별자치도,서귀포시,서민·복지시설,제주특별자치도 서귀포시,,,제주특별자치도 서귀포시 성산읍 수산리 4711(성산읍 금백조로 548),,제주특별자치도청,064-710-2352,33.434946,126.817184,2024-12-31,I,2026-05-15 18:45:28,2025-11-07 15:49:21
6520000,202565200000700225,남원청소년문화의집,"1층 사무실, 1층 휴게실, 2층 프로그램실",제주특별자치도,서귀포시,지역문화시설,제주특별자치도 서귀포시,,,제주특별자치도 서귀포시 남원읍 남원리 1500,,제주특별자치도청,064-710-2352,33.280961,126.709088,2024-12-31,I,2026-05-15 18:45:28,2025-11-07 15:49:08
6520000,202565200000700870,3-B코스,올레 3-B코스 표선해수욕장 표선리교차로 #1-2,제주특별자치도,서귀포시,기타,제주특별자치도 서귀포시,,,제주특별자치도 서귀포시 표선면 표선리 884-4,,제주특별자치도청,064-710-2352,33.325475,126.836984,2024-12-31,I,2026-05-15 18:45:28,2025-11-07 15:49:15
6520000,202565200000701621,제주월드컵경기장,월드컵경기장 대도로변 입구 매표소#1-4,제주특별자치도,서귀포시,지역문화시설,제주특별자치도 서귀포시,,,제주특별자치도 서귀포시 법환동 914(월드컵로 33 ),,제주특별자치도청,064-710-2352,33.248435,126.510737,2024-12-31,I,2026-05-15 18:45:28,2025-11-07 15:49:25
6520000,202565200000700809,하모어린이공원,하모어린이공원 #2-2,제주특별자치도,서귀포시,서민·복지시설,제주특별자치도 서귀포시,,,제주특별자치도 서귀포시 대정읍 하모리 2140,,제주특별자치도청,064-710-2352,33.218956,126.252657,2024-12-31,I,2026-05-15 18:45:28,2025-11-07 15:49:14
6520000,202565200000700529,버스정류소_남원환승정류장(남원읍사무소),남원환승정류장(남원읍사무소),제주특별자치도,서귀포시,교통시설,제주특별자치도 서귀포시,,,제주특별자치도 서귀포시 남원읍 남원리 196-3,,제주특별자치도청,064-710-2352,33.280620,126.720910,2024-12-31,I,2026-05-15 18:45:28,2025-11-07 15:49:11
6520000,202565200000701560,법환청소년문화의집,법환청소년문화의집#1-1,제주특별자치도,서귀포시,관공서,제주특별자치도 서귀포시,,,제주특별자치도 서귀포시 막숙포로 70-1,,제주특별자치도청,064-710-2352,33.235538,126.514143,2024-12-31,I,2026-05-15 18:45:28,2025-11-07 15:49:24
6520000,202565200000701103,카멜리아힐,카멜리아힐 #1-3,제주특별자치도,서귀포시,관광,제주특별자치도 서귀포시,,,제주특별자치도 서귀포시 안덕면 상창리 271,,제주특별자치도청,064-710-2352,33.290033,126.368382,2024-12-31,I,2026-05-15 18:45:28,2025-11-07 15:49:19
6520000,202565200000700616,9코스,9코스,제주특별자치도,서귀포시,기타,제주특별자치도 서귀포시,,,제주특별자치도 서귀포시 안덕면 감산리 982-1,,제주특별자치도청,064-710-2352,33.237400,126.361570,2024-12-31,I,2026-05-15 18:45:28,2025-11-07 15:49:12
6520000,202565200000700987,피규어뮤지엄 제주,피규어뮤지엄 제주 #1-2,제주특별자치도,서귀포시,관광,제주특별자치도 서귀포시,,,제주특별자치도 서귀포시 안덕면 상창리 1875-8,,제주특별자치도청,064-710-2352,33.281972,126.355276,2024-12-31,I,2026-05-15 18:45:28,2025-11-07 15:49:16
6520000,202565200000700905,5코스,올레 5코스 공천포해안로 올레쉼터 #1-1,제주특별자치도,서귀포시,기타,제주특별자치도 서귀포시,,,제주특별자치도 서귀포시 남원읍 신례리 26-7,,제주특별자치도청,064-710-2352,33.266999,126.643772,2024-12-31,I,2026-05-15 18:45:28,2025-11-07 15:49:15
6520000,202565200000701047,3-B코스,신천리 벽화마을 #1-2,제주특별자치도,서귀포시,기타,제주특별자치도 서귀포시,,,제주특별자치도 서귀포시 성산읍 신천리 302-4,,제주특별자치도청,064-710-2352,33.343248,126.853396,2024-12-31,I,2026-05-15 18:45:28,2025-11-07 15:49:18
6520000,202565200000701083,왈종미술관,왈종미술관 #1-2,제주특별자치도,서귀포시,지역문화시설,제주특별자치도 서귀포시,,,제주특별자치도 서귀포시 동홍동 281-2,,제주특별자치도청,064-710-2352,33.245265,126.573685,2024-12-31,I,2026-05-15 18:45:28,2025-11-07 15:49:19
6520000,202565200000700862,버스정류소_위미1리사무소_(위미문화의집방면),위미1리 사무소 #1-1,제주특별자치도,서귀포시,교통시설,제주특별자치도 서귀포시,,,제주특별자치도 서귀포시 남원읍 위미리 3156 앞,,제주특별자치도청,064-710-2352,33.274104,126.656517,2024-12-31,I,2026-05-15 18:45:28,2025-11-07 15:49:15
6520000,202565200000701491,성산포항,성산포항#1-1,제주특별자치도,서귀포시,기타,제주특별자치도 서귀포시,,,제주특별자치도 서귀포시 성산읍 성산리 347-9,,제주특별자치도청,064-710-2352,33.472572,126.933402,2024-12-31,I,2026-05-15 18:45:28,2025-11-07 15:49:24
6520000,202565200000701038,노리매(매화테마공원),노리매공원 #2-1,제주특별자치도,서귀포시,관광,제주특별자치도 서귀포시,,,제주특별자치도 서귀포시 대정읍 중산간서로 2260-15,,제주특별자치도청,064-710-2352,33.283854,126.287080,2024-12-31,I,2026-05-15 18:45:28,2025-11-07 15:49:18
6520000,202565200000700963,제주유채꽃축제장,제주유채꽃축제 #1-1(조랑말공원),제주특별자치도,서귀포시,관광,제주특별자치도 서귀포시,,,제주특별자치도 서귀포시 표선면 가시리 3149-33,,제주특별자치도청,064-710-2352,33.383404,126.735711,2024-12-31,I,2026-05-15 18:45:28,2025-11-07 15:49:16
6520000,202565200000701166,신천리 벽화마을,신천리 벽화마을(벽화거리CCTV POLE)#3-1,제주특별자치도,서귀포시,기타,제주특별자치도 서귀포시,,,제주특별자치도 서귀포시 성산읍 신천리 393,,제주특별자치도청,064-710-2352,33.340887,126.852048,2024-12-31,I,2026-05-15 18:45:28,2025-11-07 15:49:20
6520000,202565200000700780,전기차충전소_(재)테크노파크 생물종다양성연구소,(재)테크노파크 생물종다양성연구소 #1-1,제주특별자치도,서귀포시,기타,제주특별자치도 서귀포시,,,제주특별자치도 서귀포시 남원읍 신례리 2162-43,,제주특별자치도청,064-710-2352,33.315628,126.633769,2024-12-31,I,2026-05-15 18:45:28,2025-11-07 15:49:14
6520000,202565200000701210,버스정류소_대정농협_(대정환승정류장방면),대정농협 #1,제주특별자치도,서귀포시,교통시설,제주특별자치도 서귀포시,,,제주특별자치도 서귀포시 대정읍 하모리 928-4,,제주특별자치도청,064-710-2352,33.222119,126.252170,2024-12-31,I,2026-05-15 18:45:28,2025-11-07 15:49:20
6520000,202565200000700797,천지공원,천지공원 #1-1,제주특별자치도,서귀포시,서민·복지시설,제주특별자치도 서귀포시,,,제주특별자치도 서귀포시 서귀동 304-4,,제주특별자치도청,064-710-2352,33.250879,126.558378,2024-12-31,I,2026-05-15 18:45:28,2025-11-07 15:49:14
6520000,202565200000700468,안덕생활체육관,안덕생활체육관,제주특별자치도,서귀포시,서민·복지시설,제주특별자치도 서귀포시,,,제주특별자치도 서귀포시 안덕면 화순리 2063,,제주특별자치도청,064-710-2352,33.256193,126.328319,2024-12-31,I,2026-05-15 18:45:28,2025-11-07 15:49:10
6520000,202565200000700163,삼달보건진료소,삼달보건진료소,제주특별자치도,서귀포시,관공서,제주특별자치도 서귀포시,,,제주특별자치도 서귀포시 성산읍 삼달리 723-7,,제주특별자치도청,064-710-2352,33.374262,126.846715,2024-12-31,I,2026-05-15 18:45:28,2025-11-07 15:49:07
6520000,202565200000700248,제주월드컵경기장,"1층 기자실 좌측 벽면, 기자실 안쪽 에어컨 뒤",제주특별자치도,서귀포시,지역문화시설,제주특별자치도 서귀포시,,,제주특별자치도 서귀포시 법환동 914,,제주특별자치도청,064-710-2352,33.247594,126.507632,2024-12-31,I,2026-05-15 18:45:28,2025-11-07 15:49:08
6520000,202565200000700996,서귀포궁도장,서귀포궁도장 #1-2,제주특별자치도,서귀포시,서민·복지시설,제주특별자치도 서귀포시,,,제주특별자치도 서귀포시 강정동 1475,,제주특별자치도청,064-710-2352,33.259224,126.498026,2024-12-31,I,2026-05-15 18:45:28,2025-11-07 15:49:17
6520000,202565200000701063,10코스,사계항 #1-2,제주특별자치도,서귀포시,기타,제주특별자치도 서귀포시,,,제주특별자치도 서귀포시 안덕면 사계리 2147-32,,제주특별자치도청,064-710-2352,33.228087,126.305560,2024-12-31,I,2026-05-15 18:45:28,2025-11-07 15:49:19
6520000,202565200000700408,서귀포보건소_주민건강증진센터 (옥내1),서귀포보건소_주민건강증진센터 (옥내1),제주특별자치도,서귀포시,서민·복지시설,제주특별자치도 서귀포시,,,제주특별자치도 서귀포시 대정읍 서삼중로 128,,제주특별자치도청,064-710-2352,33.253477,126.555360,2024-12-31,I,2026-05-15 18:45:28,2025-11-07 15:49:10
6520000,202565200000700527,버스정류소_남원읍사무소(북),남원읍사무소(북),제주특별자치도,서귀포시,교통시설,제주특별자치도 서귀포시,,,제주특별자치도 서귀포시 남원읍 남원리 100-3,,제주특별자치도청,064-710-2352,33.279361,126.719764,2024-12-31,I,2026-05-15 18:45:28,2025-11-07 15:49:11
6520000,202565200000701442,산방산,산방산산방굴사매표소#1-1,제주특별자치도,서귀포시,관광,제주특별자치도 서귀포시,,,제주특별자치도 서귀포시 안덕면 사계리 3693,,제주특별자치도청,064-710-2352,33.237249,126.313341,2024-12-31,I,2026-05-15 18:45:28,2025-11-07 15:49:23
6520000,202565200000700159,고성오일시장,고성오일시장,제주특별자치도,서귀포시,기타,제주특별자치도 서귀포시,,,제주특별자치도 서귀포시 성산읍 고성리 1181-1,,제주특별자치도청,064-710-2352,33.451858,126.912818,2024-12-31,I,2026-05-15 18:45:28,2025-11-07 15:49:07
6520000,202565200000700284,대평리도농교류센터_2 (옥내1),대평리도농교류센터_2 (옥내1),제주특별자치도,서귀포시,기타,제주특별자치도 서귀포시,,,제주특별자치도 서귀포시 안덕면 난드르로49-5,,제주특별자치도청,064-710-2352,33.235379,126.362843,2024-12-31,I,2026-05-15 18:45:28,2025-11-07 15:49:08
6520000,202565200000700499,서귀포자연휴양림,서귀포자연휴양림(동백동),제주특별자치도,서귀포시,관광,제주특별자치도 서귀포시,,,제주특별자치도 서귀포시 하원동 산1-1,,제주특별자치도청,064-710-2352,33.311965,126.458999,2024-12-31,I,2026-05-15 18:45:28,2025-11-07 15:49:11
6520000,202565200000701050,서귀포감귤박물관,감귤박물관 학습체험장 #3-1,제주특별자치도,서귀포시,관광,제주특별자치도 서귀포시,,,제주특별자치도 서귀포시 신효동 1200-6,,제주특별자치도청,064-710-2352,33.271786,126.608373,2024-12-31,I,2026-05-15 18:45:28,2025-11-07 15:49:18
6520000,202565200000700473,주상절리대,주상절리대(제1매표소),제주특별자치도,서귀포시,관광,제주특별자치도 서귀포시,,,제주특별자치도 서귀포시 중문동 2769,,제주특별자치도청,064-710-2352,33.237664,126.426023,2024-12-31,I,2026-05-15 18:45:28,2025-11-07 15:49:10
6520000,202565200000701550,광치기해변,광치기해변 #2-3 (섭지해녀의집),제주특별자치도,서귀포시,기타,제주특별자치도 서귀포시,,,제주특별자치도 서귀포시 성산읍 고성리 127-7 앞(섭지코지로 93-15),,제주특별자치도청,064-710-2352,33.434489,126.925709,2024-12-31,I,2026-05-15 18:45:28,2025-11-07 15:49:24
6520000,202565200000700383,정류장_모슬포 남항 여객선 터미널,정류장_모슬포 남항 여객선 터미널(운진항)(406001553) (옥외1),제주특별자치도,서귀포시,교통시설,제주특별자치도 서귀포시,,,"제주특별자치도 서귀포시 대정읍 하모리 646-20, 우정공인중개사 맞은편",,제주특별자치도청,064-710-2352,33.210061,126.258379,2024-12-31,I,2026-05-15 18:45:28,2025-11-07 15:49:09
6520000,202565200000700290,덕수리 다목적회관_2 (옥내1),덕수리 다목적회관_2 (옥내1),제주특별자치도,서귀포시,지역문화시설,제주특별자치도 서귀포시,,,제주특별자치도 서귀포시 안덕면 덕수회관로 97,,제주특별자치도청,064-710-2352,33.254180,126.306501,2024-12-31,I,2026-05-15 18:45:28,2025-11-07 15:49:08
6520000,202565200000701180,버스정류소_서귀포산업과학고등학교(서),서귀포산업과학고등학교(서)#1-1,제주특별자치도,서귀포시,교통시설,제주특별자치도 서귀포시,,,제주특별자치도 서귀포시 상효동 1262-2,,제주특별자치도청,064-710-2352,33.295157,126.594961,2024-12-31,I,2026-05-15 18:45:28,2025-11-07 15:49:20
6520000,202565200000700921,12코스,12코스-쉼터-화장실-산경도예 #1-2,제주특별자치도,서귀포시,기타,제주특별자치도 서귀포시,,,제주특별자치도 서귀포시 대정읍 신도리 1382-1,,제주특별자치도청,064-710-2352,33.279384,126.191534,2024-12-31,I,2026-05-15 18:45:28,2025-11-07 15:49:15
6520000,202565200000700483,서귀포천문과학문화관,서귀포천문과학문화관,제주특별자치도,서귀포시,지역문화시설,제주특별자치도 서귀포시,,,제주특별자치도 서귀포시 남원읍 서성로 755(한남리 1622-3),,제주특별자치도청,064-710-2352,33.288820,126.460620,2024-12-31,I,2026-05-15 18:45:28,2025-11-07 15:49:11
6520000,202565200000700882,2코스,올레 2코스 혼인지  #2-2,제주특별자치도,서귀포시,기타,제주특별자치도 서귀포시,,,제주특별자치도 서귀포시 성산읍 온평리 1700,,제주특별자치도청,064-710-2352,33.415867,126.894572,2024-12-31,I,2026-05-15 18:45:28,2025-11-07 15:49:15
6520000,202565200000701504,성산읍 열린문화쉼터,성산읍 열린문화쉼터 #1-1,제주특별자치도,서귀포시,지역문화시설,제주특별자치도 서귀포시,,,제주특별자치도 서귀포시 성산읍 오조리 2-10,,제주특별자치도청,064-710-2352,33.468936,126.924082,2024-12-31,I,2026-05-15 18:45:28,2025-11-07 15:49:24
6520000,202565200000700333,서귀포시평생학습관-4 (옥내1),서귀포시평생학습관-4 (옥내1),제주특별자치도,서귀포시,지역문화시설,제주특별자치도 서귀포시,,,제주특별자치도 서귀포시 서문로29번길 10,,제주특별자치도청,064-710-2352,33.249303,126.558541,2024-12-31,I,2026-05-15 18:45:28,2025-11-07 15:49:09
6520000,202565200000701298,하모해수욕장,하모해수욕장 1-1,제주특별자치도,서귀포시,기타,제주특별자치도 서귀포시,,,제주특별자치도 서귀포시 대정읍 하모리 279-2(최남단해안로 160),,제주특별자치도청,064-710-2352,33.211319,126.260971,2024-12-31,I,2026-05-15 18:45:28,2025-11-07 15:49:21
6520000,202565200000700684,성읍민속마을,성읍민속마을-가로등 #1-3,제주특별자치도,서귀포시,관광,제주특별자치도 서귀포시,,,제주특별자치도 서귀포시 표선면 성읍리 812-1,,제주특별자치도청,064-710-2352,33.387501,126.801094,2024-12-31,I,2026-05-15 18:45:28,2025-11-07 15:49:13
6520000,202565200000701054,9코스,박수기정 초입주차장 #1-1,제주특별자치도,서귀포시,기타,제주특별자치도 서귀포시,,,제주특별자치도 서귀포시 안덕면 감산리 1008,,제주특별자치도청,064-710-2352,33.236598,126.359558,2024-12-31,I,2026-05-15 18:45:28,2025-11-07 15:49:18
6520000,202565200000701263,영실 제2주차장,영실 제2주차장 #1-2,제주특별자치도,서귀포시,관광,제주특별자치도 서귀포시,,,제주특별자치도 서귀포시 하원동 산1-1,,제주특별자치도청,064-710-2352,33.348344,126.496393,2024-12-31,I,2026-05-15 18:45:28,2025-11-07 15:49:21
6520000,202565200000700961,휴애리생활공원,휴애리 공원 #1-4,제주특별자치도,서귀포시,관광,제주특별자치도 서귀포시,,,제주특별자치도 서귀포시 남원읍 신례리 2081-6,,제주특별자치도청,064-710-2352,33.308772,126.633683,2024-12-31,I,2026-05-15 18:45:28,2025-11-07 15:49:16
6520000,202565200000700539,버스정류소_화순환승정류장(안덕농협)(남),화순환승정류장(안덕농협)(남),제주특별자치도,서귀포시,교통시설,제주특별자치도 서귀포시,,,제주특별자치도 서귀포시 안덕면 화순리 1079-4,,제주특별자치도청,064-710-2352,33.246493,126.335057,2024-12-31,I,2026-05-15 18:45:28,2025-11-07 15:49:11
6520000,202565200000700980,강창학종합경기장,강창학종합경기장 #1-2,제주특별자치도,서귀포시,서민·복지시설,제주특별자치도 서귀포시,,,제주특별자치도 서귀포시 강정동 1461,,제주특별자치도청,064-710-2352,33.259735,126.501769,2024-12-31,I,2026-05-15 18:45:28,2025-11-07 15:49:16
6520000,202565200000700063,대천동주민센터,대천동주민센터,제주특별자치도,서귀포시,관공서,제주특별자치도 서귀포시,,,제주특별자치도 서귀포시 대천동 272-1,,제주특별자치도청,064-710-2352,33.250764,126.477544,2024-12-31,I,2026-05-15 18:45:28,2025-11-07 15:49:06
6520000,202565200000701495,천지연폭포,천지연폭포 ＃1-2,제주특별자치도,서귀포시,관광,제주특별자치도 서귀포시,,,제주특별자치도 서귀포시 서홍동 666-1,,제주특별자치도청,064-710-2352,33.244001,126.559881,2024-12-31,I,2026-05-15 18:45:28,2025-11-07 15:49:24
6520000,202565200000700231,서귀포농업기술센터,1층 입구 외부벽면,제주특별자치도,서귀포시,관공서,제주특별자치도 서귀포시,,,제주특별자치도 서귀포시 남원읍 하례리 1558,,제주특별자치도청,064-710-2352,33.287975,126.607793,2024-12-31,I,2026-05-15 18:45:28,2025-11-07 15:49:08
6520000,202565200000700856,버스정류소_고성리제주은행_(고성오일시장방면),고성리제주은행 (동) #1-1,제주특별자치도,서귀포시,교통시설,제주특별자치도 서귀포시,,,제주특별자치도 서귀포시 성산읍 고성리 313-6,,제주특별자치도청,064-710-2352,33.449409,126.915030,2024-12-31,I,2026-05-15 18:45:28,2025-11-07 15:49:15
6520000,202565200000700716,예래동주민센터,예래동주민센터,제주특별자치도,서귀포시,관공서,제주특별자치도 서귀포시,,,제주특별자치도 서귀포시 예래로 82,,제주특별자치도청,064-710-2352,33.254245,126.397735,2024-12-31,I,2026-05-15 18:45:28,2025-11-07 15:49:13
6520000,202565200000701468,성산국민체육센터,성산국민체육센터 #1-1,제주특별자치도,서귀포시,서민·복지시설,제주특별자치도 서귀포시,,,제주특별자치도 서귀포시 성산읍 오조리 1365-1(일주동로 4024),,제주특별자치도청,064-710-2352,33.466788,126.905046,2024-12-31,I,2026-05-15 18:45:28,2025-11-07 15:49:23
6520000,202565200000700715,안덕생활체육관,안덕생활체육관#1-2,제주특별자치도,서귀포시,서민·복지시설,제주특별자치도 서귀포시,,,제주특별자치도 서귀포시 안덕면 화순서서로 59,,제주특별자치도청,064-710-2352,33.256121,126.328486,2024-12-31,I,2026-05-15 18:45:28,2025-11-07 15:49:13
6520000,202565200000700482,서귀포천문과학문화관,서귀포천문과학문화관,제주특별자치도,서귀포시,지역문화시설,제주특별자치도 서귀포시,,,제주특별자치도 서귀포시 남원읍 서성로 755(한남리 1622-3),,제주특별자치도청,064-710-2352,33.288820,126.460620,2024-12-31,I,2026-05-15 18:45:28,2025-11-07 15:49:11
6520000,202565200000700943,6코스,올레 6코스 보목동 구두미포구 #1-1,제주특별자치도,서귀포시,기타,제주특별자치도 서귀포시,,,제주특별자치도 서귀포시 보목동 1377-3,,제주특별자치도청,064-710-2352,33.237051,126.596005,2024-12-31,I,2026-05-15 18:45:28,2025-11-07 15:49:16
6520000,202565200000701171,형제해안도로,형제해안도로 (전기차 충전소) #1-1,제주특별자치도,서귀포시,기타,제주특별자치도 서귀포시,,,제주특별자치도 서귀포시 대정읍 상모리 165,,제주특별자치도청,064-710-2352,33.205949,126.289137,2024-12-31,I,2026-05-15 18:45:28,2025-11-07 15:49:20
6520000,202565200000701629,표선면 문화체육복합센터,표선면 문화체육복합센터#1-2,제주특별자치도,서귀포시,서민·복지시설,제주특별자치도 서귀포시,,,제주특별자치도 서귀포시 표선면 표선리 40-115 (민속해안로 631-12),,제주특별자치도청,064-710-2352,33.324087,126.839420,2024-12-31,I,2026-05-15 18:45:28,2025-11-07 15:49:25
6520000,202565200000700174,감귤청소년쉼터(감귤박물관),감귤청소년쉼터     (감귤박물관),제주특별자치도,서귀포시,지역문화시설,제주특별자치도 서귀포시,,,제주특별자치도 서귀포시 신효동 4,,제주특별자치도청,064-710-2352,33.274563,126.621122,2024-12-31,I,2026-05-15 18:45:28,2025-11-07 15:49:07
6520000,202565200000701274,전기차충전소_송악도서관 입구 주차장,모슬공원 #1-2 (송악도서관 입구주차장),제주특별자치도,서귀포시,기타,제주특별자치도 서귀포시,,,제주특별자치도 서귀포시 대정읍 대정읍 하모리 1242-10,,제주특별자치도청,064-710-2352,33.226512,126.247836,2024-12-31,I,2026-05-15 18:45:28,2025-11-07 15:49:21
6520000,202565200000701583,제주유아교육진흥원,제주유아교육진흥원 #1-1,제주특별자치도,서귀포시,관공서,제주특별자치도 서귀포시,,,제주특별자치도 서귀포시 중앙로150번길 4-1,,제주특별자치도청,064-710-2352,33.258716,126.563529,2024-12-31,I,2026-05-15 18:45:28,2025-11-07 15:49:25
6520000,202565200000701117,오조리 게이트볼장,오조리 게이트볼장 - 올레쉼터 #1-2,제주특별자치도,서귀포시,서민·복지시설,제주특별자치도 서귀포시,,,제주특별자치도 서귀포시 성산읍 오조리 829 - 4,,제주특별자치도청,064-710-2352,33.461382,126.914506,2024-12-31,I,2026-05-15 18:45:28,2025-11-07 15:49:19
6520000,202565200000700055,걸매청소년쉼터,걸매청소년쉼터,제주특별자치도,서귀포시,지역문화시설,제주특별자치도 서귀포시,,,제주특별자치도 서귀포시 서홍동 477-1,,제주특별자치도청,064-710-2352,33.250149,126.554556,2024-12-31,I,2026-05-15 18:45:28,2025-11-07 15:49:06
6520000,202565200000700128,천제연폭포,천제연폭포,제주특별자치도,서귀포시,관광,제주특별자치도 서귀포시,,,제주특별자치도 서귀포시 천제연로 132 (중문동),,제주특별자치도청,064-710-2352,33.252677,126.418374,2024-12-31,I,2026-05-15 18:45:28,2025-11-07 15:49:07
6520000,202565200000701344,전기차충전소_서귀포매일올레시장 주차장,서귀포매일올레시장주차장 #1-1,제주특별자치도,서귀포시,기타,제주특별자치도 서귀포시,,,제주특별자치도 서귀포시 서귀동 277-2,,제주특별자치도청,064-710-2352,33.249908,126.563078,2024-12-31,I,2026-05-15 18:45:28,2025-11-07 15:49:22
6520000,202565200000701607,버스정류소_중문관광단지입구_(천제연폭포 방면),중문관광단지입구 (남) #1-1,제주특별자치도,서귀포시,교통시설,제주특별자치도 서귀포시,,,제주특별자치도 서귀포시 색달동 2558(천제연로 70),,제주특별자치도청,064-710-2352,33.255564,126.413094,2024-12-31,I,2026-05-15 18:45:28,2025-11-07 15:49:25
6520000,202565200000701004,서홍동 어린이 공원,서홍동 어린이 공원#1-2,제주특별자치도,서귀포시,서민·복지시설,제주특별자치도 서귀포시,,,제주특별자치도 서귀포시 서홍동 1614-4,,제주특별자치도청,064-710-2352,33.264478,126.553330,2024-12-31,I,2026-05-15 18:45:28,2025-11-07 15:49:17
6520000,202565200000700187,초콜릿박물관,초콜릿박물관,제주특별자치도,서귀포시,관광,제주특별자치도 서귀포시,,,제주특별자치도 서귀포시 대정읍 일주서로3000번길,,제주특별자치도청,064-710-2352,33.256265,126.227643,2024-12-31,I,2026-05-15 18:45:28,2025-11-07 15:49:07
6520000,202565200000701340,서귀포매일올레시장,서귀포매일올레시장( 태성가구 앞)  #5-2,제주특별자치도,서귀포시,기타,제주특별자치도 서귀포시,,,제주특별자치도 서귀포시 서귀동 291-6,,제주특별자치도청,064-710-2352,33.249207,126.562764,2024-12-31,I,2026-05-15 18:45:28,2025-11-07 15:49:22
6520000,202565200000700902,5코스,올레 5코스 남원리 큰엉입구 #1-2,제주특별자치도,서귀포시,기타,제주특별자치도 서귀포시,,,제주특별자치도 서귀포시 남원읍 남원리 1383-2,,제주특별자치도청,064-710-2352,33.274743,126.709063,2024-12-31,I,2026-05-15 18:45:28,2025-11-07 15:49:15
6520000,202565200000701454,한라산국립공원_백록담,한라산국립공원_백록담#1-3,제주특별자치도,서귀포시,서민·복지시설,제주특별자치도 서귀포시,,,제주특별자치도 서귀포시 토평동 산 15-1,,제주특별자치도청,064-710-2352,33.360789,126.536008,2024-12-31,I,2026-05-15 18:45:28,2025-11-07 15:49:23
6520000,202565200000700739,한우명품관,한우명품관,제주특별자치도,서귀포시,기타,제주특별자치도 서귀포시,,,제주특별자치도 서귀포시 토평동 262-1,,제주특별자치도청,064-710-2352,33.257306,126.588206,2024-12-31,I,2026-05-15 18:45:28,2025-11-07 15:49:13
6520000,202565200000700841,버스정류소_표선오일시장_(표선파출소방면),표선오일시장 (동) #1-1,제주특별자치도,서귀포시,교통시설,제주특별자치도 서귀포시,,,제주특별자치도 서귀포시 표선면 표선리 1018-14,,제주특별자치도청,064-710-2352,33.321840,126.830802,2024-12-31,I,2026-05-15 18:45:28,2025-11-07 15:49:15
6520000,202565200000700337,서귀포시평생학습관-8 (옥내1),서귀포시평생학습관-8 (옥내1),제주특별자치도,서귀포시,지역문화시설,제주특별자치도 서귀포시,,,제주특별자치도 서귀포시 남원읍 한신로 207,,제주특별자치도청,064-710-2352,33.249303,126.558541,2024-12-31,I,2026-05-15 18:45:28,2025-11-07 15:49:09
6520000,202565200000700402,대정향교_1 (옥외1),대정향교_1 (옥외1),제주특별자치도,서귀포시,관광,제주특별자치도 서귀포시,,,제주특별자치도 서귀포시 1100로 506-1(하원동),,제주특별자치도청,064-710-2352,33.239292,126.288484,2024-12-31,I,2026-05-15 18:45:28,2025-11-07 15:49:10
6520000,202565200000700355,농업기술원 본원_3 (옥내3),농업기술원 본원_3 (옥내3),제주특별자치도,서귀포시,관공서,제주특별자치도 서귀포시,,,제주특별자치도 서귀포시 중산간서로 212(강정동),,제주특별자치도청,064-710-2352,33.261457,126.488638,2024-12-31,I,2026-05-15 18:45:28,2025-11-07 15:49:09
6520000,202565200000700628,칠십리 음식 특화거리,칠십리 음식 특화거리,제주특별자치도,서귀포시,기타,제주특별자치도 서귀포시,,,제주특별자치도 서귀포시 서귀동 20-1,,제주특별자치도청,064-710-2352,33.242458,126.567248,2024-12-31,I,2026-05-15 18:45:28,2025-11-07 15:49:12
6520000,202565200000701130,본태박물관,본태박물관 #1-1,제주특별자치도,서귀포시,관광,제주특별자치도 서귀포시,,,제주특별자치도 서귀포시 안덕면 상천리 380,,제주특별자치도청,064-710-2352,33.303807,126.392449,2024-12-31,I,2026-05-15 18:45:28,2025-11-07 15:49:19
6520000,202565200000701110,버스정류소_중문보건지소_(어두모루방면),(구)중문동주민센터(남),제주특별자치도,서귀포시,교통시설,제주특별자치도 서귀포시,,,제주특별자치도 서귀포시 중문동 1883-2,,제주특별자치도청,064-710-2352,33.251019,126.434343,2024-12-31,I,2026-05-15 18:45:28,2025-11-07 15:49:19
6520000,202565200000700451,이중섭미술관,서귀포시립이중섭미술관,제주특별자치도,서귀포시,지역문화시설,제주특별자치도 서귀포시,,,제주특별자치도 서귀포시 대정읍 서삼중로 117,,제주특별자치도청,064-710-2352,33.245850,126.564894,2024-12-31,I,2026-05-15 18:45:28,2025-11-07 15:49:10
6520000,202565200000700760,버스정류소_성산고등학교(406000829),오조해녀의집 방면,제주특별자치도,서귀포시,교통시설,제주특별자치도 서귀포시,,,제주특별자치도 서귀포시 성산읍 오조리 337-1,,제주특별자치도청,064-710-2352,33.468455,126.916839,2024-12-31,I,2026-05-15 18:45:28,2025-11-07 15:49:13
6520000,202565200000700416,대정읍주민자치센터_2 (옥내3),대정읍주민자치센터_2 (옥내3),제주특별자치도,서귀포시,기타,제주특별자치도 서귀포시,,,제주특별자치도 서귀포시 예래로 82,,제주특별자치도청,064-710-2352,33.226675,126.251818,2024-12-31,I,2026-05-15 18:45:28,2025-11-07 15:49:10
6520000,202565200000700371,정류장_섯가름(406000092) (옥외1),정류장_섯가름(406000092) (옥외1),제주특별자치도,서귀포시,교통시설,제주특별자치도 서귀포시,,,제주특별자치도 서귀포시 강정동 4371-2,,제주특별자치도청,064-710-2352,33.237092,126.475731,2024-12-31,I,2026-05-15 18:45:28,2025-11-07 15:49:09
6520000,202565200000700438,대정문화체육센터,대정문화체육센터,제주특별자치도,서귀포시,서민·복지시설,제주특별자치도 서귀포시,,,제주특별자치도 서귀포시 대정읍 영락리 산1,,제주특별자치도청,064-710-2352,33.263881,126.235479,2024-12-31,I,2026-05-15 18:45:28,2025-11-07 15:49:10
6520000,202565200000700017,서귀포시 보건소,서귀포시 보건소,제주특별자치도,서귀포시,관공서,제주특별자치도 서귀포시,,,제주특별자치도 서귀포시 중앙로 101번길 52,,제주특별자치도청,064-710-2352,33.253477,126.555360,2024-12-31,I,2026-05-15 18:45:28,2025-11-07 15:49:06
6520000,202565200000700116,무릉보건진료소,무릉보건진료소,제주특별자치도,서귀포시,관공서,제주특별자치도 서귀포시,,,제주특별자치도 서귀포시 대정읍 중산간서로 2877,,제주특별자치도청,064-710-2352,33.274371,126.234211,2024-12-31,I,2026-05-15 18:45:28,2025-11-07 15:49:07
6520000,202565200000701028,칠십리 음식 특화거리,칠십리 음식 특화거리#4-1,제주특별자치도,서귀포시,기타,제주특별자치도 서귀포시,,,제주특별자치도 서귀포시 서귀동 652-4,,제주특별자치도청,064-710-2352,33.241464,126.561406,2024-12-31,I,2026-05-15 18:45:28,2025-11-07 15:49:18
6520000,202565200000700122,대평보건진료소,대평보건진료소,제주특별자치도,서귀포시,관공서,제주특별자치도 서귀포시,,,제주특별자치도 서귀포시 안덕면 난드르로 36번길 13,,제주특별자치도청,064-710-2352,33.236478,126.364851,2024-12-31,I,2026-05-15 18:45:28,2025-11-07 15:49:07
6520000,202565200000701385,서광동리복지회관,서광동리복지회관#1-4,제주특별자치도,서귀포시,관공서,제주특별자치도 서귀포시,,,제주특별자치도 서귀포시 안덕면 서광리 63-1(서광동로17),,제주특별자치도청,064-710-2352,33.287990,126.331283,2024-12-31,I,2026-05-15 18:45:28,2025-11-07 15:49:22
6520000,202565200000701196,전기차충전소_신도보건진료소(서부보건소),신도보건진료소(서부보건소)#1,제주특별자치도,서귀포시,기타,제주특별자치도 서귀포시,,,제주특별자치도 서귀포시 대정읍 도원로 37(신도리 2979-3),,제주특별자치도청,064-710-2352,33.277311,126.174218,2024-12-31,I,2026-05-15 18:45:28,2025-11-07 15:49:20
6520000,202565200000701517,버스정류소_서귀북초등학교_(주공6단지방면),서귀북초등학교(동) #1-2,제주특별자치도,서귀포시,교통시설,제주특별자치도 서귀포시,,,제주특별자치도 서귀포시 동홍동 1557-4,,제주특별자치도청,064-710-2352,33.260744,126.559292,2024-12-31,I,2026-05-15 18:45:28,2025-11-07 15:49:24
6520000,202565200000701125,제주환상자전거길,표선해수욕장 1-2,제주특별자치도,서귀포시,기타,제주특별자치도 서귀포시,,,제주특별자치도 서귀포시 표선면 민속해안로 631-45,,제주특별자치도청,064-710-2352,33.325110,126.842028,2024-12-31,I,2026-05-15 18:45:28,2025-11-07 15:49:19
6520000,202565200000700465,안덕계곡,안덕계곡,제주특별자치도,서귀포시,관광,제주특별자치도 서귀포시,,,제주특별자치도 서귀포시 안덕면 감산리 346,,제주특별자치도청,064-710-2352,33.258362,126.353886,2024-12-31,I,2026-05-15 18:45:28,2025-11-07 15:49:10
6520000,202565200000700250,표선리사무소,3층 회의실,제주특별자치도,서귀포시,관공서,제주특별자치도 서귀포시,,,제주특별자치도 서귀포시 표선면 표선리 633-3,,제주특별자치도청,064-710-2352,33.324719,126.832352,2024-12-31,I,2026-05-15 18:45:28,2025-11-07 15:49:08
6520000,202565200000700030,송산 청소년문화의집,송산 청소년문화의집,제주특별자치도,서귀포시,지역문화시설,제주특별자치도 서귀포시,,,제주특별자치도 서귀포시 서귀동 556-2,,제주특별자치도청,064-710-2352,33.245034,126.566004,2024-12-31,I,2026-05-15 18:45:28,2025-11-07 15:49:06
6520000,202565200000700369,정류장_예래입구(406000016) (옥외1),정류장_예래입구(406000016) (옥외1),제주특별자치도,서귀포시,교통시설,제주특별자치도 서귀포시,,,제주특별자치도 서귀포시 색달동 2085-3,,제주특별자치도청,064-710-2352,33.258663,126.404208,2024-12-31,I,2026-05-15 18:45:28,2025-11-07 15:49:09
6520000,202565200000700365,정류장_예래동가동거리(406000372) (옥외1),정류장_예래동가동거리(406000372) (옥외1),제주특별자치도,서귀포시,교통시설,제주특별자치도 서귀포시,,,제주특별자치도 서귀포시 하예동 266-4,,제주특별자치도청,064-710-2352,33.245300,126.388034,2024-12-31,I,2026-05-15 18:45:28,2025-11-07 15:49:09
6520000,202565200000700036,가파리사무소,가파리사무소,제주특별자치도,서귀포시,관공서,제주특별자치도 서귀포시,,,제주특별자치도 서귀포시 대정읍 가파로 73,,제주특별자치도청,064-710-2352,33.166437,126.273531,2024-12-31,I,2026-05-15 18:45:28,2025-11-07 15:49:06
6520000,202565200000701188,전기차충전소 제주자연생태공원주차장,제주자연생태공원주차장#1-1,제주특별자치도,서귀포시,기타,제주특별자치도 서귀포시,,,제주특별자치도 서귀포시 성산읍 금백조로 446(수산리 4711-1),,제주특별자치도청,064-710-2352,33.440150,126.823660,2024-12-31,I,2026-05-15 18:45:28,2025-11-07 15:49:20
6520000,202565200000700706,천지공영주차장,천지공영주차장#1-1,제주특별자치도,서귀포시,기타,제주특별자치도 서귀포시,,,제주특별자치도 서귀포시 서귀동 305-1외 2필지,,제주특별자치도청,064-710-2352,33.251417,126.559170,2024-12-31,I,2026-05-15 18:45:28,2025-11-07 15:49:13
6520000,202565200000701143,산방정궁도장,산방정궁도장#1,제주특별자치도,서귀포시,서민·복지시설,제주특별자치도 서귀포시,,,제주특별자치도 서귀포시 안덕면 덕수리 산27,,제주특별자치도청,064-710-2352,33.251286,126.323723,2024-12-31,I,2026-05-15 18:45:28,2025-11-07 15:49:19
6520000,202565200000700880,1코스,올레 1코스 시흥리 송난포구 #1-2,제주특별자치도,서귀포시,기타,제주특별자치도 서귀포시,,,제주특별자치도 서귀포시 성산읍 시흥리 11-13 안쪽,,제주특별자치도청,064-710-2352,33.478763,126.913513,2024-12-31,I,2026-05-15 18:45:28,2025-11-07 15:49:15
6520000,202565200000700089,오름 지역자활센터,오름 지역자활센터,제주특별자치도,서귀포시,서민·복지시설,제주특별자치도 서귀포시,,,제주특별자치도 서귀포시 대정읍 상모로 290번길 29,,제주특별자치도청,064-710-2352,33.223595,126.255269,2024-12-31,I,2026-05-15 18:45:28,2025-11-07 15:49:06
6520000,202565200000701334,서귀포매일올레시장,제주은행(북)#1-3,제주특별자치도,서귀포시,기타,제주특별자치도 서귀포시,,,제주특별자치도 서귀포시 서귀동 370-5,,제주특별자치도청,064-710-2352,33.247991,126.564102,2024-12-31,I,2026-05-15 18:45:28,2025-11-07 15:49:22
6520000,202565200000700004,중문보건지소,중문보건지소,제주특별자치도,서귀포시,관공서,제주특별자치도 서귀포시,,,제주특별자치도 서귀포시 중문동 1864-1,,제주특별자치도청,064-710-2352,33.251387,126.434697,2024-12-31,I,2026-05-15 18:45:28,2025-11-07 15:49:05
6520000,202565200000700658,서귀포자연휴양림,서귀포자연휴양림(녹나무동),제주특별자치도,서귀포시,관광,제주특별자치도 서귀포시,,,제주특별자치도 서귀포시 하원동 산1-1,,제주특별자치도청,064-710-2352,33.312551,126.459514,2024-12-31,I,2026-05-15 18:45:28,2025-11-07 15:49:12
6520000,202565200000700497,서귀포감귤박물관,서귀포감귤박물관,제주특별자치도,서귀포시,관광,제주특별자치도 서귀포시,,,제주특별자치도 서귀포시 신효동 1200-6,,제주특별자치도청,064-710-2352,33.271491,126.607523,2024-12-31,I,2026-05-15 18:45:28,2025-11-07 15:49:11
6520000,202565200000701240,성산일출봉,성산일출봉 - 정상 #1-1,제주특별자치도,서귀포시,관광,제주특별자치도 서귀포시,,,제주특별자치도 서귀포시 성산읍 성산리 78,,제주특별자치도청,064-710-2352,33.459490,126.939749,2024-12-31,I,2026-05-15 18:45:28,2025-11-07 15:49:21
6520000,202565200000700995,논짓물,논짓물 #1-3,제주특별자치도,서귀포시,관광,제주특별자치도 서귀포시,,,제주특별자치도 서귀포시 하예동 568,,제주특별자치도청,064-710-2352,33.236764,126.388510,2024-12-31,I,2026-05-15 18:45:28,2025-11-07 15:49:17
6520000,202565200000701387,서광동리복지회관,서광동리복지회관#1-6,제주특별자치도,서귀포시,관공서,제주특별자치도 서귀포시,,,제주특별자치도 서귀포시 안덕면 서광리 63-1(서광동로17),,제주특별자치도청,064-710-2352,33.287990,126.331283,2024-12-31,I,2026-05-15 18:45:28,2025-11-07 15:49:22
6520000,202565200000700311,주민건강증진센터,주민건강증진센터(보건교육실 체력단련실 영양상담실 금연상담실)_1 (옥내1),제주특별자치도,서귀포시,서민·복지시설,제주특별자치도 서귀포시,,,제주특별자치도 서귀포시 중앙로 101번길 52,,제주특별자치도청,064-710-2352,33.253477,126.555360,2024-12-31,I,2026-05-15 18:45:28,2025-11-07 15:49:08
6520000,202565200000701020,7코스,올레 7코스 호근동 돔배낭골 #1-1,제주특별자치도,서귀포시,기타,제주특별자치도 서귀포시,,,제주특별자치도 서귀포시 호근동 1619,,제주특별자치도청,064-710-2352,33.240098,126.531543,2024-12-31,I,2026-05-15 18:45:28,2025-11-07 15:49:17
6520000,202565200000701405,파더스가든,파더스가든#1-4,제주특별자치도,서귀포시,관광,제주특별자치도 서귀포시,,,제주특별자치도 서귀포시 안덕면 상창리 804(병악로44-33),,제주특별자치도청,064-710-2352,33.279937,126.365786,2024-12-31,I,2026-05-15 18:45:28,2025-11-07 15:49:22
6520000,202565200000700143,서귀포시 다문화가족지원센터,서귀포시 다문화가족지원센터,제주특별자치도,서귀포시,관공서,제주특별자치도 서귀포시,,,제주특별자치도 서귀포시 중앙로 81,,제주특별자치도청,064-710-2352,33.251909,126.560923,2024-12-31,I,2026-05-15 18:45:28,2025-11-07 15:49:07
6520000,202565200000700763,버스정류소_상예입구(406000383),예래동주민센터 방면,제주특별자치도,서귀포시,교통시설,제주특별자치도 서귀포시,,,제주특별자치도 서귀포시 색달동 2094-6,,제주특별자치도청,064-710-2352,33.257661,126.404188,2024-12-31,I,2026-05-15 18:45:28,2025-11-07 15:49:13
6520000,202565200000700577,제주공룡휴게소박물관,제주공룡휴게소박물관,제주특별자치도,서귀포시,관광,제주특별자치도 서귀포시,,,제주특별자치도 서귀포시 성산읍 난산리 2515,,제주특별자치도청,064-710-2352,33.406694,126.844897,2024-12-31,I,2026-05-15 18:45:28,2025-11-07 15:49:12
6520000,202565200000700852,버스정류소_산열이통입구_(송천교방면),산여리통 입구 (북) #1-1,제주특별자치도,서귀포시,교통시설,제주특별자치도 서귀포시,,,제주특별자치도 서귀포시 표선면 토산리 435-2,,제주특별자치도청,064-710-2352,33.307533,126.781504,2024-12-31,I,2026-05-15 18:45:28,2025-11-07 15:49:15
6520000,202565200000700323,논짓물담수욕장 (옥외1),논짓물담수욕장 (옥외1),제주특별자치도,서귀포시,관광,제주특별자치도 서귀포시,,,제주특별자치도 서귀포시 하예동 570 일원,,제주특별자치도청,064-710-2352,33.236760,126.388556,2024-12-31,I,2026-05-15 18:45:28,2025-11-07 15:49:08
6520000,202565200000701422,버스정류소_서귀포중학교_(동문로터리방면),서귀포중학교[남]#1-1,제주특별자치도,서귀포시,교통시설,제주특별자치도 서귀포시,,,제주특별자치도 서귀포시 서귀동 231-5,,제주특별자치도청,064-710-2352,33.247782,126.569137,2024-12-31,I,2026-05-15 18:45:28,2025-11-07 15:49:23
6520000,202565200000700746,서귀포시 자기주도학습지원센터,서귀포시 자기주도학습지원센터 #2-1,제주특별자치도,서귀포시,관공서,제주특별자치도 서귀포시,,,제주특별자치도 서귀포시 동홍동 402-3,,제주특별자치도청,064-710-2352,33.251240,126.570323,2024-12-31,I,2026-05-15 18:45:28,2025-11-07 15:49:13
6520000,202565200000700368,정류장_사계리사무소(406000930) (옥외1),정류장_사계리사무소(406000930) (옥외1),제주특별자치도,서귀포시,교통시설,제주특별자치도 서귀포시,,,제주특별자치도 서귀포시 안덕면 향교로 165-17,,제주특별자치도청,064-710-2352,33.231660,126.298009,2024-12-31,I,2026-05-15 18:45:28,2025-11-07 15:49:09
6520000,202565200000700423,숨골공원_1 (옥외1),숨골공원_1 (옥외1),제주특별자치도,서귀포시,서민·복지시설,제주특별자치도 서귀포시,,,제주특별자치도 서귀포시 서호동 1609,,제주특별자치도청,064-710-2352,33.248162,126.515917,2024-12-31,I,2026-05-15 18:45:28,2025-11-07 15:49:10
6520000,202565200000701461,중앙동주민센터,중앙동주민센터#2-4,제주특별자치도,서귀포시,관공서,제주특별자치도 서귀포시,,,제주특별자치도 서귀포시 서귀동 269-4(동문로 39),,제주특별자치도청,064-710-2352,33.250740,126.565112,2024-12-31,I,2026-05-15 18:45:28,2025-11-07 15:49:23
6520000,202565200000700188,초콜릿박물관,초콜릿박물관,제주특별자치도,서귀포시,관광,제주특별자치도 서귀포시,,,제주특별자치도 서귀포시 대정읍 일주서로3000번길,,제주특별자치도청,064-710-2352,33.256265,126.227643,2024-12-31,I,2026-05-15 18:45:28,2025-11-07 15:49:07
6520000,202565200000700418,하천리사무소_1 (옥내2),하천리사무소_1 (옥내2),제주특별자치도,서귀포시,지역문화시설,제주특별자치도 서귀포시,,,제주특별자치도 서귀포시 산록남로 2271,,제주특별자치도청,064-710-2352,33.346520,126.840957,2024-12-31,I,2026-05-15 18:45:28,2025-11-07 15:49:10
6520000,202565200000700140,샘솟는지역아동센터,샘솟는지역아동센터,제주특별자치도,서귀포시,서민·복지시설,제주특별자치도 서귀포시,,,제주특별자치도 서귀포시 중산간동로 7983(서홍동),,제주특별자치도청,064-710-2352,33.264674,126.563912,2024-12-31,I,2026-05-15 18:45:28,2025-11-07 15:49:07
6520000,202565200000700877,6코스,올레 6코스 보목동 제지기오름 입구 #1-2,제주특별자치도,서귀포시,기타,제주특별자치도 서귀포시,,,제주특별자치도 서귀포시 보목동 274-5,,제주특별자치도청,064-710-2352,33.240438,126.609439,2024-12-31,I,2026-05-15 18:45:28,2025-11-07 15:49:15
6520000,202565200000700759,버스정류소_광대왓(406000140),수모루 방면,제주특별자치도,서귀포시,교통시설,제주특별자치도 서귀포시,,,제주특별자치도 서귀포시 법환동 15-3,,제주특별자치도청,064-710-2352,33.247595,126.518039,2024-12-31,I,2026-05-15 18:45:28,2025-11-07 15:49:13
6520000,202565200000700399,정류장_삼주연립주택(406000066) (옥외1),정류장_삼주연립주택(406000066) (옥외1),제주특별자치도,서귀포시,교통시설,제주특별자치도 서귀포시,,,제주특별자치도 서귀포시 법환동 749-2,,제주특별자치도청,064-710-2352,33.250388,126.510525,2024-12-31,I,2026-05-15 18:45:28,2025-11-07 15:49:10
6520000,202565200000700727,상효원,상효원,제주특별자치도,서귀포시,관광,제주특별자치도 서귀포시,,,제주특별자치도 서귀포시 상효동 산25,,제주특별자치도청,064-710-2352,33.305953,126.584782,2024-12-31,I,2026-05-15 18:45:28,2025-11-07 15:49:13
6520000,202565200000700732,남원읍 공영주차장,남원읍 공영주차장,제주특별자치도,서귀포시,기타,제주특별자치도 서귀포시,,,제주특별자치도 서귀포시 남원읍 남원리 84-2,,제주특별자치도청,064-710-2352,33.278665,126.721613,2024-12-31,I,2026-05-15 18:45:28,2025-11-07 15:49:13
6520000,202565200000701139,버스정류소_샛기정공원_(남성마을입구방면),샛기정공원(북),제주특별자치도,서귀포시,교통시설,제주특별자치도 서귀포시,,,제주특별자치도 서귀포시 서귀동 841-2,,제주특별자치도청,064-710-2352,33.246656,126.558225,2024-12-31,I,2026-05-15 18:45:28,2025-11-07 15:49:19
6520000,202565200000700221,중문농협 예래지점,중문농협 예래지점,제주특별자치도,서귀포시,기타,제주특별자치도 서귀포시,,,제주특별자치도 서귀포시 상예동 1240-1,,제주특별자치도청,064-710-2352,33.247179,126.391090,2024-12-31,I,2026-05-15 18:45:28,2025-11-07 15:49:08
6520000,202565200000700129,주상절리,주상절리,제주특별자치도,서귀포시,관광,제주특별자치도 서귀포시,,,제주특별자치도 서귀포시 중문동 2663,,제주특별자치도청,064-710-2352,33.241789,126.420769,2024-12-31,I,2026-05-15 18:45:28,2025-11-07 15:49:07
6520000,202565200000701308,3-B코스,3-B코스 신산리 쉼터 #1-2,제주특별자치도,서귀포시,기타,제주특별자치도 서귀포시,,,제주특별자치도 서귀포시 성산읍 신산리 1130-12,,제주특별자치도청,064-710-2352,33.375933,126.876194,2024-12-31,I,2026-05-15 18:45:28,2025-11-07 15:49:21
6520000,202565200000701591,중문관광단지,중문관광단지#2-1 (하나호텔남쪽옥상),제주특별자치도,서귀포시,관광,제주특별자치도 서귀포시,,,제주특별자치도 서귀포시 색달동 2812-2( 중문관광로72번길 53),,제주특별자치도청,064-710-2352,33.249661,126.407919,2024-12-31,I,2026-05-15 18:45:28,2025-11-07 15:49:25
6520000,202565200000700872,4코스,올레 4코스 태흥리 올레쉼터 #1-2,제주특별자치도,서귀포시,기타,제주특별자치도 서귀포시,,,제주특별자치도 서귀포시 남원읍 태흥리 409-5,,제주특별자치도청,064-710-2352,33.285194,126.749630,2024-12-31,I,2026-05-15 18:45:28,2025-11-07 15:49:15
6520000,202565200000700817,버스정류소_보목 동동네_(보목신협방면),보목 동동네 (북) #1-1,제주특별자치도,서귀포시,교통시설,제주특별자치도 서귀포시,,,제주특별자치도 서귀포시 보목동 393-7,,제주특별자치도청,064-710-2352,33.242960,126.605786,2024-12-31,I,2026-05-15 18:45:28,2025-11-07 15:49:14
6520000,202565200000700147,아름다운지역아동센터,아름다운지역아동센터,제주특별자치도,서귀포시,서민·복지시설,제주특별자치도 서귀포시,,,제주특별자치도 서귀포시 동홍중앙로52번길42(동홍동),,제주특별자치도청,064-710-2352,33.255217,126.576472,2024-12-31,I,2026-05-15 18:45:28,2025-11-07 15:49:07
6520000,202565200000701576,감산리 전천후게이트볼장,감산리 전천후게이트볼장#1-2,제주특별자치도,서귀포시,서민·복지시설,제주특별자치도 서귀포시,,,제주특별자치도 서귀포시 안덕면 감산리 347,,제주특별자치도청,064-710-2352,33.258158,126.354708,2024-12-31,I,2026-05-15 18:45:28,2025-11-07 15:49:25
6520000,202565200000701339,서귀포매일올레시장,서귀포매일올레시장( 태성가구 앞)  #5-1,제주특별자치도,서귀포시,기타,제주특별자치도 서귀포시,,,제주특별자치도 서귀포시 서귀동 291-6,,제주특별자치도청,064-710-2352,33.249207,126.562764,2024-12-31,I,2026-05-15 18:45:28,2025-11-07 15:49:22
6520000,202565200000700498,서귀포감귤박물관,서귀포감귤박물관,제주특별자치도,서귀포시,관광,제주특별자치도 서귀포시,,,제주특별자치도 서귀포시 신효동 1200-6,,제주특별자치도청,064-710-2352,33.271182,126.607336,2024-12-31,I,2026-05-15 18:45:28,2025-11-07 15:49:11
6520000,202565200000700160,난산복지회관(난산리사무소),"난산복지회관
(난산리사무소)",제주특별자치도,서귀포시,관공서,제주특별자치도 서귀포시,,,제주특별자치도 서귀포시 성산읍 난산리 1075-1,,제주특별자치도청,064-710-2352,33.401181,126.870794,2024-12-31,I,2026-05-15 18:45:28,2025-11-07 15:49:07
6520000,202565200000701601,버스정류소_서귀포시 구 버스터미널,서귀포시 구 버스터미널#1-1,제주특별자치도,서귀포시,교통시설,제주특별자치도 서귀포시,,,제주특별자치도 서귀포시 서귀동 298-6( 중앙로79번길 6),,제주특별자치도청,064-710-2352,33.251840,126.560268,2024-12-31,I,2026-05-15 18:45:28,2025-11-07 15:49:25
6520000,202565200000700419,하천리사무소_2 (옥내3),하천리사무소_2 (옥내3),제주특별자치도,서귀포시,지역문화시설,제주특별자치도 서귀포시,,,제주특별자치도 서귀포시 산록남로 2271,,제주특별자치도청,064-710-2352,33.346520,126.840957,2024-12-31,I,2026-05-15 18:45:28,2025-11-07 15:49:10
6520000,202565200000701587,운진항,운진항 #1-3,제주특별자치도,서귀포시,기타,제주특별자치도 서귀포시,,,제주특별자치도 서귀포시 대정읍 하모리 646-20,,제주특별자치도청,064-710-2352,33.210012,126.258625,2024-12-31,I,2026-05-15 18:45:28,2025-11-07 15:49:25
6520000,202565200000700060,표선면사무소,표선면사무소,제주특별자치도,서귀포시,관공서,제주특별자치도 서귀포시,,,제주특별자치도 서귀포시 표선면 701번지,,제주특별자치도청,064-710-2352,33.326237,126.831773,2024-12-31,I,2026-05-15 18:45:28,2025-11-07 15:49:06
6520000,202565200000701082,왈종미술관,왈종미술관 #1-1,제주특별자치도,서귀포시,지역문화시설,제주특별자치도 서귀포시,,,제주특별자치도 서귀포시 동홍동 281-2,,제주특별자치도청,064-710-2352,33.245265,126.573685,2024-12-31,I,2026-05-15 18:45:28,2025-11-07 15:49:19
6520000,202565200000700900,4코스,올레 4코스 태흥리 거북이바다뜰 앞  #1-2,제주특별자치도,서귀포시,기타,제주특별자치도 서귀포시,,,제주특별자치도 서귀포시 남원읍 남원리 74-5,,제주특별자치도청,064-710-2352,33.279178,126.723859,2024-12-31,I,2026-05-15 18:45:28,2025-11-07 15:49:15
6520000,202565200000701070,새마을 소공원,새마을 소공원 #1-1,제주특별자치도,서귀포시,서민·복지시설,제주특별자치도 서귀포시,,,제주특별자치도 서귀포시 대포동2238 옆,,제주특별자치도청,064-710-2352,33.241744,126.443544,2024-12-31,I,2026-05-15 18:45:28,2025-11-07 15:49:19
6520000,202565200000700754,성읍1리복지타운,성읍1리복지타운#1,제주특별자치도,서귀포시,관공서,제주특별자치도 서귀포시,,,제주특별자치도 서귀포시 표선면 서성일로 74,,제주특별자치도청,064-710-2352,33.397740,126.804447,2024-12-31,I,2026-05-15 18:45:28,2025-11-07 15:49:13
6520000,202565200000701123,신흥2리체육공원,신흥2리체육공원 #1-2,제주특별자치도,서귀포시,서민·복지시설,제주특별자치도 서귀포시,,,제주특별자치도 서귀포시 남원읍 신흥리 1760-9,,제주특별자치도청,064-710-2352,33.320072,126.744521,2024-12-31,I,2026-05-15 18:45:28,2025-11-07 15:49:19
6520000,202565200000701479,중앙공원,중앙공원#1-1,제주특별자치도,서귀포시,서민·복지시설,제주특별자치도 서귀포시,,,제주특별자치도 서귀포시 서귀동 277-1(중앙로62번길 18 ),,제주특별자치도청,064-710-2352,33.250396,126.563659,2024-12-31,I,2026-05-15 18:45:28,2025-11-07 15:49:24
6520000,202565200000700626,이중섭거리,이중섭거리,제주특별자치도,서귀포시,기타,제주특별자치도 서귀포시,,,제주특별자치도 서귀포시 서귀동 523-2,,제주특별자치도청,064-710-2352,33.245357,126.563972,2024-12-31,I,2026-05-15 18:45:28,2025-11-07 15:49:12
6520000,202565200000700426,정류장_공업단지입구(406000473) (옥외1),정류장_공업단지입구(406000473) (옥외1),제주특별자치도,서귀포시,교통시설,제주특별자치도 서귀포시,,,제주특별자치도 서귀포시 토평동 1761-3,,제주특별자치도청,064-710-2352,33.284038,126.590454,2024-12-31,I,2026-05-15 18:45:28,2025-11-07 15:49:10
6520000,202565200000700611,1코스,1코스 시작점,제주특별자치도,서귀포시,기타,제주특별자치도 서귀포시,,,제주특별자치도 서귀포시 성산읍 시흥리 12-64,,제주특별자치도청,064-710-2352,33.478060,126.908363,2024-12-31,I,2026-05-15 18:45:28,2025-11-07 15:49:12
6520000,202565200000701095,제주 허브 동산,제주 허브 동산 #2-3,제주특별자치도,서귀포시,관광,제주특별자치도 서귀포시,,,제주특별자치도 서귀포시 표선면 표선리 2608,,제주특별자치도청,064-710-2352,33.330032,126.814167,2024-12-31,I,2026-05-15 18:45:28,2025-11-07 15:49:19
6520000,202565200000701628,표선면 문화체육복합센터,표선면 문화체육복합센터#1-1,제주특별자치도,서귀포시,서민·복지시설,제주특별자치도 서귀포시,,,제주특별자치도 서귀포시 표선면 표선리 40-115 (민속해안로 631-12),,제주특별자치도청,064-710-2352,33.324087,126.839420,2024-12-31,I,2026-05-15 18:45:28,2025-11-07 15:49:25
6520000,202565200000701310,어라운드폴리,어라운드폴리 #1-1,제주특별자치도,서귀포시,관광,제주특별자치도 서귀포시,,,제주특별자치도 서귀포시 성산읍 난산리 2682-2,,제주특별자치도청,064-710-2352,33.414875,126.836002,2024-12-31,I,2026-05-15 18:45:28,2025-11-07 15:49:21
6520000,202565200000700986,피규어뮤지엄 제주,피규어뮤지엄 제주 #1-1,제주특별자치도,서귀포시,관광,제주특별자치도 서귀포시,,,제주특별자치도 서귀포시 안덕면 상창리 1875-8,,제주특별자치도청,064-710-2352,33.281972,126.355276,2024-12-31,I,2026-05-15 18:45:28,2025-11-07 15:49:16
6520000,202565200000700642,섭지코지,신양 섭지코지 해변 #1,제주특별자치도,서귀포시,기타,제주특별자치도 서귀포시,,,제주특별자치도 서귀포시 성산읍 고성리 186-2번지선,,제주특별자치도청,064-710-2352,33.435121,126.923455,2024-12-31,I,2026-05-15 18:45:28,2025-11-07 15:49:12
6520000,202565200000700929,사려니숲길,사려니숲길 입구 #1-3,제주특별자치도,서귀포시,기타,제주특별자치도 서귀포시,,,제주특별자치도 서귀포시 표선면 가시리 산 158(남조로 붉은오름사려니숲길 입구),,제주특별자치도청,064-710-2352,33.395219,126.685038,2024-12-31,I,2026-05-15 18:45:28,2025-11-07 15:49:16
6520000,202565200000700887,3-B코스,올레 3-B코스 온평포구 #1-1,제주특별자치도,서귀포시,기타,제주특별자치도 서귀포시,,,제주특별자치도 서귀포시 성산읍 온평리 1107-7,,제주특별자치도청,064-710-2352,33.401369,126.902828,2024-12-31,I,2026-05-15 18:45:28,2025-11-07 15:49:15
6520000,202565200000701549,광치기해변,광치기해변 #2-2 (섭지해녀의집),제주특별자치도,서귀포시,기타,제주특별자치도 서귀포시,,,제주특별자치도 서귀포시 성산읍 고성리 127-7 앞(섭지코지로 93-15),,제주특별자치도청,064-710-2352,33.434489,126.925709,2024-12-31,I,2026-05-15 18:45:28,2025-11-07 15:49:24
6520000,202565200000701609,버스정류소_하모2리_(모슬포우체국방면),하모2리#1-1,제주특별자치도,서귀포시,교통시설,제주특별자치도 서귀포시,,,제주특별자치도 서귀포시 대정읍 하모리 921-11(하모상가로 38 ),,제주특별자치도청,064-710-2352,33.221485,126.252767,2024-12-31,I,2026-05-15 18:45:28,2025-11-07 15:49:25
6520000,202565200000701643,예래동주민센터,예래동주민센터  #2-2,제주특별자치도,서귀포시,관공서,제주특별자치도 서귀포시,,,제주특별자치도 서귀포시 상예동 604,,제주특별자치도청,064-710-2352,33.254688,126.399929,2024-12-31,I,2026-05-15 18:45:28,2025-11-07 15:49:26
6520000,202565200000701257,삼다체육공원(혁신도시제5호제1공원),삼다체육공원(혁신도시제5호제1공원) #1-1,제주특별자치도,서귀포시,서민·복지시설,제주특별자치도 서귀포시,,,제주특별자치도 서귀포시 서호동 1602(해양경비서 동쪽),,제주특별자치도청,064-710-2352,33.250943,126.516137,2024-12-31,I,2026-05-15 18:45:28,2025-11-07 15:49:21
6520000,202565200000701200,전기차충전소_서귀포시 중앙교회,서귀포시 중앙교회#1,제주특별자치도,서귀포시,기타,제주특별자치도 서귀포시,,,제주특별자치도 서귀포시 동홍로 278(동홍동 942),,제주특별자치도청,064-710-2352,33.273760,126.569362,2024-12-31,I,2026-05-15 18:45:28,2025-11-07 15:49:20
6520000,202565200000700014,신산청소년문화의집,신산청소년문화의집,제주특별자치도,서귀포시,지역문화시설,제주특별자치도 서귀포시,,,제주특별자치도 서귀포시 성산읍 신산리 1037-5,,제주특별자치도청,064-710-2352,33.381260,126.877295,2024-12-31,I,2026-05-15 18:45:28,2025-11-07 15:49:06
6520000,202565200000700696,베니스랜드,베니스랜드#1-2,제주특별자치도,서귀포시,관광,제주특별자치도 서귀포시,,,제주특별자치도 서귀포시 성산읍 난산리 2575,,제주특별자치도청,064-710-2352,33.415297,126.840807,2024-12-31,I,2026-05-15 18:45:28,2025-11-07 15:49:13
6520000,202565200000700750,성읍1리사무소,성읍1리사무소#1-03,제주특별자치도,서귀포시,관공서,제주특별자치도 서귀포시,,,제주특별자치도 서귀포시 표선면 중산간동로 4658,,제주특별자치도청,064-710-2352,33.389957,126.797781,2024-12-31,I,2026-05-15 18:45:28,2025-11-07 15:49:13
6520000,202565200000700032,천지동주민센터,천지동주민센터,제주특별자치도,서귀포시,관공서,제주특별자치도 서귀포시,,,제주특별자치도 서귀포시 천지동 294-15,,제주특별자치도청,064-710-2352,33.247765,126.561173,2024-12-31,I,2026-05-15 18:45:28,2025-11-07 15:49:06
6520000,202565200000701088,솔동산 문화의 거리,솔동산 문화의 거리 #3-2,제주특별자치도,서귀포시,기타,제주특별자치도 서귀포시,,,제주특별자치도 서귀포시 서귀동 717-1,,제주특별자치도청,064-710-2352,33.242884,126.563925,2024-12-31,I,2026-05-15 18:45:28,2025-11-07 15:49:19
6520000,202565200000701373,수산보건진료소,수산보건진료소#1-1,제주특별자치도,서귀포시,관공서,제주특별자치도 서귀포시,,,제주특별자치도 서귀포시 성산읍 수산리 703-3(수산서남로17-1),,제주특별자치도청,064-710-2352,33.446028,126.882722,2024-12-31,I,2026-05-15 18:45:28,2025-11-07 15:49:22
6520000,202565200000701228,한라산국립공원_진달래밭대피소,한라산국립공원_진달래밭대피소#1-2,제주특별자치도,서귀포시,서민·복지시설,제주특별자치도 서귀포시,,,제주특별자치도 서귀포시 남원 하례리 산1-7,,제주특별자치도청,064-710-2352,33.369839,126.555498,2024-12-31,I,2026-05-15 18:45:28,2025-11-07 15:49:20
6520000,202565200000701569,건강가족센터,건강가족센터(1~2층)#1-3,제주특별자치도,서귀포시,서민·복지시설,제주특별자치도 서귀포시,,,"제주특별자치도 서귀포시 서호남로 12(1층, 2층)",,제주특별자치도청,064-710-2352,33.249917,126.513197,2024-12-31,I,2026-05-15 18:45:28,2025-11-07 15:49:25
6520000,202565200000700606,5코스,5코스,제주특별자치도,서귀포시,기타,제주특별자치도 서귀포시,,,제주특별자치도 서귀포시 남원읍 남원리 91-6,,제주특별자치도청,064-710-2352,33.277904,126.719692,2024-12-31,I,2026-05-15 18:45:28,2025-11-07 15:49:12
6520000,202565200000700770,대원상동(406000202),뒤통모루 방면,제주특별자치도,서귀포시,교통시설,제주특별자치도 서귀포시,,,제주특별자치도 서귀포시 남원읍 위미리 1576-13,,제주특별자치도청,064-710-2352,33.274949,126.669966,2024-12-31,I,2026-05-15 18:45:28,2025-11-07 15:49:13
6520000,202565200000700018,서귀포서부보건소,서귀포서부보건소,제주특별자치도,서귀포시,관공서,제주특별자치도 서귀포시,,,제주특별자치도 서귀포시 대정읍 하모리 767-8,,제주특별자치도청,064-710-2352,33.218671,126.253243,2024-12-31,I,2026-05-15 18:45:28,2025-11-07 15:49:06
6520000,202565200000701147,설문대공원(구바당어린이),설문대공원(구바당어린이) #1-1,제주특별자치도,서귀포시,서민·복지시설,제주특별자치도 서귀포시,,,제주특별자치도 서귀포시 서호동 1507-9,,제주특별자치도청,064-710-2352,33.257510,126.519883,2024-12-31,I,2026-05-15 18:45:28,2025-11-07 15:49:19
6520000,202565200000700441,마라해양도립공원,마라해양도립공원,제주특별자치도,서귀포시,관광,제주특별자치도 서귀포시,,,제주특별자치도 서귀포시 대정읍 상모리 133-2,,제주특별자치도청,064-710-2352,33.207386,126.290550,2024-12-31,I,2026-05-15 18:45:28,2025-11-07 15:49:10
6520000,202565200000701641,10-1코스,10-1코스#1-3,제주특별자치도,서귀포시,기타,제주특별자치도 서귀포시,,,제주특별자치도 서귀포시 대정읍 가파리 70-1(가파로 73),,제주특별자치도청,064-710-2352,33.166436,126.273541,2024-12-31,I,2026-05-15 18:45:28,2025-11-07 15:49:26
6520000,202565200000701258,삼다체육공원(혁신도시제5호제1공원),삼다체육공원(혁신도시제5호제1공원) #1-2,제주특별자치도,서귀포시,서민·복지시설,제주특별자치도 서귀포시,,,제주특별자치도 서귀포시 서호동 1602(해양경비서 동쪽),,제주특별자치도청,064-710-2352,33.250943,126.516137,2024-12-31,I,2026-05-15 18:45:28,2025-11-07 15:49:21
6520000,202565200000700857,버스정류소_고성리 구 성산농협(서),고성리 구 성산농협 (서) #1-1,제주특별자치도,서귀포시,교통시설,제주특별자치도 서귀포시,,,제주특별자치도 서귀포시 성산읍 고성리 322-5,,제주특별자치도청,064-710-2352,33.447917,126.914995,2024-12-31,I,2026-05-15 18:45:28,2025-11-07 15:49:15
6520000,202565200000701021,7코스,올레 7코스 호근동 돔배낭골 #1-2,제주특별자치도,서귀포시,기타,제주특별자치도 서귀포시,,,제주특별자치도 서귀포시 호근동 1619,,제주특별자치도청,064-710-2352,33.240098,126.531543,2024-12-31,I,2026-05-15 18:45:28,2025-11-07 15:49:17
6520000,202565200000700228,서귀포 관광극장,공연장입구(내부),제주특별자치도,서귀포시,지역문화시설,제주특별자치도 서귀포시,,,제주특별자치도 서귀포시 서귀동 519,,제주특별자치도청,064-710-2352,33.245908,126.564326,2024-12-31,I,2026-05-15 18:45:28,2025-11-07 15:49:08
6520000,202565200000700077,서귀포시청,서귀포시청,제주특별자치도,서귀포시,관공서,제주특별자치도 서귀포시,,,제주특별자치도 서귀포시 중앙로 105,,제주특별자치도청,064-710-2352,33.253914,126.559603,2024-12-31,I,2026-05-15 18:45:28,2025-11-07 15:49:06
6520000,202565200000700265,남원의례회관_2 (옥내1),남원의례회관_2 (옥내1),제주특별자치도,서귀포시,서민·복지시설,제주특별자치도 서귀포시,,,제주특별자치도 서귀포시 남원읍 서의로 26,,제주특별자치도청,064-710-2352,33.294808,126.711418,2024-12-31,I,2026-05-15 18:45:28,2025-11-07 15:49:08
6520000,202565200000700291,덕수리 마을회관(1 2층)_2 (옥내1),덕수리 마을회관(1 2층)_2 (옥내1),제주특별자치도,서귀포시,지역문화시설,제주특별자치도 서귀포시,,,제주특별자치도 서귀포시 안덕면 덕수회관로 98,,제주특별자치도청,064-710-2352,33.254640,126.306492,2024-12-31,I,2026-05-15 18:45:28,2025-11-07 15:49:08
6520000,202565200000701630,표선면 문화체육복합센터,표선면 문화체육복합센터#1-3,제주특별자치도,서귀포시,서민·복지시설,제주특별자치도 서귀포시,,,제주특별자치도 서귀포시 표선면 표선리 40-115 (민속해안로 631-12),,제주특별자치도청,064-710-2352,33.324087,126.839420,2024-12-31,I,2026-05-15 18:45:28,2025-11-07 15:49:25
6520000,202565200000700542,버스정류소_동광환승정류장(한림방면),동광환승정류장(한림방면),제주특별자치도,서귀포시,교통시설,제주특별자치도 서귀포시,,,제주특별자치도 서귀포시 안덕면 동광리 825-3,,제주특별자치도청,064-710-2352,33.310459,126.340533,2024-12-31,I,2026-05-15 18:45:28,2025-11-07 15:49:11
6520000,202565200000700934,3코스,올레 3코스 성산환해장성로 #1-1,제주특별자치도,서귀포시,기타,제주특별자치도 서귀포시,,,제주특별자치도 서귀포시 성산읍 신산리 32-5 앞,,제주특별자치도청,064-710-2352,33.389029,126.897961,2024-12-31,I,2026-05-15 18:45:28,2025-11-07 15:49:16
6520000,202565200000701202,전기차충전소_대정농공단지,대정농공단지#1,제주특별자치도,서귀포시,기타,제주특별자치도 서귀포시,,,제주특별자치도 서귀포시 대정읍 일과리 551-12,,제주특별자치도청,064-710-2352,33.257367,126.228922,2024-12-31,I,2026-05-15 18:45:28,2025-11-07 15:49:20
6520000,202565200000701059,작가의산책길,작가의산책길(천지연기정길)#1-3,제주특별자치도,서귀포시,관광,제주특별자치도 서귀포시,,,제주특별자치도 서귀포시 서귀동 810-1,,제주특별자치도청,064-710-2352,33.246819,126.556503,2024-12-31,I,2026-05-15 18:45:28,2025-11-07 15:49:19
6520000,202565200000700572,블루마운틴커피테마파크,블루마운틴커피테마파크,제주특별자치도,서귀포시,관광,제주특별자치도 서귀포시,,,제주특별자치도 서귀포시 성산읍 삼달리 1510-1,,제주특별자치도청,064-710-2352,33.380169,126.837168,2024-12-31,I,2026-05-15 18:45:28,2025-11-07 15:49:11
6520000,202565200000700155,서귀포 기적의도서관,서귀포 기적의도서관,제주특별자치도,서귀포시,관공서,제주특별자치도 서귀포시,,,제주특별자치도 서귀포시 일주동로8593(동홍동),,제주특별자치도청,064-710-2352,33.254313,126.569973,2024-12-31,I,2026-05-15 18:45:28,2025-11-07 15:49:07
6520000,202565200000700507,정방폭포,정방폭포(주차장),제주특별자치도,서귀포시,관광,제주특별자치도 서귀포시,,,제주특별자치도 서귀포시 동홍동 278,,제주특별자치도청,064-710-2352,33.244778,126.573747,2024-12-31,I,2026-05-15 18:45:28,2025-11-07 15:49:11
6520000,202565200000700105,서귀포작은예수의집,서귀포작은예수의집,제주특별자치도,서귀포시,서민·복지시설,제주특별자치도 서귀포시,,,제주특별자치도 서귀포시 속골로24(호근동),,제주특별자치도청,064-710-2352,33.241986,126.529626,2024-12-31,I,2026-05-15 18:45:28,2025-11-07 15:49:07
6520000,202565200000701567,건강생활지원센터,건강생활지원센터#1-1,제주특별자치도,서귀포시,서민·복지시설,제주특별자치도 서귀포시,,,"제주특별자치도 서귀포시 서호남로 12(3, 4층 중앙홀)",,제주특별자치도청,064-710-2352,33.249917,126.513197,2024-12-31,I,2026-05-15 18:45:28,2025-11-07 15:49:25
6520000,202565200000700774,헌마공신 김만일기념관_전시실_#3,헌마공신 김만일기념관,제주특별자치도,서귀포시,지역문화시설,제주특별자치도 서귀포시,,,제주특별자치도 서귀포시 남원읍 서성로 919,,제주특별자치도청,064-710-2352,33.336088,126.690776,2024-12-31,I,2026-05-15 18:45:28,2025-11-07 15:49:14
6520000,202565200000700649,화순 금모래해변,화순 금모래해변,제주특별자치도,서귀포시,기타,제주특별자치도 서귀포시,,,제주특별자치도 서귀포시 안덕면 화순리 776-8번지,,제주특별자치도청,064-710-2352,33.239923,126.335222,2024-12-31,I,2026-05-15 18:45:28,2025-11-07 15:49:12
6520000,202565200000701384,서광동리복지회관,서광동리복지회관#1-3,제주특별자치도,서귀포시,관공서,제주특별자치도 서귀포시,,,제주특별자치도 서귀포시 안덕면 서광리 63-1(서광동로17),,제주특별자치도청,064-710-2352,33.287990,126.331283,2024-12-31,I,2026-05-15 18:45:28,2025-11-07 15:49:22
6520000,202565200000701032,기당미술관,기당미술관#1-3,제주특별자치도,서귀포시,지역문화시설,제주특별자치도 서귀포시,,,제주특별자치도 서귀포시 서홍동 621,,제주특별자치도청,064-710-2352,33.244804,126.551255,2024-12-31,I,2026-05-15 18:45:28,2025-11-07 15:49:18
6520000,202565200000700896,4코스,올레 4코스 태흥호스텔코리아 앞 #1-2,제주특별자치도,서귀포시,기타,제주특별자치도 서귀포시,,,제주특별자치도 서귀포시 남원읍 태흥리 1786-2,,제주특별자치도청,064-710-2352,33.281917,126.733065,2024-12-31,I,2026-05-15 18:45:28,2025-11-07 15:49:15
6520000,202565200000701645,예래동주민센터,예래동주민센터  #3-2,제주특별자치도,서귀포시,관공서,제주특별자치도 서귀포시,,,제주특별자치도 서귀포시 상예동 604,,제주특별자치도청,064-710-2352,33.254688,126.399929,2024-12-31,I,2026-05-15 18:45:28,2025-11-07 15:49:26
6520000,202565200000700545,버스정류소_동광환승정류장(서귀방면),동광환승정류장(서귀방면),제주특별자치도,서귀포시,교통시설,제주특별자치도 서귀포시,,,제주특별자치도 서귀포시 안덕면 동광리 809-1,,제주특별자치도청,064-710-2352,33.309578,126.340810,2024-12-31,I,2026-05-15 18:45:28,2025-11-07 15:49:11
6520000,202565200000701383,서광동리복지회관,서광동리복지회관#1-2,제주특별자치도,서귀포시,관공서,제주특별자치도 서귀포시,,,제주특별자치도 서귀포시 안덕면 서광리 63-1(서광동로17),,제주특별자치도청,064-710-2352,33.287990,126.331283,2024-12-31,I,2026-05-15 18:45:28,2025-11-07 15:49:22
6520000,202565200000700808,하모어린이공원,하모어린이공원 #2-1,제주특별자치도,서귀포시,서민·복지시설,제주특별자치도 서귀포시,,,제주특별자치도 서귀포시 대정읍 하모리 2140,,제주특별자치도청,064-710-2352,33.218956,126.252657,2024-12-31,I,2026-05-15 18:45:28,2025-11-07 15:49:14
6520000,202565200000700792,여명공원,여명공원 #1-1,제주특별자치도,서귀포시,서민·복지시설,제주특별자치도 서귀포시,,,제주특별자치도 서귀포시 동홍동 435-4,,제주특별자치도청,064-710-2352,33.255930,126.573414,2024-12-31,I,2026-05-15 18:45:28,2025-11-07 15:49:14
6520000,202565200000700837,버스정류소_제주민속촌(가상정류소)_(종점방면),제주민속촌 #1-1,제주특별자치도,서귀포시,교통시설,제주특별자치도 서귀포시,,,제주특별자치도 서귀포시 표선면 표선리 40-77,,제주특별자치도청,064-710-2352,33.324788,126.843172,2024-12-31,I,2026-05-15 18:45:28,2025-11-07 15:49:15
6520000,202565200000700789,굴왓공원,굴왓공원 #1-2,제주특별자치도,서귀포시,서민·복지시설,제주특별자치도 서귀포시,,,제주특별자치도 서귀포시 동홍동 1383-2,,제주특별자치도청,064-710-2352,33.259691,126.562081,2024-12-31,I,2026-05-15 18:45:28,2025-11-07 15:49:14
6520000,202565200000701153,이중섭거리,이중섭거리#1-4,제주특별자치도,서귀포시,기타,제주특별자치도 서귀포시,,,제주특별자치도 서귀포시 서귀동 523-2,,제주특별자치도청,064-710-2352,33.245635,126.564232,2024-12-31,I,2026-05-15 18:45:28,2025-11-07 15:49:20
6520000,202565200000700455,버스정류소_중앙로터리(동),중앙로터리(동),제주특별자치도,서귀포시,교통시설,제주특별자치도 서귀포시,,,제주특별자치도 서귀포시 서귀동 336,,제주특별자치도청,064-710-2352,33.252968,126.561397,2024-12-31,I,2026-05-15 18:45:28,2025-11-07 15:49:10
6520000,202565200000701460,중앙동주민센터,중앙동주민센터#2-3,제주특별자치도,서귀포시,관공서,제주특별자치도 서귀포시,,,제주특별자치도 서귀포시 서귀동 269-4(동문로 39),,제주특별자치도청,064-710-2352,33.250740,126.565112,2024-12-31,I,2026-05-15 18:45:28,2025-11-07 15:49:23
6520000,202565200000700400,성산일출도서관 (옥내3),성산일출도서관 (옥내3),제주특별자치도,서귀포시,지역문화시설,제주특별자치도 서귀포시,,,제주특별자치도 서귀포시 1100로 506-1(하원동),,제주특별자치도청,064-710-2352,33.455271,126.912302,2024-12-31,I,2026-05-15 18:45:28,2025-11-07 15:49:10
6520000,202565200000700676,사계 해안도로,사계 해안도로 #1-1,제주특별자치도,서귀포시,기타,제주특별자치도 서귀포시,,,제주특별자치도 서귀포시 안덕면 사계리 3530-7,,제주특별자치도청,064-710-2352,33.221826,126.295736,2024-12-31,I,2026-05-15 18:45:28,2025-11-07 15:49:13
6520000,202565200000700923,12코스,12코스-쉼터-신도포구 #1-2,제주특별자치도,서귀포시,기타,제주특별자치도 서귀포시,,,제주특별자치도 서귀포시 대정읍 신도리 3076-1,,제주특별자치도청,064-710-2352,33.276297,126.171035,2024-12-31,I,2026-05-15 18:45:28,2025-11-07 15:49:15
6520000,202565200000700937,5코스,올레 5코스위미3리 포구 쉼터 #1-2,제주특별자치도,서귀포시,기타,제주특별자치도 서귀포시,,,제주특별자치도 서귀포시 남원읍 위미리 69,,제주특별자치도청,064-710-2352,33.270313,126.691442,2024-12-31,I,2026-05-15 18:45:28,2025-11-07 15:49:16
6520000,202565200000701217,공천포전지훈련센터(다목적체육관),공천포전지훈련센터(다목적체육관)#1-1,제주특별자치도,서귀포시,서민·복지시설,제주특별자치도 서귀포시,,,제주특별자치도 서귀포시 남원읍 신례리 335,,제주특별자치도청,064-710-2352,33.276725,126.640023,2024-12-31,I,2026-05-15 18:45:28,2025-11-07 15:49:20
6520000,202565200000701620,제주월드컵경기장,월드컵경기장 대도로변 입구 매표소#1-2,제주특별자치도,서귀포시,지역문화시설,제주특별자치도 서귀포시,,,제주특별자치도 서귀포시 법환동 914(월드컵로 33 ),,제주특별자치도청,064-710-2352,33.248435,126.510737,2024-12-31,I,2026-05-15 18:45:28,2025-11-07 15:49:25
6520000,202565200000701514,버스정류소_성산포수협표선지점(표선오일시장방면),성산포수협표선지점(서)#1-1,제주특별자치도,서귀포시,교통시설,제주특별자치도 서귀포시,,,제주특별자치도 서귀포시 표선면 표선리 664(표선관정로 105-2),,제주특별자치도청,064-710-2352,33.324022,126.831681,2024-12-31,I,2026-05-15 18:45:28,2025-11-07 15:49:24
6520000,202565200000700749,성읍1리사무소,성읍1리사무소#1-02,제주특별자치도,서귀포시,관공서,제주특별자치도 서귀포시,,,제주특별자치도 서귀포시 표선면 중산간동로 4658,,제주특별자치도청,064-710-2352,33.389957,126.797781,2024-12-31,I,2026-05-15 18:45:28,2025-11-07 15:49:13
6520000,202565200000701172,형제해안도로,형제해안도로 (전기차 충전소)#1-2,제주특별자치도,서귀포시,기타,제주특별자치도 서귀포시,,,제주특별자치도 서귀포시 대정읍 상모리 165,,제주특별자치도청,064-710-2352,33.205949,126.289137,2024-12-31,I,2026-05-15 18:45:28,2025-11-07 15:49:20
6520000,202565200000700838,버스정류소_표선파출소_(표선환승정류장 방면),표선파출소 (동) #1-1,제주특별자치도,서귀포시,교통시설,제주특별자치도 서귀포시,,,제주특별자치도 서귀포시 표선면 표선리 776-5,,제주특별자치도청,064-710-2352,33.323302,126.831491,2024-12-31,I,2026-05-15 18:45:28,2025-11-07 15:49:15
6520000,202565200000701237,성산일출봉,성산일출봉 ? 관리동 #1-1,제주특별자치도,서귀포시,관광,제주특별자치도 서귀포시,,,제주특별자치도 서귀포시 성산읍 성산리 114,,제주특별자치도청,064-710-2352,33.462151,126.936343,2024-12-31,I,2026-05-15 18:45:28,2025-11-07 15:49:20
6520000,202565200000701627,남원읍 문화체육복합센터,남원읍 문화체육복합센터#1-4,제주특별자치도,서귀포시,서민·복지시설,제주특별자치도 서귀포시,,,제주특별자치도 서귀포시 남원읍 남원리 2337-1 (태위로 551-27),,제주특별자치도청,064-710-2352,33.277499,126.705317,2024-12-31,I,2026-05-15 18:45:28,2025-11-07 15:49:25
6520000,202565200000700028,하효 청소년문화의집,하효 청소년문화의집,제주특별자치도,서귀포시,지역문화시설,제주특별자치도 서귀포시,,,제주특별자치도 서귀포시 하효동 236,,제주특별자치도청,064-710-2352,33.262015,126.618915,2024-12-31,I,2026-05-15 18:45:28,2025-11-07 15:49:06
6520000,202565200000700928,사려니숲길,사려니숲길 입구 #1-2,제주특별자치도,서귀포시,기타,제주특별자치도 서귀포시,,,제주특별자치도 서귀포시 표선면 가시리 산 158(남조로 붉은오름사려니숲길 입구),,제주특별자치도청,064-710-2352,33.395219,126.685038,2024-12-31,I,2026-05-15 18:45:28,2025-11-07 15:49:16
6520000,202565200000701465,제남도서관,제남도서관 #2-2,제주특별자치도,서귀포시,관공서,제주특별자치도 서귀포시,,,제주특별자치도 서귀포시 남원읍 남원리 2336-5 (남원체육관로 183),,제주특별자치도청,064-710-2352,33.279545,126.704999,2024-12-31,I,2026-05-15 18:45:28,2025-11-07 15:49:23
6520000,202565200000701458,중앙동주민센터,중앙동주민센터#2-1,제주특별자치도,서귀포시,관공서,제주특별자치도 서귀포시,,,제주특별자치도 서귀포시 서귀동 269-4(동문로 39),,제주특별자치도청,064-710-2352,33.250740,126.565112,2024-12-31,I,2026-05-15 18:45:28,2025-11-07 15:49:23
6520000,202565200000700546,버스정류소_동광환승정류장(종점방면),동광환승정류장(종점방면),제주특별자치도,서귀포시,교통시설,제주특별자치도 서귀포시,,,제주특별자치도 서귀포시 안덕면 동광리 942-6,,제주특별자치도청,064-710-2352,33.310165,126.339325,2024-12-31,I,2026-05-15 18:45:28,2025-11-07 15:49:11
6520000,202565200000700525,성산일출봉,성산일출봉 #2,제주특별자치도,서귀포시,관광,제주특별자치도 서귀포시,,,제주특별자치도 서귀포시 성산읍 성산리 114-3,,제주특별자치도청,064-710-2352,33.462346,126.936625,2024-12-31,I,2026-05-15 18:45:28,2025-11-07 15:49:11
6520000,202565200000700101,서귀포전천후테니장청소년쉼터,서귀포전천후테니장청소년쉼터,제주특별자치도,서귀포시,서민·복지시설,제주특별자치도 서귀포시,,,제주특별자치도 서귀포시 동홍동 1477,,제주특별자치도청,064-710-2352,33.256789,126.561122,2024-12-31,I,2026-05-15 18:45:28,2025-11-07 15:49:06
6520000,202565200000700940,6코스,올레 6코스 하효항 쇠소깍로 #1-1,제주특별자치도,서귀포시,기타,제주특별자치도 서귀포시,,,제주특별자치도 서귀포시 하효동 1304-4,,제주특별자치도청,064-710-2352,33.249754,126.619223,2024-12-31,I,2026-05-15 18:45:28,2025-11-07 15:49:16
6520000,202565200000701540,아랑조을거리,천지동자원순환센터 (아랑조을거리입구 서 )#1-1,제주특별자치도,서귀포시,기타,제주특별자치도 서귀포시,,,제주특별자치도 서귀포시 서귀동 305 - 23,,제주특별자치도청,064-710-2352,33.251540,126.559748,2024-12-31,I,2026-05-15 18:45:28,2025-11-07 15:49:24
6520000,202565200000700222,고용센터 서귀포지소,"교육장입구
교육장",제주특별자치도,서귀포시,관공서,제주특별자치도 서귀포시,,,제주특별자치도 서귀포시 동홍동 1139-2,,제주특별자치도청,064-710-2352,33.264913,126.568169,2024-12-31,I,2026-05-15 18:45:28,2025-11-07 15:49:08
6520000,202565200000700617,4코스,4코스,제주특별자치도,서귀포시,기타,제주특별자치도 서귀포시,,,제주특별자치도 서귀포시 표선면 표선리 40-34,,제주특별자치도청,064-710-2352,33.325121,126.842872,2024-12-31,I,2026-05-15 18:45:28,2025-11-07 15:49:12
6520000,202565200000701135,버스정류소_휴애리 자연생활공원(올리소방면),휴애리 자연생활공원,제주특별자치도,서귀포시,교통시설,제주특별자치도 서귀포시,,,제주특별자치도 서귀포시 남원읍 신례리 2081,,제주특별자치도청,064-710-2352,33.308772,126.633683,2024-12-31,I,2026-05-15 18:45:28,2025-11-07 15:49:19
6520000,202565200000700277,상예1 다목적회관 (옥내1),상예1 다목적회관 (옥내1),제주특별자치도,서귀포시,지역문화시설,제주특별자치도 서귀포시,,,제주특별자치도 서귀포시 상예로 77,,제주특별자치도청,064-710-2352,33.253221,126.389767,2024-12-31,I,2026-05-15 18:45:28,2025-11-07 15:49:08
6520000,202565200000701078,태흥2리체육공원,태흥2리체육공원 #1-2,제주특별자치도,서귀포시,서민·복지시설,제주특별자치도 서귀포시,,,제주특별자치도 서귀포시 남원읍 태흥리 364-5,,제주특별자치도청,064-710-2352,33.286842,126.749616,2024-12-31,I,2026-05-15 18:45:28,2025-11-07 15:49:19
6520000,202565200000701398,상창리복지회관,상창리복지회관#1-2,제주특별자치도,서귀포시,관공서,제주특별자치도 서귀포시,,,제주특별자치도 서귀포시 안덕면 상창리 648-1(한창로102),,제주특별자치도청,064-710-2352,33.272310,126.366041,2024-12-31,I,2026-05-15 18:45:28,2025-11-07 15:49:22
6520000,202565200000701552,서귀포시 공영버스차고지,서귀포시 공영버스차고지#1-1,제주특별자치도,서귀포시,교통시설,제주특별자치도 서귀포시,,,제주특별자치도 서귀포시 토평공단로 20,,제주특별자치도청,064-710-2352,33.284657,126.588673,2024-12-31,I,2026-05-15 18:45:28,2025-11-07 15:49:24
6520000,202565200000700516,혼인지,혼인지,제주특별자치도,서귀포시,관광,제주특별자치도 서귀포시,,,제주특별자치도 서귀포시 성산읍 온평리 1702-1,,제주특별자치도청,064-710-2352,33.414699,126.894591,2024-12-31,I,2026-05-15 18:45:28,2025-11-07 15:49:11
6520000,202565200000700518,산방산,산방산,제주특별자치도,서귀포시,관광,제주특별자치도 서귀포시,,,제주특별자치도 서귀포시 안덕면 사계리 181-2,,제주특별자치도청,064-710-2352,33.236578,126.312432,2024-12-31,I,2026-05-15 18:45:28,2025-11-07 15:49:11
6520000,202565200000700729,서귀포 치유의 숲,서귀포 치유의 숲 #4-2,제주특별자치도,서귀포시,기타,제주특별자치도 서귀포시,,,제주특별자치도 서귀포시 산록남로 2271,,제주특별자치도청,064-710-2352,33.300533,126.521176,2024-12-31,I,2026-05-15 18:45:28,2025-11-07 15:49:13
6520000,202565200000700401,정류장_쇠소깍 입구(406001632) (옥외1),정류장_쇠소깍 입구(406001632) (옥외1),제주특별자치도,서귀포시,교통시설,제주특별자치도 서귀포시,,,제주특별자치도 서귀포시 하효동 967-4,,제주특별자치도청,064-710-2352,33.256738,126.621981,2024-12-31,I,2026-05-15 18:45:28,2025-11-07 15:49:10
6520000,202565200000701081,서귀포 시민공원,서귀포 시민공원#1-1,제주특별자치도,서귀포시,서민·복지시설,제주특별자치도 서귀포시,,,제주특별자치도 서귀포시 법환동 731-2,,제주특별자치도청,064-710-2352,33.256142,126.511039,2024-12-31,I,2026-05-15 18:45:28,2025-11-07 15:49:19
6520000,202565200000701545,광치기해변,광치기해변 #1-4,제주특별자치도,서귀포시,기타,제주특별자치도 서귀포시,,,제주특별자치도 서귀포시 성산읍 고성동서로 115,,제주특별자치도청,064-710-2352,33.454517,126.925285,2024-12-31,I,2026-05-15 18:45:28,2025-11-07 15:49:24
6520000,202565200000700447,무오법정사,무오법정사,제주특별자치도,서귀포시,관광,제주특별자치도 서귀포시,,,제주특별자치도 서귀포시 도순동 산1,,제주특별자치도청,064-710-2352,33.308905,126.472400,2024-12-31,I,2026-05-15 18:45:28,2025-11-07 15:49:10
6520000,202565200000700479,표선생활체육관,표선생활체육관,제주특별자치도,서귀포시,서민·복지시설,제주특별자치도 서귀포시,,,제주특별자치도 서귀포시 표선면 하천리 1832-1,,제주특별자치도청,064-710-2352,33.354206,126.814399,2024-12-31,I,2026-05-15 18:45:28,2025-11-07 15:49:10
6520000,202565200000701034,광치기해변,광치기 해변(백기해녀의집)#3-2,제주특별자치도,서귀포시,기타,제주특별자치도 서귀포시,,,제주특별자치도 서귀포시 성산읍 고성리 224-1,,제주특별자치도청,064-710-2352,33.449980,126.922485,2024-12-31,I,2026-05-15 18:45:28,2025-11-07 15:49:18
6520000,202565200000700075,서귀포평생학습센터,서귀포평생학습센터,제주특별자치도,서귀포시,관공서,제주특별자치도 서귀포시,,,제주특별자치도 서귀포시 서귀동 321-10,,제주특별자치도청,064-710-2352,33.249303,126.558541,2024-12-31,I,2026-05-15 18:45:28,2025-11-07 15:49:06
6520000,202565200000700123,서광보건진료소,서광보건진료소,제주특별자치도,서귀포시,관공서,제주특별자치도 서귀포시,,,제주특별자치도 서귀포시 안덕면 중산간서로 1811,,제주특별자치도청,064-710-2352,33.286651,126.328889,2024-12-31,I,2026-05-15 18:45:28,2025-11-07 15:49:07
6520000,202565200000700283,대평리도농교류센터_1 (옥외1),대평리도농교류센터_1 (옥외1),제주특별자치도,서귀포시,기타,제주특별자치도 서귀포시,,,제주특별자치도 서귀포시 안덕면 난드르로49-5,,제주특별자치도청,064-710-2352,33.235379,126.362843,2024-12-31,I,2026-05-15 18:45:28,2025-11-07 15:49:08
6520000,202565200000700066,영천동주민센터,영천동주민센터,제주특별자치도,서귀포시,관공서,제주특별자치도 서귀포시,,,제주특별자치도 서귀포시 영천동 2202-3,,제주특별자치도청,064-710-2352,33.268758,126.586642,2024-12-31,I,2026-05-15 18:45:28,2025-11-07 15:49:06
6520000,202565200000701264,1100고지 휴게소,1100고지 휴게소 #1-2,제주특별자치도,서귀포시,관광,제주특별자치도 서귀포시,,,제주특별자치도 서귀포시 색달동 산 1-3,,제주특별자치도청,064-710-2352,33.357761,126.462454,2024-12-31,I,2026-05-15 18:45:28,2025-11-07 15:49:21
6520000,202565200000701503,천지연폭포,천지연폭포＃4-2,제주특별자치도,서귀포시,관광,제주특별자치도 서귀포시,,,제주특별자치도 서귀포시 서귀동 809,,제주특별자치도청,064-710-2352,33.246240,126.555365,2024-12-31,I,2026-05-15 18:45:28,2025-11-07 15:49:24
6520000,202565200000700463,산방산,"산방산(용머리, 하멜상선)",제주특별자치도,서귀포시,관광,제주특별자치도 서귀포시,,,제주특별자치도 서귀포시 안덕면 사계리 111-1,,제주특별자치도청,064-710-2352,33.234811,126.314533,2024-12-31,I,2026-05-15 18:45:28,2025-11-07 15:49:10
6520000,202565200000701337,서귀포매일올레시장,서귀포매일올레시장 (김밥거래소앞)#6-1,제주특별자치도,서귀포시,기타,제주특별자치도 서귀포시,,,제주특별자치도 서귀포시 서귀동 279-6(김밥거래소 앞 방범CCTV),,제주특별자치도청,064-710-2352,33.250463,126.563730,2024-12-31,I,2026-05-15 18:45:28,2025-11-07 15:49:22
6520000,202565200000700361,정류장_벼락동산(406000376) (옥외1),정류장_벼락동산(406000376) (옥외1),제주특별자치도,서귀포시,교통시설,제주특별자치도 서귀포시,,,제주특별자치도 서귀포시 상예동 1183-4,,제주특별자치도청,064-710-2352,33.247821,126.392655,2024-12-31,I,2026-05-15 18:45:28,2025-11-07 15:49:09
6520000,202565200000700601,포니벨리,포니벨리,제주특별자치도,서귀포시,관광,제주특별자치도 서귀포시,,,제주특별자치도 서귀포시 표선면 성읍리 2684,,제주특별자치도청,064-710-2352,33.402800,126.778798,2024-12-31,I,2026-05-15 18:45:28,2025-11-07 15:49:12
6520000,202565200000700555,휴애리생활공원,휴애리생활공원,제주특별자치도,서귀포시,관광,제주특별자치도 서귀포시,,,제주특별자치도 서귀포시 남원읍 신례리 2081,,제주특별자치도청,064-710-2352,33.308837,126.633825,2024-12-31,I,2026-05-15 18:45:28,2025-11-07 15:49:11
6520000,202565200000701046,3-B코스,신천리 벽화마을 #1-1,제주특별자치도,서귀포시,기타,제주특별자치도 서귀포시,,,제주특별자치도 서귀포시 성산읍 신천리 302-4,,제주특별자치도청,064-710-2352,33.343248,126.853396,2024-12-31,I,2026-05-15 18:45:28,2025-11-07 15:49:18
6520000,202565200000700512,천제연폭포,천제연폭포,제주특별자치도,서귀포시,관광,제주특별자치도 서귀포시,,,제주특별자치도 서귀포시 중문동 2232,,제주특별자치도청,064-710-2352,33.252699,126.418386,2024-12-31,I,2026-05-15 18:45:28,2025-11-07 15:49:11
6520000,202565200000701270,성산읍 공설묘지 봉안당,성산읍 공설묘지 봉안당 #1-2,제주특별자치도,서귀포시,서민·복지시설,제주특별자치도 서귀포시,,,제주특별자치도 서귀포시 성산읍 수산리 4711(성산읍 금백조로 548),,제주특별자치도청,064-710-2352,33.434739,126.816822,2024-12-31,I,2026-05-15 18:45:28,2025-11-07 15:49:21
6520000,202565200000700968,녹산로 유채꽃길,녹산로 유채꽃길 유채꽃프라자 #1-3,제주특별자치도,서귀포시,기타,제주특별자치도 서귀포시,,,제주특별자치도 서귀포시 표선면 가시리 3665-85,,제주특별자치도청,064-710-2352,33.393657,126.731719,2024-12-31,I,2026-05-15 18:45:28,2025-11-07 15:49:16
6520000,202565200000701566,신시가지[서],신시가지[서]#1-1,제주특별자치도,서귀포시,교통시설,제주특별자치도 서귀포시,,,제주특별자치도 서귀포시 406000062,,제주특별자치도청,064-710-2352,33.259639,126.510198,2024-12-31,I,2026-05-15 18:45:28,2025-11-07 15:49:25
6520000,202565200000700340,위미2리 다목적복지회관 (옥내1),위미2리 다목적복지회관 (옥내1),제주특별자치도,서귀포시,지역문화시설,제주특별자치도 서귀포시,,,제주특별자치도 서귀포시 남원읍 남원회관로 27,,제주특별자치도청,064-710-2352,33.283118,126.661479,2024-12-31,I,2026-05-15 18:45:28,2025-11-07 15:49:09
6520000,202565200000700381,정류장_혼인지입구(406001070) (옥외1),정류장_혼인지입구(406001070) (옥외1),제주특별자치도,서귀포시,교통시설,제주특별자치도 서귀포시,,,제주특별자치도 서귀포시 대정읍 하모중앙로 20,,제주특별자치도청,064-710-2352,33.411256,126.899315,2024-12-31,I,2026-05-15 18:45:28,2025-11-07 15:49:09
6520000,202565200000700528,버스정류소_남원읍사무소(남),남원읍사무소(남),제주특별자치도,서귀포시,교통시설,제주특별자치도 서귀포시,,,제주특별자치도 서귀포시 남원읍 남원리 99-13,,제주특별자치도청,064-710-2352,33.279552,126.721026,2024-12-31,I,2026-05-15 18:45:28,2025-11-07 15:49:11
6520000,202565200000700861,버스정류소_위미문화의집_(위미초등학교방면),위미문화의집 (북) #1-1,제주특별자치도,서귀포시,교통시설,제주특별자치도 서귀포시,,,제주특별자치도 서귀포시 남원읍 위미리 2892 앞,,제주특별자치도청,064-710-2352,33.274771,126.658464,2024-12-31,I,2026-05-15 18:45:28,2025-11-07 15:49:15
6520000,202565200000700651,화순 금모래해변,화순 금모래해변,제주특별자치도,서귀포시,기타,제주특별자치도 서귀포시,,,제주특별자치도 서귀포시 안덕면 화순리 833-2 번지 선,,제주특별자치도청,064-710-2352,33.240710,126.332829,2024-12-31,I,2026-05-15 18:45:28,2025-11-07 15:49:12
6520000,202565200000701306,버스정류소-서홍새마을금고(서귀북초등학교방면),서홍새마을금고(서귀북초등학교 방면) #1-1,제주특별자치도,서귀포시,교통시설,제주특별자치도 서귀포시,,,제주특별자치도 서귀포시 서홍동 256-4,,제주특별자치도청,064-710-2352,33.264068,126.557995,2024-12-31,I,2026-05-15 18:45:28,2025-11-07 15:49:21
6520000,202565200000701366,성산읍 열린문화쉼터,성산읍 열린문화쉼터 #1-3,제주특별자치도,서귀포시,지역문화시설,제주특별자치도 서귀포시,,,제주특별자치도 서귀포시 성산읍 오조리 2-10,,제주특별자치도청,064-710-2352,33.469155,126.923417,2024-12-31,I,2026-05-15 18:45:28,2025-11-07 15:49:22
6520000,202565200000700671,아쿠아플라넷,아쿠아플라넷,제주특별자치도,서귀포시,관광,제주특별자치도 서귀포시,,,제주특별자치도 서귀포시 성산읍 고성리 127-1,,제주특별자치도청,064-710-2352,33.432938,126.927313,2024-12-31,I,2026-05-15 18:45:28,2025-11-07 15:49:13
6520000,202565200000700384,정류장_뒷동산(406000110) (옥외1),정류장_뒷동산(406000110) (옥외1),제주특별자치도,서귀포시,교통시설,제주특별자치도 서귀포시,,,제주특별자치도 서귀포시 법환동 1285-3,,제주특별자치도청,064-710-2352,33.236693,126.510564,2024-12-31,I,2026-05-15 18:45:28,2025-11-07 15:49:09
6520000,202565200000701469,성산국민체육센터,성산국민체육센터 #1-2,제주특별자치도,서귀포시,서민·복지시설,제주특별자치도 서귀포시,,,제주특별자치도 서귀포시 성산읍 오조리 1365-1(일주동로 4024),,제주특별자치도청,064-710-2352,33.466788,126.905046,2024-12-31,I,2026-05-15 18:45:28,2025-11-07 15:49:23
6520000,202565200000700331,서귀포시평생학습관-2 (옥외1),서귀포시평생학습관-2 (옥외1),제주특별자치도,서귀포시,지역문화시설,제주특별자치도 서귀포시,,,제주특별자치도 서귀포시 서문로29번길 10,,제주특별자치도청,064-710-2352,33.249303,126.558541,2024-12-31,I,2026-05-15 18:45:28,2025-11-07 15:49:08
6520000,202565200000701386,서광동리복지회관,서광동리복지회관#1-5,제주특별자치도,서귀포시,관공서,제주특별자치도 서귀포시,,,제주특별자치도 서귀포시 안덕면 서광리 63-1(서광동로17),,제주특별자치도청,064-710-2352,33.287990,126.331283,2024-12-31,I,2026-05-15 18:45:28,2025-11-07 15:49:22
6520000,202565200000700196,제주월드컵경기장,제주월드컵경기장,제주특별자치도,서귀포시,지역문화시설,제주특별자치도 서귀포시,,,제주특별자치도 서귀포시 법환동 2132-1,,제주특별자치도청,064-710-2352,33.247594,126.507632,2024-12-31,I,2026-05-15 18:45:28,2025-11-07 15:49:07
6520000,202565200000700288,덕수 문화센터(1 2층)_2 (옥내1),덕수 문화센터(1 2층)_2 (옥내1),제주특별자치도,서귀포시,지역문화시설,제주특별자치도 서귀포시,,,제주특별자치도 서귀포시 안덕면 덕수회관로 97,,제주특별자치도청,064-710-2352,33.254180,126.306501,2024-12-31,I,2026-05-15 18:45:28,2025-11-07 15:49:08
6520000,202565200000700169,세화1리마을회관,세화1리마을회관,제주특별자치도,서귀포시,서민·복지시설,제주특별자치도 서귀포시,,,제주특별자치도 서귀포시 표선면 세화리 1123-3,,제주특별자치도청,064-710-2352,33.332118,126.797990,2024-12-31,I,2026-05-15 18:45:28,2025-11-07 15:49:07
6520000,202565200000700015,토평청소년문화의집,토평청소년문화의집,제주특별자치도,서귀포시,지역문화시설,제주특별자치도 서귀포시,,,제주특별자치도 서귀포시 토평동 1434-3,,제주특별자치도청,064-710-2352,33.271097,126.590222,2024-12-31,I,2026-05-15 18:45:28,2025-11-07 15:49:06
6520000,202565200000701281,전기차충전소_성산부두 우도선착장 주차장,성산부두 우도선착장 주차장 #1-3,제주특별자치도,서귀포시,기타,제주특별자치도 서귀포시,,,제주특별자치도 서귀포시 성산읍 성산리 347-9,,제주특별자치도청,064-710-2352,33.472525,126.932347,2024-12-31,I,2026-05-15 18:45:28,2025-11-07 15:49:21
6520000,202565200000701060,5코스,공천포구 올레길 #1-1,제주특별자치도,서귀포시,기타,제주특별자치도 서귀포시,,,제주특별자치도 서귀포시 남원읍 신례리 87 -1,,제주특별자치도청,064-710-2352,33.265071,126.640829,2024-12-31,I,2026-05-15 18:45:28,2025-11-07 15:49:19
6520000,202565200000700433,서귀포롤러스케이트장,서귀포롤러스케이트장,제주특별자치도,서귀포시,서민·복지시설,제주특별자치도 서귀포시,,,제주특별자치도 서귀포시 산록남로1241번길 145,,제주특별자치도청,064-710-2352,33.258333,126.499873,2024-12-31,I,2026-05-15 18:45:28,2025-11-07 15:49:10
6520000,202565200000700910,6코스,올레 6코스 보목포로 게우지코지펜션 부근 #1-2,제주특별자치도,서귀포시,기타,제주특별자치도 서귀포시,,,제주특별자치도 서귀포시 하효동 1370,,제주특별자치도청,064-710-2352,33.244011,126.618883,2024-12-31,I,2026-05-15 18:45:28,2025-11-07 15:49:15
6520000,202565200000701520,버스정류소_남군농협_(현대산부인과방면),동미빌딩#1-2,제주특별자치도,서귀포시,교통시설,제주특별자치도 서귀포시,,,제주특별자치도 서귀포시 서귀동 395-1,,제주특별자치도청,064-710-2352,33.248537,126.565947,2024-12-31,I,2026-05-15 18:45:28,2025-11-07 15:49:24
6520000,202565200000700156,열린병원,열린병원,제주특별자치도,서귀포시,서민·복지시설,제주특별자치도 서귀포시,,,제주특별자치도 서귀포시 동홍동 1539-1,,제주특별자치도청,064-710-2352,33.254468,126.565420,2024-12-31,I,2026-05-15 18:45:28,2025-11-07 15:49:07
6520000,202565200000701341,전기차충전소_중앙공영주차빌딩,중앙공영주차빌딩 #1-1,제주특별자치도,서귀포시,기타,제주특별자치도 서귀포시,,,제주특별자치도 서귀포시 서귀동 291-2,,제주특별자치도청,064-710-2352,33.250045,126.561982,2024-12-31,I,2026-05-15 18:45:28,2025-11-07 15:49:22
6520000,202565200000700226,농업기술원,"1층 로비, 1층 대강당, 2층 세미나실",제주특별자치도,서귀포시,관공서,제주특별자치도 서귀포시,,,제주특별자치도 서귀포시 강정동 3458,,제주특별자치도청,064-710-2352,33.261457,126.488638,2024-12-31,I,2026-05-15 18:45:28,2025-11-07 15:49:08
6520000,202565200000700865,크루즈 여객터미널,크루즈 여객터미널 #1-3,제주특별자치도,서귀포시,교통시설,제주특별자치도 서귀포시,,,제주특별자치도 서귀포시 강정동 4676(말질로 261),,제주특별자치도청,064-710-2352,33.228183,126.476964,2024-12-31,I,2026-05-15 18:45:28,2025-11-07 15:49:15
6520000,202565200000701208,전기차충전소_머체왓숲길영농조합,머체왓숲길영농조합#1-3,제주특별자치도,서귀포시,기타,제주특별자치도 서귀포시,,,제주특별자치도 서귀포시 남원읍 서성로 755(한남리 1622-3),,제주특별자치도청,064-710-2352,33.330642,126.674007,2024-12-31,I,2026-05-15 18:45:28,2025-11-07 15:49:20
6520000,202565200000701355,혁신도시 국민체육센터,혁신도시 국민체육센터 #1-3,제주특별자치도,서귀포시,서민·복지시설,제주특별자치도 서귀포시,,,제주특별자치도 서귀포시 서호동 1602,,제주특별자치도청,064-710-2352,33.252518,126.516542,2024-12-31,I,2026-05-15 18:45:28,2025-11-07 15:49:22
6520000,202565200000701057,작가의산책길,작가의산책길(천지연기정길)#1-1,제주특별자치도,서귀포시,관광,제주특별자치도 서귀포시,,,제주특별자치도 서귀포시 서귀동 810-1 화장실,,제주특별자치도청,064-710-2352,33.246819,126.556503,2024-12-31,I,2026-05-15 18:45:28,2025-11-07 15:49:19
6520000,202565200000700217,롯데리아(성산일출봉),롯데리아(성산일출봉),제주특별자치도,서귀포시,기타,제주특별자치도 서귀포시,,,제주특별자치도 서귀포시 성산읍 성산리 126-3번지,,제주특별자치도청,064-710-2352,33.462735,126.935047,2024-12-31,I,2026-05-15 18:45:28,2025-11-07 15:49:07
6520000,202565200000701412,버스정류소_법호촌온성학교_(법호촌입구방면),법호촌온성학교[서]#1-1,제주특별자치도,서귀포시,교통시설,제주특별자치도 서귀포시,,,제주특별자치도 서귀포시 상효동 1290-15,,제주특별자치도청,064-710-2352,33.291914,126.594533,2024-12-31,I,2026-05-15 18:45:28,2025-11-07 15:49:22
6520000,202565200000700785,송악도서관,송악도서관 #1-1,제주특별자치도,서귀포시,관공서,제주특별자치도 서귀포시,,,제주특별자치도 서귀포시 대정읍 하모리 1252-1,,제주특별자치도청,064-710-2352,33.226627,126.248601,2024-12-31,I,2026-05-15 18:45:28,2025-11-07 15:49:14
6520000,202565200000700417,대정읍주민자치센터 (옥내2),대정읍주민자치센터 (옥내2),제주특별자치도,서귀포시,기타,제주특별자치도 서귀포시,,,제주특별자치도 서귀포시 안덕면 중산간서로 1882,,제주특별자치도청,064-710-2352,33.226675,126.251818,2024-12-31,I,2026-05-15 18:45:28,2025-11-07 15:49:10
6520000,202565200000700359,정류장_어촌계입구(406001006) (옥외1),정류장_어촌계입구(406001006) (옥외1),제주특별자치도,서귀포시,교통시설,제주특별자치도 서귀포시,,,제주특별자치도 서귀포시 남원읍 태위로 963,,제주특별자치도청,064-710-2352,33.287928,126.747644,2024-12-31,I,2026-05-15 18:45:28,2025-11-07 15:49:09
6520000,202565200000701561,법환청소년문화의집,법환청소년문화의집#1-2,제주특별자치도,서귀포시,관공서,제주특별자치도 서귀포시,,,제주특별자치도 서귀포시 막숙포로 70-1,,제주특별자치도청,064-710-2352,33.235538,126.514143,2024-12-31,I,2026-05-15 18:45:28,2025-11-07 15:49:24
6520000,202565200000700209,서귀포해양경찰서,서귀포해양경찰서,제주특별자치도,서귀포시,관공서,제주특별자치도 서귀포시,,,제주특별자치도 서귀포시 서호남로 11,,제주특별자치도청,064-710-2352,33.251293,126.513847,2024-12-31,I,2026-05-15 18:45:28,2025-11-07 15:49:07
6520000,202565200000700040,아로마리조트제주유스호텔,아로마리조트제주유스호텔,제주특별자치도,서귀포시,지역문화시설,제주특별자치도 서귀포시,,,제주특별자치도 서귀포시 안덕면 신화역사로 1097번길 178,,제주특별자치도청,064-710-2352,33.268496,126.332433,2024-12-31,I,2026-05-15 18:45:28,2025-11-07 15:49:06
6520000,202565200000700538,버스정류소_신산환승정류장(성산농협신산지점),신산환승정류장(성산농협신산지점),제주특별자치도,서귀포시,교통시설,제주특별자치도 서귀포시,,,제주특별자치도 서귀포시 성산읍 신산리 1047-3,,제주특별자치도청,064-710-2352,33.379923,126.875731,2024-12-31,I,2026-05-15 18:45:28,2025-11-07 15:49:11
6520000,202565200000700561,대유ATV수렵사격랜드(대유산업),대유ATV수렵사격랜드(대유산업),제주특별자치도,서귀포시,관광,제주특별자치도 서귀포시,,,제주특별자치도 서귀포시 상예동 144,,제주특별자치도청,064-710-2352,33.278069,126.394679,2024-12-31,I,2026-05-15 18:45:28,2025-11-07 15:49:11
6520000,202565200000701301,칠십리야외공연장,칠십리야외공연장 #1-1,제주특별자치도,서귀포시,지역문화시설,제주특별자치도 서귀포시,,,제주특별자치도 서귀포시 서홍동 680(천지연폭포 주차장 화장실),,제주특별자치도청,064-710-2352,33.243758,126.559841,2024-12-31,I,2026-05-15 18:45:28,2025-11-07 15:49:21
6520000,202565200000700070,효돈동주민센터,효돈동주민센터,제주특별자치도,서귀포시,관공서,제주특별자치도 서귀포시,,,제주특별자치도 서귀포시 효돈동 152-1,,제주특별자치도청,064-710-2352,33.263303,126.615557,2024-12-31,I,2026-05-15 18:45:28,2025-11-07 15:49:06
6520000,202565200000701102,토이파크,토이파크 #1-3,제주특별자치도,서귀포시,관광,제주특별자치도 서귀포시,,,제주특별자치도 서귀포시 안덕면 동광리 383,,제주특별자치도청,064-710-2352,33.318943,126.345424,2024-12-31,I,2026-05-15 18:45:28,2025-11-07 15:49:19
6520000,202565200000700175,축구청소년야외쉼터(서귀포축구공원),"축구청소년야외쉼터
(서귀포축구공원)",제주특별자치도,서귀포시,지역문화시설,제주특별자치도 서귀포시,,,제주특별자치도 서귀포시 신효동 910,,제주특별자치도청,064-710-2352,33.258368,126.610365,2024-12-31,I,2026-05-15 18:45:28,2025-11-07 15:49:07
6520000,202565200000700411,표선보건지소 (옥내2),표선보건지소 (옥내2),제주특별자치도,서귀포시,서민·복지시설,제주특별자치도 서귀포시,,,제주특별자치도 서귀포시 중산간서로 95(강정동),,제주특별자치도청,064-710-2352,33.331128,126.830269,2024-12-31,I,2026-05-15 18:45:28,2025-11-07 15:49:10
6520000,202565200000701411,"버스정류소_,효돈중학교_(하례1리입구방면)",",효돈중학교[남]#1-1",제주특별자치도,서귀포시,교통시설,제주특별자치도 서귀포시,,,제주특별자치도 서귀포시 하효동 300-1,,제주특별자치도청,064-710-2352,33.263474,126.621437,2024-12-31,I,2026-05-15 18:45:28,2025-11-07 15:49:22
6520000,202565200000700922,12코스,12코스-쉼터-신도포구 #1-1,제주특별자치도,서귀포시,기타,제주특별자치도 서귀포시,,,제주특별자치도 서귀포시 대정읍 신도리 3076-1,,제주특별자치도청,064-710-2352,33.276297,126.171035,2024-12-31,I,2026-05-15 18:45:28,2025-11-07 15:49:15
6520000,202565200000701190,전기차충전소_서부소방서 안덕 119센터,서부소방서 안덕 119센터#1,제주특별자치도,서귀포시,기타,제주특별자치도 서귀포시,,,제주특별자치도 서귀포시 안덕면 화순서서로 2(화순리 1160-10),,제주특별자치도청,064-710-2352,33.251092,126.331200,2024-12-31,I,2026-05-15 18:45:28,2025-11-07 15:49:20
6520000,202565200000700084,중문오일시장,중문오일시장,제주특별자치도,서귀포시,기타,제주특별자치도 서귀포시,,,제주특별자치도 서귀포시 중문동 2123-1번지,,제주특별자치도청,064-710-2352,33.250584,126.423948,2024-12-31,I,2026-05-15 18:45:28,2025-11-07 15:49:06
6520000,202565200000701058,작가의산책길,작가의산책길(천지연기정길)#1-2,제주특별자치도,서귀포시,관광,제주특별자치도 서귀포시,,,제주특별자치도 서귀포시 서귀동 810-1,,제주특별자치도청,064-710-2352,33.246819,126.556503,2024-12-31,I,2026-05-15 18:45:28,2025-11-07 15:49:19
6520000,202565200000700730,서귀포 치유의 숲,서귀포 치유의 숲 #5-3,제주특별자치도,서귀포시,기타,제주특별자치도 서귀포시,,,제주특별자치도 서귀포시 산록남로 2271,,제주특별자치도청,064-710-2352,33.291994,126.528050,2024-12-31,I,2026-05-15 18:45:28,2025-11-07 15:49:13
6520000,202565200000700938,5코스,올레 5코스 신례리 넙빌레 올레쉼터 #1-1,제주특별자치도,서귀포시,기타,제주특별자치도 서귀포시,,,제주특별자치도 서귀포시 남원읍 신례리 12,,제주특별자치도청,064-710-2352,33.268118,126.647040,2024-12-31,I,2026-05-15 18:45:28,2025-11-07 15:49:16
6520000,202565200000700242,서귀포시 서부보건소 치매안심센터,"시청각실(복도), 이음방",제주특별자치도,서귀포시,관공서,제주특별자치도 서귀포시,,,제주특별자치도 서귀포시 대정읍 하모리 767-8,,제주특별자치도청,064-710-2352,33.218671,126.253243,2024-12-31,I,2026-05-15 18:45:28,2025-11-07 15:49:08
6520000,202565200000700771,서귀포 쓰레기 위생매립장,서귀포 쓰레기 위생매립장,제주특별자치도,서귀포시,관공서,제주특별자치도 서귀포시,,,제주특별자치도 서귀포시 산록남로1241번길 145,,제주특별자치도청,064-710-2352,33.307538,126.419117,2024-12-31,I,2026-05-15 18:45:28,2025-11-07 15:49:14
6520000,202565200000701547,광치기해변,광치기해변 #1-6,제주특별자치도,서귀포시,기타,제주특별자치도 서귀포시,,,제주특별자치도 서귀포시 성산읍 고성동서로 115,,제주특별자치도청,064-710-2352,33.454517,126.925285,2024-12-31,I,2026-05-15 18:45:28,2025-11-07 15:49:24
6520000,202565200000701579,중앙도서관,문화공원#1-1,제주특별자치도,서귀포시,관공서,제주특별자치도 서귀포시,,,제주특별자치도 서귀포시 강정동 176(김정문화로 32),,제주특별자치도청,064-710-2352,33.251361,126.507697,2024-12-31,I,2026-05-15 18:45:28,2025-11-07 15:49:25
6520000,202565200000701496,천지연폭포,천지연폭포 ＃1-3,제주특별자치도,서귀포시,관광,제주특별자치도 서귀포시,,,제주특별자치도 서귀포시 서홍동 666-1,,제주특별자치도청,064-710-2352,33.244001,126.559881,2024-12-31,I,2026-05-15 18:45:28,2025-11-07 15:49:24
6520000,202565200000701573,서귀포삼다종합사회복지관,서귀포삼다종합사회복지관#1-3,제주특별자치도,서귀포시,서민·복지시설,제주특별자치도 서귀포시,,,제주특별자치도 서귀포시 중동로 69-9,,제주특별자치도청,064-710-2352,33.250643,126.569186,2024-12-31,I,2026-05-15 18:45:28,2025-11-07 15:49:25
6520000,202565200000700800,칠십리공원,칠십리공원 #5-1,제주특별자치도,서귀포시,서민·복지시설,제주특별자치도 서귀포시,,,제주특별자치도 서귀포시 서홍동 648-13,,제주특별자치도청,064-710-2352,33.243903,126.556128,2024-12-31,I,2026-05-15 18:45:28,2025-11-07 15:49:14
6520000,202565200000701113,버스정류소_남주중고등학교_(한라산교회방면),남주중고등학교(남),제주특별자치도,서귀포시,교통시설,제주특별자치도 서귀포시,,,제주특별자치도 서귀포시 동홍동 948-1,,제주특별자치도청,064-710-2352,33.274926,126.565933,2024-12-31,I,2026-05-15 18:45:28,2025-11-07 15:49:19
6520000,202565200000701365,바람모루공원,바람모루공원 #1-2,제주특별자치도,서귀포시,서민·복지시설,제주특별자치도 서귀포시,,,제주특별자치도 서귀포시 서호동 1602,,제주특별자치도청,064-710-2352,33.252889,126.516834,2024-12-31,I,2026-05-15 18:45:28,2025-11-07 15:49:22
6520000,202565200000700251,표선면 다목적 회관,"1층 식당, 2층 경로당, 3층 체력단련실",제주특별자치도,서귀포시,관공서,제주특별자치도 서귀포시,,,제주특별자치도 서귀포시 표선면 표선리 1003-5,,제주특별자치도청,064-710-2352,33.322270,126.829882,2024-12-31,I,2026-05-15 18:45:28,2025-11-07 15:49:08
6520000,202565200000701023,8코스,올레 8코스 하예동 올레 쉼터  #1-2,제주특별자치도,서귀포시,기타,제주특별자치도 서귀포시,,,제주특별자치도 서귀포시 하예동 1744-4,,제주특별자치도청,064-710-2352,33.233192,126.373647,2024-12-31,I,2026-05-15 18:45:28,2025-11-07 15:49:17
6520000,202565200000701427,서홍동복지회관,서홍동복지회관#1-1,제주특별자치도,서귀포시,관공서,제주특별자치도 서귀포시,,,제주특별자치도 서귀포시 서홍동 1644-3(중산간동로 8106),,제주특별자치도청,064-710-2352,33.263908,126.550710,2024-12-31,I,2026-05-15 18:45:28,2025-11-07 15:49:23
6520000,202565200000700016,평화의마을,평화의마을,제주특별자치도,서귀포시,서민·복지시설,제주특별자치도 서귀포시,,,제주특별자치도 서귀포시 대정읍 구억리 308,,제주특별자치도청,064-710-2352,33.279062,126.292572,2024-12-31,I,2026-05-15 18:45:28,2025-11-07 15:49:06
6520000,202565200000701424,버스정류소_대정초교후문_(해병부대방면),대정초교후문[남]#1-1,제주특별자치도,서귀포시,교통시설,제주특별자치도 서귀포시,,,제주특별자치도 서귀포시 대정읍 상모리 3856-3,,제주특별자치도청,064-710-2352,33.225543,126.256424,2024-12-31,I,2026-05-15 18:45:28,2025-11-07 15:49:23
6520000,202565200000700556,휴애리생활공원,휴애리생활공원,제주특별자치도,서귀포시,관광,제주특별자치도 서귀포시,,,제주특별자치도 서귀포시 남원읍 신례리 2081,,제주특별자치도청,064-710-2352,33.308837,126.633825,2024-12-31,I,2026-05-15 18:45:28,2025-11-07 15:49:11
6520000,202565200000701309,산이물공원,산이물공원 #1-2,제주특별자치도,서귀포시,서민·복지시설,제주특별자치도 서귀포시,,,제주특별자치도 서귀포시 대정읍 하모리 1093,,제주특별자치도청,064-710-2352,33.221088,126.247367,2024-12-31,I,2026-05-15 18:45:28,2025-11-07 15:49:21
6520000,202565200000700080,서귀포시청(1청사),서귀포시청(1청사),제주특별자치도,서귀포시,관공서,제주특별자치도 서귀포시,,,제주특별자치도 서귀포시 중앙로 105,,제주특별자치도청,064-710-2352,33.253914,126.559603,2024-12-31,I,2026-05-15 18:45:28,2025-11-07 15:49:06
6520000,202565200000700049,서귀포 지체장애인 협회,서귀포 지체장애인 협회,제주특별자치도,서귀포시,서민·복지시설,제주특별자치도 서귀포시,,,제주특별자치도 서귀포시 서홍동 647-2,,제주특별자치도청,064-710-2352,33.243781,126.557397,2024-12-31,I,2026-05-15 18:45:28,2025-11-07 15:49:06
6520000,202565200000701636,서귀포의료원,서귀포의료원 #2-1,제주특별자치도,서귀포시,기타,제주특별자치도 서귀포시,,,제주특별자치도 서귀포시 동홍동 1530-2 (장수로 47),,제주특별자치도청,064-710-2352,33.255498,126.564051,2024-12-31,I,2026-05-15 18:45:28,2025-11-07 15:49:26
6520000,202565200000701518,버스정류소_주공아파트5단지_(서귀북초등학교방면),주공아파트5단지 #1-1,제주특별자치도,서귀포시,교통시설,제주특별자치도 서귀포시,,,제주특별자치도 서귀포시 동홍동 1304-1,,제주특별자치도청,064-710-2352,33.264508,126.561150,2024-12-31,I,2026-05-15 18:45:28,2025-11-07 15:49:24
6520000,202565200000701578,대포동 전천후게이트볼장,대포동 전천후게이트볼장#1-2,제주특별자치도,서귀포시,서민·복지시설,제주특별자치도 서귀포시,,,제주특별자치도 서귀포시 대포동 2044-1,,제주특별자치도청,064-710-2352,33.241679,126.436169,2024-12-31,I,2026-05-15 18:45:28,2025-11-07 15:49:25
6520000,202565200000700824,버스정류소_(구)중앙파출소_(남군농협방면),아랑조을거리공영주차장 #1-3,제주특별자치도,서귀포시,교통시설,제주특별자치도 서귀포시,,,제주특별자치도 서귀포시 서귀동 312-6,,제주특별자치도청,064-710-2352,33.247638,126.560228,2024-12-31,I,2026-05-15 18:45:28,2025-11-07 15:49:14
6520000,202565200000701192,전기차충전소_온평리마을회(온평리사무소),온평리마을회(온평리사무소)#1,제주특별자치도,서귀포시,기타,제주특별자치도 서귀포시,,,제주특별자치도 서귀포시 성산읍 온평애향로23번길 6(온평리 840-1),,제주특별자치도청,064-710-2352,33.407565,126.900332,2024-12-31,I,2026-05-15 18:45:28,2025-11-07 15:49:20
6520000,202565200000700939,5코스,올레 5코스 신례리 넙빌레 올레쉼터 #1-2,제주특별자치도,서귀포시,기타,제주특별자치도 서귀포시,,,제주특별자치도 서귀포시 남원읍 신례리 12,,제주특별자치도청,064-710-2352,33.268118,126.647040,2024-12-31,I,2026-05-15 18:45:28,2025-11-07 15:49:16
6520000,202565200000700897,4코스,올레 4코스 태흥들용머리 해안  #1-1,제주특별자치도,서귀포시,기타,제주특별자치도 서귀포시,,,제주특별자치도 서귀포시 남원읍 태흥리 1789-4,,제주특별자치도청,064-710-2352,33.279254,126.730558,2024-12-31,I,2026-05-15 18:45:28,2025-11-07 15:49:15
6520000,202565200000700573,블루마운틴커피테마파크,블루마운틴커피테마파크,제주특별자치도,서귀포시,관광,제주특별자치도 서귀포시,,,제주특별자치도 서귀포시 성산읍 삼달리 1510-1,,제주특별자치도청,064-710-2352,33.380169,126.837168,2024-12-31,I,2026-05-15 18:45:28,2025-11-07 15:49:12
6520000,202565200000700261,남원파크골프장_1 (옥외1),남원파크골프장_1 (옥외1),제주특별자치도,서귀포시,지역문화시설,제주특별자치도 서귀포시,,,제주특별자치도 서귀포시 남원읍 서성로 955-82,,제주특별자치도청,064-710-2352,33.341593,126.688956,2024-12-31,I,2026-05-15 18:45:28,2025-11-07 15:49:08
6520000,202565200000700061,성산읍사무소,성산읍사무소,제주특별자치도,서귀포시,관공서,제주특별자치도 서귀포시,,,제주특별자치도 서귀포시 성산읍 1023번지,,제주특별자치도청,064-710-2352,33.364462,126.834143,2024-12-31,I,2026-05-15 18:45:28,2025-11-07 15:49:06
6520000,202565200000700868,2코스,올레 2코스 오조리 올래화장실 앞 #1-1,제주특별자치도,서귀포시,기타,제주특별자치도 서귀포시,,,제주특별자치도 서귀포시 성산읍 오조리 258 앞,,제주특별자치도청,064-710-2352,33.462747,126.915156,2024-12-31,I,2026-05-15 18:45:28,2025-11-07 15:49:15
6520000,202565200000700179,직업재활시설 어울림터,직업재활시설 어울림터,제주특별자치도,서귀포시,서민·복지시설,제주특별자치도 서귀포시,,,제주특별자치도 서귀포시 토평동 1916,,제주특별자치도청,064-710-2352,33.287452,126.583786,2024-12-31,I,2026-05-15 18:45:28,2025-11-07 15:49:07
6520000,202565200000701544,광치기해변,광치기해변 #1-3,제주특별자치도,서귀포시,기타,제주특별자치도 서귀포시,,,제주특별자치도 서귀포시 성산읍 고성동서로 115,,제주특별자치도청,064-710-2352,33.452188,126.923750,2024-12-31,I,2026-05-15 18:45:28,2025-11-07 15:49:24
6520000,202565200000700899,4코스,올레 4코스 태흥리 거북이바다뜰 앞  #1-1,제주특별자치도,서귀포시,기타,제주특별자치도 서귀포시,,,제주특별자치도 서귀포시 남원읍 남원리 74-5,,제주특별자치도청,064-710-2352,33.279178,126.723859,2024-12-31,I,2026-05-15 18:45:28,2025-11-07 15:49:15
6520000,202565200000701275,전기차충전소_사계포구공영주차장,사계항 #1-4 (사계포구공영주차장),제주특별자치도,서귀포시,기타,제주특별자치도 서귀포시,,,제주특별자치도 서귀포시 안덕면 사계리 2147-32,,제주특별자치도청,064-710-2352,33.228135,126.305486,2024-12-31,I,2026-05-15 18:45:28,2025-11-07 15:49:21
6520000,202565200000700794,희망공원,희망공원 #1-1,제주특별자치도,서귀포시,서민·복지시설,제주특별자치도 서귀포시,,,제주특별자치도 서귀포시 동홍동 87-4,,제주특별자치도청,064-710-2352,33.257942,126.570778,2024-12-31,I,2026-05-15 18:45:28,2025-11-07 15:49:14
6520000,202565200000700807,모슬공원,모슬공원 #1-1,제주특별자치도,서귀포시,서민·복지시설,제주특별자치도 서귀포시,,,제주특별자치도 서귀포시 대정읍 하모리 1242-10,,제주특별자치도청,064-710-2352,33.226512,126.247836,2024-12-31,I,2026-05-15 18:45:28,2025-11-07 15:49:14
6520000,202565200000700301,화순리 다목적회관_1 (옥외1),화순리 다목적회관_1 (옥외1),제주특별자치도,서귀포시,지역문화시설,제주특별자치도 서귀포시,,,제주특별자치도 서귀포시 안덕면 화순문화로 2,,제주특별자치도청,064-710-2352,33.253962,126.329715,2024-12-31,I,2026-05-15 18:45:28,2025-11-07 15:49:08
6520000,202565200000700991,서귀포국민체육센터,서귀포국민체육센터 #1-4,제주특별자치도,서귀포시,서민·복지시설,제주특별자치도 서귀포시,,,제주특별자치도 서귀포시 중문동 1921-1,,제주특별자치도청,064-710-2352,33.250970,126.432052,2024-12-31,I,2026-05-15 18:45:28,2025-11-07 15:49:17
6520000,202565200000700698,서귀포농업기술센터,서귀포농업기술센터 #1-2,제주특별자치도,서귀포시,관공서,제주특별자치도 서귀포시,,,제주특별자치도 서귀포시 남원읍 하례리 1558,,제주특별자치도청,064-710-2352,33.287511,126.608111,2024-12-31,I,2026-05-15 18:45:28,2025-11-07 15:49:13
6520000,202565200000700097,대정오일시장,대정오일시장,제주특별자치도,서귀포시,기타,제주특별자치도 서귀포시,,,제주특별자치도 서귀포시 대정읍 하모리 1067,,제주특별자치도청,064-710-2352,33.246616,126.563961,2024-12-31,I,2026-05-15 18:45:28,2025-11-07 15:49:06
6520000,202565200000701187,버스정류소_서귀포향토오일시장(북),서귀포향토오일시장(북)#1,제주특별자치도,서귀포시,교통시설,제주특별자치도 서귀포시,,,제주특별자치도 서귀포시 동홍동 807-2,,제주특별자치도청,064-710-2352,33.265768,126.574152,2024-12-31,I,2026-05-15 18:45:28,2025-11-07 15:49:20
6520000,202565200000700719,GS25 중문사거리점,GS25 중문사거리점,제주특별자치도,서귀포시,기타,제주특별자치도 서귀포시,,,제주특별자치도 서귀포시 중문동 1351-1,,제주특별자치도청,064-710-2352,33.258152,126.426974,2024-12-31,I,2026-05-15 18:45:28,2025-11-07 15:49:13
6520000,202565200000700632,칠십리 음식 특화거리,칠십리 음식 특화거리,제주특별자치도,서귀포시,기타,제주특별자치도 서귀포시,,,제주특별자치도 서귀포시 서귀동 70-4,,제주특별자치도청,064-710-2352,33.243977,126.569054,2024-12-31,I,2026-05-15 18:45:28,2025-11-07 15:49:12
6520000,202565200000701342,전기차충전소_중앙공영주차빌딩,중앙공영주차빌딩 #1-2,제주특별자치도,서귀포시,기타,제주특별자치도 서귀포시,,,제주특별자치도 서귀포시 서귀동 291-2,,제주특별자치도청,064-710-2352,33.250045,126.561982,2024-12-31,I,2026-05-15 18:45:28,2025-11-07 15:49:22
6520000,202565200000700958,10코스,10코스-화순금모래해변-화장실 #1-2,제주특별자치도,서귀포시,기타,제주특별자치도 서귀포시,,,제주특별자치도 서귀포시 안덕면 화순리 833-2,,제주특별자치도청,064-710-2352,33.240805,126.333963,2024-12-31,I,2026-05-15 18:45:28,2025-11-07 15:49:16
6520000,202565200000700853,버스정류소_성산리 취락구조_(성산일출봉입구방면),성산리 취락구조 (남) #1-1,제주특별자치도,서귀포시,교통시설,제주특별자치도 서귀포시,,,제주특별자치도 서귀포시 성산읍 성산리 278-1,,제주특별자치도청,064-710-2352,33.465824,126.934863,2024-12-31,I,2026-05-15 18:45:28,2025-11-07 15:49:15
6520000,202565200000701440,동홍동주민센터,동홍동주민센터#2-1,제주특별자치도,서귀포시,기타,제주특별자치도 서귀포시,,,제주특별자치도 서귀포시 동홍동 577(동홍로 104),,제주특별자치도청,064-710-2352,33.257708,126.568946,2024-12-31,I,2026-05-15 18:45:28,2025-11-07 15:49:23
6520000,202565200000701165,신천리 벽화마을,신천리 벽화마을(마을회관)#2,제주특별자치도,서귀포시,기타,제주특별자치도 서귀포시,,,제주특별자치도 서귀포시 성산읍 신천리 478-1(신천리 복지회관앞 CCTV),,제주특별자치도청,064-710-2352,33.344466,126.849472,2024-12-31,I,2026-05-15 18:45:28,2025-11-07 15:49:20
6520000,202565200000701073,서귀포시 테니스공원,서귀포시 테니스공원#1-2,제주특별자치도,서귀포시,서민·복지시설,제주특별자치도 서귀포시,,,제주특별자치도 서귀포시 동홍동 1447,,제주특별자치도청,064-710-2352,33.257855,126.564074,2024-12-31,I,2026-05-15 18:45:28,2025-11-07 15:49:19
6520000,202565200000701489,칠십리공원,칠십리공원_A ＃4-1,제주특별자치도,서귀포시,서민·복지시설,제주특별자치도 서귀포시,,,제주특별자치도 서귀포시 서홍동 647-4(남성중로 102),,제주특별자치도청,064-710-2352,33.243458,126.557986,2024-12-31,I,2026-05-15 18:45:28,2025-11-07 15:49:24
6520000,202565200000700674,중문·색달해변,중문·색달해변,제주특별자치도,서귀포시,기타,제주특별자치도 서귀포시,,,제주특별자치도 서귀포시 색달동2822-9,,제주특별자치도청,064-710-2352,33.244818,126.413525,2024-12-31,I,2026-05-15 18:45:28,2025-11-07 15:49:13
6520000,202565200000701048,서귀포감귤박물관,감귤박물관 아열대식물원 #2-1,제주특별자치도,서귀포시,관광,제주특별자치도 서귀포시,,,제주특별자치도 서귀포시 신효동 1200-6,,제주특별자치도청,064-710-2352,33.272449,126.608441,2024-12-31,I,2026-05-15 18:45:28,2025-11-07 15:49:18
6520000,202565200000701481,걸매생태공원,걸매생태공원＃1-2,제주특별자치도,서귀포시,서민·복지시설,제주특별자치도 서귀포시,,,제주특별자치도 서귀포시 서홍동 1201,,제주특별자치도청,064-710-2352,33.251485,126.554335,2024-12-31,I,2026-05-15 18:45:28,2025-11-07 15:49:24
6520000,202565200000700582,소인국테마파크,소인국테마파크,제주특별자치도,서귀포시,관광,제주특별자치도 서귀포시,,,제주특별자치도 서귀포시 안덕면 서광리 725,,제주특별자치도청,064-710-2352,33.290176,126.322713,2024-12-31,I,2026-05-15 18:45:28,2025-11-07 15:49:12
6520000,202565200000701174,형제해안도로,형제해안도로 (고서방 해물탕옆)#1-1,제주특별자치도,서귀포시,기타,제주특별자치도 서귀포시,,,제주특별자치도 서귀포시 대정읍 상모리 87-22,,제주특별자치도청,064-710-2352,33.209355,126.291462,2024-12-31,I,2026-05-15 18:45:28,2025-11-07 15:49:20
6520000,202565200000700076,서귀포동부사회복지관,서귀포동부사회복지관,제주특별자치도,서귀포시,서민·복지시설,제주특별자치도 서귀포시,,,제주특별자치도 서귀포시 성산읍 일출로 14-11,,제주특별자치도청,064-710-2352,33.446686,126.913205,2024-12-31,I,2026-05-15 18:45:28,2025-11-07 15:49:06
6520000,202565200000700769,우남동(406000007),예래헬스사우나 방면,제주특별자치도,서귀포시,교통시설,제주특별자치도 서귀포시,,,제주특별자치도 서귀포시 상예동 1719-8,,제주특별자치도청,064-710-2352,33.264487,126.391141,2024-12-31,I,2026-05-15 18:45:28,2025-11-07 15:49:13
6520000,202565200000700220,제주감귤농협 표선지점,제주감귤농협 표선지점,제주특별자치도,서귀포시,기타,제주특별자치도 서귀포시,,,제주특별자치도 서귀포시 표선면 표선리 1002-8,,제주특별자치도청,064-710-2352,33.322267,126.830516,2024-12-31,I,2026-05-15 18:45:28,2025-11-07 15:49:08
6520000,202565200000701112,버스정류소_태흥초등학교_(무도동방면),태흥초등학교(북),제주특별자치도,서귀포시,교통시설,제주특별자치도 서귀포시,,,제주특별자치도 서귀포시 남원읍 태흥리 539-3,,제주특별자치도청,064-710-2352,33.286314,126.745031,2024-12-31,I,2026-05-15 18:45:28,2025-11-07 15:49:19
6520000,202565200000701105,제주국제평화센터,제주국제평화센터 #1-2,제주특별자치도,서귀포시,관광,제주특별자치도 서귀포시,,,제주특별자치도 서귀포시 중문관광로 227-24,,제주특별자치도청,064-710-2352,33.244967,126.421531,2024-12-31,I,2026-05-15 18:45:28,2025-11-07 15:49:19
6520000,202565200000700551,버스정류소_표선환승정류장(표선리제주은행)(서),표선환승정류장(표선리제주은행)(서),제주특별자치도,서귀포시,교통시설,제주특별자치도 서귀포시,,,제주특별자치도 서귀포시 표선면 표선리 596-6,,제주특별자치도청,064-710-2352,33.326912,126.833483,2024-12-31,I,2026-05-15 18:45:28,2025-11-07 15:49:11
6520000,202565200000701191,전기차충전소_안덕종합복지관,안덕종합복지관#1,제주특별자치도,서귀포시,기타,제주특별자치도 서귀포시,,,제주특별자치도 서귀포시 안덕면 화순로 121-6(화순리 1063-8),,제주특별자치도청,064-710-2352,33.245863,126.333305,2024-12-31,I,2026-05-15 18:45:28,2025-11-07 15:49:20
6520000,202565200000701451,서귀포 치유의 숲,서귀포 치유의 숲 #5-2,제주특별자치도,서귀포시,기타,제주특별자치도 서귀포시,,,제주특별자치도 서귀포시 산록남로 2271,,제주특별자치도청,064-710-2352,33.291896,126.527796,2024-12-31,I,2026-05-15 18:45:28,2025-11-07 15:49:23
6520000,202565200000701548,광치기해변,광치기해변 #2-1 (섭지해녀의집),제주특별자치도,서귀포시,기타,제주특별자치도 서귀포시,,,제주특별자치도 서귀포시 성산읍 고성리 127-7 앞(섭지코지로 93-15),,제주특별자치도청,064-710-2352,33.434499,126.926049,2024-12-31,I,2026-05-15 18:45:28,2025-11-07 15:49:24
6520000,202565200000701602,버스정류소_서귀포여자고등학교(LH아파트 방면),서귀포여자고등학교(북) #1-1,제주특별자치도,서귀포시,교통시설,제주특별자치도 서귀포시,,,제주특별자치도 서귀포시 호근동 1532-2,,제주특별자치도청,064-710-2352,33.244602,126.531192,2024-12-31,I,2026-05-15 18:45:28,2025-11-07 15:49:25
6520000,202565200000701522,버스정류소_매일올레시장 7번입구_(동문로터리방면),현대산부인과#1-2,제주특별자치도,서귀포시,교통시설,제주특별자치도 서귀포시,,,제주특별자치도 서귀포시 서귀동 255-4(중동로48번길 11),,제주특별자치도청,064-710-2352,33.249521,126.566564,2024-12-31,I,2026-05-15 18:45:28,2025-11-07 15:49:24
6520000,202565200000701572,서귀포삼다종합사회복지관,서귀포삼다종합사회복지관#1-2,제주특별자치도,서귀포시,서민·복지시설,제주특별자치도 서귀포시,,,제주특별자치도 서귀포시 중동로 69-9,,제주특별자치도청,064-710-2352,33.250643,126.569186,2024-12-31,I,2026-05-15 18:45:28,2025-11-07 15:49:25
6520000,202565200000700702,대정 영어교육도시,대정 영어교육도시,제주특별자치도,서귀포시,기타,제주특별자치도 서귀포시,,,제주특별자치도 서귀포시 대정읍 에듀시티로 238,,제주특별자치도청,064-710-2352,33.287911,126.281869,2024-12-31,I,2026-05-15 18:45:28,2025-11-07 15:49:13
6520000,202565200000701230,버스정류소_신세계빌라_(공물방면),신세계빌라 #1-1,제주특별자치도,서귀포시,교통시설,제주특별자치도 서귀포시,,,제주특별자치도 서귀포시 법환동 425-3,,제주특별자치도청,064-710-2352,33.239636,126.515061,2024-12-31,I,2026-05-15 18:45:28,2025-11-07 15:49:20
6520000,202565200000701291,1코스,1코스 시작점 시흥해녀의집 #1-3,제주특별자치도,서귀포시,기타,제주특별자치도 서귀포시,,,제주특별자치도 서귀포시 성산읍 시흥리 12-64,,제주특별자치도청,064-710-2352,33.478032,126.908373,2024-12-31,I,2026-05-15 18:45:28,2025-11-07 15:49:21
6520000,202565200000701213,망장포구,서귀포 다이브 센터 #1-3,제주특별자치도,서귀포시,기타,제주특별자치도 서귀포시,,,제주특별자치도 서귀포시 남원읍 하례리 64-10,,제주특별자치도청,064-710-2352,33.259253,126.639517,2024-12-31,I,2026-05-15 18:45:28,2025-11-07 15:49:20
6520000,202565200000701302,칠십리야외공연장,칠십리야외공연장 #1-2,제주특별자치도,서귀포시,지역문화시설,제주특별자치도 서귀포시,,,제주특별자치도 서귀포시 서홍동 680(천지연폭포 주차장 화장실),,제주특별자치도청,064-710-2352,33.243758,126.559841,2024-12-31,I,2026-05-15 18:45:28,2025-11-07 15:49:21
6520000,202565200000700918,7코스,올레 7코스 강정동 썩은섬 앞 #1-1,제주특별자치도,서귀포시,기타,제주특별자치도 서귀포시,,,제주특별자치도 서귀포시 강정동 800,,제주특별자치도청,064-710-2352,33.232708,126.499950,2024-12-31,I,2026-05-15 18:45:28,2025-11-07 15:49:15
6520000,202565200000701354,혁신도시 국민체육센터,혁신도시 국민체육센터 #1-2,제주특별자치도,서귀포시,서민·복지시설,제주특별자치도 서귀포시,,,제주특별자치도 서귀포시 서호동 1602,,제주특별자치도청,064-710-2352,33.252518,126.516542,2024-12-31,I,2026-05-15 18:45:28,2025-11-07 15:49:22
6520000,202565200000700367,정류장_구억리(406000976) (옥외1),정류장_구억리(406000976) (옥외1),제주특별자치도,서귀포시,교통시설,제주특별자치도 서귀포시,,,제주특별자치도 서귀포시 성산읍 고성오조로133,,제주특별자치도청,064-710-2352,33.272542,126.278671,2024-12-31,I,2026-05-15 18:45:28,2025-11-07 15:49:09
6520000,202565200000701638,서귀포의료원,서귀포의료원 #2-3,제주특별자치도,서귀포시,기타,제주특별자치도 서귀포시,,,제주특별자치도 서귀포시 동홍동 1530-2 (장수로 47),,제주특별자치도청,064-710-2352,33.255498,126.564051,2024-12-31,I,2026-05-15 18:45:28,2025-11-07 15:49:26
6520000,202565200000701114,버스정류소_강정초등학교_(강정새마을금고방면),강정초등학교(북),제주특별자치도,서귀포시,교통시설,제주특별자치도 서귀포시,,,제주특별자치도 서귀포시 강정동 4521-2,,제주특별자치도청,064-710-2352,33.235657,126.480046,2024-12-31,I,2026-05-15 18:45:28,2025-11-07 15:49:19
6520000,202565200000700829,버스정류소_성산고등학교_(오조리방면),성산고등학교 (북) #1-1,제주특별자치도,서귀포시,교통시설,제주특별자치도 서귀포시,,,제주특별자치도 서귀포시 성산읍 오조리 362-1 앞,,제주특별자치도청,064-710-2352,33.468591,126.916894,2024-12-31,I,2026-05-15 18:45:28,2025-11-07 15:49:15
6520000,202565200000701314,버스정류소-남성마을입구(삼매봉입구방면),남성마을입구(삼매봉입구 방면) #2-1,제주특별자치도,서귀포시,교통시설,제주특별자치도 서귀포시,,,제주특별자치도 서귀포시 서홍동 534-5,,제주특별자치도청,064-710-2352,33.247843,126.552036,2024-12-31,I,2026-05-15 18:45:28,2025-11-07 15:49:21
6520000,202565200000701150,이중섭거리,이중섭거리(CU앞) #2-1,제주특별자치도,서귀포시,기타,제주특별자치도 서귀포시,,,제주특별자치도 서귀포시 명동로 19-1(서귀동 417-2),,제주특별자치도청,064-710-2352,33.247385,126.564051,2024-12-31,I,2026-05-15 18:45:28,2025-11-07 15:49:20
6520000,202565200000700009,장애인종합복지관,장애인종합복지관,제주특별자치도,서귀포시,서민·복지시설,제주특별자치도 서귀포시,,,제주특별자치도 서귀포시 토평동 1919-3,,제주특별자치도청,064-710-2352,33.286911,126.584589,2024-12-31,I,2026-05-15 18:45:28,2025-11-07 15:49:06
6520000,202565200000701595,중문관광단지,중문관광단지 #3-2 (하나호텔옥상),제주특별자치도,서귀포시,관광,제주특별자치도 서귀포시,,,제주특별자치도 서귀포시 색달동 2812-2( 중문관광로72번길 53),,제주특별자치도청,064-710-2352,33.249964,126.408502,2024-12-31,I,2026-05-15 18:45:28,2025-11-07 15:49:25
6520000,202565200000700194,서귀포학생문화원,서귀포학생문화원,제주특별자치도,서귀포시,지역문화시설,제주특별자치도 서귀포시,,,제주특별자치도 서귀포시 중앙로150번길 4-1,,제주특별자치도청,064-710-2352,33.258618,126.561768,2024-12-31,I,2026-05-15 18:45:28,2025-11-07 15:49:07
6520000,202565200000700650,화순 금모래해변,화순 금모래해변,제주특별자치도,서귀포시,기타,제주특별자치도 서귀포시,,,제주특별자치도 서귀포시 안덕면 화순리 776-8번지,,제주특별자치도청,064-710-2352,33.239923,126.335222,2024-12-31,I,2026-05-15 18:45:28,2025-11-07 15:49:12
6520000,202565200000700580,세계자동차박물관,세계자동차박물관 #1,제주특별자치도,서귀포시,관광,제주특별자치도 서귀포시,,,제주특별자치도 서귀포시 안덕면 상창리 2065-4,,제주특별자치도청,064-710-2352,33.282837,126.349565,2024-12-31,I,2026-05-15 18:45:28,2025-11-07 15:49:12
6520000,202565200000700161,모구리야영장,모구리야영장,제주특별자치도,서귀포시,관광,제주특별자치도 서귀포시,,,제주특별자치도 서귀포시 성산읍 난산리 2971,,제주특별자치도청,064-710-2352,33.406626,126.822164,2024-12-31,I,2026-05-15 18:45:28,2025-11-07 15:49:07
6520000,202565200000700920,12코스,12코스-쉼터-화장실-산경도예 #1-1,제주특별자치도,서귀포시,기타,제주특별자치도 서귀포시,,,제주특별자치도 서귀포시 대정읍 신도리 1382-1,,제주특별자치도청,064-710-2352,33.279384,126.191534,2024-12-31,I,2026-05-15 18:45:28,2025-11-07 15:49:15
6520000,202565200000700737,안덕면사무소,안덕면사무소 #1-1,제주특별자치도,서귀포시,관공서,제주특별자치도 서귀포시,,,제주특별자치도 서귀포시  서귀포시 안덕면 화순리 1961-1,,제주특별자치도청,064-710-2352,33.257447,126.330869,2024-12-31,I,2026-05-15 18:45:28,2025-11-07 15:49:13
6520000,202565200000700752,성읍1리복지회관,성읍1리복지화관#1,제주특별자치도,서귀포시,관공서,제주특별자치도 서귀포시,,,제주특별자치도 서귀포시 표선면 서성일로 10번길 6-4,,제주특별자치도청,064-710-2352,33.392346,126.800982,2024-12-31,I,2026-05-15 18:45:28,2025-11-07 15:49:13
6520000,202565200000701121,서귀포야구장,서귀포야구장 #1-2,제주특별자치도,서귀포시,서민·복지시설,제주특별자치도 서귀포시,,,제주특별자치도 서귀포시 강정동 1450,,제주특별자치도청,064-710-2352,33.260778,126.504462,2024-12-31,I,2026-05-15 18:45:28,2025-11-07 15:49:19
6520000,202565200000701613,전기차충전소_아랑조을거리 공영주차장,아랑조을거리 공영주차장 #1-1,제주특별자치도,서귀포시,기타,제주특별자치도 서귀포시,,,제주특별자치도 서귀포시 서귀동 312-6,,제주특별자치도청,064-710-2352,33.247638,126.560228,2024-12-31,I,2026-05-15 18:45:28,2025-11-07 15:49:25
6520000,202565200000700644,섭지코지,신양 섭지코지 해변 #2,제주특별자치도,서귀포시,기타,제주특별자치도 서귀포시,,,제주특별자치도 서귀포시 성산읍 고성리 186-2번지선,,제주특별자치도청,064-710-2352,33.434776,126.923996,2024-12-31,I,2026-05-15 18:45:28,2025-11-07 15:49:12
6520000,202565200000700410,동부보건소_2 (옥내2),동부보건소_2 (옥내2),제주특별자치도,서귀포시,서민·복지시설,제주특별자치도 서귀포시,,,제주특별자치도 서귀포시 중산간서로 95(강정동),,제주특별자치도청,064-710-2352,33.275628,126.703391,2024-12-31,I,2026-05-15 18:45:28,2025-11-07 15:49:10
6520000,202565200000700526,성산일출봉,성산일출봉 #2,제주특별자치도,서귀포시,관광,제주특별자치도 서귀포시,,,제주특별자치도 서귀포시 성산읍 성산리 114-3,,제주특별자치도청,064-710-2352,33.462361,126.936639,2024-12-31,I,2026-05-15 18:45:28,2025-11-07 15:49:11
6520000,202565200000701248,영어3호어린이공원,영어3호어린이공원 #1-1,제주특별자치도,서귀포시,서민·복지시설,제주특별자치도 서귀포시,,,제주특별자치도 서귀포시 대정읍 보성리 2516,,제주특별자치도청,064-710-2352,33.281558,126.271698,2024-12-31,I,2026-05-15 18:45:28,2025-11-07 15:49:21
6520000,202565200000700772,헌마공신 김만일기념관_체험실_#1,헌마공신 김만일기념관,제주특별자치도,서귀포시,지역문화시설,제주특별자치도 서귀포시,,,제주특별자치도 서귀포시 남원읍 서성로 919,,제주특별자치도청,064-710-2352,33.336088,126.690776,2024-12-31,I,2026-05-15 18:45:28,2025-11-07 15:49:14
6520000,202565200000701516,버스정류소_서귀북초등학교_(동덕아파트방면),서귀북초등학교(동) #1-1,제주특별자치도,서귀포시,교통시설,제주특별자치도 서귀포시,,,제주특별자치도 서귀포시 동홍동 1557-4,,제주특별자치도청,064-710-2352,33.260744,126.559292,2024-12-31,I,2026-05-15 18:45:28,2025-11-07 15:49:24
6520000,202565200000701045,신양연안바다목장,신양연안바다목장 #1-2,제주특별자치도,서귀포시,기타,제주특별자치도 서귀포시,,,제주특별자치도 서귀포시 성산읍 고성리 186-5,,제주특별자치도청,064-710-2352,33.436407,126.922831,2024-12-31,I,2026-05-15 18:45:28,2025-11-07 15:49:18
6520000,202565200000700428,정류장_강정천(406000314) (옥외1),정류장_강정천(406000314) (옥외1),제주특별자치도,서귀포시,교통시설,제주특별자치도 서귀포시,,,제주특별자치도 서귀포시 강정동 5651-1,,제주특별자치도청,064-710-2352,33.233983,126.487694,2024-12-31,I,2026-05-15 18:45:28,2025-11-07 15:49:10
6520000,202565200000700878,버스정류소_하천하동_(신천리방면),하천하동 (동) #2-1,제주특별자치도,서귀포시,교통시설,제주특별자치도 서귀포시,,,제주특별자치도 서귀포시 표선면 하천리 276-1 앞,,제주특별자치도청,064-710-2352,33.340237,126.844959,2024-12-31,I,2026-05-15 18:45:28,2025-11-07 15:49:15
6520000,202565200000700072,서귀포향토오일시장,서귀포향토오일시장,제주특별자치도,서귀포시,기타,제주특별자치도 서귀포시,,,제주특별자치도 서귀포시 동홍동 744-3,,제주특별자치도청,064-710-2352,33.262211,126.575543,2024-12-31,I,2026-05-15 18:45:28,2025-11-07 15:49:06
6520000,202565200000701101,오션파크,오션파크 #1-3,제주특별자치도,서귀포시,관광,제주특별자치도 서귀포시,,,제주특별자치도 서귀포시 성산읍 시흥리 12-97,,제주특별자치도청,064-710-2352,33.478763,126.913513,2024-12-31,I,2026-05-15 18:45:28,2025-11-07 15:49:19
6520000,202565200000700351,서귀포시 중앙도서관_3 (옥내3),서귀포시 중앙도서관_3 (옥내3),제주특별자치도,서귀포시,지역문화시설,제주특별자치도 서귀포시,,,제주특별자치도 서귀포시 김정문화로 32,,제주특별자치도청,064-710-2352,33.251417,126.507621,2024-12-31,I,2026-05-15 18:45:28,2025-11-07 15:49:09
6520000,202565200000701118,7코스,올레 7코스 호근동위생처리장 올레 쉼터 #1-1,제주특별자치도,서귀포시,기타,제주특별자치도 서귀포시,,,제주특별자치도 서귀포시 호근동 1634,,제주특별자치도청,064-710-2352,33.241212,126.528011,2024-12-31,I,2026-05-15 18:45:28,2025-11-07 15:49:19
6520000,202565200000701542,광치기해변,광치기해변 #1-1,제주특별자치도,서귀포시,기타,제주특별자치도 서귀포시,,,제주특별자치도 서귀포시 성산읍 고성동서로 115 (성산읍 오조리 57-35),,제주특별자치도청,064-710-2352,33.452188,126.923750,2024-12-31,I,2026-05-15 18:45:28,2025-11-07 15:49:24
6520000,202565200000701003,서홍동 어린이 공원,서홍동 어린이 공원#1-1,제주특별자치도,서귀포시,서민·복지시설,제주특별자치도 서귀포시,,,제주특별자치도 서귀포시 서홍동 1614-4,,제주특별자치도청,064-710-2352,33.264478,126.553330,2024-12-31,I,2026-05-15 18:45:28,2025-11-07 15:49:17
6520000,202565200000700409,동부보건소_1 (옥내2),동부보건소_1 (옥내2),제주특별자치도,서귀포시,서민·복지시설,제주특별자치도 서귀포시,,,제주특별자치도 서귀포시 남원읍 태위로 551-28,,제주특별자치도청,064-710-2352,33.275628,126.703391,2024-12-31,I,2026-05-15 18:45:28,2025-11-07 15:49:10
6520000,202565200000701169,사계항,사계항 (형제해안로전망대) #1-3,제주특별자치도,서귀포시,기타,제주특별자치도 서귀포시,,,제주특별자치도 서귀포시 안덕면 사계리 2147-32,,제주특별자치도청,064-710-2352,33.228067,126.305350,2024-12-31,I,2026-05-15 18:45:28,2025-11-07 15:49:20
6520000,202565200000700596,제주민속촌,제주민속촌,제주특별자치도,서귀포시,관광,제주특별자치도 서귀포시,,,제주특별자치도 서귀포시 표선면 표선리 40-1,,제주특별자치도청,064-710-2352,33.324367,126.842407,2024-12-31,I,2026-05-15 18:45:28,2025-11-07 15:49:12
6520000,202565200000700203,표선도서관,표선도서관,제주특별자치도,서귀포시,관공서,제주특별자치도 서귀포시,,,제주특별자치도 서귀포시 표선면 표선백사로110번길 17-10,,제주특별자치도청,064-710-2352,33.323775,126.838465,2024-12-31,I,2026-05-15 18:45:28,2025-11-07 15:49:07
6520000,202565200000700021,신도 보건진료소,신도 보건진료소,제주특별자치도,서귀포시,관공서,제주특별자치도 서귀포시,,,제주특별자치도 서귀포시 대정읍 신도리 259383,,제주특별자치도청,064-710-2352,33.282204,126.189562,2024-12-31,I,2026-05-15 18:45:28,2025-11-07 15:49:06
6520000,202565200000701448,한라산국립공원_진달래밭대피소,한라산국립공원_진달래밭대피소#1-2,제주특별자치도,서귀포시,서민·복지시설,제주특별자치도 서귀포시,,,제주특별자치도 서귀포시 남원하례리산1-7,,제주특별자치도청,064-710-2352,33.369839,126.555498,2024-12-31,I,2026-05-15 18:45:28,2025-11-07 15:49:23
6520000,202565200000700335,서귀포시평생학습관-6 (옥내1),서귀포시평생학습관-6 (옥내1),제주특별자치도,서귀포시,지역문화시설,제주특별자치도 서귀포시,,,제주특별자치도 서귀포시 서문로29번길 10,,제주특별자치도청,064-710-2352,33.249303,126.558541,2024-12-31,I,2026-05-15 18:45:28,2025-11-07 15:49:09
6520000,202565200000700935,3코스,올레 3코스 성산환해장성로 #1-2,제주특별자치도,서귀포시,기타,제주특별자치도 서귀포시,,,제주특별자치도 서귀포시 성산읍 신산리 32-5 앞,,제주특별자치도청,064-710-2352,33.389029,126.897961,2024-12-31,I,2026-05-15 18:45:28,2025-11-07 15:49:16
6520000,202565200000700554,제주권역재활병원,제주권역재활병원,제주특별자치도,서귀포시,서민·복지시설,제주특별자치도 서귀포시,,,제주특별자치도 서귀포시 서귀동 284-1,,제주특별자치도청,064-710-2352,33.252765,126.562376,2024-12-31,I,2026-05-15 18:45:28,2025-11-07 15:49:11
6520000,202565200000700452,서복전시관,서복전시관,제주특별자치도,서귀포시,지역문화시설,제주특별자치도 서귀포시,,,제주특별자치도 서귀포시 대정읍 서삼중로 117,,제주특별자치도청,064-710-2352,33.244808,126.570688,2024-12-31,I,2026-05-15 18:45:28,2025-11-07 15:49:10
6520000,202565200000700314,서귀포시청 문화강좌실(제1청사 별관) (옥내1),서귀포시청 문화강좌실(제1청사 별관) (옥내1),제주특별자치도,서귀포시,관공서,제주특별자치도 서귀포시,,,제주특별자치도 서귀포시 중앙로 105,,제주특별자치도청,064-710-2352,33.253914,126.559603,2024-12-31,I,2026-05-15 18:45:28,2025-11-07 15:49:08
6520000,202565200000700667,모구리야영장,모구리야영장 #3,제주특별자치도,서귀포시,관광,제주특별자치도 서귀포시,,,제주특별자치도 서귀포시 성산읍 난산리 2960-1,,제주특별자치도청,064-710-2352,33.405730,126.820765,2024-12-31,I,2026-05-15 18:45:28,2025-11-07 15:49:12
6520000,202565200000700819,버스정류소_열린병원_(동홍 사거리방면),열린병원 (북) #1-2,제주특별자치도,서귀포시,교통시설,제주특별자치도 서귀포시,,,제주특별자치도 서귀포시 동홍동 1503-18,,제주특별자치도청,064-710-2352,33.254123,126.565004,2024-12-31,I,2026-05-15 18:45:28,2025-11-07 15:49:14
6520000,202565200000701343,전기차충전소_중앙공영주차빌딩,중앙공영주차빌딩 #1-3,제주특별자치도,서귀포시,기타,제주특별자치도 서귀포시,,,제주특별자치도 서귀포시 서귀동 291-2,,제주특별자치도청,064-710-2352,33.250045,126.561982,2024-12-31,I,2026-05-15 18:45:28,2025-11-07 15:49:22
6520000,202565200000700176,안덕 청소년야외쉼터(안덕도서관),"안덕 청소년야외쉼터
(안덕도서관)",제주특별자치도,서귀포시,관공서,제주특별자치도 서귀포시,,,제주특별자치도 서귀포시 안덕면 화순리 1963,,제주특별자치도청,064-710-2352,33.255056,126.330649,2024-12-31,I,2026-05-15 18:45:28,2025-11-07 15:49:07
6520000,202565200000701498,천지연폭포,천지연폭포＃2-2,제주특별자치도,서귀포시,관광,제주특별자치도 서귀포시,,,제주특별자치도 서귀포시 서귀동 973(서귀동 798-1 앞),,제주특별자치도청,064-710-2352,33.245326,126.558711,2024-12-31,I,2026-05-15 18:45:28,2025-11-07 15:49:24
6520000,202565200000701012,햇살정원 제주캠핑장,햇살정원 제주캠핑 #1-1,제주특별자치도,서귀포시,관광,제주특별자치도 서귀포시,,,제주특별자치도 서귀포시 보목동 526,,제주특별자치도청,064-710-2352,33.240382,126.608127,2024-12-31,I,2026-05-15 18:45:28,2025-11-07 15:49:17
6520000,202565200000700035,천사의집,천사의집,제주특별자치도,서귀포시,서민·복지시설,제주특별자치도 서귀포시,,,제주특별자치도 서귀포시 대정읍 신영로 36번길 6,,제주특별자치도청,064-710-2352,33.222094,126.247264,2024-12-31,I,2026-05-15 18:45:28,2025-11-07 15:49:06
6520000,202565200000700946,6코스,올레 6코스 정방폭포입구 교차로 #1-1,제주특별자치도,서귀포시,기타,제주특별자치도 서귀포시,,,제주특별자치도 서귀포시 서귀동 93-19,,제주특별자치도청,064-710-2352,33.244728,126.569931,2024-12-31,I,2026-05-15 18:45:28,2025-11-07 15:49:16
6520000,202565200000700074,강정청소년문화의집,강정청소년문화의집,제주특별자치도,서귀포시,지역문화시설,제주특별자치도 서귀포시,,,제주특별자치도 서귀포시 강정통물로 112(강정동),,제주특별자치도청,064-710-2352,33.237188,126.477682,2024-12-31,I,2026-05-15 18:45:28,2025-11-07 15:49:06
6520000,202565200000700964,제주유채꽃축제장,제주유채꽃축제 #1-2(조랑말공원),제주특별자치도,서귀포시,관광,제주특별자치도 서귀포시,,,제주특별자치도 서귀포시 표선면 가시리 3149-33,,제주특별자치도청,064-710-2352,33.383404,126.735711,2024-12-31,I,2026-05-15 18:45:28,2025-11-07 15:49:16
6520000,202565200000701167,신천리 벽화마을,신천리 벽화마을(벽화거리CCTV POLE)#3-2,제주특별자치도,서귀포시,기타,제주특별자치도 서귀포시,,,제주특별자치도 서귀포시 성산읍 신천리 393,,제주특별자치도청,064-710-2352,33.340887,126.852048,2024-12-31,I,2026-05-15 18:45:28,2025-11-07 15:49:20
6520000,202565200000700476,붉은오름자연휴양림,붉은오름자연휴양림,제주특별자치도,서귀포시,관광,제주특별자치도 서귀포시,,,제주특별자치도 서귀포시 대정읍 추사로 93-7(보성리 1568-5),,제주특별자치도청,064-710-2352,33.403327,126.678432,2024-12-31,I,2026-05-15 18:45:28,2025-11-07 15:49:10
6520000,202565200000701212,망장포구,서귀포 다이브 센터 #1-2,제주특별자치도,서귀포시,기타,제주특별자치도 서귀포시,,,제주특별자치도 서귀포시 남원읍 하례리 64-10,,제주특별자치도청,064-710-2352,33.259253,126.639517,2024-12-31,I,2026-05-15 18:45:28,2025-11-07 15:49:20
6520000,202565200000701625,남원읍 문화체육복합센터,남원읍 문화체육복합센터#1-2,제주특별자치도,서귀포시,서민·복지시설,제주특별자치도 서귀포시,,,제주특별자치도 서귀포시 남원읍 남원리 2337-1 (태위로 551-27),,제주특별자치도청,064-710-2352,33.277499,126.705317,2024-12-31,I,2026-05-15 18:45:28,2025-11-07 15:49:25
6520000,202565200000700812,버스정류소_주공 2단지_(비석거리방면),산남새마을금고 #1-2,제주특별자치도,서귀포시,교통시설,제주특별자치도 서귀포시,,,제주특별자치도 서귀포시 동홍동 657-5(동홍동 498-2앞),,제주특별자치도청,064-710-2352,33.254925,126.576249,2024-12-31,I,2026-05-15 18:45:28,2025-11-07 15:49:14
6520000,202565200000700904,5코스,올레 5코스위미리 해양소공원 앞 #1-2,제주특별자치도,서귀포시,기타,제주특별자치도 서귀포시,,,제주특별자치도 서귀포시 남원읍 위미리 2943-2,,제주특별자치도청,064-710-2352,33.269550,126.658023,2024-12-31,I,2026-05-15 18:45:28,2025-11-07 15:49:15
6520000,202565200000700003,마라보건진료소,마라보건진료소,제주특별자치도,서귀포시,관공서,제주특별자치도 서귀포시,,,제주특별자치도 서귀포시 대정읍 가파리 650(마라도),,제주특별자치도청,064-710-2352,33.116537,126.267190,2024-12-31,I,2026-05-15 18:45:28,2025-11-07 15:49:05
6520000,202565200000700803,정모시공원,정모시공원 #1-2,제주특별자치도,서귀포시,서민·복지시설,제주특별자치도 서귀포시,,,제주특별자치도 서귀포시 서귀동 109,,제주특별자치도청,064-710-2352,33.246655,126.571807,2024-12-31,I,2026-05-15 18:45:28,2025-11-07 15:49:14
6520000,202565200000700087,서귀포 동부 노인복지회관,서귀포 동부 노인복지회관,제주특별자치도,서귀포시,서민·복지시설,제주특별자치도 서귀포시,,,제주특별자치도 서귀포시 남원읍 남한로 67,,제주특별자치도청,064-710-2352,33.284267,126.714868,2024-12-31,I,2026-05-15 18:45:28,2025-11-07 15:49:06
6520000,202565200000700948,6코스,올레 6코스 서복전시관 앞 #1-1,제주특별자치도,서귀포시,기타,제주특별자치도 서귀포시,,,제주특별자치도 서귀포시 서귀동 100-2,,제주특별자치도청,064-710-2352,33.244930,126.570905,2024-12-31,I,2026-05-15 18:45:28,2025-11-07 15:49:16
6520000,202565200000701138,버스정류소_토평마을회관(뒷빌레방면),토평마을회관,제주특별자치도,서귀포시,교통시설,제주특별자치도 서귀포시,,,제주특별자치도 서귀포시 토평동 1430,,제주특별자치도청,064-710-2352,33.271245,126.589863,2024-12-31,I,2026-05-15 18:45:28,2025-11-07 15:49:19
6520000,202565200000701512,버스정류소_성산일출봉입구(성산리방면),성산리사무소(성산일출봉입구 서 ) #1-1,제주특별자치도,서귀포시,교통시설,제주특별자치도 서귀포시,,,제주특별자치도 서귀포시 성산읍 성산리 229-6,,제주특별자치도청,064-710-2352,33.463775,126.933743,2024-12-31,I,2026-05-15 18:45:28,2025-11-07 15:49:24
6520000,202565200000700096,천지연폭포,서귀포시 천지연,제주특별자치도,서귀포시,관광,제주특별자치도 서귀포시,,,제주특별자치도 서귀포시 서귀동 973-1,,제주특별자치도청,064-710-2352,33.246616,126.563961,2024-12-31,I,2026-05-15 18:45:28,2025-11-07 15:49:06
6520000,202565200000700713,안덕계곡,안덕계곡 주차장,제주특별자치도,서귀포시,관광,제주특별자치도 서귀포시,,,제주특별자치도 서귀포시 안덕면 감산리 345,,제주특별자치도청,064-710-2352,33.258211,126.353971,2024-12-31,I,2026-05-15 18:45:28,2025-11-07 15:49:13
6520000,202565200000700218,대정농협 중앙지점,대정농협 중앙지점,제주특별자치도,서귀포시,기타,제주특별자치도 서귀포시,,,제주특별자치도 서귀포시 대정읍 하모리 852-6,,제주특별자치도청,064-710-2352,33.222671,126.254300,2024-12-31,I,2026-05-15 18:45:28,2025-11-07 15:49:07
6520000,202565200000700953,7코스,올레 7코스 호근동 속골 #1-2,제주특별자치도,서귀포시,기타,제주특별자치도 서귀포시,,,제주특별자치도 서귀포시 호근동 1628,,제주특별자치도청,064-710-2352,33.240742,126.526330,2024-12-31,I,2026-05-15 18:45:28,2025-11-07 15:49:16
6520000,202565200000700204,강정올림픽기념 국민생활관,강정올림픽기념 국민생활관,제주특별자치도,서귀포시,서민·복지시설,제주특별자치도 서귀포시,,,제주특별자치도 서귀포시 중산간서로 97,,제주특별자치도청,064-710-2352,33.261183,126.499503,2024-12-31,I,2026-05-15 18:45:28,2025-11-07 15:49:07
6520000,202565200000700830,버스정류소_성산리입구_(광치기해변방면),성산리 입구 (북) #1-1,제주특별자치도,서귀포시,교통시설,제주특별자치도 서귀포시,,,제주특별자치도 서귀포시 성산읍 성산리 168-11,,제주특별자치도청,064-710-2352,33.460850,126.931254,2024-12-31,I,2026-05-15 18:45:28,2025-11-07 15:49:15
6520000,202565200000700895,4코스,올레 4코스 태흥호스텔코리아 앞 #1-1,제주특별자치도,서귀포시,기타,제주특별자치도 서귀포시,,,제주특별자치도 서귀포시 남원읍 태흥리 1786-2,,제주특별자치도청,064-710-2352,33.281917,126.733065,2024-12-31,I,2026-05-15 18:45:28,2025-11-07 15:49:15
6520000,202565200000700131,서귀포시외버스터미널,서귀포시외버스터미널,제주특별자치도,서귀포시,교통시설,제주특별자치도 서귀포시,,,제주특별자치도 서귀포시 법환동 843,,제주특별자치도청,064-710-2352,33.248713,126.508493,2024-12-31,I,2026-05-15 18:45:28,2025-11-07 15:49:07
6520000,202565200000700350,서귀포시 중앙도서관_2 (옥내3),서귀포시 중앙도서관_2 (옥내3),제주특별자치도,서귀포시,지역문화시설,제주특별자치도 서귀포시,,,제주특별자치도 서귀포시 김정문화로 32,,제주특별자치도청,064-710-2352,33.251417,126.507621,2024-12-31,I,2026-05-15 18:45:28,2025-11-07 15:49:09
6520000,202565200000700467,안덕생활체육관,안덕생활체육관,제주특별자치도,서귀포시,서민·복지시설,제주특별자치도 서귀포시,,,제주특별자치도 서귀포시 안덕면 화순리 2063,,제주특별자치도청,064-710-2352,33.256193,126.328319,2024-12-31,I,2026-05-15 18:45:28,2025-11-07 15:49:10
6520000,202565200000701252,영어6호근린공원,영어6호근린공원 #1-2,제주특별자치도,서귀포시,서민·복지시설,제주특별자치도 서귀포시,,,제주특별자치도 서귀포시 대정읍 보성리 2374-2 건너,,제주특별자치도청,064-710-2352,33.290461,126.283676,2024-12-31,I,2026-05-15 18:45:28,2025-11-07 15:49:21
6520000,202565200000701597,중문관광단지,중문관광단지 #6-2 (천제연매표소),제주특별자치도,서귀포시,관광,제주특별자치도 서귀포시,,,제주특별자치도 서귀포시 색달동 2877-28(중문관광로 97),,제주특별자치도청,064-710-2352,33.250614,126.415171,2024-12-31,I,2026-05-15 18:45:28,2025-11-07 15:49:25
6520000,202565200000701507,버스정류소_삼성여자고등학교(창남거리 방면),삼성여자고등학교(북)#1-1,제주특별자치도,서귀포시,교통시설,제주특별자치도 서귀포시,,,제주특별자치도 서귀포시 토평동 937-3,,제주특별자치도청,064-710-2352,33.257315,126.584788,2024-12-31,I,2026-05-15 18:45:28,2025-11-07 15:49:24
6520000,202565200000700011,세화보건진료소,세화보건진료소,제주특별자치도,서귀포시,관공서,제주특별자치도 서귀포시,,,제주특별자치도 서귀포시 표선면 세화리 1122-1,,제주특별자치도청,064-710-2352,33.331787,126.798263,2024-12-31,I,2026-05-15 18:45:28,2025-11-07 15:49:06
6520000,202565200000701051,서귀포감귤박물관,감귤박물관 학습체험장 #3-2,제주특별자치도,서귀포시,관광,제주특별자치도 서귀포시,,,제주특별자치도 서귀포시 신효동 1200-2,,제주특별자치도청,064-710-2352,33.271786,126.608373,2024-12-31,I,2026-05-15 18:45:28,2025-11-07 15:49:18
6520000,202565200000700167,성산일출도서관(청소년야외쉼터),성산일출도서관(청소년야외쉼터),제주특별자치도,서귀포시,관공서,제주특별자치도 서귀포시,,,제주특별자치도 서귀포시 성산읍 오조리 1138-2,,제주특별자치도청,064-710-2352,33.455271,126.912302,2024-12-31,I,2026-05-15 18:45:28,2025-11-07 15:49:07
6520000,202565200000700826,버스정류소_서귀포초등학교_(서귀포 YWCA방면),서귀포초등학교 (동) #1-2,제주특별자치도,서귀포시,교통시설,제주특별자치도 서귀포시,,,제주특별자치도 서귀포시 서귀동 721-2,,제주특별자치도청,064-710-2352,33.242688,126.565056,2024-12-31,I,2026-05-15 18:45:28,2025-11-07 15:49:14
6520000,202565200000701391,무민랜드,무민랜드#1-2,제주특별자치도,서귀포시,관광,제주특별자치도 서귀포시,,,제주특별자치도 서귀포시 안덕면 상천리 470-6(병악로420),,제주특별자치도청,064-710-2352,33.306595,126.381779,2024-12-31,I,2026-05-15 18:45:28,2025-11-07 15:49:22
6520000,202565200000700646,사계 해변,사계 해변,제주특별자치도,서귀포시,기타,제주특별자치도 서귀포시,,,제주특별자치도 서귀포시 안덕면 사계리 2071-1,,제주특별자치도청,064-710-2352,33.227820,126.305082,2024-12-31,I,2026-05-15 18:45:28,2025-11-07 15:49:12
6520000,202565200000701430,표선청소년문화의집,표선청소년문화의집#1-3,제주특별자치도,서귀포시,지역문화시설,제주특별자치도 서귀포시,,,제주특별자치도 서귀포시 표선면 표선리 311-2(표선중앙로 13),,제주특별자치도청,064-710-2352,33.331566,126.830447,2024-12-31,I,2026-05-15 18:45:28,2025-11-07 15:49:23
6520000,202565200000701394,무민랜드,무민랜드#1-5,제주특별자치도,서귀포시,관광,제주특별자치도 서귀포시,,,제주특별자치도 서귀포시 안덕면 상천리 470-6(병악로420),,제주특별자치도청,064-710-2352,33.306595,126.381779,2024-12-31,I,2026-05-15 18:45:28,2025-11-07 15:49:22
6520000,202565200000700909,6코스,올레 6코스 보목포로 게우지코지펜션 부근 #1-1,제주특별자치도,서귀포시,기타,제주특별자치도 서귀포시,,,제주특별자치도 서귀포시 하효동 1370,,제주특별자치도청,064-710-2352,33.244011,126.618883,2024-12-31,I,2026-05-15 18:45:28,2025-11-07 15:49:15
6520000,202565200000700656,버스정류소_고성환승정류장(고성리 한국물류[북]),성산환승정류장(고성리 한국물류)[북],제주특별자치도,서귀포시,교통시설,제주특별자치도 서귀포시,,,제주특별자치도 서귀포시 성산읍 고성리 1099-4 한국물류 앞 버스정류장,,제주특별자치도청,064-710-2352,33.447460,126.913987,2024-12-31,I,2026-05-15 18:45:28,2025-11-07 15:49:12
6520000,202565200000701476,제남도서관,제남도서관 #1-2,제주특별자치도,서귀포시,관공서,제주특별자치도 서귀포시,,,제주특별자치도 서귀포시 남원읍 남원체육관로 183,,제주특별자치도청,064-710-2352,33.279545,126.704999,2024-12-31,I,2026-05-15 18:45:28,2025-11-07 15:49:24
6520000,202565200000701261,영실매표소,영실매표소 #1-2,제주특별자치도,서귀포시,관광,제주특별자치도 서귀포시,,,제주특별자치도 서귀포시 하원동 산1-1,,제주특별자치도청,064-710-2352,33.340186,126.480400,2024-12-31,I,2026-05-15 18:45:28,2025-11-07 15:49:21
6520000,202565200000700342,남원1리사무소 회의실 (옥내1),남원1리사무소 회의실 (옥내1),제주특별자치도,서귀포시,지역문화시설,제주특별자치도 서귀포시,,,제주특별자치도 서귀포시 표선면 세화로 154,,제주특별자치도청,064-710-2352,33.277816,126.716154,2024-12-31,I,2026-05-15 18:45:28,2025-11-07 15:49:09
6520000,202565200000700619,서귀포시외버스터미널,서귀포시외버스터미널,제주특별자치도,서귀포시,교통시설,제주특별자치도 서귀포시,,,제주특별자치도 서귀포시 법환동 843,,제주특별자치도청,064-710-2352,33.248987,126.508232,2024-12-31,I,2026-05-15 18:45:28,2025-11-07 15:49:12
6520000,202565200000700558,노리매(매화테마공원),노리매(매화테마공원),제주특별자치도,서귀포시,관광,제주특별자치도 서귀포시,,,제주특별자치도 서귀포시 대정읍 구억리 676,,제주특별자치도청,064-710-2352,33.282251,126.287591,2024-12-31,I,2026-05-15 18:45:28,2025-11-07 15:49:11
6520000,202565200000700974,토평근린공원,토평근린공원 #1-1,제주특별자치도,서귀포시,서민·복지시설,제주특별자치도 서귀포시,,,제주특별자치도 서귀포시 토평동 3273-1,,제주특별자치도청,064-710-2352,33.292832,126.580865,2024-12-31,I,2026-05-15 18:45:28,2025-11-07 15:49:16
6520000,202565200000700903,5코스,올레 5코스위미리 해양소공원 앞 #1-1,제주특별자치도,서귀포시,기타,제주특별자치도 서귀포시,,,제주특별자치도 서귀포시 남원읍 위미리 2943-2,,제주특별자치도청,064-710-2352,33.269628,126.657906,2024-12-31,I,2026-05-15 18:45:28,2025-11-07 15:49:15
6520000,202565200000700534,버스정류소_대정환승정류장(대정읍사무소),대정환승정류장(대정읍사무소),제주특별자치도,서귀포시,교통시설,제주특별자치도 서귀포시,,,제주특별자치도 서귀포시  서귀포시 대정읍 하모리 1417-4,,제주특별자치도청,064-710-2352,33.225747,126.253093,2024-12-31,I,2026-05-15 18:45:28,2025-11-07 15:49:11
6520000,202565200000700236,서귀포소방서 효돈119센터,1층 사무실,제주특별자치도,서귀포시,관공서,제주특별자치도 서귀포시,,,제주특별자치도 서귀포시 신효동 1120-5,,제주특별자치도청,064-710-2352,33.260782,126.607762,2024-12-31,I,2026-05-15 18:45:28,2025-11-07 15:49:08
6520000,202565200000701159,성산일출봉,성산일출봉(출입구 화장실) #2-3,제주특별자치도,서귀포시,관광,제주특별자치도 서귀포시,,,제주특별자치도 서귀포시 성산읍 성산리 114-3,,제주특별자치도청,064-710-2352,33.462467,126.935241,2024-12-31,I,2026-05-15 18:45:28,2025-11-07 15:49:20
6520000,202565200000701133,송악카트체험장,송악카트체험장,제주특별자치도,서귀포시,관광,제주특별자치도 서귀포시,,,제주특별자치도 서귀포시 대정읍 송악관광로 404,,제주특별자치도청,064-710-2352,33.208525,126.289387,2024-12-31,I,2026-05-15 18:45:28,2025-11-07 15:49:19
6520000,202565200000700272,대정생활야구장_1 (옥외1),대정생활야구장_1 (옥외1),제주특별자치도,서귀포시,지역문화시설,제주특별자치도 서귀포시,,,제주특별자치도 서귀포시 대정읍 평화로 89번길 168,,제주특별자치도청,064-710-2352,33.270328,126.293396,2024-12-31,I,2026-05-15 18:45:28,2025-11-07 15:49:08
6520000,202565200000700823,버스정류소_동덕아파트_(서귀중앙여자중학교방면),동덕아파트 #1-1,제주특별자치도,서귀포시,교통시설,제주특별자치도 서귀포시,,,제주특별자치도 서귀포시 서홍동 316-35,,제주특별자치도청,064-710-2352,33.257780,126.560085,2024-12-31,I,2026-05-15 18:45:28,2025-11-07 15:49:14
6520000,202565200000700432,강창학종합경기장,강창학종합경기장,제주특별자치도,서귀포시,서민·복지시설,제주특별자치도 서귀포시,,,제주특별자치도 서귀포시 표선면 서성일로 68,,제주특별자치도청,064-710-2352,33.259763,126.501122,2024-12-31,I,2026-05-15 18:45:28,2025-11-07 15:49:10
6520000,202565200000700522,성산일출봉,성산일출봉 #1,제주특별자치도,서귀포시,관광,제주특별자치도 서귀포시,,,제주특별자치도 서귀포시 성산읍 성산리 104-1,,제주특별자치도청,064-710-2352,33.463009,126.936641,2024-12-31,I,2026-05-15 18:45:28,2025-11-07 15:49:11
6520000,202565200000700490,기당미술관,기당미술관,제주특별자치도,서귀포시,지역문화시설,제주특별자치도 서귀포시,,,제주특별자치도 서귀포시 서홍동 621,,제주특별자치도청,064-710-2352,33.244811,126.551257,2024-12-31,I,2026-05-15 18:45:28,2025-11-07 15:49:11
6520000,202565200000700708,남원생활체육관,남원생활체육관 #1-1,제주특별자치도,서귀포시,서민·복지시설,제주특별자치도 서귀포시,,,제주특별자치도 서귀포시 남원읍 태위로 551-28,,제주특별자치도청,064-710-2352,33.277873,126.705236,2024-12-31,I,2026-05-15 18:45:28,2025-11-07 15:49:13
6520000,202565200000701198,전기차충전소_위미2리사무소,위미2리사무소#1,제주특별자치도,서귀포시,기타,제주특별자치도 서귀포시,,,제주특별자치도 서귀포시 남원읍 태위로 197(위미리 1572-7),,제주특별자치도청,064-710-2352,33.275179,126.668494,2024-12-31,I,2026-05-15 18:45:28,2025-11-07 15:49:20
6520000,202565200000700443,송악산,송악산,제주특별자치도,서귀포시,관광,제주특별자치도 서귀포시,,,제주특별자치도 서귀포시 대정읍 상모리 170-3,,제주특별자치도청,064-710-2352,33.205186,126.289076,2024-12-31,I,2026-05-15 18:45:28,2025-11-07 15:49:10
6520000,202565200000701307,3-B코스,3-B코스 신산리 쉼터 #1-1,제주특별자치도,서귀포시,기타,제주특별자치도 서귀포시,,,제주특별자치도 서귀포시 성산읍 신산리 1130-12,,제주특별자치도청,064-710-2352,33.375933,126.876194,2024-12-31,I,2026-05-15 18:45:28,2025-11-07 15:49:21
6520000,202565200000701416,버스정류소_동부보건소_(남원취락구조방면),동부보건소[북]#1-1,제주특별자치도,서귀포시,교통시설,제주특별자치도 서귀포시,,,제주특별자치도 서귀포시 남원읍 남원리 2359-1앞,,제주특별자치도청,064-710-2352,33.275224,126.703506,2024-12-31,I,2026-05-15 18:45:28,2025-11-07 15:49:23
6520000,202565200000700815,버스정류소_농협보목지소_(장안그랜드빌라방면),농협보목지소 #1-1,제주특별자치도,서귀포시,교통시설,제주특별자치도 서귀포시,,,제주특별자치도 서귀포시 보목동 881-7,,제주특별자치도청,064-710-2352,33.243233,126.598300,2024-12-31,I,2026-05-15 18:45:28,2025-11-07 15:49:14
6520000,202565200000700495,돈내코,돈내코,제주특별자치도,서귀포시,관광,제주특별자치도 서귀포시,,,제주특별자치도 서귀포시 상효동 1459,,제주특별자치도청,064-710-2352,33.300193,126.584828,2024-12-31,I,2026-05-15 18:45:28,2025-11-07 15:49:11
6520000,202565200000700415,대정읍주민자치센터_1 (옥내3),대정읍주민자치센터_1 (옥내3),제주특별자치도,서귀포시,기타,제주특별자치도 서귀포시,,,제주특별자치도 서귀포시 안덕면 화순서서로 59,,제주특별자치도청,064-710-2352,33.226675,126.251818,2024-12-31,I,2026-05-15 18:45:28,2025-11-07 15:49:10
6520000,202565200000701500,천지연폭포,천지연폭포＃3-2,제주특별자치도,서귀포시,관광,제주특별자치도 서귀포시,,,제주특별자치도 서귀포시 서귀동 805-4,,제주특별자치도청,064-710-2352,33.246184,126.557365,2024-12-31,I,2026-05-15 18:45:28,2025-11-07 15:49:24
6520000,202565200000701319,버스정류소_켄싱턴리조트 악근천(서년듸방면),켄싱턴리조트 악근천[남] #1-1,제주특별자치도,서귀포시,교통시설,제주특별자치도 서귀포시,,,제주특별자치도 서귀포시 강정동 2626-2,,제주특별자치도청,064-710-2352,33.234437,126.490554,2024-12-31,I,2026-05-15 18:45:28,2025-11-07 15:49:21
6520000,202565200000701600,추사적거지,추사적거지 #1-2,제주특별자치도,서귀포시,관광,제주특별자치도 서귀포시,,,제주특별자치도 서귀포시 대정읍 안성리 1646-1(추사로 44),,제주특별자치도청,064-710-2352,33.249785,126.278513,2024-12-31,I,2026-05-15 18:45:28,2025-11-07 15:49:25
6520000,202565200000701623,아랑조을거리,천지동 아랑조을거리 #1-2,제주특별자치도,서귀포시,기타,제주특별자치도 서귀포시,,,제주특별자치도 서귀포시 서귀동 320-2 앞,,제주특별자치도청,064-710-2352,33.248962,126.559194,2024-12-31,I,2026-05-15 18:45:28,2025-11-07 15:49:25
6520000,202565200000701364,바람모루공원,바람모루공원 #1-1,제주특별자치도,서귀포시,서민·복지시설,제주특별자치도 서귀포시,,,제주특별자치도 서귀포시 서호동 1602,,제주특별자치도청,064-710-2352,33.252889,126.516834,2024-12-31,I,2026-05-15 18:45:28,2025-11-07 15:49:22
6520000,202565200000700343,남원1리 신성동회관 (옥내1),남원1리 신성동회관 (옥내1),제주특별자치도,서귀포시,지역문화시설,제주특별자치도 서귀포시,,,제주특별자치도 서귀포시 표선면 세화로 154,,제주특별자치도청,064-710-2352,33.273889,126.695732,2024-12-31,I,2026-05-15 18:45:28,2025-11-07 15:49:09
6520000,202565200000700436,남원생활체육관,남원생활체육관,제주특별자치도,서귀포시,서민·복지시설,제주특별자치도 서귀포시,,,제주특별자치도 서귀포시 남원읍 남원리2337-1,,제주특별자치도청,064-710-2352,33.278157,126.705223,2024-12-31,I,2026-05-15 18:45:28,2025-11-07 15:49:10
6520000,202565200000701509,버스정류소_토평마을회관(영천동주민센터 방면),토평마을회관/서귀포교육지원청(서)#1-1,제주특별자치도,서귀포시,교통시설,제주특별자치도 서귀포시,,,제주특별자치도 서귀포시 토평동 1341-2,,제주특별자치도청,064-710-2352,33.270514,126.589739,2024-12-31,I,2026-05-15 18:45:28,2025-11-07 15:49:24
6520000,202565200000700379,정류장_법환새마을금고(406000108) (옥외1),정류장_법환새마을금고(406000108) (옥외1),제주특별자치도,서귀포시,교통시설,제주특별자치도 서귀포시,,,제주특별자치도 서귀포시 법환동 260-2,,제주특별자치도청,064-710-2352,33.237827,126.513463,2024-12-31,I,2026-05-15 18:45:28,2025-11-07 15:49:09
6520000,202565200000700711,영어교육도시119센터,영어교육도시119센터,제주특별자치도,서귀포시,기타,제주특별자치도 서귀포시,,,제주특별자치도 서귀포시 대정읍 에듀시티로 238,,제주특별자치도청,064-710-2352,33.278994,126.273249,2024-12-31,I,2026-05-15 18:45:28,2025-11-07 15:49:13
6520000,202565200000700185,모슬포항 터미널,모슬포항 터미널,제주특별자치도,서귀포시,교통시설,제주특별자치도 서귀포시,,,제주특별자치도 서귀포시 대정읍 24-4,,제주특별자치도청,064-710-2352,33.210767,126.268329,2024-12-31,I,2026-05-15 18:45:28,2025-11-07 15:49:07
6520000,202565200000700437,공천포전지훈련장,공천포전지훈련장,제주특별자치도,서귀포시,서민·복지시설,제주특별자치도 서귀포시,,,제주특별자치도 서귀포시 남원읍 신례리 544-2,,제주특별자치도청,064-710-2352,33.276782,126.640887,2024-12-31,I,2026-05-15 18:45:28,2025-11-07 15:49:10
6520000,202565200000700712,성산하수처리장,성산하수처리장,제주특별자치도,서귀포시,기타,제주특별자치도 서귀포시,,,제주특별자치도 서귀포시 성산읍 고성동서로 115,,제주특별자치도청,064-710-2352,33.451403,126.919792,2024-12-31,I,2026-05-15 18:45:28,2025-11-07 15:49:13
6520000,202565200000700042,무릉문화의집,무릉문화의집,제주특별자치도,서귀포시,지역문화시설,제주특별자치도 서귀포시,,,제주특별자치도 서귀포시 대정읍 서삼중로 128,,제주특별자치도청,064-710-2352,33.273460,126.198962,2024-12-31,I,2026-05-15 18:45:28,2025-11-07 15:49:06
6520000,202565200000701359,월드컵경기장 트레이닝센터,월드컵경기장 트레이닝센터 #1-3,제주특별자치도,서귀포시,서민·복지시설,제주특별자치도 서귀포시,,,제주특별자치도 서귀포시 법환동 914 (월드컵로 33),,제주특별자치도청,064-710-2352,33.245715,126.508276,2024-12-31,I,2026-05-15 18:45:28,2025-11-07 15:49:22
6520000,202565200000700444,송악산,송악산,제주특별자치도,서귀포시,관광,제주특별자치도 서귀포시,,,제주특별자치도 서귀포시 대정읍 상모리 170-3,,제주특별자치도청,064-710-2352,33.205186,126.289076,2024-12-31,I,2026-05-15 18:45:28,2025-11-07 15:49:10
6520000,202565200000700008,대정청소년수련관,대정청소년수련관,제주특별자치도,서귀포시,지역문화시설,제주특별자치도 서귀포시,,,제주특별자치도 서귀포시 대정읍 하모리 1268-1,,제주특별자치도청,064-710-2352,33.227888,126.247728,2024-12-31,I,2026-05-15 18:45:28,2025-11-07 15:49:05
6520000,202565200000700489,기당미술관,기당미술관,제주특별자치도,서귀포시,지역문화시설,제주특별자치도 서귀포시,,,제주특별자치도 서귀포시 서홍동 621,,제주특별자치도청,064-710-2352,33.244811,126.551257,2024-12-31,I,2026-05-15 18:45:28,2025-11-07 15:49:11
6520000,202565200000700027,남원 청소년문화의집,남원 청소년문화의집,제주특별자치도,서귀포시,지역문화시설,제주특별자치도 서귀포시,,,제주특별자치도 서귀포시 남원읍 남원리 1500,,제주특별자치도청,064-710-2352,33.280961,126.709088,2024-12-31,I,2026-05-15 18:45:28,2025-11-07 15:49:06
6520000,202565200000700117,보건진료소,보건진료소,제주특별자치도,서귀포시,관공서,제주특별자치도 서귀포시,,,제주특별자치도 서귀포시 대정읍 중산간서로 2380,,제주특별자치도청,064-710-2352,33.272837,126.279159,2024-12-31,I,2026-05-15 18:45:28,2025-11-07 15:49:07
6520000,202565200000700695,베니스랜드,베니스랜드#1-1,제주특별자치도,서귀포시,관광,제주특별자치도 서귀포시,,,제주특별자치도 서귀포시 성산읍 난산리 2575,,제주특별자치도청,064-710-2352,33.415297,126.840807,2024-12-31,I,2026-05-15 18:45:28,2025-11-07 15:49:13
6520000,202565200000700421,제주영어교육도시지원사무소_2 (옥내3),제주영어교육도시지원사무소_2 (옥내3),제주특별자치도,서귀포시,관공서,제주특별자치도 서귀포시,,,제주특별자치도 서귀포시 산록남로 2271,,제주특별자치도청,064-710-2352,33.287939,126.281857,2024-12-31,I,2026-05-15 18:45:28,2025-11-07 15:49:10
6520000,202565200000701378,태흥2리체육공원,태흥2리체육공원#1-3,제주특별자치도,서귀포시,서민·복지시설,제주특별자치도 서귀포시,,,제주특별자치도 서귀포시 남원읍 태흥리 364-5(남태해안로502),,제주특별자치도청,064-710-2352,33.286842,126.749616,2024-12-31,I,2026-05-15 18:45:28,2025-11-07 15:49:22
6520000,202565200000700886,3-A코스,올레 3-A코스 김영갑갤러리 두모악 앞 #1-2,제주특별자치도,서귀포시,기타,제주특별자치도 서귀포시,,,제주특별자치도 서귀포시 성산읍 삼달리 434-6,,제주특별자치도청,064-710-2352,33.372328,126.854968,2024-12-31,I,2026-05-15 18:45:28,2025-11-07 15:49:15
6520000,202565200000700777,전기차충전소_영실매표소,영실매표소 #1-1,제주특별자치도,서귀포시,기타,제주특별자치도 서귀포시,,,제주특별자치도 서귀포시 하원동 산1-1,,제주특별자치도청,064-710-2352,33.340118,126.480614,2024-12-31,I,2026-05-15 18:45:28,2025-11-07 15:49:14
6520000,202565200000701158,성산일출봉,성산일출봉 전기차충전소 #1-2,제주특별자치도,서귀포시,관광,제주특별자치도 서귀포시,,,제주특별자치도 서귀포시 성산읍 성산리 114-3,,제주특별자치도청,064-710-2352,33.461381,126.935553,2024-12-31,I,2026-05-15 18:45:28,2025-11-07 15:49:20
6520000,202565200000700637,하효 쇠소깍 해변,하효 쇠소깍 해변 #2,제주특별자치도,서귀포시,기타,제주특별자치도 서귀포시,,,제주특별자치도 서귀포시 하효동 990-4,,제주특별자치도청,064-710-2352,33.251982,126.623300,2024-12-31,I,2026-05-15 18:45:28,2025-11-07 15:49:12
6520000,202565200000700439,대정문화체육센터,대정문화체육센터,제주특별자치도,서귀포시,서민·복지시설,제주특별자치도 서귀포시,,,제주특별자치도 서귀포시 대정읍 영락리 산1,,제주특별자치도청,064-710-2352,33.263881,126.235479,2024-12-31,I,2026-05-15 18:45:28,2025-11-07 15:49:10
6520000,202565200000701358,월드컵경기장 트레이닝센터,월드컵경기장 트레이닝센터 #1-2,제주특별자치도,서귀포시,서민·복지시설,제주특별자치도 서귀포시,,,제주특별자치도 서귀포시 법환동 914 (월드컵로 33),,제주특별자치도청,064-710-2352,33.245715,126.508276,2024-12-31,I,2026-05-15 18:45:28,2025-11-07 15:49:22
6520000,202565200000701644,예래동주민센터,예래동주민센터  #3-1,제주특별자치도,서귀포시,관공서,제주특별자치도 서귀포시,,,제주특별자치도 서귀포시 상예동 604,,제주특별자치도청,064-710-2352,33.254688,126.399929,2024-12-31,I,2026-05-15 18:45:28,2025-11-07 15:49:26
6520000,202565200000700279,서귀포시 노인복지지원센터_3 (옥내1),서귀포시 노인복지지원센터_3 (옥내1),제주특별자치도,서귀포시,서민·복지시설,제주특별자치도 서귀포시,,,제주특별자치도 서귀포시 서호남로 29,,제주특별자치도청,064-710-2352,33.250547,126.515555,2024-12-31,I,2026-05-15 18:45:28,2025-11-07 15:49:08
6520000,202565200000701348,서귀포매일올레시장,서귀포매일올레시장 #8-1,제주특별자치도,서귀포시,기타,제주특별자치도 서귀포시,,,제주특별자치도 서귀포시 서귀동 275-8(2번출구),,제주특별자치도청,064-710-2352,33.248494,126.563097,2024-12-31,I,2026-05-15 18:45:28,2025-11-07 15:49:22
6520000,202565200000700731,서귀포 치유의 숲,서귀포 치유의 숲 #5-4,제주특별자치도,서귀포시,기타,제주특별자치도 서귀포시,,,제주특별자치도 서귀포시 산록남로 2271,,제주특별자치도청,064-710-2352,33.291870,126.527899,2024-12-31,I,2026-05-15 18:45:28,2025-11-07 15:49:13
6520000,202565200000700459,서귀포전천후게이트볼장,서귀포전천후게이트볼장,제주특별자치도,서귀포시,서민·복지시설,제주특별자치도 서귀포시,,,제주특별자치도 서귀포시 표선면 민속해안로 631-45,,제주특별자치도청,064-710-2352,33.251057,126.553790,2024-12-31,I,2026-05-15 18:45:28,2025-11-07 15:49:10
6520000,202565200000701606,버스정류소_중문고등학교_(어두모루 방면),중문고등학교(북) #1-1,제주특별자치도,서귀포시,교통시설,제주특별자치도 서귀포시,,,제주특별자치도 서귀포시 대포동 628-8,,제주특별자치도청,064-710-2352,33.248438,126.510736,2024-12-31,I,2026-05-15 18:45:28,2025-11-07 15:49:25
6520000,202565200000700164,수산2리복지회관,수산2리복지회관,제주특별자치도,서귀포시,관공서,제주특별자치도 서귀포시,,,제주특별자치도 서귀포시 성산읍 수산리 2380-2,,제주특별자치도청,064-710-2352,33.442132,126.863747,2024-12-31,I,2026-05-15 18:45:28,2025-11-07 15:49:07
6520000,202565200000700234,서귀포소방서 중문119센터,1층 사무실,제주특별자치도,서귀포시,관공서,제주특별자치도 서귀포시,,,제주특별자치도 서귀포시 회수동 641-8,,제주특별자치도청,064-710-2352,33.254142,126.438017,2024-12-31,I,2026-05-15 18:45:28,2025-11-07 15:49:08
6520000,202565200000700820,버스정류소_동홍 사거리_(열린병원 방면),동홍 사거리 (북) #1-1,제주특별자치도,서귀포시,교통시설,제주특별자치도 서귀포시,,,제주특별자치도 서귀포시 동홍동 462-3,,제주특별자치도청,064-710-2352,33.254737,126.568545,2024-12-31,I,2026-05-15 18:45:28,2025-11-07 15:49:14
6520000,202565200000701255,송이마당어린이공원,송이마당어린이공원 #1-1,제주특별자치도,서귀포시,서민·복지시설,제주특별자치도 서귀포시,,,제주특별자치도 서귀포시 서호동 1543(서귀포 혁신LH1차아파트 남쪽),,제주특별자치도청,064-710-2352,33.247704,126.522693,2024-12-31,I,2026-05-15 18:45:28,2025-11-07 15:49:21
6520000,202565200000700721,성읍랜드,성읍랜드 #1-1,제주특별자치도,서귀포시,기타,제주특별자치도 서귀포시,,,제주특별자치도 서귀포시 표선면 성읍리 2060-1,,제주특별자치도청,064-710-2352,33.398659,126.787324,2024-12-31,I,2026-05-15 18:45:28,2025-11-07 15:49:13
6520000,202565200000701161,성산일출봉,성산일출봉 (해녀쉼터옆올레길)#5-2,제주특별자치도,서귀포시,관광,제주특별자치도 서귀포시,,,제주특별자치도 서귀포시 성산읍 성산리 298-9,,제주특별자치도청,064-710-2352,33.465342,126.936175,2024-12-31,I,2026-05-15 18:45:28,2025-11-07 15:49:20
6520000,202565200000701435,버스정류소_도순동_(속도르방면),도순동[북])#1-1,제주특별자치도,서귀포시,교통시설,제주특별자치도 서귀포시,,,제주특별자치도 서귀포시 도순동 238-1,,제주특별자치도청,064-710-2352,33.252787,126.474912,2024-12-31,I,2026-05-15 18:45:28,2025-11-07 15:49:23
6520000,202565200000701537,전기차충전소_영천동주민센터,영천동주민센터,제주특별자치도,서귀포시,관공서,제주특별자치도 서귀포시,,,제주특별자치도 서귀포시 토평동 2202-3,,제주특별자치도청,064-710-2352,33.268734,126.586689,2024-12-31,I,2026-05-15 18:45:28,2025-11-07 15:49:24
6520000,202565200000700791,양지공원,양지공원 #1-1,제주특별자치도,서귀포시,서민·복지시설,제주특별자치도 서귀포시,,,제주특별자치도 서귀포시 동홍동 420-1,,제주특별자치도청,064-710-2352,33.256444,126.575675,2024-12-31,I,2026-05-15 18:45:28,2025-11-07 15:49:14
6520000,202565200000700166,성산청소년수련원,성산청소년수련원,제주특별자치도,서귀포시,지역문화시설,제주특별자치도 서귀포시,,,제주특별자치도 서귀포시 성산읍 신풍리 500,,제주특별자치도청,064-710-2352,33.362713,126.839979,2024-12-31,I,2026-05-15 18:45:28,2025-11-07 15:49:07
6520000,202565200000701642,예래동주민센터,예래동주민센터  #2-1,제주특별자치도,서귀포시,관공서,제주특별자치도 서귀포시,,,제주특별자치도 서귀포시 상예동 604,,제주특별자치도청,064-710-2352,33.254688,126.399929,2024-12-31,I,2026-05-15 18:45:28,2025-11-07 15:49:26
6520000,202565200000700442,발자국화석지관리사무소,발자국화석지관리사무소,제주특별자치도,서귀포시,관광,제주특별자치도 서귀포시,,,제주특별자치도 서귀포시 대정읍 상모리 626-1,,제주특별자치도청,064-710-2352,33.217457,126.293206,2024-12-31,I,2026-05-15 18:45:28,2025-11-07 15:49:10
6520000,202565200000701637,서귀포의료원,서귀포의료원 #2-2,제주특별자치도,서귀포시,기타,제주특별자치도 서귀포시,,,제주특별자치도 서귀포시 동홍동 1530-2 (장수로 47),,제주특별자치도청,064-710-2352,33.255498,126.564051,2024-12-31,I,2026-05-15 18:45:28,2025-11-07 15:49:26
6520000,202565200000700118,안덕지역아동센터,안덕지역아동센터,제주특별자치도,서귀포시,서민·복지시설,제주특별자치도 서귀포시,,,제주특별자치도 서귀포시 안덕면 화순7번길 16,,제주특별자치도청,064-710-2352,33.268496,126.332433,2024-12-31,I,2026-05-15 18:45:28,2025-11-07 15:49:07
6520000,202565200000701209,전기차충전소_동부소방서,동부소방서 전기차충전소#1,제주특별자치도,서귀포시,기타,제주특별자치도 서귀포시,,,제주특별자치도 서귀포시 성산읍 일주동로 4120번길 7,,제주특별자치도청,064-710-2352,33.459876,126.909928,2024-12-31,I,2026-05-15 18:45:28,2025-11-07 15:49:20
6520000,202565200000700926,10코스,10코스-발자국화석관리사무소 #1-2,제주특별자치도,서귀포시,기타,제주특별자치도 서귀포시,,,제주특별자치도 서귀포시 대정읍 상모리 626-1,,제주특별자치도청,064-710-2352,33.217395,126.293175,2024-12-31,I,2026-05-15 18:45:28,2025-11-07 15:49:15
6520000,202565200000700783,1코스,올레1코스 안내소 #1-2,제주특별자치도,서귀포시,기타,제주특별자치도 서귀포시,,,제주특별자치도 서귀포시 성산읍 시흥리 2665-1,,제주특별자치도청,064-710-2352,33.474634,126.885953,2024-12-31,I,2026-05-15 18:45:28,2025-11-07 15:49:14
6520000,202565200000701407,버스정류소_L마트_(주공5단지방면),L마트#1-1,제주특별자치도,서귀포시,교통시설,제주특별자치도 서귀포시,,,제주특별자치도 서귀포시 동홍동 1583-3,,제주특별자치도청,064-710-2352,33.264225,126.560011,2024-12-31,I,2026-05-15 18:45:28,2025-11-07 15:49:22
6520000,202565200000701076,초록동산,초록동산 #1-2,제주특별자치도,서귀포시,서민·복지시설,제주특별자치도 서귀포시,,,제주특별자치도 서귀포시 성산읍 온평리 1577,,제주특별자치도청,064-710-2352,33.408409,126.897230,2024-12-31,I,2026-05-15 18:45:28,2025-11-07 15:49:19
6520000,202565200000701506,버스정류소_삼아아파트_(비석거리 방면),삼아아파트(남) #1-1,제주특별자치도,서귀포시,교통시설,제주특별자치도 서귀포시,,,제주특별자치도 서귀포시 동홍동 184-10,,제주특별자치도청,064-710-2352,33.251872,126.574354,2024-12-31,I,2026-05-15 18:45:28,2025-11-07 15:49:24
6520000,202565200000700591,다이나믹메이즈,다이나믹메이즈,제주특별자치도,서귀포시,관광,제주특별자치도 서귀포시,,,제주특별자치도 서귀포시 표선면 성읍리 2381,,제주특별자치도청,064-710-2352,33.399163,126.785344,2024-12-31,I,2026-05-15 18:45:28,2025-11-07 15:49:12
6520000,202565200000700158,고성리복지회관,고성리복지회관,제주특별자치도,서귀포시,관공서,제주특별자치도 서귀포시,,,제주특별자치도 서귀포시 성산읍 고성리 1040-1,,제주특별자치도청,064-710-2352,33.444836,126.912023,2024-12-31,I,2026-05-15 18:45:28,2025-11-07 15:49:07
6520000,202565200000701311,어라운드폴리,어라운드폴리 #1-2,제주특별자치도,서귀포시,관광,제주특별자치도 서귀포시,,,제주특별자치도 서귀포시 성산읍 난산리 2682-2,,제주특별자치도청,064-710-2352,33.414875,126.836002,2024-12-31,I,2026-05-15 18:45:28,2025-11-07 15:49:21
6520000,202565200000700959,섭지코지,섭지코지 #2-1,제주특별자치도,서귀포시,기타,제주특별자치도 서귀포시,,,제주특별자치도 서귀포시 성산읍 고성리 124-1,,제주특별자치도청,064-710-2352,33.424218,126.928604,2024-12-31,I,2026-05-15 18:45:28,2025-11-07 15:49:16
6520000,202565200000700146,행복나눔 주간보호시설,행복나눔 주간보호시설,제주특별자치도,서귀포시,서민·복지시설,제주특별자치도 서귀포시,,,제주특별자치도 서귀포시 동홍동로26번길26(동홍동),,제주특별자치도청,064-710-2352,33.257150,126.577578,2024-12-31,I,2026-05-15 18:45:28,2025-11-07 15:49:07
6520000,202565200000701335,버스정류소_구 삼일금고(중앙로터리(동)방면),구 삼일금고#1-1,제주특별자치도,서귀포시,교통시설,제주특별자치도 서귀포시,,,제주특별자치도 서귀포시 서귀동 291-54,,제주특별자치도청,064-710-2352,33.249547,126.561650,2024-12-31,I,2026-05-15 18:45:28,2025-11-07 15:49:22
6520000,202565200000700602,화순 곶자왈 생태탐방숲길,화순 곶자왈 생태탐방숲길,제주특별자치도,서귀포시,기타,제주특별자치도 서귀포시,,,제주특별자치도 서귀포시 안덕면 화순리 2045,,제주특별자치도청,064-710-2352,33.263963,126.331906,2024-12-31,I,2026-05-15 18:45:28,2025-11-07 15:49:12
6520000,202565200000700330,서귀포시평생학습관-1 (옥외1),서귀포시평생학습관-1 (옥외1),제주특별자치도,서귀포시,지역문화시설,제주특별자치도 서귀포시,,,제주특별자치도 서귀포시 서문로29번길 10,,제주특별자치도청,064-710-2352,33.249303,126.558541,2024-12-31,I,2026-05-15 18:45:28,2025-11-07 15:49:08
6520000,202565200000700269,신영물행복센터_1 (옥외1),신영물행복센터_1 (옥외1),제주특별자치도,서귀포시,지역문화시설,제주특별자치도 서귀포시,,,제주특별자치도 서귀포시 대정읍 신영로 46,,제주특별자치도청,064-710-2352,33.221409,126.247922,2024-12-31,I,2026-05-15 18:45:28,2025-11-07 15:49:08
6520000,202565200000700993,논짓물,논짓물 #1-1,제주특별자치도,서귀포시,관광,제주특별자치도 서귀포시,,,제주특별자치도 서귀포시 하예동 568,,제주특별자치도청,064-710-2352,33.236764,126.388510,2024-12-31,I,2026-05-15 18:45:28,2025-11-07 15:49:17
6520000,202565200000701370,표선면충혼묘지,표선면충혼묘지 #1-1,제주특별자치도,서귀포시,서민·복지시설,제주특별자치도 서귀포시,,,제주특별자치도 서귀포시 표선면 성읍리 3146-8,,제주특별자치도청,064-710-2352,33.414785,126.762437,2024-12-31,I,2026-05-15 18:45:28,2025-11-07 15:49:22
6520000,202565200000701445,산방산,산방산산방굴사매표소 #1-4,제주특별자치도,서귀포시,관광,제주특별자치도 서귀포시,,,제주특별자치도 서귀포시 안덕면 사계리 3693,,제주특별자치도청,064-710-2352,33.237004,126.313487,2024-12-31,I,2026-05-15 18:45:28,2025-11-07 15:49:23
6520000,202565200000700271,신영물행복센터_3 (옥내1),신영물행복센터_3 (옥내1),제주특별자치도,서귀포시,지역문화시설,제주특별자치도 서귀포시,,,제주특별자치도 서귀포시 대정읍 신영로 46,,제주특별자치도청,064-710-2352,33.221409,126.247922,2024-12-31,I,2026-05-15 18:45:28,2025-11-07 15:49:08
6520000,202565200000701016,6코스,올레 6코스 하효항 화장실 #1-1,제주특별자치도,서귀포시,기타,제주특별자치도 서귀포시,,,제주특별자치도 서귀포시 하효동 999-3 옆,,제주특별자치도청,064-710-2352,33.250616,126.621641,2024-12-31,I,2026-05-15 18:45:28,2025-11-07 15:49:17
6520000,202565200000700585,이상한나라의 앨리스,이상한나라의 앨리스,제주특별자치도,서귀포시,관광,제주특별자치도 서귀포시,,,제주특별자치도 서귀포시 안덕면 서광리 717-3,,제주특별자치도청,064-710-2352,33.288958,126.321567,2024-12-31,I,2026-05-15 18:45:28,2025-11-07 15:49:12
6520000,202565200000700956,11코스,11코스-인향동쉼터-버스정류장 #1-2,제주특별자치도,서귀포시,기타,제주특별자치도 서귀포시,,,제주특별자치도 서귀포시 대정읍 무릉리 322-1,,제주특별자치도청,064-710-2352,33.276418,126.243685,2024-12-31,I,2026-05-15 18:45:28,2025-11-07 15:49:16
6520000,202565200000700392,정류장_강창학종합경기장(406000522) (옥외1),정류장_강창학종합경기장(406000522) (옥외1),제주특별자치도,서귀포시,교통시설,제주특별자치도 서귀포시,,,제주특별자치도 서귀포시 강정동 1515-3,,제주특별자치도청,064-710-2352,33.261745,126.501296,2024-12-31,I,2026-05-15 18:45:28,2025-11-07 15:49:10
6520000,202565200000700686,성읍민속마을,성읍민속마을-가로등 #2-1,제주특별자치도,서귀포시,관광,제주특별자치도 서귀포시,,,제주특별자치도 서귀포시 표선면 성읍리 834-1,,제주특별자치도청,064-710-2352,33.386524,126.800191,2024-12-31,I,2026-05-15 18:45:28,2025-11-07 15:49:13
6520000,202565200000700013,예래청소년문화의집,예래청소년문화의집,제주특별자치도,서귀포시,지역문화시설,제주특별자치도 서귀포시,,,제주특별자치도 서귀포시 상예동 1253-1,,제주특별자치도청,064-710-2352,33.247024,126.390267,2024-12-31,I,2026-05-15 18:45:28,2025-11-07 15:49:06
6520000,202565200000701089,솜반내(솜반천),솜반내(솜반내풍경전원) #1-1,제주특별자치도,서귀포시,관광,제주특별자치도 서귀포시,,,제주특별자치도 서귀포시 서홍동 1223-7,,제주특별자치도청,064-710-2352,33.253219,126.553591,2024-12-31,I,2026-05-15 18:45:28,2025-11-07 15:49:19
6520000,202565200000700506,정방폭포,정방폭포,제주특별자치도,서귀포시,관광,제주특별자치도 서귀포시,,,제주특별자치도 서귀포시 동홍동 279-7,,제주특별자치도청,064-710-2352,33.244778,126.573747,2024-12-31,I,2026-05-15 18:45:28,2025-11-07 15:49:11
6520000,202565200000700312,치매안심센터,치매안심센터(1층 2층 사무실 3층 프로그램실 가족카페)_1 (옥내1),제주특별자치도,서귀포시,서민·복지시설,제주특별자치도 서귀포시,,,제주특별자치도 서귀포시 중앙로 101번길 52,,제주특별자치도청,064-710-2352,33.253477,126.555360,2024-12-31,I,2026-05-15 18:45:28,2025-11-07 15:49:08
6520000,202565200000700564,세계성문화박물관,세계성문화박물관(2층),제주특별자치도,서귀포시,관광,제주특별자치도 서귀포시,,,제주특별자치도 서귀포시 법환동 914,,제주특별자치도청,064-710-2352,33.245757,126.508198,2024-12-31,I,2026-05-15 18:45:28,2025-11-07 15:49:11
6520000,202565200000701090,솜반내(솜반천),솜반내(솜반내풍경전원) #1-2,제주특별자치도,서귀포시,관광,제주특별자치도 서귀포시,,,제주특별자치도 서귀포시 서홍동 1223-7,,제주특별자치도청,064-710-2352,33.253219,126.553591,2024-12-31,I,2026-05-15 18:45:28,2025-11-07 15:49:19
6520000,202565200000700135,서귀포 청소년문화의전당,서귀포 청소년문화의전당,제주특별자치도,서귀포시,지역문화시설,제주특별자치도 서귀포시,,,제주특별자치도 서귀포시 태평로 270(서홍동),,제주특별자치도청,064-710-2352,33.246337,126.550789,2024-12-31,I,2026-05-15 18:45:28,2025-11-07 15:49:07
6520000,202565200000700888,3-B코스,올레 3-B코스 온평포구 #1-2,제주특별자치도,서귀포시,기타,제주특별자치도 서귀포시,,,제주특별자치도 서귀포시 성산읍 온평리 1107-7,,제주특별자치도청,064-710-2352,33.401369,126.902828,2024-12-31,I,2026-05-15 18:45:28,2025-11-07 15:49:15
6520000,202565200000700170,표선청소년야외쉼터(표선도서관),"표선청소년야외쉼터
(표선도서관)",제주특별자치도,서귀포시,관공서,제주특별자치도 서귀포시,,,제주특별자치도 서귀포시 표선면 표선리 40-65,,제주특별자치도청,064-710-2352,33.323775,126.838465,2024-12-31,I,2026-05-15 18:45:28,2025-11-07 15:49:07
6520000,202565200000700563,믿거나말거나박물관,믿거나말거나박물관,제주특별자치도,서귀포시,관광,제주특별자치도 서귀포시,,,제주특별자치도 서귀포시 색달동 2864-2,,제주특별자치도청,064-710-2352,33.251065,126.412835,2024-12-31,I,2026-05-15 18:45:28,2025-11-07 15:49:11
6520000,202565200000700524,성산일출봉,성산일출봉 #2,제주특별자치도,서귀포시,관광,제주특별자치도 서귀포시,,,제주특별자치도 서귀포시 성산읍 성산리 114-3,,제주특별자치도청,064-710-2352,33.462369,126.935143,2024-12-31,I,2026-05-15 18:45:28,2025-11-07 15:49:11
6520000,202565200000700078,서귀포시청(1청사),서귀포시청(1청사),제주특별자치도,서귀포시,관공서,제주특별자치도 서귀포시,,,제주특별자치도 서귀포시 중앙로 105,,제주특별자치도청,064-710-2352,33.253914,126.559603,2024-12-31,I,2026-05-15 18:45:28,2025-11-07 15:49:06
6520000,202565200000700571,한국야구명예전당,한국야구명예전당,제주특별자치도,서귀포시,관광,제주특별자치도 서귀포시,,,제주특별자치도 서귀포시 강정동 1479-1,,제주특별자치도청,064-710-2352,33.260594,126.498590,2024-12-31,I,2026-05-15 18:45:28,2025-11-07 15:49:11
6520000,202565200000700332,서귀포시평생학습관-3 (옥내1),서귀포시평생학습관-3 (옥내1),제주특별자치도,서귀포시,지역문화시설,제주특별자치도 서귀포시,,,제주특별자치도 서귀포시 서문로29번길 10,,제주특별자치도청,064-710-2352,33.249303,126.558541,2024-12-31,I,2026-05-15 18:45:28,2025-11-07 15:49:09
6520000,202565200000700136,서귀포 삼매봉 청소년 쉼터(도서관),서귀포 삼매봉 청소년 쉼터(도서관),제주특별자치도,서귀포시,관공서,제주특별자치도 서귀포시,,,제주특별자치도 서귀포시 남성 중앙로 153번길 15,,제주특별자치도청,064-710-2352,33.296812,126.542526,2024-12-31,I,2026-05-15 18:45:28,2025-11-07 15:49:07
6520000,202565200000700898,4코스,올레 4코스 태흥들용머리 해안  #1-2,제주특별자치도,서귀포시,기타,제주특별자치도 서귀포시,,,제주특별자치도 서귀포시 남원읍 태흥리 1789-4,,제주특별자치도청,064-710-2352,33.279254,126.730558,2024-12-31,I,2026-05-15 18:45:28,2025-11-07 15:49:15
6520000,202565200000700062,대륜동주민센터,대륜동주민센터,제주특별자치도,서귀포시,관공서,제주특별자치도 서귀포시,,,제주특별자치도 서귀포시 대륜동 873-1,,제주특별자치도청,064-710-2352,33.248185,126.511775,2024-12-31,I,2026-05-15 18:45:28,2025-11-07 15:49:06
6520000,202565200000700855,버스정류소_성읍농협_(성읍1리방면),성읍농협 (동) #1-1 (성읍1리),제주특별자치도,서귀포시,교통시설,제주특별자치도 서귀포시,,,제주특별자치도 서귀포시 표선면 성읍리 592,,제주특별자치도청,064-710-2352,33.390664,126.800936,2024-12-31,I,2026-05-15 18:45:28,2025-11-07 15:49:15
6520000,202565200000701238,성산일출봉,성산일출봉 - 해녀의집 #1-1,제주특별자치도,서귀포시,관광,제주특별자치도 서귀포시,,,제주특별자치도 서귀포시 성산읍 성산리 104-1,,제주특별자치도청,064-710-2352,33.462809,126.938634,2024-12-31,I,2026-05-15 18:45:28,2025-11-07 15:49:20
6520000,202565200000701390,무민랜드,무민랜드#1-1,제주특별자치도,서귀포시,관광,제주특별자치도 서귀포시,,,제주특별자치도 서귀포시 안덕면 상천리 470-6(병악로420),,제주특별자치도청,064-710-2352,33.306595,126.381779,2024-12-31,I,2026-05-15 18:45:28,2025-11-07 15:49:22
6520000,202565200000701624,남원읍 문화체육복합센터,남원읍 문화체육복합센터#1-1,제주특별자치도,서귀포시,서민·복지시설,제주특별자치도 서귀포시,,,제주특별자치도 서귀포시 남원읍 남원리 2337-1 (태위로 551-27),,제주특별자치도청,064-710-2352,33.277499,126.705317,2024-12-31,I,2026-05-15 18:45:28,2025-11-07 15:49:25
6520000,202565200000701232,광치기해변,광치기해변 입구 #1-2,제주특별자치도,서귀포시,기타,제주특별자치도 서귀포시,,,제주특별자치도 서귀포시 성산읍 성산리 399-81,,제주특별자치도청,064-710-2352,33.460878,126.934120,2024-12-31,I,2026-05-15 18:45:28,2025-11-07 15:49:20
6520000,202565200000700327,의귀리마을회관-1 (옥내1),의귀리마을회관-1 (옥내1),제주특별자치도,서귀포시,지역문화시설,제주특별자치도 서귀포시,,,제주특별자치도 서귀포시 중앙로 101번길 52,,제주특별자치도청,064-710-2352,33.310445,126.713422,2024-12-31,I,2026-05-15 18:45:28,2025-11-07 15:49:08
6520000,202565200000700210,서귀포종합문예회관,서귀포종합문예회관,제주특별자치도,서귀포시,지역문화시설,제주특별자치도 서귀포시,,,제주특별자치도 서귀포시 서홍동 615,,제주특별자치도청,064-710-2352,33.245247,126.551686,2024-12-31,I,2026-05-15 18:45:28,2025-11-07 15:49:07
6520000,202565200000701562,송산청소년문화의집,송산청소년문화의집#1-1,제주특별자치도,서귀포시,관공서,제주특별자치도 서귀포시,,,제주특별자치도 서귀포시 소암로 4(2~3층),,제주특별자치도청,064-710-2352,33.245031,126.566003,2024-12-31,I,2026-05-15 18:45:28,2025-11-07 15:49:25
6520000,202565200000700127,사계공부방,사계공부방,제주특별자치도,서귀포시,서민·복지시설,제주특별자치도 서귀포시,,,제주특별자치도 서귀포시 안덕면 사계중앙로18번길 5,,제주특별자치도청,064-710-2352,33.230734,126.296890,2024-12-31,I,2026-05-15 18:45:28,2025-11-07 15:49:07
6520000,202565200000700111,동홍생활체육관 청소년쉼터,동홍생활체육관 청소년쉼터,제주특별자치도,서귀포시,서민·복지시설,제주특별자치도 서귀포시,,,제주특별자치도 서귀포시 동홍동 1460-6,,제주특별자치도청,064-710-2352,33.257019,126.563104,2024-12-31,I,2026-05-15 18:45:28,2025-11-07 15:49:07
6520000,202565200000700802,정모시공원,정모시공원 #1-1,제주특별자치도,서귀포시,서민·복지시설,제주특별자치도 서귀포시,,,제주특별자치도 서귀포시 서귀동 109,,제주특별자치도청,064-710-2352,33.246655,126.571807,2024-12-31,I,2026-05-15 18:45:28,2025-11-07 15:49:14
6520000,202565200000700818,버스정류소_열린병원_(중앙로터리방면),열린병원 (북) #1-1,제주특별자치도,서귀포시,교통시설,제주특별자치도 서귀포시,,,제주특별자치도 서귀포시 동홍동 1503-18,,제주특별자치도청,064-710-2352,33.254192,126.565217,2024-12-31,I,2026-05-15 18:45:28,2025-11-07 15:49:14
6520000,202565200000701501,천지연폭포,천지연폭포＃3-3,제주특별자치도,서귀포시,관광,제주특별자치도 서귀포시,,,제주특별자치도 서귀포시 서귀동 805-4,,제주특별자치도청,064-710-2352,33.246184,126.557365,2024-12-31,I,2026-05-15 18:45:28,2025-11-07 15:49:24
6520000,202565200000700609,8코스,8코스,제주특별자치도,서귀포시,기타,제주특별자치도 서귀포시,,,제주특별자치도 서귀포시 중문동 2768-1,,제주특별자치도청,064-710-2352,33.238068,126.426161,2024-12-31,I,2026-05-15 18:45:28,2025-11-07 15:49:12
6520000,202565200000700083,모슬포중앙시장,모슬포중앙시장,제주특별자치도,서귀포시,기타,제주특별자치도 서귀포시,,,제주특별자치도 서귀포시 대정읍 하모리 822-7번지,,제주특별자치도청,064-710-2352,33.221849,126.254885,2024-12-31,I,2026-05-15 18:45:28,2025-11-07 15:49:06
6520000,202565200000701100,쇠와꽃 승마장,쇠와꽃 승마장 #1-2,제주특별자치도,서귀포시,관광,제주특별자치도 서귀포시,,,제주특별자치도 서귀포시 성산읍 고성리 354-1,,제주특별자치도청,064-710-2352,33.447371,126.919855,2024-12-31,I,2026-05-15 18:45:28,2025-11-07 15:49:19
6520000,202565200000700700,코코몽,코코몽 주차장 #1-1,제주특별자치도,서귀포시,기타,제주특별자치도 서귀포시,,,제주특별자치도 서귀포시 남원읍 남원리 2381,,제주특별자치도청,064-710-2352,33.274883,126.705109,2024-12-31,I,2026-05-15 18:45:28,2025-11-07 15:49:13
6520000,202565200000700403,대정향교_2 (옥외1),대정향교_2 (옥외1),제주특별자치도,서귀포시,관광,제주특별자치도 서귀포시,,,제주특별자치도 서귀포시 남원읍 태위로 522-17,,제주특별자치도청,064-710-2352,33.239292,126.288484,2024-12-31,I,2026-05-15 18:45:28,2025-11-07 15:49:10
6520000,202565200000700998,제주환상자전거길,제주환상자전거길(법환카페거리-사진포인트)#1-1,제주특별자치도,서귀포시,기타,제주특별자치도 서귀포시,,,제주특별자치도 서귀포시 법환동 1541- 앞 CCTV POLE,,제주특별자치도청,064-710-2352,33.231312,126.505706,2024-12-31,I,2026-05-15 18:45:28,2025-11-07 15:49:17
6520000,202565200000701111,버스정류소_사계리사무소_(산방복지회관방면),사계리사무소(남),제주특별자치도,서귀포시,교통시설,제주특별자치도 서귀포시,,,제주특별자치도 서귀포시 안덕면 사계리 2668-1,,제주특별자치도청,064-710-2352,33.231242,126.297501,2024-12-31,I,2026-05-15 18:45:28,2025-11-07 15:49:19
6520000,202565200000701406,버스정류소_서귀포고등학교_(서귀북초등학교방면),서귀포고등학교#1-1,제주특별자치도,서귀포시,교통시설,제주특별자치도 서귀포시,,,제주특별자치도 서귀포시 동홍동 1460-14,,제주특별자치도청,064-710-2352,33.257723,126.560363,2024-12-31,I,2026-05-15 18:45:28,2025-11-07 15:49:22
6520000,202565200000701473,버스정류소_서귀포환승정류장(서귀포등기소),서귀포환승정류장 (서귀포등기소)#1-1,제주특별자치도,서귀포시,교통시설,제주특별자치도 서귀포시,,,제주특별자치도 서귀포시 서홍동 441-12,,제주특별자치도청,064-710-2352,33.253106,126.559793,2024-12-31,I,2026-05-15 18:45:28,2025-11-07 15:49:24
6520000,202565200000700300,안덕청소년문화의집_3 (옥내1),안덕청소년문화의집_3 (옥내1),제주특별자치도,서귀포시,서민·복지시설,제주특별자치도 서귀포시,,,제주특별자치도 서귀포시 안덕면 화순로 56번길 20,,제주특별자치도청,064-710-2352,33.249416,126.337001,2024-12-31,I,2026-05-15 18:45:28,2025-11-07 15:49:08
6520000,202565200000701075,초록동산,초록동산 #1-1,제주특별자치도,서귀포시,서민·복지시설,제주특별자치도 서귀포시,,,제주특별자치도 서귀포시 성산읍 온평리 1577,,제주특별자치도청,064-710-2352,33.408409,126.897230,2024-12-31,I,2026-05-15 18:45:28,2025-11-07 15:49:19
6520000,202565200000700407,정류장_신도1리(406000896) (옥외1),정류장_신도1리(406000896) (옥외1),제주특별자치도,서귀포시,교통시설,제주특별자치도 서귀포시,,,제주특별자치도 서귀포시 대정읍 에듀시티로 238,,제주특별자치도청,064-710-2352,33.277596,126.191396,2024-12-31,I,2026-05-15 18:45:28,2025-11-07 15:49:10
6520000,202565200000701266,사려니숲길,사려니숲길(한라일보 정기공연장)#1-1,제주특별자치도,서귀포시,기타,제주특별자치도 서귀포시,,,제주특별자치도 서귀포시 표선면 가시리 산 158,,제주특별자치도청,064-710-2352,33.394809,126.683235,2024-12-31,I,2026-05-15 18:45:28,2025-11-07 15:49:21
6520000,202565200000700681,성읍민속마을,성읍민속마을-성읍관리실#1-2,제주특별자치도,서귀포시,관광,제주특별자치도 서귀포시,,,제주특별자치도 서귀포시 표선면 성읍리 775-1,,제주특별자치도청,064-710-2352,33.384443,126.800688,2024-12-31,I,2026-05-15 18:45:28,2025-11-07 15:49:13
6520000,202565200000700405,정류장_온평초등학교(406001068) (옥외1),정류장_온평초등학교(406001068) (옥외1),제주특별자치도,서귀포시,교통시설,제주특별자치도 서귀포시,,,제주특별자치도 서귀포시 성산읍 온평리 1563,,제주특별자치도청,064-710-2352,33.408458,126.898049,2024-12-31,I,2026-05-15 18:45:28,2025-11-07 15:49:10
6520000,202565200000701513,버스정류소_성산일출봉입구(성산리입구방면),성산리사무소(성산일출봉입구 서 ) #1-2,제주특별자치도,서귀포시,교통시설,제주특별자치도 서귀포시,,,제주특별자치도 서귀포시 성산읍 성산리 229-6,,제주특별자치도청,064-710-2352,33.463775,126.933743,2024-12-31,I,2026-05-15 18:45:28,2025-11-07 15:49:24
6520000,202565200000701140,버스정류소_서귀포농협_(천지동주민센터방면),서귀포농협,제주특별자치도,서귀포시,교통시설,제주특별자치도 서귀포시,,,제주특별자치도 서귀포시 서귀동 297-13,,제주특별자치도청,064-710-2352,33.251502,126.561112,2024-12-31,I,2026-05-15 18:45:28,2025-11-07 15:49:19
6520000,202565200000700849,버스정류소_수모루_(서귀포여자고등학교방면),수모루 (남) #1-1,제주특별자치도,서귀포시,교통시설,제주특별자치도 서귀포시,,,제주특별자치도 서귀포시 서호동 24-2,,제주특별자치도청,064-710-2352,33.246531,126.524231,2024-12-31,I,2026-05-15 18:45:28,2025-11-07 15:49:15
6520000,202565200000700041,중문에스피유스호스텔,중문에스피유스호스텔,제주특별자치도,서귀포시,지역문화시설,제주특별자치도 서귀포시,,,제주특별자치도 서귀포시 일주서로 1222(상예동),,제주특별자치도청,064-710-2352,33.265028,126.382542,2024-12-31,I,2026-05-15 18:45:28,2025-11-07 15:49:06
6520000,202565200000700245,신풍리 농어촌체험 휴양마을,운동장 IP주,제주특별자치도,서귀포시,관광,제주특별자치도 서귀포시,,,제주특별자치도 서귀포시 성산읍 신풍리 500,,제주특별자치도청,064-710-2352,33.362713,126.839979,2024-12-31,I,2026-05-15 18:45:28,2025-11-07 15:49:08
6520000,202565200000700597,제주민속촌,제주민속촌,제주특별자치도,서귀포시,관광,제주특별자치도 서귀포시,,,제주특별자치도 서귀포시 표선면 표선리 40-1,,제주특별자치도청,064-710-2352,33.324424,126.842457,2024-12-31,I,2026-05-15 18:45:28,2025-11-07 15:49:12
6520000,202565200000701462,표선생활체육관,표선생활체육관#2-1,제주특별자치도,서귀포시,서민·복지시설,제주특별자치도 서귀포시,,,제주특별자치도 서귀포시 표선면 하천리 1832-1 ( 한마음초등로 399),,제주특별자치도청,064-710-2352,33.354206,126.814399,2024-12-31,I,2026-05-15 18:45:28,2025-11-07 15:49:23
6520000,202565200000701639,10-1코스,10-1코스#1-1,제주특별자치도,서귀포시,기타,제주특별자치도 서귀포시,,,제주특별자치도 서귀포시 대정읍 가파리 70-1(가파로 73),,제주특별자치도청,064-710-2352,33.166436,126.273541,2024-12-31,I,2026-05-15 18:45:28,2025-11-07 15:49:26
6520000,202565200000700002,가파보건진료소,가파보건진료소,제주특별자치도,서귀포시,관공서,제주특별자치도 서귀포시,,,제주특별자치도 서귀포시 대정읍 가파리 83-1,,제주특별자치도청,064-710-2352,33.168035,126.271710,2024-12-31,I,2026-05-15 18:45:28,2025-11-07 15:49:05
6520000,202565200000700634,하효 쇠소깍 해변,하효 쇠소깍 해변 #1,제주특별자치도,서귀포시,기타,제주특별자치도 서귀포시,,,제주특별자치도 서귀포시 하효동 995,,제주특별자치도청,064-710-2352,33.252303,126.623031,2024-12-31,I,2026-05-15 18:45:28,2025-11-07 15:49:12
6520000,202565200000700172,신례보건진료소,신례보건진료소,제주특별자치도,서귀포시,관공서,제주특별자치도 서귀포시,,,제주특별자치도 서귀포시 남원읍 신례리 1081-11,,제주특별자치도청,064-710-2352,33.287955,126.626236,2024-12-31,I,2026-05-15 18:45:28,2025-11-07 15:49:07
6520000,202565200000701488,칠십리공원,칠십리공원_A ＃2-2,제주특별자치도,서귀포시,서민·복지시설,제주특별자치도 서귀포시,,,제주특별자치도 서귀포시 서홍동 2579,,제주특별자치도청,064-710-2352,33.245603,126.553537,2024-12-31,I,2026-05-15 18:45:28,2025-11-07 15:49:24
6520000,202565200000701108,중문승마공원,중문승마공원 #1-1,제주특별자치도,서귀포시,관광,제주특별자치도 서귀포시,,,제주특별자치도 서귀포시 이어도로 244(대포동 2270),,제주특별자치도청,064-710-2352,33.242402,126.445698,2024-12-31,I,2026-05-15 18:45:28,2025-11-07 15:49:19
6520000,202565200000701017,6코스,올레 6코스 하효항 화장실 #1-2,제주특별자치도,서귀포시,기타,제주특별자치도 서귀포시,,,제주특별자치도 서귀포시 하효동 999-3 옆,,제주특별자치도청,064-710-2352,33.250616,126.621641,2024-12-31,I,2026-05-15 18:45:28,2025-11-07 15:49:17
6520000,202565200000700124,상모2리복지회관,상모2리복지회관,제주특별자치도,서귀포시,서민·복지시설,제주특별자치도 서귀포시,,,제주특별자치도 서귀포시 대정읍 상모로 288번길,,제주특별자치도청,064-710-2352,33.224161,126.258347,2024-12-31,I,2026-05-15 18:45:28,2025-11-07 15:49:07
6520000,202565200000701223,전기차충전소_월평마을회관(다목적건물),월평마을회관(다목적건물)#1,제주특별자치도,서귀포시,기타,제주특별자치도 서귀포시,,,제주특별자치도 서귀포시 월평로 41(월평동 419),,제주특별자치도청,064-710-2352,33.245848,126.460995,2024-12-31,I,2026-05-15 18:45:28,2025-11-07 15:49:20
6520000,202565200000701464,제남도서관,제남도서관 #2-1,제주특별자치도,서귀포시,관공서,제주특별자치도 서귀포시,,,제주특별자치도 서귀포시 남원읍 남원리 2336-5 (남원체육관로 183),,제주특별자치도청,064-710-2352,33.279545,126.704999,2024-12-31,I,2026-05-15 18:45:28,2025-11-07 15:49:23
6520000,202565200000700778,전기차충전소_대천동주민센터,대천동주민센터 #1-1,제주특별자치도,서귀포시,기타,제주특별자치도 서귀포시,,,제주특별자치도 서귀포시 도순동 272-1,,제주특별자치도청,064-710-2352,33.250690,126.477979,2024-12-31,I,2026-05-15 18:45:28,2025-11-07 15:49:14
6520000,202565200000700871,4코스,올레 4코스 태흥리 올레쉼터 #1-1,제주특별자치도,서귀포시,기타,제주특별자치도 서귀포시,,,제주특별자치도 서귀포시 남원읍 태흥리 409-5,,제주특별자치도청,064-710-2352,33.285194,126.749630,2024-12-31,I,2026-05-15 18:45:28,2025-11-07 15:49:15
6520000,202565200000701396,무민랜드,무민랜드#1-7,제주특별자치도,서귀포시,관광,제주특별자치도 서귀포시,,,제주특별자치도 서귀포시 안덕면 상천리 470-6(병악로420),,제주특별자치도청,064-710-2352,33.306595,126.381779,2024-12-31,I,2026-05-15 18:45:28,2025-11-07 15:49:22
6520000,202565200000701294,3-B코스,3-B코스 온평리 포구 #1-1,제주특별자치도,서귀포시,기타,제주특별자치도 서귀포시,,,제주특별자치도 서귀포시 성산읍 온평리 1001-6,,제주특별자치도청,064-710-2352,33.405238,126.903982,2024-12-31,I,2026-05-15 18:45:28,2025-11-07 15:49:21
6520000,202565200000700977,미래1공원,미래1공원 #1-1,제주특별자치도,서귀포시,서민·복지시설,제주특별자치도 서귀포시,,,제주특별자치도 서귀포시 서호동 1150,,제주특별자치도청,064-710-2352,33.258968,126.512803,2024-12-31,I,2026-05-15 18:45:28,2025-11-07 15:49:16
6520000,202565200000700735,보목하수처리장,보목하수처리장 #1-1,제주특별자치도,서귀포시,기타,제주특별자치도 서귀포시,,,제주특별자치도 서귀포시 보목동 1411-1,,제주특별자치도청,064-710-2352,33.242815,126.591495,2024-12-31,I,2026-05-15 18:45:28,2025-11-07 15:49:13
6520000,202565200000700273,대정생활야구장_2 (옥외1),대정생활야구장_2 (옥외1),제주특별자치도,서귀포시,지역문화시설,제주특별자치도 서귀포시,,,제주특별자치도 서귀포시 대정읍 평화로 89번길 168,,제주특별자치도청,064-710-2352,33.270328,126.293396,2024-12-31,I,2026-05-15 18:45:28,2025-11-07 15:49:08
6520000,202565200000701577,대포동 전천후게이트볼장,대포동 전천후게이트볼장#1-1,제주특별자치도,서귀포시,서민·복지시설,제주특별자치도 서귀포시,,,제주특별자치도 서귀포시 대포동 2044-1,,제주특별자치도청,064-710-2352,33.241679,126.436169,2024-12-31,I,2026-05-15 18:45:28,2025-11-07 15:49:25
6520000,202565200000700353,농업기술원 본원_1 (옥내3),농업기술원 본원_1 (옥내3),제주특별자치도,서귀포시,관공서,제주특별자치도 서귀포시,,,제주특별자치도 서귀포시 중산간서로 212(강정동),,제주특별자치도청,064-710-2352,33.261457,126.488638,2024-12-31,I,2026-05-15 18:45:28,2025-11-07 15:49:09
6520000,202565200000700653,표선 해비치 해변,표선 해비치 해변,제주특별자치도,서귀포시,기타,제주특별자치도 서귀포시,,,제주특별자치도 서귀포시 표선면 표선리 44-13번지,,제주특별자치도청,064-710-2352,33.325926,126.842433,2024-12-31,I,2026-05-15 18:45:28,2025-11-07 15:49:12
6520000,202565200000701418,버스정류소_남원우체국_(남원포구입구방면),남원우체국[남]#1-1,제주특별자치도,서귀포시,교통시설,제주특별자치도 서귀포시,,,제주특별자치도 서귀포시 남원읍 남원리 1348,,제주특별자치도청,064-710-2352,33.277894,126.714644,2024-12-31,I,2026-05-15 18:45:28,2025-11-07 15:49:23
6520000,202565200000700165,신산보건진료소,신산보건진료소,제주특별자치도,서귀포시,관공서,제주특별자치도 서귀포시,,,제주특별자치도 서귀포시 성산읍 신산리 529-3,,제주특별자치도청,064-710-2352,33.382234,126.877347,2024-12-31,I,2026-05-15 18:45:28,2025-11-07 15:49:07
6520000,202565200000700950,7코스,올레 7코스 법환 해녀체험장 #1-1,제주특별자치도,서귀포시,기타,제주특별자치도 서귀포시,,,제주특별자치도 서귀포시 법환동 1450,,제주특별자치도청,064-710-2352,33.233031,126.511764,2024-12-31,I,2026-05-15 18:45:28,2025-11-07 15:49:16
6520000,202565200000701011,열린쉼터,열린쉼터 #1-1,제주특별자치도,서귀포시,서민·복지시설,제주특별자치도 서귀포시,,,제주특별자치도 서귀포시 보목동 891 보목초등학교옆,,제주특별자치도청,064-710-2352,33.245218,126.600256,2024-12-31,I,2026-05-15 18:45:28,2025-11-07 15:49:17
6520000,202565200000700773,헌마공신 김만일기념관_영상실_#2,헌마공신 김만일기념관,제주특별자치도,서귀포시,지역문화시설,제주특별자치도 서귀포시,,,제주특별자치도 서귀포시 남원읍 서성로 919,,제주특별자치도청,064-710-2352,33.336088,126.690776,2024-12-31,I,2026-05-15 18:45:28,2025-11-07 15:49:14
6520000,202565200000700913,6코스,올레 6코스 보목포구 쉼터 #1-1,제주특별자치도,서귀포시,기타,제주특별자치도 서귀포시,,,제주특별자치도 서귀포시 보목동 566-3,,제주특별자치도청,064-710-2352,33.239326,126.607111,2024-12-31,I,2026-05-15 18:45:28,2025-11-07 15:49:15
6520000,202565200000701219,전기차충전소_공천포전지훈련센터(다목적체육관),공천포전지훈련센터(다목적체육관)#1-4,제주특별자치도,서귀포시,기타,제주특별자치도 서귀포시,,,제주특별자치도 서귀포시 남원읍 신례리 335,,제주특별자치도청,064-710-2352,33.276648,126.640780,2024-12-31,I,2026-05-15 18:45:28,2025-11-07 15:49:20
6520000,202565200000701434,버스정류소_대신중학교_(서귀포우체국방면),대신중학교[남]#1-1,제주특별자치도,서귀포시,교통시설,제주특별자치도 서귀포시,,,제주특별자치도 서귀포시 강정동 147앞,,제주특별자치도청,064-710-2352,33.256014,126.505657,2024-12-31,I,2026-05-15 18:45:28,2025-11-07 15:49:23
6520000,202565200000701297,하효항,하효항 #2-2,제주특별자치도,서귀포시,교통시설,제주특별자치도 서귀포시,,,제주특별자치도 서귀포시 하효동 999 건너 바다쪽,,제주특별자치도청,064-710-2352,33.249956,126.621281,2024-12-31,I,2026-05-15 18:45:28,2025-11-07 15:49:21
6520000,202565200000700205,외돌개,외돌개,제주특별자치도,서귀포시,관광,제주특별자치도 서귀포시,,,제주특별자치도 서귀포시 서홍동 780-4,,제주특별자치도청,064-710-2352,33.241372,126.547931,2024-12-31,I,2026-05-15 18:45:28,2025-11-07 15:49:07
6520000,202565200000700427,정류장_외돌개(406000124) (옥외1),정류장_외돌개(406000124) (옥외1),제주특별자치도,서귀포시,교통시설,제주특별자치도 서귀포시,,,제주특별자치도 서귀포시 서홍동 795-3,,제주특별자치도청,064-710-2352,33.241006,126.547464,2024-12-31,I,2026-05-15 18:45:28,2025-11-07 15:49:10
6520000,202565200000701253,문부공원,문부공원 #1-1,제주특별자치도,서귀포시,서민·복지시설,제주특별자치도 서귀포시,,,제주특별자치도 서귀포시 동홍동 646-1(기적의도서관 뒷편),,제주특별자치도청,064-710-2352,33.253819,126.570314,2024-12-31,I,2026-05-15 18:45:28,2025-11-07 15:49:21
6520000,202565200000701243,문화근린공원,문화근린공원 #2-2,제주특별자치도,서귀포시,서민·복지시설,제주특별자치도 서귀포시,,,제주특별자치도 서귀포시 강정동 176(중앙도서관 남동쪽),,제주특별자치도청,064-710-2352,33.250045,126.507682,2024-12-31,I,2026-05-15 18:45:28,2025-11-07 15:49:21
6520000,202565200000701163,외돌개,외돌개(주차장 CCTV POLE)#1-2,제주특별자치도,서귀포시,관광,제주특별자치도 서귀포시,,,제주특별자치도 서귀포시 서홍동 780-1,,제주특별자치도청,064-710-2352,33.241390,126.547394,2024-12-31,I,2026-05-15 18:45:28,2025-11-07 15:49:20
6520000,202565200000700085,동흥청소년문화의집,동흥청소년문화의집,제주특별자치도,서귀포시,지역문화시설,제주특별자치도 서귀포시,,,제주특별자치도 서귀포시 중산간동로 7950,,제주특별자치도청,064-710-2352,33.266288,126.567052,2024-12-31,I,2026-05-15 18:45:28,2025-11-07 15:49:06
6520000,202565200000700064,동흥동주민센터,동흥동주민센터,제주특별자치도,서귀포시,관공서,제주특별자치도 서귀포시,,,제주특별자치도 서귀포시 동홍동 1041-8,,제주특별자치도청,064-710-2352,33.266288,126.567052,2024-12-31,I,2026-05-15 18:45:28,2025-11-07 15:49:06
6520000,202565200000700241,서귀포예술의전당,"전시실, 전시실입구",제주특별자치도,서귀포시,지역문화시설,제주특별자치도 서귀포시,,,제주특별자치도 서귀포시 서홍동 551-1,,제주특별자치도청,064-710-2352,33.246337,126.550789,2024-12-31,I,2026-05-15 18:45:28,2025-11-07 15:49:08
6520000,202565200000700927,사려니숲길,사려니숲길 입구 #1-1,제주특별자치도,서귀포시,기타,제주특별자치도 서귀포시,,,제주특별자치도 서귀포시 표선면 가시리 산 158(남조로 붉은오름사려니숲길 입구),,제주특별자치도청,064-710-2352,33.395172,126.684974,2024-12-31,I,2026-05-15 18:45:28,2025-11-07 15:49:15
6520000,202565200000701369,대록산,대록산 #1-1,제주특별자치도,서귀포시,관광,제주특별자치도 서귀포시,,,제주특별자치도 서귀포시 표선면 가시리 산 52-4 주차장 건너 (산51-1),,제주특별자치도청,064-710-2352,33.391986,126.723245,2024-12-31,I,2026-05-15 18:45:28,2025-11-07 15:49:22
6520000,202565200000700766,버스정류소_산열이통입구(406001018),토산관광지구입구 방면,제주특별자치도,서귀포시,교통시설,제주특별자치도 서귀포시,,,제주특별자치도 서귀포시 표선면 토산리 427-3,,제주특별자치도청,064-710-2352,33.307281,126.781494,2024-12-31,I,2026-05-15 18:45:28,2025-11-07 15:49:13
6520000,202565200000700108,올림픽기념국민생활관 청소년쉼터,올림픽기념국민생활관 청소년쉼터,제주특별자치도,서귀포시,서민·복지시설,제주특별자치도 서귀포시,,,제주특별자치도 서귀포시 강정동 1480,,제주특별자치도청,064-710-2352,33.261183,126.499503,2024-12-31,I,2026-05-15 18:45:28,2025-11-07 15:49:07
6520000,202565200000700586,제주서커스월드,제주서커스월드,제주특별자치도,서귀포시,관광,제주특별자치도 서귀포시,,,제주특별자치도 서귀포시 안덕면 동광리 886,,제주특별자치도청,064-710-2352,33.314364,126.344683,2024-12-31,I,2026-05-15 18:45:28,2025-11-07 15:49:12
6520000,202565200000700858,버스정류소_신산리_(난산입구(성산기상대)방면),신산리 (동) #1-1,제주특별자치도,서귀포시,교통시설,제주특별자치도 서귀포시,,,제주특별자치도 서귀포시 성산읍 신산리 611-2,,제주특별자치도청,064-710-2352,33.383236,126.877714,2024-12-31,I,2026-05-15 18:45:28,2025-11-07 15:49:15
6520000,202565200000701014,버스정류소_신협_(신효동방면),신협 (북) #1-1,제주특별자치도,서귀포시,교통시설,제주특별자치도 서귀포시,,,제주특별자치도 서귀포시 신효동 714-1,,제주특별자치도청,064-710-2352,33.264169,126.613285,2024-12-31,I,2026-05-15 18:45:28,2025-11-07 15:49:17
6520000,202565200000701457,중앙동주민센터,중앙동주민센터#1-3,제주특별자치도,서귀포시,관공서,제주특별자치도 서귀포시,,,제주특별자치도 서귀포시 서귀동 269-4(동문로 39),,제주특별자치도청,064-710-2352,33.250740,126.565112,2024-12-31,I,2026-05-15 18:45:28,2025-11-07 15:49:23
6520000,202565200000701410,버스정류소_영천동주민센터_(측골방면),영천동주민센터[서]#1-1,제주특별자치도,서귀포시,교통시설,제주특별자치도 서귀포시,,,제주특별자치도 서귀포시 토평동 1310-9,,제주특별자치도청,064-710-2352,33.268950,126.587249,2024-12-31,I,2026-05-15 18:45:28,2025-11-07 15:49:22
6520000,202565200000700979,서귀포인라인롤러장,서귀포인라인롤러장 #1-2,제주특별자치도,서귀포시,서민·복지시설,제주특별자치도 서귀포시,,,제주특별자치도 서귀포시 강정동 1460,,제주특별자치도청,064-710-2352,33.258315,126.499854,2024-12-31,I,2026-05-15 18:45:28,2025-11-07 15:49:16
6520000,202565200000700057,대정읍사무소,대정읍사무소,제주특별자치도,서귀포시,관공서,제주특별자치도 서귀포시,,,제주특별자치도 서귀포시 대정읍 1413번지,,제주특별자치도청,064-710-2352,33.226675,126.251818,2024-12-31,I,2026-05-15 18:45:28,2025-11-07 15:49:06
6520000,202565200000700678,서귀포서부도서관,서귀포서부도서관,제주특별자치도,서귀포시,관공서,제주특별자치도 서귀포시,,,제주특별자치도 서귀포시 중문동 1921-1,,제주특별자치도청,064-710-2352,33.250870,126.432420,2024-12-31,I,2026-05-15 18:45:28,2025-11-07 15:49:13
6520000,202565200000700793,태양공원,태양공원 #1-1,제주특별자치도,서귀포시,서민·복지시설,제주특별자치도 서귀포시,,,제주특별자치도 서귀포시 동홍동 82-2,,제주특별자치도청,064-710-2352,33.257771,126.573424,2024-12-31,I,2026-05-15 18:45:28,2025-11-07 15:49:14
6520000,202565200000700488,송악산,송악산,제주특별자치도,서귀포시,관광,제주특별자치도 서귀포시,,,제주특별자치도 서귀포시 대정읍 상모리 238,,제주특별자치도청,064-710-2352,33.198931,126.293361,2024-12-31,I,2026-05-15 18:45:28,2025-11-07 15:49:11
6520000,202565200000701162,외돌개,외돌개(주차장 CCTV POLE)#1-1,제주특별자치도,서귀포시,관광,제주특별자치도 서귀포시,,,제주특별자치도 서귀포시 서홍동 780-1,,제주특별자치도청,064-710-2352,33.241390,126.547394,2024-12-31,I,2026-05-15 18:45:28,2025-11-07 15:49:20
6520000,202565200000700618,서귀포시외버스터미널,서귀포시외버스터미널,제주특별자치도,서귀포시,교통시설,제주특별자치도 서귀포시,,,제주특별자치도 서귀포시 법환동 843,,제주특별자치도청,064-710-2352,33.248987,126.508232,2024-12-31,I,2026-05-15 18:45:28,2025-11-07 15:49:12
6520000,202565200000701482,걸매생태공원,걸매생태공원＃2-1,제주특별자치도,서귀포시,서민·복지시설,제주특별자치도 서귀포시,,,제주특별자치도 서귀포시 서홍동 477-1,,제주특별자치도청,064-710-2352,33.250339,126.554451,2024-12-31,I,2026-05-15 18:45:28,2025-11-07 15:49:24
6520000,202565200000701141,버스정류소_성산하이츠빌라_(반참모르방면),성산하이츠빌라,제주특별자치도,서귀포시,교통시설,제주특별자치도 서귀포시,,,제주특별자치도 서귀포시 강정동 248-3,,제주특별자치도청,064-710-2352,33.249768,126.505871,2024-12-31,I,2026-05-15 18:45:28,2025-11-07 15:49:19
6520000,202565200000700664,모구리야영장,모구리야영장 #3,제주특별자치도,서귀포시,관광,제주특별자치도 서귀포시,,,제주특별자치도 서귀포시 성산읍 난산리 2960-1,,제주특별자치도청,064-710-2352,33.406068,126.820635,2024-12-31,I,2026-05-15 18:45:28,2025-11-07 15:49:12
6520000,202565200000700828,버스정류소_남원포구입구_(남원우체국방면),남원포구입구 (북) #2-1,제주특별자치도,서귀포시,교통시설,제주특별자치도 서귀포시,,,제주특별자치도 서귀포시 남원읍 남원리 116-6,,제주특별자치도청,064-710-2352,33.278739,126.717333,2024-12-31,I,2026-05-15 18:45:28,2025-11-07 15:49:15
6520000,202565200000700387,정류장_광지동(406001132) (옥외1),정류장_광지동(406001132) (옥외1),제주특별자치도,서귀포시,교통시설,제주특별자치도 서귀포시,,,제주특별자치도 서귀포시 남원읍 남원리 1446-3,,제주특별자치도청,064-710-2352,33.276536,126.708412,2024-12-31,I,2026-05-15 18:45:28,2025-11-07 15:49:09
6520000,202565200000701053,서귀포감귤박물관,감귤박물관 학습체험장 #3-4,제주특별자치도,서귀포시,관광,제주특별자치도 서귀포시,,,제주특별자치도 서귀포시 신효동 1200-2,,제주특별자치도청,064-710-2352,33.271786,126.608373,2024-12-31,I,2026-05-15 18:45:28,2025-11-07 15:49:18
6520000,202565200000700079,서귀포시청(1청사),서귀포시청(1청사),제주특별자치도,서귀포시,관공서,제주특별자치도 서귀포시,,,제주특별자치도 서귀포시 중앙로 105,,제주특별자치도청,064-710-2352,33.253914,126.559603,2024-12-31,I,2026-05-15 18:45:28,2025-11-07 15:49:06
6520000,202565200000701094,제주 허브 동산,제주 허브 동산 #2-2,제주특별자치도,서귀포시,관광,제주특별자치도 서귀포시,,,제주특별자치도 서귀포시 표선면 표선리 2608,,제주특별자치도청,064-710-2352,33.330032,126.814167,2024-12-31,I,2026-05-15 18:45:28,2025-11-07 15:49:19
6520000,202565200000701177,형제해안도로,형제해안도로 (하우스펜션 옆)#1-2,제주특별자치도,서귀포시,기타,제주특별자치도 서귀포시,,,제주특별자치도 서귀포시 대정읍 상모리 71-5,,제주특별자치도청,064-710-2352,33.212916,126.292712,2024-12-31,I,2026-05-15 18:45:28,2025-11-07 15:49:20
6520000,202565200000700843,버스정류소_막상올레_(표선환승정류장 방면),표선리 막상올레 (북) #1-1,제주특별자치도,서귀포시,교통시설,제주특별자치도 서귀포시,,,제주특별자치도 서귀포시 표선면 표선리 623 앞,,제주특별자치도청,064-710-2352,33.325803,126.833913,2024-12-31,I,2026-05-15 18:45:28,2025-11-07 15:49:15
6520000,202565200000700240,서귀포시 동부보건소 힐링센터,2층 강당,제주특별자치도,서귀포시,관공서,제주특별자치도 서귀포시,,,제주특별자치도 서귀포시 남원읍 남원리 2359-1,,제주특별자치도청,064-710-2352,33.275628,126.703391,2024-12-31,I,2026-05-15 18:45:28,2025-11-07 15:49:08
6520000,202565200000700477,붉은오름자연휴양림,붉은오름자연휴양림,제주특별자치도,서귀포시,관광,제주특별자치도 서귀포시,,,제주특별자치도 서귀포시 동홍로 278(동홍동 942),,제주특별자치도청,064-710-2352,33.403327,126.678432,2024-12-31,I,2026-05-15 18:45:28,2025-11-07 15:49:10
6520000,202565200000701408,버스정류소_반석아르미아파트_(동홍초등학교입구방면),반석아르미아파트[서]#1-2#,제주특별자치도,서귀포시,교통시설,제주특별자치도 서귀포시,,,제주특별자치도 서귀포시 동홍동 1240-6,,제주특별자치도청,064-710-2352,33.262629,126.567757,2024-12-31,I,2026-05-15 18:45:28,2025-11-07 15:49:22
6520000,202565200000700734,성산일출봉,성산일출봉 #1,제주특별자치도,서귀포시,관광,제주특별자치도 서귀포시,,,제주특별자치도 서귀포시 성산읍 성산리 114-3,,제주특별자치도청,064-710-2352,33.461488,126.935542,2024-12-31,I,2026-05-15 18:45:28,2025-11-07 15:49:13
6520000,202565200000700233,서귀포소방서 동홍119센터,1층 사무실,제주특별자치도,서귀포시,관공서,제주특별자치도 서귀포시,,,제주특별자치도 서귀포시 서홍동 478-1,,제주특별자치도청,064-710-2352,33.249188,126.553274,2024-12-31,I,2026-05-15 18:45:28,2025-11-07 15:49:08
6520000,202565200000700414,대정몽생이센터_2 (옥내2),대정몽생이센터_2 (옥내2),제주특별자치도,서귀포시,기타,제주특별자치도 서귀포시,,,제주특별자치도 서귀포시 안덕면 화순서서로 59,,제주특별자치도청,064-710-2352,33.221768,126.249749,2024-12-31,I,2026-05-15 18:45:28,2025-11-07 15:49:10
6520000,202565200000701546,광치기해변,광치기해변 #1-5,제주특별자치도,서귀포시,기타,제주특별자치도 서귀포시,,,제주특별자치도 서귀포시 성산읍 고성동서로 115,,제주특별자치도청,064-710-2352,33.454517,126.925285,2024-12-31,I,2026-05-15 18:45:28,2025-11-07 15:49:24
6520000,202565200000700971,공천포 포구,공천포구입구 정자 #1-2,제주특별자치도,서귀포시,기타,제주특별자치도 서귀포시,,,제주특별자치도 서귀포시 남원읍 신례리 72-19,,제주특별자치도청,064-710-2352,33.262699,126.641439,2024-12-31,I,2026-05-15 18:45:28,2025-11-07 15:49:16
6520000,202565200000700093,위미청소년문화의집,위미청소년문화의집,제주특별자치도,서귀포시,지역문화시설,제주특별자치도 서귀포시,,,제주특별자치도 서귀포시 남원체육관로 221번길 16,,제주특별자치도청,064-710-2352,33.280961,126.709088,2024-12-31,I,2026-05-15 18:45:28,2025-11-07 15:49:06
6520000,202565200000700130,중문청소년쉼터(중문축구장),중문청소년쉼터(중문축구장),제주특별자치도,서귀포시,서민·복지시설,제주특별자치도 서귀포시,,,제주특별자치도 서귀포시 대포동 2499,,제주특별자치도청,064-710-2352,33.234596,126.433011,2024-12-31,I,2026-05-15 18:45:28,2025-11-07 15:49:07
6520000,202565200000700822,버스정류소_천지동주민센터_(남군농협방면),천지동주민센터 #1-1,제주특별자치도,서귀포시,교통시설,제주특별자치도 서귀포시,,,제주특별자치도 서귀포시 서귀동 294-26,,제주특별자치도청,064-710-2352,33.248450,126.561622,2024-12-31,I,2026-05-15 18:45:28,2025-11-07 15:49:14
6520000,202565200000700239,서귀포시 동부보건소 치매안심센터,"2층 좌측 복도 천정, 2층 우측 복도 천정",제주특별자치도,서귀포시,관공서,제주특별자치도 서귀포시,,,제주특별자치도 서귀포시 남원읍 남원리 2359-1 서귀포시동부보건소 치매안심센터,,제주특별자치도청,064-710-2352,33.275628,126.703391,2024-12-31,I,2026-05-15 18:45:28,2025-11-07 15:49:08
6520000,202565200000700709,강창학경기장,강창학경기장#1-1,제주특별자치도,서귀포시,기타,제주특별자치도 서귀포시,,,제주특별자치도 서귀포시 중산간서로 95(강정동),,제주특별자치도청,064-710-2352,33.261281,126.500339,2024-12-31,I,2026-05-15 18:45:28,2025-11-07 15:49:13
6520000,202565200000701486,칠십리공원,칠십리공원_A ＃1-2,제주특별자치도,서귀포시,서민·복지시설,제주특별자치도 서귀포시,,,제주특별자치도 서귀포시 서홍동 571,,제주특별자치도청,064-710-2352,33.247562,126.553383,2024-12-31,I,2026-05-15 18:45:28,2025-11-07 15:49:24
6520000,202565200000700881,2코스,올레 2코스 혼인지  #2-1,제주특별자치도,서귀포시,기타,제주특별자치도 서귀포시,,,제주특별자치도 서귀포시 성산읍 온평리 1700,,제주특별자치도청,064-710-2352,33.415867,126.894572,2024-12-31,I,2026-05-15 18:45:28,2025-11-07 15:49:15
6520000,202565200000700944,6코스,올레 6코스 보목동 구두미포구 #1-2,제주특별자치도,서귀포시,기타,제주특별자치도 서귀포시,,,제주특별자치도 서귀포시 보목동 1377-3,,제주특별자치도청,064-710-2352,33.237051,126.596005,2024-12-31,I,2026-05-15 18:45:28,2025-11-07 15:49:16
6520000,202565200000700372,정류장_서성동(406000212) (옥외1),정류장_서성동(406000212) (옥외1),제주특별자치도,서귀포시,교통시설,제주특별자치도 서귀포시,,,제주특별자치도 서귀포시 남원읍 위미리 4147-8,,제주특별자치도청,064-710-2352,33.272695,126.650540,2024-12-31,I,2026-05-15 18:45:28,2025-11-07 15:49:09
6520000,202565200000700012,토산보건진료소,토산보건진료소,제주특별자치도,서귀포시,관공서,제주특별자치도 서귀포시,,,제주특별자치도 서귀포시 표선면 토산리 1364-2,,제주특별자치도청,064-710-2352,33.326234,126.767020,2024-12-31,I,2026-05-15 18:45:28,2025-11-07 15:49:06
6520000,202565200000701235,광치기해변,광치기해변 #4-3,제주특별자치도,서귀포시,기타,제주특별자치도 서귀포시,,,제주특별자치도 서귀포시 성산읍 고성리 224-40,,제주특별자치도청,064-710-2352,33.451476,126.923993,2024-12-31,I,2026-05-15 18:45:28,2025-11-07 15:49:20
6520000,202565200000701026,외돌개,외돌개#2-1,제주특별자치도,서귀포시,관광,제주특별자치도 서귀포시,,,제주특별자치도 서귀포시 서홍동 795-1,,제주특별자치도청,064-710-2352,33.240735,126.547733,2024-12-31,I,2026-05-15 18:45:28,2025-11-07 15:49:17
6520000,202565200000701499,천지연폭포,천지연폭포＃3-1,제주특별자치도,서귀포시,관광,제주특별자치도 서귀포시,,,제주특별자치도 서귀포시 서귀동 805-4,,제주특별자치도청,064-710-2352,33.246184,126.557365,2024-12-31,I,2026-05-15 18:45:28,2025-11-07 15:49:24
6520000,202565200000700394,정류장_상창보건진료소(406000005) (옥외1),정류장_상창보건진료소(406000005) (옥외1),제주특별자치도,서귀포시,교통시설,제주특별자치도 서귀포시,,,제주특별자치도 서귀포시 안덕면 상창리 751-2,,제주특별자치도청,064-710-2352,33.274984,126.362738,2024-12-31,I,2026-05-15 18:45:28,2025-11-07 15:49:10
6520000,202565200000701436,버스정류소_도순동_(대천동주민센터 방면),도순동[남])#1-1,제주특별자치도,서귀포시,교통시설,제주특별자치도 서귀포시,,,제주특별자치도 서귀포시 도순동 811,,제주특별자치도청,064-710-2352,33.252591,126.473456,2024-12-31,I,2026-05-15 18:45:28,2025-11-07 15:49:23
6520000,202565200000700289,덕수리 다목적회관_1 (옥외1),덕수리 다목적회관_1 (옥외1),제주특별자치도,서귀포시,지역문화시설,제주특별자치도 서귀포시,,,제주특별자치도 서귀포시 안덕면 덕수회관로 97,,제주특별자치도청,064-710-2352,33.254180,126.306501,2024-12-31,I,2026-05-15 18:45:28,2025-11-07 15:49:08
6520000,202565200000700348,성읍1리노인회_2 (옥내1),성읍1리노인회_2 (옥내1),제주특별자치도,서귀포시,서민·복지시설,제주특별자치도 서귀포시,,,제주특별자치도 서귀포시 표선면 성읍정의현로 88-3,,제주특별자치도청,064-710-2352,33.390672,126.801001,2024-12-31,I,2026-05-15 18:45:28,2025-11-07 15:49:09
6520000,202565200000701286,산방산,산방산 #3-2,제주특별자치도,서귀포시,관광,제주특별자치도 서귀포시,,,제주특별자치도 서귀포시 안덕면 사계리 116-4(사계리 118-3 앞),,제주특별자치도청,064-710-2352,33.233607,126.311280,2024-12-31,I,2026-05-15 18:45:28,2025-11-07 15:49:21
6520000,202565200000700668,백년초박물관,백년초박물관,제주특별자치도,서귀포시,관광,제주특별자치도 서귀포시,,,제주특별자치도 서귀포시 호근동 310-3,,제주특별자치도청,064-710-2352,33.244658,126.543906,2024-12-31,I,2026-05-15 18:45:28,2025-11-07 15:49:12
6520000,202565200000700579,세계자동차박물관,세계자동차박물관 #1,제주특별자치도,서귀포시,관광,제주특별자치도 서귀포시,,,제주특별자치도 서귀포시 안덕면 상창리 2065-4,,제주특별자치도청,064-710-2352,33.282837,126.349565,2024-12-31,I,2026-05-15 18:45:28,2025-11-07 15:49:12
6520000,202565200000700714,안덕생활체육관,안덕생활체육관#1-1,제주특별자치도,서귀포시,서민·복지시설,제주특별자치도 서귀포시,,,제주특별자치도 서귀포시 안덕면 화순서서로 59,,제주특별자치도청,064-710-2352,33.256204,126.328542,2024-12-31,I,2026-05-15 18:45:28,2025-11-07 15:49:13
6520000,202565200000701268,사려니숲길,사려니숲길(한라일보 정기공연장)#1-3,제주특별자치도,서귀포시,기타,제주특별자치도 서귀포시,,,제주특별자치도 서귀포시 표선면 가시리 산 158,,제주특별자치도청,064-710-2352,33.394809,126.683235,2024-12-31,I,2026-05-15 18:45:28,2025-11-07 15:49:21
6520000,202565200000700435,남원생활체육관,남원생활체육관,제주특별자치도,서귀포시,서민·복지시설,제주특별자치도 서귀포시,,,제주특별자치도 서귀포시 남원읍 남원리2337-1,,제주특별자치도청,064-710-2352,33.278157,126.705223,2024-12-31,I,2026-05-15 18:45:28,2025-11-07 15:49:10
6520000,202565200000700103,중문지역아동센터,중문지역아동센터,제주특별자치도,서귀포시,서민·복지시설,제주특별자치도 서귀포시,,,제주특별자치도 서귀포시 중문로 105번길 14(중문동),,제주특별자치도청,064-710-2352,33.260625,126.425882,2024-12-31,I,2026-05-15 18:45:28,2025-11-07 15:49:07
6520000,202565200000701611,전기차충전소_서귀포시청 1청사 1층 지하주차장,서귀포시청 1청사 #1-1,제주특별자치도,서귀포시,관공서,제주특별자치도 서귀포시,,,제주특별자치도 서귀포시 서홍동 440-1,,제주특별자치도청,064-710-2352,33.253916,126.560642,2024-12-31,I,2026-05-15 18:45:28,2025-11-07 15:49:25
6520000,202565200000700189,초콜릿박물관,초콜릿박물관,제주특별자치도,서귀포시,관광,제주특별자치도 서귀포시,,,제주특별자치도 서귀포시 대정읍 일주서로3000번길,,제주특별자치도청,064-710-2352,33.256265,126.227643,2024-12-31,I,2026-05-15 18:45:28,2025-11-07 15:49:07
6520000,202565200000700917,7코스,올레 7코스 법환포구 야외공연장 #1-2,제주특별자치도,서귀포시,기타,제주특별자치도 서귀포시,,,제주특별자치도 서귀포시 법환동 284,,제주특별자치도청,064-710-2352,33.237580,126.515450,2024-12-31,I,2026-05-15 18:45:28,2025-11-07 15:49:15
6520000,202565200000700478,표선생활체육관,표선생활체육관,제주특별자치도,서귀포시,서민·복지시설,제주특별자치도 서귀포시,,,제주특별자치도 서귀포시 표선면 하천리 1832-1,,제주특별자치도청,064-710-2352,33.354206,126.814399,2024-12-31,I,2026-05-15 18:45:28,2025-11-07 15:49:10
6520000,202565200000701361,덕판배미술관,칠십리공원 #5-3 (덕판배미술관),제주특별자치도,서귀포시,지역문화시설,제주특별자치도 서귀포시,,,제주특별자치도 서귀포시 서홍동 648-13,,제주특별자치도청,064-710-2352,33.244178,126.556256,2024-12-31,I,2026-05-15 18:45:28,2025-11-07 15:49:22
6520000,202565200000700724,표선생활체육관,표선생활체육관 #1-2,제주특별자치도,서귀포시,서민·복지시설,제주특별자치도 서귀포시,,,제주특별자치도 서귀포시 표선면 하천리 1832-1,,제주특별자치도청,064-710-2352,33.354094,126.814487,2024-12-31,I,2026-05-15 18:45:28,2025-11-07 15:49:13
6520000,202565200000701079,중문단지 축구장,중문단지 축구장 #1-1,제주특별자치도,서귀포시,서민·복지시설,제주특별자치도 서귀포시,,,제주특별자치도 서귀포시 대포동 2492,,제주특별자치도청,064-710-2352,33.234956,126.433666,2024-12-31,I,2026-05-15 18:45:28,2025-11-07 15:49:19
6520000,202565200000701042,황우지해안,황우지해안#1-1,제주특별자치도,서귀포시,기타,제주특별자치도 서귀포시,,,제주특별자치도 서귀포시 서홍동 795-1,,제주특별자치도청,064-710-2352,33.240385,126.548188,2024-12-31,I,2026-05-15 18:45:28,2025-11-07 15:49:18
6520000,202565200000700286,대평리희망마을센터_2 (옥내1),대평리희망마을센터_2 (옥내1),제주특별자치도,서귀포시,기타,제주특별자치도 서귀포시,,,제주특별자치도 서귀포시 안덕면 대평감사로4,,제주특별자치도청,064-710-2352,33.268496,126.332433,2024-12-31,I,2026-05-15 18:45:28,2025-11-07 15:49:08
6520000,202565200000700294,창천리경로당_1 (옥외1),창천리경로당_1 (옥외1),제주특별자치도,서귀포시,서민·복지시설,제주특별자치도 서귀포시,,,제주특별자치도 서귀포시 안덕면 창천중앙로 35-2,,제주특별자치도청,064-710-2352,33.265829,126.368640,2024-12-31,I,2026-05-15 18:45:28,2025-11-07 15:49:08
6520000,202565200000700697,서귀포농업기술센터,서귀포농업기술센터 #1-1,제주특별자치도,서귀포시,관공서,제주특별자치도 서귀포시,,,제주특별자치도 서귀포시 남원읍 하례리 1558,,제주특별자치도청,064-710-2352,33.287381,126.607746,2024-12-31,I,2026-05-15 18:45:28,2025-11-07 15:49:13
6520000,202565200000700592,세계술박물관,세계술박물관,제주특별자치도,서귀포시,관광,제주특별자치도 서귀포시,,,제주특별자치도 서귀포시 표선면 하천리 1814-1,,제주특별자치도청,064-710-2352,33.353978,126.817767,2024-12-31,I,2026-05-15 18:45:28,2025-11-07 15:49:12
6520000,202565200000701356,혁신도시 국민체육센터,혁신도시 국민체육센터 #1-4,제주특별자치도,서귀포시,서민·복지시설,제주특별자치도 서귀포시,,,제주특별자치도 서귀포시 서호동 1602,,제주특별자치도청,064-710-2352,33.252518,126.516542,2024-12-31,I,2026-05-15 18:45:28,2025-11-07 15:49:22
6520000,202565200000700765,버스정류소_안덕계곡(406000514),감산리 방면,제주특별자치도,서귀포시,교통시설,제주특별자치도 서귀포시,,,제주특별자치도 서귀포시 안덕면 감산리 357-3,,제주특별자치도청,064-710-2352,33.258429,126.353616,2024-12-31,I,2026-05-15 18:45:28,2025-11-07 15:49:13
6520000,202565200000700796,제석공원,제석공원1 #1-2,제주특별자치도,서귀포시,서민·복지시설,제주특별자치도 서귀포시,,,제주특별자치도 서귀포시 서귀동 165-1,,제주특별자치도청,064-710-2352,33.246095,126.566356,2024-12-31,I,2026-05-15 18:45:28,2025-11-07 15:49:14
6520000,202565200000701013,돈내코 한라산 탐방안내소,돈내코 한라산 탐방안내소 #1-1,제주특별자치도,서귀포시,서민·복지시설,제주특별자치도 서귀포시,,,제주특별자치도 서귀포시 상효동 산 1,,제주특별자치도청,064-710-2352,33.313837,126.571375,2024-12-31,I,2026-05-15 18:45:28,2025-11-07 15:49:17
6520000,202565200000701018,버스정류소_월라봉_(상효입구방면),월라봉 (북) #1-1,제주특별자치도,서귀포시,교통시설,제주특별자치도 서귀포시,,,제주특별자치도 서귀포시 신효동 1151-2,,제주특별자치도청,064-710-2352,33.262523,126.606241,2024-12-31,I,2026-05-15 18:45:28,2025-11-07 15:49:17
6520000,202565200000701039,노리매(매화테마공원),노리매공원 #2-2,제주특별자치도,서귀포시,관광,제주특별자치도 서귀포시,,,제주특별자치도 서귀포시 대정읍 중산간서로 2260-15,,제주특별자치도청,064-710-2352,33.283854,126.287080,2024-12-31,I,2026-05-15 18:45:28,2025-11-07 15:49:18
6520000,202565200000701216,1100도로 거린사슴전망대,1100도로 거린사슴전망대(입구및주차장)#1,제주특별자치도,서귀포시,관광,제주특별자치도 서귀포시,,,제주특별자치도 서귀포시 대포동 산 2-11,,제주특별자치도청,064-710-2352,33.307438,126.454922,2024-12-31,I,2026-05-15 18:45:28,2025-11-07 15:49:20
6520000,202565200000700456,버스정류소-중앙로터리(서),중앙로터리(서),제주특별자치도,서귀포시,교통시설,제주특별자치도 서귀포시,,,제주특별자치도 서귀포시 서귀동 336,,제주특별자치도청,064-710-2352,33.252736,126.560595,2024-12-31,I,2026-05-15 18:45:28,2025-11-07 15:49:10
6520000,202565200000700396,정류장_하례1리입구(406000221) (옥외1),정류장_하례1리입구(406000221) (옥외1),제주특별자치도,서귀포시,교통시설,제주특별자치도 서귀포시,,,제주특별자치도 서귀포시 중문관광로 227-24(중문동),,제주특별자치도청,064-710-2352,33.263285,126.626086,2024-12-31,I,2026-05-15 18:45:28,2025-11-07 15:49:10
6520000,202565200000700816,버스정류소_보목신협_(도영슈퍼방면),보목신협 #1-1,제주특별자치도,서귀포시,교통시설,제주특별자치도 서귀포시,,,제주특별자치도 서귀포시 보목동 715-1,,제주특별자치도청,064-710-2352,33.241643,126.601984,2024-12-31,I,2026-05-15 18:45:28,2025-11-07 15:49:14
6520000,202565200000700424,숨골공원_2 (옥외1),숨골공원_2 (옥외1),제주특별자치도,서귀포시,서민·복지시설,제주특별자치도 서귀포시,,,제주특별자치도 서귀포시 서호동 1609,,제주특별자치도청,064-710-2352,33.248162,126.515917,2024-12-31,I,2026-05-15 18:45:28,2025-11-07 15:49:10
6520000,202565200000700845,버스정류소_세천동_(대원상동방면),세천동 (북) #1-1,제주특별자치도,서귀포시,교통시설,제주특별자치도 서귀포시,,,제주특별자치도 서귀포시 남원읍 위미리 939-7 앞,,제주특별자치도청,064-710-2352,33.275243,126.674758,2024-12-31,I,2026-05-15 18:45:28,2025-11-07 15:49:15
6520000,202565200000701492,성산포항,성산포항#1-2,제주특별자치도,서귀포시,기타,제주특별자치도 서귀포시,,,제주특별자치도 서귀포시 성산읍 성산리 347-9,,제주특별자치도청,064-710-2352,33.472572,126.933402,2024-12-31,I,2026-05-15 18:45:28,2025-11-07 15:49:24
6520000,202565200000701502,천지연폭포,천지연폭포＃4-1,제주특별자치도,서귀포시,관광,제주특별자치도 서귀포시,,,제주특별자치도 서귀포시 서귀동 809,,제주특별자치도청,064-710-2352,33.246240,126.555365,2024-12-31,I,2026-05-15 18:45:28,2025-11-07 15:49:24
6520000,202565200000700965,제주유채꽃축제장,제주유채꽃축제 #1-3(조랑말공원),제주특별자치도,서귀포시,관광,제주특별자치도 서귀포시,,,제주특별자치도 서귀포시 표선면 가시리 3149-33,,제주특별자치도청,064-710-2352,33.383404,126.735711,2024-12-31,I,2026-05-15 18:45:28,2025-11-07 15:49:16
6520000,202565200000700978,서귀포올림픽기념국민생활관,서귀포올림픽기념국민생활관 #1-1,제주특별자치도,서귀포시,서민·복지시설,제주특별자치도 서귀포시,,,제주특별자치도 서귀포시 강정동 1480,,제주특별자치도청,064-710-2352,33.260932,126.499501,2024-12-31,I,2026-05-15 18:45:28,2025-11-07 15:49:16
6520000,202565200000701533,서귀포 치유의 숲,서귀포 치유의 숲#6-1,제주특별자치도,서귀포시,기타,제주특별자치도 서귀포시,,,제주특별자치도 서귀포시 호근동 산 4(산록남로 2271),,제주특별자치도청,064-710-2352,33.291889,126.525733,2024-12-31,I,2026-05-15 18:45:28,2025-11-07 15:49:24
6520000,202565200000701402,파더스가든,파더스가든#1-1,제주특별자치도,서귀포시,관광,제주특별자치도 서귀포시,,,제주특별자치도 서귀포시 안덕면 상창리 804(병악로44-33),,제주특별자치도청,064-710-2352,33.279937,126.365786,2024-12-31,I,2026-05-15 18:45:28,2025-11-07 15:49:22
6520000,202565200000700354,농업기술원 본원_2 (옥내3),농업기술원 본원_2 (옥내3),제주특별자치도,서귀포시,관공서,제주특별자치도 서귀포시,,,제주특별자치도 서귀포시 중산간서로 212(강정동),,제주특별자치도청,064-710-2352,33.261457,126.488638,2024-12-31,I,2026-05-15 18:45:28,2025-11-07 15:49:09
6520000,202565200000700725,서귀포농업기술센터,서귀포농업기술센터 #2-1,제주특별자치도,서귀포시,관공서,제주특별자치도 서귀포시,,,제주특별자치도 서귀포시 남원읍 하례리 1558,,제주특별자치도청,064-710-2352,33.288129,126.608388,2024-12-31,I,2026-05-15 18:45:28,2025-11-07 15:49:13
6520000,202565200000700924,11코스,11코스-인향동쉼터2-인향경로당 #1-1,제주특별자치도,서귀포시,기타,제주특별자치도 서귀포시,,,제주특별자치도 서귀포시 대정읍 무릉리 132-1,,제주특별자치도청,064-710-2352,33.278393,126.246137,2024-12-31,I,2026-05-15 18:45:28,2025-11-07 15:49:15
6520000,202565200000700931,섭지코지,섭지코지 #1-2,제주특별자치도,서귀포시,기타,제주특별자치도 서귀포시,,,제주특별자치도 서귀포시 성산읍 고성리 62-1,,제주특별자치도청,064-710-2352,33.423569,126.929839,2024-12-31,I,2026-05-15 18:45:28,2025-11-07 15:49:16
6520000,202565200000700389,정류장_(구)중문동주민센터(406000443) (옥외1),정류장_(구)중문동주민센터(406000443) (옥외1),제주특별자치도,서귀포시,교통시설,제주특별자치도 서귀포시,,,제주특별자치도 서귀포시 중문동 1880-2,,제주특별자치도청,064-710-2352,33.251155,126.434175,2024-12-31,I,2026-05-15 18:45:28,2025-11-07 15:49:10
6520000,202565200000701203,전기차충전소_서귀포시 일터나눔 자활센터,서귀포시 일터나눔 자활센터#1,제주특별자치도,서귀포시,기타,제주특별자치도 서귀포시,,,제주특별자치도 서귀포시 속골로 22(호근동 1579-1),,제주특별자치도청,064-710-2352,33.241303,126.529425,2024-12-31,I,2026-05-15 18:45:28,2025-11-07 15:49:20
6520000,202565200000700508,제주한란전시관,제주한란전시관,제주특별자치도,서귀포시,관광,제주특별자치도 서귀포시,,,제주특별자치도 서귀포시 상효동 1421-15,,제주특별자치도청,064-710-2352,33.296347,126.590537,2024-12-31,I,2026-05-15 18:45:28,2025-11-07 15:49:11
6520000,202565200000700810,하모어린이공원,하모어린이공원 #2-3,제주특별자치도,서귀포시,서민·복지시설,제주특별자치도 서귀포시,,,제주특별자치도 서귀포시 대정읍 하모리 2140,,제주특별자치도청,064-710-2352,33.218956,126.252657,2024-12-31,I,2026-05-15 18:45:28,2025-11-07 15:49:14
6520000,202565200000700022,성산 보건지소(구 고성 보건지소),고성 보건지소,제주특별자치도,서귀포시,관공서,제주특별자치도 서귀포시,,,제주특별자치도 서귀포시 성산읍 고성리 346-2번지 외 3필지,,제주특별자치도청,064-710-2352,33.446555,126.915745,2024-12-31,I,2026-05-15 18:45:28,2025-11-07 15:49:06
6520000,202565200000700757,놀래쉴래커뮤니티센터,놀래쉴래커뮤니티센터#2,제주특별자치도,서귀포시,관공서,제주특별자치도 서귀포시,,,제주특별자치도 서귀포시 표선면 서성일로 68,,제주특별자치도청,064-710-2352,33.397535,126.803745,2024-12-31,I,2026-05-15 18:45:28,2025-11-07 15:49:13
6520000,202565200000700375,정류장_동부보건소(406001130) (옥외1),정류장_동부보건소(406001130) (옥외1),제주특별자치도,서귀포시,교통시설,제주특별자치도 서귀포시,,,제주특별자치도 서귀포시 남원읍 남원리 2371-1,,제주특별자치도청,064-710-2352,33.274556,126.702602,2024-12-31,I,2026-05-15 18:45:28,2025-11-07 15:49:09
6520000,202565200000701074,서귀포시 테니스공원,서귀포시 테니스공원#1-3,제주특별자치도,서귀포시,서민·복지시설,제주특별자치도 서귀포시,,,제주특별자치도 서귀포시 동홍동 1447,,제주특별자치도청,064-710-2352,33.257855,126.564074,2024-12-31,I,2026-05-15 18:45:28,2025-11-07 15:49:19
6520000,202565200000701145,강창학파크 골프장,강창학파크 골프장 #1-1,제주특별자치도,서귀포시,서민·복지시설,제주특별자치도 서귀포시,,,제주특별자치도 서귀포시 강정동 1353,,제주특별자치도청,064-710-2352,33.257088,126.499848,2024-12-31,I,2026-05-15 18:45:28,2025-11-07 15:49:19
6520000,202565200000700645,사계 해변,사계 해변,제주특별자치도,서귀포시,기타,제주특별자치도 서귀포시,,,제주특별자치도 서귀포시 안덕면 사계리 2071-1,,제주특별자치도청,064-710-2352,33.227820,126.305082,2024-12-31,I,2026-05-15 18:45:28,2025-11-07 15:49:12
6520000,202565200000700307,하예2 마을회관 (옥내1),하예2 마을회관 (옥내1),제주특별자치도,서귀포시,지역문화시설,제주특별자치도 서귀포시,,,제주특별자치도 서귀포시 예래로 416,,제주특별자치도청,064-710-2352,33.236649,126.373087,2024-12-31,I,2026-05-15 18:45:28,2025-11-07 15:49:08
6520000,202565200000701420,버스정류소_호근사거리_(동문방면),호근사거리[남]#1-2#,제주특별자치도,서귀포시,교통시설,제주특별자치도 서귀포시,,,제주특별자치도 서귀포시 호근동 1917앞,,제주특별자치도청,064-710-2352,33.257415,126.527456,2024-12-31,I,2026-05-15 18:45:28,2025-11-07 15:49:23
6520000,202565200000701543,광치기해변,광치기해변 #1-2,제주특별자치도,서귀포시,기타,제주특별자치도 서귀포시,,,제주특별자치도 서귀포시 성산읍 고성동서로 115,,제주특별자치도청,064-710-2352,33.452188,126.923750,2024-12-31,I,2026-05-15 18:45:28,2025-11-07 15:49:24
6520000,202565200000700701,코코몽,코코몽 주차장 #1-2,제주특별자치도,서귀포시,기타,제주특별자치도 서귀포시,,,제주특별자치도 서귀포시 남원읍 남원리 2381,,제주특별자치도청,064-710-2352,33.274883,126.705109,2024-12-31,I,2026-05-15 18:45:28,2025-11-07 15:49:13
6520000,202565200000700313,서귀포시청 세무과 민원실 (옥내1),서귀포시청 세무과 민원실 (옥내1),제주특별자치도,서귀포시,관공서,제주특별자치도 서귀포시,,,제주특별자치도 서귀포시 중앙로 105,,제주특별자치도청,064-710-2352,33.253914,126.559603,2024-12-31,I,2026-05-15 18:45:28,2025-11-07 15:49:08
6520000,202565200000700567,제주다원,제주다원,제주특별자치도,서귀포시,관광,제주특별자치도 서귀포시,,,제주특별자치도 서귀포시 색달동 산 50,,제주특별자치도청,064-710-2352,33.291285,126.421964,2024-12-31,I,2026-05-15 18:45:28,2025-11-07 15:49:11
6520000,202565200000700975,토평근린공원,토평근린공원 #1-2,제주특별자치도,서귀포시,서민·복지시설,제주특별자치도 서귀포시,,,제주특별자치도 서귀포시 토평동 3273-1,,제주특별자치도청,064-710-2352,33.292832,126.580865,2024-12-31,I,2026-05-15 18:45:28,2025-11-07 15:49:16
6520000,202565200000700782,1코스,올레1코스 안내소 #1-1,제주특별자치도,서귀포시,기타,제주특별자치도 서귀포시,,,제주특별자치도 서귀포시 성산읍 시흥리 2665-1,,제주특별자치도청,064-710-2352,33.474524,126.885873,2024-12-31,I,2026-05-15 18:45:28,2025-11-07 15:49:14
6520000,202565200000700593,세계술박물관,세계술박물관,제주특별자치도,서귀포시,관광,제주특별자치도 서귀포시,,,제주특별자치도 서귀포시 표선면 하천리 1814-1,,제주특별자치도청,064-710-2352,33.353985,126.817850,2024-12-31,I,2026-05-15 18:45:28,2025-11-07 15:49:12
6520000,202565200000701303,6코스,소라의성 시민 북카페 #1-1,제주특별자치도,서귀포시,기타,제주특별자치도 서귀포시,,,제주특별자치도 서귀포시 동홍동 234-8(칠십리로214번길 17-17),,제주특별자치도청,064-710-2352,33.245166,126.577015,2024-12-31,I,2026-05-15 18:45:28,2025-11-07 15:49:21
6520000,202565200000700970,공천포 포구,공천포구입구 정자 #1-1,제주특별자치도,서귀포시,기타,제주특별자치도 서귀포시,,,제주특별자치도 서귀포시 남원읍 신례리 72-19,,제주특별자치도청,064-710-2352,33.262699,126.641439,2024-12-31,I,2026-05-15 18:45:28,2025-11-07 15:49:16
6520000,202565200000701280,전기차충전소_성산부두 우도선착장 주차장,성산부두 우도선착장 주차장 #1-2,제주특별자치도,서귀포시,기타,제주특별자치도 서귀포시,,,제주특별자치도 서귀포시 성산읍 성산리 347-9,,제주특별자치도청,064-710-2352,33.472525,126.932347,2024-12-31,I,2026-05-15 18:45:28,2025-11-07 15:49:21
6520000,202565200000700364,정류장_대평리(406000367) (옥외1),정류장_대평리(406000367) (옥외1),제주특별자치도,서귀포시,교통시설,제주특별자치도 서귀포시,,,제주특별자치도 서귀포시 안덕면 창천리 777-10,,제주특별자치도청,064-710-2352,33.235009,126.366981,2024-12-31,I,2026-05-15 18:45:28,2025-11-07 15:49:09
6520000,202565200000700543,버스정류소_동광환승정류장(영어교육도시방면),동광환승정류장(영어교육도시방면),제주특별자치도,서귀포시,교통시설,제주특별자치도 서귀포시,,,제주특별자치도 서귀포시 안덕면 동광리 942-5,,제주특별자치도청,064-710-2352,33.310321,126.339296,2024-12-31,I,2026-05-15 18:45:28,2025-11-07 15:49:11
6520000,202565200000701265,1100고지 휴게소,1100고지 휴게소 #1-3,제주특별자치도,서귀포시,관광,제주특별자치도 서귀포시,,,제주특별자치도 서귀포시 색달동 산 1-3,,제주특별자치도청,064-710-2352,33.357761,126.462454,2024-12-31,I,2026-05-15 18:45:28,2025-11-07 15:49:21
6520000,202565200000701273,성산읍 공설묘지 봉안당,성산읍 공설묘지 봉안당 #1-5,제주특별자치도,서귀포시,서민·복지시설,제주특별자치도 서귀포시,,,제주특별자치도 서귀포시 성산읍 수산리 4711(성산읍 금백조로 548),,제주특별자치도청,064-710-2352,33.434721,126.816923,2024-12-31,I,2026-05-15 18:45:28,2025-11-07 15:49:21
6520000,202565200000701246,영어2호근린공원,영어2호근린공원 #1-1,제주특별자치도,서귀포시,서민·복지시설,제주특별자치도 서귀포시,,,제주특별자치도 서귀포시 대정읍 구억리 1144,,제주특별자치도청,064-710-2352,33.285848,126.284233,2024-12-31,I,2026-05-15 18:45:28,2025-11-07 15:49:21
6520000,202565200000700775,전기차충전소_대정 문화체육센터,대정 문화체육센터 #1-1,제주특별자치도,서귀포시,기타,제주특별자치도 서귀포시,,,제주특별자치도 서귀포시 대정읍 동일리 3171(후문 우측),,제주특별자치도청,064-710-2352,33.263959,126.236330,2024-12-31,I,2026-05-15 18:45:28,2025-11-07 15:49:14
6520000,202565200000700466,안덕생활체육관,안덕생활체육관,제주특별자치도,서귀포시,서민·복지시설,제주특별자치도 서귀포시,,,제주특별자치도 서귀포시 안덕면 화순리 2063,,제주특별자치도청,064-710-2352,33.256193,126.328319,2024-12-31,I,2026-05-15 18:45:28,2025-11-07 15:49:10
6520000,202565200000700552,버스정류소_표선환승정류장(표선리사무소)(동),표선환승정류장(표선리사무소)(동),제주특별자치도,서귀포시,교통시설,제주특별자치도 서귀포시,,,제주특별자치도 서귀포시 표선면 표선리 631-1,,제주특별자치도청,064-710-2352,33.325277,126.832459,2024-12-31,I,2026-05-15 18:45:28,2025-11-07 15:49:11
6520000,202565200000700517,산방산,산방산,제주특별자치도,서귀포시,관광,제주특별자치도 서귀포시,,,제주특별자치도 서귀포시 안덕면 사계리 181-2,,제주특별자치도청,064-710-2352,33.236578,126.312432,2024-12-31,I,2026-05-15 18:45:28,2025-11-07 15:49:11
6520000,202565200000700751,성읍1리사무소,성읍1리사무소#2,제주특별자치도,서귀포시,관공서,제주특별자치도 서귀포시,,,제주특별자치도 서귀포시 표선면 중산간동로 4658,,제주특별자치도청,064-710-2352,33.389957,126.797781,2024-12-31,I,2026-05-15 18:45:28,2025-11-07 15:49:13
6520000,202565200000701531,서귀포 치유의 숲,서귀포 치유의 숲#3-3,제주특별자치도,서귀포시,기타,제주특별자치도 서귀포시,,,제주특별자치도 서귀포시 호근동 산 4(산록남로 2271),,제주특별자치도청,064-710-2352,33.292349,126.526370,2024-12-31,I,2026-05-15 18:45:28,2025-11-07 15:49:24
6520000,202565200000701304,6코스,소라의성 시민 북카페 #1-2,제주특별자치도,서귀포시,기타,제주특별자치도 서귀포시,,,제주특별자치도 서귀포시 동홍동 234-8(칠십리로214번길 17-17),,제주특별자치도청,064-710-2352,33.245166,126.577015,2024-12-31,I,2026-05-15 18:45:28,2025-11-07 15:49:21
6520000,202565200000700799,칠십리공원,칠십리공원 #2-4,제주특별자치도,서귀포시,서민·복지시설,제주특별자치도 서귀포시,,,제주특별자치도 서귀포시 서홍동 2579,,제주특별자치도청,064-710-2352,33.245805,126.554014,2024-12-31,I,2026-05-15 18:45:28,2025-11-07 15:49:14
6520000,202565200000701040,제주국제예술센터,제주국제예술센터 #1-1,제주특별자치도,서귀포시,관광,제주특별자치도 서귀포시,,,제주특별자치도 서귀포시 대정읍 서삼중로 117,,제주특별자치도청,064-710-2352,33.271798,126.199376,2024-12-31,I,2026-05-15 18:45:28,2025-11-07 15:49:18
6520000,202565200000701617,모슬포중앙시장,모슬포중앙시장#1-2,제주특별자치도,서귀포시,기타,제주특별자치도 서귀포시,,,제주특별자치도 서귀포시 대정읍 하모리 822-7,,제주특별자치도청,064-710-2352,33.221914,126.254861,2024-12-31,I,2026-05-15 18:45:28,2025-11-07 15:49:25
6520000,202565200000700604,7-1코스,7-1코스,제주특별자치도,서귀포시,기타,제주특별자치도 서귀포시,,,제주특별자치도 서귀포시 서귀동 316-1,,제주특별자치도청,064-710-2352,33.247501,126.558553,2024-12-31,I,2026-05-15 18:45:28,2025-11-07 15:49:12
6520000,202565200000700520,성산일출봉,성산일출봉 #1,제주특별자치도,서귀포시,관광,제주특별자치도 서귀포시,,,제주특별자치도 서귀포시 성산읍 성산리 104-1,,제주특별자치도청,064-710-2352,33.462943,126.936560,2024-12-31,I,2026-05-15 18:45:28,2025-11-07 15:49:11
6520000,202565200000701170,형제해안도로,형제해안도로 송악산(3사 중계기)#1-3,제주특별자치도,서귀포시,기타,제주특별자치도 서귀포시,,,제주특별자치도 서귀포시 대정읍 상모리 4165-125,,제주특별자치도청,064-710-2352,33.205186,126.289076,2024-12-31,I,2026-05-15 18:45:28,2025-11-07 15:49:20
6520000,202565200000701615,전기차충전소_월드컵경기장,월드컵경기장 대도로변 입구 매표소#1-3,제주특별자치도,서귀포시,기타,제주특별자치도 서귀포시,,,제주특별자치도 서귀포시 법환동 914(월드컵로 33 ),,제주특별자치도청,064-710-2352,33.248435,126.510737,2024-12-31,I,2026-05-15 18:45:28,2025-11-07 15:49:25
6520000,202565200000701511,버스정류소_효돈초등학교(신협 방면),효돈초등학교(북)#1-1,제주특별자치도,서귀포시,교통시설,제주특별자치도 서귀포시,,,제주특별자치도 서귀포시 하효동 147-9,,제주특별자치도청,064-710-2352,33.263699,126.616540,2024-12-31,I,2026-05-15 18:45:28,2025-11-07 15:49:24
6520000,202565200000700530,버스정류소_남원환승정류장(남원읍사무소),남원환승정류장(남원읍사무소),제주특별자치도,서귀포시,교통시설,제주특별자치도 서귀포시,,,제주특별자치도 서귀포시 남원읍 남원리 211-2,,제주특별자치도청,064-710-2352,33.280512,126.721065,2024-12-31,I,2026-05-15 18:45:28,2025-11-07 15:49:11
6520000,202565200000700264,남원의례회관_1 (옥외1),남원의례회관_1 (옥외1),제주특별자치도,서귀포시,서민·복지시설,제주특별자치도 서귀포시,,,제주특별자치도 서귀포시 남원읍 서의로 26,,제주특별자치도청,064-710-2352,33.294808,126.711418,2024-12-31,I,2026-05-15 18:45:28,2025-11-07 15:49:08
6520000,202565200000700954,8코스,올레 8코스 약천사 주차장 충전소 #1-1,제주특별자치도,서귀포시,기타,제주특별자치도 서귀포시,,,제주특별자치도 서귀포시 대포동 1155-3,,제주특별자치도청,064-710-2352,33.246113,126.448608,2024-12-31,I,2026-05-15 18:45:28,2025-11-07 15:49:16
6520000,202565200000701472,서귀포시 동부보건소 치매안심센터,서귀포시 동부보건소 #1-2,제주특별자치도,서귀포시,관공서,제주특별자치도 서귀포시,,,제주특별자치도 서귀포시 남원읍 남원리 2359-1,,제주특별자치도청,064-710-2352,33.275351,126.703669,2024-12-31,I,2026-05-15 18:45:28,2025-11-07 15:49:23
6520000,202565200000700190,아프리카박물관,아프리카박물관,제주특별자치도,서귀포시,관광,제주특별자치도 서귀포시,,,제주특별자치도 서귀포시 이어도로 49,,제주특별자치도청,064-710-2352,33.239980,126.428816,2024-12-31,I,2026-05-15 18:45:28,2025-11-07 15:49:07
6520000,202565200000701480,걸매생태공원,걸매생태공원＃1-1,제주특별자치도,서귀포시,서민·복지시설,제주특별자치도 서귀포시,,,제주특별자치도 서귀포시 서홍동 1201,,제주특별자치도청,064-710-2352,33.251485,126.554335,2024-12-31,I,2026-05-15 18:45:28,2025-11-07 15:49:24
6520000,202565200000700138,장애인자립생활센터,장애인자립생활센터,제주특별자치도,서귀포시,서민·복지시설,제주특별자치도 서귀포시,,,제주특별자치도 서귀포시   중산간동로 8062-3(서홍동),,제주특별자치도청,064-710-2352,33.264532,126.555457,2024-12-31,I,2026-05-15 18:45:28,2025-11-07 15:49:07
6520000,202565200000700145,서귀포시 동부청소년쉼터(동부도서관),서귀포시 동부청소년쉼터(동부도서관),제주특별자치도,서귀포시,관공서,제주특별자치도 서귀포시,,,제주특별자치도 서귀포시 일주동로 8232,,제주특별자치도청,064-710-2352,33.261753,126.608316,2024-12-31,I,2026-05-15 18:45:28,2025-11-07 15:49:07
6520000,202565200000700679,서귀포서부도서관,서귀포서부도서관,제주특별자치도,서귀포시,관공서,제주특별자치도 서귀포시,,,제주특별자치도 서귀포시 중문동 1921-1,,제주특별자치도청,064-710-2352,33.250870,126.432420,2024-12-31,I,2026-05-15 18:45:28,2025-11-07 15:49:13
6520000,202565200000700224,남원읍사무소,"2층 대강당입구(복도), 2층 주민자치팀입구(복도)
2층 회의실",제주특별자치도,서귀포시,관공서,제주특별자치도 서귀포시,,,제주특별자치도 서귀포시 남원읍 남원리 205-1,,제주특별자치도청,064-710-2352,33.279891,126.720675,2024-12-31,I,2026-05-15 18:45:28,2025-11-07 15:49:08
6520000,202565200000701590,새연교,새연교#1-4,제주특별자치도,서귀포시,관광,제주특별자치도 서귀포시,,,제주특별자치도 서귀포시 서홍동 707-6(남성중로 40),,제주특별자치도청,064-710-2352,33.237071,126.559932,2024-12-31,I,2026-05-15 18:45:28,2025-11-07 15:49:25
6520000,202565200000701099,쇠와꽃 승마장,쇠와꽃 승마장 #1-1,제주특별자치도,서귀포시,관광,제주특별자치도 서귀포시,,,제주특별자치도 서귀포시 성산읍 고성리 354-1,,제주특별자치도청,064-710-2352,33.447371,126.919855,2024-12-31,I,2026-05-15 18:45:28,2025-11-07 15:49:19
6520000,202565200000700336,서귀포시평생학습관-7 (옥내1),서귀포시평생학습관-7 (옥내1),제주특별자치도,서귀포시,지역문화시설,제주특별자치도 서귀포시,,,제주특별자치도 서귀포시 서문로29번길 10,,제주특별자치도청,064-710-2352,33.249303,126.558541,2024-12-31,I,2026-05-15 18:45:28,2025-11-07 15:49:09
6520000,202565200000700086,서귀포시 노인복지회관,서귀포시 노인복지회관,제주특별자치도,서귀포시,서민·복지시설,제주특별자치도 서귀포시,,,제주특별자치도 서귀포시 동흥동 646-1,,제주특별자치도청,064-710-2352,33.254313,126.569973,2024-12-31,I,2026-05-15 18:45:28,2025-11-07 15:49:06
6520000,202565200000701599,중문관광단지,중문관광단지 #8-2 (색달해변),제주특별자치도,서귀포시,관광,제주특별자치도 서귀포시,,,제주특별자치도 서귀포시 색달동 2822-9(중문관광로 154-17),,제주특별자치도청,064-710-2352,33.245433,126.411103,2024-12-31,I,2026-05-15 18:45:28,2025-11-07 15:49:25
6520000,202565200000700685,성읍민속마을,성읍민속마을-가로등 #1-4,제주특별자치도,서귀포시,관광,제주특별자치도 서귀포시,,,제주특별자치도 서귀포시 표선면 성읍리 812-1,,제주특별자치도청,064-710-2352,33.387501,126.801094,2024-12-31,I,2026-05-15 18:45:28,2025-11-07 15:49:13
6520000,202565200000700503,엉또폭포,엉또폭포,제주특별자치도,서귀포시,관광,제주특별자치도 서귀포시,,,제주특별자치도 서귀포시 동홍동 1460-6(중앙로 140),,제주특별자치도청,064-710-2352,33.267038,126.497449,2024-12-31,I,2026-05-15 18:45:28,2025-11-07 15:49:11
6520000,202565200000701374,수산보건진료소,수산보건진료소#1-2,제주특별자치도,서귀포시,관공서,제주특별자치도 서귀포시,,,제주특별자치도 서귀포시 성산읍 수산리 703-3(수산서남로17-1),,제주특별자치도청,064-710-2352,33.446028,126.882722,2024-12-31,I,2026-05-15 18:45:28,2025-11-07 15:49:22
6520000,202565200000701453,한라산국립공원_백록담,한라산국립공원_백록담#1-2,제주특별자치도,서귀포시,서민·복지시설,제주특별자치도 서귀포시,,,제주특별자치도 서귀포시 토평동 산 15-1,,제주특별자치도청,064-710-2352,33.360789,126.536008,2024-12-31,I,2026-05-15 18:45:28,2025-11-07 15:49:23
6520000,202565200000700859,버스정류소_신천리_(신천리취락구조방면),신천리 (동) #1-1,제주특별자치도,서귀포시,교통시설,제주특별자치도 서귀포시,,,제주특별자치도 서귀포시 성산읍 신천리 482 앞,,제주특별자치도청,064-710-2352,33.344943,126.849770,2024-12-31,I,2026-05-15 18:45:28,2025-11-07 15:49:15
6520000,202565200000701126,제주환상자전거길,표선해수욕장 #1-3,제주특별자치도,서귀포시,기타,제주특별자치도 서귀포시,,,제주특별자치도 서귀포시 표선면 민속해안로 631-45,,제주특별자치도청,064-710-2352,33.325110,126.842028,2024-12-31,I,2026-05-15 18:45:28,2025-11-07 15:49:19
6520000,202565200000700345,강왓허브쉼팡-2 (옥내1),강왓허브쉼팡-2 (옥내1),제주특별자치도,서귀포시,지역문화시설,제주특별자치도 서귀포시,,,제주특별자치도 서귀포시 표선면 세화로 154,,제주특별자치도청,064-710-2352,33.317681,126.790316,2024-12-31,I,2026-05-15 18:45:28,2025-11-07 15:49:09
6520000,202565200000701290,1코스,1코스 성산리 해녀쉼터 #1-2,제주특별자치도,서귀포시,기타,제주특별자치도 서귀포시,,,제주특별자치도 서귀포시 성산읍 성산리 296-16,,제주특별자치도청,064-710-2352,33.464438,126.935961,2024-12-31,I,2026-05-15 18:45:28,2025-11-07 15:49:21
6520000,202565200000701186,버스정류소_효돈중학교_(효돈초등학교방면),효돈중학교(북)#1,제주특별자치도,서귀포시,교통시설,제주특별자치도 서귀포시,,,제주특별자치도 서귀포시 하효동 339-2,,제주특별자치도청,064-710-2352,33.263623,126.620210,2024-12-31,I,2026-05-15 18:45:28,2025-11-07 15:49:20
6520000,202565200000701527,서귀포 치유의 숲,서귀포 치유의 숲#2-2,제주특별자치도,서귀포시,기타,제주특별자치도 서귀포시,,,제주특별자치도 서귀포시 호근동 산 4(산록남로 2271),,제주특별자치도청,064-710-2352,33.300788,126.518843,2024-12-31,I,2026-05-15 18:45:28,2025-11-07 15:49:24
6520000,202565200000701154,아랑조을거리,아랑조을거리 (정화슈퍼)#5,제주특별자치도,서귀포시,기타,제주특별자치도 서귀포시,,,제주특별자치도 서귀포시 서귀동 308-1,,제주특별자치도청,064-710-2352,33.250216,126.558864,2024-12-31,I,2026-05-15 18:45:28,2025-11-07 15:49:20
6520000,202565200000700758,버스정류소_서소동(406001000),진은동 방면,제주특별자치도,서귀포시,교통시설,제주특별자치도 서귀포시,,,제주특별자치도 서귀포시 납원읍 태흥리 2008,,제주특별자치도청,064-710-2352,33.283674,126.735234,2024-12-31,I,2026-05-15 18:45:28,2025-11-07 15:49:13
6520000,202565200000700654,표선 해비치 해변,표선 해비치 해변,제주특별자치도,서귀포시,기타,제주특별자치도 서귀포시,,,제주특별자치도 서귀포시 표선면 표선리 44-13번지,,제주특별자치도청,064-710-2352,33.325852,126.842531,2024-12-31,I,2026-05-15 18:45:28,2025-11-07 15:49:12
6520000,202565200000701030,아랑조을거리,아랑조을거리#4-2,제주특별자치도,서귀포시,기타,제주특별자치도 서귀포시,,,제주특별자치도 서귀포시 서귀동 294-12,,제주특별자치도청,064-710-2352,33.248082,126.561058,2024-12-31,I,2026-05-15 18:45:28,2025-11-07 15:49:18
6520000,202565200000701092,제주 허브 동산,제주 허브 동산 #1-3,제주특별자치도,서귀포시,관광,제주특별자치도 서귀포시,,,제주특별자치도 서귀포시 표선면 표선리 2608,,제주특별자치도청,064-710-2352,33.330455,126.815463,2024-12-31,I,2026-05-15 18:45:28,2025-11-07 15:49:19
6520000,202565200000701031,아랑조을거리,아랑조을거리#4-3,제주특별자치도,서귀포시,기타,제주특별자치도 서귀포시,,,제주특별자치도 서귀포시 서귀동 294-12,,제주특별자치도청,064-710-2352,33.248082,126.561058,2024-12-31,I,2026-05-15 18:45:28,2025-11-07 15:49:18
6520000,202565200000701151,이중섭거리,이중섭거리(CU앞) #2-2,제주특별자치도,서귀포시,기타,제주특별자치도 서귀포시,,,제주특별자치도 서귀포시 명동로 19-1(서귀동 417-2),,제주특별자치도청,064-710-2352,33.247385,126.564051,2024-12-31,I,2026-05-15 18:45:28,2025-11-07 15:49:20
6520000,202565200000700707,천지공영주차장,천지공영주차장#1-2,제주특별자치도,서귀포시,기타,제주특별자치도 서귀포시,,,제주특별자치도 서귀포시 서귀동 305-1외 2필지,,제주특별자치도청,064-710-2352,33.251417,126.559170,2024-12-31,I,2026-05-15 18:45:28,2025-11-07 15:49:13
6520000,202565200000701622,아랑조을거리,천지동 아랑조을거리 #1-1,제주특별자치도,서귀포시,기타,제주특별자치도 서귀포시,,,제주특별자치도 서귀포시 서귀동 320-2 앞,,제주특별자치도청,064-710-2352,33.248962,126.559194,2024-12-31,I,2026-05-15 18:45:28,2025-11-07 15:49:25
6520000,202565200000700082,서귀포시청(2청사),서귀포시청(2청사),제주특별자치도,서귀포시,관공서,제주특별자치도 서귀포시,,,제주특별자치도 서귀포시 신중로 55,,제주특별자치도청,064-710-2352,33.255581,126.510523,2024-12-31,I,2026-05-15 18:45:28,2025-11-07 15:49:06
6520000,202565200000700647,사계 해변,사계 해변,제주특별자치도,서귀포시,기타,제주특별자치도 서귀포시,,,제주특별자치도 서귀포시 안덕면 사계리 2071-1,,제주특별자치도청,064-710-2352,33.227820,126.305082,2024-12-31,I,2026-05-15 18:45:28,2025-11-07 15:49:12
6520000,202565200000701056,화산석테마공원,화산석테마공원 #1-2,제주특별자치도,서귀포시,관광,제주특별자치도 서귀포시,,,제주특별자치도 서귀포시 회수동 573-3,,제주특별자치도청,064-710-2352,33.252330,126.445951,2024-12-31,I,2026-05-15 18:45:28,2025-11-07 15:49:18
6520000,202565200000701528,서귀포 치유의 숲,서귀포 치유의 숲#2-3,제주특별자치도,서귀포시,기타,제주특별자치도 서귀포시,,,제주특별자치도 서귀포시 호근동 산 4(산록남로 2271),,제주특별자치도청,064-710-2352,33.300788,126.518843,2024-12-31,I,2026-05-15 18:45:28,2025-11-07 15:49:24
6520000,202565200000701305,6코스,소라의성 시민 북카페 #1-3,제주특별자치도,서귀포시,기타,제주특별자치도 서귀포시,,,제주특별자치도 서귀포시 동홍동 234-8(칠십리로214번길 17-17),,제주특별자치도청,064-710-2352,33.245166,126.577015,2024-12-31,I,2026-05-15 18:45:28,2025-11-07 15:49:21
6520000,202565200000701423,버스정류소_대포동_(사거리방면),대포동[동]#1-2#,제주특별자치도,서귀포시,교통시설,제주특별자치도 서귀포시,,,제주특별자치도 서귀포시 대포동 1599-1,,제주특별자치도청,064-710-2352,33.242954,126.431721,2024-12-31,I,2026-05-15 18:45:28,2025-11-07 15:49:23
6520000,202565200000701035,광치기해변,광치기 해변(백기해녀의집)#3-3,제주특별자치도,서귀포시,기타,제주특별자치도 서귀포시,,,제주특별자치도 서귀포시 성산읍 고성리 224-1,,제주특별자치도청,064-710-2352,33.449980,126.922485,2024-12-31,I,2026-05-15 18:45:28,2025-11-07 15:49:18
6520000,202565200000700513,섭지코지,섭지코지,제주특별자치도,서귀포시,기타,제주특별자치도 서귀포시,,,제주특별자치도 서귀포시 성산읍 고성리 62-1,,제주특별자치도청,064-710-2352,33.423564,126.929861,2024-12-31,I,2026-05-15 18:45:28,2025-11-07 15:49:11
6520000,202565200000701247,영어2호근린공원,영어2호근린공원 #1-2,제주특별자치도,서귀포시,서민·복지시설,제주특별자치도 서귀포시,,,제주특별자치도 서귀포시 대정읍 구억리 1144,,제주특별자치도청,064-710-2352,33.285848,126.284233,2024-12-31,I,2026-05-15 18:45:28,2025-11-07 15:49:21
6520000,202565200000701127,제주민속촌,제주민속촌 #1-3,제주특별자치도,서귀포시,관광,제주특별자치도 서귀포시,,,제주특별자치도 서귀포시 표선면 민속해안로 631-34,,제주특별자치도청,064-710-2352,33.324171,126.842421,2024-12-31,I,2026-05-15 18:45:28,2025-11-07 15:49:19
6520000,202565200000700038,공공 산후조리원,공공 산후조리원,제주특별자치도,서귀포시,서민·복지시설,제주특별자치도 서귀포시,,,제주특별자치도 서귀포시 중앙로 125,,제주특별자치도청,064-710-2352,33.256073,126.559986,2024-12-31,I,2026-05-15 18:45:28,2025-11-07 15:49:06
6520000,202565200000700338,서귀포시평생학습관-9 (옥내1),서귀포시평생학습관-9 (옥내1),제주특별자치도,서귀포시,지역문화시설,제주특별자치도 서귀포시,,,제주특별자치도 서귀포시 남원읍 위미중앙로 78,,제주특별자치도청,064-710-2352,33.249303,126.558541,2024-12-31,I,2026-05-15 18:45:28,2025-11-07 15:49:09
6520000,202565200000700393,정류장_안덕계곡(406000601) (옥외1),정류장_안덕계곡(406000601) (옥외1),제주특별자치도,서귀포시,교통시설,제주특별자치도 서귀포시,,,제주특별자치도 서귀포시 안덕면 감산리 362-7,,제주특별자치도청,064-710-2352,33.257887,126.352283,2024-12-31,I,2026-05-15 18:45:28,2025-11-07 15:49:10
6520000,202565200000700536,버스정류소_하례환승정류장(하례리입구)(종점방면),하례환승정류장(하례리입구)(종점방면),제주특별자치도,서귀포시,교통시설,제주특별자치도 서귀포시,,,제주특별자치도 서귀포시 상효동 1122-5,,제주특별자치도청,064-710-2352,33.299998,126.600702,2024-12-31,I,2026-05-15 18:45:28,2025-11-07 15:49:11
6520000,202565200000701372,신풍보건진료소,신풍보건진료소#1-1,제주특별자치도,서귀포시,관공서,제주특별자치도 서귀포시,,,제주특별자치도 서귀포시 성산읍 신풍리 824(풍천로192번길40-1),,제주특별자치도청,064-710-2352,33.361175,126.838872,2024-12-31,I,2026-05-15 18:45:28,2025-11-07 15:49:22
6520000,202565200000700860,버스정류소_신천리_(하천하동방면),신천리 (동) #1-2,제주특별자치도,서귀포시,교통시설,제주특별자치도 서귀포시,,,제주특별자치도 서귀포시 성산읍 신천리 482 앞,,제주특별자치도청,064-710-2352,33.344943,126.849770,2024-12-31,I,2026-05-15 18:45:28,2025-11-07 15:49:15
6520000,202565200000700519,산방산,산방산,제주특별자치도,서귀포시,관광,제주특별자치도 서귀포시,,,제주특별자치도 서귀포시 안덕면 사계리 116-7,,제주특별자치도청,064-710-2352,33.233292,126.313591,2024-12-31,I,2026-05-15 18:45:28,2025-11-07 15:49:11
6520000,202565200000701556,대정청소년수련관,대정청소년수련관#1-1,제주특별자치도,서귀포시,지역문화시설,제주특별자치도 서귀포시,,,제주특별자치도 서귀포시 대정읍 동일하모로 149번길 21-8,,제주특별자치도청,064-710-2352,33.227890,126.247725,2024-12-31,I,2026-05-15 18:45:28,2025-11-07 15:49:24
6520000,202565200000700876,6코스,올레 6코스 보목동 제지기오름 입구 #1-1,제주특별자치도,서귀포시,기타,제주특별자치도 서귀포시,,,제주특별자치도 서귀포시 보목동 274-5,,제주특별자치도청,064-710-2352,33.240438,126.609439,2024-12-31,I,2026-05-15 18:45:28,2025-11-07 15:49:15
6520000,202565200000700916,7코스,올레 7코스 법환포구 야외공연장 #1-1,제주특별자치도,서귀포시,기타,제주특별자치도 서귀포시,,,제주특별자치도 서귀포시 법환동 284,,제주특별자치도청,064-710-2352,33.237580,126.515450,2024-12-31,I,2026-05-15 18:45:28,2025-11-07 15:49:15
6520000,202565200000701120,서귀포야구장,서귀포야구장 #1-1,제주특별자치도,서귀포시,서민·복지시설,제주특별자치도 서귀포시,,,제주특별자치도 서귀포시 강정동 1450,,제주특별자치도청,064-710-2352,33.260778,126.504462,2024-12-31,I,2026-05-15 18:45:28,2025-11-07 15:49:19
6520000,202565200000701168,솔오름 전망대,솔오름 전망대(오름입구 및 주차장)#1,제주특별자치도,서귀포시,관광,제주특별자치도 서귀포시,,,제주특별자치도 서귀포시 동홍동 2150-1,,제주특별자치도청,064-710-2352,33.291737,126.554826,2024-12-31,I,2026-05-15 18:45:28,2025-11-07 15:49:20
6520000,202565200000700657,서귀포자연휴양림,서귀포자연휴양림(녹나무동),제주특별자치도,서귀포시,관광,제주특별자치도 서귀포시,,,제주특별자치도 서귀포시 하원동 산1-1,,제주특별자치도청,064-710-2352,33.312622,126.459674,2024-12-31,I,2026-05-15 18:45:28,2025-11-07 15:49:12
6520000,202565200000701362,버스정류소_LH 1 2단지_(남문방면),LH 1 2단지[남] #1-1,제주특별자치도,서귀포시,교통시설,제주특별자치도 서귀포시,,,제주특별자치도 서귀포시 서호동 1540 앞,,제주특별자치도청,064-710-2352,33.249854,126.522300,2024-12-31,I,2026-05-15 18:45:28,2025-11-07 15:49:22
6520000,202565200000700246,신풍리 농어촌체험 휴양마을,야외 정자,제주특별자치도,서귀포시,관광,제주특별자치도 서귀포시,,,제주특별자치도 서귀포시 성산읍 신풍리 500,,제주특별자치도청,064-710-2352,33.362713,126.839979,2024-12-31,I,2026-05-15 18:45:28,2025-11-07 15:49:08
6520000,202565200000701401,상창리복지회관,상창리복지회관#1-5,제주특별자치도,서귀포시,관공서,제주특별자치도 서귀포시,,,제주특별자치도 서귀포시 안덕면 상창리 648-1(한창로102),,제주특별자치도청,064-710-2352,33.272310,126.366041,2024-12-31,I,2026-05-15 18:45:28,2025-11-07 15:49:22
6520000,202565200000701534,서귀포 치유의 숲,서귀포 치유의 숲#6-2,제주특별자치도,서귀포시,기타,제주특별자치도 서귀포시,,,제주특별자치도 서귀포시 호근동 산 4(산록남로 2271),,제주특별자치도청,064-710-2352,33.291572,126.526380,2024-12-31,I,2026-05-15 18:45:28,2025-11-07 15:49:24
6520000,202565200000701129,제주해양동물박물관,제주해양동물박물관#1-3,제주특별자치도,서귀포시,관광,제주특별자치도 서귀포시,,,제주특별자치도 서귀포시 성산읍 수산리 3233,,제주특별자치도청,064-710-2352,33.429464,126.855058,2024-12-31,I,2026-05-15 18:45:28,2025-11-07 15:49:19
6520000,202565200000701019,버스정류소_월라봉_(신효동방면),월라봉 (북) #1-2,제주특별자치도,서귀포시,교통시설,제주특별자치도 서귀포시,,,제주특별자치도 서귀포시 신효동 1151-2,,제주특별자치도청,064-710-2352,33.262482,126.606161,2024-12-31,I,2026-05-15 18:45:28,2025-11-07 15:49:17
6520000,202565200000701204,전기차충전소_위미2리 다목적회관,위미2리 다목적회관#1,제주특별자치도,서귀포시,기타,제주특별자치도 서귀포시,,,제주특별자치도 서귀포시 남원읍 위미중앙로 78(위미리 2654-2),,제주특별자치도청,064-710-2352,33.283206,126.661903,2024-12-31,I,2026-05-15 18:45:28,2025-11-07 15:49:20
6520000,202565200000701008,아랑조을거리,아랑조을거리#2-3,제주특별자치도,서귀포시,기타,제주특별자치도 서귀포시,,,제주특별자치도 서귀포시 서귀동 308-10앞,,제주특별자치도청,064-710-2352,33.249836,126.559971,2024-12-31,I,2026-05-15 18:45:28,2025-11-07 15:49:17
6520000,202565200000700023,사계 보건진료소,사계 보건진료소,제주특별자치도,서귀포시,관공서,제주특별자치도 서귀포시,,,제주특별자치도 서귀포시 안덕면 사계리 1769-4,,제주특별자치도청,064-710-2352,33.231966,126.299237,2024-12-31,I,2026-05-15 18:45:28,2025-11-07 15:49:06
6520000,202565200000700152,서귀동어촌계복지회관,서귀동어촌계복지회관,제주특별자치도,서귀포시,관공서,제주특별자치도 서귀포시,,,제주특별자치도 서귀포시 칠십리로 36 (서귀동),,제주특별자치도청,064-710-2352,33.241534,126.561114,2024-12-31,I,2026-05-15 18:45:28,2025-11-07 15:49:07
6520000,202565200000700450,버스정류소-동문로터리 (남) 주공 3 4단지 방면,동문로터리(남),제주특별자치도,서귀포시,교통시설,제주특별자치도 서귀포시,,,제주특별자치도 서귀포시 서귀동 216-21,,제주특별자치도청,064-710-2352,33.248549,126.568571,2024-12-31,I,2026-05-15 18:45:28,2025-11-07 15:49:10
6520000,202565200000700431,정류장_표선파출소(406000851) (옥외1),정류장_표선파출소(406000851) (옥외1),제주특별자치도,서귀포시,교통시설,제주특별자치도 서귀포시,,,제주특별자치도 서귀포시 표선면 표선리 674,,제주특별자치도청,064-710-2352,33.324192,126.830963,2024-12-31,I,2026-05-15 18:45:28,2025-11-07 15:49:10
6520000,202565200000701061,5코스,공천포구 올레길 #1-2,제주특별자치도,서귀포시,기타,제주특별자치도 서귀포시,,,제주특별자치도 서귀포시 남원읍 신례리 87 -1,,제주특별자치도청,064-710-2352,33.265071,126.640829,2024-12-31,I,2026-05-15 18:45:28,2025-11-07 15:49:19
6520000,202565200000700339,의귀리사무소 (옥외1),의귀리사무소 (옥외1),제주특별자치도,서귀포시,지역문화시설,제주특별자치도 서귀포시,,,"제주특별자치도 서귀포시 남원읍 태위로 192-4, 2층",,제주특별자치도청,064-710-2352,33.310445,126.713422,2024-12-31,I,2026-05-15 18:45:28,2025-11-07 15:49:09
6520000,202565200000701293,3-B코스,3-B코스 신천리 해녀쉼터 #1-2,제주특별자치도,서귀포시,기타,제주특별자치도 서귀포시,,,제주특별자치도 서귀포시 성산읍 신천리 353-25,,제주특별자치도청,064-710-2352,33.339781,126.854885,2024-12-31,I,2026-05-15 18:45:28,2025-11-07 15:49:21
6520000,202565200000700790,태평공원,태평공원 #1-1,제주특별자치도,서귀포시,서민·복지시설,제주특별자치도 서귀포시,,,제주특별자치도 서귀포시 동홍동 402-4,,제주특별자치도청,064-710-2352,33.250220,126.570541,2024-12-31,I,2026-05-15 18:45:28,2025-11-07 15:49:14
6520000,202565200000700505,외돌개,외돌개,제주특별자치도,서귀포시,관광,제주특별자치도 서귀포시,,,제주특별자치도 서귀포시 서홍동 784-4,,제주특별자치도청,064-710-2352,33.240913,126.546706,2024-12-31,I,2026-05-15 18:45:28,2025-11-07 15:49:11
6520000,202565200000700334,서귀포시평생학습관-5 (옥내1),서귀포시평생학습관-5 (옥내1),제주특별자치도,서귀포시,지역문화시설,제주특별자치도 서귀포시,,,제주특별자치도 서귀포시 서문로29번길 10,,제주특별자치도청,064-710-2352,33.249303,126.558541,2024-12-31,I,2026-05-15 18:45:28,2025-11-07 15:49:09
6520000,202565200000701535,서귀포 치유의 숲,서귀포 치유의 숲#6-3,제주특별자치도,서귀포시,기타,제주특별자치도 서귀포시,,,제주특별자치도 서귀포시 호근동 산 4(산록남로 2271),,제주특별자치도청,064-710-2352,33.291528,126.526753,2024-12-31,I,2026-05-15 18:45:28,2025-11-07 15:49:24
6520000,202565200000701049,서귀포감귤박물관,감귤박물관 아열대식물원 #2-2,제주특별자치도,서귀포시,관광,제주특별자치도 서귀포시,,,제주특별자치도 서귀포시 신효동 1201-3,,제주특별자치도청,064-710-2352,33.272449,126.608441,2024-12-31,I,2026-05-15 18:45:28,2025-11-07 15:49:18
6520000,202565200000700253,서귀포소방서,"3층 서장실앞, 3층 소방행정과
3층 민원실",제주특별자치도,서귀포시,관공서,제주특별자치도 서귀포시,,,제주특별자치도 서귀포시 법환동 1666-7,,제주특별자치도청,064-710-2352,33.249565,126.514101,2024-12-31,I,2026-05-15 18:45:28,2025-11-07 15:49:08
6520000,202565200000700287,덕수 문화센터(1 2층)_1 (옥외1),덕수 문화센터(1 2층)_1 (옥외1),제주특별자치도,서귀포시,지역문화시설,제주특별자치도 서귀포시,,,제주특별자치도 서귀포시 안덕면 덕수회관로 97,,제주특별자치도청,064-710-2352,33.254180,126.306501,2024-12-31,I,2026-05-15 18:45:28,2025-11-07 15:49:08
6520000,202565200000701619,제주월드컵경기장,월드컵경기장 대도로변 입구 매표소#1-1,제주특별자치도,서귀포시,지역문화시설,제주특별자치도 서귀포시,,,제주특별자치도 서귀포시 법환동 914(월드컵로 33 ),,제주특별자치도청,064-710-2352,33.248435,126.510737,2024-12-31,I,2026-05-15 18:45:28,2025-11-07 15:49:25
6520000,202565200000700052,월드컵경기장청소년문화센터,월드컵경기장청소년문화센터,제주특별자치도,서귀포시,지역문화시설,제주특별자치도 서귀포시,,,제주특별자치도 서귀포시 법환동 914,,제주특별자치도청,064-710-2352,33.247594,126.507632,2024-12-31,I,2026-05-15 18:45:28,2025-11-07 15:49:06
6520000,202565200000701010,아랑조을거리,아랑조을거리#3-2,제주특별자치도,서귀포시,기타,제주특별자치도 서귀포시,,,제주특별자치도 서귀포시 서귀동 309-36앞,,제주특별자치도청,064-710-2352,33.249299,126.560763,2024-12-31,I,2026-05-15 18:45:28,2025-11-07 15:49:17
6520000,202565200000701201,전기차충전소_위미3리사무소,위미3리사무소#1,제주특별자치도,서귀포시,기타,제주특별자치도 서귀포시,,,제주특별자치도 서귀포시 남원읍 태위로 381-5(위미리 165-2),,제주특별자치도청,064-710-2352,33.275433,126.688134,2024-12-31,I,2026-05-15 18:45:28,2025-11-07 15:49:20
6520000,202565200000701007,아랑조을거리,아랑조을거리#2-2,제주특별자치도,서귀포시,기타,제주특별자치도 서귀포시,,,제주특별자치도 서귀포시 서귀동 308-10앞,,제주특별자치도청,064-710-2352,33.249836,126.559971,2024-12-31,I,2026-05-15 18:45:28,2025-11-07 15:49:17
6520000,202565200000700321,서귀포시장애인회관_4 (옥내1),서귀포시장애인회관_4 (옥내1),제주특별자치도,서귀포시,서민·복지시설,제주특별자치도 서귀포시,,,제주특별자치도 서귀포시 칠십리로72번길 9,,제주특별자치도청,064-710-2352,33.239770,126.564555,2024-12-31,I,2026-05-15 18:45:28,2025-11-07 15:49:08
6520000,202565200000701152,이중섭거리,이중섭거리(CU앞) #2-3,제주특별자치도,서귀포시,기타,제주특별자치도 서귀포시,,,제주특별자치도 서귀포시 명동로 19-1(서귀동 417-2),,제주특별자치도청,064-710-2352,33.247573,126.564159,2024-12-31,I,2026-05-15 18:45:28,2025-11-07 15:49:20
6520000,202565200000701380,서광동리마을공연장,서광동리마을공연장#1-1,제주특별자치도,서귀포시,지역문화시설,제주특별자치도 서귀포시,,,제주특별자치도 서귀포시 안덕면 서광리 61-6(서광동로47번길19),,제주특별자치도청,064-710-2352,33.288906,126.330112,2024-12-31,I,2026-05-15 18:45:28,2025-11-07 15:49:22
6520000,202565200000700662,모구리야영장,모구리야영장 #2,제주특별자치도,서귀포시,관광,제주특별자치도 서귀포시,,,제주특별자치도 서귀포시 성산읍 난산리 2960-1,,제주특별자치도청,064-710-2352,33.405803,126.822128,2024-12-31,I,2026-05-15 18:45:28,2025-11-07 15:49:12
6520000,202565200000700515,혼인지,혼인지,제주특별자치도,서귀포시,관광,제주특별자치도 서귀포시,,,제주특별자치도 서귀포시 성산읍 온평리 1702-1,,제주특별자치도청,064-710-2352,33.414762,126.894921,2024-12-31,I,2026-05-15 18:45:28,2025-11-07 15:49:11
6520000,202565200000701483,걸매생태공원,걸매생태공원＃2-2,제주특별자치도,서귀포시,서민·복지시설,제주특별자치도 서귀포시,,,제주특별자치도 서귀포시 서홍동 477-1,,제주특별자치도청,064-710-2352,33.250339,126.554451,2024-12-31,I,2026-05-15 18:45:28,2025-11-07 15:49:24
6520000,202565200000700704,동홍동주민센터,동홍동주민센터,제주특별자치도,서귀포시,기타,제주특별자치도 서귀포시,,,제주특별자치도 서귀포시 동홍동 577,,제주특별자치도청,064-710-2352,33.257923,126.569354,2024-12-31,I,2026-05-15 18:45:28,2025-11-07 15:49:13
6520000,202565200000700589,토이파크,토이파크,제주특별자치도,서귀포시,관광,제주특별자치도 서귀포시,,,제주특별자치도 서귀포시 안덕면 동광리 383,,제주특별자치도청,064-710-2352,33.318996,126.345493,2024-12-31,I,2026-05-15 18:45:28,2025-11-07 15:49:12
6520000,202565200000700814,버스정류소_삼성여자고등학교_(보목입구방면),삼성여자고등학교 (남) #2-1,제주특별자치도,서귀포시,교통시설,제주특별자치도 서귀포시,,,제주특별자치도 서귀포시 토평동 931-2,,제주특별자치도청,064-710-2352,33.257625,126.586668,2024-12-31,I,2026-05-15 18:45:28,2025-11-07 15:49:14
6520000,202565200000701044,신양연안바다목장,신양연안바다목장 #1-1,제주특별자치도,서귀포시,기타,제주특별자치도 서귀포시,,,제주특별자치도 서귀포시 성산읍 고성리 186-5,,제주특별자치도청,064-710-2352,33.436407,126.922831,2024-12-31,I,2026-05-15 18:45:28,2025-11-07 15:49:18
6520000,202565200000700669,아프리카박물관,아프리카박물관,제주특별자치도,서귀포시,관광,제주특별자치도 서귀포시,,,제주특별자치도 서귀포시 대포동 1833,,제주특별자치도청,064-710-2352,33.239869,126.429277,2024-12-31,I,2026-05-15 18:45:28,2025-11-07 15:49:12
6520000,202565200000701317,서귀포시동홍생활체육관,서귀포시동홍생활체육관 #1-3,제주특별자치도,서귀포시,서민·복지시설,제주특별자치도 서귀포시,,,제주특별자치도 서귀포시 동홍동 1460-6(중앙로 140),,제주특별자치도청,064-710-2352,33.257154,126.563572,2024-12-31,I,2026-05-15 18:45:28,2025-11-07 15:49:21
6520000,202565200000701146,강창학파크 골프장,강창학파크 골프장 #1-2,제주특별자치도,서귀포시,서민·복지시설,제주특별자치도 서귀포시,,,제주특별자치도 서귀포시 강정동 1353,,제주특별자치도청,064-710-2352,33.257088,126.499848,2024-12-31,I,2026-05-15 18:45:28,2025-11-07 15:49:19
6520000,202565200000700764,버스정류소_인성리(남문지앞사거리)(406000746),대정농협하나로마트 방면,제주특별자치도,서귀포시,교통시설,제주특별자치도 서귀포시,,,제주특별자치도 서귀포시 대정읍 인성리 259-3,,제주특별자치도청,064-710-2352,33.248092,126.278039,2024-12-31,I,2026-05-15 18:45:28,2025-11-07 15:49:13
6520000,202565200000701299,하모해수욕장,하모해수욕장 1-2,제주특별자치도,서귀포시,기타,제주특별자치도 서귀포시,,,제주특별자치도 서귀포시 대정읍 하모리 279-2(최남단해안로 160),,제주특별자치도청,064-710-2352,33.211319,126.260971,2024-12-31,I,2026-05-15 18:45:28,2025-11-07 15:49:21
6520000,202565200000700397,정류장_예래입구(406000015) (옥외1),정류장_예래입구(406000015) (옥외1),제주특별자치도,서귀포시,교통시설,제주특별자치도 서귀포시,,,제주특별자치도 서귀포시 색달동 2081-4,,제주특별자치도청,064-710-2352,33.258803,126.404592,2024-12-31,I,2026-05-15 18:45:28,2025-11-07 15:49:10
6520000,202565200000701222,전기차충전소_(구)중문동주민센터,(구)중문동주민센터(중문보건지소정)#1,제주특별자치도,서귀포시,기타,제주특별자치도 서귀포시,,,제주특별자치도 서귀포시 천제연로 281(중문동 1882),,제주특별자치도청,064-710-2352,33.251187,126.434532,2024-12-31,I,2026-05-15 18:45:28,2025-11-07 15:49:20
6520000,202565200000701322,서귀포매일올레시장,서귀포매일올레시장 #1-2,제주특별자치도,서귀포시,기타,제주특별자치도 서귀포시,,,제주특별자치도 서귀포시 서귀동 272-16,,제주특별자치도청,064-710-2352,33.248885,126.565225,2024-12-31,I,2026-05-15 18:45:28,2025-11-07 15:49:21
6520000,202565200000701036,제주 곶자왈 도립공원,제주 곶자왈 도립공원 안내소 #1-1,제주특별자치도,서귀포시,관광,제주특별자치도 서귀포시,,,제주특별자치도 서귀포시 대정읍 에듀시티로 178,,제주특별자치도청,064-710-2352,33.283190,126.273592,2024-12-31,I,2026-05-15 18:45:28,2025-11-07 15:49:18
6520000,202565200000700981,강창학종합경기장,강창학종합경기장 #1-3,제주특별자치도,서귀포시,서민·복지시설,제주특별자치도 서귀포시,,,제주특별자치도 서귀포시 강정동 1461,,제주특별자치도청,064-710-2352,33.259735,126.501769,2024-12-31,I,2026-05-15 18:45:28,2025-11-07 15:49:16
6520000,202565200000701377,남원생활체육관,남원생활체육관#1-3,제주특별자치도,서귀포시,서민·복지시설,제주특별자치도 서귀포시,,,제주특별자치도 서귀포시 남원읍 태위로 551-28(남원리2337-1),,제주특별자치도청,064-710-2352,33.278157,126.705223,2024-12-31,I,2026-05-15 18:45:28,2025-11-07 15:49:22
6520000,202565200000700813,버스정류소_비석거리_(비석거리방면),비석거리 #1-2,제주특별자치도,서귀포시,교통시설,제주특별자치도 서귀포시,,,제주특별자치도 서귀포시 동홍동 657-4 (서귀포시 동홍동 496-9 앞 ),,제주특별자치도청,064-710-2352,33.254928,126.576245,2024-12-31,I,2026-05-15 18:45:28,2025-11-07 15:49:14
6520000,202565200000701025,10코스,10코스-운진항입구-버스정류장 #1-2,제주특별자치도,서귀포시,기타,제주특별자치도 서귀포시,,,제주특별자치도 서귀포시 대정읍 하모리 646-12,,제주특별자치도청,064-710-2352,33.211197,126.257035,2024-12-31,I,2026-05-15 18:45:28,2025-11-07 15:49:17
6520000,202565200000701119,송악산,송악산 주차장,제주특별자치도,서귀포시,관광,제주특별자치도 서귀포시,,,제주특별자치도 서귀포시 대정읍 상모리 164,,제주특별자치도청,064-710-2352,33.206792,126.289184,2024-12-31,I,2026-05-15 18:45:28,2025-11-07 15:49:19
6520000,202565200000700827,버스정류소_남원포구입구_(남원읍사무소방면),남원포구입구 (남) #1-1,제주특별자치도,서귀포시,교통시설,제주특별자치도 서귀포시,,,제주특별자치도 서귀포시 남원읍 남원리 113-4,,제주특별자치도청,064-710-2352,33.278732,126.717885,2024-12-31,I,2026-05-15 18:45:28,2025-11-07 15:49:15
6520000,202565200000700673,헬로키티 아일랜드,헬로키티 아일랜드,제주특별자치도,서귀포시,관광,제주특별자치도 서귀포시,,,제주특별자치도 서귀포시 안덕면 상창리 1963-2,,제주특별자치도청,064-710-2352,33.289966,126.352096,2024-12-31,I,2026-05-15 18:45:28,2025-11-07 15:49:13
6520000,202565200000700514,혼인지,혼인지,제주특별자치도,서귀포시,관광,제주특별자치도 서귀포시,,,제주특별자치도 서귀포시 성산읍 온평리 1702-1,,제주특별자치도청,064-710-2352,33.414762,126.894921,2024-12-31,I,2026-05-15 18:45:28,2025-11-07 15:49:11
6520000,202565200000700906,5코스,올레 5코스 공천포해안로 올레쉼터 #1-2,제주특별자치도,서귀포시,기타,제주특별자치도 서귀포시,,,제주특별자치도 서귀포시 남원읍 신례리 26-7,,제주특별자치도청,064-710-2352,33.266999,126.643772,2024-12-31,I,2026-05-15 18:45:28,2025-11-07 15:49:15
6520000,202565200000701055,화산석테마공원,화산석테마공원 #1-1,제주특별자치도,서귀포시,관광,제주특별자치도 서귀포시,,,제주특별자치도 서귀포시 회수동 573-3,,제주특별자치도청,064-710-2352,33.252330,126.445951,2024-12-31,I,2026-05-15 18:45:28,2025-11-07 15:49:18
6520000,202565200000700462,산방산,"산방산(용머리, 하멜상선)",제주특별자치도,서귀포시,관광,제주특별자치도 서귀포시,,,제주특별자치도 서귀포시 안덕면 사계리 116-7,,제주특별자치도청,064-710-2352,33.233168,126.313884,2024-12-31,I,2026-05-15 18:45:28,2025-11-07 15:49:10
6520000,202565200000700157,아랑조을거리,아랑조을거리,제주특별자치도,서귀포시,기타,제주특별자치도 서귀포시,,,제주특별자치도 서귀포시 천지로 9,,제주특별자치도청,064-710-2352,33.248354,126.560638,2024-12-31,I,2026-05-15 18:45:28,2025-11-07 15:49:07
6520000,202565200000700511,천제연폭포,천제연폭포,제주특별자치도,서귀포시,관광,제주특별자치도 서귀포시,,,제주특별자치도 서귀포시 중문동 2232,,제주특별자치도청,064-710-2352,33.252650,126.418336,2024-12-31,I,2026-05-15 18:45:28,2025-11-07 15:49:11
6520000,202565200000701300,하모해수욕장,하모해수욕장 1-3,제주특별자치도,서귀포시,기타,제주특별자치도 서귀포시,,,제주특별자치도 서귀포시 대정읍 하모리 279-2(최남단해안로 160),,제주특별자치도청,064-710-2352,33.211319,126.260971,2024-12-31,I,2026-05-15 18:45:28,2025-11-07 15:49:21
6520000,202565200000701086,버스정류소_서귀중앙여자중학교_(서귀포고등학교방면),서귀중앙여자중학교 (동) #1-1,제주특별자치도,서귀포시,교통시설,제주특별자치도 서귀포시,,,제주특별자치도 서귀포시 동홍동 1480 앞,,제주특별자치도청,064-710-2352,33.255075,126.560774,2024-12-31,I,2026-05-15 18:45:28,2025-11-07 15:49:19
6520000,202565200000701137,제주환상자전거길,제주환상자전거길 성산쉼터 #1-2,제주특별자치도,서귀포시,기타,제주특별자치도 서귀포시,,,제주특별자치도 서귀포시 성산읍 성산리 385,,제주특별자치도청,064-710-2352,33.462181,126.930081,2024-12-31,I,2026-05-15 18:45:28,2025-11-07 15:49:19
6520000,202565200000701452,한라산국립공원_백록담,한라산국립공원_백록담#1-1,제주특별자치도,서귀포시,서민·복지시설,제주특별자치도 서귀포시,,,제주특별자치도 서귀포시 토평동 산 15-1,,제주특별자치도청,064-710-2352,33.360789,126.536008,2024-12-31,I,2026-05-15 18:45:28,2025-11-07 15:49:23
6520000,202565200000700095,선반천지킴이휴게소,선반천지킴이휴게소,제주특별자치도,서귀포시,관광,제주특별자치도 서귀포시,,,제주특별자치도 서귀포시 서호동 1223-1,,제주특별자치도청,064-710-2352,33.246616,126.563961,2024-12-31,I,2026-05-15 18:45:28,2025-11-07 15:49:06
6520000,202565200000700091,서귀포시니어클럽,서귀포시니어클럽,제주특별자치도,서귀포시,서민·복지시설,제주특별자치도 서귀포시,,,제주특별자치도 서귀포시 중앙로 89번길 26,,제주특별자치도청,064-710-2352,33.252209,126.557989,2024-12-31,I,2026-05-15 18:45:28,2025-11-07 15:49:06
6520000,202565200000700846,버스정류소_하례1리입구_(효례교방면),하례1리 입구 (북) #1-1,제주특별자치도,서귀포시,교통시설,제주특별자치도 서귀포시,,,제주특별자치도 서귀포시 남원읍 하례리 348-5 앞,,제주특별자치도청,064-710-2352,33.263602,126.626182,2024-12-31,I,2026-05-15 18:45:28,2025-11-07 15:49:15
6520000,202565200000701360,월드컵경기장 트레이닝센터,월드컵경기장 트레이닝센터 #1-4,제주특별자치도,서귀포시,서민·복지시설,제주특별자치도 서귀포시,,,제주특별자치도 서귀포시 법환동 914 (월드컵로 33),,제주특별자치도청,064-710-2352,33.245715,126.508276,2024-12-31,I,2026-05-15 18:45:28,2025-11-07 15:49:22
6520000,202565200000700683,성읍민속마을,성읍민속마을-가로등 #1-2,제주특별자치도,서귀포시,관광,제주특별자치도 서귀포시,,,제주특별자치도 서귀포시 표선면 성읍리 812-1,,제주특별자치도청,064-710-2352,33.387501,126.801094,2024-12-31,I,2026-05-15 18:45:28,2025-11-07 15:49:13
6520000,202565200000700276,해양수산연구원 (옥내1),해양수산연구원 (옥내1),제주특별자치도,서귀포시,관공서,제주특별자치도 서귀포시,,,제주특별자치도 서귀포시 민속해안로 292,,제주특별자치도청,064-710-2352,33.307660,126.829508,2024-12-31,I,2026-05-15 18:45:28,2025-11-07 15:49:08
6520000,202565200000701414,버스정류소_성읍농협앞_(성읍동문통방면),성읍농협[서]#1-2#,제주특별자치도,서귀포시,교통시설,제주특별자치도 서귀포시,,,제주특별자치도 서귀포시 표선면 성읍리 592앞,,제주특별자치도청,064-710-2352,33.390653,126.800941,2024-12-31,I,2026-05-15 18:45:28,2025-11-07 15:49:22
6520000,202565200000700666,모구리야영장,모구리야영장 #3,제주특별자치도,서귀포시,관광,제주특별자치도 서귀포시,,,제주특별자치도 서귀포시 성산읍 난산리 2960-1,,제주특별자치도청,064-710-2352,33.405861,126.820742,2024-12-31,I,2026-05-15 18:45:28,2025-11-07 15:49:12
6520000,202565200000701525,서귀포 치유의 숲,서귀포 치유의 숲#1-3,제주특별자치도,서귀포시,기타,제주특별자치도 서귀포시,,,제주특별자치도 서귀포시 호근동 산 4(산록남로 2271),,제주특별자치도청,064-710-2352,33.300576,126.518603,2024-12-31,I,2026-05-15 18:45:28,2025-11-07 15:49:24
6520000,202565200000700699,서귀포농업기술센터,서귀포농업기술센터 #1-3,제주특별자치도,서귀포시,관공서,제주특별자치도 서귀포시,,,제주특별자치도 서귀포시 남원읍 하례리 1558,,제주특별자치도청,064-710-2352,33.287511,126.608111,2024-12-31,I,2026-05-15 18:45:28,2025-11-07 15:49:13
6520000,202565200000700768,상모리감협(406000922),상모리 이교동 방면,제주특별자치도,서귀포시,교통시설,제주특별자치도 서귀포시,,,제주특별자치도 서귀포시 대정읍 상모리 3171-2,,제주특별자치도청,064-710-2352,33.224121,126.262245,2024-12-31,I,2026-05-15 18:45:28,2025-11-07 15:49:13
6520000,202565200000701395,무민랜드,무민랜드#1-6,제주특별자치도,서귀포시,관광,제주특별자치도 서귀포시,,,제주특별자치도 서귀포시 안덕면 상천리 470-6(병악로420),,제주특별자치도청,064-710-2352,33.306595,126.381779,2024-12-31,I,2026-05-15 18:45:28,2025-11-07 15:49:22
6520000,202565200000700215,화순항관리사무소,화순항관리사무소,제주특별자치도,서귀포시,교통시설,제주특별자치도 서귀포시,,,제주특별자치도 서귀포시 안덕면 화순리 645-5,,제주특별자치도청,064-710-2352,33.239041,126.336479,2024-12-31,I,2026-05-15 18:45:28,2025-11-07 15:49:07
6520000,202565200000700652,표선 해비치 해변,표선 해비치 해변,제주특별자치도,서귀포시,기타,제주특별자치도 서귀포시,,,제주특별자치도 서귀포시 표선면 표선리 44-13번지,,제주특별자치도청,064-710-2352,33.325920,126.842569,2024-12-31,I,2026-05-15 18:45:28,2025-11-07 15:49:12
6520000,202565200000700574,일출랜드,일출랜드,제주특별자치도,서귀포시,관광,제주특별자치도 서귀포시,,,제주특별자치도 서귀포시 성산읍 삼달리 1010,,제주특별자치도청,064-710-2352,33.381492,126.842099,2024-12-31,I,2026-05-15 18:45:28,2025-11-07 15:49:12
6520000,202565200000700039,서귀포시 보훈회관,서귀포시 보훈회관,제주특별자치도,서귀포시,서민·복지시설,제주특별자치도 서귀포시,,,제주특별자치도 서귀포시 중앙로 182번길 49,,제주특별자치도청,064-710-2352,33.262610,126.563967,2024-12-31,I,2026-05-15 18:45:28,2025-11-07 15:49:06
6520000,202565200000701570,건강가족센터,건강가족센터(1~2층)#1-4,제주특별자치도,서귀포시,서민·복지시설,제주특별자치도 서귀포시,,,"제주특별자치도 서귀포시 서호남로 12(1층, 2층)",,제주특별자치도청,064-710-2352,33.249917,126.513197,2024-12-31,I,2026-05-15 18:45:28,2025-11-07 15:49:25
6520000,202565200000700942,6코스,올레 6코스 보목포로 게우지코지펜션 부근 #1-3,제주특별자치도,서귀포시,기타,제주특별자치도 서귀포시,,,제주특별자치도 서귀포시 하효동 1370,,제주특별자치도청,064-710-2352,33.244011,126.618883,2024-12-31,I,2026-05-15 18:45:28,2025-11-07 15:49:16
6520000,202565200000701234,광치기해변,광치기해변 #4-2,제주특별자치도,서귀포시,기타,제주특별자치도 서귀포시,,,제주특별자치도 서귀포시 성산읍 고성리 224-40,,제주특별자치도청,064-710-2352,33.451476,126.923993,2024-12-31,I,2026-05-15 18:45:28,2025-11-07 15:49:20
6520000,202565200000701438,버스정류소_법환농협_(법환새마을금고방면),법환농협[남])#1-1,제주특별자치도,서귀포시,교통시설,제주특별자치도 서귀포시,,,제주특별자치도 서귀포시 법환동 1270-2,,제주특별자치도청,064-710-2352,33.237223,126.512147,2024-12-31,I,2026-05-15 18:45:28,2025-11-07 15:49:23
6520000,202565200000701250,영어2호어린이공원,영어2호어린이공원 #1-1,제주특별자치도,서귀포시,서민·복지시설,제주특별자치도 서귀포시,,,제주특별자치도 서귀포시 대정읍 보성리 2451,,제주특별자치도청,064-710-2352,33.282017,126.275010,2024-12-31,I,2026-05-15 18:45:28,2025-11-07 15:49:21
6520000,202565200000700325,예래동전천후게이트볼장 (옥내1),예래동전천후게이트볼장 (옥내1),제주특별자치도,서귀포시,지역문화시설,제주특별자치도 서귀포시,,,제주특별자치도 서귀포시 남원읍 한신로 207,,제주특별자치도청,064-710-2352,33.244190,126.378892,2024-12-31,I,2026-05-15 18:45:28,2025-11-07 15:49:08
6520000,202565200000700521,성산일출봉,성산일출봉 #1,제주특별자치도,서귀포시,관광,제주특별자치도 서귀포시,,,제주특별자치도 서귀포시 성산읍 성산리 104-1,,제주특별자치도청,064-710-2352,33.463009,126.936474,2024-12-31,I,2026-05-15 18:45:28,2025-11-07 15:49:11
6520000,202565200000700153,동홍이동민원실,동홍이동민원실,제주특별자치도,서귀포시,관공서,제주특별자치도 서귀포시,,,제주특별자치도 서귀포시 동홍중앙로 3,,제주특별자치도청,064-710-2352,33.250999,126.571894,2024-12-31,I,2026-05-15 18:45:28,2025-11-07 15:49:07
6520000,202565200000701558,대정청소년수련관,대정청소년수련관#1-3,제주특별자치도,서귀포시,지역문화시설,제주특별자치도 서귀포시,,,제주특별자치도 서귀포시 대정읍 동일하모로 149번길 21-8,,제주특별자치도청,064-710-2352,33.227890,126.247725,2024-12-31,I,2026-05-15 18:45:28,2025-11-07 15:49:24
6520000,202565200000700663,모구리야영장,모구리야영장 #2,제주특별자치도,서귀포시,관광,제주특별자치도 서귀포시,,,제주특별자치도 서귀포시 성산읍 난산리 2960-1,,제주특별자치도청,064-710-2352,33.405939,126.821947,2024-12-31,I,2026-05-15 18:45:28,2025-11-07 15:49:12
6520000,202565200000701124,버스정류소_신시가지(남),신시가지 (남),제주특별자치도,서귀포시,교통시설,제주특별자치도 서귀포시,,,제주특별자치도 서귀포시 강정동 248-3,,제주특별자치도청,064-710-2352,33.249785,126.506206,2024-12-31,I,2026-05-15 18:45:28,2025-11-07 15:49:19
6520000,202565200000701041,제주국제예술센터,제주국제예술센터 #1-2,제주특별자치도,서귀포시,관광,제주특별자치도 서귀포시,,,제주특별자치도 서귀포시 대정읍 서삼중로 117,,제주특별자치도청,064-710-2352,33.271798,126.199376,2024-12-31,I,2026-05-15 18:45:28,2025-11-07 15:49:18
6520000,202565200000700648,화순 금모래해변,화순 금모래해변,제주특별자치도,서귀포시,기타,제주특별자치도 서귀포시,,,제주특별자치도 서귀포시 안덕면 화순리 776-8번지,,제주특별자치도청,064-710-2352,33.239923,126.335222,2024-12-31,I,2026-05-15 18:45:28,2025-11-07 15:49:12
6520000,202565200000700831,버스정류소_고성오일시장_(오조리하동방면),고성오일시장 (동) #1-1,제주특별자치도,서귀포시,교통시설,제주특별자치도 서귀포시,,,제주특별자치도 서귀포시 성산읍 고성리 1204-1 앞,,제주특별자치도청,064-710-2352,33.452291,126.914126,2024-12-31,I,2026-05-15 18:45:28,2025-11-07 15:49:15
6520000,202565200000701181,버스정류소_서귀포산업과학고등학교(서),서귀포산업과학고등학교(서)#1-2,제주특별자치도,서귀포시,교통시설,제주특별자치도 서귀포시,,,제주특별자치도 서귀포시 상효동 1262-2,,제주특별자치도청,064-710-2352,33.295157,126.594961,2024-12-31,I,2026-05-15 18:45:28,2025-11-07 15:49:20
6520000,202565200000701640,10-1코스,10-1코스#1-2,제주특별자치도,서귀포시,기타,제주특별자치도 서귀포시,,,제주특별자치도 서귀포시 대정읍 가파리 70-1(가파로 73),,제주특별자치도청,064-710-2352,33.166436,126.273541,2024-12-31,I,2026-05-15 18:45:28,2025-11-07 15:49:26
6520000,202565200000700839,버스정류소_효돈초등학교_(효돈중학교방면),효돈초등학교 (북) #1-2,제주특별자치도,서귀포시,교통시설,제주특별자치도 서귀포시,,,제주특별자치도 서귀포시 하효동 147-9,,제주특별자치도청,064-710-2352,33.263699,126.616540,2024-12-31,I,2026-05-15 18:45:28,2025-11-07 15:49:15
6520000,202565200000700208,제주국제컨벤션센터,제주국제컨벤션센터,제주특별자치도,서귀포시,지역문화시설,제주특별자치도 서귀포시,,,제주특별자치도 서귀포시 중문동 2701-0,,제주특별자치도청,064-710-2352,33.241400,126.424961,2024-12-31,I,2026-05-15 18:45:28,2025-11-07 15:49:07
6520000,202565200000700201,비오토피아 두손미술관,비오토피아 두손미술관,제주특별자치도,서귀포시,지역문화시설,제주특별자치도 서귀포시,,,제주특별자치도 서귀포시 안덕면 914,,제주특별자치도청,064-710-2352,33.237649,126.361996,2024-12-31,I,2026-05-15 18:45:28,2025-11-07 15:49:07
6520000,202565200000701097,다이나믹메이즈,다이나믹메이즈 #2-2,제주특별자치도,서귀포시,관광,제주특별자치도 서귀포시,,,제주특별자치도 서귀포시 표선면 성읍리 2381,,제주특별자치도청,064-710-2352,33.399103,126.784738,2024-12-31,I,2026-05-15 18:45:28,2025-11-07 15:49:19
6520000,202565200000700491,돈내코,돈내코,제주특별자치도,서귀포시,관광,제주특별자치도 서귀포시,,,제주특별자치도 서귀포시 상효동 1460,,제주특별자치도청,064-710-2352,33.300548,126.584441,2024-12-31,I,2026-05-15 18:45:28,2025-11-07 15:49:11
6520000,202565200000701033,광치기해변,광치기 해변(백기해녀의집)#3-1,제주특별자치도,서귀포시,기타,제주특별자치도 서귀포시,,,제주특별자치도 서귀포시 성산읍 고성리 224-1,,제주특별자치도청,064-710-2352,33.449980,126.922485,2024-12-31,I,2026-05-15 18:45:28,2025-11-07 15:49:18
6520000,202565200000701221,버스정류소_강정농협_(강정초등학교방면),강정농협(남)#1,제주특별자치도,서귀포시,교통시설,제주특별자치도 서귀포시,,,제주특별자치도 서귀포시 강정동 4400-1,,제주특별자치도청,064-710-2352,33.236043,126.478204,2024-12-31,I,2026-05-15 18:45:28,2025-11-07 15:49:20
6520000,202565200000700134,서호요양원,서호요양원,제주특별자치도,서귀포시,서민·복지시설,제주특별자치도 서귀포시,,,제주특별자치도 서귀포시 서호 호근로 238번길 10,,제주특별자치도청,064-710-2352,33.257813,126.519306,2024-12-31,I,2026-05-15 18:45:28,2025-11-07 15:49:07
6520000,202565200000700798,칠십리공원,칠십리공원 #2-3,제주특별자치도,서귀포시,서민·복지시설,제주특별자치도 서귀포시,,,제주특별자치도 서귀포시 서홍동 2579,,제주특별자치도청,064-710-2352,33.245805,126.554014,2024-12-31,I,2026-05-15 18:45:28,2025-11-07 15:49:14
6520000,202565200000700458,새연교,새연교안내소,제주특별자치도,서귀포시,관광,제주특별자치도 서귀포시,,,제주특별자치도 서귀포시 서홍동 707-6,,제주특별자치도청,064-710-2352,33.238990,126.558591,2024-12-31,I,2026-05-15 18:45:28,2025-11-07 15:49:10
6520000,202565200000700088,서귀포 종합사회복지관,서귀포 종합사회복지관,제주특별자치도,서귀포시,서민·복지시설,제주특별자치도 서귀포시,,,제주특별자치도 서귀포시 태평로 512번길 9,,제주특별자치도청,064-710-2352,33.249952,126.574218,2024-12-31,I,2026-05-15 18:45:28,2025-11-07 15:49:06
6520000,202565200000700133,한빛여성의 쉼터,한빛여성의 쉼터,제주특별자치도,서귀포시,서민·복지시설,제주특별자치도 서귀포시,,,제주특별자치도 서귀포시 서호동 1171,,제주특별자치도청,064-710-2352,33.256689,126.514249,2024-12-31,I,2026-05-15 18:45:28,2025-11-07 15:49:07
6520000,202565200000700723,표선생활체육관,표선생활체육관 #1-1,제주특별자치도,서귀포시,서민·복지시설,제주특별자치도 서귀포시,,,제주특별자치도 서귀포시 표선면 하천리 1832-1,,제주특별자치도청,064-710-2352,33.354134,126.814661,2024-12-31,I,2026-05-15 18:45:28,2025-11-07 15:49:13
6520000,202565200000701415,버스정류소_대천동주민센터_(용흥동방면),대천동주민센터[남](용흥동방면)#1-1,제주특별자치도,서귀포시,교통시설,제주특별자치도 서귀포시,,,제주특별자치도 서귀포시 도순동 266-5,,제주특별자치도청,064-710-2352,33.250809,126.478419,2024-12-31,I,2026-05-15 18:45:28,2025-11-07 15:49:22
6520000,202565200000701134,버스정류소_덕수초등학교(남),덕수초등학교(남),제주특별자치도,서귀포시,교통시설,제주특별자치도 서귀포시,,,제주특별자치도 서귀포시 안덕면 사계리 753-5,,제주특별자치도청,064-710-2352,33.250488,126.304469,2024-12-31,I,2026-05-15 18:45:28,2025-11-07 15:49:19
6520000,202565200000700990,서귀포국민체육센터,서귀포국민체육센터 #1-3,제주특별자치도,서귀포시,서민·복지시설,제주특별자치도 서귀포시,,,제주특별자치도 서귀포시 중문동 1921-1,,제주특별자치도청,064-710-2352,33.250970,126.432052,2024-12-31,I,2026-05-15 18:45:28,2025-11-07 15:49:17
6520000,202565200000700834,버스정류소_태흥3리사무소_(어촌계입구방면),태흥3리사무소 (서) #1-1,제주특별자치도,서귀포시,교통시설,제주특별자치도 서귀포시,,,제주특별자치도 서귀포시 남원읍 태흥리 124-9,,제주특별자치도청,064-710-2352,33.293649,126.757851,2024-12-31,I,2026-05-15 18:45:28,2025-11-07 15:49:15
6520000,202565200000701539,전기차충전소_표선해수욕장 주차장,표선해수욕장 주차장 #1-1,제주특별자치도,서귀포시,관광,제주특별자치도 서귀포시,,,제주특별자치도 서귀포시 표선면 표선리 40 (전기차 충전소),,제주특별자치도청,064-710-2352,33.325112,126.842028,2024-12-31,I,2026-05-15 18:45:28,2025-11-07 15:49:24
6520000,202565200000700660,모구리야영장,모구리야영장 #1,제주특별자치도,서귀포시,관광,제주특별자치도 서귀포시,,,제주특별자치도 서귀포시 성산읍 난산리 2960-1,,제주특별자치도청,064-710-2352,33.406627,126.821880,2024-12-31,I,2026-05-15 18:45:28,2025-11-07 15:49:12
6520000,202565200000700126,동광복지회관,동광복지회관,제주특별자치도,서귀포시,서민·복지시설,제주특별자치도 서귀포시,,,제주특별자치도 서귀포시 안덕면 동광본동로2-15,,제주특별자치도청,064-710-2352,33.307630,126.338926,2024-12-31,I,2026-05-15 18:45:28,2025-11-07 15:49:07
6520000,202565200000700112,중문제일행복한 홈스쿨 지역아동센터,중문제일행복한 홈스쿨 지역아동센터,제주특별자치도,서귀포시,서민·복지시설,제주특별자치도 서귀포시,,,제주특별자치도 서귀포시 중문로 1100로 49번길11,,제주특별자치도청,064-710-2352,33.296812,126.542526,2024-12-31,I,2026-05-15 18:45:28,2025-11-07 15:49:07
6520000,202565200000700767,서홍동복지회관 버스정류소(406000491),솔대왓 방면,제주특별자치도,서귀포시,교통시설,제주특별자치도 서귀포시,,,제주특별자치도 서귀포시 서홍동 1627-9,,제주특별자치도청,064-710-2352,33.263665,126.551408,2024-12-31,I,2026-05-15 18:45:28,2025-11-07 15:49:13
6520000,202565200000700615,9코스,9코스,제주특별자치도,서귀포시,기타,제주특별자치도 서귀포시,,,제주특별자치도 서귀포시 안덕면 감산리 982-1,,제주특별자치도청,064-710-2352,33.237400,126.361570,2024-12-31,I,2026-05-15 18:45:28,2025-11-07 15:49:12
6520000,202565200000700318,중문보건지소 (옥내1),중문보건지소 (옥내1),제주특별자치도,서귀포시,서민·복지시설,제주특별자치도 서귀포시,,,제주특별자치도 서귀포시 천제연로 277,,제주특별자치도청,064-710-2352,33.251387,126.434697,2024-12-31,I,2026-05-15 18:45:28,2025-11-07 15:49:08
6520000,202565200000700962,성산.오조 지질트레일,성산·오조 지질트레일(올레 2코스 오조리 올레화장실 앞 #1),제주특별자치도,서귀포시,관광,제주특별자치도 서귀포시,,,제주특별자치도 서귀포시 성산읍 오조리 259-1,,제주특별자치도청,064-710-2352,33.462747,126.915156,2024-12-31,I,2026-05-15 18:45:28,2025-11-07 15:49:16
6520000,202565200000700412,성산보건지소 (옥내3),성산보건지소 (옥내3),제주특별자치도,서귀포시,서민·복지시설,제주특별자치도 서귀포시,,,제주특별자치도 서귀포시 대정읍 에듀시티로 238,,제주특별자치도청,064-710-2352,33.446555,126.915745,2024-12-31,I,2026-05-15 18:45:28,2025-11-07 15:49:10
6520000,202565200000701538,전기차충전소_표선면사무소,표선면사무소,제주특별자치도,서귀포시,관공서,제주특별자치도 서귀포시,,,제주특별자치도 서귀포시 표선면 표선리 709,,제주특별자치도청,064-710-2352,33.326346,126.830627,2024-12-31,I,2026-05-15 18:45:28,2025-11-07 15:49:24
6520000,202565200000700033,서귀포 유양해상,서귀포 유양해상,제주특별자치도,서귀포시,교통시설,제주특별자치도 서귀포시,,,제주특별자치도 서귀포시 송악산 관광로 424,,제주특별자치도청,064-710-2352,33.296812,126.542526,2024-12-31,I,2026-05-15 18:45:28,2025-11-07 15:49:06
6520000,202565200000700227,대정읍 다목적 회관,"1층 식당, 1층 복도, 3층 대강당",제주특별자치도,서귀포시,관공서,제주특별자치도 서귀포시,,,제주특별자치도 서귀포시 대정읍 상모리 2757-4,,제주특별자치도청,064-710-2352,33.221700,126.268736,2024-12-31,I,2026-05-15 18:45:28,2025-11-07 15:49:08
6520000,202565200000700755,성읍1리복지타운,성읍1리복지타운#2,제주특별자치도,서귀포시,관공서,제주특별자치도 서귀포시,,,제주특별자치도 서귀포시 표선면 서성일로 74,,제주특별자치도청,064-710-2352,33.397671,126.804301,2024-12-31,I,2026-05-15 18:45:28,2025-11-07 15:49:13
6520000,202565200000701353,혁신도시 국민체육센터,혁신도시 국민체육센터 #1-1,제주특별자치도,서귀포시,서민·복지시설,제주특별자치도 서귀포시,,,제주특별자치도 서귀포시 서호동 1602,,제주특별자치도청,064-710-2352,33.252518,126.516542,2024-12-31,I,2026-05-15 18:45:28,2025-11-07 15:49:22
6520000,202565200000700549,버스정류소_표선환승정류장(표선면사무소)(서),표선환승정류장(표선면사무소)(서),제주특별자치도,서귀포시,교통시설,제주특별자치도 서귀포시,,,제주특별자치도 서귀포시 표선면 표선리 701-2,,제주특별자치도청,064-710-2352,33.326747,126.832027,2024-12-31,I,2026-05-15 18:45:28,2025-11-07 15:49:11
6520000,202565200000701474,서귀포지방법원,서귀포환승정류소 (서귀포등기소)#1-2,제주특별자치도,서귀포시,관공서,제주특별자치도 서귀포시,,,제주특별자치도 서귀포시 서홍동 441-12,,제주특별자치도청,064-710-2352,33.253106,126.559793,2024-12-31,I,2026-05-15 18:45:28,2025-11-07 15:49:24
6520000,202565200000700183,우도여객터미널,우도여객터미널,제주특별자치도,서귀포시,교통시설,제주특별자치도 서귀포시,,,제주특별자치도 서귀포시 성산읍 성산등용로 112-7,,제주특별자치도청,064-710-2352,33.471915,126.933106,2024-12-31,I,2026-05-15 18:45:28,2025-11-07 15:49:07
6520000,202565200000700781,전기차충전소_신산청소년문화의집,신산 청소년 문화의 집 #1-1,제주특별자치도,서귀포시,기타,제주특별자치도 서귀포시,,,제주특별자치도 서귀포시 성산읍 일주동로 5101-1,,제주특별자치도청,064-710-2352,33.381199,126.877230,2024-12-31,I,2026-05-15 18:45:28,2025-11-07 15:49:14
6520000,202565200000700955,11코스,11코스-인향동쉼터-버스정류장 #1-1,제주특별자치도,서귀포시,기타,제주특별자치도 서귀포시,,,제주특별자치도 서귀포시 대정읍 무릉리 322-1,,제주특별자치도청,064-710-2352,33.276418,126.243685,2024-12-31,I,2026-05-15 18:45:28,2025-11-07 15:49:16
6520000,202565200000700485,큰엉(남원관광지구),큰엉(남원관광지구),제주특별자치도,서귀포시,관광,제주특별자치도 서귀포시,,,제주특별자치도 서귀포시 성산읍 신양로 113,,제주특별자치도청,064-710-2352,33.273392,126.703995,2024-12-31,I,2026-05-15 18:45:28,2025-11-07 15:49:11
6520000,202565200000700890,4코스,올레 4코스 세화리 민속해안로 올레 쉼터 #1-2,제주특별자치도,서귀포시,기타,제주특별자치도 서귀포시,,,제주특별자치도 서귀포시 표선면 세화리 190-3,,제주특별자치도청,064-710-2352,33.304050,126.806179,2024-12-31,I,2026-05-15 18:45:28,2025-11-07 15:49:15
6520000,202565200000701432,서광동리복합문화센터,서광동리복합문화센터#1-2,제주특별자치도,서귀포시,관공서,제주특별자치도 서귀포시,,,제주특별자치도 서귀포시 안덕면 서광리 66-7(서광동로47번길 35,,제주특별자치도청,064-710-2352,33.287640,126.329487,2024-12-31,I,2026-05-15 18:45:28,2025-11-07 15:49:23
6520000,202565200000701328,서귀포매일올레시장,서귀포매일올레시장 #3-2,제주특별자치도,서귀포시,기타,제주특별자치도 서귀포시,,,제주특별자치도 서귀포시 서귀동 271-30,,제주특별자치도청,064-710-2352,33.249334,126.563936,2024-12-31,I,2026-05-15 18:45:28,2025-11-07 15:49:22
6520000,202565200000701225,한라산국립공원_백록담,한라산국립공원_백록담#1-2,제주특별자치도,서귀포시,서민·복지시설,제주특별자치도 서귀포시,,,제주특별자치도 서귀포시 토평동 산 15-1,,제주특별자치도청,064-710-2352,33.360789,126.536008,2024-12-31,I,2026-05-15 18:45:28,2025-11-07 15:49:20
6520000,202565200000700223,고용센터 서귀포지소,"민원실
민원대기실",제주특별자치도,서귀포시,관공서,제주특별자치도 서귀포시,,,제주특별자치도 서귀포시 동홍동 1139-2,,제주특별자치도청,064-710-2352,33.264913,126.568169,2024-12-31,I,2026-05-15 18:45:28,2025-11-07 15:49:08
6520000,202565200000701292,3-B코스,3-B코스 신천리 해녀쉼터 #1-1,제주특별자치도,서귀포시,기타,제주특별자치도 서귀포시,,,제주특별자치도 서귀포시 성산읍 신천리 353-25,,제주특별자치도청,064-710-2352,33.339781,126.854885,2024-12-31,I,2026-05-15 18:45:28,2025-11-07 15:49:21
6520000,202565200000700046,이중섭미술관,이중섭거리,제주특별자치도,서귀포시,지역문화시설,제주특별자치도 서귀포시,,,제주특별자치도 서귀포시 이중섭로 29,,제주특별자치도청,064-710-2352,33.245485,126.564462,2024-12-31,I,2026-05-15 18:45:28,2025-11-07 15:49:06
6520000,202565200000700125,신평마을회관,신평마을회관,제주특별자치도,서귀포시,서민·복지시설,제주특별자치도 서귀포시,,,제주특별자치도 서귀포시 중산간서로 2610 ?,,제주특별자치도청,064-710-2352,33.265301,126.259109,2024-12-31,I,2026-05-15 18:45:28,2025-11-07 15:49:07
6520000,202565200000700056,자구리해안,자구리해안,제주특별자치도,서귀포시,관광,제주특별자치도 서귀포시,,,제주특별자치도 서귀포시 서귀동 70-1,,제주특별자치도청,064-710-2352,33.243483,126.569076,2024-12-31,I,2026-05-15 18:45:28,2025-11-07 15:49:06
6520000,202565200000700025,화순 보건지소,화순 보건지소,제주특별자치도,서귀포시,관공서,제주특별자치도 서귀포시,,,제주특별자치도 서귀포시 안덕면 화순리 1298-1,,제주특별자치도청,064-710-2352,33.249656,126.337383,2024-12-31,I,2026-05-15 18:45:28,2025-11-07 15:49:06
6520000,202565200000700638,하효 쇠소깍 해변,하효 쇠소깍 해변 #2,제주특별자치도,서귀포시,기타,제주특별자치도 서귀포시,,,제주특별자치도 서귀포시 하효동 990-4,,제주특별자치도청,064-710-2352,33.251982,126.623300,2024-12-31,I,2026-05-15 18:45:28,2025-11-07 15:49:12
6520000,202565200000700480,표선생활체육관,표선생활체육관,제주특별자치도,서귀포시,서민·복지시설,제주특별자치도 서귀포시,,,제주특별자치도 서귀포시 표선면 하천리 1832-1,,제주특별자치도청,064-710-2352,33.354206,126.814399,2024-12-31,I,2026-05-15 18:45:28,2025-11-07 15:49:10
6520000,202565200000700988,서귀포국민체육센터,서귀포국민체육센터 #1-1,제주특별자치도,서귀포시,서민·복지시설,제주특별자치도 서귀포시,,,제주특별자치도 서귀포시 중문동 1921-1,,제주특별자치도청,064-710-2352,33.250970,126.432052,2024-12-31,I,2026-05-15 18:45:28,2025-11-07 15:49:16
6520000,202565200000700422,제주영어교육도시지원사무소_3 (옥내1),제주영어교육도시지원사무소_3 (옥내1),제주특별자치도,서귀포시,관공서,제주특별자치도 서귀포시,,,제주특별자치도 서귀포시 남원읍 태위로 695,,제주특별자치도청,064-710-2352,33.287939,126.281857,2024-12-31,I,2026-05-15 18:45:28,2025-11-07 15:49:10
6520000,202565200000700844,버스정류소_가마초등학교_(소노캄 제주방면),가마초등학교 (북) #1-1,제주특별자치도,서귀포시,교통시설,제주특별자치도 서귀포시,,,제주특별자치도 서귀포시 표선면 세화리 1522-10,,제주특별자치도청,064-710-2352,33.306727,126.799448,2024-12-31,I,2026-05-15 18:45:28,2025-11-07 15:49:15
6520000,202565200000701441,버스정류소_하예하동_(하예중동방면),하예하동[남]#1-1,제주특별자치도,서귀포시,교통시설,제주특별자치도 서귀포시,,,제주특별자치도 서귀포시 하예동 1561-1 앞,,제주특별자치도청,064-710-2352,33.236146,126.373354,2024-12-31,I,2026-05-15 18:45:28,2025-11-07 15:49:23
6520000,202565200000700347,성읍1리노인회_1 (옥외1),성읍1리노인회_1 (옥외1),제주특별자치도,서귀포시,서민·복지시설,제주특별자치도 서귀포시,,,제주특별자치도 서귀포시 표선면 성읍정의현로 88-3,,제주특별자치도청,064-710-2352,33.390672,126.801001,2024-12-31,I,2026-05-15 18:45:28,2025-11-07 15:49:09
6520000,202565200000701251,영어6호근린공원,영어6호근린공원 #1-1,제주특별자치도,서귀포시,서민·복지시설,제주특별자치도 서귀포시,,,제주특별자치도 서귀포시 대정읍 보성리 2374-2 건너,,제주특별자치도청,064-710-2352,33.290461,126.283676,2024-12-31,I,2026-05-15 18:45:28,2025-11-07 15:49:21
6520000,202565200000700535,버스정류소_하례환승정류장(하례리입구)(서),하례환승정류장(하례리입구)(서),제주특별자치도,서귀포시,교통시설,제주특별자치도 서귀포시,,,제주특별자치도 서귀포시 상효동 1122-5,,제주특별자치도청,064-710-2352,33.300003,126.600401,2024-12-31,I,2026-05-15 18:45:28,2025-11-07 15:49:11
6520000,202565200000701419,버스정류소_공천포_(망장포입구방면),공천포[북]#1-1,제주특별자치도,서귀포시,교통시설,제주특별자치도 서귀포시,,,제주특별자치도 서귀포시 남원읍 신례리 94-1,,제주특별자치도청,064-710-2352,33.265899,126.640584,2024-12-31,I,2026-05-15 18:45:28,2025-11-07 15:49:23
6520000,202565200000701580,문화공원,문화공원#1-2,제주특별자치도,서귀포시,서민·복지시설,제주특별자치도 서귀포시,,,제주특별자치도 서귀포시 강정동 176(김정문화로 32),,제주특별자치도청,064-710-2352,33.251361,126.507697,2024-12-31,I,2026-05-15 18:45:28,2025-11-07 15:49:25
6520000,202565200000701404,파더스가든,파더스가든#1-3,제주특별자치도,서귀포시,관광,제주특별자치도 서귀포시,,,제주특별자치도 서귀포시 안덕면 상창리 804(병악로44-33),,제주특별자치도청,064-710-2352,33.279937,126.365786,2024-12-31,I,2026-05-15 18:45:28,2025-11-07 15:49:22
6520000,202565200000700532,버스정류소_의귀환승정류장(의귀초등학교(동),의귀환승정류장(의귀초등학교(동),제주특별자치도,서귀포시,교통시설,제주특별자치도 서귀포시,,,제주특별자치도 서귀포시 남원읍 의귀리 1503-2,,제주특별자치도청,064-710-2352,33.310810,126.714908,2024-12-31,I,2026-05-15 18:45:28,2025-11-07 15:49:11
6520000,202565200000701357,월드컵경기장 트레이닝센터,월드컵경기장 트레이닝센터 #1-1,제주특별자치도,서귀포시,서민·복지시설,제주특별자치도 서귀포시,,,제주특별자치도 서귀포시 법환동 914 (월드컵로 33),,제주특별자치도청,064-710-2352,33.245715,126.508276,2024-12-31,I,2026-05-15 18:45:28,2025-11-07 15:49:22
6520000,202565200000701109,버스정류소_세기아파트_(주공 3 4단지방면),세기아파트(서),제주특별자치도,서귀포시,교통시설,제주특별자치도 서귀포시,,,제주특별자치도 서귀포시 동홍동 184-10,,제주특별자치도청,064-710-2352,33.251793,126.574342,2024-12-31,I,2026-05-15 18:45:28,2025-11-07 15:49:19
6520000,202565200000701446,버스정류소_유승한내들아파트(남),유승한내들아파트[남]#1-1,제주특별자치도,서귀포시,교통시설,제주특별자치도 서귀포시,,,제주특별자치도 서귀포시 강정동 200,,제주특별자치도청,064-710-2352,33.252423,126.504338,2024-12-31,I,2026-05-15 18:45:28,2025-11-07 15:49:23
6520000,202565200000700733,남원읍사무소,남원읍사무소,제주특별자치도,서귀포시,관공서,제주특별자치도 서귀포시,,,제주특별자치도 서귀포시 남원읍 태위로 695,,제주특별자치도청,064-710-2352,33.279865,126.720193,2024-12-31,I,2026-05-15 18:45:28,2025-11-07 15:49:13
6520000,202565200000700806,산이물공원,산이물공원 #1-1,제주특별자치도,서귀포시,서민·복지시설,제주특별자치도 서귀포시,,,제주특별자치도 서귀포시 대정읍 하모리 1093,,제주특별자치도청,064-710-2352,33.221088,126.247367,2024-12-31,I,2026-05-15 18:45:28,2025-11-07 15:49:14
6520000,202565200000701379,태흥2리체육공원,태흥2리체육공원#1-4,제주특별자치도,서귀포시,서민·복지시설,제주특별자치도 서귀포시,,,제주특별자치도 서귀포시 남원읍 태흥리 364-5(남태해안로502),,제주특별자치도청,064-710-2352,33.286842,126.749616,2024-12-31,I,2026-05-15 18:45:28,2025-11-07 15:49:22
6520000,202565200000700875,5코스,올레 5코스 안내소 #1-4,제주특별자치도,서귀포시,기타,제주특별자치도 서귀포시,,,제주특별자치도 서귀포시 남원읍 남원리 91-6,,제주특별자치도청,064-710-2352,33.277861,126.719578,2024-12-31,I,2026-05-15 18:45:28,2025-11-07 15:49:15
6520000,202565200000700894,4코스,올레 4코스 토산리 올레 쉼터 #1-2,제주특별자치도,서귀포시,기타,제주특별자치도 서귀포시,,,제주특별자치도 서귀포시 표선면 토산리 425-5,,제주특별자치도청,064-710-2352,33.306425,126.783582,2024-12-31,I,2026-05-15 18:45:28,2025-11-07 15:49:15
6520000,202565200000700252,표선복합문화센터 장례식장,"1층1-2분향실입구, 1층식당앞복도",제주특별자치도,서귀포시,서민·복지시설,제주특별자치도 서귀포시,,,제주특별자치도 서귀포시 표선면 표선리 2078,,제주특별자치도청,064-710-2352,33.327747,126.823676,2024-12-31,I,2026-05-15 18:45:28,2025-11-07 15:49:08
6520000,202565200000700914,6코스,올레 6코스 보목포구 쉼터 #1-2,제주특별자치도,서귀포시,기타,제주특별자치도 서귀포시,,,제주특별자치도 서귀포시 보목동 566-3,,제주특별자치도청,064-710-2352,33.239326,126.607111,2024-12-31,I,2026-05-15 18:45:28,2025-11-07 15:49:15
6520000,202565200000700612,1코스,1코스 시작점,제주특별자치도,서귀포시,기타,제주특별자치도 서귀포시,,,제주특별자치도 서귀포시 성산읍 시흥리 12-64,,제주특별자치도청,064-710-2352,33.478060,126.908363,2024-12-31,I,2026-05-15 18:45:28,2025-11-07 15:49:12
6520000,202565200000700635,하효 쇠소깍 해변,하효 쇠소깍 해변 #1,제주특별자치도,서귀포시,기타,제주특별자치도 서귀포시,,,제주특별자치도 서귀포시 하효동 995,,제주특별자치도청,064-710-2352,33.251988,126.623126,2024-12-31,I,2026-05-15 18:45:28,2025-11-07 15:49:12
6520000,202565200000700376,정류장_섭지코지(406001406) (옥외1),정류장_섭지코지(406001406) (옥외1),제주특별자치도,서귀포시,교통시설,제주특별자치도 서귀포시,,,제주특별자치도 서귀포시 성산읍 고성리 224-18,,제주특별자치도청,064-710-2352,33.437020,126.922402,2024-12-31,I,2026-05-15 18:45:28,2025-11-07 15:49:09
6520000,202565200000700633,칠십리 음식 특화거리,칠십리 음식 특화거리,제주특별자치도,서귀포시,기타,제주특별자치도 서귀포시,,,제주특별자치도 서귀포시 서귀동 70-4,,제주특별자치도청,064-710-2352,33.243977,126.569054,2024-12-31,I,2026-05-15 18:45:28,2025-11-07 15:49:12
6520000,202565200000700801,칠십리공원,칠십리공원 #5-2,제주특별자치도,서귀포시,서민·복지시설,제주특별자치도 서귀포시,,,제주특별자치도 서귀포시 서홍동 648-13,,제주특별자치도청,064-710-2352,33.244410,126.556335,2024-12-31,I,2026-05-15 18:45:28,2025-11-07 15:49:14
6520000,202565200000701185,버스정류소_중흥/골드클래스아파트_(대신중학교방면),바다어린이공원 #1-2(중흥/골드클래스아파트(북)),제주특별자치도,서귀포시,교통시설,제주특별자치도 서귀포시,,,제주특별자치도 서귀포시 강정동 199-1,,제주특별자치도청,064-710-2352,33.252484,126.502541,2024-12-31,I,2026-05-15 18:45:28,2025-11-07 15:49:20
6520000,202565200000700382,정류장_대정읍사무소(406000913) (옥외1),정류장_대정읍사무소(406000913) (옥외1),제주특별자치도,서귀포시,교통시설,제주특별자치도 서귀포시,,,제주특별자치도 서귀포시 대정읍 하모리 1423-3,,제주특별자치도청,064-710-2352,33.225862,126.251759,2024-12-31,I,2026-05-15 18:45:28,2025-11-07 15:49:09
6520000,202565200000701352,서귀포매일올레시장,서귀포매일올레시장 #10-2,제주특별자치도,서귀포시,기타,제주특별자치도 서귀포시,,,제주특별자치도 서귀포시 서귀동 277-12(4번출구),,제주특별자치도청,064-710-2352,33.249722,126.562945,2024-12-31,I,2026-05-15 18:45:28,2025-11-07 15:49:22
6520000,202565200000700874,5코스,올레 5코스 안내소 #1-3,제주특별자치도,서귀포시,기타,제주특별자치도 서귀포시,,,제주특별자치도 서귀포시 남원읍 남원리 91-6,,제주특별자치도청,064-710-2352,33.277861,126.719578,2024-12-31,I,2026-05-15 18:45:28,2025-11-07 15:49:15
6520000,202565200000700109,감산지역아동센터,감산지역아동센터,제주특별자치도,서귀포시,서민·복지시설,제주특별자치도 서귀포시,,,제주특별자치도 서귀포시 안덕면 감산중로 16-13,,제주특별자치도청,064-710-2352,33.258249,126.352351,2024-12-31,I,2026-05-15 18:45:28,2025-11-07 15:49:07
6520000,202565200000700743,안덕우체국 뒤 주차장,안덕우체국 뒤 주차장,제주특별자치도,서귀포시,기타,제주특별자치도 서귀포시,,,제주특별자치도 서귀포시 안덕면 화순리 1072,,제주특별자치도청,064-710-2352,33.246137,126.335392,2024-12-31,I,2026-05-15 18:45:28,2025-11-07 15:49:13
6520000,202565200000700448,정방폭포,정방폭포,제주특별자치도,서귀포시,관광,제주특별자치도 서귀포시,,,제주특별자치도 서귀포시 동홍동 277,,제주특별자치도청,064-710-2352,33.244742,126.573095,2024-12-31,I,2026-05-15 18:45:28,2025-11-07 15:49:10
6520000,202565200000700726,서귀포농업기술센터,서귀포농업기술센터 #2-2,제주특별자치도,서귀포시,관공서,제주특별자치도 서귀포시,,,제주특별자치도 서귀포시 남원읍 하례리 1558,,제주특별자치도청,064-710-2352,33.288129,126.608388,2024-12-31,I,2026-05-15 18:45:28,2025-11-07 15:49:13
6520000,202565200000700787,송악도서관,송악도서관 #1-3,제주특별자치도,서귀포시,관공서,제주특별자치도 서귀포시,,,제주특별자치도 서귀포시 대정읍 하모리 1252-1,,제주특별자치도청,064-710-2352,33.226627,126.248601,2024-12-31,I,2026-05-15 18:45:28,2025-11-07 15:49:14
6520000,202565200000700717,일출랜드,일출랜드,제주특별자치도,서귀포시,관광,제주특별자치도 서귀포시,,,제주특별자치도 서귀포시 성산읍 삼달리 1010,,제주특별자치도청,064-710-2352,33.381230,126.842264,2024-12-31,I,2026-05-15 18:45:28,2025-11-07 15:49:13
6520000,202565200000700349,서귀포시 중앙도서관_1 (옥내3),서귀포시 중앙도서관_1 (옥내3),제주특별자치도,서귀포시,지역문화시설,제주특별자치도 서귀포시,,,제주특별자치도 서귀포시 김정문화로 32,,제주특별자치도청,064-710-2352,33.251417,126.507621,2024-12-31,I,2026-05-15 18:45:28,2025-11-07 15:49:09
6520000,202565200000700891,4코스,올레 4코스 세화리 포구 올레 쉼터 #1-1,제주특별자치도,서귀포시,기타,제주특별자치도 서귀포시,,,제주특별자치도 서귀포시 표선면 세화리 209-3,,제주특별자치도청,064-710-2352,33.304605,126.803389,2024-12-31,I,2026-05-15 18:45:28,2025-11-07 15:49:15
6520000,202565200000700885,3-A코스,올레 3-A코스 김영갑갤러리 두모악 앞 #1-1,제주특별자치도,서귀포시,기타,제주특별자치도 서귀포시,,,제주특별자치도 서귀포시 성산읍 삼달리 434-6,,제주특별자치도청,064-710-2352,33.372328,126.854968,2024-12-31,I,2026-05-15 18:45:28,2025-11-07 15:49:15
6520000,202565200000701471,서귀포시 동부보건소,서귀포시 동부보건소 #1-1,제주특별자치도,서귀포시,관공서,제주특별자치도 서귀포시,,,제주특별자치도 서귀포시 남원읍 남원리 2359-1,,제주특별자치도청,064-710-2352,33.275351,126.703669,2024-12-31,I,2026-05-15 18:45:28,2025-11-07 15:49:23
6520000,202565200000700191,아프리카박물관,아프리카박물관,제주특별자치도,서귀포시,관광,제주특별자치도 서귀포시,,,제주특별자치도 서귀포시 이어도로 49,,제주특별자치도청,064-710-2352,33.239980,126.428816,2024-12-31,I,2026-05-15 18:45:28,2025-11-07 15:49:07
6520000,202565200000700306,예래생태체험관_2 (옥내1),예래생태체험관_2 (옥내1),제주특별자치도,서귀포시,관광,제주특별자치도 서귀포시,,,제주특별자치도 서귀포시 예래로 213,,제주특별자치도청,064-710-2352,33.244471,126.390850,2024-12-31,I,2026-05-15 18:45:28,2025-11-07 15:49:08
6520000,202565200000700255,서귀포예술의전당,"지하 4층 연자자대기실 앞 복도, 연주자대기실",제주특별자치도,서귀포시,지역문화시설,제주특별자치도 서귀포시,,,제주특별자치도 서귀포시 서홍동 551-1,,제주특별자치도청,064-710-2352,33.246337,126.550789,2024-12-31,I,2026-05-15 18:45:28,2025-11-07 15:49:08
6520000,202565200000701329,서귀포매일올레시장,서귀포매일올레시장 #3-3,제주특별자치도,서귀포시,기타,제주특별자치도 서귀포시,,,제주특별자치도 서귀포시 서귀동 271-30,,제주특별자치도청,064-710-2352,33.249334,126.563936,2024-12-31,I,2026-05-15 18:45:28,2025-11-07 15:49:22
6520000,202565200000701450,서귀포 치유의 숲,서귀포 치유의 숲 #5-1,제주특별자치도,서귀포시,기타,제주특별자치도 서귀포시,,,제주특별자치도 서귀포시 산록남로 2271,,제주특별자치도청,064-710-2352,33.291817,126.527912,2024-12-31,I,2026-05-15 18:45:28,2025-11-07 15:49:23
6520000,202565200000700050,칠십리 청소년 야외공연장,칠십리 청소년 야외공연장,제주특별자치도,서귀포시,지역문화시설,제주특별자치도 서귀포시,,,제주특별자치도 서귀포시 서홍동 689,,제주특별자치도청,064-710-2352,33.243073,126.560145,2024-12-31,I,2026-05-15 18:45:28,2025-11-07 15:49:06
6520000,202565200000701313,버스정류소-남성마을입구(평생학습관방면),남성마을 입구(평생학습관 방면) #1-1,제주특별자치도,서귀포시,교통시설,제주특별자치도 서귀포시,,,제주특별자치도 서귀포시 서홍동 558-5,,제주특별자치도청,064-710-2352,33.247758,126.552533,2024-12-31,I,2026-05-15 18:45:28,2025-11-07 15:49:21
6520000,202565200000700270,신영물행복센터_2 (옥내1),신영물행복센터_2 (옥내1),제주특별자치도,서귀포시,지역문화시설,제주특별자치도 서귀포시,,,제주특별자치도 서귀포시 대정읍 신영로 46,,제주특별자치도청,064-710-2352,33.221409,126.247922,2024-12-31,I,2026-05-15 18:45:28,2025-11-07 15:49:08
6520000,202565200000700373,정류장_하예중동(406000370) (옥외1),정류장_하예중동(406000370) (옥외1),제주특별자치도,서귀포시,교통시설,제주특별자치도 서귀포시,,,제주특별자치도 서귀포시 하예동 378-1,,제주특별자치도청,064-710-2352,33.241556,126.384305,2024-12-31,I,2026-05-15 18:45:28,2025-11-07 15:49:09
6520000,202565200000700370,정류장_공천포(406000218) (옥외1),정류장_공천포(406000218) (옥외1),제주특별자치도,서귀포시,교통시설,제주특별자치도 서귀포시,,,제주특별자치도 서귀포시 남원읍 신례리 88-1,,제주특별자치도청,064-710-2352,33.265132,126.639945,2024-12-31,I,2026-05-15 18:45:28,2025-11-07 15:49:09
6520000,202565200000700690,성읍민속마을,성읍민속마을-가로등 #4-1,제주특별자치도,서귀포시,관광,제주특별자치도 서귀포시,,,제주특별자치도 서귀포시 표선면 성읍리 859,,제주특별자치도청,064-710-2352,33.385959,126.801901,2024-12-31,I,2026-05-15 18:45:28,2025-11-07 15:49:13
6520000,202565200000701574,서귀포삼다종합사회복지관,서귀포삼다종합사회복지관#1-4,제주특별자치도,서귀포시,서민·복지시설,제주특별자치도 서귀포시,,,제주특별자치도 서귀포시 중동로 69-9,,제주특별자치도청,064-710-2352,33.250643,126.569186,2024-12-31,I,2026-05-15 18:45:28,2025-11-07 15:49:25
6520000,202565200000700687,성읍민속마을,성읍민속마을-가로등 #2-2,제주특별자치도,서귀포시,관광,제주특별자치도 서귀포시,,,제주특별자치도 서귀포시 표선면 성읍리 834-1,,제주특별자치도청,064-710-2352,33.386524,126.800191,2024-12-31,I,2026-05-15 18:45:28,2025-11-07 15:49:13
6520000,202565200000700639,하효 쇠소깍 해변,하효 쇠소깍 해변 #3,제주특별자치도,서귀포시,기타,제주특별자치도 서귀포시,,,제주특별자치도 서귀포시 하효동 989 앞,,제주특별자치도청,064-710-2352,33.254384,126.622539,2024-12-31,I,2026-05-15 18:45:28,2025-11-07 15:49:12
6520000,202565200000700949,6코스,올레 6코스 서복전시관 앞 #1-2,제주특별자치도,서귀포시,기타,제주특별자치도 서귀포시,,,제주특별자치도 서귀포시 서귀동 100-2,,제주특별자치도청,064-710-2352,33.244930,126.570905,2024-12-31,I,2026-05-15 18:45:28,2025-11-07 15:49:16
6520000,202565200000700322,예래4통 전통체험관 (옥내1),예래4통 전통체험관 (옥내1),제주특별자치도,서귀포시,지역문화시설,제주특별자치도 서귀포시,,,제주특별자치도 서귀포시 하예동 343,,제주특별자치도청,064-710-2352,33.241720,126.387231,2024-12-31,I,2026-05-15 18:45:28,2025-11-07 15:49:08
6520000,202565200000701184,버스정류소_반참모르_(염돈동방면),반참모르(북) #1,제주특별자치도,서귀포시,교통시설,제주특별자치도 서귀포시,,,제주특별자치도 서귀포시 강정동 222-5,,제주특별자치도청,064-710-2352,33.250207,126.502157,2024-12-31,I,2026-05-15 18:45:28,2025-11-07 15:49:20
6520000,202565200000701515,버스정류소_성산항_(성산항입구방면),성산항 (북)#1-1,제주특별자치도,서귀포시,교통시설,제주특별자치도 서귀포시,,,제주특별자치도 서귀포시 성산읍 성산리 347-16,,제주특별자치도청,064-710-2352,33.471295,126.930691,2024-12-31,I,2026-05-15 18:45:28,2025-11-07 15:49:24
6520000,202565200000700243,성산국민체육센터,"1층 홀, 2층 홀",제주특별자치도,서귀포시,서민·복지시설,제주특별자치도 서귀포시,,,제주특별자치도 서귀포시 성산읍 오조리 1365-1,,제주특별자치도청,064-710-2352,33.466744,126.904564,2024-12-31,I,2026-05-15 18:45:28,2025-11-07 15:49:08
6520000,202565200000701022,8코스,올레 8코스 하예동 올레 쉼터  #1-1,제주특별자치도,서귀포시,기타,제주특별자치도 서귀포시,,,제주특별자치도 서귀포시 하예동 1744-4,,제주특별자치도청,064-710-2352,33.233182,126.373557,2024-12-31,I,2026-05-15 18:45:28,2025-11-07 15:49:17
6520000,202565200000700873,4코스,올레 4코스 태흥리 올레쉼터 #1-3,제주특별자치도,서귀포시,기타,제주특별자치도 서귀포시,,,제주특별자치도 서귀포시 남원읍 태흥리 409-5,,제주특별자치도청,064-710-2352,33.285277,126.750002,2024-12-31,I,2026-05-15 18:45:28,2025-11-07 15:49:15
6520000,202565200000701585,운진항,운진항 #1-1,제주특별자치도,서귀포시,기타,제주특별자치도 서귀포시,,,제주특별자치도 서귀포시 대정읍 하모리 646-20,,제주특별자치도청,064-710-2352,33.210075,126.258438,2024-12-31,I,2026-05-15 18:45:28,2025-11-07 15:49:25
6520000,202565200000700960,휴애리생활공원,휴애리 공원 #1-3,제주특별자치도,서귀포시,관광,제주특별자치도 서귀포시,,,제주특별자치도 서귀포시 남원읍 신례리 2081-6,,제주특별자치도청,064-710-2352,33.308772,126.633683,2024-12-31,I,2026-05-15 18:45:28,2025-11-07 15:49:16
6520000,202565200000700162,난산보건진료소,난산보건진료소,제주특별자치도,서귀포시,관공서,제주특별자치도 서귀포시,,,제주특별자치도 서귀포시 성산읍 난산리 324-6,,제주특별자치도청,064-710-2352,33.401047,126.871956,2024-12-31,I,2026-05-15 18:45:28,2025-11-07 15:49:07
6520000,202565200000700847,버스정류소_중문고등학교_(하원동방면),중문고등학교 (남) #2-1,제주특별자치도,서귀포시,교통시설,제주특별자치도 서귀포시,,,제주특별자치도 서귀포시 대포동 534-2,,제주특별자치도청,064-710-2352,33.252760,126.448813,2024-12-31,I,2026-05-15 18:45:28,2025-11-07 15:49:15
6520000,202565200000700951,7코스,올레 7코스 법환 해녀체험장 #1-2,제주특별자치도,서귀포시,기타,제주특별자치도 서귀포시,,,제주특별자치도 서귀포시 법환동 1450,,제주특별자치도청,064-710-2352,33.233031,126.511764,2024-12-31,I,2026-05-15 18:45:28,2025-11-07 15:49:16
6520000,202565200000700607,11코스,11코스,제주특별자치도,서귀포시,기타,제주특별자치도 서귀포시,,,제주특별자치도 서귀포시 대정읍 하모리 2140,,제주특별자치도청,064-710-2352,33.219146,126.252850,2024-12-31,I,2026-05-15 18:45:28,2025-11-07 15:49:12
6520000,202565200000700328,"서귀포시 제2청사 1F홀, BIF 사무실-1","서귀포시 제2청사 1F홀, BIF 사무실-1",제주특별자치도,서귀포시,관공서,제주특별자치도 서귀포시,,,제주특별자치도 서귀포시 서문로29번길 10,,제주특별자치도청,064-710-2352,33.255581,126.510523,2024-12-31,I,2026-05-15 18:45:28,2025-11-07 15:49:08
6520000,202565200000700661,모구리야영장,모구리야영장 #2,제주특별자치도,서귀포시,관광,제주특별자치도 서귀포시,,,제주특별자치도 서귀포시 성산읍 난산리 2960-1,,제주특별자치도청,064-710-2352,33.405803,126.822128,2024-12-31,I,2026-05-15 18:45:28,2025-11-07 15:49:12
6520000,202565200000701277,전기차충전소_동부소방서,동부소방서 #1-2,제주특별자치도,서귀포시,기타,제주특별자치도 서귀포시,,,제주특별자치도 서귀포시 성산읍 오조리 933(일주동로 4120번길 7),,제주특별자치도청,064-710-2352,33.459853,126.909859,2024-12-31,I,2026-05-15 18:45:28,2025-11-07 15:49:21
6520000,202565200000700181,대평복지회관,대평복지회관,제주특별자치도,서귀포시,관공서,제주특별자치도 서귀포시,,,제주특별자치도 서귀포시 안덕면 창천리 930-4,,제주특별자치도청,064-710-2352,33.238331,126.365889,2024-12-31,I,2026-05-15 18:45:28,2025-11-07 15:49:07
6520000,202565200000700952,7코스,올레 7코스 호근동 속골 #1-1,제주특별자치도,서귀포시,기타,제주특별자치도 서귀포시,,,제주특별자치도 서귀포시 호근동 1628,,제주특별자치도청,064-710-2352,33.240742,126.526330,2024-12-31,I,2026-05-15 18:45:28,2025-11-07 15:49:16
6520000,202565200000700197,제주월드컵경기장,제주월드컵경기장,제주특별자치도,서귀포시,지역문화시설,제주특별자치도 서귀포시,,,제주특별자치도 서귀포시 법환동 2132-1,,제주특별자치도청,064-710-2352,33.247594,126.507632,2024-12-31,I,2026-05-15 18:45:28,2025-11-07 15:49:07
6520000,202565200000701318,전기차충전소_서귀포서부종합사회복지관,서귀포서부종합사회복지관 #1-1,제주특별자치도,서귀포시,기타,제주특별자치도 서귀포시,,,제주특별자치도 서귀포시 대정읍 하모리 1191-1(신영로 23),,제주특별자치도청,064-710-2352,33.224139,126.247742,2024-12-31,I,2026-05-15 18:45:28,2025-11-07 15:49:21
6520000,202565200000700005,성읍보건진료소,성읍보건진료소,제주특별자치도,서귀포시,관공서,제주특별자치도 서귀포시,,,제주특별자치도 서귀포시 표선면 성읍리 553,,제주특별자치도청,064-710-2352,33.390456,126.801971,2024-12-31,I,2026-05-15 18:45:28,2025-11-07 15:49:05
6520000,202565200000701439,버스정류소_신효동_(월라봉방면),신효동[북])#1-1,제주특별자치도,서귀포시,교통시설,제주특별자치도 서귀포시,,,제주특별자치도 서귀포시 신효동 746,,제주특별자치도청,064-710-2352,33.263646,126.610274,2024-12-31,I,2026-05-15 18:45:28,2025-11-07 15:49:23
6520000,202565200000700836,버스정류소_신성동_(위미3리 마을회관방면),신성동 (북) #1-1,제주특별자치도,서귀포시,교통시설,제주특별자치도 서귀포시,,,제주특별자치도 서귀포시 남원읍 남원리 2466-1 앞,,제주특별자치도청,064-710-2352,33.274850,126.694559,2024-12-31,I,2026-05-15 18:45:28,2025-11-07 15:49:15
6520000,202565200000701072,서귀포시 테니스공원,서귀포시 테니스공원#1-1,제주특별자치도,서귀포시,서민·복지시설,제주특별자치도 서귀포시,,,제주특별자치도 서귀포시 동홍동 1447,,제주특별자치도청,064-710-2352,33.257855,126.564074,2024-12-31,I,2026-05-15 18:45:28,2025-11-07 15:49:19
6520000,202565200000701009,아랑조을거리,아랑조을거리#3-1,제주특별자치도,서귀포시,기타,제주특별자치도 서귀포시,,,제주특별자치도 서귀포시 서귀동 309-36앞,,제주특별자치도청,064-710-2352,33.249299,126.560763,2024-12-31,I,2026-05-15 18:45:28,2025-11-07 15:49:17
6520000,202565200000700139,서귀포시사랑원,서귀포시사랑원,제주특별자치도,서귀포시,서민·복지시설,제주특별자치도 서귀포시,,,제주특별자치도 서귀포시 분토왓로174번길 49-8,,제주특별자치도청,064-710-2352,33.280624,126.551500,2024-12-31,I,2026-05-15 18:45:28,2025-11-07 15:49:07
6520000,202565200000701345,전기차충전소_서귀포매일올레시장 주차장,서귀포매일올레시장주차장 #1-2,제주특별자치도,서귀포시,기타,제주특별자치도 서귀포시,,,제주특별자치도 서귀포시 서귀동 277-2,,제주특별자치도청,064-710-2352,33.249908,126.563078,2024-12-31,I,2026-05-15 18:45:28,2025-11-07 15:49:22
6520000,202565200000700460,섭지코지,섭지코지,제주특별자치도,서귀포시,기타,제주특별자치도 서귀포시,,,제주특별자치도 서귀포시 성산읍 고성리 62-2,,제주특별자치도청,064-710-2352,33.423577,126.929897,2024-12-31,I,2026-05-15 18:45:28,2025-11-07 15:49:10
6520000,202565200000700915,6코스,올레 6코스 보목포구 쉼터 #1-3,제주특별자치도,서귀포시,기타,제주특별자치도 서귀포시,,,제주특별자치도 서귀포시 보목동 566-3,,제주특별자치도청,064-710-2352,33.239347,126.606850,2024-12-31,I,2026-05-15 18:45:28,2025-11-07 15:49:15
6520000,202565200000701315,서귀포시동홍생활체육관,서귀포시동홍생활체육관 #1-1,제주특별자치도,서귀포시,서민·복지시설,제주특별자치도 서귀포시,,,제주특별자치도 서귀포시 동홍동 1460-6(중앙로 140),,제주특별자치도청,064-710-2352,33.257154,126.563572,2024-12-31,I,2026-05-15 18:45:28,2025-11-07 15:49:21
6520000,202565200000700207,성요셉요양원,성요셉요양원,제주특별자치도,서귀포시,서민·복지시설,제주특별자치도 서귀포시,,,제주특별자치도 서귀포시 상효동 1421-7,,제주특별자치도청,064-710-2352,33.295783,126.588580,2024-12-31,I,2026-05-15 18:45:28,2025-11-07 15:49:07
6520000,202565200000700346,알토산복지회관 (옥내1),알토산복지회관 (옥내1),제주특별자치도,서귀포시,지역문화시설,제주특별자치도 서귀포시,,,제주특별자치도 서귀포시 표선면 토산망동로2,,제주특별자치도청,064-710-2352,33.309513,126.783040,2024-12-31,I,2026-05-15 18:45:28,2025-11-07 15:49:09
6520000,202565200000701467,제남도서관,제남도서관 #2-4,제주특별자치도,서귀포시,관공서,제주특별자치도 서귀포시,,,제주특별자치도 서귀포시 남원읍 남원리 2336-5 (남원체육관로 183),,제주특별자치도청,064-710-2352,33.279545,126.704999,2024-12-31,I,2026-05-15 18:45:28,2025-11-07 15:49:23
6520000,202565200000701478,동부외국문화학습관,동부외국문화학습관 #1-2,제주특별자치도,서귀포시,관공서,제주특별자치도 서귀포시,,,제주특별자치도 서귀포시 성산읍 일주동로 4318,,제주특별자치도청,064-710-2352,33.442917,126.910982,2024-12-31,I,2026-05-15 18:45:28,2025-11-07 15:49:24
6520000,202565200000700029,안덕 청소년문화의집,안덕 청소년문화의집,제주특별자치도,서귀포시,지역문화시설,제주특별자치도 서귀포시,,,제주특별자치도 서귀포시 안덕면 화순리 1298-1,,제주특별자치도청,064-710-2352,33.249656,126.337383,2024-12-31,I,2026-05-15 18:45:28,2025-11-07 15:49:06
6520000,202565200000700487,송악산,송악산,제주특별자치도,서귀포시,관광,제주특별자치도 서귀포시,,,제주특별자치도 서귀포시 대정읍 상모리 238,,제주특별자치도청,064-710-2352,33.198931,126.293361,2024-12-31,I,2026-05-15 18:45:28,2025-11-07 15:49:11
6520000,202565200000700395,정류장_세천동(406000199) (옥외1),정류장_세천동(406000199) (옥외1),제주특별자치도,서귀포시,교통시설,제주특별자치도 서귀포시,,,제주특별자치도 서귀포시 남원읍 위미리 894-3,,제주특별자치도청,064-710-2352,33.275101,126.674761,2024-12-31,I,2026-05-15 18:45:28,2025-11-07 15:49:10
6520000,202565200000700736,보목하수처리장,보목하수처리장 #1-2,제주특별자치도,서귀포시,기타,제주특별자치도 서귀포시,,,제주특별자치도 서귀포시 보목동 1411-1,,제주특별자치도청,064-710-2352,33.242891,126.591330,2024-12-31,I,2026-05-15 18:45:28,2025-11-07 15:49:13
6520000,202565200000701530,서귀포 치유의 숲,서귀포 치유의 숲#3-2,제주특별자치도,서귀포시,기타,제주특별자치도 서귀포시,,,제주특별자치도 서귀포시 호근동 산 4(산록남로 2271),,제주특별자치도청,064-710-2352,33.292443,126.526885,2024-12-31,I,2026-05-15 18:45:28,2025-11-07 15:49:24
6520000,202565200000701132,제주도예촌,제주도예촌 #1-2,제주특별자치도,서귀포시,관광,제주특별자치도 서귀포시,,,제주특별자치도 서귀포시 대정읍 영락리 1,,제주특별자치도청,064-710-2352,33.265740,126.234896,2024-12-31,I,2026-05-15 18:45:28,2025-11-07 15:49:19
6520000,202565200000700298,안덕청소년문화의집_1 (옥내1),안덕청소년문화의집_1 (옥내1),제주특별자치도,서귀포시,서민·복지시설,제주특별자치도 서귀포시,,,제주특별자치도 서귀포시 안덕면 화순로 56번길 20,,제주특별자치도청,064-710-2352,33.249416,126.337001,2024-12-31,I,2026-05-15 18:45:28,2025-11-07 15:49:08
6520000,202565200000700310,월평 커뮤니티비즈니스센터_2 (옥내1),월평 커뮤니티비즈니스센터_2 (옥내1),제주특별자치도,서귀포시,지역문화시설,제주특별자치도 서귀포시,,,제주특별자치도 서귀포시 월평로 37,,제주특별자치도청,064-710-2352,33.246244,126.460422,2024-12-31,I,2026-05-15 18:45:28,2025-11-07 15:49:08
6520000,202565200000701183,버스정류소_주공 3 4단지_(삼아아파트방면),주공 3 4단지(남)#1,제주특별자치도,서귀포시,교통시설,제주특별자치도 서귀포시,,,제주특별자치도 서귀포시 동홍동 180-6,,제주특별자치도청,064-710-2352,33.250085,126.571862,2024-12-31,I,2026-05-15 18:45:28,2025-11-07 15:49:20
6520000,202565200000700230,서귀포농업기술센터,1층 오른쪽 초가집 외부 벽면,제주특별자치도,서귀포시,관공서,제주특별자치도 서귀포시,,,제주특별자치도 서귀포시 남원읍 하례리 1558,,제주특별자치도청,064-710-2352,33.287975,126.607793,2024-12-31,I,2026-05-15 18:45:28,2025-11-07 15:49:08
6520000,202565200000700728,서귀포 치유의 숲,서귀포 치유의 숲 #4-1,제주특별자치도,서귀포시,기타,제주특별자치도 서귀포시,,,제주특별자치도 서귀포시 산록남로 2271,,제주특별자치도청,064-710-2352,33.300533,126.521176,2024-12-31,I,2026-05-15 18:45:28,2025-11-07 15:49:13
6520000,202565200000700744,회수사거리,회수사거리,제주특별자치도,서귀포시,기타,제주특별자치도 서귀포시,,,제주특별자치도 서귀포시 회수동 788-2,,제주특별자치도청,064-710-2352,33.263141,126.442597,2024-12-31,I,2026-05-15 18:45:28,2025-11-07 15:49:13
6520000,202565200000701149,버스정류소_천제연폭포(남),천제연폭포(남) #1-1,제주특별자치도,서귀포시,교통시설,제주특별자치도 서귀포시,,,제주특별자치도 서귀포시 중문동 1489-2,,제주특별자치도청,064-710-2352,33.253539,126.419617,2024-12-31,I,2026-05-15 18:45:28,2025-11-07 15:49:19
6520000,202565200000700237,서귀포시 성산보건지소,"1층 복도, 2층 복도, 2층 프로그램실",제주특별자치도,서귀포시,관공서,제주특별자치도 서귀포시,,,제주특별자치도 서귀포시 성산읍 고성리 336-2 동부보건소 성산보건지소,,제주특별자치도청,064-710-2352,33.446868,126.915472,2024-12-31,I,2026-05-15 18:45:28,2025-11-07 15:49:08
6520000,202565200000700377,정류장_대화동(406000211) (옥외1),정류장_대화동(406000211) (옥외1),제주특별자치도,서귀포시,교통시설,제주특별자치도 서귀포시,,,제주특별자치도 서귀포시 대정읍 하모상가로 9,,제주특별자치도청,064-710-2352,33.272738,126.652052,2024-12-31,I,2026-05-15 18:45:28,2025-11-07 15:49:09
6520000,202565200000700110,서귀포실내야구장   청소년쉼터,서귀포실내야구장   청소년쉼터,제주특별자치도,서귀포시,서민·복지시설,제주특별자치도 서귀포시,,,제주특별자치도 서귀포시 강정동 1450,,제주특별자치도청,064-710-2352,33.259876,126.501779,2024-12-31,I,2026-05-15 18:45:28,2025-11-07 15:49:07
6520000,202565200000701421,버스정류소_평생학습관_(남성마을입구방면),평생학습관[북]#1-1,제주특별자치도,서귀포시,교통시설,제주특별자치도 서귀포시,,,제주특별자치도 서귀포시 서귀동 325-1앞,,제주특별자치도청,064-710-2352,33.249317,126.557763,2024-12-31,I,2026-05-15 18:45:28,2025-11-07 15:49:23
6520000,202565200000700071,성산항 터미널,성산항 터미널,제주특별자치도,서귀포시,교통시설,제주특별자치도 서귀포시,,,제주특별자치도 서귀포시 성산읍 1023번지,,제주특별자치도청,064-710-2352,33.364462,126.834143,2024-12-31,I,2026-05-15 18:45:28,2025-11-07 15:49:06
6520000,202565200000701425,동홍동주민센터,동홍동주민센터#3-1,제주특별자치도,서귀포시,기타,제주특별자치도 서귀포시,,,제주특별자치도 서귀포시 동홍동 577(동홍로104),,제주특별자치도청,064-710-2352,33.257708,126.568946,2024-12-31,I,2026-05-15 18:45:28,2025-11-07 15:49:23
6520000,202565200000701571,서귀포삼다종합사회복지관,서귀포삼다종합사회복지관#1-1,제주특별자치도,서귀포시,서민·복지시설,제주특별자치도 서귀포시,,,제주특별자치도 서귀포시 중동로 69-9,,제주특별자치도청,064-710-2352,33.250643,126.569186,2024-12-31,I,2026-05-15 18:45:28,2025-11-07 15:49:25
6520000,202565200000700982,삼다정궁도장,삼다정궁도장 #1-1,제주특별자치도,서귀포시,서민·복지시설,제주특별자치도 서귀포시,,,제주특별자치도 서귀포시 남원읍 한남리 485-2,,제주특별자치도청,064-710-2352,33.299768,126.683329,2024-12-31,I,2026-05-15 18:45:28,2025-11-07 15:49:16
6520000,202565200000700214,카멜리아힐,카멜리아힐,제주특별자치도,서귀포시,관광,제주특별자치도 서귀포시,,,제주특별자치도 서귀포시 안덕면 상창리 271,,제주특별자치도청,064-710-2352,33.290141,126.368371,2024-12-31,I,2026-05-15 18:45:28,2025-11-07 15:49:07
6520000,202565200000700296,화순리사무소_1 (옥외1),화순리사무소_1 (옥외1),제주특별자치도,서귀포시,지역문화시설,제주특별자치도 서귀포시,,,제주특별자치도 서귀포시 안덕면 화순로 121-5,,제주특별자치도청,064-710-2352,33.245980,126.333536,2024-12-31,I,2026-05-15 18:45:28,2025-11-07 15:49:08
6520000,202565200000700907,5코스,올레 5코스 공천포 올레쉼터 마을공원 놀이터  #1-1,제주특별자치도,서귀포시,기타,제주특별자치도 서귀포시,,,제주특별자치도 서귀포시 남원읍 신례리 74,,제주특별자치도청,064-710-2352,33.263571,126.639173,2024-12-31,I,2026-05-15 18:45:28,2025-11-07 15:49:15
6520000,202565200000701244,문화근린공원,문화근린공원 #3-1,제주특별자치도,서귀포시,서민·복지시설,제주특별자치도 서귀포시,,,제주특별자치도 서귀포시 강정동 176(중앙도서관 동쪽),,제주특별자치도청,064-710-2352,33.251465,126.508214,2024-12-31,I,2026-05-15 18:45:28,2025-11-07 15:49:21
6520000,202565200000701593,중문관광단지,중문관광단지 #2-3 (하나호텔남쪽옥상),제주특별자치도,서귀포시,관광,제주특별자치도 서귀포시,,,제주특별자치도 서귀포시 색달동 2812-2( 중문관광로72번길 53),,제주특별자치도청,064-710-2352,33.249661,126.407919,2024-12-31,I,2026-05-15 18:45:28,2025-11-07 15:49:25
6520000,202565200000701229,한라산국립공원_진달래밭대피소,한라산국립공원_진달래밭대피소#1-3,제주특별자치도,서귀포시,서민·복지시설,제주특별자치도 서귀포시,,,제주특별자치도 서귀포시 남원 하례리 산1-7,,제주특별자치도청,064-710-2352,33.369839,126.555498,2024-12-31,I,2026-05-15 18:45:28,2025-11-07 15:49:20
6520000,202565200000700186,초콜릿박물관,초콜릿박물관,제주특별자치도,서귀포시,관광,제주특별자치도 서귀포시,,,제주특별자치도 서귀포시 대정읍 일주서로3000번길,,제주특별자치도청,064-710-2352,33.256265,126.227643,2024-12-31,I,2026-05-15 18:45:28,2025-11-07 15:49:07
6520000,202565200000700795,제석공원,제석공원1 #1-1,제주특별자치도,서귀포시,서민·복지시설,제주특별자치도 서귀포시,,,제주특별자치도 서귀포시 서귀동 165-1,,제주특별자치도청,064-710-2352,33.246095,126.566356,2024-12-31,I,2026-05-15 18:45:28,2025-11-07 15:49:14
6520000,202565200000700840,버스정류소_하천하동_(하천리취락구조방면),하천하동 (서) #1-1,제주특별자치도,서귀포시,교통시설,제주특별자치도 서귀포시,,,제주특별자치도 서귀포시 표선면 하천리 276-1 앞,,제주특별자치도청,064-710-2352,33.339703,126.844252,2024-12-31,I,2026-05-15 18:45:28,2025-11-07 15:49:15
6520000,202565200000700010,남원보건진료소,남원보건진료소,제주특별자치도,서귀포시,관공서,제주특별자치도 서귀포시,,,제주특별자치도 서귀포시 남원읍 신흥리 1770-20,,제주특별자치도청,064-710-2352,33.319840,126.747908,2024-12-31,I,2026-05-15 18:45:28,2025-11-07 15:49:06
6520000,202565200000701437,버스정류소_용흥동_(묵은길입구방면),용흥동[남])#1-1,제주특별자치도,서귀포시,교통시설,제주특별자치도 서귀포시,,,제주특별자치도 서귀포시 강정동 4028-1,,제주특별자치도청,064-710-2352,33.250211,126.483753,2024-12-31,I,2026-05-15 18:45:28,2025-11-07 15:49:23
6520000,202565200000700562,믿거나말거나박물관,믿거나말거나박물관,제주특별자치도,서귀포시,관광,제주특별자치도 서귀포시,,,제주특별자치도 서귀포시 색달동 2864-2,,제주특별자치도청,064-710-2352,33.251065,126.412835,2024-12-31,I,2026-05-15 18:45:28,2025-11-07 15:49:11
6520000,202565200000700691,성읍민속마을,성읍민속마을-가로등 #4-2,제주특별자치도,서귀포시,관광,제주특별자치도 서귀포시,,,제주특별자치도 서귀포시 표선면 성읍리 859,,제주특별자치도청,064-710-2352,33.385959,126.801901,2024-12-31,I,2026-05-15 18:45:28,2025-11-07 15:49:13
6520000,202565200000700805,사계어린이공원,사계어린이공원 #1-1,제주특별자치도,서귀포시,서민·복지시설,제주특별자치도 서귀포시,,,제주특별자치도 서귀포시 안덕면 사계리 3589,,제주특별자치도청,064-710-2352,33.249981,126.321972,2024-12-31,I,2026-05-15 18:45:28,2025-11-07 15:49:14
6520000,202565200000700304,안덕보건지소 건강증진센터 (옥내1),안덕보건지소 건강증진센터 (옥내1),제주특별자치도,서귀포시,서민·복지시설,제주특별자치도 서귀포시,,,제주특별자치도 서귀포시 안덕면 화순중앙로12번길 30-9,,제주특별자치도청,064-710-2352,33.250585,126.331389,2024-12-31,I,2026-05-15 18:45:28,2025-11-07 15:49:08
6520000,202565200000701463,표선생활체육관,표선생활체육관#2-2,제주특별자치도,서귀포시,서민·복지시설,제주특별자치도 서귀포시,,,제주특별자치도 서귀포시 표선면 하천리 1832-1 ( 한마음초등로 399),,제주특별자치도청,064-710-2352,33.354206,126.814399,2024-12-31,I,2026-05-15 18:45:28,2025-11-07 15:49:23
6520000,202565200000700142,청소년복지상담센터,청소년복지상담센터,제주특별자치도,서귀포시,서민·복지시설,제주특별자치도 서귀포시,,,제주특별자치도 서귀포시 중앙로94 3층(서귀동),,제주특별자치도청,064-710-2352,33.253007,126.561538,2024-12-31,I,2026-05-15 18:45:28,2025-11-07 15:49:07
6520000,202565200000701338,서귀포매일올레시장,서귀포매일올레시장 (김밥거래소앞)#6-2,제주특별자치도,서귀포시,기타,제주특별자치도 서귀포시,,,제주특별자치도 서귀포시 서귀동 279-6(김밥거래소 앞 방범CCTV),,제주특별자치도청,064-710-2352,33.250463,126.563730,2024-12-31,I,2026-05-15 18:45:28,2025-11-07 15:49:22
6520000,202565200000700496,돈내코,돈내코,제주특별자치도,서귀포시,관광,제주특별자치도 서귀포시,,,제주특별자치도 서귀포시 상효동 1459,,제주특별자치도청,064-710-2352,33.300286,126.584840,2024-12-31,I,2026-05-15 18:45:28,2025-11-07 15:49:11
6520000,202565200000701226,한라산국립공원_백록담,한라산국립공원_백록담#1-3,제주특별자치도,서귀포시,서민·복지시설,제주특별자치도 서귀포시,,,제주특별자치도 서귀포시 토평동 산 15-1,,제주특별자치도청,064-710-2352,33.360789,126.536008,2024-12-31,I,2026-05-15 18:45:28,2025-11-07 15:49:20
6520000,202565200000700390,정류장_탄산온천(406001203) (옥외1),정류장_탄산온천(406001203) (옥외1),제주특별자치도,서귀포시,교통시설,제주특별자치도 서귀포시,,,제주특별자치도 서귀포시 안덕면 사계리 1030-1,,제주특별자치도청,064-710-2352,33.250415,126.298161,2024-12-31,I,2026-05-15 18:45:28,2025-11-07 15:49:10
6520000,202565200000700631,칠십리 음식 특화거리,칠십리 음식 특화거리,제주특별자치도,서귀포시,기타,제주특별자치도 서귀포시,,,제주특별자치도 서귀포시 서귀동 70-4,,제주특별자치도청,064-710-2352,33.243977,126.569054,2024-12-31,I,2026-05-15 18:45:28,2025-11-07 15:49:12
6520000,202565200000700776,전기차충전소_안덕 청소년 문화의 집,안덕 청소년 문화의 집 #1-1,제주특별자치도,서귀포시,기타,제주특별자치도 서귀포시,,,제주특별자치도 서귀포시 안덕면 화순리 1298-13,,제주특별자치도청,064-710-2352,33.249619,126.337209,2024-12-31,I,2026-05-15 18:45:28,2025-11-07 15:49:14
6520000,202565200000700957,10코스,10코스-화순금모래해변-화장실 #1-1,제주특별자치도,서귀포시,기타,제주특별자치도 서귀포시,,,제주특별자치도 서귀포시 안덕면 화순리 833-2,,제주특별자치도청,064-710-2352,33.240805,126.333963,2024-12-31,I,2026-05-15 18:45:28,2025-11-07 15:49:16
6520000,202565200000700832,버스정류소_고성리 성산농협_(성산읍사무소방면),고성리 성산농협 #1-1,제주특별자치도,서귀포시,교통시설,제주특별자치도 서귀포시,,,제주특별자치도 서귀포시 성산읍 고성리 1106-12 앞,,제주특별자치도청,064-710-2352,33.445896,126.912589,2024-12-31,I,2026-05-15 18:45:28,2025-11-07 15:49:15
6520000,202565200000701175,형제해안도로,형제해안도로 (고서방 해물탕옆)#1-2,제주특별자치도,서귀포시,기타,제주특별자치도 서귀포시,,,제주특별자치도 서귀포시 대정읍 상모리 87-22,,제주특별자치도청,064-710-2352,33.209355,126.291462,2024-12-31,I,2026-05-15 18:45:28,2025-11-07 15:49:20
6520000,202565200000701610,버스정류소_하모3리_(진개동산방면),하모3리#1-1,제주특별자치도,서귀포시,교통시설,제주특별자치도 서귀포시,,,제주특별자치도 서귀포시 대정읍 하모리 945-2,,제주특별자치도청,064-710-2352,33.221565,126.251207,2024-12-31,I,2026-05-15 18:45:28,2025-11-07 15:49:25
6520000,202565200000701455,중앙동주민센터,중앙동주민센터#1-1,제주특별자치도,서귀포시,관공서,제주특별자치도 서귀포시,,,제주특별자치도 서귀포시 서귀동 269-4(동문로 39),,제주특별자치도청,064-710-2352,33.250740,126.565112,2024-12-31,I,2026-05-15 18:45:28,2025-11-07 15:49:23
6520000,202565200000701521,버스정류소_현대산부인과_(청소년문화의집방면),현대산부인과#1-1,제주특별자치도,서귀포시,교통시설,제주특별자치도 서귀포시,,,제주특별자치도 서귀포시 서귀동 255-4(중동로48번길 11),,제주특별자치도청,064-710-2352,33.249521,126.566564,2024-12-31,I,2026-05-15 18:45:28,2025-11-07 15:49:24
6520000,202565200000700682,성읍민속마을,성읍민속마을-가로등 #1-1,제주특별자치도,서귀포시,관광,제주특별자치도 서귀포시,,,제주특별자치도 서귀포시 표선면 성읍리 812-1,,제주특별자치도청,064-710-2352,33.387501,126.801094,2024-12-31,I,2026-05-15 18:45:28,2025-11-07 15:49:13
6520000,202565200000700115,신평보건진료소,신평보건진료소,제주특별자치도,서귀포시,관공서,제주특별자치도 서귀포시,,,제주특별자치도 서귀포시 대정읍 중산간서로 2600,,제주특별자치도청,064-710-2352,33.265962,126.259353,2024-12-31,I,2026-05-15 18:45:28,2025-11-07 15:49:07
6520000,202565200000700537,버스정류소_신산환승정류장(성산농협신산지점),신산환승정류장(성산농협신산지점),제주특별자치도,서귀포시,교통시설,제주특별자치도 서귀포시,,,제주특별자치도 서귀포시 성산읍 신산리 1041-4,,제주특별자치도청,064-710-2352,33.380301,126.876209,2024-12-31,I,2026-05-15 18:45:28,2025-11-07 15:49:11
6520000,202565200000700624,이중섭거리,이중섭거리,제주특별자치도,서귀포시,기타,제주특별자치도 서귀포시,,,제주특별자치도 서귀포시 서귀동 523-2,,제주특별자치도청,064-710-2352,33.245861,126.564074,2024-12-31,I,2026-05-15 18:45:28,2025-11-07 15:49:12
6520000,202565200000700315,서귀포시청 셋마당(제1청사 별관) 1 (옥내1),서귀포시청 셋마당(제1청사 별관) 1 (옥내1),제주특별자치도,서귀포시,관공서,제주특별자치도 서귀포시,,,제주특별자치도 서귀포시 중앙로 105,,제주특별자치도청,064-710-2352,33.253914,126.559603,2024-12-31,I,2026-05-15 18:45:28,2025-11-07 15:49:08
6520000,202565200000701447,한라산국립공원_진달래밭대피소,한라산국립공원_진달래밭대피소#1-1,제주특별자치도,서귀포시,서민·복지시설,제주특별자치도 서귀포시,,,제주특별자치도 서귀포시 남원하례리산1-7,,제주특별자치도청,064-710-2352,33.369839,126.555498,2024-12-31,I,2026-05-15 18:45:28,2025-11-07 15:49:23
6520000,202565200000700541,버스정류소_동광환승정류장(제주방면),동광환승정류장(제주방면),제주특별자치도,서귀포시,교통시설,제주특별자치도 서귀포시,,,제주특별자치도 서귀포시 안덕면 동광리 824-1,,제주특별자치도청,064-710-2352,33.310422,126.341042,2024-12-31,I,2026-05-15 18:45:28,2025-11-07 15:49:11
6520000,202565200000701316,서귀포시동홍생활체육관,서귀포시동홍생활체육관 #1-2,제주특별자치도,서귀포시,서민·복지시설,제주특별자치도 서귀포시,,,제주특별자치도 서귀포시 동홍동 1460-6(중앙로 140),,제주특별자치도청,064-710-2352,33.257154,126.563572,2024-12-31,I,2026-05-15 18:45:28,2025-11-07 15:49:21
6520000,202565200000700493,돈내코,돈내코,제주특별자치도,서귀포시,관광,제주특별자치도 서귀포시,,,제주특별자치도 서귀포시 상효동 1463,,제주특별자치도청,064-710-2352,33.300178,126.582102,2024-12-31,I,2026-05-15 18:45:28,2025-11-07 15:49:11
6520000,202565200000701431,서광동리복합문화센터,서광동리복합문화센터#1-1,제주특별자치도,서귀포시,관공서,제주특별자치도 서귀포시,,,제주특별자치도 서귀포시 안덕면 서광리 66-7(서광동로47번길 35),,제주특별자치도청,064-710-2352,33.287640,126.329487,2024-12-31,I,2026-05-15 18:45:28,2025-11-07 15:49:23
6520000,202565200000700842,버스정류소_표선오일시장_(그린카센터방면),표선오일시장 (서) #2-1,제주특별자치도,서귀포시,교통시설,제주특별자치도 서귀포시,,,제주특별자치도 서귀포시 표선면 표선리 1008,,제주특별자치도청,064-710-2352,33.321019,126.830251,2024-12-31,I,2026-05-15 18:45:28,2025-11-07 15:49:15
6520000,202565200000700141,서귀포가정행복상담소,서귀포가정행복상담소,제주특별자치도,서귀포시,서민·복지시설,제주특별자치도 서귀포시,,,제주특별자치도 서귀포시 문부로 2,,제주특별자치도청,064-710-2352,33.251909,126.567963,2024-12-31,I,2026-05-15 18:45:28,2025-11-07 15:49:07
6520000,202565200000700703,무릉문화의집,무릉문화의집,제주특별자치도,서귀포시,지역문화시설,제주특별자치도 서귀포시,,,제주특별자치도 서귀포시 대정읍 서삼중로 128,,제주특별자치도청,064-710-2352,33.273453,126.199091,2024-12-31,I,2026-05-15 18:45:28,2025-11-07 15:49:13
6520000,202565200000700492,돈내코,돈내코,제주특별자치도,서귀포시,관광,제주특별자치도 서귀포시,,,제주특별자치도 서귀포시 상효동 1460,,제주특별자치도청,064-710-2352,33.300561,126.584369,2024-12-31,I,2026-05-15 18:45:28,2025-11-07 15:49:11
6520000,202565200000701475,제남도서관,제남도서관 #1-1,제주특별자치도,서귀포시,관공서,제주특별자치도 서귀포시,,,제주특별자치도 서귀포시 남원읍 남원체육관로 183,,제주특별자치도청,064-710-2352,33.279545,126.704999,2024-12-31,I,2026-05-15 18:45:28,2025-11-07 15:49:24
6520000,202565200000700984,돌고래하우스 캠핑장,돌고래하우스 (캠핑장) #1-1,제주특별자치도,서귀포시,관광,제주특별자치도 서귀포시,,,제주특별자치도 서귀포시 강정동 798,,제주특별자치도청,064-710-2352,33.232708,126.499950,2024-12-31,I,2026-05-15 18:45:28,2025-11-07 15:49:16
6520000,202565200000700341,위미2리 새마을작은도서관 (옥내1),위미2리 새마을작은도서관 (옥내1),제주특별자치도,서귀포시,지역문화시설,제주특별자치도 서귀포시,,,제주특별자치도 서귀포시 남원읍 태위로510번길 79-2,,제주특별자치도청,064-710-2352,33.274808,126.667606,2024-12-31,I,2026-05-15 18:45:28,2025-11-07 15:49:09
6520000,202565200000700182,성산포 여객터미널,성산포 여객터미널,제주특별자치도,서귀포시,교통시설,제주특별자치도 서귀포시,,,제주특별자치도 서귀포시 성산읍 성산리,,제주특별자치도청,064-710-2352,33.464133,126.932996,2024-12-31,I,2026-05-15 18:45:28,2025-11-07 15:49:07
6520000,202565200000701024,10코스,10코스-운진항입구-버스정류장 #1-1,제주특별자치도,서귀포시,기타,제주특별자치도 서귀포시,,,제주특별자치도 서귀포시 대정읍 하모리 646-12,,제주특별자치도청,064-710-2352,33.211197,126.257035,2024-12-31,I,2026-05-15 18:45:28,2025-11-07 15:49:17
6520000,202565200000701002,솜반내(솜반천),솜반내(솜반천)#1-3,제주특별자치도,서귀포시,관광,제주특별자치도 서귀포시,,,제주특별자치도 서귀포시 서홍동 1222,,제주특별자치도청,064-710-2352,33.253632,126.553228,2024-12-31,I,2026-05-15 18:45:28,2025-11-07 15:49:17
6520000,202565200000701557,대정청소년수련관,대정청소년수련관#1-2,제주특별자치도,서귀포시,지역문화시설,제주특별자치도 서귀포시,,,제주특별자치도 서귀포시 대정읍 동일하모로 149번길 21-8,,제주특별자치도청,064-710-2352,33.227890,126.247725,2024-12-31,I,2026-05-15 18:45:28,2025-11-07 15:49:24
6520000,202565200000700363,정류장_1100도로입구(406000021) (옥외1),정류장_1100도로입구(406000021) (옥외1),제주특별자치도,서귀포시,교통시설,제주특별자치도 서귀포시,,,제주특별자치도 서귀포시 중문동 1918-6,,제주특별자치도청,064-710-2352,33.251777,126.432018,2024-12-31,I,2026-05-15 18:45:28,2025-11-07 15:49:09
6520000,202565200000700104,시각장애인 주간보호시설,시각장애인 주간보호시설,제주특별자치도,서귀포시,서민·복지시설,제주특별자치도 서귀포시,,,제주특별자치도 서귀포시 중문관광로335(중문동),,제주특별자치도청,064-710-2352,33.250117,126.430545,2024-12-31,I,2026-05-15 18:45:28,2025-11-07 15:49:07
6520000,202565200000700997,바다어린이공원,바다어린이공원 #1-1,제주특별자치도,서귀포시,관광,제주특별자치도 서귀포시,,,제주특별자치도 서귀포시 강정동 199-1,,제주특별자치도청,064-710-2352,33.252474,126.502554,2024-12-31,I,2026-05-15 18:45:28,2025-11-07 15:49:17
6520000,202565200000700784,1100고지 휴게소,1100고지 휴게소 #1-1,제주특별자치도,서귀포시,관광,제주특별자치도 서귀포시,,,제주특별자치도 서귀포시 색달동 산 1-1,,제주특별자치도청,064-710-2352,33.357624,126.463072,2024-12-31,I,2026-05-15 18:45:28,2025-11-07 15:49:14
6520000,202565200000701194,전기차충전소_수망리사무소(다목적 건물),수망리사무소(다목적 건물)#1,제주특별자치도,서귀포시,기타,제주특별자치도 서귀포시,,,제주특별자치도 서귀포시 남원읍 태수로 599-36(수망리 311-2),,제주특별자치도청,064-710-2352,33.328480,126.713289,2024-12-31,I,2026-05-15 18:45:28,2025-11-07 15:49:20
6520000,202565200000700026,표선 보건지소,표선 보건지소,제주특별자치도,서귀포시,관공서,제주특별자치도 서귀포시,,,제주특별자치도 서귀포시 표선면 표선리 671,,제주특별자치도청,064-710-2352,33.323920,126.830838,2024-12-31,I,2026-05-15 18:45:28,2025-11-07 15:49:06
6520000,202565200000700936,5코스,올레 5코스위미3리 포구 쉼터 #1-1,제주특별자치도,서귀포시,기타,제주특별자치도 서귀포시,,,제주특별자치도 서귀포시 남원읍 위미리 69,,제주특별자치도청,064-710-2352,33.270313,126.691442,2024-12-31,I,2026-05-15 18:45:28,2025-11-07 15:49:16
6520000,202565200000700107,색달공부방,색달공부방,제주특별자치도,서귀포시,서민·복지시설,제주특별자치도 서귀포시,,,제주특별자치도 서귀포시 색달로72번길 2(색달동),,제주특별자치도청,064-710-2352,33.260826,126.410457,2024-12-31,I,2026-05-15 18:45:28,2025-11-07 15:49:07
6520000,202565200000700694,성읍민속마을,성읍민속마을-종탑#1-3,제주특별자치도,서귀포시,관광,제주특별자치도 서귀포시,,,제주특별자치도 서귀포시 표선면 성읍리 901,,제주특별자치도청,064-710-2352,33.386529,126.802251,2024-12-31,I,2026-05-15 18:45:28,2025-11-07 15:49:13
6520000,202565200000700356,정류장_회수마을회관(406001527) (옥외1),정류장_회수마을회관(406001527) (옥외1),제주특별자치도,서귀포시,교통시설,제주특별자치도 서귀포시,,,제주특별자치도 서귀포시 회수동 376-7,,제주특별자치도청,064-710-2352,33.263356,126.444443,2024-12-31,I,2026-05-15 18:45:28,2025-11-07 15:49:09
6520000,202565200000700989,서귀포국민체육센터,서귀포국민체육센터 #1-2,제주특별자치도,서귀포시,서민·복지시설,제주특별자치도 서귀포시,,,제주특별자치도 서귀포시 중문동 1921-1,,제주특별자치도청,064-710-2352,33.250970,126.432052,2024-12-31,I,2026-05-15 18:45:28,2025-11-07 15:49:16
6520000,202565200000701272,성산읍 공설묘지 봉안당,성산읍 공설묘지 봉안당 #1-4,제주특별자치도,서귀포시,서민·복지시설,제주특별자치도 서귀포시,,,제주특별자치도 서귀포시 성산읍 수산리 4711(성산읍 금백조로 548),,제주특별자치도청,064-710-2352,33.434710,126.816878,2024-12-31,I,2026-05-15 18:45:28,2025-11-07 15:49:21
6520000,202565200000701206,머체왓숲길영농조합,머체왓숲길영농조합#1-1,제주특별자치도,서귀포시,관광,제주특별자치도 서귀포시,,,제주특별자치도 서귀포시 남원읍 서성로 755(한남리 1622-3),,제주특별자치도청,064-710-2352,33.330577,126.673882,2024-12-31,I,2026-05-15 18:45:28,2025-11-07 15:49:20
6520000,202565200000700073,안덕청소년수련원,안덕청소년수련원,제주특별자치도,서귀포시,지역문화시설,제주특별자치도 서귀포시,,,제주특별자치도 서귀포시 안덕면 대평감산로 27,,제주특별자치도청,064-710-2352,33.237264,126.365662,2024-12-31,I,2026-05-15 18:45:28,2025-11-07 15:49:06
6520000,202565200000701381,서광동리마을공연장,서광동리마을공연장#1-2,제주특별자치도,서귀포시,지역문화시설,제주특별자치도 서귀포시,,,제주특별자치도 서귀포시 안덕면 서광리 61-6(서광동로47번길19),,제주특별자치도청,064-710-2352,33.288906,126.330112,2024-12-31,I,2026-05-15 18:45:28,2025-11-07 15:49:22
6520000,202565200000701320,버스정류소_성산항입구(성산리 취락구조방면),성산항입구[남] #1-1,제주특별자치도,서귀포시,교통시설,제주특별자치도 서귀포시,,,제주특별자치도 서귀포시 성산읍 성산리 369-3,,제주특별자치도청,064-710-2352,33.468164,126.929570,2024-12-31,I,2026-05-15 18:45:28,2025-11-07 15:49:21
6520000,202565200000700741,퐁낭 작은 도서관 앞 공영주차장,퐁낭 작은 도서관 앞 공영주차장(비석거리),제주특별자치도,서귀포시,기타,제주특별자치도 서귀포시,,,제주특별자치도 서귀포시 동홍동 470-1,,제주특별자치도청,064-710-2352,33.255508,126.572151,2024-12-31,I,2026-05-15 18:45:28,2025-11-07 15:49:13
6520000,202565200000701477,동부외국문화학습관,동부외국문화학습관 #1-1,제주특별자치도,서귀포시,관공서,제주특별자치도 서귀포시,,,제주특별자치도 서귀포시 성산읍 일주동로 4318,,제주특별자치도청,064-710-2352,33.442917,126.910982,2024-12-31,I,2026-05-15 18:45:28,2025-11-07 15:49:24
6520000,202565200000700391,정류장_천제연폭포(406000528) (옥외1),정류장_천제연폭포(406000528) (옥외1),제주특별자치도,서귀포시,교통시설,제주특별자치도 서귀포시,,,제주특별자치도 서귀포시 중문동 1489-15,,제주특별자치도청,064-710-2352,33.254109,126.418981,2024-12-31,I,2026-05-15 18:45:28,2025-11-07 15:49:10
6520000,202565200000700212,한라산국립공원_영실휴게소,한라산국립공원영실휴게소,제주특별자치도,서귀포시,서민·복지시설,제주특별자치도 서귀포시,,,제주특별자치도 서귀포시 하원동 산 1-1,,제주특별자치도청,064-710-2352,33.338635,126.479176,2024-12-31,I,2026-05-15 18:45:28,2025-11-07 15:49:07
6520000,202565200000700106,자광원,자광원,제주특별자치도,서귀포시,서민·복지시설,제주특별자치도 서귀포시,,,제주특별자치도 서귀포시 이어도로343번길101(대포동),,제주특별자치도청,064-710-2352,33.247520,126.448468,2024-12-31,I,2026-05-15 18:45:28,2025-11-07 15:49:07
6520000,202565200000701224,한라산국립공원_백록담,한라산국립공원_백록담#1-1,제주특별자치도,서귀포시,서민·복지시설,제주특별자치도 서귀포시,,,제주특별자치도 서귀포시 토평동 산 15-1,,제주특별자치도청,064-710-2352,33.360789,126.536008,2024-12-31,I,2026-05-15 18:45:28,2025-11-07 15:49:20
6520000,202565200000701505,성산읍 열린문화쉼터,성산읍 열린문화쉼터 #1-2,제주특별자치도,서귀포시,지역문화시설,제주특별자치도 서귀포시,,,제주특별자치도 서귀포시 성산읍 오조리 2-10,,제주특별자치도청,064-710-2352,33.468936,126.924082,2024-12-31,I,2026-05-15 18:45:28,2025-11-07 15:49:24
6520000,202565200000700581,세계자동차박물관,세계자동차박물관 #2,제주특별자치도,서귀포시,관광,제주특별자치도 서귀포시,,,제주특별자치도 서귀포시 안덕면 상창리 2065-4,,제주특별자치도청,064-710-2352,33.282085,126.350128,2024-12-31,I,2026-05-15 18:45:28,2025-11-07 15:49:12
6520000,202565200000700748,성읍1리사무소,성읍1리사무소#1-01,제주특별자치도,서귀포시,관공서,제주특별자치도 서귀포시,,,제주특별자치도 서귀포시 표선면 중산간동로 4658,,제주특별자치도청,064-710-2352,33.389957,126.797781,2024-12-31,I,2026-05-15 18:45:28,2025-11-07 15:49:13
6520000,202565200000700747,서귀포시 자기주도학습지원센터,서귀포시 자기주도학습지원센터 #2-2,제주특별자치도,서귀포시,관공서,제주특별자치도 서귀포시,,,제주특별자치도 서귀포시 동홍동 402-3,,제주특별자치도청,064-710-2352,33.251240,126.570323,2024-12-31,I,2026-05-15 18:45:28,2025-11-07 15:49:13
6520000,202565200000701367,서귀포매일올레시장,서귀포 매일올레시장 (대명어물앞) #7-1,제주특별자치도,서귀포시,기타,제주특별자치도 서귀포시,,,제주특별자치도 서귀포시 서귀동 271-32,,제주특별자치도청,064-710-2352,33.249948,126.564485,2024-12-31,I,2026-05-15 18:45:28,2025-11-07 15:49:22
6520000,202565200000701589,운진항,운진항 #2-2,제주특별자치도,서귀포시,기타,제주특별자치도 서귀포시,,,제주특별자치도 서귀포시 대정읍 하모리 646-20,,제주특별자치도청,064-710-2352,33.210012,126.258625,2024-12-31,I,2026-05-15 18:45:28,2025-11-07 15:49:25
6520000,202565200000701001,솜반내(솜반천),솜반내(솜반천)#1-2,제주특별자치도,서귀포시,관광,제주특별자치도 서귀포시,,,제주특별자치도 서귀포시 서홍동 1222,,제주특별자치도청,064-710-2352,33.253632,126.553228,2024-12-31,I,2026-05-15 18:45:28,2025-11-07 15:49:17
6520000,202565200000701239,성산일출봉,성산일출봉 - 해녀의집 #1-2,제주특별자치도,서귀포시,관광,제주특별자치도 서귀포시,,,제주특별자치도 서귀포시 성산읍 성산리 104-1,,제주특별자치도청,064-710-2352,33.462796,126.938699,2024-12-31,I,2026-05-15 18:45:28,2025-11-07 15:49:20
6520000,202565200000700848,버스정류소_중문관광단지입구_(예래입구방면),중문관광단지입구 (남) #1-2,제주특별자치도,서귀포시,교통시설,제주특별자치도 서귀포시,,,제주특별자치도 서귀포시 색달동 2558,,제주특별자치도청,064-710-2352,33.255564,126.413094,2024-12-31,I,2026-05-15 18:45:28,2025-11-07 15:49:15
6520000,202565200000701283,전기차충전소_하효 쇠소깍해변공영주차장,하효 쇠소깍해변_전기차충전소 #3-3,제주특별자치도,서귀포시,기타,제주특별자치도 서귀포시,,,제주특별자치도 서귀포시 하효동 989 앞,,제주특별자치도청,064-710-2352,33.254361,126.622517,2024-12-31,I,2026-05-15 18:45:28,2025-11-07 15:49:21
6520000,202565200000701193,전기차충전소_무릉1리마을회(다목적),무릉1리마을회(다목적)#1,제주특별자치도,서귀포시,기타,제주특별자치도 서귀포시,,,제주특별자치도 서귀포시 대정읍 무릉중앙로 8(무릉리 3284-1),,제주특별자치도청,064-710-2352,33.270990,126.201138,2024-12-31,I,2026-05-15 18:45:28,2025-11-07 15:49:20
6520000,202565200000701456,중앙동주민센터,중앙동주민센터#1-2,제주특별자치도,서귀포시,관공서,제주특별자치도 서귀포시,,,제주특별자치도 서귀포시 서귀동 269-4(동문로 39),,제주특별자치도청,064-710-2352,33.250740,126.565112,2024-12-31,I,2026-05-15 18:45:28,2025-11-07 15:49:23
6520000,202565200000701586,운진항,운진항 #1-2,제주특별자치도,서귀포시,기타,제주특별자치도 서귀포시,,,제주특별자치도 서귀포시 대정읍 하모리 646-20,,제주특별자치도청,064-710-2352,33.210098,126.258618,2024-12-31,I,2026-05-15 18:45:28,2025-11-07 15:49:25
6520000,202565200000701598,중문관광단지,중문관광단지 #8-1 (색달해변),제주특별자치도,서귀포시,관광,제주특별자치도 서귀포시,,,제주특별자치도 서귀포시 색달동 2822-9(중문관광로 154-17),,제주특별자치도청,064-710-2352,33.245433,126.411103,2024-12-31,I,2026-05-15 18:45:28,2025-11-07 15:49:25
6520000,202565200000700622,솔동산 문화의 거리,솔동산 문화의 거리,제주특별자치도,서귀포시,기타,제주특별자치도 서귀포시,,,제주특별자치도 서귀포시 서귀동 700-4,,제주특별자치도청,064-710-2352,33.242015,126.562926,2024-12-31,I,2026-05-15 18:45:28,2025-11-07 15:49:12
6520000,202565200000701242,문화근린공원,문화근린공원 #2-1,제주특별자치도,서귀포시,서민·복지시설,제주특별자치도 서귀포시,,,제주특별자치도 서귀포시 강정동 176(중앙도서관 남동쪽),,제주특별자치도청,064-710-2352,33.250045,126.507682,2024-12-31,I,2026-05-15 18:45:28,2025-11-07 15:49:21
6520000,202565200000700670,조안베어박물관,조안베어박물관,제주특별자치도,서귀포시,관광,제주특별자치도 서귀포시,,,제주특별자치도 서귀포시 대포동 1959,,제주특별자치도청,064-710-2352,33.240265,126.434060,2024-12-31,I,2026-05-15 18:45:28,2025-11-07 15:49:13
6520000,202565200000700260,수망리경로당_2 (옥내1),수망리경로당_2 (옥내1),제주특별자치도,서귀포시,지역문화시설,제주특별자치도 서귀포시,,,제주특별자치도 서귀포시 남원읍 남조로 578-3,,제주특별자치도청,064-710-2352,33.329012,126.712805,2024-12-31,I,2026-05-15 18:45:28,2025-11-07 15:49:08
6520000,202565200000700324,하예1 마을회관 (옥내1),하예1 마을회관 (옥내1),제주특별자치도,서귀포시,지역문화시설,제주특별자치도 서귀포시,,,제주특별자치도 서귀포시 남원읍 태위로 723번길 3,,제주특별자치도청,064-710-2352,33.243444,126.386051,2024-12-31,I,2026-05-15 18:45:28,2025-11-07 15:49:08
6520000,202565200000700137,장애인서귀포시센터,장애인서귀포시센터,제주특별자치도,서귀포시,서민·복지시설,제주특별자치도 서귀포시,,,제주특별자치도 서귀포시 남성 중앙로 130,,제주특별자치도청,064-710-2352,33.296812,126.542526,2024-12-31,I,2026-05-15 18:45:28,2025-11-07 15:49:07
6520000,202565200000700398,정류장_서광리(406000959) (옥외1),정류장_서광리(406000959) (옥외1),제주특별자치도,서귀포시,교통시설,제주특별자치도 서귀포시,,,제주특별자치도 서귀포시 안덕면 서광리 366-12,,제주특별자치도청,064-710-2352,33.288882,126.325154,2024-12-31,I,2026-05-15 18:45:28,2025-11-07 15:49:10
6520000,202565200000700867,버스정류소_고성리제주은행_(광치기해변방면),고성리제주은행 (남) #2-1,제주특별자치도,서귀포시,교통시설,제주특별자치도 서귀포시,,,제주특별자치도 서귀포시 성산읍 고성리 316-7,,제주특별자치도청,064-710-2352,33.448903,126.915482,2024-12-31,I,2026-05-15 18:45:28,2025-11-07 15:49:15
6520000,202565200000701466,제남도서관,제남도서관 #2-3,제주특별자치도,서귀포시,관공서,제주특별자치도 서귀포시,,,제주특별자치도 서귀포시 남원읍 남원리 2336-5 (남원체육관로 183),,제주특별자치도청,064-710-2352,33.279545,126.704999,2024-12-31,I,2026-05-15 18:45:28,2025-11-07 15:49:23
6520000,202565200000701179,버스정류소_서귀포우체국 서귀포시청 제2청사(북),서귀포우체국 서귀포시청 제2청사(북)#1,제주특별자치도,서귀포시,교통시설,제주특별자치도 서귀포시,,,제주특별자치도 서귀포시 법환동 754(법환동 731 앞),,제주특별자치도청,064-710-2352,33.254943,126.510244,2024-12-31,I,2026-05-15 18:45:28,2025-11-07 15:49:20
6520000,202565200000700235,서귀포소방서,"2층 대신119센터사무실, 2층 119구조대사무실
2층 휴게실",제주특별자치도,서귀포시,관공서,제주특별자치도 서귀포시,,,제주특별자치도 서귀포시 법환동 1666-7,,제주특별자치도청,064-710-2352,33.249565,126.514101,2024-12-31,I,2026-05-15 18:45:28,2025-11-07 15:49:08
6520000,202565200000701526,서귀포 치유의 숲,서귀포 치유의 숲#2-1,제주특별자치도,서귀포시,기타,제주특별자치도 서귀포시,,,제주특별자치도 서귀포시 호근동 산 4(산록남로 2271),,제주특별자치도청,064-710-2352,33.300788,126.518843,2024-12-31,I,2026-05-15 18:45:28,2025-11-07 15:49:24
6520000,202565200000700544,버스정류소_동광환승정류장(모슬포방면),동광환승정류장(모슬포방면),제주특별자치도,서귀포시,교통시설,제주특별자치도 서귀포시,,,제주특별자치도 서귀포시 안덕면 동광리 943-4,,제주특별자치도청,064-710-2352,33.309631,126.340309,2024-12-31,I,2026-05-15 18:45:28,2025-11-07 15:49:11
6520000,202565200000701156,아랑조을거리,아랑조을거리 (GS25)#7,제주특별자치도,서귀포시,기타,제주특별자치도 서귀포시,,,제주특별자치도 서귀포시 서귀동 294-1,,제주특별자치도청,064-710-2352,33.248795,126.561529,2024-12-31,I,2026-05-15 18:45:28,2025-11-07 15:49:20
6520000,202565200000700576,제주공룡휴게소박물관,제주공룡휴게소박물관,제주특별자치도,서귀포시,관광,제주특별자치도 서귀포시,,,제주특별자치도 서귀포시 성산읍 난산리 2515,,제주특별자치도청,064-710-2352,33.406694,126.844897,2024-12-31,I,2026-05-15 18:45:28,2025-11-07 15:49:12
6520000,202565200000700892,4코스,올레 4코스 세화리 포구 올레 쉼터 #1-2,제주특별자치도,서귀포시,기타,제주특별자치도 서귀포시,,,제주특별자치도 서귀포시 표선면 세화리 209-3,,제주특별자치도청,064-710-2352,33.304605,126.803389,2024-12-31,I,2026-05-15 18:45:28,2025-11-07 15:49:15
6520000,202565200000701220,버스정류소_중문초등학교_(중문보건지소방면),중문초등학교(남)#1,제주특별자치도,서귀포시,교통시설,제주특별자치도 서귀포시,,,제주특별자치도 서귀포시 중문동 1908-2,,제주특별자치도청,064-710-2352,33.251309,126.430060,2024-12-31,I,2026-05-15 18:45:28,2025-11-07 15:49:20
6520000,202565200000700501,서귀포자연휴양림,서귀포자연휴양림(관리동랙),제주특별자치도,서귀포시,관광,제주특별자치도 서귀포시,,,제주특별자치도 서귀포시 하원동 산1-1,,제주특별자치도청,064-710-2352,33.311460,126.458844,2024-12-31,I,2026-05-15 18:45:28,2025-11-07 15:49:11
6520000,202565200000700150,정방동문화의집,정방동문화의집,제주특별자치도,서귀포시,지역문화시설,제주특별자치도 서귀포시,,,제주특별자치도 서귀포시  동부로12번길 11 (서귀동),,제주특별자치도청,064-710-2352,33.246544,126.570271,2024-12-31,I,2026-05-15 18:45:28,2025-11-07 15:49:07
6520000,202565200000700020,한남 보건진료소,한남 보건진료소,제주특별자치도,서귀포시,관공서,제주특별자치도 서귀포시,,,제주특별자치도 서귀포시 남원읍 한남리 334-7,,제주특별자치도청,064-710-2352,33.311641,126.697554,2024-12-31,I,2026-05-15 18:45:28,2025-11-07 15:49:06
6520000,202565200000700329,서귀포보건소(코로나대책상황실 1 2 3층) (옥내1),서귀포보건소(코로나대책상황실 1 2 3층) (옥내1),제주특별자치도,서귀포시,서민·복지시설,제주특별자치도 서귀포시,,,제주특별자치도 서귀포시 서문로29번길 10,,제주특별자치도청,064-710-2352,33.253477,126.555360,2024-12-31,I,2026-05-15 18:45:28,2025-11-07 15:49:08
6520000,202565200000700119,우리집,우리집,제주특별자치도,서귀포시,서민·복지시설,제주특별자치도 서귀포시,,,제주특별자치도 서귀포시 대정읍 중산간서로2195-12,,제주특별자치도청,064-710-2352,33.279062,126.292572,2024-12-31,I,2026-05-15 18:45:28,2025-11-07 15:49:07
6520000,202565200000700565,세리월드_동화속미로공원,세리월드_동화속미로공원,제주특별자치도,서귀포시,관광,제주특별자치도 서귀포시,,,제주특별자치도 서귀포시 법환동 877-3,,제주특별자치도청,064-710-2352,33.247235,126.512510,2024-12-31,I,2026-05-15 18:45:28,2025-11-07 15:49:11
6520000,202565200000701413,버스정류소_표선고등학교(성읍환승정류장방면),표선고등학교[남]#1-1,제주특별자치도,서귀포시,교통시설,제주특별자치도 서귀포시,,,제주특별자치도 서귀포시 표선면 표선 리309-2,,제주특별자치도청,064-710-2352,33.331355,126.829891,2024-12-31,I,2026-05-15 18:45:28,2025-11-07 15:49:22
6520000,202565200000701397,상창리복지회관,상창리복지회관#1-1,제주특별자치도,서귀포시,관공서,제주특별자치도 서귀포시,,,제주특별자치도 서귀포시 안덕면 상창리 648-1(한창로102),,제주특별자치도청,064-710-2352,33.272310,126.366041,2024-12-31,I,2026-05-15 18:45:28,2025-11-07 15:49:22
6520000,202565200000700675,중문·색달해변,중문·색달해변,제주특별자치도,서귀포시,기타,제주특별자치도 서귀포시,,,제주특별자치도 서귀포시 색달동2822-9,,제주특별자치도청,064-710-2352,33.244712,126.413570,2024-12-31,I,2026-05-15 18:45:28,2025-11-07 15:49:13
6520000,202565200000701131,제주도예촌,제주도예촌 #1-1,제주특별자치도,서귀포시,관광,제주특별자치도 서귀포시,,,제주특별자치도 서귀포시 대정읍 영락리 1,,제주특별자치도청,064-710-2352,33.265740,126.234896,2024-12-31,I,2026-05-15 18:45:28,2025-11-07 15:49:19
6520000,202565200000700154,지적장애인협회 주간보호시설,지적장애인협회 주간보호시설,제주특별자치도,서귀포시,서민·복지시설,제주특별자치도 서귀포시,,,제주특별자치도 서귀포시 동홍로12번길3(서귀동),,제주특별자치도청,064-710-2352,33.249747,126.568137,2024-12-31,I,2026-05-15 18:45:28,2025-11-07 15:49:07
6520000,202565200000700434,서귀포시궁도장,서귀포시궁도장,제주특별자치도,서귀포시,서민·복지시설,제주특별자치도 서귀포시,,,제주특별자치도 서귀포시 남원읍 서성로 919,,제주특별자치도청,064-710-2352,33.259215,126.498037,2024-12-31,I,2026-05-15 18:45:28,2025-11-07 15:49:10
6520000,202565200000701510,버스정류소_산남새마을금고(동홍 사거리방면),산남새마을금고#1-1,제주특별자치도,서귀포시,교통시설,제주특별자치도 서귀포시,,,제주특별자치도 서귀포시 동홍동 657-5(동홍동 498-2앞),,제주특별자치도청,064-710-2352,33.254923,126.573826,2024-12-31,I,2026-05-15 18:45:28,2025-11-07 15:49:24
6520000,202565200000700854,버스정류소_성산리 취락구조_(성산항입구방면),성산리 취락구조 (남) #1-2,제주특별자치도,서귀포시,교통시설,제주특별자치도 서귀포시,,,제주특별자치도 서귀포시 성산읍 성산리 278-1,,제주특별자치도청,064-710-2352,33.465824,126.934863,2024-12-31,I,2026-05-15 18:45:28,2025-11-07 15:49:15
6520000,202565200000701618,모슬포중앙시장,모슬포중앙시장#1-3,제주특별자치도,서귀포시,기타,제주특별자치도 서귀포시,,,제주특별자치도 서귀포시 대정읍 하모리 822-7,,제주특별자치도청,064-710-2352,33.221914,126.254861,2024-12-31,I,2026-05-15 18:45:28,2025-11-07 15:49:25
6520000,202565200000700366,정류장_무릉1리 리사무소앞(406000900) (옥외1),정류장_무릉1리 리사무소앞(406000900) (옥외1),제주특별자치도,서귀포시,교통시설,제주특별자치도 서귀포시,,,제주특별자치도 서귀포시 대정읍 무릉리 2928-3,,제주특별자치도청,064-710-2352,33.270137,126.202990,2024-12-31,I,2026-05-15 18:45:28,2025-11-07 15:49:09
6520000,202565200000701085,버스정류소_서귀포여자중학교_(서귀포보건소방면),서귀포여자중학교 (서) #1-1,제주특별자치도,서귀포시,교통시설,제주특별자치도 서귀포시,,,제주특별자치도 서귀포시 서홍동 1352-1 앞,,제주특별자치도청,064-710-2352,33.254149,126.547235,2024-12-31,I,2026-05-15 18:45:28,2025-11-07 15:49:19
6520000,202565200000700985,모슬포중앙시장,모슬포중앙시장 #2-1,제주특별자치도,서귀포시,기타,제주특별자치도 서귀포시,,,제주특별자치도 서귀포시 대정읍 하모리 828-3,,제주특별자치도청,064-710-2352,33.221098,126.255028,2024-12-31,I,2026-05-15 18:45:28,2025-11-07 15:49:16
6520000,202565200000700262,남원파크골프장_2 (옥외1),남원파크골프장_2 (옥외1),제주특별자치도,서귀포시,지역문화시설,제주특별자치도 서귀포시,,,제주특별자치도 서귀포시 남원읍 서성로 955-82,,제주특별자치도청,064-710-2352,33.341593,126.688956,2024-12-31,I,2026-05-15 18:45:28,2025-11-07 15:49:08
6520000,202565200000701470,성산국민체육센터,성산국민체육센터 #1-3,제주특별자치도,서귀포시,서민·복지시설,제주특별자치도 서귀포시,,,제주특별자치도 서귀포시 성산읍 오조리 1365-1(일주동로 4024),,제주특별자치도청,064-710-2352,33.466788,126.905046,2024-12-31,I,2026-05-15 18:45:28,2025-11-07 15:49:23
6520000,202565200000700024,서광 보건진료소,서광 보건진료소,제주특별자치도,서귀포시,관공서,제주특별자치도 서귀포시,,,제주특별자치도 서귀포시 안덕면 서광서리 58135,,제주특별자치도청,064-710-2352,33.290260,126.313083,2024-12-31,I,2026-05-15 18:45:28,2025-11-07 15:49:06
6520000,202565200000700043,서귀포의료원장례식장,서귀포의료원장례식장,제주특별자치도,서귀포시,서민·복지시설,제주특별자치도 서귀포시,,,제주특별자치도 서귀포시 장수로 47,,제주특별자치도청,064-710-2352,33.255981,126.562949,2024-12-31,I,2026-05-15 18:45:28,2025-11-07 15:49:06
6520000,202565200000700973,신학공원,신학공원 #1-1,제주특별자치도,서귀포시,서민·복지시설,제주특별자치도 서귀포시,,,제주특별자치도 서귀포시 서호동 1473-4,,제주특별자치도청,064-710-2352,33.251720,126.511801,2024-12-31,I,2026-05-15 18:45:28,2025-11-07 15:49:16
6520000,202565200000700425,숨골공원_3 (옥외1),숨골공원_3 (옥외1),제주특별자치도,서귀포시,서민·복지시설,제주특별자치도 서귀포시,,,제주특별자치도 서귀포시 서호동 1609,,제주특별자치도청,064-710-2352,33.248162,126.515917,2024-12-31,I,2026-05-15 18:45:28,2025-11-07 15:49:10
6520000,202565200000701262,영실 제2주차장,영실 제2주차장 #1-1,제주특별자치도,서귀포시,관광,제주특별자치도 서귀포시,,,제주특별자치도 서귀포시 하원동 산1-1,,제주특별자치도청,064-710-2352,33.348344,126.496393,2024-12-31,I,2026-05-15 18:45:28,2025-11-07 15:49:21
6520000,202565200000701142,아랑조을거리,아랑조을거리#4-1,제주특별자치도,서귀포시,기타,제주특별자치도 서귀포시,,,제주특별자치도 서귀포시 서귀동 294-12,,제주특별자치도청,064-710-2352,33.248082,126.561058,2024-12-31,I,2026-05-15 18:45:28,2025-11-07 15:49:19
6520000,202565200000700219,성산일출봉농협 신산지점,성산일출봉농협 신산지점,제주특별자치도,서귀포시,기타,제주특별자치도 서귀포시,,,제주특별자치도 서귀포시 성산읍 신산리 1044-5,,제주특별자치도청,064-710-2352,33.380453,126.875876,2024-12-31,I,2026-05-15 18:45:28,2025-11-07 15:49:08
6520000,202565200000701330,서귀포매일올레시장,서귀포매일올레시장 #4-1,제주특별자치도,서귀포시,기타,제주특별자치도 서귀포시,,,제주특별자치도 서귀포시 서귀동 276-1,,제주특별자치도청,064-710-2352,33.249908,126.563838,2024-12-31,I,2026-05-15 18:45:28,2025-11-07 15:49:22
6520000,202565200000701459,중앙동주민센터,중앙동주민센터#2-2,제주특별자치도,서귀포시,관공서,제주특별자치도 서귀포시,,,제주특별자치도 서귀포시 서귀동 269-4(동문로 39),,제주특별자치도청,064-710-2352,33.250740,126.565112,2024-12-31,I,2026-05-15 18:45:28,2025-11-07 15:49:23
6520000,202565200000701614,전기차충전소_아랑조을거리 공영주차장,아랑조을거리 공영주차장 #1-2,제주특별자치도,서귀포시,기타,제주특별자치도 서귀포시,,,제주특별자치도 서귀포시 서귀동 312-6,,제주특별자치도청,064-710-2352,33.247638,126.560228,2024-12-31,I,2026-05-15 18:45:28,2025-11-07 15:49:25
6520000,202565200000701568,건강생활지원센터,건강생활지원센터#1-2,제주특별자치도,서귀포시,서민·복지시설,제주특별자치도 서귀포시,,,"제주특별자치도 서귀포시 서호남로 12(3, 4층 중앙홀)",,제주특별자치도청,064-710-2352,33.249917,126.513197,2024-12-31,I,2026-05-15 18:45:28,2025-11-07 15:49:25
6520000,202565200000700636,하효 쇠소깍 해변,하효 쇠소깍 해변 #1,제주특별자치도,서귀포시,기타,제주특별자치도 서귀포시,,,제주특별자치도 서귀포시 하효동 995,,제주특별자치도청,064-710-2352,33.251988,126.623126,2024-12-31,I,2026-05-15 18:45:28,2025-11-07 15:49:12
6520000,202565200000701536,서귀포 치유의 숲,서귀포 치유의 숲#5-5,제주특별자치도,서귀포시,기타,제주특별자치도 서귀포시,,,제주특별자치도 서귀포시 호근동 산 4(산록남로 2271),,제주특별자치도청,064-710-2352,33.291960,126.527954,2024-12-31,I,2026-05-15 18:45:28,2025-11-07 15:49:24
6520000,202565200000700625,이중섭거리,이중섭거리,제주특별자치도,서귀포시,기타,제주특별자치도 서귀포시,,,제주특별자치도 서귀포시 서귀동 523-2,,제주특별자치도청,064-710-2352,33.245861,126.564074,2024-12-31,I,2026-05-15 18:45:28,2025-11-07 15:49:12
6520000,202565200000701278,전기차충전소_남원119센터,남원119센터 #1-1,제주특별자치도,서귀포시,기타,제주특별자치도 서귀포시,,,제주특별자치도 서귀포시 남원읍 남원리 1534-3,,제주특별자치도청,064-710-2352,33.281708,126.708513,2024-12-31,I,2026-05-15 18:45:28,2025-11-07 15:49:21
6520000,202565200000700268,수망리다목적회관_2 (옥내1),수망리다목적회관_2 (옥내1),제주특별자치도,서귀포시,지역문화시설,제주특별자치도 서귀포시,,,제주특별자치도 서귀포시 남원읍 태수로 599-36,,제주특별자치도청,064-710-2352,33.328701,126.713315,2024-12-31,I,2026-05-15 18:45:28,2025-11-07 15:49:08
6520000,202565200000700319,서귀포시장애인회관_2 (옥내1),서귀포시장애인회관_2 (옥내1),제주특별자치도,서귀포시,서민·복지시설,제주특별자치도 서귀포시,,,제주특별자치도 서귀포시 칠십리로72번길 9,,제주특별자치도청,064-710-2352,33.239770,126.564555,2024-12-31,I,2026-05-15 18:45:28,2025-11-07 15:49:08
6520000,202565200000701312,어라운드폴리,어라운드폴리 #1-3,제주특별자치도,서귀포시,관광,제주특별자치도 서귀포시,,,제주특별자치도 서귀포시 성산읍 난산리 2682-2,,제주특별자치도청,064-710-2352,33.414875,126.836002,2024-12-31,I,2026-05-15 18:45:28,2025-11-07 15:49:21
6520000,202565200000700184,송악도서관,송악도서관,제주특별자치도,서귀포시,관공서,제주특별자치도 서귀포시,,,제주특별자치도 서귀포시 대정읍 동일하모로149번길 12,,제주특별자치도청,064-710-2352,33.226592,126.249127,2024-12-31,I,2026-05-15 18:45:28,2025-11-07 15:49:07
6520000,202565200000701347,전기차충전소_서귀포매일올레시장 주차장,서귀포매일올레시장주차장 #1-4,제주특별자치도,서귀포시,기타,제주특별자치도 서귀포시,,,제주특별자치도 서귀포시 서귀동 277-2,,제주특별자치도청,064-710-2352,33.249908,126.563078,2024-12-31,I,2026-05-15 18:45:28,2025-11-07 15:49:22
6520000,202565200000700720,약천사 GS25,약천사,제주특별자치도,서귀포시,기타,제주특별자치도 서귀포시,,,제주특별자치도 서귀포시 하원동 1698-1,,제주특별자치도청,064-710-2352,33.244459,126.451056,2024-12-31,I,2026-05-15 18:45:28,2025-11-07 15:49:13
6520000,202565200000701400,상창리복지회관,상창리복지회관#1-4,제주특별자치도,서귀포시,관공서,제주특별자치도 서귀포시,,,제주특별자치도 서귀포시 안덕면 상창리 648-1(한창로102),,제주특별자치도청,064-710-2352,33.272310,126.366041,2024-12-31,I,2026-05-15 18:45:28,2025-11-07 15:49:22
6520000,202565200000700302,화순리 다목적회관_2 (옥외1),화순리 다목적회관_2 (옥외1),제주특별자치도,서귀포시,지역문화시설,제주특별자치도 서귀포시,,,제주특별자치도 서귀포시 안덕면 화순문화로 2,,제주특별자치도청,064-710-2352,33.253962,126.329715,2024-12-31,I,2026-05-15 18:45:28,2025-11-07 15:49:08
6520000,202565200000700059,남원읍사무소,남원읍사무소,제주특별자치도,서귀포시,관공서,제주특별자치도 서귀포시,,,제주특별자치도 서귀포시 남원읍 205-1번지,,제주특별자치도청,064-710-2352,33.279891,126.720675,2024-12-31,I,2026-05-15 18:45:28,2025-11-07 15:49:06
6520000,202565200000700048,법환노인회관,법환노인회관,제주특별자치도,서귀포시,서민·복지시설,제주특별자치도 서귀포시,,,제주특별자치도 서귀포시 법환동 1073-3,,제주특별자치도청,064-710-2352,33.239832,126.509234,2024-12-31,I,2026-05-15 18:45:28,2025-11-07 15:49:06
6520000,202565200000700092,노블렛유스호스텔,노블렛유스호스텔,제주특별자치도,서귀포시,지역문화시설,제주특별자치도 서귀포시,,,제주특별자치도 서귀포시 남원읍 남조로 861-83,,제주특별자치도청,064-710-2352,33.343137,126.696044,2024-12-31,I,2026-05-15 18:45:28,2025-11-07 15:49:06
6520000,202565200000700605,5코스,5코스,제주특별자치도,서귀포시,기타,제주특별자치도 서귀포시,,,제주특별자치도 서귀포시 남원읍 남원리 91-6,,제주특별자치도청,064-710-2352,33.277904,126.719692,2024-12-31,I,2026-05-15 18:45:28,2025-11-07 15:49:12
6520000,202565200000700037,마라리사무소,마라리사무소,제주특별자치도,서귀포시,관공서,제주특별자치도 서귀포시,,,제주특별자치도 서귀포시 대정읍 가파리 642,,제주특별자치도청,064-710-2352,33.117056,126.269483,2024-12-31,I,2026-05-15 18:45:28,2025-11-07 15:49:06
6520000,202565200000700293,사계리 산방복지회관_2 (옥내1),사계리 산방복지회관_2 (옥내1),제주특별자치도,서귀포시,지역문화시설,제주특별자치도 서귀포시,,,제주특별자치도 서귀포시 안덕면 산방로 322,,제주특별자치도청,064-710-2352,33.233516,126.301867,2024-12-31,I,2026-05-15 18:45:28,2025-11-07 15:49:08
6520000,202565200000700972,미래2공원,미래2공원 #1-1,제주특별자치도,서귀포시,서민·복지시설,제주특별자치도 서귀포시,,,제주특별자치도 서귀포시 서호동 1453,,제주특별자치도청,064-710-2352,33.257316,126.511728,2024-12-31,I,2026-05-15 18:45:28,2025-11-07 15:49:16
6520000,202565200000700932,1코스,올레 1코스 시흥리 올레쉼터 #1-1,제주특별자치도,서귀포시,기타,제주특별자치도 서귀포시,,,제주특별자치도 서귀포시 성산읍 시흥리 207-3,,제주특별자치도청,064-710-2352,33.474713,126.911202,2024-12-31,I,2026-05-15 18:45:28,2025-11-07 15:49:16
6520000,202565200000700608,7코스,7코스,제주특별자치도,서귀포시,기타,제주특별자치도 서귀포시,,,제주특별자치도 서귀포시 강정동 2639-11,,제주특별자치도청,064-710-2352,33.234201,126.487815,2024-12-31,I,2026-05-15 18:45:28,2025-11-07 15:49:12
6520000,202565200000700171,남원1리복지회관,남원1리복지회관,제주특별자치도,서귀포시,관공서,제주특별자치도 서귀포시,,,제주특별자치도 서귀포시 남원읍 남원리 1345-6,,제주특별자치도청,064-710-2352,33.277816,126.716154,2024-12-31,I,2026-05-15 18:45:28,2025-11-07 15:49:07
6520000,202565200000701616,모슬포중앙시장,모슬포중앙시장#1-1,제주특별자치도,서귀포시,기타,제주특별자치도 서귀포시,,,제주특별자치도 서귀포시 대정읍 하모리 822-7,,제주특별자치도청,064-710-2352,33.221914,126.254861,2024-12-31,I,2026-05-15 18:45:28,2025-11-07 15:49:25
6520000,202565200000700120,감산리공부방,감산리공부방,제주특별자치도,서귀포시,서민·복지시설,제주특별자치도 서귀포시,,,제주특별자치도 서귀포시 안덕면 감산중로 32,,제주특별자치도청,064-710-2352,33.259010,126.353367,2024-12-31,I,2026-05-15 18:45:28,2025-11-07 15:49:07
6520000,202565200000700569,테디베어뮤지엄,테디베어뮤지엄,제주특별자치도,서귀포시,관광,제주특별자치도 서귀포시,,,제주특별자치도 서귀포시 색달동 2889,,제주특별자치도청,064-710-2352,33.250292,126.412170,2024-12-31,I,2026-05-15 18:45:28,2025-11-07 15:49:11
6520000,202565200000700550,버스정류소_표선환승정류장(표선면사무소)(동),표선환승정류장(표선면사무소)(동),제주특별자치도,서귀포시,교통시설,제주특별자치도 서귀포시,,,제주특별자치도 서귀포시 표선면 표선리 600-7,,제주특별자치도청,064-710-2352,33.326552,126.832313,2024-12-31,I,2026-05-15 18:45:28,2025-11-07 15:49:11
6520000,202565200000700266,수망리방문자센터_2 (옥내1),수망리방문자센터_2 (옥내1),제주특별자치도,서귀포시,지역문화시설,제주특별자치도 서귀포시,,,제주특별자치도 서귀포시 남원읍 태수로 599-33,,제주특별자치도청,064-710-2352,33.328218,126.713698,2024-12-31,I,2026-05-15 18:45:28,2025-11-07 15:49:08
6520000,202565200000701084,버스정류소_비석거리_(답다니방면),비석거리(동) #1-1,제주특별자치도,서귀포시,교통시설,제주특별자치도 서귀포시,,,제주특별자치도 서귀포시 토평동 867-4,,제주특별자치도청,064-710-2352,33.255699,126.577584,2024-12-31,I,2026-05-15 18:45:28,2025-11-07 15:49:19
6520000,202565200000700481,서귀포천문과학문화관,서귀포천문과학문화관,제주특별자치도,서귀포시,지역문화시설,제주특별자치도 서귀포시,,,제주특별자치도 서귀포시 남원읍 서성로 755(한남리 1622-3),,제주특별자치도청,064-710-2352,33.288820,126.460620,2024-12-31,I,2026-05-15 18:45:28,2025-11-07 15:49:11
6520000,202565200000701554,서귀포시청 구내식당,서귀포시청 구내식당$1-2,제주특별자치도,서귀포시,관공서,제주특별자치도 서귀포시,,,제주특별자치도 서귀포시 중앙로 105,,제주특별자치도청,064-710-2352,33.253952,126.559585,2024-12-31,I,2026-05-15 18:45:28,2025-11-07 15:49:24
6520000,202565200000700173,보목문화의집,보목문화의집,제주특별자치도,서귀포시,지역문화시설,제주특별자치도 서귀포시,,,제주특별자치도 서귀포시 보목동 763,,제주특별자치도청,064-710-2352,33.241297,126.602856,2024-12-31,I,2026-05-15 18:45:28,2025-11-07 15:49:07
6520000,202565200000701052,서귀포감귤박물관,감귤박물관 학습체험장 #3-3,제주특별자치도,서귀포시,관광,제주특별자치도 서귀포시,,,제주특별자치도 서귀포시 신효동 1200-2,,제주특별자치도청,064-710-2352,33.271786,126.608373,2024-12-31,I,2026-05-15 18:45:28,2025-11-07 15:49:18
6520000,202565200000700202,서귀포시 서부도서관,서귀포시 서부도서관,제주특별자치도,서귀포시,관공서,제주특별자치도 서귀포시,,,제주특별자치도 서귀포시 중문관광로 346,,제주특별자치도청,064-710-2352,33.250949,126.432151,2024-12-31,I,2026-05-15 18:45:28,2025-11-07 15:49:07
6520000,202565200000701087,솔동산 문화의 거리,솔동산 문화의 거리 #3-1,제주특별자치도,서귀포시,기타,제주특별자치도 서귀포시,,,제주특별자치도 서귀포시 서귀동 717-1,,제주특별자치도청,064-710-2352,33.242884,126.563925,2024-12-31,I,2026-05-15 18:45:28,2025-11-07 15:49:19
6520000,202565200000700317,서귀포시청 셋마당(제1청사 별관) 2 (옥내1),서귀포시청 셋마당(제1청사 별관) 2 (옥내1),제주특별자치도,서귀포시,관공서,제주특별자치도 서귀포시,,,제주특별자치도 서귀포시 중앙로 105,,제주특별자치도청,064-710-2352,33.253914,126.559603,2024-12-31,I,2026-05-15 18:45:28,2025-11-07 15:49:08
6520000,202565200000701068,문화1공원,문화1공원 #1-1,제주특별자치도,서귀포시,서민·복지시설,제주특별자치도 서귀포시,,,제주특별자치도 서귀포시 강정동 123,,제주특별자치도청,064-710-2352,33.259538,126.508876,2024-12-31,I,2026-05-15 18:45:28,2025-11-07 15:49:19
6520000,202565200000700469,화순금모래해변,화순금모래해변,제주특별자치도,서귀포시,기타,제주특별자치도 서귀포시,,,제주특별자치도 서귀포시 안덕면 화순리 851-3,,제주특별자치도청,064-710-2352,33.240689,126.332899,2024-12-31,I,2026-05-15 18:45:28,2025-11-07 15:49:10
6520000,202565200000700054,신장장애인협회,신장장애인협회,제주특별자치도,서귀포시,서민·복지시설,제주특별자치도 서귀포시,,,제주특별자치도 서귀포시 칠십리로 72번길 9,,제주특별자치도청,064-710-2352,33.239770,126.564555,2024-12-31,I,2026-05-15 18:45:28,2025-11-07 15:49:06
6520000,202565200000700983,녹차미로공원,녹차미로공원#1-2,제주특별자치도,서귀포시,관광,제주특별자치도 서귀포시,,,제주특별자치도 서귀포시 색달동 산 51-4,,제주특별자치도청,064-710-2352,33.293772,126.422109,2024-12-31,I,2026-05-15 18:45:28,2025-11-07 15:49:16
6520000,202565200000700045,정방동주민센터,정방동주민센터,제주특별자치도,서귀포시,관공서,제주특별자치도 서귀포시,,,제주특별자치도 서귀포시 서귀동 540-3,,제주특별자치도청,064-710-2352,33.245862,126.565100,2024-12-31,I,2026-05-15 18:45:28,2025-11-07 15:49:06
6520000,202565200000700132,중앙도서관,서귀포시  중앙도서관,제주특별자치도,서귀포시,관공서,제주특별자치도 서귀포시,,,제주특별자치도 서귀포시 김정 문화로 32,,제주특별자치도청,064-710-2352,33.251417,126.507621,2024-12-31,I,2026-05-15 18:45:28,2025-11-07 15:49:07
6520000,202565200000700540,버스정류소_화순환승정류장(안덕농협)(북),화순환승정류장(안덕농협)(북),제주특별자치도,서귀포시,교통시설,제주특별자치도 서귀포시,,,제주특별자치도 서귀포시 안덕면 화순리 1074-11,,제주특별자치도청,064-710-2352,33.246667,126.335331,2024-12-31,I,2026-05-15 18:45:28,2025-11-07 15:49:11
6520000,202565200000700413,대정몽생이센터_1 (옥내2),대정몽생이센터_1 (옥내2),제주특별자치도,서귀포시,기타,제주특별자치도 서귀포시,,,제주특별자치도 서귀포시 성산읍 고성동서로 115,,제주특별자치도청,064-710-2352,33.221768,126.249749,2024-12-31,I,2026-05-15 18:45:28,2025-11-07 15:49:10
6520000,202565200000700969,녹산로 유채꽃길,녹산로 유채꽃길 유채꽃프라자 #1-4,제주특별자치도,서귀포시,기타,제주특별자치도 서귀포시,,,제주특별자치도 서귀포시 표선면 가시리 3665-85,,제주특별자치도청,064-710-2352,33.393657,126.731719,2024-12-31,I,2026-05-15 18:45:28,2025-11-07 15:49:16
6520000,202565200000700007,표선청소년문화의집,표선청소년문화의집,제주특별자치도,서귀포시,지역문화시설,제주특별자치도 서귀포시,,,제주특별자치도 서귀포시 표선면 311-2,,제주특별자치도청,064-710-2352,33.331571,126.830435,2024-12-31,I,2026-05-15 18:45:28,2025-11-07 15:49:05
6520000,202565200000701588,운진항,운진항 #2-1,제주특별자치도,서귀포시,기타,제주특별자치도 서귀포시,,,제주특별자치도 서귀포시 대정읍 하모리 646-20,,제주특별자치도청,064-710-2352,33.210008,126.258153,2024-12-31,I,2026-05-15 18:45:28,2025-11-07 15:49:25
6520000,202565200000701494,천지연폭포,천지연폭포 ＃1-1,제주특별자치도,서귀포시,관광,제주특별자치도 서귀포시,,,제주특별자치도 서귀포시 서홍동 666-1,,제주특별자치도청,064-710-2352,33.244706,126.559713,2024-12-31,I,2026-05-15 18:45:28,2025-11-07 15:49:24
6520000,202565200000701096,다이나믹메이즈,다이나믹메이즈 #2-1,제주특별자치도,서귀포시,관광,제주특별자치도 서귀포시,,,제주특별자치도 서귀포시 표선면 성읍리 2381,,제주특별자치도청,064-710-2352,33.399103,126.784738,2024-12-31,I,2026-05-15 18:45:28,2025-11-07 15:49:19
6520000,202565200000700866,크루즈 여객터미널,크루즈 여객터미널 #1-4,제주특별자치도,서귀포시,교통시설,제주특별자치도 서귀포시,,,제주특별자치도 서귀포시 강정동 4676(말질로 261),,제주특별자치도청,064-710-2352,33.228183,126.476964,2024-12-31,I,2026-05-15 18:45:28,2025-11-07 15:49:15
6520000,202565200000700641,섭지코지,신양 섭지코지 해변 #1,제주특별자치도,서귀포시,기타,제주특별자치도 서귀포시,,,제주특별자치도 서귀포시 성산읍 고성리 186-2번지선,,제주특별자치도청,064-710-2352,33.435121,126.923455,2024-12-31,I,2026-05-15 18:45:28,2025-11-07 15:49:12
6520000,202565200000700378,정류장_화순리(406000937) (옥외1),정류장_화순리(406000937) (옥외1),제주특별자치도,서귀포시,교통시설,제주특별자치도 서귀포시,,,제주특별자치도 서귀포시 안덕면 화순리 1056-11,,제주특별자치도청,064-710-2352,33.246444,126.331854,2024-12-31,I,2026-05-15 18:45:28,2025-11-07 15:49:09
6520000,202565200000701594,중문관광단지,중문관광단지 #3-1 (하나호텔옥상),제주특별자치도,서귀포시,관광,제주특별자치도 서귀포시,,,제주특별자치도 서귀포시 색달동 2812-2( 중문관광로72번길 53),,제주특별자치도청,064-710-2352,33.249964,126.408502,2024-12-31,I,2026-05-15 18:45:28,2025-11-07 15:49:25
6520000,202565200000701605,버스정류소_제주월드컵경기장 서귀포버스터미널(북),제주월드컵경기장 서귀포버스터미널(북) #1-2,제주특별자치도,서귀포시,교통시설,제주특별자치도 서귀포시,,,제주특별자치도 서귀포시 법환동 843,,제주특별자치도청,064-710-2352,33.248438,126.510736,2024-12-31,I,2026-05-15 18:45:28,2025-11-07 15:49:25
6520000,202565200000700925,11코스,11코스-인향동쉼터2-인향경로당 #1-2,제주특별자치도,서귀포시,기타,제주특별자치도 서귀포시,,,제주특별자치도 서귀포시 대정읍 무릉리 132-1,,제주특별자치도청,064-710-2352,33.278393,126.246137,2024-12-31,I,2026-05-15 18:45:28,2025-11-07 15:49:15
6520000,202565200000701363,버스정류소_LH 1 2단지_(삼다체육공원 입구방면),LH 1 2단지[남] #1-2,제주특별자치도,서귀포시,교통시설,제주특별자치도 서귀포시,,,제주특별자치도 서귀포시 서호동 1540 앞,,제주특별자치도청,064-710-2352,33.249854,126.522300,2024-12-31,I,2026-05-15 18:45:28,2025-11-07 15:49:22
6520000,202565200000700198,제주월드컵경기장,제주월드컵경기장,제주특별자치도,서귀포시,지역문화시설,제주특별자치도 서귀포시,,,제주특별자치도 서귀포시 법환동 2132-1,,제주특별자치도청,064-710-2352,33.247594,126.507632,2024-12-31,I,2026-05-15 18:45:28,2025-11-07 15:49:07
6520000,202565200000700019,의귀 보건진료소,의귀 보건진료소,제주특별자치도,서귀포시,관공서,제주특별자치도 서귀포시,,,제주특별자치도 서귀포시 남원읍 의귀리 1482-20,,제주특별자치도청,064-710-2352,33.310167,126.712728,2024-12-31,I,2026-05-15 18:45:28,2025-11-07 15:49:06
6520000,202565200000701015,버스정류소_성산항입구_(성산항방면),성산항입구 (북) #1-1,제주특별자치도,서귀포시,교통시설,제주특별자치도 서귀포시,,,제주특별자치도 서귀포시 성산읍 성산리 363,,제주특별자치도청,064-710-2352,33.468459,126.929275,2024-12-31,I,2026-05-15 18:45:28,2025-11-07 15:49:17
6520000,202565200000700587,제주서커스월드,제주서커스월드,제주특별자치도,서귀포시,관광,제주특별자치도 서귀포시,,,제주특별자치도 서귀포시 안덕면 동광리 886,,제주특별자치도청,064-710-2352,33.314364,126.344683,2024-12-31,I,2026-05-15 18:45:28,2025-11-07 15:49:12
6520000,202565200000701249,영어1호어린이공원,영어1호어린이공원 #1-1,제주특별자치도,서귀포시,서민·복지시설,제주특별자치도 서귀포시,,,제주특별자치도 서귀포시 대정읍 보성리 2399,,제주특별자치도청,064-710-2352,33.292672,126.281658,2024-12-31,I,2026-05-15 18:45:28,2025-11-07 15:49:21
6520000,202565200000701296,하효항,하효항 #2-1,제주특별자치도,서귀포시,교통시설,제주특별자치도 서귀포시,,,제주특별자치도 서귀포시 하효동 999 건너 바다쪽,,제주특별자치도청,064-710-2352,33.249956,126.621281,2024-12-31,I,2026-05-15 18:45:28,2025-11-07 15:49:21
6520000,202565200000700259,강정보건지소 (옥내1),강정보건지소 (옥내1),제주특별자치도,서귀포시,서민·복지시설,제주특별자치도 서귀포시,,,제주특별자치도 서귀포시 강정통물로 125-11,,제주특별자치도청,064-710-2352,33.237597,126.477225,2024-12-31,I,2026-05-15 18:45:28,2025-11-07 15:49:08
6520000,202565200000700297,화순리사무소_2 (옥내1),화순리사무소_2 (옥내1),제주특별자치도,서귀포시,지역문화시설,제주특별자치도 서귀포시,,,제주특별자치도 서귀포시 안덕면 화순로 121-5,,제주특별자치도청,064-710-2352,33.245980,126.333536,2024-12-31,I,2026-05-15 18:45:28,2025-11-07 15:49:08
6520000,202565200000701288,삼다체육공원,삼다체육공원 #1-3,제주특별자치도,서귀포시,서민·복지시설,제주특별자치도 서귀포시,,,제주특별자치도 서귀포시 서호동 1602,,제주특별자치도청,064-710-2352,33.250943,126.516137,2024-12-31,I,2026-05-15 18:45:28,2025-11-07 15:49:21
6520000,202565200000701116,오조리 게이트볼장,오조리 게이트볼장 - 올레쉼터 #1-1,제주특별자치도,서귀포시,서민·복지시설,제주특별자치도 서귀포시,,,제주특별자치도 서귀포시 성산읍 오조리 829 - 4,,제주특별자치도청,064-710-2352,33.461016,126.914420,2024-12-31,I,2026-05-15 18:45:28,2025-11-07 15:49:19
6520000,202565200000700869,3-B코스,올레 3-B코스 표선해수욕장 표선리교차로 #1-1,제주특별자치도,서귀포시,기타,제주특별자치도 서귀포시,,,제주특별자치도 서귀포시 표선면 표선리 884-4,,제주특별자치도청,064-710-2352,33.325475,126.836984,2024-12-31,I,2026-05-15 18:45:28,2025-11-07 15:49:15
6520000,202565200000700249,제주월드컵경기장,"1층 홍보관 좌측 벽면,1층 홍보관 안쪽 벽면",제주특별자치도,서귀포시,지역문화시설,제주특별자치도 서귀포시,,,제주특별자치도 서귀포시 법환동 914,,제주특별자치도청,064-710-2352,33.247594,126.507632,2024-12-31,I,2026-05-15 18:45:28,2025-11-07 15:49:08
6520000,202565200000700623,솔동산 문화의 거리,솔동산 문화의 거리,제주특별자치도,서귀포시,기타,제주특별자치도 서귀포시,,,제주특별자치도 서귀포시 서귀동 700-4,,제주특별자치도청,064-710-2352,33.242015,126.562926,2024-12-31,I,2026-05-15 18:45:28,2025-11-07 15:49:12
6520000,202565200000701098,플레이스 캠프 제주,플레이스 캠프 제주 #1,제주특별자치도,서귀포시,관광,제주특별자치도 서귀포시,,,제주특별자치도 서귀포시 성산읍 동류암로 20,,제주특별자치도청,064-710-2352,33.449838,126.918192,2024-12-31,I,2026-05-15 18:45:28,2025-11-07 15:49:19
6520000,202565200000701091,제주환상자전거길,제주환상자전거길 (법환바당인증센터) #1-1,제주특별자치도,서귀포시,기타,제주특별자치도 서귀포시,,,제주특별자치도 서귀포시 법환동 163,,제주특별자치도청,064-710-2352,33.235201,126.514421,2024-12-31,I,2026-05-15 18:45:28,2025-11-07 15:49:19
6520000,202565200000701371,표선면충혼묘지,표선면충혼묘지 #1-2,제주특별자치도,서귀포시,서민·복지시설,제주특별자치도 서귀포시,,,제주특별자치도 서귀포시 표선면 성읍리 3146-8,,제주특별자치도청,064-710-2352,33.414785,126.762437,2024-12-31,I,2026-05-15 18:45:28,2025-11-07 15:49:22
6520000,202565200000700566,세리월드_동화속미로공원,세리월드_동화속미로공원,제주특별자치도,서귀포시,관광,제주특별자치도 서귀포시,,,제주특별자치도 서귀포시 법환동 877-3,,제주특별자치도청,064-710-2352,33.247235,126.512510,2024-12-31,I,2026-05-15 18:45:28,2025-11-07 15:49:11
6520000,202565200000700100,강창학구장A청소년쉼터,강창학구장A청소년쉼터,제주특별자치도,서귀포시,서민·복지시설,제주특별자치도 서귀포시,,,제주특별자치도 서귀포시 강정동 1461,,제주특별자치도청,064-710-2352,33.259876,126.501779,2024-12-31,I,2026-05-15 18:45:28,2025-11-07 15:49:06
6520000,202565200000701532,서귀포 치유의 숲,서귀포 치유의 숲#3-4,제주특별자치도,서귀포시,기타,제주특별자치도 서귀포시,,,제주특별자치도 서귀포시 호근동 산 4(산록남로 2271),,제주특별자치도청,064-710-2352,33.292028,126.526181,2024-12-31,I,2026-05-15 18:45:28,2025-11-07 15:49:24
6520000,202565200000700308,상예1 마을회관 (옥내1),상예1 마을회관 (옥내1),제주특별자치도,서귀포시,지역문화시설,제주특별자치도 서귀포시,,,제주특별자치도 서귀포시 예래로144번길 42,,제주특별자치도청,064-710-2352,33.248748,126.390417,2024-12-31,I,2026-05-15 18:45:28,2025-11-07 15:49:08
6520000,202565200000701285,산방산,산방산 #3-1,제주특별자치도,서귀포시,관광,제주특별자치도 서귀포시,,,제주특별자치도 서귀포시 안덕면 사계리 116-4(사계리 118-3 앞),,제주특별자치도청,064-710-2352,33.233607,126.311280,2024-12-31,I,2026-05-15 18:45:28,2025-11-07 15:49:21
6520000,202565200000701182,버스정류소_남원우체국_(광지동방면),남원1리사무소(북)#1,제주특별자치도,서귀포시,교통시설,제주특별자치도 서귀포시,,,제주특별자치도 서귀포시 남원읍 남원리 1339-3,,제주특별자치도청,064-710-2352,33.277883,126.714058,2024-12-31,I,2026-05-15 18:45:28,2025-11-07 15:49:20
6520000,202565200000701382,서광동리복지회관,서광동리복지회관#1-1,제주특별자치도,서귀포시,관공서,제주특별자치도 서귀포시,,,제주특별자치도 서귀포시 안덕면 서광리 63-1(서광동로17),,제주특별자치도청,064-710-2352,33.287990,126.331283,2024-12-31,I,2026-05-15 18:45:28,2025-11-07 15:49:22
6520000,202565200000701067,대청공원,대청공원 #1-1,제주특별자치도,서귀포시,서민·복지시설,제주특별자치도 서귀포시,,,제주특별자치도 서귀포시 강정동 169-8,,제주특별자치도청,064-710-2352,33.253177,126.505091,2024-12-31,I,2026-05-15 18:45:28,2025-11-07 15:49:19
6520000,202565200000701205,전기차충전소_서귀동 공영주차장,서귀동 공영주차장#1,제주특별자치도,서귀포시,기타,제주특별자치도 서귀포시,,,제주특별자치도 서귀포시 서귀동 28-3,,제주특별자치도청,064-710-2352,33.242930,126.566882,2024-12-31,I,2026-05-15 18:45:28,2025-11-07 15:49:20
6520000,202565200000701388,상천리복지회관,상천리복지회관#1-1,제주특별자치도,서귀포시,관공서,제주특별자치도 서귀포시,,,제주특별자치도 서귀포시 안덕면 상천리 471-11(병악로408-3),,제주특별자치도청,064-710-2352,33.306695,126.380729,2024-12-31,I,2026-05-15 18:45:28,2025-11-07 15:49:22
6520000,202565200000701646,예래동주민센터,예래동주민센터  #3-3,제주특별자치도,서귀포시,관공서,제주특별자치도 서귀포시,,,제주특별자치도 서귀포시 상예동 604,,제주특별자치도청,064-710-2352,33.254688,126.399929,2024-12-31,I,2026-05-15 18:45:28,2025-11-07 15:49:26
6520000,202565200000701259,동홍동공원,동홍동공원 (주공5단지)#1-1,제주특별자치도,서귀포시,서민·복지시설,제주특별자치도 서귀포시,,,제주특별자치도 서귀포시 동홍동 1685(주공5단지 509동 옆 어린이놀이터),,제주특별자치도청,064-710-2352,33.265430,126.562769,2024-12-31,I,2026-05-15 18:45:28,2025-11-07 15:49:21
6520000,202565200000701093,제주 허브 동산,제주 허브 동산 #2-1,제주특별자치도,서귀포시,관광,제주특별자치도 서귀포시,,,제주특별자치도 서귀포시 표선면 표선리 2608,,제주특별자치도청,064-710-2352,33.330032,126.814167,2024-12-31,I,2026-05-15 18:45:28,2025-11-07 15:49:19
6520000,202565200000700316,서귀포시청 너른마당(제1청사 본관) (옥내1),서귀포시청 너른마당(제1청사 본관) (옥내1),제주특별자치도,서귀포시,관공서,제주특별자치도 서귀포시,,,제주특별자치도 서귀포시 중앙로 105,,제주특별자치도청,064-710-2352,33.253914,126.559603,2024-12-31,I,2026-05-15 18:45:28,2025-11-07 15:49:08
6520000,202565200000700454,소암현중화기념관,소암현중화기념관,제주특별자치도,서귀포시,지역문화시설,제주특별자치도 서귀포시,,,제주특별자치도 서귀포시 중문관광로 227-24,,제주특별자치도청,064-710-2352,33.245084,126.567485,2024-12-31,I,2026-05-15 18:45:28,2025-11-07 15:49:10
6520000,202565200000701324,서귀포매일올레시장,서귀포매일올레시장 #2-2,제주특별자치도,서귀포시,기타,제주특별자치도 서귀포시,,,제주특별자치도 서귀포시 서귀동 272-51,,제주특별자치도청,064-710-2352,33.248615,126.564037,2024-12-31,I,2026-05-15 18:45:28,2025-11-07 15:49:22
6520000,202565200000700559,제주옹기박물관,제주옹기박물관,제주특별자치도,서귀포시,관광,제주특별자치도 서귀포시,,,제주특별자치도 서귀포시 대정읍 무릉리 887-2,,제주특별자치도청,064-710-2352,33.282921,126.223419,2024-12-31,I,2026-05-15 18:45:28,2025-11-07 15:49:11
6520000,202565200000700358,정류장_무도동(406001002) (옥외1),정류장_무도동(406001002) (옥외1),제주특별자치도,서귀포시,교통시설,제주특별자치도 서귀포시,,,제주특별자치도 서귀포시 남원읍 태흥리 979-1,,제주특별자치도청,064-710-2352,33.284939,126.740870,2024-12-31,I,2026-05-15 18:45:28,2025-11-07 15:49:09
6520000,202565200000700584,소인국테마파크,소인국테마파크,제주특별자치도,서귀포시,관광,제주특별자치도 서귀포시,,,제주특별자치도 서귀포시 안덕면 서광리 725,,제주특별자치도청,064-710-2352,33.289989,126.322442,2024-12-31,I,2026-05-15 18:45:28,2025-11-07 15:49:12
6520000,202565200000701227,한라산국립공원_진달래밭대피소,한라산국립공원_진달래밭대피소#1-1,제주특별자치도,서귀포시,서민·복지시설,제주특별자치도 서귀포시,,,제주특별자치도 서귀포시 남원 하례리 산1-7,,제주특별자치도청,064-710-2352,33.369839,126.555498,2024-12-31,I,2026-05-15 18:45:28,2025-11-07 15:49:20
6520000,202565200000701608,버스정류소_중문초등학교_(중문동 방면),중문초등학교(북) #1-1,제주특별자치도,서귀포시,교통시설,제주특별자치도 서귀포시,,,제주특별자치도 서귀포시 중문동 1908-2,,제주특별자치도청,064-710-2352,33.251378,126.430613,2024-12-31,I,2026-05-15 18:45:28,2025-11-07 15:49:25
6520000,202565200000700630,칠십리 음식 특화거리,칠십리 음식 특화거리,제주특별자치도,서귀포시,기타,제주특별자치도 서귀포시,,,제주특별자치도 서귀포시 서귀동 20-1,,제주특별자치도청,064-710-2352,33.242458,126.567248,2024-12-31,I,2026-05-15 18:45:28,2025-11-07 15:49:12
6520000,202565200000700278,서귀포시 노인복지지원센터_2 (옥내1),서귀포시 노인복지지원센터_2 (옥내1),제주특별자치도,서귀포시,서민·복지시설,제주특별자치도 서귀포시,,,제주특별자치도 서귀포시 서호남로 29,,제주특별자치도청,064-710-2352,33.250547,126.515555,2024-12-31,I,2026-05-15 18:45:28,2025-11-07 15:49:08
6520000,202565200000701635,서귀포의료원,서귀포의료원 #1-4,제주특별자치도,서귀포시,기타,제주특별자치도 서귀포시,,,제주특별자치도 서귀포시 동홍동 1530-2 (장수로 47),,제주특별자치도청,064-710-2352,33.255498,126.564051,2024-12-31,I,2026-05-15 18:45:28,2025-11-07 15:49:26
6520000,202565200000700568,제주유리박물관,제주유리박물관,제주특별자치도,서귀포시,관광,제주특별자치도 서귀포시,,,제주특별자치도 서귀포시 상예동 4303,,제주특별자치도청,064-710-2352,33.278556,126.370110,2024-12-31,I,2026-05-15 18:45:28,2025-11-07 15:49:11
6520000,202565200000701214,제주쥬티클럽,제주쥬티클럽 #1,제주특별자치도,서귀포시,관광,제주특별자치도 서귀포시,,,제주특별자치도 서귀포시 성산읍 신양로 113,,제주특별자치도청,064-710-2352,33.436748,126.922070,2024-12-31,I,2026-05-15 18:45:28,2025-11-07 15:49:20
6520000,202565200000700429,정류장_남원생활체육관(406001129) (옥외1),정류장_남원생활체육관(406001129) (옥외1),제주특별자치도,서귀포시,교통시설,제주특별자치도 서귀포시,,,제주특별자치도 서귀포시 남원읍 남원리 1412-1,,제주특별자치도청,064-710-2352,33.275507,126.706527,2024-12-31,I,2026-05-15 18:45:28,2025-11-07 15:49:10
6520000,202565200000700553,제주권역재활병원,제주권역재활병원,제주특별자치도,서귀포시,서민·복지시설,제주특별자치도 서귀포시,,,제주특별자치도 서귀포시 서귀동 284-1,,제주특별자치도청,064-710-2352,33.252765,126.562376,2024-12-31,I,2026-05-15 18:45:28,2025-11-07 15:49:11
6520000,202565200000700738,안덕면사무소,안덕면사무소 #1-2,제주특별자치도,서귀포시,관공서,제주특별자치도 서귀포시,,,제주특별자치도 서귀포시  서귀포시 안덕면 화순리 1961-1,,제주특별자치도청,064-710-2352,33.257512,126.330870,2024-12-31,I,2026-05-15 18:45:28,2025-11-07 15:49:13
6520000,202565200000700326,남원다목적센터-1 (옥내1),남원다목적센터-1 (옥내1),제주특별자치도,서귀포시,관공서,제주특별자치도 서귀포시,,,제주특별자치도 서귀포시 신중로 55,,제주특별자치도청,064-710-2352,33.280701,126.723154,2024-12-31,I,2026-05-15 18:45:28,2025-11-07 15:49:08
6520000,202565200000701000,솜반내(솜반천),솜반내(솜반천)#1-1,제주특별자치도,서귀포시,관광,제주특별자치도 서귀포시,,,제주특별자치도 서귀포시 서홍동 1222,,제주특별자치도청,064-710-2352,33.253632,126.553228,2024-12-31,I,2026-05-15 18:45:28,2025-11-07 15:49:17
6520000,202565200000700067,예래동주민센터,예래동주민센터,제주특별자치도,서귀포시,관공서,제주특별자치도 서귀포시,,,제주특별자치도 서귀포시 예레동 518-4,,제주특별자치도청,064-710-2352,33.296812,126.542526,2024-12-31,I,2026-05-15 18:45:28,2025-11-07 15:49:06
6520000,202565200000701553,서귀포시청 구내식당,서귀포시청 구내식당#1-1,제주특별자치도,서귀포시,관공서,제주특별자치도 서귀포시,,,제주특별자치도 서귀포시 중앙로 105,,제주특별자치도청,064-710-2352,33.253952,126.559585,2024-12-31,I,2026-05-15 18:45:28,2025-11-07 15:49:24
6520000,202565200000701444,산방산,산방산산방굴사매표소 #1-3,제주특별자치도,서귀포시,관광,제주특별자치도 서귀포시,,,제주특별자치도 서귀포시 안덕면 사계리 3693,,제주특별자치도청,064-710-2352,33.237004,126.313487,2024-12-31,I,2026-05-15 18:45:28,2025-11-07 15:49:23
6520000,202565200000700192,아프리카박물관,아프리카박물관,제주특별자치도,서귀포시,관광,제주특별자치도 서귀포시,,,제주특별자치도 서귀포시 이어도로 49,,제주특별자치도청,064-710-2352,33.239980,126.428816,2024-12-31,I,2026-05-15 18:45:28,2025-11-07 15:49:07
6520000,202565200000701325,서귀포매일올레시장,서귀포매일올레시장 #2-3,제주특별자치도,서귀포시,기타,제주특별자치도 서귀포시,,,제주특별자치도 서귀포시 서귀동 272-51,,제주특별자치도청,064-710-2352,33.248615,126.564037,2024-12-31,I,2026-05-15 18:45:28,2025-11-07 15:49:22
6520000,202565200000700280,제주혁신도시 복합혁신센터_1 (옥내1),제주혁신도시 복합혁신센터_1 (옥내1),제주특별자치도,서귀포시,지역문화시설,제주특별자치도 서귀포시,,,제주특별자치도 서귀포시 서호동 1604번지(도로명주소 신청 예정),,제주특별자치도청,064-710-2352,33.251176,126.515394,2024-12-31,I,2026-05-15 18:45:28,2025-11-07 15:49:08
6520000,202565200000700149,정방폭포,정방폭포,제주특별자치도,서귀포시,관광,제주특별자치도 서귀포시,,,제주특별자치도 서귀포시 동홍동 278,,제주특별자치도청,064-710-2352,33.244738,126.573165,2024-12-31,I,2026-05-15 18:45:28,2025-11-07 15:49:07
6520000,202565200000700835,버스정류소_광지동_(남원우체국방면),광지동 (남) #1-1,제주특별자치도,서귀포시,교통시설,제주특별자치도 서귀포시,,,제주특별자치도 서귀포시 남원읍 남원리 1419-2,,제주특별자치도청,064-710-2352,33.276426,126.709420,2024-12-31,I,2026-05-15 18:45:28,2025-11-07 15:49:15
6520000,202565200000700305,예래생태체험관_1 (옥외1),예래생태체험관_1 (옥외1),제주특별자치도,서귀포시,관광,제주특별자치도 서귀포시,,,제주특별자치도 서귀포시 예래로 213,,제주특별자치도청,064-710-2352,33.244471,126.390850,2024-12-31,I,2026-05-15 18:45:28,2025-11-07 15:49:08
6520000,202565200000701326,서귀포매일올레시장,서귀포매일올레시장 #2-4,제주특별자치도,서귀포시,기타,제주특별자치도 서귀포시,,,제주특별자치도 서귀포시 서귀동 272-51,,제주특별자치도청,064-710-2352,33.248615,126.564037,2024-12-31,I,2026-05-15 18:45:28,2025-11-07 15:49:22
6520000,202565200000701612,전기차충전소_서귀포시청 1청사 1층 지하주차장,서귀포시청 1청사 #1-2,제주특별자치도,서귀포시,관공서,제주특별자치도 서귀포시,,,제주특별자치도 서귀포시 서홍동 440-1,,제주특별자치도청,064-710-2352,33.253916,126.560642,2024-12-31,I,2026-05-15 18:45:28,2025-11-07 15:49:25
6520000,202565200000700825,버스정류소_서귀포초등학교_(파인힐호텔),서귀포초등학교 (동) #1-1,제주특별자치도,서귀포시,교통시설,제주특별자치도 서귀포시,,,제주특별자치도 서귀포시 서귀동 721-2,,제주특별자치도청,064-710-2352,33.242688,126.565056,2024-12-31,I,2026-05-15 18:45:28,2025-11-07 15:49:14
6520000,202565200000700344,강왓허브쉼팡-1 (옥외1),강왓허브쉼팡-1 (옥외1),제주특별자치도,서귀포시,지역문화시설,제주특별자치도 서귀포시,,,제주특별자치도 서귀포시 표선면 토산망동로2,,제주특별자치도청,064-710-2352,33.317681,126.790316,2024-12-31,I,2026-05-15 18:45:28,2025-11-07 15:49:09
6520000,202565200000700177,서귀서부청소년쉼터(서부도서관),"서귀서부청소년쉼터
(서부도서관)",제주특별자치도,서귀포시,관공서,제주특별자치도 서귀포시,,,제주특별자치도 서귀포시 중문동 1921-1,,제주특별자치도청,064-710-2352,33.250949,126.432151,2024-12-31,I,2026-05-15 18:45:28,2025-11-07 15:49:07
6520000,202565200000700680,성읍민속마을,성읍민속마을-성읍관리실#1-1,제주특별자치도,서귀포시,관광,제주특별자치도 서귀포시,,,제주특별자치도 서귀포시 표선면 성읍리 775-1,,제주특별자치도청,064-710-2352,33.384443,126.800688,2024-12-31,I,2026-05-15 18:45:28,2025-11-07 15:49:13
6520000,202565200000700578,건강과성박물관,건강과성박물관,제주특별자치도,서귀포시,관광,제주특별자치도 서귀포시,,,제주특별자치도 서귀포시 안덕면 감산리 1404,,제주특별자치도청,064-710-2352,33.254746,126.346178,2024-12-31,I,2026-05-15 18:45:28,2025-11-07 15:49:12
6520000,202565200000701632,서귀포의료원,서귀포의료원 #1-1,제주특별자치도,서귀포시,기타,제주특별자치도 서귀포시,,,제주특별자치도 서귀포시 동홍동 1530-2 (장수로 47),,제주특별자치도청,064-710-2352,33.255498,126.564051,2024-12-31,I,2026-05-15 18:45:28,2025-11-07 15:49:25
6520000,202565200000700051,제주월드컵경기장,월드컵경기장야외공연장,제주특별자치도,서귀포시,지역문화시설,제주특별자치도 서귀포시,,,제주특별자치도 서귀포시 법환동 914,,제주특별자치도청,064-710-2352,33.247594,126.507632,2024-12-31,I,2026-05-15 18:45:28,2025-11-07 15:49:06
6520000,202565200000701497,천지연폭포,천지연폭포＃2-1,제주특별자치도,서귀포시,관광,제주특별자치도 서귀포시,,,제주특별자치도 서귀포시 서귀동 973(서귀동 798-1 앞),,제주특별자치도청,064-710-2352,33.245326,126.558711,2024-12-31,I,2026-05-15 18:45:28,2025-11-07 15:49:24
6520000,202565200000700281,제주혁신도시 복합혁신센터_2 (옥내1),제주혁신도시 복합혁신센터_2 (옥내1),제주특별자치도,서귀포시,지역문화시설,제주특별자치도 서귀포시,,,제주특별자치도 서귀포시 서호동 1604번지(도로명주소 신청 예정),,제주특별자치도청,064-710-2352,33.251176,126.515394,2024-12-31,I,2026-05-15 18:45:28,2025-11-07 15:49:08
6520000,202565200000700912,6코스,올레 6코스 보목동 국궁장 앞 #1-2,제주특별자치도,서귀포시,기타,제주특별자치도 서귀포시,,,제주특별자치도 서귀포시 보목동 1442-1,,제주특별자치도청,064-710-2352,33.243762,126.588472,2024-12-31,I,2026-05-15 18:45:28,2025-11-07 15:49:15
6520000,202565200000700285,대평리희망마을센터_1 (옥외1),대평리희망마을센터_1 (옥외1),제주특별자치도,서귀포시,기타,제주특별자치도 서귀포시,,,제주특별자치도 서귀포시 안덕면 대평감사로4,,제주특별자치도청,064-710-2352,33.268496,126.332433,2024-12-31,I,2026-05-15 18:45:28,2025-11-07 15:49:08
6520000,202565200000700453,소암현중화기념관,소암현중화기념관,제주특별자치도,서귀포시,지역문화시설,제주특별자치도 서귀포시,,,제주특별자치도 서귀포시 성산읍 동류암로 20,,제주특별자치도청,064-710-2352,33.245084,126.567485,2024-12-31,I,2026-05-15 18:45:28,2025-11-07 15:49:10
6520000,202565200000701037,제주 곶자왈 도립공원,제주 곶자왈 도립공원 안내소 #1-2,제주특별자치도,서귀포시,관광,제주특별자치도 서귀포시,,,제주특별자치도 서귀포시 대정읍 에듀시티로 178,,제주특별자치도청,064-710-2352,33.283190,126.273592,2024-12-31,I,2026-05-15 18:45:28,2025-11-07 15:49:18
