개방자치단체코드,관리번호,과속방지턱관리번호,도로명,시도명,시군구명,소재지도로명주소,소재지지번주소,설치장소,과속방지턱재료,과속방지턱형태구분,과속방지턱높이,과속방지턱폭,과속방지턱연장,도로유형구분,규격여부,WGS84위도,WGS84경도,보차분리여부,연속형여부,과속방지턱설치연도,관리기관명,관리기관전화번호,데이터기준일자,데이터갱신구분,데이터갱신시점,최종수정시점
6510000,202465100000600664,,제주특별자치도 제주시 월산남길,제주특별자치도,제주시,제주특별자치도 제주시 월산남길 46,제주특별자치도 제주시 노형동 3332-1,제주특별자치도 제주시 노형동 3332-1,원호형,원호형,10,360,500,일반,Y,33.4703194766,126.4665356269,Y,N,,제주특별자치도 제주시청,064-728-3742,2024-07-25,I,2026-05-15 18:45:22,2024-09-04 21:39:27
6510000,202465100000600309,,제주특별자치도 제주시 북성로,제주특별자치도,제주시,제주특별자치도 제주시 북성로 24,제주특별자치도 제주시 삼도이동 10-2,제주특별자치도 제주시 삼도이동 10-2,원호형,원호형,2,360,500,일반,Y,33.5160714181,126.5222998593,Y,N,,제주특별자치도 제주시청,064-728-3742,2024-07-25,I,2026-05-15 18:45:22,2024-09-04 21:39:25
6510000,202465100000600333,,제주특별자치도 제주시 남성로22길,제주특별자치도,제주시,제주특별자치도 제주시 남성로22길 8-1,제주특별자치도 제주시 삼도이동 802-16,제주특별자치도 제주시 삼도이동 802-16,원호형,원호형,8,360,500,일반,Y,33.5086682800,126.5213427000,Y,N,,제주특별자치도 제주시청,064-728-3742,2024-07-25,I,2026-05-15 18:45:22,2024-09-04 21:39:25
6510000,202465100000600073,,제주특별자치도 제주시 신북로,제주특별자치도,제주시,제주특별자치도 제주시 조천읍 신북로 637,제주특별자치도 제주시 조천읍 함덕리 261-11,제주특별자치도 제주시 조천읍 함덕리 261-11,원호형,원호형,10,360,500,일반,Y,33.5406466139,126.6775659908,Y,N,,제주특별자치도 제주시청,064-728-3742,2024-07-25,I,2026-05-15 18:45:22,2024-09-04 21:39:24
6510000,202465100000600913,,제주특별자치도 제주시 도근내길,제주특별자치도,제주시,제주특별자치도 제주시 도근내길 24,제주특별자치도 제주시 외도일동 435-22,제주특별자치도 제주시 외도일동 435-22,원호형,원호형,10,360,500,일반,Y,33.4923184653,126.4334593051,Y,N,,제주특별자치도 제주시청,064-728-3742,2024-07-25,I,2026-05-15 18:45:22,2024-09-04 21:39:29
6510000,202465100000600265,,제주특별자치도 제주시 홍랑길,제주특별자치도,제주시,제주특별자치도 제주시 홍랑길 34-1,제주특별자치도 제주시 삼도일동 305-55,제주특별자치도 제주시 삼도일동 305-55,원호형,가상형,0,360,500,일반,Y,33.5029344500,126.5234056000,Y,N,,제주특별자치도 제주시청,064-728-3742,2024-07-25,I,2026-05-15 18:45:22,2024-09-04 21:39:25
6510000,202465100000600642,,제주특별자치도 제주시 방안4길,제주특별자치도,제주시,,제주특별자치도 제주시 노형동 1757-1,제주특별자치도 제주시 노형동 1757-1,원호형,원호형,10,360,500,일반,Y,33.4666717976,126.4742469556,Y,N,,제주특별자치도 제주시청,064-728-3742,2024-07-25,I,2026-05-15 18:45:22,2024-09-04 21:39:27
6510000,202465100000601757,,제주특별자치도 제주시 사송길,제주특별자치도,제주시,제주특별자치도 제주시 사송길 4,제주특별자치도 제주시 영평동 1873-7,제주특별자치도 제주시 영평동 1873-7,원호형,원호형,10,360,500,일반,Y,33.4765271200,126.5674286000,Y,N,,제주특별자치도 제주시청,064-728-3742,2024-07-25,I,2026-05-15 18:45:22,2024-09-04 21:39:34
6510000,202465100000600817,,제주특별자치도 제주시 도평길,제주특별자치도,제주시,제주특별자치도 제주시 도평길 71,제주특별자치도 제주시 도평동 788-1,제주특별자치도 제주시 도평동 788-1,원호형,원호형,10,360,500,일반,Y,33.4784898284,126.4511582446,Y,N,,제주특별자치도 제주시청,064-728-3742,2024-07-25,I,2026-05-15 18:45:22,2024-09-04 21:39:28
6510000,202465100000601080,,제주특별자치도 제주시 한림해안로,제주특별자치도,제주시,,제주특별자치도 제주시 한림읍 수원리 950-2,제주특별자치도 제주시 한림읍 수원리 950-2,원호형,원호형,10,360,500,일반,Y,33.4272925400,126.2639426000,Y,N,,제주특별자치도 제주시청,064-728-3742,2024-07-25,I,2026-05-15 18:45:22,2024-09-04 21:39:30
6510000,202465100000600186,,제주특별자치도 제주시 신조로,제주특별자치도,제주시,,제주특별자치도 제주시 조천읍 신촌리 945-7,제주특별자치도 제주시 조천읍 신촌리 945-7,원호형,원호형,10,360,500,일반,Y,33.5184272771,126.6253980930,Y,N,,제주특별자치도 제주시청,064-728-3742,2024-07-25,I,2026-05-15 18:45:22,2024-09-04 21:39:24
6510000,202465100000601390,,제주특별자치도 제주시 신대로22길,제주특별자치도,제주시,제주특별자치도 제주시 신대로22길 8,제주특별자치도 제주시 연동 298-8,제주특별자치도 제주시 연동 298-8,원호형,원호형,10,360,500,일반,Y,33.4824717200,126.4942420000,Y,N,,제주특별자치도 제주시청,064-728-3742,2024-07-25,I,2026-05-15 18:45:22,2024-09-04 21:39:32
6510000,202465100000600512,,제주특별자치도 제주시 진남로4길,제주특별자치도,제주시,제주특별자치도 제주시 진동로5길 9,제주특별자치도 제주시 화북일동 1953-11,제주특별자치도 제주시 화북일동 1953-11,원호형,원호형,10,360,500,일반,Y,33.5212190700,126.5641382000,Y,N,,제주특별자치도 제주시청,064-728-3742,2024-07-25,I,2026-05-15 18:45:22,2024-09-04 21:39:26
6510000,202465100000600974,,제주특별자치도 제주시 항골남길,제주특별자치도,제주시,제주특별자치도 제주시 항골남길 33,제주특별자치도 제주시 이호일동 678-7,제주특별자치도 제주시 이호일동 678-7,원호형,원호형,10,360,500,일반,Y,33.4973303700,126.4588086000,Y,N,,제주특별자치도 제주시청,064-728-3742,2024-07-25,I,2026-05-15 18:45:22,2024-09-04 21:39:29
6510000,202465100000600412,,제주특별자치도 제주시 용담로,제주특별자치도,제주시,제주특별자치도 제주시 용담로 16,제주특별자치도 제주시 용담이동 935-22,제주특별자치도 제주시 용담이동 935-22,원호형,원호형,8,360,500,일반,Y,33.5132059633,126.5043930535,Y,N,,제주특별자치도 제주시청,064-728-3742,2024-07-25,I,2026-05-15 18:45:22,2024-09-04 21:39:26
6510000,202465100000601452,,제주특별자치도 제주시 선덕로8길,제주특별자치도,제주시,제주특별자치도 제주시 선덕로8길 15,제주특별자치도 제주시 연동 324-23,제주특별자치도 제주시 연동 324-23,원호형,원호형,10,360,500,일반,Y,33.4841443700,126.5011429000,Y,N,,제주특별자치도 제주시청,064-728-3742,2024-07-25,I,2026-05-15 18:45:22,2024-09-04 21:39:32
6510000,202465100000600581,,제주특별자치도 제주시 동화로1길,제주특별자치도,제주시,제주특별자치도 제주시 동화로1길 45-6,제주특별자치도 제주시 화북일동 13-4,제주특별자치도 제주시 화북일동 13-4,원호형,원호형,10,360,500,일반,Y,33.5183587162,126.5770488372,Y,N,,제주특별자치도 제주시청,064-728-3742,2024-07-25,I,2026-05-15 18:45:22,2024-09-04 21:39:27
6510000,202465100000601363,,제주특별자치도 제주시 연화중길,제주특별자치도,제주시,제주특별자치도 제주시 연화중길 18,제주특별자치도 제주시 연동 1527-6,제주특별자치도 제주시 연동 1527-6,원호형,원호형,10,360,500,일반,Y,33.4773030058,126.4885815586,Y,N,,제주특별자치도 제주시청,064-728-3742,2024-07-25,I,2026-05-15 18:45:22,2024-09-04 21:39:32
6510000,202465100000601002,,제주특별자치도 제주시 서해안로,제주특별자치도,제주시,제주특별자치도 제주시 서해안로 161,제주특별자치도 제주시 도두일동 2626-5,제주특별자치도 제주시 도두일동 2626-5,원호형,원호형,10,360,500,일반,Y,33.5040159740,126.4660517633,Y,N,,제주특별자치도 제주시청,064-728-3742,2024-07-25,I,2026-05-15 18:45:22,2024-09-04 21:39:29
6510000,202465100000600106,,제주특별자치도 제주시 함와로,제주특별자치도,제주시,제주특별자치도 제주시 조천읍 함와로 86,제주특별자치도 제주시 조천읍 함덕리 290-16,제주특별자치도 제주시 조천읍 함덕리 290-16,원호형,원호형,10,360,500,일반,Y,33.5324059565,126.6759413731,Y,N,,제주특별자치도 제주시청,064-728-3742,2024-07-25,I,2026-05-15 18:45:22,2024-09-04 21:39:24
6510000,202465100000600799,,제주특별자치도 제주시 정원로,제주특별자치도,제주시,제주특별자치도 제주시 정원로 35,제주특별자치도 제주시 노형동 742,제주특별자치도 제주시 노형동 742,원호형,원호형,10,360,500,일반,Y,33.4786719200,126.4781201000,Y,N,,제주특별자치도 제주시청,064-728-3742,2024-07-25,I,2026-05-15 18:45:22,2024-09-04 21:39:28
6510000,202465100000600383,,제주특별자치도 제주시 어영길,제주특별자치도,제주시,제주특별자치도 제주시 어영길 42,제주특별자치도 제주시 용담삼동 1200-1,제주특별자치도 제주시 용담삼동 1200-1,원호형,원호형,8,360,500,일반,Y,33.5179580200,126.4973789000,Y,N,,제주특별자치도 제주시청,064-728-3742,2024-07-25,I,2026-05-15 18:45:22,2024-09-04 21:39:26
6510000,202465100000600328,,제주특별자치도 제주시 남성로23길,제주특별자치도,제주시,제주특별자치도 제주시 중앙로14길 29,제주특별자치도 제주시 삼도이동 918,제주특별자치도 제주시 삼도이동 918,원호형,가상형,0,360,500,일반,Y,33.5108819300,126.5213594000,Y,N,,제주특별자치도 제주시청,064-728-3742,2024-07-25,I,2026-05-15 18:45:22,2024-09-04 21:39:25
6510000,202465100000601956,,제주특별자치도 제주시 연사길,제주특별자치도,제주시,제주특별자치도 제주시 연사길 19,제주특별자치도 제주시 오라이동 1429-1,제주특별자치도 제주시 오라이동 1429-1,원호형,원호형,10,360,500,일반,Y,33.4884697900,126.5158803000,Y,N,,제주특별자치도 제주시청,064-728-3742,2024-07-25,I,2026-05-15 18:45:22,2024-09-04 21:39:36
6510000,202465100000600833,,제주특별자치도 제주시 통물길,제주특별자치도,제주시,제주특별자치도 제주시 통물길 125,제주특별자치도 제주시 외도일동 106-1,제주특별자치도 제주시 외도일동 106-1,원호형,원호형,10,360,500,일반,Y,33.4824057100,126.4386187000,Y,N,,제주특별자치도 제주시청,064-728-3742,2024-07-25,I,2026-05-15 18:45:22,2024-09-04 21:39:28
6510000,202465100000601491,,제주특별자치도 제주시 연문6길,제주특별자치도,제주시,제주특별자치도 제주시 연문6길 3,제주특별자치도 제주시 연동 320-49,제주특별자치도 제주시 연동 320-49,원호형,원호형,10,360,500,일반,Y,33.4928846100,126.5014843000,Y,N,,제주특별자치도 제주시청,064-728-3742,2024-07-25,I,2026-05-15 18:45:22,2024-09-04 21:39:32
6510000,202465100000600376,,제주특별자치도 제주시 어영길,제주특별자치도,제주시,,제주특별자치도 제주시 용담삼동 1286-8,제주특별자치도 제주시 용담삼동 1286-8,원호형,원호형,8,360,500,일반,Y,33.5144000583,126.4922791335,Y,N,,제주특별자치도 제주시청,064-728-3742,2024-07-25,I,2026-05-15 18:45:22,2024-09-04 21:39:25
6510000,202465100000601057,,제주특별자치도 제주시 광산로,제주특별자치도,제주시,,제주특별자치도 제주시 한림읍 금악리 278-6,제주특별자치도 제주시 한림읍 금악리 278-6,원호형,원호형,10,360,500,일반,Y,33.3718769502,126.3166856800,Y,N,,제주특별자치도 제주시청,064-728-3742,2024-07-25,I,2026-05-15 18:45:22,2024-09-04 21:39:29
6510000,202465100000600398,,제주특별자치도 제주시 흥운길,제주특별자치도,제주시,제주특별자치도 제주시 흥운길 79,제주특별자치도 제주시 용담이동 438,제주특별자치도 제주시 용담이동 438,원호형,원호형,8,360,500,일반,Y,33.5156397200,126.5139277000,Y,N,,제주특별자치도 제주시청,064-728-3742,2024-07-25,I,2026-05-15 18:45:22,2024-09-04 21:39:26
6510000,202465100000600668,,제주특별자치도 제주시 1100로,제주특별자치도,제주시,,제주특별자치도 제주시 노형동 633-3,제주특별자치도 제주시 노형동 633-3,원호형,원호형,10,360,500,일반,Y,33.4737414930,126.4837350514,Y,N,,제주특별자치도 제주시청,064-728-3742,2024-07-25,I,2026-05-15 18:45:22,2024-09-04 21:39:27
6510000,202465100000600318,,제주특별자치도 제주시 무근성7길,제주특별자치도,제주시,제주특별자치도 제주시 무근성7길 37,제주특별자치도 제주시 삼도이동 1112-22,제주특별자치도 제주시 삼도이동 1112-22,원호형,원호형,10,360,500,일반,Y,33.5155231800,126.5216741000,Y,N,,제주특별자치도 제주시청,064-728-3742,2024-07-25,I,2026-05-15 18:45:22,2024-09-04 21:39:25
6510000,202465100000601758,,제주특별자치도 제주시 사송길,제주특별자치도,제주시,제주특별자치도 제주시 사송길 41,제주특별자치도 제주시 영평동 1897-2,제주특별자치도 제주시 영평동 1897-2,원호형,원호형,10,370,500,일반,Y,33.4742326000,126.5653290000,Y,N,,제주특별자치도 제주시청,064-728-3742,2024-07-25,I,2026-05-15 18:45:22,2024-09-04 21:39:34
6510000,202465100000600969,,제주특별자치도 제주시 백포동길,제주특별자치도,제주시,제주특별자치도 제주시 백포동길 24,제주특별자치도 제주시 이호일동 335-5,제주특별자치도 제주시 이호일동 335-5,원호형,원호형,8,360,500,일반,Y,33.5024130300,126.4606793000,Y,N,,제주특별자치도 제주시청,064-728-3742,2024-07-25,I,2026-05-15 18:45:22,2024-09-04 21:39:29
6510000,202465100000600824,,제주특별자치도 제주시 도평길,제주특별자치도,제주시,제주특별자치도 제주시 도평길 46-1,제주특별자치도 제주시 도평동 897-3,제주특별자치도 제주시 도평동 897-3,원호형,원호형,8,300,500,일반,Y,33.4782601000,126.4491459000,Y,N,,제주특별자치도 제주시청,064-728-3742,2024-07-25,I,2026-05-15 18:45:22,2024-09-04 21:39:28
6510000,202465100000600514,,제주특별자치도 제주시 진남로2길,제주특별자치도,제주시,제주특별자치도 제주시 진남로2길 12,제주특별자치도 제주시 화북일동 1964-17,제주특별자치도 제주시 화북일동 1964-17,원호형,원호형,10,360,500,일반,Y,33.5199442900,126.5641324000,Y,N,,제주특별자치도 제주시청,064-728-3742,2024-07-25,I,2026-05-15 18:45:22,2024-09-04 21:39:26
6510000,202465100000600958,,제주특별자치도 제주시 서해안로,제주특별자치도,제주시,제주특별자치도 제주시 서해안로 58,제주특별자치도 제주시 이호일동 374,제주특별자치도 제주시 이호일동 374,원호형,원호형,10,360,500,일반,Y,33.5021567800,126.4564041000,Y,N,,제주특별자치도 제주시청,064-728-3742,2024-07-25,I,2026-05-15 18:45:22,2024-09-04 21:39:29
6510000,202465100000601965,,제주특별자치도 제주시 연미길,제주특별자치도,제주시,,제주특별자치도 제주시 오라이동 3140-1,제주특별자치도 제주시 오라이동 3140-1,원호형,원호형,10,360,500,일반,Y,33.4844186900,126.5023901000,Y,N,,제주특별자치도 제주시청,064-728-3742,2024-07-25,I,2026-05-15 18:45:22,2024-09-04 21:39:36
6510000,202465100000601739,,제주특별자치도 제주시 기와4길,제주특별자치도,제주시,제주특별자치도 제주시 기와4길 48-1,제주특별자치도 제주시 영평동 2417-6,제주특별자치도 제주시 영평동 2417-6,원호형,가상형,0,360,500,일반,Y,33.4791440000,126.5608150000,Y,N,,제주특별자치도 제주시청,064-728-3742,2024-07-25,I,2026-05-15 18:45:22,2024-09-04 21:39:34
6510000,202465100000600053,,제주특별자치도 제주시 신북로,제주특별자치도,제주시,제주특별자치도 제주시 조천읍 신북로 74,제주특별자치도 제주시 조천읍 신촌리 1791-1,제주특별자치도 제주시 조천읍 신촌리 1791-1,원호형,원호형,10,360,500,일반,Y,33.5344222279,126.6217415460,Y,N,,제주특별자치도 제주시청,064-728-3742,2024-07-25,I,2026-05-15 18:45:22,2024-09-04 21:39:24
6510000,202465100000601547,,제주특별자치도 제주시 원당로11길,제주특별자치도,제주시,제주특별자치도 제주시 원당로11길 16,제주특별자치도 제주시 삼양일동 1589-19,제주특별자치도 제주시 삼양일동 1589-19,원호형,원호형,10,360,500,일반,Y,33.5285312358,126.5917046232,Y,N,,제주특별자치도 제주시청,064-728-3742,2024-07-25,I,2026-05-15 18:45:22,2024-09-04 21:39:33
6510000,202465100000600730,,제주특별자치도 제주시 정존13길,제주특별자치도,제주시,제주특별자치도 제주시 정존13길 4,제주특별자치도 제주시 노형동 1287-2,제주특별자치도 제주시 노형동 1287-2,원호형,원호형,10,360,500,일반,Y,33.4857372500,126.4777133000,Y,N,,제주특별자치도 제주시청,064-728-3742,2024-07-25,I,2026-05-15 18:45:22,2024-09-04 21:39:27
6510000,202465100000601969,,제주특별자치도 제주시 연사길,제주특별자치도,제주시,,제주특별자치도 제주시 오라이동 1382-1,제주특별자치도 제주시 오라이동 1382-1,원호형,원호형,10,360,500,일반,Y,33.4894536820,126.5135360908,Y,N,,제주특별자치도 제주시청,064-728-3742,2024-07-25,I,2026-05-15 18:45:22,2024-09-04 21:39:36
6510000,202465100000600120,,제주특별자치도 제주시 북흘로,제주특별자치도,제주시,,제주특별자치도 제주시 조천읍 북촌리 56-9,제주특별자치도 제주시 조천읍 북촌리 56-9,원호형,원호형,10,360,500,일반,Y,33.5323082620,126.7017839537,Y,N,,제주특별자치도 제주시청,064-728-3742,2024-07-25,I,2026-05-15 18:45:22,2024-09-04 21:39:24
6510000,202465100000600407,,제주특별자치도 제주시 흥운길,제주특별자치도,제주시,제주특별자치도 제주시 흥운길 65,제주특별자치도 제주시 용담이동 464-10,제주특별자치도 제주시 용담이동 464-10,원호형,가상형,0,360,500,일반,Y,33.5145135300,126.5135110000,Y,N,,제주특별자치도 제주시청,064-728-3742,2024-07-25,I,2026-05-15 18:45:22,2024-09-04 21:39:26
6510000,202465100000602005,,제주특별자치도 제주시 서사로25길,제주특별자치도,제주시,,제주특별자치도 제주시 오라일동 2453-14,제주특별자치도 제주시 오라일동 2453-14,원호형,원호형,10,360,500,일반,Y,33.4964458992,126.5205863671,Y,N,,제주특별자치도 제주시청,064-728-3742,2024-07-25,I,2026-05-15 18:45:22,2024-09-04 21:39:36
6510000,202465100000601824,,제주특별자치도 제주시 아연로,제주특별자치도,제주시,제주특별자치도 제주시 아연로 307,제주특별자치도 제주시 오등동 1679-7,제주특별자치도 제주시 오등동 1679-7,원호형,원호형,10,350,500,일반,Y,33.4668950600,126.5206556000,Y,N,,제주특별자치도 제주시청,064-728-3742,2024-07-25,I,2026-05-15 18:45:22,2024-09-04 21:39:35
6510000,202465100000601470,,제주특별자치도 제주시 선덕로5길,제주특별자치도,제주시,제주특별자치도 제주시 선덕로5길 16,제주특별자치도 제주시 연동 312-43,제주특별자치도 제주시 연동 312-43,원호형,원호형,10,360,500,일반,Y,33.4883455800,126.4997016000,Y,N,,제주특별자치도 제주시청,064-728-3742,2024-07-25,I,2026-05-15 18:45:22,2024-09-04 21:39:32
6510000,202465100000600112,,제주특별자치도 제주시 북흘로,제주특별자치도,제주시,,제주특별자치도 제주시 조천읍 북촌리 647-6,제주특별자치도 제주시 조천읍 북촌리 647-6,원호형,원호형,10,360,500,일반,Y,33.5467898947,126.6955773864,Y,N,,제주특별자치도 제주시청,064-728-3742,2024-07-25,I,2026-05-15 18:45:22,2024-09-04 21:39:24
6510000,202465100000600500,,제주특별자치도 제주시 진남로,제주특별자치도,제주시,제주특별자치도 제주시 진남로 33,제주특별자치도 제주시 화북일동 4201-2,제주특별자치도 제주시 화북일동 4201-2,원호형,원호형,10,360,500,일반,Y,33.5232425548,126.5638439389,Y,N,,제주특별자치도 제주시청,064-728-3742,2024-07-25,I,2026-05-15 18:45:22,2024-09-04 21:39:26
6510000,202465100000600123,,제주특별자치도 제주시 북흘로,제주특별자치도,제주시,제주특별자치도 제주시 조천읍 북흘로 385-10,제주특별자치도 제주시 조천읍 선흘리 1030,제주특별자치도 제주시 조천읍 선흘리 1030,원호형,원호형,10,360,500,일반,Y,33.5150806668,126.7075123408,Y,N,,제주특별자치도 제주시청,064-728-3742,2024-07-25,I,2026-05-15 18:45:22,2024-09-04 21:39:24
6510000,202465100000600665,,제주특별자치도 제주시 월산남길,제주특별자치도,제주시,,제주특별자치도 제주시 노형동 3447-1,제주특별자치도 제주시 노형동 3447-1,원호형,원호형,10,360,500,일반,Y,33.4697356660,126.4668829342,Y,N,,제주특별자치도 제주시청,064-728-3742,2024-07-25,I,2026-05-15 18:45:22,2024-09-04 21:39:27
6510000,202465100000600050,,제주특별자치도 제주시 신북로,제주특별자치도,제주시,,제주특별자치도 제주시 조천읍 신촌리 2587-1,제주특별자치도 제주시 조천읍 신촌리 2587-1,원호형,원호형,10,360,500,일반,Y,33.5317736003,126.6182263649,Y,N,,제주특별자치도 제주시청,064-728-3742,2024-07-25,I,2026-05-15 18:45:22,2024-09-04 21:39:24
6510000,202465100000600278,,제주특별자치도 제주시 서광로 13길,제주특별자치도,제주시,제주특별자치도 제주시 서광로13길 22,제주특별자치도 제주시 삼도일동 523,제주특별자치도 제주시 삼도일동 523,원호형,원호형,10,360,500,일반,Y,33.5019052800,126.5179276000,Y,N,,제주특별자치도 제주시청,064-728-3742,2024-07-25,I,2026-05-15 18:45:22,2024-09-04 21:39:25
6510000,202465100000600431,,제주특별자치도 제주시 용문로11길,제주특별자치도,제주시,제주특별자치도 제주시 용문로11길 14-1,제주특별자치도 제주시 용담이동 652-18,제주특별자치도 제주시 용담이동 652-18,원호형,원호형,8,360,500,일반,Y,33.5067059911,126.5074774596,Y,N,,제주특별자치도 제주시청,064-728-3742,2024-07-25,I,2026-05-15 18:45:22,2024-09-04 21:39:26
6510000,202465100000600948,,제주특별자치도 제주시 일주서로,제주특별자치도,제주시,,제주특별자치도 제주시 이호일동 1923-3,제주특별자치도 제주시 이호일동 1923-3,원호형,원호형,10,360,500,일반,Y,33.4951220072,126.4506667502,Y,N,,제주특별자치도 제주시청,064-728-3742,2024-07-25,I,2026-05-15 18:45:22,2024-09-04 21:39:29
6510000,202465100000601339,,제주특별자치도 제주시 1100로,제주특별자치도,제주시,,제주특별자치도 제주시 연동 산 146-1,제주특별자치도 제주시 연동 산 146-1,원호형,원호형,8,360,500,일반,Y,33.4252587562,126.4943673708,Y,N,,제주특별자치도 제주시청,064-728-3742,2024-07-25,I,2026-05-15 18:45:22,2024-09-04 21:39:31
6510000,202465100000600649,,제주특별자치도 제주시 방안4길,제주특별자치도,제주시,,제주특별자치도 제주시 노형동 2169-6,제주특별자치도 제주시 노형동 2169-6,원호형,원호형,10,360,500,일반,Y,33.4764860797,126.4697750350,Y,N,,제주특별자치도 제주시청,064-728-3742,2024-07-25,I,2026-05-15 18:45:22,2024-09-04 21:39:27
6510000,202465100000600460,,제주특별자치도 제주시 진서로,제주특별자치도,제주시,제주특별자치도 제주시 진서로 12,제주특별자치도 제주시 화북일동 1958-15,제주특별자치도 제주시 화북일동 1958-15,원호형,원호형,10,360,500,일반,Y,33.5198313900,126.5635390000,Y,N,,제주특별자치도 제주시청,064-728-3742,2024-07-25,I,2026-05-15 18:45:22,2024-09-04 21:39:26
6510000,202465100000601031,,제주특별자치도 제주시 다호북길,제주특별자치도,제주시,,제주특별자치도 제주시 도두일동 1382-7,제주특별자치도 제주시 도두일동 1382-7,원호형,원호형,8,360,500,일반,Y,33.5009093791,126.4777259274,Y,N,,제주특별자치도 제주시청,064-728-3742,2024-07-25,I,2026-05-15 18:45:22,2024-09-04 21:39:29
6510000,202465100000601590,,제주특별자치도 제주시 지석15길,제주특별자치도,제주시,제주특별자치도 제주시 지석15길 17,제주특별자치도 제주시 삼양이동 2122-6,제주특별자치도 제주시 삼양이동 2122-6,원호형,원호형,10,360,500,일반,Y,33.5227167200,126.5858487000,Y,N,,제주특별자치도 제주시청,064-728-3742,2024-07-25,I,2026-05-15 18:45:22,2024-09-04 21:39:33
6510000,202465100000601819,,제주특별자치도 제주시 아봉로,제주특별자치도,제주시,제주특별자치도 제주시 아봉로 82,제주특별자치도 제주시 아라이동 906-4,제주특별자치도 제주시 아라이동 906-4,원호형,원호형,10,360,500,일반,Y,33.4780065600,126.5525245000,Y,N,,제주특별자치도 제주시청,064-728-3742,2024-07-25,I,2026-05-15 18:45:22,2024-09-04 21:39:35
6510000,202465100000601521,,제주특별자치도 제주시 서흘길,제주특별자치도,제주시,제주특별자치도 제주시 서흘길 39,제주특별자치도 제주시 삼양일동 1778,제주특별자치도 제주시 삼양일동 1778,원호형,원호형,10,360,500,일반,Y,33.5288316100,126.5894850000,Y,N,,제주특별자치도 제주시청,064-728-3742,2024-07-25,I,2026-05-15 18:45:22,2024-09-04 21:39:33
6510000,202465100000600889,,제주특별자치도 제주시 우정로12길,제주특별자치도,제주시,제주특별자치도 제주시 우정로12길 23,제주특별자치도 제주시 외도일동 539-30,제주특별자치도 제주시 외도일동 539-30,원호형,원호형,10,360,500,일반,Y,33.4873108881,126.4284580143,Y,N,,제주특별자치도 제주시청,064-728-3742,2024-07-25,I,2026-05-15 18:45:22,2024-09-04 21:39:28
6510000,202465100000601071,,제주특별자치도 제주시 한림중앙로,제주특별자치도,제주시,,제주특별자치도 제주시 한림읍 동명리 1578-19,제주특별자치도 제주시 한림읍 동명리 1578-19,원호형,원호형,10,360,500,일반,Y,33.4078778975,126.2666744501,Y,N,,제주특별자치도 제주시청,064-728-3742,2024-07-25,I,2026-05-15 18:45:22,2024-09-04 21:39:30
6510000,202465100000600194,,제주특별자치도 제주시 함대로,제주특별자치도,제주시,제주특별자치도 제주시 조천읍 함대로 445,제주특별자치도 제주시 조천읍 대흘리 1837-3,제주특별자치도 제주시 조천읍 대흘리 1837-3,원호형,원호형,10,360,500,일반,Y,33.5059765396,126.6591624400,Y,N,,제주특별자치도 제주시청,064-728-3742,2024-07-25,I,2026-05-15 18:45:22,2024-09-04 21:39:25
6510000,202465100000600472,,제주특별자치도 제주시 진서로,제주특별자치도,제주시,,제주특별자치도 제주시 화북일동 4302-1,제주특별자치도 제주시 화북일동 4302-1,원호형,원호형,10,360,500,일반,Y,33.5252004174,126.5627760810,Y,N,,제주특별자치도 제주시청,064-728-3742,2024-07-25,I,2026-05-15 18:45:22,2024-09-04 21:39:26
6510000,202465100000601635,,제주특별자치도 제주시 매촌2길,제주특별자치도,제주시,제주특별자치도 제주시 매촌2길 70,제주특별자치도 제주시 도련일동 1751,제주특별자치도 제주시 도련일동 1751,원호형,원호형,10,360,500,일반,Y,33.5100489000,126.5908968000,Y,N,,제주특별자치도 제주시청,064-728-3742,2024-07-25,I,2026-05-15 18:45:22,2024-09-04 21:39:34
6510000,202465100000600243,,제주특별자치도 제주시 서사로 23길,제주특별자치도,제주시,제주특별자치도 제주시 서사로23길 33,제주특별자치도 제주시 삼도일동 581-3,제주특별자치도 제주시 삼도일동 581-3,원호형,원호형,10,360,500,일반,Y,33.4979316000,126.5231697000,Y,N,,제주특별자치도 제주시청,064-728-3742,2024-07-25,I,2026-05-15 18:45:22,2024-09-04 21:39:25
6510000,202465100000601293,,제주특별자치도 제주시 신한로,제주특별자치도,제주시,,제주특별자치도 제주시 한경면 두모리 564-5,제주특별자치도 제주시 한경면 두모리 564-5,원호형,원호형,10,360,500,일반,Y,33.3387898770,126.1956007606,Y,N,,제주특별자치도 제주시청,064-728-3742,2024-07-25,I,2026-05-15 18:45:22,2024-09-04 21:39:31
6510000,202465100000600193,,제주특별자치도 제주시 함대로,제주특별자치도,제주시,,제주특별자치도 제주시 조천읍 대흘리 1774-2,제주특별자치도 제주시 조천읍 대흘리 1774-2,원호형,원호형,10,360,500,일반,Y,33.5000754785,126.6583722816,Y,N,,제주특별자치도 제주시청,064-728-3742,2024-07-25,I,2026-05-15 18:45:22,2024-09-04 21:39:25
6510000,202465100000600548,,제주특별자치도 제주시 황사평길,제주특별자치도,제주시,제주특별자치도 제주시 황사평길 75,제주특별자치도 제주시 화북이동 2948,제주특별자치도 제주시 화북이동 2948,원호형,원호형,10,360,500,일반,Y,33.4951351200,126.5647644000,Y,N,,제주특별자치도 제주시청,064-728-3742,2024-07-25,I,2026-05-15 18:45:22,2024-09-04 21:39:26
6510000,202465100000600657,,제주특별자치도 제주시 월산북길,제주특별자치도,제주시,,제주특별자치도 제주시 노형동 3567-6,제주특별자치도 제주시 노형동 3567-6,원호형,원호형,10,360,500,일반,Y,33.4751888853,126.4616577979,Y,N,,제주특별자치도 제주시청,064-728-3742,2024-07-25,I,2026-05-15 18:45:22,2024-09-04 21:39:27
6510000,202465100000600250,,제주특별자치도 제주시 서사로 19길,제주특별자치도,제주시,제주특별자치도 제주시 서사로19길 6,제주특별자치도 제주시 삼도일동 550,제주특별자치도 제주시 삼도일동 550,원호형,원호형,10,360,500,일반,Y,33.5011287200,126.5207119000,Y,N,,제주특별자치도 제주시청,064-728-3742,2024-07-25,I,2026-05-15 18:45:22,2024-09-04 21:39:25
6510000,202465100000602006,,제주특별자치도 제주시 서사로25길,제주특별자치도,제주시,제주특별자치도 제주시 서사로25길 18,제주특별자치도 제주시 오라일동 2453-10,제주특별자치도 제주시 오라일동 2453-10,원호형,원호형,10,360,500,일반,Y,33.4967659600,126.5205136000,Y,N,,제주특별자치도 제주시청,064-728-3742,2024-07-25,I,2026-05-15 18:45:22,2024-09-04 21:39:36
6510000,202465100000601019,,제주특별자치도 제주시 도리로,제주특별자치도,제주시,,제주특별자치도 제주시 도두이동 1576-1,제주특별자치도 제주시 도두이동 1576-1,원호형,원호형,10,360,500,일반,Y,33.5070246956,126.4767685573,Y,N,,제주특별자치도 제주시청,064-728-3742,2024-07-25,I,2026-05-15 18:45:22,2024-09-04 21:39:29
6510000,202465100000601323,,제주특별자치도 제주시 남광로,제주특별자치도,제주시,제주특별자치도 제주시 남광로 133,제주특별자치도 제주시 일도이동 111-9,제주특별자치도 제주시 일도이동 111-9,원호형,원호형,10,360,500,일반,Y,33.4988173000,126.5481592000,Y,N,,제주특별자치도 제주시청,064-728-3742,2024-07-25,I,2026-05-15 18:45:22,2024-09-04 21:39:31
6510000,202465100000600356,,제주특별자치도 제주시 월성로9길,제주특별자치도,제주시,제주특별자치도 제주시 월성로9길 3,제주특별자치도 제주시 용담이동 2602-5,제주특별자치도 제주시 용담이동 2602-5,원호형,원호형,8,360,500,일반,Y,33.5019573908,126.5055728395,Y,N,,제주특별자치도 제주시청,064-728-3742,2024-07-25,I,2026-05-15 18:45:22,2024-09-04 21:39:25
6510000,202465100000601045,,제주특별자치도 제주시 귀덕5길,제주특별자치도,제주시,제주특별자치도 제주시 한림읍 귀덕5길 38,제주특별자치도 제주시 한림읍 귀덕리 4047,제주특별자치도 제주시 한림읍 귀덕리 4047,원호형,원호형,10,360,500,일반,Y,33.4421444600,126.2799645000,Y,N,,제주특별자치도 제주시청,064-728-3742,2024-07-25,I,2026-05-15 18:45:22,2024-09-04 21:39:29
6510000,202465100000600975,,제주특별자치도 제주시 오도1길,제주특별자치도,제주시,제주특별자치도 제주시 오도1길 2,제주특별자치도 제주시 이호이동 842-3,제주특별자치도 제주시 이호이동 842-3,원호형,원호형,8,360,500,일반,Y,33.4939502600,126.4604281000,Y,N,,제주특별자치도 제주시청,064-728-3742,2024-07-25,I,2026-05-15 18:45:22,2024-09-04 21:39:29
6510000,202465100000600233,,제주특별자치도 제주시 서광로14길,제주특별자치도,제주시,제주특별자치도 제주시 서사로24길 22,제주특별자치도 제주시 삼도일동 567-8,제주특별자치도 제주시 삼도일동 567-8,원호형,원호형,10,360,500,일반,Y,33.4985446501,126.5178258141,Y,N,,제주특별자치도 제주시청,064-728-3742,2024-07-25,I,2026-05-15 18:45:22,2024-09-04 21:39:25
6510000,202465100000601863,,제주특별자치도 제주시 인다13길,제주특별자치도,제주시,제주특별자치도 제주시 인다13길 14,제주특별자치도 제주시 아라일동 6147-1,제주특별자치도 제주시 아라일동 6147-1,원호형,원호형,8,360,500,일반,Y,33.4724029500,126.5471109000,Y,N,,제주특별자치도 제주시청,064-728-3742,2024-07-25,I,2026-05-15 18:45:22,2024-09-04 21:39:35
6510000,202465100000601735,,제주특별자치도 제주시 기와1길,제주특별자치도,제주시,제주특별자치도 제주시 기와1길 55,제주특별자치도 제주시 화북이동 5716,제주특별자치도 제주시 화북이동 5716,원호형,원호형,10,400,500,일반,Y,33.4875264300,126.5607688000,Y,N,,제주특별자치도 제주시청,064-728-3742,2024-07-25,I,2026-05-15 18:45:22,2024-09-04 21:39:34
6510000,202465100000601106,,제주특별자치도 제주시 명월성로,제주특별자치도,제주시,제주특별자치도 제주시 한림읍 명월성로 673,제주특별자치도 제주시 한림읍 월림리 2313-1,제주특별자치도 제주시 한림읍 월림리 2313-1,원호형,가상형,0,360,500,일반,Y,33.3509130395,126.2559015566,Y,N,,제주특별자치도 제주시청,064-728-3742,2024-07-25,I,2026-05-15 18:45:22,2024-09-04 21:39:30
6510000,202465100000600746,,제주특별자치도 제주시 노형14길,제주특별자치도,제주시,,제주특별자치도 제주시 노형동 3781-2,제주특별자치도 제주시 노형동 3781-2,원호형,원호형,10,360,500,일반,Y,33.4845783980,126.4790883674,Y,N,,제주특별자치도 제주시청,064-728-3742,2024-07-25,I,2026-05-15 18:45:22,2024-09-04 21:39:28
6510000,202465100000600690,,제주특별자치도 제주시 정존11길,제주특별자치도,제주시,제주특별자치도 제주시 수덕로 44,제주특별자치도 제주시 노형동 2583-1,제주특별자치도 제주시 노형동 2583-1,원호형,원호형,10,360,500,일반,Y,33.4871157588,126.4732126839,Y,N,,제주특별자치도 제주시청,064-728-3742,2024-07-25,I,2026-05-15 18:45:22,2024-09-04 21:39:27
6510000,202465100000601456,,제주특별자치도 제주시 신대로19길,제주특별자치도,제주시,제주특별자치도 제주시 신대로19길 29,제주특별자치도 제주시 연동 315-12,제주특별자치도 제주시 연동 315-12,원호형,원호형,10,360,500,일반,Y,33.4837002713,126.4993377579,Y,N,,제주특별자치도 제주시청,064-728-3742,2024-07-25,I,2026-05-15 18:45:22,2024-09-04 21:39:32
6510000,202465100000601242,,제주특별자치도 제주시 고마로19길,제주특별자치도,제주시,제주특별자치도 제주시 고마로19길 18,제주특별자치도 제주시 일도이동 417-3,제주특별자치도 제주시 일도이동 417-3,원호형,원호형,8,360,500,일반,Y,33.5051292300,126.5433553000,Y,N,,제주특별자치도 제주시청,064-728-3742,2024-07-25,I,2026-05-15 18:45:22,2024-09-04 21:39:31
6510000,202465100000601162,,제주특별자치도 제주시 송당6길,제주특별자치도,제주시,제주특별자치도 제주시 구좌읍 송당6길 312,제주특별자치도 제주시 구좌읍 송당리 산 168,제주특별자치도 제주시 구좌읍 송당리 산 168,원호형,원호형,10,360,500,일반,Y,33.4450554971,126.7803186011,Y,N,,제주특별자치도 제주시청,064-728-3742,2024-07-25,I,2026-05-15 18:45:22,2024-09-04 21:39:30
6510000,202465100000601175,,제주특별자치도 제주시 신산로4길,제주특별자치도,제주시,제주특별자치도 제주시 신산로4길 17,제주특별자치도 제주시 일도이동 1029-140,제주특별자치도 제주시 일도이동 1029-140,원호형,원호형,8,360,500,일반,Y,33.5106344400,126.5301666000,Y,N,,제주특별자치도 제주시청,064-728-3742,2024-07-25,I,2026-05-15 18:45:22,2024-09-04 21:39:30
6510000,202465100000601241,,제주특별자치도 제주시 고마로19길,제주특별자치도,제주시,제주특별자치도 제주시 고마로19길 19,제주특별자치도 제주시 일도이동 406,제주특별자치도 제주시 일도이동 406,원호형,원호형,8,360,500,일반,Y,33.5058557589,126.5428737624,Y,N,,제주특별자치도 제주시청,064-728-3742,2024-07-25,I,2026-05-15 18:45:22,2024-09-04 21:39:31
6510000,202465100000601736,,제주특별자치도 제주시 기와4길,제주특별자치도,제주시,제주특별자치도 제주시 기와4길 15,제주특별자치도 제주시 영평동 2763-7,제주특별자치도 제주시 영평동 2763-7,원호형,가상형,0,360,500,일반,Y,33.4820467200,126.5594749000,Y,N,,제주특별자치도 제주시청,064-728-3742,2024-07-25,I,2026-05-15 18:45:22,2024-09-04 21:39:34
6510000,202465100000600200,,제주특별자치도 제주시 조함해안로,제주특별자치도,제주시,,제주특별자치도 제주시 조천읍 조천리 3014,제주특별자치도 제주시 조천읍 조천리 3014,원호형,원호형,10,360,500,일반,Y,33.5452027811,126.6390515814,Y,N,,제주특별자치도 제주시청,064-728-3742,2024-07-25,I,2026-05-15 18:45:22,2024-09-04 21:39:25
6510000,202465100000600263,,제주특별자치도 제주시 홍랑길,제주특별자치도,제주시,제주특별자치도 제주시 홍랑길 39,제주특별자치도 제주시 삼도일동 305-125,제주특별자치도 제주시 삼도일동 305-125,원호형,가상형,0,360,500,일반,Y,33.5033130900,126.5230697000,Y,N,,제주특별자치도 제주시청,064-728-3742,2024-07-25,I,2026-05-15 18:45:22,2024-09-04 21:39:25
6510000,202465100000601118,,제주특별자치도 제주시 한수풀로 4길,제주특별자치도,제주시,제주특별자치도 제주시 한림읍 한수풀로4길 10,제주특별자치도 제주시 한림읍 대림리 1698-4,제주특별자치도 제주시 한림읍 대림리 1698-4,원호형,원호형,10,360,500,일반,Y,33.4198324700,126.2745037000,Y,N,,제주특별자치도 제주시청,064-728-3742,2024-07-25,I,2026-05-15 18:45:22,2024-09-04 21:39:30
6510000,202465100000600801,,제주특별자치도 제주시 진군중길,제주특별자치도,제주시,제주특별자치도 제주시 진군중길 27,제주특별자치도 제주시 노형동 761-8,제주특별자치도 제주시 노형동 761-8,원호형,원호형,10,360,500,일반,Y,33.4767576517,126.4795757224,Y,N,,제주특별자치도 제주시청,064-728-3742,2024-07-25,I,2026-05-15 18:45:22,2024-09-04 21:39:28
6510000,202465100000602014,,제주특별자치도 제주시 공설로9길,제주특별자치도,제주시,제주특별자치도 제주시 공설로 35-8,제주특별자치도 제주시 오라일동 2447-35,제주특별자치도 제주시 오라일동 2447-35,원호형,원호형,10,360,500,일반,Y,33.4969764500,126.5182979000,Y,N,,제주특별자치도 제주시청,064-728-3742,2024-07-25,I,2026-05-15 18:45:22,2024-09-04 21:39:36
6510000,202465100000600331,,제주특별자치도 제주시 전농로9길,제주특별자치도,제주시,제주특별자치도 제주시 전농로9길 32,제주특별자치도 제주시 삼도이동 603-13,제주특별자치도 제주시 삼도이동 603-13,원호형,원호형,8,360,500,일반,Y,33.5071137853,126.5206965171,Y,N,,제주특별자치도 제주시청,064-728-3742,2024-07-25,I,2026-05-15 18:45:22,2024-09-04 21:39:25
6510000,202465100000600762,,제주특별자치도 제주시 다랑곶6길,제주특별자치도,제주시,제주특별자치도 제주시 다랑곶6길 10-1,제주특별자치도 제주시 노형동 1292-11,제주특별자치도 제주시 노형동 1292-11,원호형,원호형,10,360,500,일반,Y,33.4887507700,126.4818255000,Y,N,,제주특별자치도 제주시청,064-728-3742,2024-07-25,I,2026-05-15 18:45:22,2024-09-04 21:39:28
6510000,202465100000601234,,제주특별자치도 제주시 동광로20길,제주특별자치도,제주시,제주특별자치도 제주시 동광로20길 9,제주특별자치도 제주시 일도이동 403-1,제주특별자치도 제주시 일도이동 403-1,원호형,원호형,8,360,500,일반,Y,33.5071792600,126.5440877000,Y,N,,제주특별자치도 제주시청,064-728-3742,2024-07-25,I,2026-05-15 18:45:22,2024-09-04 21:39:31
6510000,202465100000600609,,제주특별자치도 제주시 아봉로,제주특별자치도,제주시,제주특별자치도 제주시 아봉로 611,제주특별자치도 제주시 용강동 622,제주특별자치도 제주시 용강동 622,원호형,원호형,10,360,500,일반,Y,33.4797446517,126.5889685523,Y,N,,제주특별자치도 제주시청,064-728-3742,2024-07-25,I,2026-05-15 18:45:22,2024-09-04 21:39:27
6510000,202465100000600038,,제주특별자치도 제주시 애월해안로,제주특별자치도,제주시,,제주특별자치도 제주시 애월읍 광령리 2815-1,제주특별자치도 제주시 애월읍 광령리 2815-1,원호형,원호형,10,360,500,일반,Y,33.4330950317,126.4342886057,Y,N,,제주특별자치도 제주시청,064-728-3742,2024-07-25,I,2026-05-15 18:45:22,2024-09-04 21:39:24
6510000,202465100000601877,,제주특별자치도 제주시 인다1길,제주특별자치도,제주시,제주특별자치도 제주시 인다1길 20,제주특별자치도 제주시 아라일동 6121,제주특별자치도 제주시 아라일동 6121,원호형,원호형,10,360,500,일반,Y,33.4775741217,126.5501248394,Y,N,,제주특별자치도 제주시청,064-728-3742,2024-07-25,I,2026-05-15 18:45:22,2024-09-04 21:39:35
6510000,202465100000601519,,제주특별자치도 제주시 서흘길,제주특별자치도,제주시,,제주특별자치도 제주시 삼양일동 1789-1,제주특별자치도 제주시 삼양일동 1789-1,원호형,원호형,10,360,500,일반,Y,33.5295389966,126.5900223899,Y,N,,제주특별자치도 제주시청,064-728-3742,2024-07-25,I,2026-05-15 18:45:22,2024-09-04 21:39:33
6510000,202465100000601585,,제주특별자치도 제주시 지석13길,제주특별자치도,제주시,제주특별자치도 제주시 지석13길 17,제주특별자치도 제주시 삼양이동 2133-2,제주특별자치도 제주시 삼양이동 2133-2,원호형,원호형,10,360,500,일반,Y,33.5224919300,126.5847364000,Y,N,,제주특별자치도 제주시청,064-728-3742,2024-07-25,I,2026-05-15 18:45:22,2024-09-04 21:39:33
6510000,202465100000601187,,제주특별자치도 제주시 신산로11길,제주특별자치도,제주시,제주특별자치도 제주시 동광로13길 43,제주특별자치도 제주시 일도이동 168,제주특별자치도 제주시 일도이동 168,원호형,가상형,0,360,500,일반,Y,33.5079556053,126.5346262896,Y,N,,제주특별자치도 제주시청,064-728-3742,2024-07-25,I,2026-05-15 18:45:22,2024-09-04 21:39:30
6510000,202465100000601507,,제주특별자치도 제주시 삼무로9길,제주특별자치도,제주시,제주특별자치도 제주시 삼무로9길 22,제주특별자치도 제주시 연동 291-57,제주특별자치도 제주시 연동 291-57,원호형,가상형,0,360,500,일반,Y,33.4918040200,126.4945545000,Y,N,,제주특별자치도 제주시청,064-728-3742,2024-07-25,I,2026-05-15 18:45:22,2024-09-04 21:39:32
6510000,202465100000600360,,제주특별자치도 제주시 명신1길,제주특별자치도,제주시,제주특별자치도 제주시 명신1길 21,제주특별자치도 제주시 용담이동 707-7,제주특별자치도 제주시 용담이동 707-7,원호형,원호형,8,360,500,일반,Y,33.5000681154,126.5008080573,Y,N,,제주특별자치도 제주시청,064-728-3742,2024-07-25,I,2026-05-15 18:45:22,2024-09-04 21:39:25
6510000,202465100000600526,,제주특별자치도 제주시 거로서길,제주특별자치도,제주시,,제주특별자치도 제주시 화북이동 4955-32,제주특별자치도 제주시 화북이동 4955-32,원호형,원호형,10,360,500,일반,Y,33.5138686759,126.5563453153,Y,N,,제주특별자치도 제주시청,064-728-3742,2024-07-25,I,2026-05-15 18:45:22,2024-09-04 21:39:26
6510000,202465100000601373,,제주특별자치도 제주시 국기로2길,제주특별자치도,제주시,제주특별자치도 제주시 국기로2길 12,제주특별자치도 제주시 연동 1500-4,제주특별자치도 제주시 연동 1500-4,원호형,원호형,10,360,500,일반,Y,33.4799190091,126.4908663538,Y,N,,제주특별자치도 제주시청,064-728-3742,2024-07-25,I,2026-05-15 18:45:22,2024-09-04 21:39:32
6510000,202465100000600018,,제주특별자치도 제주시 하광로,제주특별자치도,제주시,,제주특별자치도 제주시 애월읍 광령리 3869-1,제주특별자치도 제주시 애월읍 광령리 3869-1,원호형,원호형,10,360,500,일반,Y,33.4656159478,126.4205765063,Y,N,,제주특별자치도 제주시청,064-728-3742,2024-07-25,I,2026-05-15 18:45:22,2024-09-04 21:39:24
6510000,202465100000600033,,제주특별자치도 제주시 애월로15길,제주특별자치도,제주시,제주특별자치도 제주시 애월읍 애월로15길 5,제주특별자치도 제주시 애월읍 애월리 423-4,제주특별자치도 제주시 애월읍 애월리 423-4,원호형,원호형,10,360,500,일반,Y,33.4642297176,126.3233664066,Y,N,,제주특별자치도 제주시청,064-728-3742,2024-07-25,I,2026-05-15 18:45:22,2024-09-04 21:39:24
6510000,202465100000601348,,제주특별자치도 제주시 은수길,제주특별자치도,제주시,제주특별자치도 제주시 은수길 17,제주특별자치도 제주시 연동 1354-12,제주특별자치도 제주시 연동 1354-12,원호형,원호형,10,360,500,일반,Y,33.4746934900,126.4866756000,Y,N,,제주특별자치도 제주시청,064-728-3742,2024-07-25,I,2026-05-15 18:45:22,2024-09-04 21:39:31
6510000,202465100000600377,,제주특별자치도 제주시 어영길,제주특별자치도,제주시,제주특별자치도 제주시 어영길 11,제주특별자치도 제주시 용담삼동 2286,제주특별자치도 제주시 용담삼동 2286,원호형,원호형,8,360,500,일반,Y,33.5190907290,126.4945408319,Y,N,,제주특별자치도 제주시청,064-728-3742,2024-07-25,I,2026-05-15 18:45:22,2024-09-04 21:39:25
6510000,202465100000601052,,제주특별자치도 제주시 누운오름로,제주특별자치도,제주시,,제주특별자치도 제주시 한림읍 금악리 278-16,제주특별자치도 제주시 한림읍 금악리 278-16,원호형,원호형,10,360,500,일반,Y,33.3727862973,126.3172019141,Y,N,,제주특별자치도 제주시청,064-728-3742,2024-07-25,I,2026-05-15 18:45:22,2024-09-04 21:39:29
6510000,202465100000601273,,제주특별자치도 제주시 남광로,제주특별자치도,제주시,제주특별자치도 제주시 남광로 187,제주특별자치도 제주시 일도이동 113-8,제주특별자치도 제주시 일도이동 113-8,원호형,원호형,8,360,500,일반,Y,33.5014871200,126.5528881000,Y,N,,제주특별자치도 제주시청,064-728-3742,2024-07-25,I,2026-05-15 18:45:22,2024-09-04 21:39:31
6510000,202465100000600425,,제주특별자치도 제주시 용화로5길,제주특별자치도,제주시,제주특별자치도 제주시 용화로5길 13,제주특별자치도 제주시 용담이동 609-3,제주특별자치도 제주시 용담이동 609-3,원호형,가상형,0,360,500,일반,Y,33.5110603000,126.5063638000,Y,N,,제주특별자치도 제주시청,064-728-3742,2024-07-25,I,2026-05-15 18:45:22,2024-09-04 21:39:26
6510000,202465100000600653,,제주특별자치도 제주시 월산북길,제주특별자치도,제주시,제주특별자치도 제주시 노형로 203,제주특별자치도 제주시 노형동 3278-15,제주특별자치도 제주시 노형동 3278-15,원호형,원호형,10,360,500,일반,Y,33.4730246884,126.4628778539,Y,N,,제주특별자치도 제주시청,064-728-3742,2024-07-25,I,2026-05-15 18:45:22,2024-09-04 21:39:27
6510000,202465100000601935,,제주특별자치도 제주시 아연로,제주특별자치도,제주시,,제주특별자치도 제주시 오라이동 739-2,제주특별자치도 제주시 오라이동 739-2,원호형,원호형,10,360,500,일반,Y,33.4712809935,126.5082720044,Y,N,,제주특별자치도 제주시청,064-728-3742,2024-07-25,I,2026-05-15 18:45:22,2024-09-04 21:39:36
6510000,202465100000601708,,제주특별자치도 제주시 간월동로,제주특별자치도,제주시,제주특별자치도 제주시 간월동로 52,제주특별자치도 제주시 아라이동 1394-9,제주특별자치도 제주시 아라이동 1394-9,원호형,가상형,0,340,500,일반,Y,33.4874334300,126.5476707000,Y,N,,제주특별자치도 제주시청,064-728-3742,2024-07-25,I,2026-05-15 18:45:22,2024-09-04 21:39:34
6510000,202465100000600864,,제주특별자치도 제주시 대통길,제주특별자치도,제주시,제주특별자치도 제주시 대통길 99,제주특별자치도 제주시 도평동 1398-1,제주특별자치도 제주시 도평동 1398-1,원호형,원호형,10,360,500,일반,Y,33.4853222000,126.4463001000,Y,N,,제주특별자치도 제주시청,064-728-3742,2024-07-25,I,2026-05-15 18:45:22,2024-09-04 21:39:28
6510000,202465100000601245,,제주특별자치도 제주시 천수동로,제주특별자치도,제주시,제주특별자치도 제주시 천수동로 30,제주특별자치도 제주시 일도이동 401-5,제주특별자치도 제주시 일도이동 401-5,원호형,원호형,8,360,500,일반,Y,33.5076356100,126.5452297000,Y,N,,제주특별자치도 제주시청,064-728-3742,2024-07-25,I,2026-05-15 18:45:22,2024-09-04 21:39:31
6510000,202465100000600871,,제주특별자치도 제주시 우령6길,제주특별자치도,제주시,제주특별자치도 제주시 우령6길 15,제주특별자치도 제주시 외도일동 463-2,제주특별자치도 제주시 외도일동 463-2,원호형,원호형,10,360,500,일반,Y,33.4900020236,126.4288848397,Y,N,,제주특별자치도 제주시청,064-728-3742,2024-07-25,I,2026-05-15 18:45:22,2024-09-04 21:39:28
6510000,202465100000601229,,제주특별자치도 제주시 고마로17길,제주특별자치도,제주시,제주특별자치도 제주시 고마로17길 23,제주특별자치도 제주시 일도이동 394-24,제주특별자치도 제주시 일도이동 394-24,원호형,원호형,8,360,500,일반,Y,33.5067552384,126.5429853744,Y,N,,제주특별자치도 제주시청,064-728-3742,2024-07-25,I,2026-05-15 18:45:22,2024-09-04 21:39:31
6510000,202465100000601039,,제주특별자치도 제주시 오일장서길,제주특별자치도,제주시,제주특별자치도 제주시 오일장서길 30,제주특별자치도 제주시 도두일동 1213-1,제주특별자치도 제주시 도두일동 1213-1,원호형,원호형,8,360,500,일반,Y,33.4956159407,126.4752490460,Y,N,,제주특별자치도 제주시청,064-728-3742,2024-07-25,I,2026-05-15 18:45:22,2024-09-04 21:39:29
6510000,202465100000600350,,제주특별자치도 제주시 중앙로26길,제주특별자치도,제주시,제주특별자치도 제주시 중앙로26길 22,제주특별자치도 제주시 삼도이동 1239-10,제주특별자치도 제주시 삼도이동 1239-10,원호형,가상형,0,360,500,일반,Y,33.5055512742,126.5233467102,Y,N,,제주특별자치도 제주시청,064-728-3742,2024-07-25,I,2026-05-15 18:45:22,2024-09-04 21:39:25
6510000,202465100000601129,,제주특별자치도 제주시 상도로,제주특별자치도,제주시,,제주특별자치도 제주시 구좌읍 상도리 산 316-5,제주특별자치도 제주시 구좌읍 상도리 산 316-5,원호형,원호형,10,360,500,일반,Y,33.4778690888,126.8438379403,Y,N,,제주특별자치도 제주시청,064-728-3742,2024-07-25,I,2026-05-15 18:45:22,2024-09-04 21:39:30
6510000,202465100000600035,,제주특별자치도 제주시 애월로,제주특별자치도,제주시,,제주특별자치도 제주시 애월읍 애월리 498-1,제주특별자치도 제주시 애월읍 애월리 498-1,원호형,원호형,10,360,500,일반,Y,33.4631456687,126.3268271300,Y,N,,제주특별자치도 제주시청,064-728-3742,2024-07-25,I,2026-05-15 18:45:22,2024-09-04 21:39:24
6510000,202465100000600048,,제주특별자치도 제주시 천덕로,제주특별자치도,제주시,,제주특별자치도 제주시 애월읍 곽지리 750-1,제주특별자치도 제주시 애월읍 곽지리 750-1,원호형,원호형,10,360,500,일반,Y,33.4416662855,126.3141124026,Y,N,,제주특별자치도 제주시청,064-728-3742,2024-07-25,I,2026-05-15 18:45:22,2024-09-04 21:39:24
6510000,202465100000601941,,제주특별자치도 제주시 아연로,제주특별자치도,제주시,,제주특별자치도 제주시 오라이동 3290-3,제주특별자치도 제주시 오라이동 3290-3,원호형,원호형,10,360,500,일반,Y,33.4744834352,126.5021161558,Y,N,,제주특별자치도 제주시청,064-728-3742,2024-07-25,I,2026-05-15 18:45:22,2024-09-04 21:39:36
6510000,202465100000601782,,제주특별자치도 제주시 아란12길,제주특별자치도,제주시,제주특별자치도 제주시 아란12길 19-8,제주특별자치도 제주시 아라일동 6077-1,제주특별자치도 제주시 아라일동 6077-1,원호형,원호형,10,370,500,일반,Y,33.4696813863,126.5451909091,Y,N,,제주특별자치도 제주시청,064-728-3742,2024-07-25,I,2026-05-15 18:45:22,2024-09-04 21:39:35
6510000,202465100000601024,,제주특별자치도 제주시 다호길,제주특별자치도,제주시,,제주특별자치도 제주시 도두이동 74-3,제주특별자치도 제주시 도두이동 74-3,원호형,원호형,8,360,500,일반,Y,33.5014465741,126.4915173707,Y,N,,제주특별자치도 제주시청,064-728-3742,2024-07-25,I,2026-05-15 18:45:22,2024-09-04 21:39:29
6510000,202465100000601856,,제주특별자치도 제주시 산록북로,제주특별자치도,제주시,,제주특별자치도 제주시 오등동 산 151-3,제주특별자치도 제주시 오등동 산 151-3,원호형,원호형,10,360,500,일반,Y,33.4245315156,126.5425450757,Y,N,,제주특별자치도 제주시청,064-728-3742,2024-07-25,I,2026-05-15 18:45:22,2024-09-04 21:39:35
6510000,202465100000601603,,제주특별자치도 제주시 지석6길,제주특별자치도,제주시,제주특별자치도 제주시 지석6길 9,제주특별자치도 제주시 삼양이동 2164-10,제주특별자치도 제주시 삼양이동 2164-10,원호형,원호형,10,360,500,일반,Y,33.5203409300,126.5811000000,Y,N,,제주특별자치도 제주시청,064-728-3742,2024-07-25,I,2026-05-15 18:45:22,2024-09-04 21:39:33
6510000,202465100000601755,,제주특별자치도 제주시 사송길,제주특별자치도,제주시,제주특별자치도 제주시 사송길 37,제주특별자치도 제주시 영평동 1897,제주특별자치도 제주시 영평동 1897,원호형,원호형,10,360,500,일반,Y,33.4745435500,126.5654293000,Y,N,,제주특별자치도 제주시청,064-728-3742,2024-07-25,I,2026-05-15 18:45:22,2024-09-04 21:39:34
6510000,202465100000601915,,제주특별자치도 제주시 한북로,제주특별자치도,제주시,제주특별자치도 제주시 한북로 162,제주특별자치도 제주시 오등동 405-19,제주특별자치도 제주시 오등동 405-19,원호형,원호형,10,360,500,일반,Y,33.4628432500,126.5329301000,Y,N,,제주특별자치도 제주시청,064-728-3742,2024-07-25,I,2026-05-15 18:45:22,2024-09-04 21:39:36
6510000,202465100000600067,,제주특별자치도 제주시 신북로,제주특별자치도,제주시,,제주특별자치도 제주시 조천읍 함덕리 3215-11,제주특별자치도 제주시 조천읍 함덕리 3215-11,원호형,원호형,10,360,500,일반,Y,33.5440541684,126.6592248489,Y,N,,제주특별자치도 제주시청,064-728-3742,2024-07-25,I,2026-05-15 18:45:22,2024-09-04 21:39:24
6510000,202465100000601741,,제주특별자치도 제주시 기자길,제주특별자치도,제주시,제주특별자치도 제주시 기자길 14,제주특별자치도 제주시 아라이동 1474-1,제주특별자치도 제주시 아라이동 1474-1,원호형,원호형,10,360,500,일반,Y,33.4845311600,126.5437510000,Y,N,,제주특별자치도 제주시청,064-728-3742,2024-07-25,I,2026-05-15 18:45:22,2024-09-04 21:39:34
6510000,202465100000600534,,제주특별자치도 제주시 거로남8길,제주특별자치도,제주시,제주특별자치도 제주시 거로남8길 24-12,제주특별자치도 제주시 화북이동 3499-1,제주특별자치도 제주시 화북이동 3499-1,원호형,원호형,10,360,500,일반,Y,33.5095057600,126.5627544000,Y,N,,제주특별자치도 제주시청,064-728-3742,2024-07-25,I,2026-05-15 18:45:22,2024-09-04 21:39:26
6510000,202465100000601244,,제주특별자치도 제주시 고마로19길,제주특별자치도,제주시,제주특별자치도 제주시 고마로19길 18,제주특별자치도 제주시 일도이동 417-3,제주특별자치도 제주시 일도이동 417-3,원호형,원호형,8,360,500,일반,Y,33.5051292300,126.5433553000,Y,N,,제주특별자치도 제주시청,064-728-3742,2024-07-25,I,2026-05-15 18:45:22,2024-09-04 21:39:31
6510000,202465100000601784,,제주특별자치도 제주시 아란12길,제주특별자치도,제주시,제주특별자치도 제주시 아란12길 5,제주특별자치도 제주시 아라일동 6076-1,제주특별자치도 제주시 아라일동 6076-1,원호형,원호형,8,380,500,일반,Y,33.4700934100,126.5451155000,Y,N,,제주특별자치도 제주시청,064-728-3742,2024-07-25,I,2026-05-15 18:45:22,2024-09-04 21:39:35
6510000,202465100000600734,,제주특별자치도 제주시 수덕3길,제주특별자치도,제주시,제주특별자치도 제주시 수덕3길 10,제주특별자치도 제주시 노형동 1283-13,제주특별자치도 제주시 노형동 1283-13,원호형,원호형,10,360,500,일반,Y,33.4862054754,126.4768861993,Y,N,,제주특별자치도 제주시청,064-728-3742,2024-07-25,I,2026-05-15 18:45:22,2024-09-04 21:39:27
6510000,202465100000601812,,제주특별자치도 제주시 아봉로,제주특별자치도,제주시,제주특별자치도 제주시 아봉로 383,제주특별자치도 제주시 월평동 502-1,제주특별자치도 제주시 월평동 502-1,원호형,원호형,10,350,500,일반,Y,33.4701885400,126.5762043000,Y,N,,제주특별자치도 제주시청,064-728-3742,2024-07-25,I,2026-05-15 18:45:22,2024-09-04 21:39:35
6510000,202465100000601428,,제주특별자치도 제주시 도령로7길,제주특별자치도,제주시,제주특별자치도 제주시 도령로7길 26,제주특별자치도 제주시 연동 1961-4,제주특별자치도 제주시 연동 1961-4,원호형,가상형,0,360,500,일반,Y,33.4909349500,126.4836791000,Y,N,,제주특별자치도 제주시청,064-728-3742,2024-07-25,I,2026-05-15 18:45:22,2024-09-04 21:39:32
6510000,202465100000600312,,제주특별자치도 제주시 중앙로8길,제주특별자치도,제주시,제주특별자치도 제주시 관덕로3길 17,제주특별자치도 제주시 삼도이동 1053-19,제주특별자치도 제주시 삼도이동 1053-19,원호형,원호형,8,360,500,일반,Y,33.5146193400,126.5214406000,Y,N,,제주특별자치도 제주시청,064-728-3742,2024-07-25,I,2026-05-15 18:45:22,2024-09-04 21:39:25
6510000,202465100000600341,,제주특별자치도 제주시 서사로7길,제주특별자치도,제주시,제주특별자치도 제주시 서사로7길 8,제주특별자치도 제주시 삼도이동 603-12,제주특별자치도 제주시 삼도이동 603-12,원호형,원호형,8,360,500,일반,Y,33.5070753400,126.5208256000,Y,N,,제주특별자치도 제주시청,064-728-3742,2024-07-25,I,2026-05-15 18:45:22,2024-09-04 21:39:25
6510000,202465100000600990,,제주특별자치도 제주시 오도길,제주특별자치도,제주시,제주특별자치도 제주시 오도길 40,제주특별자치도 제주시 이호이동 916-2,제주특별자치도 제주시 이호이동 916-2,원호형,원호형,10,360,500,일반,Y,33.4918959300,126.4597338000,Y,N,,제주특별자치도 제주시청,064-728-3742,2024-07-25,I,2026-05-15 18:45:22,2024-09-04 21:39:29
6510000,202465100000600636,,제주특별자치도 제주시 미리내길,제주특별자치도,제주시,,제주특별자치도 제주시 노형동 318-72,제주특별자치도 제주시 노형동 318-72,원호형,원호형,10,360,500,일반,Y,33.4493083815,126.4818429797,Y,N,,제주특별자치도 제주시청,064-728-3742,2024-07-25,I,2026-05-15 18:45:22,2024-09-04 21:39:27
6510000,202465100000601178,,제주특별자치도 제주시 동문로14길,제주특별자치도,제주시,제주특별자치도 제주시 동문로14길 45,제주특별자치도 제주시 일도이동 1012-9,제주특별자치도 제주시 일도이동 1012-9,원호형,원호형,8,360,500,일반,Y,33.5099579300,126.5353668000,Y,N,,제주특별자치도 제주시청,064-728-3742,2024-07-25,I,2026-05-15 18:45:22,2024-09-04 21:39:30
6510000,202465100000600988,,제주특별자치도 제주시 오광로6길,제주특별자치도,제주시,,제주특별자치도 제주시 이호이동 1196,제주특별자치도 제주시 이호이동 1196,원호형,원호형,8,360,500,일반,Y,33.4866620485,126.4585621315,Y,N,,제주특별자치도 제주시청,064-728-3742,2024-07-25,I,2026-05-15 18:45:22,2024-09-04 21:39:29
6510000,202465100000601533,,제주특별자치도 제주시 선사로6길,제주특별자치도,제주시,제주특별자치도 제주시 선사로6길 81,제주특별자치도 제주시 삼양일동 1589-8,제주특별자치도 제주시 삼양일동 1589-8,원호형,원호형,10,360,500,일반,Y,33.5287712100,126.5925436000,Y,N,,제주특별자치도 제주시청,064-728-3742,2024-07-25,I,2026-05-15 18:45:22,2024-09-04 21:39:33
6510000,202465100000600528,,제주특별자치도 제주시 선반로2길,제주특별자치도,제주시,,제주특별자치도 제주시 화북이동 4983-7,제주특별자치도 제주시 화북이동 4983-7,원호형,원호형,10,360,500,일반,Y,33.5124120098,126.5592186540,Y,N,,제주특별자치도 제주시청,064-728-3742,2024-07-25,I,2026-05-15 18:45:22,2024-09-04 21:39:26
6510000,202465100000601891,,제주특별자치도 제주시 인다8길,제주특별자치도,제주시,제주특별자치도 제주시 인다8길 8,제주특별자치도 제주시 아라일동 6108,제주특별자치도 제주시 아라일동 6108,원호형,원호형,8,360,500,일반,Y,33.4760711800,126.5457307000,Y,N,,제주특별자치도 제주시청,064-728-3742,2024-07-25,I,2026-05-15 18:45:22,2024-09-04 21:39:35
6510000,202465100000601432,,제주특별자치도 제주시 성신북길,제주특별자치도,제주시,제주특별자치도 제주시 성신북길 22,제주특별자치도 제주시 연동 2301-3,제주특별자치도 제주시 연동 2301-3,원호형,원호형,10,360,500,일반,Y,33.4925188322,126.4836707505,Y,N,,제주특별자치도 제주시청,064-728-3742,2024-07-25,I,2026-05-15 18:45:22,2024-09-04 21:39:32
6510000,202465100000601079,,제주특별자치도 제주시 한림로,제주특별자치도,제주시,,제주특별자치도 제주시 한림읍 대림리 1095-22,제주특별자치도 제주시 한림읍 대림리 1095-22,원호형,원호형,10,360,500,일반,Y,33.4287534727,126.2726434018,Y,N,,제주특별자치도 제주시청,064-728-3742,2024-07-25,I,2026-05-15 18:45:22,2024-09-04 21:39:30
6510000,202465100000601292,,제주특별자치도 제주시 신한로,제주특별자치도,제주시,제주특별자치도 제주시 한경면 신한로 76,제주특별자치도 제주시 한경면 신창리 18-2,제주특별자치도 제주시 한경면 신창리 18-2,원호형,원호형,10,360,500,일반,Y,33.3465593105,126.1906176318,Y,N,,제주특별자치도 제주시청,064-728-3742,2024-07-25,I,2026-05-15 18:45:22,2024-09-04 21:39:31
6510000,202465100000601526,,제주특별자치도 제주시 선사로8길,제주특별자치도,제주시,,제주특별자치도 제주시 삼양일동 1583-10,제주특별자치도 제주시 삼양일동 1583-10,원호형,원호형,10,360,500,일반,Y,33.5283697300,126.5908485000,Y,N,,제주특별자치도 제주시청,064-728-3742,2024-07-25,I,2026-05-15 18:45:22,2024-09-04 21:39:33
6510000,202465100000600251,,제주특별자치도 제주시 서사로 19길,제주특별자치도,제주시,제주특별자치도 제주시 서사로19길 18-1,제주특별자치도 제주시 삼도일동 550-8,제주특별자치도 제주시 삼도일동 550-8,원호형,원호형,10,360,500,일반,Y,33.5010940944,126.5216904963,Y,N,,제주특별자치도 제주시청,064-728-3742,2024-07-25,I,2026-05-15 18:45:22,2024-09-04 21:39:25
6510000,202465100000601634,,제주특별자치도 제주시 도련3길,제주특별자치도,제주시,,제주특별자치도 제주시 도련일동 2272,제주특별자치도 제주시 도련일동 2272,원호형,원호형,10,360,500,일반,Y,33.5082832000,126.5862494820,Y,N,,제주특별자치도 제주시청,064-728-3742,2024-07-25,I,2026-05-15 18:45:22,2024-09-04 21:39:34
6510000,202465100000601109,,제주특별자치도 제주시 금능남로,제주특별자치도,제주시,,제주특별자치도 제주시 한림읍 금능리 179-1,제주특별자치도 제주시 한림읍 금능리 179-1,원호형,원호형,10,360,500,일반,Y,33.3580048651,126.2493868584,Y,N,,제주특별자치도 제주시청,064-728-3742,2024-07-25,I,2026-05-15 18:45:22,2024-09-04 21:39:30
6510000,202465100000600082,,제주특별자치도 제주시 신촌2길,제주특별자치도,제주시,제주특별자치도 제주시 조천읍 신촌5길 48,제주특별자치도 제주시 조천읍 신촌리 2013,제주특별자치도 제주시 조천읍 신촌리 2013,원호형,원호형,10,360,500,일반,Y,33.5378851327,126.6213227292,Y,N,,제주특별자치도 제주시청,064-728-3742,2024-07-25,I,2026-05-15 18:45:22,2024-09-04 21:39:24
6510000,202465100000600174,,제주특별자치도 제주시 조와로,제주특별자치도,제주시,제주특별자치도 제주시 조천읍 조와로 359,제주특별자치도 제주시 조천읍 와흘리 1434-1,제주특별자치도 제주시 조천읍 와흘리 1434-1,원호형,원호형,10,360,500,일반,Y,33.5045755213,126.6362597541,Y,N,,제주특별자치도 제주시청,064-728-3742,2024-07-25,I,2026-05-15 18:45:22,2024-09-04 21:39:24
6510000,202465100000600456,,제주특별자치도 제주시 용화로11길,제주특별자치도,제주시,제주특별자치도 제주시 용화로11길 25,제주특별자치도 제주시 용담이동 603-79,제주특별자치도 제주시 용담이동 603-79,원호형,가상형,0,360,500,일반,Y,33.5118079100,126.5092036000,Y,N,,제주특별자치도 제주시청,064-728-3742,2024-07-25,I,2026-05-15 18:45:22,2024-09-04 21:39:26
6510000,202465100000600145,,제주특별자치도 제주시 함와로,제주특별자치도,제주시,제주특별자치도 제주시 조천읍 함와로 163,제주특별자치도 제주시 조천읍 함덕리 65-21,제주특별자치도 제주시 조천읍 함덕리 65-21,원호형,원호형,10,360,500,일반,Y,33.5256597185,126.6780977446,Y,N,,제주특별자치도 제주시청,064-728-3742,2024-07-25,I,2026-05-15 18:45:22,2024-09-04 21:39:24
6510000,202465100000600388,,제주특별자치도 제주시 서해안로,제주특별자치도,제주시,제주특별자치도 제주시 서해안로 498,제주특별자치도 제주시 용담삼동 2356,제주특별자치도 제주시 용담삼동 2356,원호형,가상형,0,360,500,일반,Y,33.5192330100,126.4921545000,Y,N,,제주특별자치도 제주시청,064-728-3742,2024-07-25,I,2026-05-15 18:45:22,2024-09-04 21:39:26
6510000,202465100000600816,,제주특별자치도 제주시 도평길,제주특별자치도,제주시,제주특별자치도 제주시 도평길 69,제주특별자치도 제주시 도평동 789-1,제주특별자치도 제주시 도평동 789-1,원호형,원호형,10,360,500,일반,Y,33.4783885400,126.4509668000,Y,N,,제주특별자치도 제주시청,064-728-3742,2024-07-25,I,2026-05-15 18:45:22,2024-09-04 21:39:28
6510000,202465100000600291,,제주특별자치도 제주시 서사로 14길,제주특별자치도,제주시,제주특별자치도 제주시 서사로14길 21,제주특별자치도 제주시 삼도일동 510-9,제주특별자치도 제주시 삼도일동 510-9,원호형,가상형,0,360,500,일반,Y,33.5034708079,126.5176279238,Y,N,,제주특별자치도 제주시청,064-728-3742,2024-07-25,I,2026-05-15 18:45:22,2024-09-04 21:39:25
6510000,202465100000600009,,제주특별자치도 제주시 광성로,제주특별자치도,제주시,제주특별자치도 제주시 애월읍 광성로 68,제주특별자치도 제주시 애월읍 고성리 464-17,제주특별자치도 제주시 애월읍 고성리 464-17,원호형,원호형,10,360,500,일반,Y,33.4581167152,126.4147676193,Y,N,,제주특별자치도 제주시청,064-728-3742,2024-07-25,I,2026-05-15 18:45:22,2024-09-04 21:39:24
6510000,202465100000601472,,제주특별자치도 제주시 선덕로3길,제주특별자치도,제주시,제주특별자치도 제주시 선덕로3길 44,제주특별자치도 제주시 연동 312-12,제주특별자치도 제주시 연동 312-12,원호형,원호형,10,360,500,일반,Y,33.4884526703,126.4997204786,Y,N,,제주특별자치도 제주시청,064-728-3742,2024-07-25,I,2026-05-15 18:45:22,2024-09-04 21:39:32
6510000,202465100000601678,,제주특별자치도 제주시 전농로,제주특별자치도,제주시,제주특별자치도 제주시 전농로 7,제주특별자치도 제주시 용담일동 266-1,제주특별자치도 제주시 용담일동 266-1,원호형,원호형,10,360,500,일반,Y,33.5048031355,126.5139487215,Y,N,,제주특별자치도 제주시청,064-728-3742,2024-07-25,I,2026-05-15 18:45:22,2024-09-04 21:39:34
6510000,202465100000601037,,제주특별자치도 제주시 오일장중길,제주특별자치도,제주시,,제주특별자치도 제주시 도두일동 2263-2,제주특별자치도 제주시 도두일동 2263-2,원호형,원호형,8,360,500,일반,Y,33.4960055751,126.4722016025,Y,N,,제주특별자치도 제주시청,064-728-3742,2024-07-25,I,2026-05-15 18:45:22,2024-09-04 21:39:29
6510000,202465100000601502,,제주특별자치도 제주시 신대로7길,제주특별자치도,제주시,제주특별자치도 제주시 신대로7길 18,제주특별자치도 제주시 연동 311-13,제주특별자치도 제주시 연동 311-13,원호형,원호형,10,360,500,일반,Y,33.4916731200,126.4984612000,Y,N,,제주특별자치도 제주시청,064-728-3742,2024-07-25,I,2026-05-15 18:45:22,2024-09-04 21:39:32
6510000,202465100000601543,,제주특별자치도 제주시 원당로,제주특별자치도,제주시,,제주특별자치도 제주시 삼양일동 1593-1,제주특별자치도 제주시 삼양일동 1593-1,원호형,원호형,10,360,500,일반,Y,33.5291203560,126.5937818893,Y,N,,제주특별자치도 제주시청,064-728-3742,2024-07-25,I,2026-05-15 18:45:22,2024-09-04 21:39:33
6510000,202465100000600068,,제주특별자치도 제주시 신북로,제주특별자치도,제주시,,제주특별자치도 제주시 조천읍 함덕리 3075,제주특별자치도 제주시 조천읍 함덕리 3075,원호형,원호형,10,360,500,일반,Y,33.5434724727,126.6606123001,Y,N,,제주특별자치도 제주시청,064-728-3742,2024-07-25,I,2026-05-15 18:45:22,2024-09-04 21:39:24
6510000,202465100000600212,,제주특별자치도 제주시 동광로9길,제주특별자치도,제주시,제주특별자치도 제주시 동광로9길 16,제주특별자치도 제주시 이도일동 1239-2,제주특별자치도 제주시 이도일동 1239-2,원호형,원호형,10,360,500,일반,Y,33.5039285300,126.5329435000,Y,N,,제주특별자치도 제주시청,064-728-3742,2024-07-25,I,2026-05-15 18:45:22,2024-09-04 21:39:25
6510000,202465100000601786,,제주특별자치도 제주시 아란12길,제주특별자치도,제주시,제주특별자치도 제주시 아란12길 9,제주특별자치도 제주시 아라일동 6076,제주특별자치도 제주시 아라일동 6076,원호형,원호형,8,310,500,일반,Y,33.4701066200,126.5446361000,Y,N,,제주특별자치도 제주시청,064-728-3742,2024-07-25,I,2026-05-15 18:45:22,2024-09-04 21:39:35
6510000,202465100000600119,,제주특별자치도 제주시 북흘로,제주특별자치도,제주시,,제주특별자치도 제주시 조천읍 북촌리 84,제주특별자치도 제주시 조천읍 북촌리 84,원호형,원호형,10,360,500,일반,Y,33.5366296886,126.7017085885,Y,N,,제주특별자치도 제주시청,064-728-3742,2024-07-25,I,2026-05-15 18:45:22,2024-09-04 21:39:24
6510000,202465100000600192,,제주특별자치도 제주시 함대로,제주특별자치도,제주시,,제주특별자치도 제주시 조천읍 대흘리 1717,제주특별자치도 제주시 조천읍 대흘리 1717,원호형,원호형,10,360,500,일반,Y,33.4998311848,126.6595655849,Y,N,,제주특별자치도 제주시청,064-728-3742,2024-07-25,I,2026-05-15 18:45:22,2024-09-04 21:39:25
6510000,202465100000601881,,제주특별자치도 제주시 인다3길,제주특별자치도,제주시,제주특별자치도 제주시 인다3길 8-2,제주특별자치도 제주시 아라일동 6110-8,제주특별자치도 제주시 아라일동 6110-8,원호형,원호형,10,360,500,일반,Y,33.4768237600,126.5488695000,Y,N,,제주특별자치도 제주시청,064-728-3742,2024-07-25,I,2026-05-15 18:45:22,2024-09-04 21:39:35
6510000,202465100000601593,,제주특별자치도 제주시 지석4길,제주특별자치도,제주시,제주특별자치도 제주시 지석6길 9,제주특별자치도 제주시 삼양이동 2164-10,제주특별자치도 제주시 삼양이동 2164-10,원호형,원호형,10,360,500,일반,Y,33.5203409300,126.5811000000,Y,N,,제주특별자치도 제주시청,064-728-3742,2024-07-25,I,2026-05-15 18:45:22,2024-09-04 21:39:33
6510000,202465100000601441,,제주특별자치도 제주시 비원길,제주특별자치도,제주시,제주특별자치도 제주시 비월길 26,제주특별자치도 제주시 연동 308-2,제주특별자치도 제주시 연동 308-2,원호형,원호형,10,360,500,일반,Y,33.4833187300,126.4969134000,Y,N,,제주특별자치도 제주시청,064-728-3742,2024-07-25,I,2026-05-15 18:45:22,2024-09-04 21:39:32
6510000,202465100000601137,,제주특별자치도 제주시 덕행로,제주특별자치도,제주시,,제주특별자치도 제주시 구좌읍 행원리 1927,제주특별자치도 제주시 구좌읍 행원리 1927,원호형,원호형,10,360,500,일반,Y,33.5343931188,126.7968277162,Y,N,,제주특별자치도 제주시청,064-728-3742,2024-07-25,I,2026-05-15 18:45:22,2024-09-04 21:39:30
6510000,202465100000601959,,제주특별자치도 제주시 연사길,제주특별자치도,제주시,제주특별자치도 제주시 연사길 61,제주특별자치도 제주시 오라이동 1364-1,제주특별자치도 제주시 오라이동 1364-1,원호형,원호형,10,360,500,일반,Y,33.4890878000,126.5122633000,Y,N,,제주특별자치도 제주시청,064-728-3742,2024-07-25,I,2026-05-15 18:45:22,2024-09-04 21:39:36
6510000,202465100000601639,,제주특별자치도 제주시 삼봉로,제주특별자치도,제주시,제주특별자치도 제주시 삼봉로 84,제주특별자치도 제주시 도련이동 566-1,제주특별자치도 제주시 도련이동 566-1,원호형,원호형,10,360,500,일반,Y,33.5138033600,126.5887338000,Y,N,,제주특별자치도 제주시청,064-728-3742,2024-07-25,I,2026-05-15 18:45:22,2024-09-04 21:39:34
6510000,202465100000601417,,제주특별자치도 제주시 성신북길,제주특별자치도,제주시,제주특별자치도 제주시 성신북길 3,제주특별자치도 제주시 연동 2344-7,제주특별자치도 제주시 연동 2344-7,원호형,원호형,8,360,500,일반,Y,33.4916337500,126.4820953000,Y,N,,제주특별자치도 제주시청,064-728-3742,2024-07-25,I,2026-05-15 18:45:22,2024-09-04 21:39:32
6510000,202465100000601640,,제주특별자치도 제주시 삼봉로,제주특별자치도,제주시,,제주특별자치도 제주시 도련이동 1821-3,제주특별자치도 제주시 도련이동 1821-3,원호형,원호형,10,360,500,일반,Y,33.5128093098,126.5888180004,Y,N,,제주특별자치도 제주시청,064-728-3742,2024-07-25,I,2026-05-15 18:45:22,2024-09-04 21:39:34
6510000,202465100000601979,,제주특별자치도 제주시 사평4길,제주특별자치도,제주시,,제주특별자치도 제주시 오라이동 1326,제주특별자치도 제주시 오라이동 1326,원호형,원호형,10,360,500,일반,Y,33.4916289070,126.5119355225,Y,N,,제주특별자치도 제주시청,064-728-3742,2024-07-25,I,2026-05-15 18:45:22,2024-09-04 21:39:36
6510000,202465100000600253,,제주특별자치도 제주시 서광로 21길,제주특별자치도,제주시,제주특별자치도 제주시 서광로21길 12,제주특별자치도 제주시 삼도일동 555-8,제주특별자치도 제주시 삼도일동 555-8,원호형,가상형,0,360,500,일반,Y,33.5010696235,126.5221012949,Y,N,,제주특별자치도 제주시청,064-728-3742,2024-07-25,I,2026-05-15 18:45:22,2024-09-04 21:39:25
6510000,202465100000601082,,제주특별자치도 제주시 한림해안로,제주특별자치도,제주시,,제주특별자치도 제주시 한림읍 수원리 724-11,제주특별자치도 제주시 한림읍 수원리 724-11,원호형,원호형,10,360,500,일반,Y,33.4247830444,126.2640636550,Y,N,,제주특별자치도 제주시청,064-728-3742,2024-07-25,I,2026-05-15 18:45:22,2024-09-04 21:39:30
6510000,202465100000601311,,제주특별자치도 제주시 정든로,제주특별자치도,제주시,제주특별자치도 제주시 정든로 16,제주특별자치도 제주시 이도이동 402-5,제주특별자치도 제주시 이도이동 402-5,원호형,원호형,10,360,500,일반,Y,33.4974101200,126.5403476000,Y,N,,제주특별자치도 제주시청,064-728-3742,2024-07-25,I,2026-05-15 18:45:22,2024-09-04 21:39:31
6510000,202465100000602011,,제주특별자치도 제주시 공설로11길,제주특별자치도,제주시,제주특별자치도 제주시 공설로9길 10-1,제주특별자치도 제주시 오라일동 2450-6,제주특별자치도 제주시 오라일동 2450-6,원호형,원호형,10,360,500,일반,Y,33.4967516920,126.5189490971,Y,N,,제주특별자치도 제주시청,064-728-3742,2024-07-25,I,2026-05-15 18:45:22,2024-09-04 21:39:36
6510000,202465100000600576,,제주특별자치도 제주시 동화로1길,제주특별자치도,제주시,제주특별자치도 제주시 동화로1길 53-17,제주특별자치도 제주시 화북일동 17-10,제주특별자치도 제주시 화북일동 17-10,원호형,원호형,10,360,500,일반,Y,33.5178571726,126.5779776061,Y,N,,제주특별자치도 제주시청,064-728-3742,2024-07-25,I,2026-05-15 18:45:22,2024-09-04 21:39:27
6510000,202465100000601117,,제주특별자치도 제주시 금능남로,제주특별자치도,제주시,,제주특별자치도 제주시 한림읍 금능리 2243-2,제주특별자치도 제주시 한림읍 금능리 2243-2,원호형,원호형,10,360,500,일반,Y,33.3770489044,126.2352729353,Y,N,,제주특별자치도 제주시청,064-728-3742,2024-07-25,I,2026-05-15 18:45:22,2024-09-04 21:39:30
6510000,202465100000601295,,제주특별자치도 제주시 신한로,제주특별자치도,제주시,,제주특별자치도 제주시 한경면 두모리 2506-1,제주특별자치도 제주시 한경면 두모리 2506-1,원호형,원호형,10,360,500,일반,Y,33.3572780780,126.1872249314,Y,N,,제주특별자치도 제주시청,064-728-3742,2024-07-25,I,2026-05-15 18:45:22,2024-09-04 21:39:31
6510000,202465100000601549,,제주특별자치도 제주시 원당로5길,제주특별자치도,제주시,,제주특별자치도 제주시 삼양일동 1598-1,제주특별자치도 제주시 삼양일동 1598-1,원호형,원호형,10,360,500,일반,Y,33.5264693777,126.5880992751,Y,N,,제주특별자치도 제주시청,064-728-3742,2024-07-25,I,2026-05-15 18:45:22,2024-09-04 21:39:33
6510000,202465100000601674,,제주특별자치도 제주시 서문로4길,제주특별자치도,제주시,제주특별자치도 제주시 서문로4길 19,제주특별자치도 제주시 용담일동 140,제주특별자치도 제주시 용담일동 140,원호형,원호형,10,360,500,일반,Y,33.5106468500,126.5181398000,Y,N,,제주특별자치도 제주시청,064-728-3742,2024-07-25,I,2026-05-15 18:45:22,2024-09-04 21:39:34
6510000,202465100000601184,,제주특별자치도 제주시 신산로1길,제주특별자치도,제주시,제주특별자치도 제주시 신산로1길 11,제주특별자치도 제주시 일도이동 994-1,제주특별자치도 제주시 일도이동 994-1,원호형,원호형,8,360,500,일반,Y,33.5129262300,126.5330865000,Y,N,,제주특별자치도 제주시청,064-728-3742,2024-07-25,I,2026-05-15 18:45:22,2024-09-04 21:39:30
6510000,202465100000600266,,제주특별자치도 제주시 홍랑길,제주특별자치도,제주시,제주특별자치도 제주시 홍랑길 32-1,제주특별자치도 제주시 삼도일동 305-143,제주특별자치도 제주시 삼도일동 305-143,원호형,가상형,0,360,500,일반,Y,33.5025815000,126.5232711000,Y,N,,제주특별자치도 제주시청,064-728-3742,2024-07-25,I,2026-05-15 18:45:22,2024-09-04 21:39:25
6510000,202465100000600839,,제주특별자치도 제주시 우평로,제주특별자치도,제주시,제주특별자치도 제주시 우평로 171,제주특별자치도 제주시 도평동 740-5,제주특별자치도 제주시 도평동 740-5,원호형,원호형,10,360,500,일반,Y,33.4806885100,126.4477229000,Y,N,,제주특별자치도 제주시청,064-728-3742,2024-07-25,I,2026-05-15 18:45:22,2024-09-04 21:39:28
6510000,202465100000601939,,제주특별자치도 제주시 아연로,제주특별자치도,제주시,제주특별자치도 제주시 아연로 114,제주특별자치도 제주시 오라이동 3295-5,제주특별자치도 제주시 오라이동 3295-5,원호형,원호형,10,360,500,일반,Y,33.4732849800,126.5037125000,Y,N,,제주특별자치도 제주시청,064-728-3742,2024-07-25,I,2026-05-15 18:45:22,2024-09-04 21:39:36
6510000,202465100000601506,,제주특별자치도 제주시 삼무로11길,제주특별자치도,제주시,제주특별자치도 제주시 삼무로11길 26,제주특별자치도 제주시 연동 291-122,제주특별자치도 제주시 연동 291-122,원호형,원호형,8,360,500,일반,Y,33.4914267800,126.4957895000,Y,N,,제주특별자치도 제주시청,064-728-3742,2024-07-25,I,2026-05-15 18:45:22,2024-09-04 21:39:32
6510000,202465100000601331,,제주특별자치도 제주시 복지로9길,제주특별자치도,제주시,제주특별자치도 제주시 복지로9길 28-7,제주특별자치도 제주시 도남동 772-5,제주특별자치도 제주시 도남동 772-5,원호형,원호형,10,360,500,일반,Y,33.4885664700,126.5267876000,Y,N,,제주특별자치도 제주시청,064-728-3742,2024-07-25,I,2026-05-15 18:45:22,2024-09-04 21:39:31
6510000,202465100000600247,,제주특별자치도 제주시 서광로 26길,제주특별자치도,제주시,제주특별자치도 제주시 서광로26길 9,제주특별자치도 제주시 삼도일동 584-16,제주특별자치도 제주시 삼도일동 584-16,원호형,가상형,0,360,500,일반,Y,33.4990254000,126.5244813000,Y,N,,제주특별자치도 제주시청,064-728-3742,2024-07-25,I,2026-05-15 18:45:22,2024-09-04 21:39:25
6510000,202465100000600327,,제주특별자치도 제주시 중앙로14길,제주특별자치도,제주시,제주특별자치도 제주시 중앙로14길 31,제주특별자치도 제주시 삼도이동 827-3,제주특별자치도 제주시 삼도이동 827-3,원호형,가상형,0,360,500,일반,Y,33.5107807500,126.5210965000,Y,N,,제주특별자치도 제주시청,064-728-3742,2024-07-25,I,2026-05-15 18:45:22,2024-09-04 21:39:25
6510000,202465100000601447,,제주특별자치도 제주시 선덕로6길,제주특별자치도,제주시,제주특별자치도 제주시 선덕로6길 21,제주특별자치도 제주시 연동 326,제주특별자치도 제주시 연동 326,원호형,원호형,10,360,500,일반,Y,33.4837065166,126.4998350248,Y,N,,제주특별자치도 제주시청,064-728-3742,2024-07-25,I,2026-05-15 18:45:22,2024-09-04 21:39:32
6510000,202465100000600167,,제주특별자치도 제주시 와흘로,제주특별자치도,제주시,,제주특별자치도 제주시 조천읍 와흘리 242,제주특별자치도 제주시 조천읍 와흘리 242,원호형,원호형,10,360,500,일반,Y,33.4728829236,126.6454747789,Y,N,,제주특별자치도 제주시청,064-728-3742,2024-07-25,I,2026-05-15 18:45:22,2024-09-04 21:39:24
6510000,202465100000601248,,제주특별자치도 제주시 천수로13길,제주특별자치도,제주시,제주특별자치도 제주시 천수로 72,제주특별자치도 제주시 일도이동 47-1,제주특별자치도 제주시 일도이동 47-1,원호형,원호형,5,360,500,일반,Y,33.5044775088,126.5447876166,Y,N,,제주특별자치도 제주시청,064-728-3742,2024-07-25,I,2026-05-15 18:45:22,2024-09-04 21:39:31
6510000,202465100000600899,,제주특별자치도 제주시 절물1길,제주특별자치도,제주시,제주특별자치도 제주시 절물1길 1,제주특별자치도 제주시 외도일동 429-12,제주특별자치도 제주시 외도일동 429-12,원호형,원호형,10,360,500,일반,Y,33.4926594800,126.4316956000,Y,N,,제주특별자치도 제주시청,064-728-3742,2024-07-25,I,2026-05-15 18:45:22,2024-09-04 21:39:28
6510000,202465100000601713,,제주특별자치도 제주시 구남동4길,제주특별자치도,제주시,제주특별자치도 제주시 구남동4길 59,제주특별자치도 제주시 아라일동 6033-5,제주특별자치도 제주시 아라일동 6033-5,원호형,원호형,10,370,500,일반,Y,33.4862320100,126.5349206000,Y,N,,제주특별자치도 제주시청,064-728-3742,2024-07-25,I,2026-05-15 18:45:22,2024-09-04 21:39:34
6510000,202465100000600714,,제주특별자치도 제주시 정존9길,제주특별자치도,제주시,제주특별자치도 제주시 정존9길 42,제주특별자치도 제주시 노형동 2515-7,제주특별자치도 제주시 노형동 2515-7,원호형,원호형,10,360,500,일반,Y,33.4823663662,126.4729609401,Y,N,,제주특별자치도 제주시청,064-728-3742,2024-07-25,I,2026-05-15 18:45:22,2024-09-04 21:39:27
6510000,202465100000601980,,제주특별자치도 제주시 사평4길,제주특별자치도,제주시,,제주특별자치도 제주시 오라이동 1197,제주특별자치도 제주시 오라이동 1197,원호형,원호형,10,360,500,일반,Y,33.4920369400,126.5117197000,Y,N,,제주특별자치도 제주시청,064-728-3742,2024-07-25,I,2026-05-15 18:45:22,2024-09-04 21:39:36
6510000,202465100000601743,,제주특별자치도 제주시 기자길,제주특별자치도,제주시,제주특별자치도 제주시 기자길 29,제주특별자치도 제주시 아라이동 1466-6,제주특별자치도 제주시 아라이동 1466-6,원호형,원호형,8,330,500,일반,Y,33.4835644800,126.5450282000,Y,N,,제주특별자치도 제주시청,064-728-3742,2024-07-25,I,2026-05-15 18:45:22,2024-09-04 21:39:34
6510000,202465100000600904,,제주특별자치도 제주시 절물3길,제주특별자치도,제주시,제주특별자치도 제주시 절물3길 2,제주특별자치도 제주시 외도일동 435-21,제주특별자치도 제주시 외도일동 435-21,원호형,원호형,10,360,500,일반,Y,33.4921596900,126.4334980000,Y,N,,제주특별자치도 제주시청,064-728-3742,2024-07-25,I,2026-05-15 18:45:22,2024-09-04 21:39:28
6510000,202465100000600403,,제주특별자치도 제주시 용담로5길,제주특별자치도,제주시,제주특별자치도 제주시 용담로5길 25,제주특별자치도 제주시 용담삼동 505,제주특별자치도 제주시 용담삼동 505,원호형,원호형,8,360,500,일반,Y,33.5160641896,126.5077190324,Y,N,,제주특별자치도 제주시청,064-728-3742,2024-07-25,I,2026-05-15 18:45:22,2024-09-04 21:39:26
6510000,202465100000600379,,제주특별자치도 제주시 어영길,제주특별자치도,제주시,제주특별자치도 제주시 어영길 23,제주특별자치도 제주시 용담삼동 1170-5,제주특별자치도 제주시 용담삼동 1170-5,원호형,원호형,8,360,500,일반,Y,33.5186649700,126.4956754000,Y,N,,제주특별자치도 제주시청,064-728-3742,2024-07-25,I,2026-05-15 18:45:22,2024-09-04 21:39:25
6510000,202465100000601058,,제주특별자치도 제주시 광산로,제주특별자치도,제주시,,제주특별자치도 제주시 한림읍 금악리 278-28,제주특별자치도 제주시 한림읍 금악리 278-28,원호형,원호형,10,360,500,일반,Y,33.3725126965,126.3168905862,Y,N,,제주특별자치도 제주시청,064-728-3742,2024-07-25,I,2026-05-15 18:45:22,2024-09-04 21:39:29
6510000,202465100000601266,,제주특별자치도 제주시 태성로1길,제주특별자치도,제주시,제주특별자치도 제주시 태성중1길 26,제주특별자치도 제주시 일도이동 86-8,제주특별자치도 제주시 일도이동 86-8,원호형,원호형,8,360,500,일반,Y,33.4996413484,126.5465535999,Y,N,,제주특별자치도 제주시청,064-728-3742,2024-07-25,I,2026-05-15 18:45:22,2024-09-04 21:39:31
6510000,202465100000600021,,제주특별자치도 제주시 중엄안3길,제주특별자치도,제주시,,제주특별자치도 제주시 애월읍 신엄리 851-3,제주특별자치도 제주시 애월읍 신엄리 851-3,원호형,가상형,0,360,500,일반,Y,33.4763835134,126.3715388660,Y,N,,제주특별자치도 제주시청,064-728-3742,2024-07-25,I,2026-05-15 18:45:22,2024-09-04 21:39:24
6510000,202465100000601541,,제주특별자치도 제주시 원당로,제주특별자치도,제주시,제주특별자치도 제주시 원당로 29,제주특별자치도 제주시 삼양일동 1662-21,제주특별자치도 제주시 삼양일동 1662-21,원호형,원호형,10,360,500,일반,Y,33.5238309800,126.5895791000,Y,N,,제주특별자치도 제주시청,064-728-3742,2024-07-25,I,2026-05-15 18:45:22,2024-09-04 21:39:33
6510000,202465100000600355,,제주특별자치도 제주시 월성로,제주특별자치도,제주시,제주특별자치도 제주시 월성로 29,제주특별자치도 제주시 용담이동 2602-3,제주특별자치도 제주시 용담이동 2602-3,원호형,원호형,8,360,500,일반,Y,33.5018504519,126.5054573285,Y,N,,제주특별자치도 제주시청,064-728-3742,2024-07-25,I,2026-05-15 18:45:22,2024-09-04 21:39:25
6510000,202465100000600051,,제주특별자치도 제주시 신북로,제주특별자치도,제주시,제주특별자치도 제주시 조천읍 신북로 54,제주특별자치도 제주시 조천읍 신촌리 1794-2,제주특별자치도 제주시 조천읍 신촌리 1794-2,원호형,원호형,10,360,500,일반,Y,33.5331801824,126.6201467462,Y,N,,제주특별자치도 제주시청,064-728-3742,2024-07-25,I,2026-05-15 18:45:22,2024-09-04 21:39:24
6510000,202465100000601611,,제주특별자치도 제주시 지석14길,제주특별자치도,제주시,,제주특별자치도 제주시 삼양이동 2180-25,제주특별자치도 제주시 삼양이동 2180-25,원호형,원호형,10,360,500,일반,Y,33.5202128686,126.5852074694,Y,N,,제주특별자치도 제주시청,064-728-3742,2024-07-25,I,2026-05-15 18:45:22,2024-09-04 21:39:33
6510000,202465100000600720,,제주특별자치도 제주시 수덕5길,제주특별자치도,제주시,제주특별자치도 제주시 수덕5길 48,제주특별자치도 제주시 노형동 2532-7,제주특별자치도 제주시 노형동 2532-7,원호형,원호형,10,360,500,일반,Y,33.4846541471,126.4739351359,Y,N,,제주특별자치도 제주시청,064-728-3742,2024-07-25,I,2026-05-15 18:45:22,2024-09-04 21:39:27
6510000,202465100000600501,,제주특별자치도 제주시 진남로,제주특별자치도,제주시,제주특별자치도 제주시 진남로 22,제주특별자치도 제주시 화북일동 1930,제주특별자치도 제주시 화북일동 1930,원호형,원호형,10,360,500,일반,Y,33.5227286813,126.5628048528,Y,N,,제주특별자치도 제주시청,064-728-3742,2024-07-25,I,2026-05-15 18:45:22,2024-09-04 21:39:26
6510000,202465100000601650,,제주특별자치도 제주시 매촌2길,제주특별자치도,제주시,제주특별자치도 제주시 매촌2길 19,제주특별자치도 제주시 도련이동 643-1,제주특별자치도 제주시 도련이동 643-1,원호형,원호형,10,360,500,일반,Y,33.5140426300,126.5909891000,Y,N,,제주특별자치도 제주시청,064-728-3742,2024-07-25,I,2026-05-15 18:45:22,2024-09-04 21:39:34
6510000,202465100000601926,,제주특별자치도 제주시 아란서길,제주특별자치도,제주시,제주특별자치도 제주시 아란서길 94,제주특별자치도 제주시 아라일동 2085-1,제주특별자치도 제주시 아라일동 2085-1,원호형,원호형,10,360,500,일반,Y,33.4703231300,126.5401056000,Y,N,,제주특별자치도 제주시청,064-728-3742,2024-07-25,I,2026-05-15 18:45:22,2024-09-04 21:39:36
6510000,202465100000601801,,제주특별자치도 제주시 아란9길,제주특별자치도,제주시,제주특별자치도 제주시 아란9길 22,제주특별자치도 제주시 아라일동 6088,제주특별자치도 제주시 아라일동 6088,원호형,원호형,10,350,500,일반,Y,33.4741024500,126.5420785000,Y,N,,제주특별자치도 제주시청,064-728-3742,2024-07-25,I,2026-05-15 18:45:22,2024-09-04 21:39:35
6510000,202465100000601599,,제주특별자치도 제주시 지석8길,제주특별자치도,제주시,제주특별자치도 제주시 지석8길 13-2,제주특별자치도 제주시 삼양이동 2176-2,제주특별자치도 제주시 삼양이동 2176-2,원호형,원호형,10,360,500,일반,Y,33.5198704500,126.5817040000,Y,N,,제주특별자치도 제주시청,064-728-3742,2024-07-25,I,2026-05-15 18:45:22,2024-09-04 21:39:33
6510000,202465100000601429,,제주특별자치도 제주시 도령로7길,제주특별자치도,제주시,제주특별자치도 제주시 도령로7길 34,제주특별자치도 제주시 연동 1960-2,제주특별자치도 제주시 연동 1960-2,원호형,원호형,10,360,500,일반,Y,33.4915204053,126.4832153767,Y,N,,제주특별자치도 제주시청,064-728-3742,2024-07-25,I,2026-05-15 18:45:22,2024-09-04 21:39:32
6510000,202465100000601038,,제주특별자치도 제주시 오일장서길,제주특별자치도,제주시,,제주특별자치도 제주시 도두일동 2252-1,제주특별자치도 제주시 도두일동 2252-1,원호형,원호형,8,360,500,일반,Y,33.4963770263,126.4735608678,Y,N,,제주특별자치도 제주시청,064-728-3742,2024-07-25,I,2026-05-15 18:45:22,2024-09-04 21:39:29
6510000,202465100000601284,,제주특별자치도 제주시 고락로,제주특별자치도,제주시,,제주특별자치도 제주시 한경면 고산리 2175-7,제주특별자치도 제주시 한경면 고산리 2175-7,원호형,원호형,10,360,500,일반,Y,33.3033702500,126.1823400000,Y,N,,제주특별자치도 제주시청,064-728-3742,2024-07-25,I,2026-05-15 18:45:22,2024-09-04 21:39:31
6510000,202465100000600760,,제주특별자치도 제주시 월랑로2길,제주특별자치도,제주시,제주특별자치도 제주시 월랑로2길 18,제주특별자치도 제주시 노형동 1296-1,제주특별자치도 제주시 노형동 1296-1,원호형,원호형,10,360,500,일반,Y,33.4875467300,126.4807555000,Y,N,,제주특별자치도 제주시청,064-728-3742,2024-07-25,I,2026-05-15 18:45:22,2024-09-04 21:39:28
6510000,202465100000601409,,제주특별자치도 제주시 남녕로8길,제주특별자치도,제주시,제주특별자치도 제주시 남녕로8길 7,제주특별자치도 제주시 연동 1951-5,제주특별자치도 제주시 연동 1951-5,원호형,원호형,10,360,500,일반,Y,33.4924134510,126.4800947879,Y,N,,제주특별자치도 제주시청,064-728-3742,2024-07-25,I,2026-05-15 18:45:22,2024-09-04 21:39:32
6510000,202465100000601381,,제주특별자치도 제주시 신광로10길,제주특별자치도,제주시,제주특별자치도 제주시 신광로10길 29,제주특별자치도 제주시 연동 256,제주특별자치도 제주시 연동 256,원호형,원호형,8,360,500,일반,Y,33.4837857100,126.4867670000,Y,N,,제주특별자치도 제주시청,064-728-3742,2024-07-25,I,2026-05-15 18:45:22,2024-09-04 21:39:32
6510000,202465100000600662,,제주특별자치도 제주시 월산남길,제주특별자치도,제주시,제주특별자치도 제주시 월산남길 24,제주특별자치도 제주시 노형동 3286-1,제주특별자치도 제주시 노형동 3286-1,원호형,가상형,0,360,500,일반,Y,33.4713282400,126.4647502000,Y,N,,제주특별자치도 제주시청,064-728-3742,2024-07-25,I,2026-05-15 18:45:22,2024-09-04 21:39:27
6510000,202465100000601004,,제주특별자치도 제주시 오래물길,제주특별자치도,제주시,제주특별자치도 제주시 오래물길 12-1,제주특별자치도 제주시 도두일동 2472-1,제주특별자치도 제주시 도두일동 2472-1,원호형,원호형,8,360,500,일반,Y,33.5029500137,126.4677252090,Y,N,,제주특별자치도 제주시청,064-728-3742,2024-07-25,I,2026-05-15 18:45:22,2024-09-04 21:39:29
6510000,202465100000600555,,제주특별자치도 제주시 황사평6길,제주특별자치도,제주시,,제주특별자치도 제주시 화북이동 2983-5,제주특별자치도 제주시 화북이동 2983-5,원호형,원호형,10,360,500,일반,Y,33.4924225959,126.5615062304,Y,N,,제주특별자치도 제주시청,064-728-3742,2024-07-25,I,2026-05-15 18:45:22,2024-09-04 21:39:26
6510000,202465100000601268,,제주특별자치도 제주시 태성로,제주특별자치도,제주시,제주특별자치도 제주시 태성로 31,제주특별자치도 제주시 일도이동 113-4,제주특별자치도 제주시 일도이동 113-4,원호형,원호형,8,360,500,일반,Y,33.5009473300,126.5505940000,Y,N,,제주특별자치도 제주시청,064-728-3742,2024-07-25,I,2026-05-15 18:45:22,2024-09-04 21:39:31
6510000,202465100000600739,,제주특별자치도 제주시 수덕11길,제주특별자치도,제주시,제주특별자치도 제주시 수덕11길 44,제주특별자치도 제주시 노형동 2529-11,제주특별자치도 제주시 노형동 2529-11,원호형,가상형,0,360,500,일반,Y,33.4855691200,126.4726297000,Y,N,,제주특별자치도 제주시청,064-728-3742,2024-07-25,I,2026-05-15 18:45:22,2024-09-04 21:39:27
6510000,202465100000601391,,제주특별자치도 제주시 사장3길,제주특별자치도,제주시,제주특별자치도 제주시 사장3길 3,제주특별자치도 제주시 연동 298-7,제주특별자치도 제주시 연동 298-7,원호형,원호형,10,360,500,일반,Y,33.4826679500,126.4942524000,Y,N,,제주특별자치도 제주시청,064-728-3742,2024-07-25,I,2026-05-15 18:45:22,2024-09-04 21:39:32
6510000,202465100000601134,,제주특별자치도 제주시 해맞이해안로,제주특별자치도,제주시,,제주특별자치도 제주시 구좌읍 한동리 1574-6,제주특별자치도 제주시 구좌읍 한동리 1574-6,원호형,원호형,10,360,500,일반,Y,33.5435742592,126.8273077736,Y,N,,제주특별자치도 제주시청,064-728-3742,2024-07-25,I,2026-05-15 18:45:22,2024-09-04 21:39:30
6510000,202465100000601479,,제주특별자치도 제주시 신대로15길,제주특별자치도,제주시,제주특별자치도 제주시 신대로15길 23,제주특별자치도 제주시 연동 313-66,제주특별자치도 제주시 연동 313-66,원호형,원호형,10,360,500,일반,Y,33.4868383100,126.4988804000,Y,N,,제주특별자치도 제주시청,064-728-3742,2024-07-25,I,2026-05-15 18:45:22,2024-09-04 21:39:32
6510000,202465100000600707,,제주특별자치도 제주시 수덕9길,제주특별자치도,제주시,제주특별자치도 제주시 수덕5길 65,제주특별자치도 제주시 노형동 2523-1,제주특별자치도 제주시 노형동 2523-1,원호형,원호형,10,360,500,일반,Y,33.4833451200,126.4727236000,Y,N,,제주특별자치도 제주시청,064-728-3742,2024-07-25,I,2026-05-15 18:45:22,2024-09-04 21:39:27
6510000,202465100000601645,,제주특별자치도 제주시 생목수원로,제주특별자치도,제주시,제주특별자치도 제주시 생목수원로 21,제주특별자치도 제주시 도련일동 889-5,제주특별자치도 제주시 도련일동 889-5,원호형,원호형,10,360,500,일반,Y,33.5067394800,126.5936825000,Y,N,,제주특별자치도 제주시청,064-728-3742,2024-07-25,I,2026-05-15 18:45:22,2024-09-04 21:39:34
6510000,202465100000600836,,제주특별자치도 제주시 우령서로 16길,제주특별자치도,제주시,,제주특별자치도 제주시 외도일동 2282-4,제주특별자치도 제주시 외도일동 2282-4,원호형,원호형,10,360,500,일반,Y,33.4849345829,126.4251271240,Y,N,,제주특별자치도 제주시청,064-728-3742,2024-07-25,I,2026-05-15 18:45:22,2024-09-04 21:39:28
6510000,202465100000600646,,제주특별자치도 제주시 방안4길,제주특별자치도,제주시,,제주특별자치도 제주시 노형동 2219-8,제주특별자치도 제주시 노형동 2219-8,원호형,원호형,10,360,500,일반,Y,33.4738231818,126.4703607009,Y,N,,제주특별자치도 제주시청,064-728-3742,2024-07-25,I,2026-05-15 18:45:22,2024-09-04 21:39:27
6510000,202465100000600117,,제주특별자치도 제주시 북흘로,제주특별자치도,제주시,,제주특별자치도 제주시 조천읍 북촌리 76,제주특별자치도 제주시 조천읍 북촌리 76,원호형,원호형,10,360,500,일반,Y,33.5388658739,126.7007863482,Y,N,,제주특별자치도 제주시청,064-728-3742,2024-07-25,I,2026-05-15 18:45:22,2024-09-04 21:39:24
6510000,202465100000601978,,제주특별자치도 제주시 사평4길,제주특별자치도,제주시,,제주특별자치도 제주시 오라이동 1331-4,제주특별자치도 제주시 오라이동 1331-4,원호형,원호형,10,360,500,일반,Y,33.4912781981,126.5120194282,Y,N,,제주특별자치도 제주시청,064-728-3742,2024-07-25,I,2026-05-15 18:45:22,2024-09-04 21:39:36
6510000,202465100000601049,,제주특별자치도 제주시 광산로,제주특별자치도,제주시,,제주특별자치도 제주시 한림읍 금악리 270-3,제주특별자치도 제주시 한림읍 금악리 270-3,원호형,원호형,10,360,500,일반,Y,33.3736332846,126.3162331631,Y,N,,제주특별자치도 제주시청,064-728-3742,2024-07-25,I,2026-05-15 18:45:22,2024-09-04 21:39:29
6510000,202465100000601486,,제주특별자치도 제주시 신대로13길,제주특별자치도,제주시,제주특별자치도 제주시 신대로13길 30,제주특별자치도 제주시 연동 313-61,제주특별자치도 제주시 연동 313-61,원호형,원호형,10,360,500,일반,Y,33.4875048500,126.4995915000,Y,N,,제주특별자치도 제주시청,064-728-3742,2024-07-25,I,2026-05-15 18:45:22,2024-09-04 21:39:32
6510000,202465100000601657,,제주특별자치도 제주시 매촌4길,제주특별자치도,제주시,,제주특별자치도 제주시 도련이동 461,제주특별자치도 제주시 도련이동 461,원호형,원호형,10,360,500,일반,Y,33.5156087929,126.5922942734,Y,N,,제주특별자치도 제주시청,064-728-3742,2024-07-25,I,2026-05-15 18:45:22,2024-09-04 21:39:34
6510000,202465100000601932,,제주특별자치도 제주시 아연로,제주특별자치도,제주시,제주특별자치도 제주시 아연로 211,제주특별자치도 제주시 오라이동 663-1,제주특별자치도 제주시 오라이동 663-1,원호형,원호형,10,360,500,일반,Y,33.4676283600,126.5106956000,Y,N,,제주특별자치도 제주시청,064-728-3742,2024-07-25,I,2026-05-15 18:45:22,2024-09-04 21:39:36
6510000,202465100000600933,,제주특별자치도 제주시 테우해안로,제주특별자치도,제주시,제주특별자치도 제주시 테우해안로 164,제주특별자치도 제주시 이호일동 1700-6,제주특별자치도 제주시 이호일동 1700-6,원호형,원호형,8,360,500,일반,Y,33.4967183600,126.4514049000,Y,N,,제주특별자치도 제주시청,064-728-3742,2024-07-25,I,2026-05-15 18:45:22,2024-09-04 21:39:29
6510000,202465100000601732,,제주특별자치도 제주시 금월길 33,제주특별자치도,제주시,제주특별자치도 제주시 금월길 33,제주특별자치도 제주시 아라이동 1178-2,제주특별자치도 제주시 아라이동 1178-2,원호형,원호형,10,400,500,일반,Y,33.4853634400,126.5508639000,Y,N,,제주특별자치도 제주시청,064-728-3742,2024-07-25,I,2026-05-15 18:45:22,2024-09-04 21:39:34
6510000,202465100000600740,,제주특별자치도 제주시 수덕11길,제주특별자치도,제주시,제주특별자치도 제주시 수덕11길 28,제주특별자치도 제주시 노형동 2615-11,제주특별자치도 제주시 노형동 2615-11,원호형,가상형,0,360,500,일반,Y,33.4866093695,126.4736451739,Y,N,,제주특별자치도 제주시청,064-728-3742,2024-07-25,I,2026-05-15 18:45:22,2024-09-04 21:39:27
6510000,202465100000600902,,제주특별자치도 제주시 절물1길,제주특별자치도,제주시,,제주특별자치도 제주시 외도일동 447-4,제주특별자치도 제주시 외도일동 447-4,원호형,원호형,10,360,500,일반,Y,33.4915324583,126.4314099718,Y,N,,제주특별자치도 제주시청,064-728-3742,2024-07-25,I,2026-05-15 18:45:22,2024-09-04 21:39:28
6510000,202465100000600465,,제주특별자치도 제주시 진서로,제주특별자치도,제주시,제주특별자치도 제주시 진서로 54,제주특별자치도 제주시 화북일동 4087-8,제주특별자치도 제주시 화북일동 4087-8,원호형,원호형,10,360,500,일반,Y,33.5234508700,126.5624521000,Y,N,,제주특별자치도 제주시청,064-728-3742,2024-07-25,I,2026-05-15 18:45:22,2024-09-04 21:39:26
6510000,202465100000600294,,제주특별자치도 제주시 전농로 1길,제주특별자치도,제주시,제주특별자치도 제주시 전농로1길 48,제주특별자치도 제주시 삼도일동 708-6,제주특별자치도 제주시 삼도일동 708-6,원호형,원호형,10,360,500,일반,Y,33.5077903700,126.5168060000,Y,N,,제주특별자치도 제주시청,064-728-3742,2024-07-25,I,2026-05-15 18:45:22,2024-09-04 21:39:25
6510000,202465100000600144,,제주특별자치도 제주시 함와로,제주특별자치도,제주시,,제주특별자치도 제주시 조천읍 함덕리 62-8,제주특별자치도 제주시 조천읍 함덕리 62-8,원호형,원호형,10,360,500,일반,Y,33.5243732018,126.6786212586,Y,N,,제주특별자치도 제주시청,064-728-3742,2024-07-25,I,2026-05-15 18:45:22,2024-09-04 21:39:24
6510000,202465100000600765,,제주특별자치도 제주시 다랑곶길,제주특별자치도,제주시,제주특별자치도 제주시 다랑곶길 3,제주특별자치도 제주시 노형동 1279-6,제주특별자치도 제주시 노형동 1279-6,원호형,원호형,8,360,500,일반,Y,33.4871700100,126.4789865000,Y,N,,제주특별자치도 제주시청,064-728-3742,2024-07-25,I,2026-05-15 18:45:22,2024-09-04 21:39:28
6510000,202465100000600459,,제주특별자치도 제주시 용화로11길,제주특별자치도,제주시,제주특별자치도 제주시 용화로11길 23,제주특별자치도 제주시 용담이동 603-6,제주특별자치도 제주시 용담이동 603-6,원호형,가상형,0,360,500,일반,Y,33.5115809800,126.5092511000,Y,N,,제주특별자치도 제주시청,064-728-3742,2024-07-25,I,2026-05-15 18:45:22,2024-09-04 21:39:26
6510000,202465100000600778,,제주특별자치도 제주시 과원북2길,제주특별자치도,제주시,제주특별자치도 제주시 연화로 42,제주특별자치도 제주시 노형동 754-2,제주특별자치도 제주시 노형동 754-2,원호형,원호형,10,360,500,일반,Y,33.4778157000,126.4864335000,Y,N,,제주특별자치도 제주시청,064-728-3742,2024-07-25,I,2026-05-15 18:45:22,2024-09-04 21:39:28
6510000,202465100000600325,,제주특별자치도 제주시 관덕로2길,제주특별자치도,제주시,제주특별자치도 제주시 관덕로2길 17,제주특별자치도 제주시 삼도이동 913-5,제주특별자치도 제주시 삼도이동 913-5,원호형,가상형,0,360,500,일반,Y,33.5115742500,126.5209140000,Y,N,,제주특별자치도 제주시청,064-728-3742,2024-07-25,I,2026-05-15 18:45:22,2024-09-04 21:39:25
6510000,202465100000600930,,제주특별자치도 제주시 테우해안로,제주특별자치도,제주시,제주특별자치도 제주시 테우해안로 144,제주특별자치도 제주시 이호일동 1788-1,제주특별자치도 제주시 이호일동 1788-1,원호형,원호형,10,360,500,일반,Y,33.4972862673,126.4492351425,Y,N,,제주특별자치도 제주시청,064-728-3742,2024-07-25,I,2026-05-15 18:45:22,2024-09-04 21:39:29
6510000,202465100000602024,,제주특별자치도 제주시 연오로,제주특별자치도,제주시,제주특별자치도 제주시 연오로 11,제주특별자치도 제주시 오라삼동 2721-1,제주특별자치도 제주시 오라삼동 2721-1,원호형,원호형,10,360,500,일반,Y,33.4923476000,126.5023744000,Y,N,,제주특별자치도 제주시청,064-728-3742,2024-07-25,I,2026-05-15 18:45:22,2024-09-04 21:39:36
6510000,202465100000600751,,제주특별자치도 제주시 노형9길,제주특별자치도,제주시,,제주특별자치도 제주시 노형동 3789-6,제주특별자치도 제주시 노형동 3789-6,원호형,원호형,10,360,500,일반,Y,33.4834704809,126.4775256678,Y,N,,제주특별자치도 제주시청,064-728-3742,2024-07-25,I,2026-05-15 18:45:22,2024-09-04 21:39:28
6510000,202465100000600724,,제주특별자치도 제주시 정존3길,제주특별자치도,제주시,제주특별자치도 제주시 정존13길 20,제주특별자치도 제주시 노형동 1283-9,제주특별자치도 제주시 노형동 1283-9,원호형,원호형,10,360,500,일반,Y,33.4863765300,126.4765064000,Y,N,,제주특별자치도 제주시청,064-728-3742,2024-07-25,I,2026-05-15 18:45:22,2024-09-04 21:39:27
6510000,202465100000601433,,제주특별자치도 제주시 도령북길,제주특별자치도,제주시,제주특별자치도 제주시 도령북길 7,제주특별자치도 제주시 연동 2303-12,제주특별자치도 제주시 연동 2303-12,원호형,원호형,10,360,500,일반,Y,33.4932606700,126.4853406000,Y,N,,제주특별자치도 제주시청,064-728-3742,2024-07-25,I,2026-05-15 18:45:22,2024-09-04 21:39:32
6510000,202465100000600562,,제주특별자치도 제주시 화삼로,제주특별자치도,제주시,제주특별자치도 제주시 화삼로 36,제주특별자치도 제주시 화북이동 119,제주특별자치도 제주시 화북이동 119,원호형,원호형,10,360,500,일반,Y,33.5139277700,126.5768966000,Y,N,,제주특별자치도 제주시청,064-728-3742,2024-07-25,I,2026-05-15 18:45:22,2024-09-04 21:39:26
6510000,202465100000601555,,제주특별자치도 제주시 설촌로12길,제주특별자치도,제주시,제주특별자치도 제주시 설촌로12길 27,제주특별자치도 제주시 삼양이동 1980,제주특별자치도 제주시 삼양이동 1980,원호형,원호형,10,360,500,일반,Y,33.5247673558,126.5831497003,Y,N,,제주특별자치도 제주시청,064-728-3742,2024-07-25,I,2026-05-15 18:45:22,2024-09-04 21:39:33
6510000,202465100000601977,,제주특별자치도 제주시 사평4길,제주특별자치도,제주시,제주특별자치도 제주시 사평4길 24-18,제주특별자치도 제주시 오라이동 1354-1,제주특별자치도 제주시 오라이동 1354-1,원호형,원호형,10,360,500,일반,Y,33.4897908400,126.5113645000,Y,N,,제주특별자치도 제주시청,064-728-3742,2024-07-25,I,2026-05-15 18:45:22,2024-09-04 21:39:36
6510000,202465100000601626,,제주특별자치도 제주시 도련길,제주특별자치도,제주시,제주특별자치도 제주시 삼봉로 134,제주특별자치도 제주시 도련일동 1729-3,제주특별자치도 제주시 도련일동 1729-3,원호형,원호형,10,360,500,일반,Y,33.5095400181,126.5895278530,Y,N,,제주특별자치도 제주시청,064-728-3742,2024-07-25,I,2026-05-15 18:45:22,2024-09-04 21:39:34
6510000,202465100000601791,,제주특별자치도 제주시 아란15길,제주특별자치도,제주시,제주특별자치도 제주시 아란15길 29,제주특별자치도 제주시 아라일동 6074-13,제주특별자치도 제주시 아라일동 6074-13,원호형,원호형,10,340,500,일반,Y,33.4698210000,126.5434626000,Y,N,,제주특별자치도 제주시청,064-728-3742,2024-07-25,I,2026-05-15 18:45:22,2024-09-04 21:39:35
6510000,202465100000600790,,제주특별자치도 제주시 노형3길,제주특별자치도,제주시,제주특별자치도 제주시 노형3길 18-2,제주특별자치도 제주시 노형동 3795-1,제주특별자치도 제주시 노형동 3795-1,원호형,원호형,8,360,500,일반,Y,33.4824087400,126.4753621000,Y,N,,제주특별자치도 제주시청,064-728-3742,2024-07-25,I,2026-05-15 18:45:22,2024-09-04 21:39:28
6510000,202465100000601572,,제주특별자치도 제주시 설촌로2길,제주특별자치도,제주시,,제주특별자치도 제주시 삼양이동 2122-10,제주특별자치도 제주시 삼양이동 2122-10,원호형,원호형,10,360,500,일반,Y,33.5222068751,126.5851722572,Y,N,,제주특별자치도 제주시청,064-728-3742,2024-07-25,I,2026-05-15 18:45:22,2024-09-04 21:39:33
6510000,202465100000600084,,제주특별자치도 제주시 조함해안로,제주특별자치도,제주시,,제주특별자치도 제주시 조천읍 신흥리 794-1,제주특별자치도 제주시 조천읍 신흥리 794-1,원호형,원호형,10,360,500,일반,Y,33.5529308072,126.6443182850,Y,N,,제주특별자치도 제주시청,064-728-3742,2024-07-25,I,2026-05-15 18:45:22,2024-09-04 21:39:24
6510000,202465100000600995,,제주특별자치도 제주시 도두항서길,제주특별자치도,제주시,,제주특별자치도 제주시 도두일동 2616-1,제주특별자치도 제주시 도두일동 2616-1,원호형,원호형,10,360,500,일반,Y,33.5050983104,126.4638724766,Y,N,,제주특별자치도 제주시청,064-728-3742,2024-07-25,I,2026-05-15 18:45:22,2024-09-04 21:39:29
6510000,202465100000600977,,제주특별자치도 제주시 오도4길,제주특별자치도,제주시,제주특별자치도 제주시 오도4길 19,제주특별자치도 제주시 이호이동 889-13,제주특별자치도 제주시 이호이동 889-13,원호형,원호형,10,360,500,일반,Y,33.4928555082,126.4582293271,Y,N,,제주특별자치도 제주시청,064-728-3742,2024-07-25,I,2026-05-15 18:45:22,2024-09-04 21:39:29
6510000,202465100000601987,,제주특별자치도 제주시 오라로,제주특별자치도,제주시,제주특별자치도 제주시 오라로 118,제주특별자치도 제주시 오라일동 1269,제주특별자치도 제주시 오라일동 1269,원호형,원호형,10,360,500,일반,Y,33.4942533100,126.5152533000,Y,N,,제주특별자치도 제주시청,064-728-3742,2024-07-25,I,2026-05-15 18:45:22,2024-09-04 21:39:36
6510000,202465100000600450,,제주특별자치도 제주시 성화로6길,제주특별자치도,제주시,제주특별자치도 제주시 성화로6길 51,제주특별자치도 제주시 용담이동 603-3,제주특별자치도 제주시 용담이동 603-3,원호형,가상형,0,360,500,일반,Y,33.5114851400,126.5096832000,Y,N,,제주특별자치도 제주시청,064-728-3742,2024-07-25,I,2026-05-15 18:45:22,2024-09-04 21:39:26
6510000,202465100000600795,,제주특별자치도 제주시 노형7길,제주특별자치도,제주시,제주특별자치도 제주시 노형2길 47-3,제주특별자치도 제주시 노형동 3812-5,제주특별자치도 제주시 노형동 3812-5,원호형,원호형,8,360,500,일반,Y,33.4787626322,126.4757505834,Y,N,,제주특별자치도 제주시청,064-728-3742,2024-07-25,I,2026-05-15 18:45:22,2024-09-04 21:39:28
6510000,202465100000601174,,제주특별자치도 제주시 신산로4길,제주특별자치도,제주시,제주특별자치도 제주시 신산로4길 22,제주특별자치도 제주시 일도이동 1028-31,제주특별자치도 제주시 일도이동 1028-31,원호형,원호형,8,360,500,일반,Y,33.5106450200,126.5297243000,Y,N,,제주특별자치도 제주시청,064-728-3742,2024-07-25,I,2026-05-15 18:45:22,2024-09-04 21:39:30
6510000,202465100000601690,,제주특별자치도 제주시 남성로11길,제주특별자치도,제주시,제주특별자치도 제주시 남성로11길 16-4,제주특별자치도 제주시 용담일동 253-12,제주특별자치도 제주시 용담일동 253-12,원호형,원호형,8,360,500,일반,Y,33.5065308219,126.5131487866,Y,N,,제주특별자치도 제주시청,064-728-3742,2024-07-25,I,2026-05-15 18:45:22,2024-09-04 21:39:34
6510000,202465100000600451,,제주특별자치도 제주시 흥운길,제주특별자치도,제주시,제주특별자치도 제주시 흥운길 34,제주특별자치도 제주시 용담이동 359-55,제주특별자치도 제주시 용담이동 359-55,원호형,원호형,8,360,500,일반,Y,33.5117604602,126.5122567421,Y,N,,제주특별자치도 제주시청,064-728-3742,2024-07-25,I,2026-05-15 18:45:22,2024-09-04 21:39:26
6510000,202465100000601439,,제주특별자치도 제주시 신대로21길,제주특별자치도,제주시,제주특별자치도 제주시 신대로21길 31,제주특별자치도 제주시 연동 329-17,제주특별자치도 제주시 연동 329-17,원호형,원호형,8,360,500,일반,Y,33.4823100068,126.4999611882,Y,N,,제주특별자치도 제주시청,064-728-3742,2024-07-25,I,2026-05-15 18:45:22,2024-09-04 21:39:32
6510000,202465100000600469,,제주특별자치도 제주시 진서로,제주특별자치도,제주시,제주특별자치도 제주시 진서로 60,제주특별자치도 제주시 화북일동 4098-22,제주특별자치도 제주시 화북일동 4098-22,원호형,원호형,10,360,500,일반,Y,33.5239568527,126.5623012460,Y,N,,제주특별자치도 제주시청,064-728-3742,2024-07-25,I,2026-05-15 18:45:22,2024-09-04 21:39:26
6510000,202465100000600047,,제주특별자치도 제주시 곽납로,제주특별자치도,제주시,,제주특별자치도 제주시 애월읍 곽지리 868-2,제주특별자치도 제주시 애월읍 곽지리 868-2,원호형,원호형,10,360,500,일반,Y,33.4441098430,126.3144913565,Y,N,,제주특별자치도 제주시청,064-728-3742,2024-07-25,I,2026-05-15 18:45:22,2024-09-04 21:39:24
6510000,202465100000600747,,제주특별자치도 제주시 노형11길,제주특별자치도,제주시,제주특별자치도 제주시 노형11길 5-5,제주특별자치도 제주시 노형동 3781-7,제주특별자치도 제주시 노형동 3781-7,원호형,원호형,10,360,500,일반,Y,33.4844091663,126.4789889767,Y,N,,제주특별자치도 제주시청,064-728-3742,2024-07-25,I,2026-05-15 18:45:22,2024-09-04 21:39:28
6510000,202465100000601357,,제주특별자치도 제주시 연화로2길,제주특별자치도,제주시,제주특별자치도 제주시 연화로2길 30,제주특별자치도 제주시 연동 1520-8,제주특별자치도 제주시 연동 1520-8,원호형,원호형,8,360,500,일반,Y,33.4777073600,126.4902871000,Y,N,,제주특별자치도 제주시청,064-728-3742,2024-07-25,I,2026-05-15 18:45:22,2024-09-04 21:39:31
6510000,202465100000600078,,제주특별자치도 제주시 신촌3길,제주특별자치도,제주시,제주특별자치도 제주시 조천읍 신촌3길 13,제주특별자치도 제주시 조천읍 신촌리 2551-3,제주특별자치도 제주시 조천읍 신촌리 2551-3,원호형,원호형,10,360,500,일반,Y,33.5342498844,126.6185215999,Y,N,,제주특별자치도 제주시청,064-728-3742,2024-07-25,I,2026-05-15 18:45:22,2024-09-04 21:39:24
6510000,202465100000600589,,제주특별자치도 제주시 송이길,제주특별자치도,제주시,제주특별자치도 제주시 송이길 139,제주특별자치도 제주시 회천동 293-11,제주특별자치도 제주시 회천동 293-11,원호형,원호형,10,360,500,일반,Y,33.4686569204,126.6281860507,Y,N,,제주특별자치도 제주시청,064-728-3742,2024-07-25,I,2026-05-15 18:45:22,2024-09-04 21:39:27
6510000,202465100000601752,,제주특별자치도 제주시 사송길,제주특별자치도,제주시,제주특별자치도 제주시 사송길 18,제주특별자치도 제주시 영평동 1860-1,제주특별자치도 제주시 영평동 1860-1,원호형,원호형,8,370,500,일반,Y,33.4757920662,126.5664919082,Y,N,,제주특별자치도 제주시청,064-728-3742,2024-07-25,I,2026-05-15 18:45:22,2024-09-04 21:39:34
6510000,202465100000601256,,제주특별자치도 제주시 연수로3길,제주특별자치도,제주시,제주특별자치도 제주시 연수로3길 27,제주특별자치도 제주시 일도이동 57-13,제주특별자치도 제주시 일도이동 57-13,원호형,원호형,8,360,500,일반,Y,33.5035583000,126.5451475000,Y,N,,제주특별자치도 제주시청,064-728-3742,2024-07-25,I,2026-05-15 18:45:22,2024-09-04 21:39:31
6510000,202465100000600086,,제주특별자치도 제주시 신흥로,제주특별자치도,제주시,,제주특별자치도 제주시 조천읍 신흥리 113-15,제주특별자치도 제주시 조천읍 신흥리 113-15,원호형,원호형,10,360,500,일반,Y,33.5476040285,126.6519116528,Y,N,,제주특별자치도 제주시청,064-728-3742,2024-07-25,I,2026-05-15 18:45:22,2024-09-04 21:39:24
6510000,202465100000600986,,제주특별자치도 제주시 대동길,제주특별자치도,제주시,제주특별자치도 제주시 대동길 10,제주특별자치도 제주시 이호이동 113-2,제주특별자치도 제주시 이호이동 113-2,원호형,원호형,10,360,500,일반,Y,33.4938290940,126.4630462092,Y,N,,제주특별자치도 제주시청,064-728-3742,2024-07-25,I,2026-05-15 18:45:22,2024-09-04 21:39:29
6510000,202465100000600921,,제주특별자치도 제주시 연대마을길,제주특별자치도,제주시,제주특별자치도 제주시 연대마을길 28,제주특별자치도 제주시 외도이동 1956-1,제주특별자치도 제주시 외도이동 1956-1,원호형,원호형,10,360,500,일반,Y,33.4942607400,126.4263805000,Y,N,,제주특별자치도 제주시청,064-728-3742,2024-07-25,I,2026-05-15 18:45:22,2024-09-04 21:39:29
6510000,202465100000600478,,제주특별자치도 제주시 금산5길,제주특별자치도,제주시,제주특별자치도 제주시 금산5길 26,제주특별자치도 제주시 화북일동 4258-1,제주특별자치도 제주시 화북일동 4258-1,원호형,원호형,10,360,500,일반,Y,33.5248590500,126.5638011000,Y,N,,제주특별자치도 제주시청,064-728-3742,2024-07-25,I,2026-05-15 18:45:22,2024-09-04 21:39:26
6510000,202465100000601294,,제주특별자치도 제주시 신한로,제주특별자치도,제주시,,제주특별자치도 제주시 한경면 두모리 564-5,제주특별자치도 제주시 한경면 두모리 564-5,원호형,원호형,10,360,500,일반,Y,33.3387898770,126.1956007606,Y,N,,제주특별자치도 제주시청,064-728-3742,2024-07-25,I,2026-05-15 18:45:22,2024-09-04 21:39:31
6510000,202465100000601751,,제주특별자치도 제주시 박성내동길,제주특별자치도,제주시,제주특별자치도 제주시 박성내동길 55,제주특별자치도 제주시 아라이동 3011-9,제주특별자치도 제주시 아라이동 3011-9,원호형,원호형,8,370,500,일반,Y,33.4905406300,126.5438431000,Y,N,,제주특별자치도 제주시청,064-728-3742,2024-07-25,I,2026-05-15 18:45:22,2024-09-04 21:39:34
6510000,202465100000601895,,제주특별자치도 제주시 제주대학로,제주특별자치도,제주시,제주특별자치도 제주시 제주대학로 73,제주특별자치도 제주시 아라일동 358-1,제주특별자치도 제주시 아라일동 358-1,원호형,가상형,0,360,500,일반,Y,33.4591751366,126.5579748791,Y,N,,제주특별자치도 제주시청,064-728-3742,2024-07-25,I,2026-05-15 18:45:22,2024-09-04 21:39:35
6510000,202465100000601483,,제주특별자치도 제주시 신대로13길,제주특별자치도,제주시,제주특별자치도 제주시 신대로13길 19,제주특별자치도 제주시 연동 312-32,제주특별자치도 제주시 연동 312-32,원호형,원호형,10,360,500,일반,Y,33.4877845264,126.4985669771,Y,N,,제주특별자치도 제주시청,064-728-3742,2024-07-25,I,2026-05-15 18:45:22,2024-09-04 21:39:32
6510000,202465100000600322,,제주특별자치도 제주시 관덕로7길,제주특별자치도,제주시,제주특별자치도 제주시 관덕로 6,제주특별자치도 제주시 삼도이동 845-3,제주특별자치도 제주시 삼도이동 845-3,원호형,원호형,8,360,500,일반,Y,33.5126556917,126.5199538771,Y,N,,제주특별자치도 제주시청,064-728-3742,2024-07-25,I,2026-05-15 18:45:22,2024-09-04 21:39:25
6510000,202465100000600242,,제주특별자치도 제주시 서광로 22길,제주특별자치도,제주시,제주특별자치도 제주시 서광로22길 22,제주특별자치도 제주시 삼도일동 576-16,제주특별자치도 제주시 삼도일동 576-16,원호형,원호형,10,360,500,일반,Y,33.4979147200,126.5227435000,Y,N,,제주특별자치도 제주시청,064-728-3742,2024-07-25,I,2026-05-15 18:45:22,2024-09-04 21:39:25
6510000,202465100000600623,,제주특별자치도 제주시 1100로,제주특별자치도,제주시,,제주특별자치도 제주시 노형동 산 17-2,제주특별자치도 제주시 노형동 산 17-2,원호형,원호형,10,360,500,일반,Y,33.4189019917,126.4895629400,Y,N,,제주특별자치도 제주시청,064-728-3742,2024-07-25,I,2026-05-15 18:45:22,2024-09-04 21:39:27
6510000,202465100000600844,,제주특별자치도 제주시 신산마을길,제주특별자치도,제주시,제주특별자치도 제주시 신산마을길 63,제주특별자치도 제주시 내도동 60-19,제주특별자치도 제주시 내도동 60-19,원호형,원호형,10,360,500,일반,Y,33.4896223900,126.4499158000,Y,N,,제주특별자치도 제주시청,064-728-3742,2024-07-25,I,2026-05-15 18:45:22,2024-09-04 21:39:28
6510000,202465100000601378,,제주특별자치도 제주시 연동4길,제주특별자치도,제주시,제주특별자치도 제주시 연동4길 28-8,제주특별자치도 제주시 연동 256-14,제주특별자치도 제주시 연동 256-14,원호형,원호형,8,360,500,일반,Y,33.4835502689,126.4872370365,Y,N,,제주특별자치도 제주시청,064-728-3742,2024-07-25,I,2026-05-15 18:45:22,2024-09-04 21:39:32
6510000,202465100000600154,,제주특별자치도 제주시 와선로,제주특별자치도,제주시,,제주특별자치도 제주시 조천읍 와산리 984-2,제주특별자치도 제주시 조천읍 와산리 984-2,원호형,원호형,10,360,500,일반,Y,33.4908596246,126.6827429260,Y,N,,제주특별자치도 제주시청,064-728-3742,2024-07-25,I,2026-05-15 18:45:22,2024-09-04 21:39:24
6510000,202465100000600980,,제주특별자치도 제주시 오도길,제주특별자치도,제주시,제주특별자치도 제주시 오도길 47,제주특별자치도 제주시 이호이동 1082-1,제주특별자치도 제주시 이호이동 1082-1,원호형,원호형,10,360,500,일반,Y,33.4913055272,126.4592274289,Y,N,,제주특별자치도 제주시청,064-728-3742,2024-07-25,I,2026-05-15 18:45:22,2024-09-04 21:39:29
6510000,202465100000600929,,제주특별자치도 제주시 테우해안로,제주특별자치도,제주시,제주특별자치도 제주시 테우해안로 134,제주특별자치도 제주시 이호일동 1796,제주특별자치도 제주시 이호일동 1796,원호형,원호형,10,360,500,일반,Y,33.4977957200,126.4481070000,Y,N,,제주특별자치도 제주시청,064-728-3742,2024-07-25,I,2026-05-15 18:45:22,2024-09-04 21:39:29
6510000,202465100000601723,,제주특별자치도 제주시 구남로6길,제주특별자치도,제주시,제주특별자치도 제주시 연북로 543,제주특별자치도 제주시 이도이동 2022-9,제주특별자치도 제주시 이도이동 2022-9,원호형,원호형,10,360,500,일반,Y,33.4862078964,126.5376330252,Y,N,,제주특별자치도 제주시청,064-728-3742,2024-07-25,I,2026-05-15 18:45:22,2024-09-04 21:39:34
6510000,202465100000601857,,제주특별자치도 제주시 오등봉길,제주특별자치도,제주시,제주특별자치도 제주시 오등봉길 80,제주특별자치도 제주시 오등동 1457,제주특별자치도 제주시 오등동 1457,원호형,원호형,10,380,500,일반,Y,33.4744025800,126.5224826000,Y,N,,제주특별자치도 제주시청,064-728-3742,2024-07-25,I,2026-05-15 18:45:22,2024-09-04 21:39:35
6510000,202465100000601200,,제주특별자치도 제주시 신산로15길,제주특별자치도,제주시,제주특별자치도 제주시 신산로15길 35,제주특별자치도 제주시 일도이동 352,제주특별자치도 제주시 일도이동 352,원호형,원호형,8,360,500,일반,Y,33.5069912200,126.5377690000,Y,N,,제주특별자치도 제주시청,064-728-3742,2024-07-25,I,2026-05-15 18:45:22,2024-09-04 21:39:30
6510000,202465100000601961,,제주특별자치도 제주시 연사길,제주특별자치도,제주시,,제주특별자치도 제주시 오라이동 1986-13,제주특별자치도 제주시 오라이동 1986-13,원호형,원호형,10,360,500,일반,Y,33.4888836402,126.5107578665,Y,N,,제주특별자치도 제주시청,064-728-3742,2024-07-25,I,2026-05-15 18:45:22,2024-09-04 21:39:36
6510000,202465100000600077,,제주특별자치도 제주시 신촌3길,제주특별자치도,제주시,제주특별자치도 제주시 조천읍 신촌3길 3-1,제주특별자치도 제주시 조천읍 신촌리 1824,제주특별자치도 제주시 조천읍 신촌리 1824,원호형,원호형,10,360,500,일반,Y,33.5333077466,126.6187055247,Y,N,,제주특별자치도 제주시청,064-728-3742,2024-07-25,I,2026-05-15 18:45:22,2024-09-04 21:39:24
6510000,202465100000601962,,제주특별자치도 제주시 연사길,제주특별자치도,제주시,제주특별자치도 제주시 연사길 99,제주특별자치도 제주시 오라이동 1841-2,제주특별자치도 제주시 오라이동 1841-2,원호형,원호형,10,360,500,일반,Y,33.4874642200,126.5089092000,Y,N,,제주특별자치도 제주시청,064-728-3742,2024-07-25,I,2026-05-15 18:45:22,2024-09-04 21:39:36
6510000,202465100000600285,,제주특별자치도 제주시 서광로 9길,제주특별자치도,제주시,제주특별자치도 제주시 서광로9길 42,제주특별자치도 제주시 삼도일동 499,제주특별자치도 제주시 삼도일동 499,원호형,가상형,0,360,500,일반,Y,33.5035367750,126.5148725018,Y,N,,제주특별자치도 제주시청,064-728-3742,2024-07-25,I,2026-05-15 18:45:22,2024-09-04 21:39:25
6510000,202465100000600280,,제주특별자치도 제주시 서사로 18길,제주특별자치도,제주시,제주특별자치도 제주시 서사로18길 19,제주특별자치도 제주시 삼도일동 514-17,제주특별자치도 제주시 삼도일동 514-17,원호형,원호형,10,360,500,일반,Y,33.5018790100,126.5176887000,Y,N,,제주특별자치도 제주시청,064-728-3742,2024-07-25,I,2026-05-15 18:45:22,2024-09-04 21:39:25
6510000,202465100000601035,,제주특별자치도 제주시 오일장중길,제주특별자치도,제주시,,제주특별자치도 제주시 도두일동 2322-8,제주특별자치도 제주시 도두일동 2322-8,원호형,원호형,8,360,500,일반,Y,33.4949173544,126.4689503092,Y,N,,제주특별자치도 제주시청,064-728-3742,2024-07-25,I,2026-05-15 18:45:22,2024-09-04 21:39:29
6510000,202465100000601928,,제주특별자치도 제주시 정실동길,제주특별자치도,제주시,제주특별자치도 제주시 정실동길 56,제주특별자치도 제주시 오라이동 157-3,제주특별자치도 제주시 오라이동 157-3,원호형,원호형,10,360,500,일반,Y,33.4621056569,126.5146239768,Y,N,,제주특별자치도 제주시청,064-728-3742,2024-07-25,I,2026-05-15 18:45:22,2024-09-04 21:39:36
6510000,202465100000600143,,제주특별자치도 제주시 함와로,제주특별자치도,제주시,제주특별자치도 제주시 조천읍 함와로 190,제주특별자치도 제주시 조천읍 함덕리 산 75-3,제주특별자치도 제주시 조천읍 함덕리 산 75-3,원호형,원호형,10,360,500,일반,Y,33.5234854607,126.6771390407,Y,N,,제주특별자치도 제주시청,064-728-3742,2024-07-25,I,2026-05-15 18:45:22,2024-09-04 21:39:24
6510000,202465100000601940,,제주특별자치도 제주시 아연로,제주특별자치도,제주시,제주특별자치도 제주시 아연로 112,제주특별자치도 제주시 오라이동 3295-10,제주특별자치도 제주시 오라이동 3295-10,원호형,원호형,10,360,500,일반,Y,33.4733643100,126.5033498000,Y,N,,제주특별자치도 제주시청,064-728-3742,2024-07-25,I,2026-05-15 18:45:22,2024-09-04 21:39:36
6510000,202465100000601991,,제주특별자치도 제주시 오라로,제주특별자치도,제주시,,제주특별자치도 제주시 오라삼동 2250-2,제주특별자치도 제주시 오라삼동 2250-2,원호형,원호형,10,360,500,일반,Y,33.4967491894,126.5086863794,Y,N,,제주특별자치도 제주시청,064-728-3742,2024-07-25,I,2026-05-15 18:45:22,2024-09-04 21:39:36
6510000,202465100000600007,,제주특별자치도 제주시 항몽로,제주특별자치도,제주시,제주특별자치도 제주시 애월읍 항몽로 114,제주특별자치도 제주시 애월읍 상귀리 382-1,제주특별자치도 제주시 애월읍 상귀리 382-1,원호형,원호형,10,360,500,일반,Y,33.4743877194,126.4088768748,Y,N,,제주특별자치도 제주시청,064-728-3742,2024-07-25,I,2026-05-15 18:45:22,2024-09-04 21:39:24
6510000,202465100000600942,,제주특별자치도 제주시 현사길,제주특별자치도,제주시,제주특별자치도 제주시 현사길 9,제주특별자치도 제주시 이호일동 1762-3,제주특별자치도 제주시 이호일동 1762-3,원호형,원호형,10,360,500,일반,Y,33.4959472200,126.4497753000,Y,N,,제주특별자치도 제주시청,064-728-3742,2024-07-25,I,2026-05-15 18:45:22,2024-09-04 21:39:29
6510000,202465100000601276,,제주특별자치도 제주시 두신로,제주특별자치도,제주시,제주특별자치도 제주시 한경면 두신로 118-2,제주특별자치도 제주시 한경면 두모리 2892-1,제주특별자치도 제주시 한경면 두모리 2892-1,원호형,원호형,10,360,500,일반,Y,33.3527641154,126.1851815863,Y,N,,제주특별자치도 제주시청,064-728-3742,2024-07-25,I,2026-05-15 18:45:22,2024-09-04 21:39:31
6510000,202465100000601556,,제주특별자치도 제주시 설촌로12길,제주특별자치도,제주시,,제주특별자치도 제주시 삼양이동 1972-1,제주특별자치도 제주시 삼양이동 1972-1,원호형,원호형,10,360,500,일반,Y,33.5246979842,126.5838980478,Y,N,,제주특별자치도 제주시청,064-728-3742,2024-07-25,I,2026-05-15 18:45:22,2024-09-04 21:39:33
6510000,202465100000600648,,제주특별자치도 제주시 방안4길,제주특별자치도,제주시,제주특별자치도 제주시 방일4길 35,제주특별자치도 제주시 노형동 2163-1,제주특별자치도 제주시 노형동 2163-1,원호형,원호형,10,360,500,일반,Y,33.4755982900,126.4700422000,Y,N,,제주특별자치도 제주시청,064-728-3742,2024-07-25,I,2026-05-15 18:45:22,2024-09-04 21:39:27
6510000,202465100000601687,,제주특별자치도 제주시 남성로11길,제주특별자치도,제주시,제주특별자치도 제주시 남성로11길 25,제주특별자치도 제주시 용담일동 260,제주특별자치도 제주시 용담일동 260,원호형,원호형,8,360,500,일반,Y,33.5071552601,126.5121962638,Y,N,,제주특별자치도 제주시청,064-728-3742,2024-07-25,I,2026-05-15 18:45:22,2024-09-04 21:39:34
6510000,202465100000600689,,제주특별자치도 제주시 과원로,제주특별자치도,제주시,제주특별자치도 제주시 과원로 22,제주특별자치도 제주시 노형동 53,제주특별자치도 제주시 노형동 53,원호형,가상형,0,360,500,일반,Y,33.4761292100,126.4857672000,Y,N,,제주특별자치도 제주시청,064-728-3742,2024-07-25,I,2026-05-15 18:45:22,2024-09-04 21:39:27
6510000,202465100000600482,,제주특별자치도 제주시 금산5길,제주특별자치도,제주시,제주특별자치도 제주시 금산5길 12,제주특별자치도 제주시 화북일동 1627-1,제주특별자치도 제주시 화북일동 1627-1,원호형,원호형,10,360,500,일반,Y,33.5241189900,126.5652295000,Y,N,,제주특별자치도 제주시청,064-728-3742,2024-07-25,I,2026-05-15 18:45:22,2024-09-04 21:39:26
6510000,202465100000601869,,제주특별자치도 제주시 인다14길,제주특별자치도,제주시,제주특별자치도 제주시 인다14길 14,제주특별자치도 제주시 아라일동 6142,제주특별자치도 제주시 아라일동 6142,원호형,원호형,8,350,500,일반,Y,33.4712160700,126.5470578000,Y,N,,제주특별자치도 제주시청,064-728-3742,2024-07-25,I,2026-05-15 18:45:22,2024-09-04 21:39:35
6510000,202465100000600316,,제주특별자치도 제주시 무근성3길,제주특별자치도,제주시,제주특별자치도 제주시 무근성5길 9,제주특별자치도 제주시 삼도이동 1144-2,제주특별자치도 제주시 삼도이동 1144-2,원호형,가상형,0,360,500,일반,Y,33.5136826100,126.5193270000,Y,N,,제주특별자치도 제주시청,064-728-3742,2024-07-25,I,2026-05-15 18:45:22,2024-09-04 21:39:25
6510000,202465100000601119,,제주특별자치도 제주시 월각로,제주특별자치도,제주시,,제주특별자치도 제주시 한림읍 귀덕리 112,제주특별자치도 제주시 한림읍 귀덕리 112,원호형,원호형,10,360,500,일반,Y,33.4169031572,126.2979951358,Y,N,,제주특별자치도 제주시청,064-728-3742,2024-07-25,I,2026-05-15 18:45:22,2024-09-04 21:39:30
6510000,202465100000601309,,제주특별자치도 제주시 오복5길,제주특별자치도,제주시,제주특별자치도 제주시 오복5길 4,제주특별자치도 제주시 이도이동 1061-5,제주특별자치도 제주시 이도이동 1061-5,원호형,원호형,10,360,500,일반,Y,33.4974139300,126.5365791000,Y,N,,제주특별자치도 제주시청,064-728-3742,2024-07-25,I,2026-05-15 18:45:22,2024-09-04 21:39:31
6510000,202465100000600081,,제주특별자치도 제주시 신촌2길,제주특별자치도,제주시,제주특별자치도 제주시 조천읍 신촌북2길 32,제주특별자치도 제주시 조천읍 신촌리 2077,제주특별자치도 제주시 조천읍 신촌리 2077,원호형,원호형,10,360,500,일반,Y,33.5376203228,126.6200235401,Y,N,,제주특별자치도 제주시청,064-728-3742,2024-07-25,I,2026-05-15 18:45:22,2024-09-04 21:39:24
6510000,202465100000600218,,제주특별자치도 제주시 돈내길,제주특별자치도,제주시,제주특별자치도 제주시 돈내길 25,제주특별자치도 제주시 이도일동 1250-8,제주특별자치도 제주시 이도일동 1250-8,원호형,가상형,0,360,500,일반,Y,33.5026431700,126.5316165000,Y,N,,제주특별자치도 제주시청,064-728-3742,2024-07-25,I,2026-05-15 18:45:22,2024-09-04 21:39:25
6510000,202465100000601246,,제주특별자치도 제주시 천수동로,제주특별자치도,제주시,제주특별자치도 제주시 천수동로 62,제주특별자치도 제주시 일도이동 233-1,제주특별자치도 제주시 일도이동 233-1,원호형,원호형,10,360,500,일반,Y,33.5057111948,126.5476531653,Y,N,,제주특별자치도 제주시청,064-728-3742,2024-07-25,I,2026-05-15 18:45:22,2024-09-04 21:39:31
6510000,202465100000601774,,제주특별자치도 제주시 신설로,제주특별자치도,제주시,제주특별자치도 제주시 신설로 42,제주특별자치도 제주시 아라이동 3005-1,제주특별자치도 제주시 아라이동 3005-1,원호형,원호형,10,370,500,일반,Y,33.4927067700,126.5446939000,Y,N,,제주특별자치도 제주시청,064-728-3742,2024-07-25,I,2026-05-15 18:45:22,2024-09-04 21:39:35
6510000,202465100000600197,,제주특별자치도 제주시 함선로,제주특별자치도,제주시,,제주특별자치도 제주시 조천읍 대흘리 553-1,제주특별자치도 제주시 조천읍 대흘리 553-1,원호형,원호형,10,360,500,일반,Y,33.5154169143,126.6706670701,Y,N,,제주특별자치도 제주시청,064-728-3742,2024-07-25,I,2026-05-15 18:45:22,2024-09-04 21:39:25
6510000,202465100000600188,,제주특별자치도 제주시 신조로,제주특별자치도,제주시,제주특별자치도 제주시 조천읍 신조로 139,제주특별자치도 제주시 조천읍 조천리 3441,제주특별자치도 제주시 조천읍 조천리 3441,원호형,원호형,10,360,500,일반,Y,33.5192026303,126.6340502770,Y,N,,제주특별자치도 제주시청,064-728-3742,2024-07-25,I,2026-05-15 18:45:22,2024-09-04 21:39:24
6510000,202465100000601714,,제주특별자치도 제주시 구남로2길,제주특별자치도,제주시,제주특별자치도 제주시 구남로2길 49,제주특별자치도 제주시 이도이동 2024-4,제주특별자치도 제주시 이도이동 2024-4,원호형,원호형,10,360,500,일반,Y,33.4859929900,126.5359775000,Y,N,,제주특별자치도 제주시청,064-728-3742,2024-07-25,I,2026-05-15 18:45:22,2024-09-04 21:39:34
6510000,202465100000600809,,제주특별자치도 제주시 진군3길,제주특별자치도,제주시,제주특별자치도 제주시 진군3길 11,제주특별자치도 제주시 노형동 761-1,제주특별자치도 제주시 노형동 761-1,원호형,원호형,10,360,500,일반,Y,33.4775294700,126.4797381000,Y,N,,제주특별자치도 제주시청,064-728-3742,2024-07-25,I,2026-05-15 18:45:22,2024-09-04 21:39:28
6510000,202465100000600254,,제주특별자치도 제주시 서사로 19길,제주특별자치도,제주시,제주특별자치도 제주시 서사로19길 27,제주특별자치도 제주시 삼도일동 556-8,제주특별자치도 제주시 삼도일동 556-8,원호형,원호형,10,360,500,일반,Y,33.5012598500,126.5227545000,Y,N,,제주특별자치도 제주시청,064-728-3742,2024-07-25,I,2026-05-15 18:45:22,2024-09-04 21:39:25
6510000,202465100000601768,,제주특별자치도 제주시 산천단남길,제주특별자치도,제주시,제주특별자치도 제주시 산천단남길 38,제주특별자치도 제주시 아라일동 362-36,제주특별자치도 제주시 아라일동 362-36,원호형,원호형,10,360,500,일반,Y,33.4463177899,126.5619440238,Y,N,,제주특별자치도 제주시청,064-728-3742,2024-07-25,I,2026-05-15 18:45:22,2024-09-04 21:39:35
6510000,202465100000601913,,제주특별자치도 제주시 첨단로동길,제주특별자치도,제주시,제주특별자치도 제주시 첨단로동길 74,제주특별자치도 제주시 월평동 745,제주특별자치도 제주시 월평동 745,원호형,원호형,10,370,500,일반,Y,33.4541642301,126.5757329606,Y,N,,제주특별자치도 제주시청,064-728-3742,2024-07-25,I,2026-05-15 18:45:22,2024-09-04 21:39:36
6510000,202465100000600234,,제주특별자치도 제주시 서사로 24길,제주특별자치도,제주시,제주특별자치도 제주시 서사로24길 24,제주특별자치도 제주시 삼도일동 564-7,제주특별자치도 제주시 삼도일동 564-7,원호형,원호형,10,360,500,일반,Y,33.4985038700,126.5176102000,Y,N,,제주특별자치도 제주시청,064-728-3742,2024-07-25,I,2026-05-15 18:45:22,2024-09-04 21:39:25
6510000,202465100000600097,,제주특별자치도 제주시 조함해안로,제주특별자치도,제주시,제주특별자치도 제주시 조천읍 조함해안로 642,제주특별자치도 제주시 조천읍 함덕리 4177,제주특별자치도 제주시 조천읍 함덕리 4177,원호형,원호형,10,360,500,일반,Y,33.5413205344,126.6775363935,Y,N,,제주특별자치도 제주시청,064-728-3742,2024-07-25,I,2026-05-15 18:45:22,2024-09-04 21:39:24
6510000,202465100000600434,,제주특별자치도 제주시 용문로11길,제주특별자치도,제주시,제주특별자치도 제주시 용문로11길 33,제주특별자치도 제주시 용담이동 633-61,제주특별자치도 제주시 용담이동 633-61,원호형,원호형,8,360,500,일반,Y,33.5077747700,126.5057199000,Y,N,,제주특별자치도 제주시청,064-728-3742,2024-07-25,I,2026-05-15 18:45:22,2024-09-04 21:39:26
6510000,202465100000601343,,제주특별자치도 제주시 1100로,제주특별자치도,제주시,제주특별자치도 제주시 종천길 60,제주특별자치도 제주시 연동 599,제주특별자치도 제주시 연동 599,원호형,원호형,10,360,500,일반,Y,33.4696071666,126.5013919945,Y,N,,제주특별자치도 제주시청,064-728-3742,2024-07-25,I,2026-05-15 18:45:22,2024-09-04 21:39:31
6510000,202465100000601365,,제주특별자치도 제주시 연화중길,제주특별자치도,제주시,제주특별자치도 제주시 연화중길 18,제주특별자치도 제주시 연동 1527-6,제주특별자치도 제주시 연동 1527-6,원호형,원호형,10,360,500,일반,Y,33.4773030058,126.4885815586,Y,N,,제주특별자치도 제주시청,064-728-3742,2024-07-25,I,2026-05-15 18:45:22,2024-09-04 21:39:32
6510000,202465100000600723,,제주특별자치도 제주시 정존3길,제주특별자치도,제주시,제주특별자치도 제주시 정존13길 20,제주특별자치도 제주시 노형동 1283-9,제주특별자치도 제주시 노형동 1283-9,원호형,원호형,10,360,500,일반,Y,33.4863765300,126.4765064000,Y,N,,제주특별자치도 제주시청,064-728-3742,2024-07-25,I,2026-05-15 18:45:22,2024-09-04 21:39:27
6510000,202465100000601643,,제주특별자치도 제주시 생목수원로,제주특별자치도,제주시,,제주특별자치도 제주시 도련일동 1590,제주특별자치도 제주시 도련일동 1590,원호형,원호형,10,360,500,일반,Y,33.5067848692,126.5918475097,Y,N,,제주특별자치도 제주시청,064-728-3742,2024-07-25,I,2026-05-15 18:45:22,2024-09-04 21:39:34
6510000,202465100000601783,,제주특별자치도 제주시 아란12길,제주특별자치도,제주시,제주특별자치도 제주시 아란12길 25-4,제주특별자치도 제주시 아라일동 6078-8,제주특별자치도 제주시 아라일동 6078-8,원호형,원호형,10,360,500,일반,Y,33.4692158000,126.5448711000,Y,N,,제주특별자치도 제주시청,064-728-3742,2024-07-25,I,2026-05-15 18:45:22,2024-09-04 21:39:35
6510000,202465100000601773,,제주특별자치도 제주시 신설로,제주특별자치도,제주시,제주특별자치도 제주시 신설로11길 7,제주특별자치도 제주시 아라이동 3004-2,제주특별자치도 제주시 아라이동 3004-2,원호형,원호형,10,360,500,일반,Y,33.4919152900,126.5441611000,Y,N,,제주특별자치도 제주시청,064-728-3742,2024-07-25,I,2026-05-15 18:45:22,2024-09-04 21:39:35
6510000,202465100000600574,,제주특별자치도 제주시 동화로1길,제주특별자치도,제주시,제주특별자치도 제주시 동화로1길 53-6,제주특별자치도 제주시 화북일동 15-4,제주특별자치도 제주시 화북일동 15-4,원호형,원호형,10,360,500,일반,Y,33.5176305384,126.5770600232,Y,N,,제주특별자치도 제주시청,064-728-3742,2024-07-25,I,2026-05-15 18:45:22,2024-09-04 21:39:27
6510000,202465100000601963,,제주특별자치도 제주시 연사길,제주특별자치도,제주시,제주특별자치도 제주시 연사길 141,제주특별자치도 제주시 오라이동 3045-1,제주특별자치도 제주시 오라이동 3045-1,원호형,원호형,10,360,500,일반,Y,33.4864836700,126.5053781000,Y,N,,제주특별자치도 제주시청,064-728-3742,2024-07-25,I,2026-05-15 18:45:22,2024-09-04 21:39:36
6510000,202465100000601522,,제주특별자치도 제주시 서흘길,제주특별자치도,제주시,제주특별자치도 제주시 서흘길 29,제주특별자치도 제주시 삼양일동 1643-16,제주특별자치도 제주시 삼양일동 1643-16,원호형,원호형,10,360,500,일반,Y,33.5280954400,126.5889346000,Y,N,,제주특별자치도 제주시청,064-728-3742,2024-07-25,I,2026-05-15 18:45:22,2024-09-04 21:39:33
6510000,202465100000601087,,제주특별자치도 제주시 사가길,제주특별자치도,제주시,제주특별자치도 제주시 한림읍 사가길 22,제주특별자치도 제주시 한림읍 한림리 1323-3,제주특별자치도 제주시 한림읍 한림리 1323-3,원호형,원호형,10,360,500,일반,Y,33.4155229888,126.2623228113,Y,N,,제주특별자치도 제주시청,064-728-3742,2024-07-25,I,2026-05-15 18:45:22,2024-09-04 21:39:30
6510000,202465100000600275,,제주특별자치도 제주시 평전2길,제주특별자치도,제주시,제주특별자치도 제주시 평전길 21,제주특별자치도 제주시 삼도일동 523-14,제주특별자치도 제주시 삼도일동 523-14,원호형,가상형,0,360,500,일반,Y,33.5018425923,126.5190577191,Y,N,,제주특별자치도 제주시청,064-728-3742,2024-07-25,I,2026-05-15 18:45:22,2024-09-04 21:39:25
6510000,202465100000601525,,제주특별자치도 제주시 서흘4길,제주특별자치도,제주시,제주특별자치도 제주시 서흘4길 15,제주특별자치도 제주시 삼양일동 1542-30,제주특별자치도 제주시 삼양일동 1542-30,원호형,원호형,10,360,500,일반,Y,33.5296179600,126.5908414000,Y,N,,제주특별자치도 제주시청,064-728-3742,2024-07-25,I,2026-05-15 18:45:22,2024-09-04 21:39:33
6510000,202465100000601652,,제주특별자치도 제주시 매촌안길,제주특별자치도,제주시,제주특별자치도 제주시 매촌서1길 20,제주특별자치도 제주시 도련이동 644-1,제주특별자치도 제주시 도련이동 644-1,원호형,원호형,10,360,500,일반,Y,33.5147519812,126.5910092522,Y,N,,제주특별자치도 제주시청,064-728-3742,2024-07-25,I,2026-05-15 18:45:22,2024-09-04 21:39:34
6510000,202465100000600938,,제주특별자치도 제주시 현사길,제주특별자치도,제주시,제주특별자치도 제주시 현사길 33,제주특별자치도 제주시 이호일동 1812-7,제주특별자치도 제주시 이호일동 1812-7,원호형,원호형,8,360,500,일반,Y,33.4969857100,126.4486690000,Y,N,,제주특별자치도 제주시청,064-728-3742,2024-07-25,I,2026-05-15 18:45:22,2024-09-04 21:39:29
6510000,202465100000601026,,제주특별자치도 제주시 신성마을길,제주특별자치도,제주시,,제주특별자치도 제주시 도두이동 176-1,제주특별자치도 제주시 도두이동 176-1,원호형,원호형,8,360,500,일반,Y,33.4948749692,126.4884563915,Y,N,,제주특별자치도 제주시청,064-728-3742,2024-07-25,I,2026-05-15 18:45:22,2024-09-04 21:39:29
6510000,202465100000600279,,제주특별자치도 제주시 서사로 18길,제주특별자치도,제주시,제주특별자치도 제주시 서사로18길 21,제주특별자치도 제주시 삼도일동 514-15,제주특별자치도 제주시 삼도일동 514-15,원호형,원호형,10,360,500,일반,Y,33.5018997500,126.5175959000,Y,N,,제주특별자치도 제주시청,064-728-3742,2024-07-25,I,2026-05-15 18:45:22,2024-09-04 21:39:25
6510000,202465100000600172,,제주특별자치도 제주시 와흘로,제주특별자치도,제주시,,제주특별자치도 제주시 조천읍 와흘리 1228-2,제주특별자치도 제주시 조천읍 와흘리 1228-2,원호형,원호형,10,360,500,일반,Y,33.5025651360,126.6355958214,Y,N,,제주특별자치도 제주시청,064-728-3742,2024-07-25,I,2026-05-15 18:45:22,2024-09-04 21:39:24
6510000,202465100000600293,,제주특별자치도 제주시 전농로,제주특별자치도,제주시,제주특별자치도 제주시 전농로 17,제주특별자치도 제주시 삼도일동 721-4,제주특별자치도 제주시 삼도일동 721-4,원호형,원호형,10,360,500,일반,Y,33.5046370400,126.5150235000,Y,N,,제주특별자치도 제주시청,064-728-3742,2024-07-25,I,2026-05-15 18:45:22,2024-09-04 21:39:25
6510000,202465100000600049,,제주특별자치도 제주시 유수암평화길,제주특별자치도,제주시,,제주특별자치도 제주시 애월읍 유수암리 905,제주특별자치도 제주시 애월읍 유수암리 905,원호형,원호형,10,360,500,일반,Y,33.4325488030,126.4072777589,Y,N,,제주특별자치도 제주시청,064-728-3742,2024-07-25,I,2026-05-15 18:45:22,2024-09-04 21:39:24
6510000,202465100000601604,,제주특별자치도 제주시 지석6길,제주특별자치도,제주시,제주특별자치도 제주시 지석6길 11,제주특별자치도 제주시 삼양이동 2171-1,제주특별자치도 제주시 삼양이동 2171-1,원호형,원호형,10,360,500,일반,Y,33.5201756800,126.5811030000,Y,N,,제주특별자치도 제주시청,064-728-3742,2024-07-25,I,2026-05-15 18:45:22,2024-09-04 21:39:33
6510000,202465100000601696,,제주특별자치도 제주시 용담로20길,제주특별자치도,제주시,제주특별자치도 제주시 용담로20길 21-11,제주특별자치도 제주시 용담일동 247-12,제주특별자치도 제주시 용담일동 247-12,원호형,가상형,0,360,500,일반,Y,33.5074355000,126.5143834000,Y,N,,제주특별자치도 제주시청,064-728-3742,2024-07-25,I,2026-05-15 18:45:22,2024-09-04 21:39:34
6510000,202465100000601847,,제주특별자치도 제주시 영평길,제주특별자치도,제주시,제주특별자치도 제주시 영평길 239,제주특별자치도 제주시 월평동 1322-1,제주특별자치도 제주시 월평동 1322-1,원호형,원호형,10,360,500,일반,Y,33.4801322500,126.5716351000,Y,N,,제주특별자치도 제주시청,064-728-3742,2024-07-25,I,2026-05-15 18:45:22,2024-09-04 21:39:35
6510000,202465100000601468,,제주특별자치도 제주시 선덕로5길,제주특별자치도,제주시,제주특별자치도 제주시 선덕로5길 26,제주특별자치도 제주시 연동 313-63,제주특별자치도 제주시 연동 313-63,원호형,원호형,10,360,500,일반,Y,33.4874568100,126.4997077000,Y,N,,제주특별자치도 제주시청,064-728-3742,2024-07-25,I,2026-05-15 18:45:22,2024-09-04 21:39:32
6510000,202465100000601236,,제주특별자치도 제주시 고마로17길,제주특별자치도,제주시,제주특별자치도 제주시 고마로17길 43,제주특별자치도 제주시 일도이동 400-11,제주특별자치도 제주시 일도이동 400-11,원호형,원호형,8,360,500,일반,Y,33.5080143000,126.5444767000,Y,N,,제주특별자치도 제주시청,064-728-3742,2024-07-25,I,2026-05-15 18:45:22,2024-09-04 21:39:31
6510000,202465100000600934,,제주특별자치도 제주시 테우해안로,제주특별자치도,제주시,제주특별자치도 제주시 테우해안로 176,제주특별자치도 제주시 이호일동 1665-2,제주특별자치도 제주시 이호일동 1665-2,원호형,원호형,8,360,500,일반,Y,33.4969624850,126.4522542664,Y,N,,제주특별자치도 제주시청,064-728-3742,2024-07-25,I,2026-05-15 18:45:22,2024-09-04 21:39:29
6510000,202465100000601501,,제주특별자치도 제주시 신대로7길,제주특별자치도,제주시,제주특별자치도 제주시 신대로7길 33,제주특별자치도 제주시 연동 320-46,제주특별자치도 제주시 연동 320-46,원호형,원호형,10,360,500,일반,Y,33.4918672005,126.5003510996,Y,N,,제주특별자치도 제주시청,064-728-3742,2024-07-25,I,2026-05-15 18:45:22,2024-09-04 21:39:32
6510000,202465100000601153,,제주특별자치도 제주시 해맞이해안로,제주특별자치도,제주시,제주특별자치도 제주시 구좌읍 해맞이해안로 1402,제주특별자치도 제주시 구좌읍 세화리 1500-9,제주특별자치도 제주시 구좌읍 세화리 1500-9,원호형,원호형,10,360,500,일반,Y,33.5264536059,126.8564822721,Y,N,,제주특별자치도 제주시청,064-728-3742,2024-07-25,I,2026-05-15 18:45:22,2024-09-04 21:39:30
6510000,202465100000602012,,제주특별자치도 제주시 공설로11길,제주특별자치도,제주시,제주특별자치도 제주시 공설로9길 9,제주특별자치도 제주시 오라일동 2448-37,제주특별자치도 제주시 오라일동 2448-37,원호형,원호형,10,360,500,일반,Y,33.4969639039,126.5189431886,Y,N,,제주특별자치도 제주시청,064-728-3742,2024-07-25,I,2026-05-15 18:45:22,2024-09-04 21:39:36
6510000,202465100000601061,,제주특별자치도 제주시 한수풀로,제주특별자치도,제주시,제주특별자치도 제주시 한림읍 대림로 34,제주특별자치도 제주시 한림읍 대림리 766-4,제주특별자치도 제주시 한림읍 대림리 766-4,원호형,원호형,10,360,500,일반,Y,33.4228329700,126.2806528000,Y,N,,제주특별자치도 제주시청,064-728-3742,2024-07-25,I,2026-05-15 18:45:22,2024-09-04 21:39:29
6510000,202465100000600759,,제주특별자치도 제주시 다랑곶길,제주특별자치도,제주시,제주특별자치도 제주시 다랑곶길 9,제주특별자치도 제주시 노형동 1279-9,제주특별자치도 제주시 노형동 1279-9,원호형,원호형,10,360,500,일반,Y,33.4873616500,126.4792551000,Y,N,,제주특별자치도 제주시청,064-728-3742,2024-07-25,I,2026-05-15 18:45:22,2024-09-04 21:39:28
6510000,202465100000601410,,제주특별자치도 제주시 남녕로8길,제주특별자치도,제주시,제주특별자치도 제주시 남녕로8길 4,제주특별자치도 제주시 연동 1953-1,제주특별자치도 제주시 연동 1953-1,원호형,원호형,10,360,500,일반,Y,33.4918658500,126.4801000000,Y,N,,제주특별자치도 제주시청,064-728-3742,2024-07-25,I,2026-05-15 18:45:22,2024-09-04 21:39:32
6510000,202465100000600612,,제주특별자치도 제주시 아봉로,제주특별자치도,제주시,제주특별자치도 제주시 아봉로 512,제주특별자치도 제주시 용강동 1346-2,제주특별자치도 제주시 용강동 1346-2,원호형,원호형,10,360,500,일반,Y,33.4745188500,126.5841958000,Y,N,,제주특별자치도 제주시청,064-728-3742,2024-07-25,I,2026-05-15 18:45:22,2024-09-04 21:39:27
6510000,202465100000601529,,제주특별자치도 제주시 선사로8길,제주특별자치도,제주시,제주특별자치도 제주시 선사로8길 31,제주특별자치도 제주시 삼양일동 1599-29,제주특별자치도 제주시 삼양일동 1599-29,원호형,원호형,10,360,500,일반,Y,33.5266377300,126.5884411000,Y,N,,제주특별자치도 제주시청,064-728-3742,2024-07-25,I,2026-05-15 18:45:22,2024-09-04 21:39:33
6510000,202465100000600510,,제주특별자치도 제주시 진동로5길,제주특별자치도,제주시,제주특별자치도 제주시 진남로2길 25,제주특별자치도 제주시 화북일동 1958-3,제주특별자치도 제주시 화북일동 1958-3,원호형,원호형,10,360,500,일반,Y,33.5208316500,126.5637284000,Y,N,,제주특별자치도 제주시청,064-728-3742,2024-07-25,I,2026-05-15 18:45:22,2024-09-04 21:39:26
6510000,202465100000600102,,제주특별자치도 제주시 함덕남11길,제주특별자치도,제주시,제주특별자치도 제주시 조천읍 함덕남10길 10,제주특별자치도 제주시 조천읍 함덕리 72-58,제주특별자치도 제주시 조천읍 함덕리 72-58,원호형,원호형,10,360,500,일반,Y,33.5347752002,126.6746825061,Y,N,,제주특별자치도 제주시청,064-728-3742,2024-07-25,I,2026-05-15 18:45:22,2024-09-04 21:39:24
6510000,202465100000600230,,제주특별자치도 제주시 서광로29길,제주특별자치도,제주시,제주특별자치도 제주시 서광로29길 38,제주특별자치도 제주시 이도일동 1688-9,제주특별자치도 제주시 이도일동 1688-9,원호형,원호형,10,360,500,일반,Y,33.5035463446,126.5263164819,Y,N,,제주특별자치도 제주시청,064-728-3742,2024-07-25,I,2026-05-15 18:45:22,2024-09-04 21:39:25
6510000,202465100000601900,,제주특별자치도 제주시 첨단로,제주특별자치도,제주시,제주특별자치도 제주시 첨단로 213-3,제주특별자치도 제주시 영평동 2170-1,제주특별자치도 제주시 영평동 2170-1,원호형,원호형,10,380,500,일반,Y,33.4537844600,126.5724986000,Y,N,,제주특별자치도 제주시청,064-728-3742,2024-07-25,I,2026-05-15 18:45:22,2024-09-04 21:39:35
6510000,202465100000601201,,제주특별자치도 제주시 신산로15길,제주특별자치도,제주시,제주특별자치도 제주시 신산로15길 48,제주특별자치도 제주시 일도이동 358-3,제주특별자치도 제주시 일도이동 358-3,원호형,원호형,8,360,500,일반,Y,33.5076727500,126.5396385000,Y,N,,제주특별자치도 제주시청,064-728-3742,2024-07-25,I,2026-05-15 18:45:22,2024-09-04 21:39:30
6510000,202465100000601711,,제주특별자치도 제주시 곰방매길,제주특별자치도,제주시,제주특별자치도 제주시 곰방매길 163,제주특별자치도 제주시 아라이동 37-1,제주특별자치도 제주시 아라이동 37-1,원호형,원호형,10,360,500,일반,Y,33.4598689800,126.5602744000,Y,N,,제주특별자치도 제주시청,064-728-3742,2024-07-25,I,2026-05-15 18:45:22,2024-09-04 21:39:34
6510000,202465100000601595,,제주특별자치도 제주시 삼봉로2길,제주특별자치도,제주시,제주특별자치도 제주시 지석8길 13-10,제주특별자치도 제주시 삼양이동 2176-16,제주특별자치도 제주시 삼양이동 2176-16,원호형,원호형,10,360,500,일반,Y,33.5195808000,126.5820097000,Y,N,,제주특별자치도 제주시청,064-728-3742,2024-07-25,I,2026-05-15 18:45:22,2024-09-04 21:39:33
6510000,202465100000600310,,제주특별자치도 제주시 북성로,제주특별자치도,제주시,,제주특별자치도 제주시 삼도이동 14-15,제주특별자치도 제주시 삼도이동 14-15,원호형,원호형,2,360,500,일반,Y,33.5159286193,126.5230753992,Y,N,,제주특별자치도 제주시청,064-728-3742,2024-07-25,I,2026-05-15 18:45:22,2024-09-04 21:39:25
6510000,202465100000600026,,제주특별자치도 제주시 중엄안3길,제주특별자치도,제주시,제주특별자치도 제주시 애월읍 중엄3길 21-3,제주특별자치도 제주시 애월읍 신엄리 817-4,제주특별자치도 제주시 애월읍 신엄리 817-4,원호형,원호형,10,360,500,일반,Y,33.4751368532,126.3726865538,Y,N,,제주특별자치도 제주시청,064-728-3742,2024-07-25,I,2026-05-15 18:45:22,2024-09-04 21:39:24
6510000,202465100000600336,,제주특별자치도 제주시 중앙로16길,제주특별자치도,제주시,제주특별자치도 제주시 중앙로 104,제주특별자치도 제주시 삼도이동 214,제주특별자치도 제주시 삼도이동 214,원호형,원호형,8,360,500,일반,Y,33.5090642712,126.5233330471,Y,N,,제주특별자치도 제주시청,064-728-3742,2024-07-25,I,2026-05-15 18:45:22,2024-09-04 21:39:25
6510000,202465100000600994,,제주특별자치도 제주시 도두항서길,제주특별자치도,제주시,제주특별자치도 제주시 도두항서5길 1,제주특별자치도 제주시 도두일동 2617-1,제주특별자치도 제주시 도두일동 2617-1,원호형,원호형,10,360,500,일반,Y,33.5046055800,126.4637267000,Y,N,,제주특별자치도 제주시청,064-728-3742,2024-07-25,I,2026-05-15 18:45:22,2024-09-04 21:39:29
6510000,202465100000601983,,제주특별자치도 제주시 오라로16길,제주특별자치도,제주시,,제주특별자치도 제주시 오라일동 1135-4,제주특별자치도 제주시 오라일동 1135-4,원호형,원호형,10,360,500,일반,Y,33.4954675544,126.5161696314,Y,N,,제주특별자치도 제주시청,064-728-3742,2024-07-25,I,2026-05-15 18:45:22,2024-09-04 21:39:36
6510000,202465100000600847,,제주특별자치도 제주시 신산마을길,제주특별자치도,제주시,제주특별자치도 제주시 신산마을길 80,제주특별자치도 제주시 도평동 606-1,제주특별자치도 제주시 도평동 606-1,원호형,원호형,10,360,500,일반,Y,33.4885592900,126.4511273000,Y,N,,제주특별자치도 제주시청,064-728-3742,2024-07-25,I,2026-05-15 18:45:22,2024-09-04 21:39:28
6510000,202465100000600755,,제주특별자치도 제주시 다랑곶2길,제주특별자치도,제주시,,제주특별자치도 제주시 노형동 1144-7,제주특별자치도 제주시 노형동 1144-7,원호형,원호형,8,360,500,일반,Y,33.4940225288,126.4765840041,Y,N,,제주특별자치도 제주시청,064-728-3742,2024-07-25,I,2026-05-15 18:45:22,2024-09-04 21:39:28
6510000,202465100000601867,,제주특별자치도 제주시 인다14길,제주특별자치도,제주시,제주특별자치도 제주시 인다14길 14,제주특별자치도 제주시 아라일동 6142,제주특별자치도 제주시 아라일동 6142,원호형,원호형,8,350,500,일반,Y,33.4712160700,126.5470578000,Y,N,,제주특별자치도 제주시청,064-728-3742,2024-07-25,I,2026-05-15 18:45:22,2024-09-04 21:39:35
6510000,202465100000600598,,제주특별자치도 제주시 명림로,제주특별자치도,제주시,제주특별자치도 제주시 명림로 224-4,제주특별자치도 제주시 봉개동 281-1,제주특별자치도 제주시 봉개동 281-1,원호형,원호형,10,360,500,일반,Y,33.4673381618,126.6101417483,Y,N,,제주특별자치도 제주시청,064-728-3742,2024-07-25,I,2026-05-15 18:45:22,2024-09-04 21:39:27
6510000,202465100000600032,,제주특별자치도 제주시 애월로15길,제주특별자치도,제주시,제주특별자치도 제주시 애월읍 애월로15길 8,제주특별자치도 제주시 애월읍 애월리 419,제주특별자치도 제주시 애월읍 애월리 419,원호형,원호형,10,360,500,일반,Y,33.4646071691,126.3246814189,Y,N,,제주특별자치도 제주시청,064-728-3742,2024-07-25,I,2026-05-15 18:45:22,2024-09-04 21:39:24
6510000,202465100000601823,,제주특별자치도 제주시 아봉로,제주특별자치도,제주시,제주특별자치도 제주시 아봉로 122-28,제주특별자치도 제주시 아라이동 104,제주특별자치도 제주시 아라이동 104,원호형,원호형,10,380,500,일반,Y,33.4774732700,126.5587893000,Y,N,,제주특별자치도 제주시청,064-728-3742,2024-07-25,I,2026-05-15 18:45:22,2024-09-04 21:39:35
6510000,202465100000600971,,제주특별자치도 제주시 백포동길,제주특별자치도,제주시,,제주특별자치도 제주시 이호일동 584-1,제주특별자치도 제주시 이호일동 584-1,원호형,원호형,8,360,500,일반,Y,33.5008711880,126.4611852408,Y,N,,제주특별자치도 제주시청,064-728-3742,2024-07-25,I,2026-05-15 18:45:22,2024-09-04 21:39:29
6510000,202465100000601820,,제주특별자치도 제주시 아봉로,제주특별자치도,제주시,제주특별자치도 제주시 아봉로 86,제주특별자치도 제주시 아라이동 906-2,제주특별자치도 제주시 아라이동 906-2,원호형,원호형,8,360,500,일반,Y,33.4779684412,126.5530047602,Y,N,,제주특별자치도 제주시청,064-728-3742,2024-07-25,I,2026-05-15 18:45:22,2024-09-04 21:39:35
6510000,202465100000600436,,제주특별자치도 제주시 용문로11길,제주특별자치도,제주시,제주특별자치도 제주시 용문로11길 41,제주특별자치도 제주시 용담이동 794-1,제주특별자치도 제주시 용담이동 794-1,원호형,원호형,8,360,500,일반,Y,33.5081941437,126.5051666060,Y,N,,제주특별자치도 제주시청,064-728-3742,2024-07-25,I,2026-05-15 18:45:22,2024-09-04 21:39:26
6510000,202465100000600702,,제주특별자치도 제주시 정존5길,제주특별자치도,제주시,제주특별자치도 제주시 정존5길 39,제주특별자치도 제주시 노형동 2528-1,제주특별자치도 제주시 노형동 2528-1,원호형,가상형,0,360,500,일반,Y,33.4851160301,126.4714976544,Y,N,,제주특별자치도 제주시청,064-728-3742,2024-07-25,I,2026-05-15 18:45:22,2024-09-04 21:39:27
6510000,202465100000601545,,제주특별자치도 제주시 원당로15길,제주특별자치도,제주시,,제주특별자치도 제주시 삼양일동 1570-1,제주특별자치도 제주시 삼양일동 1570-1,원호형,원호형,10,360,500,일반,Y,33.5303244528,126.5923967115,Y,N,,제주특별자치도 제주시청,064-728-3742,2024-07-25,I,2026-05-15 18:45:22,2024-09-04 21:39:33
6510000,202465100000600155,,제주특별자치도 제주시 와선로,제주특별자치도,제주시,,제주특별자치도 제주시 조천읍 와산리 995-1,제주특별자치도 제주시 조천읍 와산리 995-1,원호형,원호형,10,360,500,일반,Y,33.4900454499,126.6829190085,Y,N,,제주특별자치도 제주시청,064-728-3742,2024-07-25,I,2026-05-15 18:45:22,2024-09-04 21:39:24
6510000,202465100000600354,,제주특별자치도 제주시 월성로5길,제주특별자치도,제주시,제주특별자치도 제주시 월성로5길 1,제주특별자치도 제주시 용담이동 2743-21,제주특별자치도 제주시 용담이동 2743-21,원호형,원호형,8,360,500,일반,Y,33.5026987231,126.5049968486,Y,N,,제주특별자치도 제주시청,064-728-3742,2024-07-25,I,2026-05-15 18:45:22,2024-09-04 21:39:25
6510000,202465100000601368,,제주특별자치도 제주시 연화로,제주특별자치도,제주시,제주특별자치도 제주시 국기로 14,제주특별자치도 제주시 연동 1399,제주특별자치도 제주시 연동 1399,원호형,가상형,0,360,500,일반,Y,33.4802363603,126.4892424647,Y,N,,제주특별자치도 제주시청,064-728-3742,2024-07-25,I,2026-05-15 18:45:22,2024-09-04 21:39:32
6510000,202465100000601342,,제주특별자치도 제주시 1100로,제주특별자치도,제주시,제주특별자치도 제주시 종천길 60,제주특별자치도 제주시 연동 599,제주특별자치도 제주시 연동 599,원호형,원호형,10,360,500,일반,Y,33.4696071666,126.5013919945,Y,N,,제주특별자치도 제주시청,064-728-3742,2024-07-25,I,2026-05-15 18:45:22,2024-09-04 21:39:31
6510000,202465100000601828,,제주특별자치도 제주시 아연로,제주특별자치도,제주시,제주특별자치도 제주시 아연로 343,제주특별자치도 제주시 오등동 1670,제주특별자치도 제주시 오등동 1670,원호형,원호형,10,380,500,일반,Y,33.4688013464,126.5218106279,Y,N,,제주특별자치도 제주시청,064-728-3742,2024-07-25,I,2026-05-15 18:45:22,2024-09-04 21:39:35
6510000,202465100000601095,,제주특별자치도 제주시 한림로,제주특별자치도,제주시,제주특별자치도 제주시 한림읍 한림로 366,제주특별자치도 제주시 한림읍 협재리 1781-1,제주특별자치도 제주시 한림읍 협재리 1781-1,원호형,원호형,10,360,500,일반,Y,33.3953338600,126.2425469000,Y,N,,제주특별자치도 제주시청,064-728-3742,2024-07-25,I,2026-05-15 18:45:22,2024-09-04 21:39:30
6510000,202465100000600136,,제주특별자치도 제주시 북선로,제주특별자치도,제주시,,제주특별자치도 제주시 조천읍 선흘리 2735-1,제주특별자치도 제주시 조천읍 선흘리 2735-1,원호형,원호형,10,360,500,일반,Y,33.5141760160,126.6949517150,Y,N,,제주특별자치도 제주시청,064-728-3742,2024-07-25,I,2026-05-15 18:45:22,2024-09-04 21:39:24
6510000,202465100000600773,,제주특별자치도 제주시 원노형길,제주특별자치도,제주시,제주특별자치도 제주시 원노형로 45,제주특별자치도 제주시 노형동 942-14,제주특별자치도 제주시 노형동 942-14,원호형,원호형,10,360,500,일반,Y,33.4845862653,126.4850785868,Y,N,,제주특별자치도 제주시청,064-728-3742,2024-07-25,I,2026-05-15 18:45:22,2024-09-04 21:39:28
6510000,202465100000601322,,제주특별자치도 제주시 신설로9길,제주특별자치도,제주시,제주특별자치도 제주시 신설로9길 37,제주특별자치도 제주시 이도이동 1952-2,제주특별자치도 제주시 이도이동 1952-2,원호형,원호형,10,360,500,일반,Y,33.4952280450,126.5470952844,Y,N,,제주특별자치도 제주시청,064-728-3742,2024-07-25,I,2026-05-15 18:45:22,2024-09-04 21:39:31
6510000,202465100000600414,,제주특별자치도 제주시 용마서1길,제주특별자치도,제주시,제주특별자치도 제주시 용마서1길 18,제주특별자치도 제주시 용담삼동 531-64,제주특별자치도 제주시 용담삼동 531-64,원호형,원호형,8,360,500,일반,Y,33.5151771000,126.5045049000,Y,N,,제주특별자치도 제주시청,064-728-3742,2024-07-25,I,2026-05-15 18:45:22,2024-09-04 21:39:26
6510000,202465100000601400,,제주특별자치도 제주시 연동12길,제주특별자치도,제주시,제주특별자치도 제주시 연동12길 13,제주특별자치도 제주시 연동 294-13,제주특별자치도 제주시 연동 294-13,원호형,원호형,8,360,500,일반,Y,33.4845624320,126.4932515918,Y,N,,제주특별자치도 제주시청,064-728-3742,2024-07-25,I,2026-05-15 18:45:22,2024-09-04 21:39:32
6510000,202465100000600054,,제주특별자치도 제주시 신북로,제주특별자치도,제주시,제주특별자치도 제주시 조천읍 신북로 194,제주특별자치도 제주시 조천읍 조천리 3147-2,제주특별자치도 제주시 조천읍 조천리 3147-2,원호형,원호형,10,360,500,일반,Y,33.5348243366,126.6342572775,Y,N,,제주특별자치도 제주시청,064-728-3742,2024-07-25,I,2026-05-15 18:45:22,2024-09-04 21:39:24
6510000,202465100000600163,,제주특별자치도 제주시 선교로,제주특별자치도,제주시,,제주특별자치도 제주시 조천읍 선흘리 473-7,제주특별자치도 제주시 조천읍 선흘리 473-7,원호형,원호형,10,360,500,일반,Y,33.4575068488,126.7116586691,Y,N,,제주특별자치도 제주시청,064-728-3742,2024-07-25,I,2026-05-15 18:45:22,2024-09-04 21:39:24
6510000,202465100000600046,,제주특별자치도 제주시 천덕로,제주특별자치도,제주시,제주특별자치도 제주시 애월읍 천덕로 126,제주특별자치도 제주시 애월읍 곽지리 633-1,제주특별자치도 제주시 애월읍 곽지리 633-1,원호형,원호형,10,360,500,일반,Y,33.4401899734,126.3170121252,Y,N,,제주특별자치도 제주시청,064-728-3742,2024-07-25,I,2026-05-15 18:45:22,2024-09-04 21:39:24
6510000,202465100000601283,,제주특별자치도 제주시 고락로,제주특별자치도,제주시,제주특별자치도 제주시 한경면 고락로 19,제주특별자치도 제주시 한경면 고산리 2236-5,제주특별자치도 제주시 한경면 고산리 2236-5,원호형,원호형,10,360,500,일반,Y,33.3034178300,126.1815964000,Y,N,,제주특별자치도 제주시청,064-728-3742,2024-07-25,I,2026-05-15 18:45:22,2024-09-04 21:39:31
6510000,202465100000600522,,제주특별자치도 제주시 거로서길,제주특별자치도,제주시,,제주특별자치도 제주시 화북이동 4955-18,제주특별자치도 제주시 화북이동 4955-18,원호형,원호형,10,360,500,일반,Y,33.5131939066,126.5554293110,Y,N,,제주특별자치도 제주시청,064-728-3742,2024-07-25,I,2026-05-15 18:45:22,2024-09-04 21:39:26
6510000,202465100000600339,,제주특별자치도 제주시 남성로26길,제주특별자치도,제주시,제주특별자치도 제주시 남성로26길 44,제주특별자치도 제주시 삼도이동 1237-18,제주특별자치도 제주시 삼도이동 1237-18,원호형,가상형,0,360,500,일반,Y,33.5058575200,126.5245617000,Y,N,,제주특별자치도 제주시청,064-728-3742,2024-07-25,I,2026-05-15 18:45:22,2024-09-04 21:39:25
6510000,202465100000601976,,제주특별자치도 제주시 사평4길,제주특별자치도,제주시,제주특별자치도 제주시 사평4길 24-7,제주특별자치도 제주시 오라이동 1341-3,제주특별자치도 제주시 오라이동 1341-3,원호형,원호형,10,360,500,일반,Y,33.4903146577,126.5119797364,Y,N,,제주특별자치도 제주시청,064-728-3742,2024-07-25,I,2026-05-15 18:45:22,2024-09-04 21:39:36
6510000,202465100000600987,,제주특별자치도 제주시 대동길,제주특별자치도,제주시,,제주특별자치도 제주시 이호이동 117-2,제주특별자치도 제주시 이호이동 117-2,원호형,원호형,10,360,500,일반,Y,33.4927141521,126.4632808254,Y,N,,제주특별자치도 제주시청,064-728-3742,2024-07-25,I,2026-05-15 18:45:22,2024-09-04 21:39:29
6510000,202465100000601788,,제주특별자치도 제주시 아란13길,제주특별자치도,제주시,제주특별자치도 제주시 아란13길 24,제주특별자치도 제주시 아라일동 6078-5,제주특별자치도 제주시 아라일동 6078-5,원호형,원호형,8,360,500,일반,Y,33.4690190300,126.5452043000,Y,N,,제주특별자치도 제주시청,064-728-3742,2024-07-25,I,2026-05-15 18:45:22,2024-09-04 21:39:35
6510000,202465100000600390,,제주특별자치도 제주시 서해안로,제주특별자치도,제주시,,제주특별자치도 제주시 용담삼동 1134-3,제주특별자치도 제주시 용담삼동 1134-3,원호형,원호형,10,360,500,일반,Y,33.5196756934,126.4990530889,Y,N,,제주특별자치도 제주시청,064-728-3742,2024-07-25,I,2026-05-15 18:45:22,2024-09-04 21:39:26
6510000,202465100000601887,,제주특별자치도 제주시 인다5길,제주특별자치도,제주시,제주특별자치도 제주시 인다5길 56-3,제주특별자치도 제주시 아라일동 6143-2,제주특별자치도 제주시 아라일동 6143-2,원호형,원호형,10,360,500,일반,Y,33.4718771100,126.5474246000,Y,N,,제주특별자치도 제주시청,064-728-3742,2024-07-25,I,2026-05-15 18:45:22,2024-09-04 21:39:35
6510000,202465100000600261,,제주특별자치도 제주시 홍랑길,제주특별자치도,제주시,제주특별자치도 제주시 홍랑길 44,제주특별자치도 제주시 삼도일동 305-44,제주특별자치도 제주시 삼도일동 305-44,원호형,가상형,0,360,500,일반,Y,33.5034884300,126.5232759000,Y,N,,제주특별자치도 제주시청,064-728-3742,2024-07-25,I,2026-05-15 18:45:22,2024-09-04 21:39:25
6510000,202465100000601701,,제주특별자치도 제주시 용담로20길,제주특별자치도,제주시,제주특별자치도 제주시 용담로20길 17,제주특별자치도 제주시 용담일동 238-4,제주특별자치도 제주시 용담일동 238-4,원호형,원호형,8,360,500,일반,Y,33.5080976796,126.5145111561,Y,N,,제주특별자치도 제주시청,064-728-3742,2024-07-25,I,2026-05-15 18:45:22,2024-09-04 21:39:34
6510000,202465100000600443,,제주특별자치도 제주시 성화로,제주특별자치도,제주시,제주특별자치도 제주시 성화로 18,제주특별자치도 제주시 용담이동 893-4,제주특별자치도 제주시 용담이동 893-4,원호형,가상형,0,360,500,일반,Y,33.5114621864,126.5054953233,Y,N,,제주특별자치도 제주시청,064-728-3742,2024-07-25,I,2026-05-15 18:45:22,2024-09-04 21:39:26
6510000,202465100000601663,,제주특별자치도 제주시 매촌동길,제주특별자치도,제주시,제주특별자치도 제주시 매촌동길 147,제주특별자치도 제주시 도련이동 751-1,제주특별자치도 제주시 도련이동 751-1,원호형,원호형,10,360,500,일반,Y,33.5120589800,126.5967462000,Y,N,,제주특별자치도 제주시청,064-728-3742,2024-07-25,I,2026-05-15 18:45:22,2024-09-04 21:39:34
6510000,202465100000600399,,제주특별자치도 제주시 흥운길,제주특별자치도,제주시,제주특별자치도 제주시 흥운길 91,제주특별자치도 제주시 용담이동 448,제주특별자치도 제주시 용담이동 448,원호형,원호형,8,360,500,일반,Y,33.5156240800,126.5132746000,Y,N,,제주특별자치도 제주시청,064-728-3742,2024-07-25,I,2026-05-15 18:45:22,2024-09-04 21:39:26
6510000,202465100000600985,,제주특별자치도 제주시 오도9길,제주특별자치도,제주시,제주특별자치도 제주시 오도9길 11,제주특별자치도 제주시 이호이동 1001-3,제주특별자치도 제주시 이호이동 1001-3,원호형,원호형,8,360,500,일반,Y,33.4912557306,126.4604618465,Y,N,,제주특별자치도 제주시청,064-728-3742,2024-07-25,I,2026-05-15 18:45:22,2024-09-04 21:39:29
6510000,202465100000602010,,제주특별자치도 제주시 공설로11길,제주특별자치도,제주시,제주특별자치도 제주시 공설로11길 21,제주특별자치도 제주시 오라일동 2451-19,제주특별자치도 제주시 오라일동 2451-19,원호형,원호형,10,360,500,일반,Y,33.4962314900,126.5191622000,Y,N,,제주특별자치도 제주시청,064-728-3742,2024-07-25,I,2026-05-15 18:45:22,2024-09-04 21:39:36
6510000,202465100000600149,,제주특별자치도 제주시 함와로,제주특별자치도,제주시,,제주특별자치도 제주시 조천읍 대흘리 121,제주특별자치도 제주시 조천읍 대흘리 121,원호형,원호형,10,360,500,일반,Y,33.5114532523,126.6735293012,Y,N,,제주특별자치도 제주시청,064-728-3742,2024-07-25,I,2026-05-15 18:45:22,2024-09-04 21:39:24
6510000,202465100000601700,,제주특별자치도 제주시 용담로20길,제주특별자치도,제주시,제주특별자치도 제주시 용담로20길 19,제주특별자치도 제주시 용담일동 247-1,제주특별자치도 제주시 용담일동 247-1,원호형,원호형,8,360,500,일반,Y,33.5079632800,126.5142425000,Y,N,,제주특별자치도 제주시청,064-728-3742,2024-07-25,I,2026-05-15 18:45:22,2024-09-04 21:39:34
6510000,202465100000600561,,제주특별자치도 제주시 청풍남6길,제주특별자치도,제주시,제주특별자치도 제주시 청풍남6길 65-1,제주특별자치도 제주시 화북이동 935-1,제주특별자치도 제주시 화북이동 935-1,원호형,원호형,10,360,500,일반,Y,33.5143167600,126.5703334000,Y,N,,제주특별자치도 제주시청,064-728-3742,2024-07-25,I,2026-05-15 18:45:22,2024-09-04 21:39:26
6510000,202465100000600860,,제주특별자치도 제주시 대통길,제주특별자치도,제주시,제주특별자치도 제주시 대통길 96,제주특별자치도 제주시 내도동 174-1,제주특별자치도 제주시 내도동 174-1,원호형,원호형,10,360,500,일반,Y,33.4854596700,126.4455897000,Y,N,,제주특별자치도 제주시청,064-728-3742,2024-07-25,I,2026-05-15 18:45:22,2024-09-04 21:39:28
6510000,202465100000600173,,제주특별자치도 제주시 조와로,제주특별자치도,제주시,제주특별자치도 제주시 조천읍 조와로 363-1,제주특별자치도 제주시 조천읍 와흘리 1436-1,제주특별자치도 제주시 조천읍 와흘리 1436-1,원호형,원호형,10,360,500,일반,Y,33.5040993658,126.6360372490,Y,N,,제주특별자치도 제주시청,064-728-3742,2024-07-25,I,2026-05-15 18:45:22,2024-09-04 21:39:24
6510000,202465100000600408,,제주특별자치도 제주시 용마로,제주특별자치도,제주시,제주특별자치도 제주시 용마로 16,제주특별자치도 제주시 용담삼동 531-38,제주특별자치도 제주시 용담삼동 531-38,원호형,원호형,8,360,500,일반,Y,33.5145159200,126.5061182000,Y,N,,제주특별자치도 제주시청,064-728-3742,2024-07-25,I,2026-05-15 18:45:22,2024-09-04 21:39:26
6510000,202465100000600175,,제주특별자치도 제주시 조와로,제주특별자치도,제주시,제주특별자치도 제주시 조천읍 신조로 152,제주특별자치도 제주시 조천읍 조천리 1892-1,제주특별자치도 제주시 조천읍 조천리 1892-1,원호형,원호형,10,360,500,일반,Y,33.5183712899,126.6354941946,Y,N,,제주특별자치도 제주시청,064-728-3742,2024-07-25,I,2026-05-15 18:45:22,2024-09-04 21:39:24
6510000,202465100000600701,,제주특별자치도 제주시 수덕11길,제주특별자치도,제주시,제주특별자치도 제주시 수덕11길 46,제주특별자치도 제주시 노형동 2529-7,제주특별자치도 제주시 노형동 2529-7,원호형,원호형,10,360,500,일반,Y,33.4854485700,126.4721603000,Y,N,,제주특별자치도 제주시청,064-728-3742,2024-07-25,I,2026-05-15 18:45:22,2024-09-04 21:39:27
6510000,202465100000601534,,제주특별자치도 제주시 선사로6길,제주특별자치도,제주시,제주특별자치도 제주시 선사로6길 55,제주특별자치도 제주시 삼양일동 1601-11,제주특별자치도 제주시 삼양일동 1601-11,원호형,원호형,10,360,500,일반,Y,33.5271990700,126.5902096000,Y,N,,제주특별자치도 제주시청,064-728-3742,2024-07-25,I,2026-05-15 18:45:22,2024-09-04 21:39:33
6510000,202465100000601513,,제주특별자치도 제주시 신대로10길,제주특별자치도,제주시,제주특별자치도 제주시 신대로10길 20,제주특별자치도 제주시 연동 291-73,제주특별자치도 제주시 연동 291-73,원호형,원호형,10,360,500,일반,Y,33.4909779800,126.4945310000,Y,N,,제주특별자치도 제주시청,064-728-3742,2024-07-25,I,2026-05-15 18:45:22,2024-09-04 21:39:33
6510000,202465100000601658,,제주특별자치도 제주시 매촌4길,제주특별자치도,제주시,,제주특별자치도 제주시 도련이동 454-2,제주특별자치도 제주시 도련이동 454-2,원호형,원호형,10,360,500,일반,Y,33.5145517528,126.5927954309,Y,N,,제주특별자치도 제주시청,064-728-3742,2024-07-25,I,2026-05-15 18:45:22,2024-09-04 21:39:34
6510000,202465100000601749,,제주특별자치도 제주시 대원북길,제주특별자치도,제주시,제주특별자치도 제주시 대원북길 23-2,제주특별자치도 제주시 아라일동 2894-1,제주특별자치도 제주시 아라일동 2894-1,원호형,원호형,10,360,500,일반,Y,33.4755184963,126.5321555563,Y,N,,제주특별자치도 제주시청,064-728-3742,2024-07-25,I,2026-05-15 18:45:22,2024-09-04 21:39:34
6510000,202465100000600865,,제주특별자치도 제주시 조공포길,제주특별자치도,제주시,제주특별자치도 제주시 조공포길 8,제주특별자치도 제주시 외도일동 436-7,제주특별자치도 제주시 외도일동 436-7,원호형,원호형,10,360,500,일반,Y,33.4916808124,126.4340798143,Y,N,,제주특별자치도 제주시청,064-728-3742,2024-07-25,I,2026-05-15 18:45:22,2024-09-04 21:39:28
6510000,202465100000600625,,제주특별자치도 제주시 1100로,제주특별자치도,제주시,,제주특별자치도 제주시 노형동 291-23,제주특별자치도 제주시 노형동 291-23,원호형,원호형,10,360,500,일반,Y,33.4497696568,126.4864231409,Y,N,,제주특별자치도 제주시청,064-728-3742,2024-07-25,I,2026-05-15 18:45:22,2024-09-04 21:39:27
6510000,202465100000600572,,제주특별자치도 제주시 화삼북로4길,제주특별자치도,제주시,제주특별자치도 제주시 화삼북로4길 8,제주특별자치도 제주시 화북일동 1006-2,제주특별자치도 제주시 화북일동 1006-2,원호형,원호형,10,360,500,일반,Y,33.5168544653,126.5772721961,Y,N,,제주특별자치도 제주시청,064-728-3742,2024-07-25,I,2026-05-15 18:45:22,2024-09-04 21:39:27
6510000,202465100000600970,,제주특별자치도 제주시 백포동길,제주특별자치도,제주시,,제주특별자치도 제주시 이호일동 596-1,제주특별자치도 제주시 이호일동 596-1,원호형,원호형,8,360,500,일반,Y,33.5022271432,126.4607413620,Y,N,,제주특별자치도 제주시청,064-728-3742,2024-07-25,I,2026-05-15 18:45:22,2024-09-04 21:39:29
6510000,202465100000601291,,제주특별자치도 제주시 신한로,제주특별자치도,제주시,제주특별자치도 제주시 한경면 신한로 50,제주특별자치도 제주시 한경면 신창리 35-2,제주특별자치도 제주시 한경면 신창리 35-2,원호형,원호형,10,360,500,일반,Y,33.3480423897,126.1877665825,Y,N,,제주특별자치도 제주시청,064-728-3742,2024-07-25,I,2026-05-15 18:45:22,2024-09-04 21:39:31
6510000,202465100000600028,,제주특별자치도 제주시 중엄안3길,제주특별자치도,제주시,,제주특별자치도 제주시 애월읍 신엄리 791,제주특별자치도 제주시 애월읍 신엄리 791,원호형,원호형,10,360,500,일반,Y,33.4736112912,126.3729028682,Y,N,,제주특별자치도 제주시청,064-728-3742,2024-07-25,I,2026-05-15 18:45:22,2024-09-04 21:39:24
6510000,202465100000601636,,제주특별자치도 제주시 매촌2길,제주특별자치도,제주시,,제주특별자치도 제주시 도련일동 1803-2,제주특별자치도 제주시 도련일동 1803-2,원호형,원호형,10,360,500,일반,Y,33.5105604138,126.5916927086,Y,N,,제주특별자치도 제주시청,064-728-3742,2024-07-25,I,2026-05-15 18:45:22,2024-09-04 21:39:34
6510000,202465100000600062,,제주특별자치도 제주시 신북로,제주특별자치도,제주시,제주특별자치도 제주시 조천읍 조함해안로 61,제주특별자치도 제주시 조천읍 조천리 2769-1,제주특별자치도 제주시 조천읍 조천리 2769-1,원호형,원호형,10,360,500,일반,Y,33.5425701616,126.6363325852,Y,N,,제주특별자치도 제주시청,064-728-3742,2024-07-25,I,2026-05-15 18:45:22,2024-09-04 21:39:24
6510000,202465100000600489,,제주특별자치도 제주시 진동로,제주특별자치도,제주시,제주특별자치도 제주시 진동로 31,제주특별자치도 제주시 화북일동 1968-3,제주특별자치도 제주시 화북일동 1968-3,원호형,원호형,10,360,500,일반,Y,33.5217828900,126.5678599000,Y,N,,제주특별자치도 제주시청,064-728-3742,2024-07-25,I,2026-05-15 18:45:22,2024-09-04 21:39:26
6510000,202465100000601356,,제주특별자치도 제주시 연화로2길,제주특별자치도,제주시,제주특별자치도 제주시 연화로2길 34,제주특별자치도 제주시 연동 1520,제주특별자치도 제주시 연동 1520,원호형,원호형,8,360,500,일반,Y,33.4779711400,126.4904990000,Y,N,,제주특별자치도 제주시청,064-728-3742,2024-07-25,I,2026-05-15 18:45:22,2024-09-04 21:39:31
6510000,202465100000601195,,제주특별자치도 제주시 신산로13길,제주특별자치도,제주시,제주특별자치도 제주시 신산로13길 18,제주특별자치도 제주시 일도이동 340,제주특별자치도 제주시 일도이동 340,원호형,원호형,8,360,500,일반,Y,33.5067627100,126.5366482000,Y,N,,제주특별자치도 제주시청,064-728-3742,2024-07-25,I,2026-05-15 18:45:22,2024-09-04 21:39:30
6510000,202465100000601155,,제주특별자치도 제주시 종달로1길,제주특별자치도,제주시,,제주특별자치도 제주시 구좌읍 종달리 554,제주특별자치도 제주시 구좌읍 종달리 554,원호형,원호형,10,360,500,일반,Y,33.4951262704,126.9052252355,Y,N,,제주특별자치도 제주시청,064-728-3742,2024-07-25,I,2026-05-15 18:45:22,2024-09-04 21:39:30
6510000,202465100000600741,,제주특별자치도 제주시 달마루길,제주특별자치도,제주시,,제주특별자치도 제주시 노형동 2575-1,제주특별자치도 제주시 노형동 2575-1,원호형,원호형,10,360,500,일반,Y,33.4906205651,126.4731587880,Y,N,,제주특별자치도 제주시청,064-728-3742,2024-07-25,I,2026-05-15 18:45:22,2024-09-04 21:39:28
6510000,202465100000600868,,제주특별자치도 제주시 조공포길,제주특별자치도,제주시,제주특별자치도 제주시 조공포길 53,제주특별자치도 제주시 외도일동 659,제주특별자치도 제주시 외도일동 659,원호형,원호형,10,360,500,일반,Y,33.4874320358,126.4344659701,Y,N,,제주특별자치도 제주시청,064-728-3742,2024-07-25,I,2026-05-15 18:45:22,2024-09-04 21:39:28
6510000,202465100000600447,,제주특별자치도 제주시 용담로,제주특별자치도,제주시,제주특별자치도 제주시 용담로 65,제주특별자치도 제주시 용담삼동 581,제주특별자치도 제주시 용담삼동 581,원호형,원호형,8,360,500,일반,Y,33.5137606100,126.5102401000,Y,N,,제주특별자치도 제주시청,064-728-3742,2024-07-25,I,2026-05-15 18:45:22,2024-09-04 21:39:26
6510000,202465100000601745,,제주특별자치도 제주시 기자길,제주특별자치도,제주시,제주특별자치도 제주시 기자길 52,제주특별자치도 제주시 아라이동 1482-6,제주특별자치도 제주시 아라이동 1482-6,원호형,원호형,8,330,500,일반,Y,33.4820140204,126.5464109135,Y,N,,제주특별자치도 제주시청,064-728-3742,2024-07-25,I,2026-05-15 18:45:22,2024-09-04 21:39:34
6510000,202465100000601384,,제주특별자치도 제주시 신대로20길,제주특별자치도,제주시,제주특별자치도 제주시 신대로20길 56,제주특별자치도 제주시 연동 275-1,제주특별자치도 제주시 연동 275-1,원호형,원호형,8,360,500,일반,Y,33.4839249700,126.4904069000,Y,N,,제주특별자치도 제주시청,064-728-3742,2024-07-25,I,2026-05-15 18:45:22,2024-09-04 21:39:32
6510000,202465100000600756,,제주특별자치도 제주시 다랑곶길,제주특별자치도,제주시,제주특별자치도 제주시 다랑곶길 9,제주특별자치도 제주시 노형동 1279-9,제주특별자치도 제주시 노형동 1279-9,원호형,원호형,10,360,500,일반,Y,33.4873616500,126.4792551000,Y,N,,제주특별자치도 제주시청,064-728-3742,2024-07-25,I,2026-05-15 18:45:22,2024-09-04 21:39:28
6510000,202465100000600158,,제주특별자치도 제주시 와선로,제주특별자치도,제주시,,제주특별자치도 제주시 조천읍 와산리 247-1,제주특별자치도 제주시 조천읍 와산리 247-1,원호형,원호형,10,360,500,일반,Y,33.4823803733,126.6913081202,Y,N,,제주특별자치도 제주시청,064-728-3742,2024-07-25,I,2026-05-15 18:45:22,2024-09-04 21:39:24
6510000,202465100000600513,,제주특별자치도 제주시 진남로2길,제주특별자치도,제주시,제주특별자치도 제주시 진남로2길 10,제주특별자치도 제주시 화북일동 1982,제주특별자치도 제주시 화북일동 1982,원호형,원호형,10,360,500,일반,Y,33.5197053900,126.5642684000,Y,N,,제주특별자치도 제주시청,064-728-3742,2024-07-25,I,2026-05-15 18:45:22,2024-09-04 21:39:26
6510000,202465100000601624,,제주특별자치도 제주시 도련길,제주특별자치도,제주시,제주특별자치도 제주시 도련길 23,제주특별자치도 제주시 도련일동 1690-8,제주특별자치도 제주시 도련일동 1690-8,원호형,원호형,10,360,500,일반,Y,33.5086294142,126.5874938216,Y,N,,제주특별자치도 제주시청,064-728-3742,2024-07-25,I,2026-05-15 18:45:22,2024-09-04 21:39:34
6510000,202465100000600738,,제주특별자치도 제주시 수덕9길,제주특별자치도,제주시,,제주특별자치도 제주시 노형동 2514-1,제주특별자치도 제주시 노형동 2514-1,원호형,가상형,0,360,500,일반,Y,33.4836150680,126.4715486651,Y,N,,제주특별자치도 제주시청,064-728-3742,2024-07-25,I,2026-05-15 18:45:22,2024-09-04 21:39:27
6510000,202465100000601954,,제주특별자치도 제주시 연사2길,제주특별자치도,제주시,제주특별자치도 제주시 연사2길 6,제주특별자치도 제주시 오라이동 1389-1,제주특별자치도 제주시 오라이동 1389-1,원호형,원호형,10,360,500,일반,Y,33.4883192200,126.5138077000,Y,N,,제주특별자치도 제주시청,064-728-3742,2024-07-25,I,2026-05-15 18:45:22,2024-09-04 21:39:36
6510000,202465100000600337,,제주특별자치도 제주시 중앙로16길,제주특별자치도,제주시,제주특별자치도 제주시 중앙로16길 10,제주특별자치도 제주시 삼도이동 251-10,제주특별자치도 제주시 삼도이동 251-10,원호형,원호형,8,360,500,일반,Y,33.5088166600,126.5227851000,Y,N,,제주특별자치도 제주시청,064-728-3742,2024-07-25,I,2026-05-15 18:45:22,2024-09-04 21:39:25
6510000,202465100000601359,,제주특별자치도 제주시 연화로2길,제주특별자치도,제주시,제주특별자치도 제주시 연화로2길 17-3,제주특별자치도 제주시 연동 1515-5,제주특별자치도 제주시 연동 1515-5,원호형,원호형,8,360,500,일반,Y,33.4778516947,126.4889917932,Y,N,,제주특별자치도 제주시청,064-728-3742,2024-07-25,I,2026-05-15 18:45:22,2024-09-04 21:39:31
6510000,202465100000600592,,제주특별자치도 제주시 종인내길,제주특별자치도,제주시,,제주특별자치도 제주시 회천동 598-1,제주특별자치도 제주시 회천동 598-1,원호형,원호형,10,360,500,일반,Y,33.4923227179,126.6240825833,Y,N,,제주특별자치도 제주시청,064-728-3742,2024-07-25,I,2026-05-15 18:45:22,2024-09-04 21:39:27
6510000,202465100000601726,,제주특별자치도 제주시 구산로,제주특별자치도,제주시,제주특별자치도 제주시 구산로 26,제주특별자치도 제주시 아라일동 2408-18,제주특별자치도 제주시 아라일동 2408-18,원호형,가상형,0,380,500,일반,Y,33.4830325600,126.5379927000,Y,N,,제주특별자치도 제주시청,064-728-3742,2024-07-25,I,2026-05-15 18:45:22,2024-09-04 21:39:34
6510000,202465100000600630,,제주특별자치도 제주시 1100로,제주특별자치도,제주시,제주특별자치도 제주시 1100로 2894-65,제주특별자치도 제주시 노형동 289-14,제주특별자치도 제주시 노형동 289-14,원호형,원호형,10,360,500,일반,Y,33.4514303906,126.4874067868,Y,N,,제주특별자치도 제주시청,064-728-3742,2024-07-25,I,2026-05-15 18:45:22,2024-09-04 21:39:27
6510000,202465100000601684,,제주특별자치도 제주시 서광로3길,제주특별자치도,제주시,제주특별자치도 제주시 남성로4길 1,제주특별자치도 제주시 용담일동 2818-9,제주특별자치도 제주시 용담일동 2818-9,원호형,원호형,8,360,500,일반,Y,33.5021954800,126.5132650000,Y,N,,제주특별자치도 제주시청,064-728-3742,2024-07-25,I,2026-05-15 18:45:22,2024-09-04 21:39:34
6510000,202465100000600769,,제주특별자치도 제주시 월랑로2길,제주특별자치도,제주시,제주특별자치도 제주시 월랑로2길 24-2,제주특별자치도 제주시 노형동 1295-14,제주특별자치도 제주시 노형동 1295-14,원호형,원호형,8,360,500,일반,Y,33.4878123500,126.4814057000,Y,N,,제주특별자치도 제주시청,064-728-3742,2024-07-25,I,2026-05-15 18:45:22,2024-09-04 21:39:28
6510000,202465100000600416,,제주특별자치도 제주시 용문로12길,제주특별자치도,제주시,제주특별자치도 제주시 용문로12길 25,제주특별자치도 제주시 용담이동 2690-10,제주특별자치도 제주시 용담이동 2690-10,원호형,원호형,8,360,500,일반,Y,33.5047384871,126.5109234305,Y,N,,제주특별자치도 제주시청,064-728-3742,2024-07-25,I,2026-05-15 18:45:22,2024-09-04 21:39:26
6510000,202465100000601254,,제주특별자치도 제주시 연수로3길,제주특별자치도,제주시,제주특별자치도 제주시 연수로3길 15,제주특별자치도 제주시 일도이동 53-13,제주특별자치도 제주시 일도이동 53-13,원호형,가상형,0,360,500,일반,Y,33.5030542635,126.5443240191,Y,N,,제주특별자치도 제주시청,064-728-3742,2024-07-25,I,2026-05-15 18:45:22,2024-09-04 21:39:31
6510000,202465100000600357,,제주특별자치도 제주시 월성로4길,제주특별자치도,제주시,제주특별자치도 제주시 월성로4길 8,제주특별자치도 제주시 용담이동 744-18,제주특별자치도 제주시 용담이동 744-18,원호형,원호형,8,360,500,일반,Y,33.5025338900,126.5039766000,Y,N,,제주특별자치도 제주시청,064-728-3742,2024-07-25,I,2026-05-15 18:45:22,2024-09-04 21:39:25
6510000,202465100000601454,,제주특별자치도 제주시 신대로19길,제주특별자치도,제주시,제주특별자치도 제주시 신대로19길 40,제주특별자치도 제주시 연동 327-3,제주특별자치도 제주시 연동 327-3,원호형,원호형,10,360,500,일반,Y,33.4833540000,126.5005065000,Y,N,,제주특별자치도 제주시청,064-728-3742,2024-07-25,I,2026-05-15 18:45:22,2024-09-04 21:39:32
6510000,202465100000601385,,제주특별자치도 제주시 신대로22길,제주특별자치도,제주시,제주특별자치도 제주시 신대로22길 40,제주특별자치도 제주시 연동 279-2,제주특별자치도 제주시 연동 279-2,원호형,원호형,10,360,500,일반,Y,33.4825602600,126.4911387000,Y,N,,제주특별자치도 제주시청,064-728-3742,2024-07-25,I,2026-05-15 18:45:22,2024-09-04 21:39:32
6510000,202465100000602009,,제주특별자치도 제주시 서사로,제주특별자치도,제주시,제주특별자치도 제주시 서사로25길 18,제주특별자치도 제주시 오라일동 2453-10,제주특별자치도 제주시 오라일동 2453-10,원호형,원호형,10,360,500,일반,Y,33.4967659600,126.5205136000,Y,N,,제주특별자치도 제주시청,064-728-3742,2024-07-25,I,2026-05-15 18:45:22,2024-09-04 21:39:36
6510000,202465100000601850,,제주특별자치도 제주시 기와 4길,제주특별자치도,제주시,,제주특별자치도 제주시 영평동 2735-2,제주특별자치도 제주시 영평동 2735-2,원호형,원호형,8,350,500,일반,Y,33.4821927578,126.5586929820,Y,N,,제주특별자치도 제주시청,064-728-3742,2024-07-25,I,2026-05-15 18:45:22,2024-09-04 21:39:35
6510000,202465100000602019,,제주특별자치도 제주시 공설로5길,제주특별자치도,제주시,제주특별자치도 제주시 공설로7길 1,제주특별자치도 제주시 오라일동 2447,제주특별자치도 제주시 오라일동 2447,원호형,원호형,10,360,500,일반,Y,33.4979032800,126.5178328000,Y,N,,제주특별자치도 제주시청,064-728-3742,2024-07-25,I,2026-05-15 18:45:22,2024-09-04 21:39:36
6510000,202465100000601968,,제주특별자치도 제주시 연미길,제주특별자치도,제주시,제주특별자치도 제주시 연미길 79,제주특별자치도 제주시 오라이동 3022,제주특별자치도 제주시 오라이동 3022,원호형,원호형,10,360,500,일반,Y,33.4869187004,126.5042073423,Y,N,,제주특별자치도 제주시청,064-728-3742,2024-07-25,I,2026-05-15 18:45:22,2024-09-04 21:39:36
6510000,202465100000600487,,제주특별자치도 제주시 진동로,제주특별자치도,제주시,제주특별자치도 제주시 진동로 43,제주특별자치도 제주시 화북일동 1944-4,제주특별자치도 제주시 화북일동 1944-4,원호형,원호형,10,360,500,일반,Y,33.5227164188,126.5674784688,Y,N,,제주특별자치도 제주시청,064-728-3742,2024-07-25,I,2026-05-15 18:45:22,2024-09-04 21:39:26
6510000,202465100000601018,,제주특별자치도 제주시 도리로,제주특별자치도,제주시,,제주특별자치도 제주시 도두이동 2612-36,제주특별자치도 제주시 도두이동 2612-36,원호형,원호형,10,360,500,일반,Y,33.5082200728,126.4762514607,Y,N,,제주특별자치도 제주시청,064-728-3742,2024-07-25,I,2026-05-15 18:45:22,2024-09-04 21:39:29
6510000,202465100000600244,,제주특별자치도 제주시 서광로 22길,제주특별자치도,제주시,제주특별자치도 제주시 서광로22길 13,제주특별자치도 제주시 삼도일동 580-8,제주특별자치도 제주시 삼도일동 580-8,원호형,가상형,0,360,500,일반,Y,33.4984214400,126.5230289000,Y,N,,제주특별자치도 제주시청,064-728-3742,2024-07-25,I,2026-05-15 18:45:22,2024-09-04 21:39:25
6510000,202465100000600264,,제주특별자치도 제주시 홍랑길,제주특별자치도,제주시,제주특별자치도 제주시 홍랑길 38,제주특별자치도 제주시 삼도일동 305-51,제주특별자치도 제주시 삼도일동 305-51,원호형,가상형,0,360,500,일반,Y,33.5030700900,126.5232765000,Y,N,,제주특별자치도 제주시청,064-728-3742,2024-07-25,I,2026-05-15 18:45:22,2024-09-04 21:39:25
6510000,202465100000600131,,제주특별자치도 제주시 선흘동1길,제주특별자치도,제주시,제주특별자치도 제주시 조천읍 중산간동로 1279,제주특별자치도 제주시 조천읍 선흘리 1111-6,제주특별자치도 제주시 조천읍 선흘리 1111-6,원호형,원호형,10,360,500,일반,Y,33.5117783582,126.7052189749,Y,N,,제주특별자치도 제주시청,064-728-3742,2024-07-25,I,2026-05-15 18:45:22,2024-09-04 21:39:24
6510000,202465100000600170,,제주특별자치도 제주시 와흘로,제주특별자치도,제주시,,제주특별자치도 제주시 조천읍 와흘리 986,제주특별자치도 제주시 조천읍 와흘리 986,원호형,원호형,10,360,500,일반,Y,33.4925425259,126.6349524813,Y,N,,제주특별자치도 제주시청,064-728-3742,2024-07-25,I,2026-05-15 18:45:22,2024-09-04 21:39:24
6510000,202465100000601957,,제주특별자치도 제주시 연사길,제주특별자치도,제주시,,제주특별자치도 제주시 오라이동 1384-2,제주특별자치도 제주시 오라이동 1384-2,원호형,원호형,10,360,500,일반,Y,33.4888765888,126.5140250558,Y,N,,제주특별자치도 제주시청,064-728-3742,2024-07-25,I,2026-05-15 18:45:22,2024-09-04 21:39:36
6510000,202465100000601062,,제주특별자치도 제주시 한수풀로,제주특별자치도,제주시,,제주특별자치도 제주시 한림읍 대림리 765-2,제주특별자치도 제주시 한림읍 대림리 765-2,원호형,원호형,10,360,500,일반,Y,33.4222701066,126.2806362520,Y,N,,제주특별자치도 제주시청,064-728-3742,2024-07-25,I,2026-05-15 18:45:22,2024-09-04 21:39:29
6510000,202465100000600486,,제주특별자치도 제주시 진동로,제주특별자치도,제주시,제주특별자치도 제주시 진동로 45-1,제주특별자치도 제주시 화북일동 1943-11,제주특별자치도 제주시 화북일동 1943-11,원호형,원호형,10,360,500,일반,Y,33.5231887049,126.5674878511,Y,N,,제주특별자치도 제주시청,064-728-3742,2024-07-25,I,2026-05-15 18:45:22,2024-09-04 21:39:26
6510000,202465100000600344,,제주특별자치도 제주시 서사로11길,제주특별자치도,제주시,제주특별자치도 제주시 서사로11길 5,제주특별자치도 제주시 삼도이동 598-20,제주특별자치도 제주시 삼도이동 598-20,원호형,원호형,10,360,500,일반,Y,33.5058806600,126.5207614000,Y,N,,제주특별자치도 제주시청,064-728-3742,2024-07-25,I,2026-05-15 18:45:22,2024-09-04 21:39:25
6510000,202465100000600226,,제주특별자치도 제주시 서광로29길,제주특별자치도,제주시,제주특별자치도 제주시 서광로29길 3,제주특별자치도 제주시 이도일동 1782-1,제주특별자치도 제주시 이도일동 1782-1,원호형,원호형,10,360,500,일반,Y,33.5007125500,126.5265285000,Y,N,,제주특별자치도 제주시청,064-728-3742,2024-07-25,I,2026-05-15 18:45:22,2024-09-04 21:39:25
6510000,202465100000601329,,제주특별자치도 제주시 도남로16길,제주특별자치도,제주시,제주특별자치도 제주시 도남로16길 23,제주특별자치도 제주시 도남동 63-2,제주특별자치도 제주시 도남동 63-2,원호형,원호형,10,360,500,일반,Y,33.4910908900,126.5275095000,Y,N,,제주특별자치도 제주시청,064-728-3742,2024-07-25,I,2026-05-15 18:45:22,2024-09-04 21:39:31
6510000,202465100000601923,,제주특별자치도 제주시 한북로,제주특별자치도,제주시,제주특별자치도 제주시 한북로 59-5,제주특별자치도 제주시 오등동 1705-1,제주특별자치도 제주시 오등동 1705-1,원호형,원호형,8,320,500,일반,Y,33.4636686700,126.5219817000,Y,N,,제주특별자치도 제주시청,064-728-3742,2024-07-25,I,2026-05-15 18:45:22,2024-09-04 21:39:36
6510000,202465100000600259,,제주특별자치도 제주시 서광로 27길,제주특별자치도,제주시,제주특별자치도 제주시 서광로27길 17,제주특별자치도 제주시 삼도일동 319-12,제주특별자치도 제주시 삼도일동 319-12,원호형,가상형,0,360,500,일반,Y,33.5012570400,126.5244389000,Y,N,,제주특별자치도 제주시청,064-728-3742,2024-07-25,I,2026-05-15 18:45:22,2024-09-04 21:39:25
6510000,202465100000600476,,제주특별자치도 제주시 금산5길,제주특별자치도,제주시,제주특별자치도 제주시 금산5길 37,제주특별자치도 제주시 화북일동 4270-2,제주특별자치도 제주시 화북일동 4270-2,원호형,원호형,10,360,500,일반,Y,33.5259420900,126.5638166000,Y,N,,제주특별자치도 제주시청,064-728-3742,2024-07-25,I,2026-05-15 18:45:22,2024-09-04 21:39:26
6510000,202465100000601826,,제주특별자치도 제주시 아연로,제주특별자치도,제주시,제주특별자치도 제주시 아연로 329,제주특별자치도 제주시 오등동 1674-2,제주특별자치도 제주시 오등동 1674-2,원호형,가상형,0,360,500,일반,Y,33.4676328800,126.5218815000,Y,N,,제주특별자치도 제주시청,064-728-3742,2024-07-25,I,2026-05-15 18:45:22,2024-09-04 21:39:35
6510000,202465100000601554,,제주특별자치도 제주시 설촌로12길,제주특별자치도,제주시,,제주특별자치도 제주시 삼양이동 2004,제주특별자치도 제주시 삼양이동 2004,원호형,원호형,10,360,500,일반,Y,33.5246259378,126.5819303708,Y,N,,제주특별자치도 제주시청,064-728-3742,2024-07-25,I,2026-05-15 18:45:22,2024-09-04 21:39:33
6510000,202465100000600905,,제주특별자치도 제주시 절물3길,제주특별자치도,제주시,,제주특별자치도 제주시 외도일동 452-9,제주특별자치도 제주시 외도일동 452-9,원호형,원호형,10,360,500,일반,Y,33.4913326096,126.4335827800,Y,N,,제주특별자치도 제주시청,064-728-3742,2024-07-25,I,2026-05-15 18:45:22,2024-09-04 21:39:28
6510000,202465100000600396,,제주특별자치도 제주시 흥운길,제주특별자치도,제주시,제주특별자치도 제주시 흥운길 69,제주특별자치도 제주시 용담이동 456-6,제주특별자치도 제주시 용담이동 456-6,원호형,가상형,0,360,500,일반,Y,33.5148892900,126.5137812000,Y,N,,제주특별자치도 제주시청,064-728-3742,2024-07-25,I,2026-05-15 18:45:22,2024-09-04 21:39:26
6510000,202465100000601279,,제주특별자치도 제주시 두신로,제주특별자치도,제주시,,제주특별자치도 제주시 한경면 신창리 620-3,제주특별자치도 제주시 한경면 신창리 620-3,원호형,원호형,10,360,500,일반,Y,33.3446870827,126.1824746404,Y,N,,제주특별자치도 제주시청,064-728-3742,2024-07-25,I,2026-05-15 18:45:22,2024-09-04 21:39:31
6510000,202465100000601044,,제주특별자치도 제주시 한림해안로,제주특별자치도,제주시,제주특별자치도 제주시 한림읍 한림해안로 622,제주특별자치도 제주시 한림읍 귀덕리 4110,제주특별자치도 제주시 한림읍 귀덕리 4110,원호형,원호형,10,360,500,일반,Y,33.4424277400,126.2781956000,Y,N,,제주특별자치도 제주시청,064-728-3742,2024-07-25,I,2026-05-15 18:45:22,2024-09-04 21:39:29
6510000,202465100000601995,,제주특별자치도 제주시 월구1길,제주특별자치도,제주시,제주특별자치도 제주시 월구1길 31,제주특별자치도 제주시 오라삼동 2628-3,제주특별자치도 제주시 오라삼동 2628-3,원호형,원호형,10,360,500,일반,Y,33.4964250600,126.5033888000,Y,N,,제주특별자치도 제주시청,064-728-3742,2024-07-25,I,2026-05-15 18:45:22,2024-09-04 21:39:36
6510000,202465100000600395,,제주특별자치도 제주시 용두암길,제주특별자치도,제주시,제주특별자치도 제주시 용담로7길 18,제주특별자치도 제주시 용담이동 3820,제주특별자치도 제주시 용담이동 3820,원호형,원호형,8,360,500,일반,Y,33.5140403060,126.5112960017,Y,N,,제주특별자치도 제주시청,064-728-3742,2024-07-25,I,2026-05-15 18:45:22,2024-09-04 21:39:26
6510000,202465100000600311,,제주특별자치도 제주시 중앙로8길,제주특별자치도,제주시,제주특별자치도 제주시 관덕로 25,제주특별자치도 제주시 삼도이동 1045-1,제주특별자치도 제주시 삼도이동 1045-1,원호형,원호형,8,360,500,일반,Y,33.5140017100,126.5218039000,Y,N,,제주특별자치도 제주시청,064-728-3742,2024-07-25,I,2026-05-15 18:45:22,2024-09-04 21:39:25
6510000,202465100000601623,,제주특별자치도 제주시 도련길,제주특별자치도,제주시,,제주특별자치도 제주시 도련일동 1695-7,제주특별자치도 제주시 도련일동 1695-7,원호형,원호형,10,360,500,일반,Y,33.5085149776,126.5866139145,Y,N,,제주특별자치도 제주시청,064-728-3742,2024-07-25,I,2026-05-15 18:45:22,2024-09-04 21:39:33
6510000,202465100000600849,,제주특별자치도 제주시 신산마을길,제주특별자치도,제주시,제주특별자치도 제주시 신산마을길 96,제주특별자치도 제주시 도평동 641-7,제주특별자치도 제주시 도평동 641-7,원호형,원호형,10,360,500,일반,Y,33.4874513200,126.4516976000,Y,N,,제주특별자치도 제주시청,064-728-3742,2024-07-25,I,2026-05-15 18:45:22,2024-09-04 21:39:28
6510000,202465100000601231,,제주특별자치도 제주시 고마로17길,제주특별자치도,제주시,제주특별자치도 제주시 고마로17길 35,제주특별자치도 제주시 일도이동 397-7,제주특별자치도 제주시 일도이동 397-7,원호형,원호형,8,360,500,일반,Y,33.5076086500,126.5440289000,Y,N,,제주특별자치도 제주시청,064-728-3742,2024-07-25,I,2026-05-15 18:45:22,2024-09-04 21:39:31
6510000,202465100000600037,,제주특별자치도 제주시 애월해안로,제주특별자치도,제주시,제주특별자치도 제주시 애월읍 애월해안로 32,제주특별자치도 제주시 애월읍 애월리 1827-1,제주특별자치도 제주시 애월읍 애월리 1827-1,원호형,원호형,10,360,500,일반,Y,33.4664978913,126.3180297720,Y,N,,제주특별자치도 제주시청,064-728-3742,2024-07-25,I,2026-05-15 18:45:22,2024-09-04 21:39:24
6510000,202465100000601854,,제주특별자치도 제주시 오등4길,제주특별자치도,제주시,제주특별자치도 제주시 오등4길 19,제주특별자치도 제주시 오등동 1165,제주특별자치도 제주시 오등동 1165,원호형,원호형,8,400,500,일반,Y,33.4649364300,126.5221982000,Y,N,,제주특별자치도 제주시청,064-728-3742,2024-07-25,I,2026-05-15 18:45:22,2024-09-04 21:39:35
6510000,202465100000600446,,제주특별자치도 제주시 용담로,제주특별자치도,제주시,제주특별자치도 제주시 용담로 65,제주특별자치도 제주시 용담삼동 581,제주특별자치도 제주시 용담삼동 581,원호형,원호형,8,360,500,일반,Y,33.5137606100,126.5102401000,Y,N,,제주특별자치도 제주시청,064-728-3742,2024-07-25,I,2026-05-15 18:45:22,2024-09-04 21:39:26
6510000,202465100000600111,,제주특별자치도 제주시 북촌14길,제주특별자치도,제주시,,제주특별자치도 제주시 조천읍 북촌리 704-7,제주특별자치도 제주시 조천읍 북촌리 704-7,원호형,원호형,10,360,500,일반,Y,33.5480696121,126.6993263939,Y,N,,제주특별자치도 제주시청,064-728-3742,2024-07-25,I,2026-05-15 18:45:22,2024-09-04 21:39:24
6510000,202465100000600791,,제주특별자치도 제주시 노형3길,제주특별자치도,제주시,제주특별자치도 제주시 노형3길 18-5,제주특별자치도 제주시 노형동 3795-5,제주특별자치도 제주시 노형동 3795-5,원호형,원호형,8,360,500,일반,Y,33.4821937100,126.4760863000,Y,N,,제주특별자치도 제주시청,064-728-3742,2024-07-25,I,2026-05-15 18:45:22,2024-09-04 21:39:28
6510000,202465100000600917,,제주특별자치도 제주시 월대4길,제주특별자치도,제주시,제주특별자치도 제주시 월대4길 16,제주특별자치도 제주시 외도이동 235-8,제주특별자치도 제주시 외도이동 235-8,원호형,원호형,10,360,500,일반,Y,33.4926166600,126.4347509000,Y,N,,제주특별자치도 제주시청,064-728-3742,2024-07-25,I,2026-05-15 18:45:22,2024-09-04 21:39:29
6510000,202465100000601298,,제주특별자치도 제주시 두신로,제주특별자치도,제주시,,제주특별자치도 제주시 한경면 신창리 127-3,제주특별자치도 제주시 한경면 신창리 127-3,원호형,원호형,10,360,500,일반,Y,33.3461578886,126.1837279325,Y,N,,제주특별자치도 제주시청,064-728-3742,2024-07-25,I,2026-05-15 18:45:22,2024-09-04 21:39:31
6510000,202465100000601584,,제주특별자치도 제주시 지석13길,제주특별자치도,제주시,제주특별자치도 제주시 지석13길 13,제주특별자치도 제주시 삼양이동 2133-4,제주특별자치도 제주시 삼양이동 2133-4,원호형,원호형,10,360,500,일반,Y,33.5221454959,126.5849122274,Y,N,,제주특별자치도 제주시청,064-728-3742,2024-07-25,I,2026-05-15 18:45:22,2024-09-04 21:39:33
6510000,202465100000600766,,제주특별자치도 제주시 다랑곶4길,제주특별자치도,제주시,제주특별자치도 제주시 다랑곶4길 10,제주특별자치도 제주시 노형동 1291-16,제주특별자치도 제주시 노형동 1291-16,원호형,원호형,10,360,500,일반,Y,33.4878382275,126.4808023737,Y,N,,제주특별자치도 제주시청,064-728-3742,2024-07-25,I,2026-05-15 18:45:22,2024-09-04 21:39:28
6510000,202465100000601627,,제주특별자치도 제주시 도련남길,제주특별자치도,제주시,제주특별자치도 제주시 도련6길 1,제주특별자치도 제주시 도련일동 2225-6,제주특별자치도 제주시 도련일동 2225-6,원호형,원호형,10,360,500,일반,Y,33.5073699100,126.5827364000,Y,N,,제주특별자치도 제주시청,064-728-3742,2024-07-25,I,2026-05-15 18:45:22,2024-09-04 21:39:34
6510000,202465100000601806,,제주특별자치도 제주시 아봉로,제주특별자치도,제주시,제주특별자치도 제주시 아봉로 329,제주특별자치도 제주시 월평동 1143-1,제주특별자치도 제주시 월평동 1143-1,원호형,원호형,10,350,500,일반,Y,33.4717667800,126.5720557000,Y,N,,제주특별자치도 제주시청,064-728-3742,2024-07-25,I,2026-05-15 18:45:22,2024-09-04 21:39:35
6510000,202465100000601558,,제주특별자치도 제주시 설촌로10길,제주특별자치도,제주시,제주특별자치도 제주시 설촌로10길 25,제주특별자치도 제주시 삼양이동 2102-21,제주특별자치도 제주시 삼양이동 2102-21,원호형,원호형,10,360,500,일반,Y,33.5241055800,126.5841921000,Y,N,,제주특별자치도 제주시청,064-728-3742,2024-07-25,I,2026-05-15 18:45:22,2024-09-04 21:39:33
6510000,202465100000601354,,제주특별자치도 제주시 연화로3길,제주특별자치도,제주시,제주특별자치도 제주시 연화로3길 10,제주특별자치도 제주시 연동 1528-6,제주특별자치도 제주시 연동 1528-6,원호형,원호형,10,360,500,일반,Y,33.4769180953,126.4884455717,Y,N,,제주특별자치도 제주시청,064-728-3742,2024-07-25,I,2026-05-15 18:45:22,2024-09-04 21:39:31
6510000,202465100000600787,,제주특별자치도 제주시 과원북4길,제주특별자치도,제주시,,제주특별자치도 제주시 노형동 733,제주특별자치도 제주시 노형동 733,원호형,원호형,10,360,500,일반,Y,33.4813010866,126.4870856926,Y,N,,제주특별자치도 제주시청,064-728-3742,2024-07-25,I,2026-05-15 18:45:22,2024-09-04 21:39:28
6510000,202465100000600314,,제주특별자치도 제주시 무근성5길,제주특별자치도,제주시,제주특별자치도 제주시 무근성1길 10,제주특별자치도 제주시 삼도이동 1138-6,제주특별자치도 제주시 삼도이동 1138-6,원호형,가상형,0,360,500,일반,Y,33.5146461294,126.5190467309,Y,N,,제주특별자치도 제주시청,064-728-3742,2024-07-25,I,2026-05-15 18:45:22,2024-09-04 21:39:25
6510000,202465100000601899,,제주특별자치도 제주시 첨단동길,제주특별자치도,제주시,제주특별자치도 제주시 첨단동길 92,제주특별자치도 제주시 월평동 683,제주특별자치도 제주시 월평동 683,원호형,원호형,10,360,500,일반,Y,33.4547867200,126.5797642000,Y,N,,제주특별자치도 제주시청,064-728-3742,2024-07-25,I,2026-05-15 18:45:22,2024-09-04 21:39:35
6510000,202465100000600550,,제주특별자치도 제주시 황사평길,제주특별자치도,제주시,,제주특별자치도 제주시 화북이동 2951-4,제주특별자치도 제주시 화북이동 2951-4,원호형,원호형,10,360,500,일반,Y,33.4944856587,126.5637593877,Y,N,,제주특별자치도 제주시청,064-728-3742,2024-07-25,I,2026-05-15 18:45:22,2024-09-04 21:39:26
6510000,202465100000601405,,제주특별자치도 제주시 제성1길,제주특별자치도,제주시,제주특별자치도 제주시 제성1길 16,제주특별자치도 제주시 연동 2442,제주특별자치도 제주시 연동 2442,원호형,원호형,10,360,500,일반,Y,33.4949576900,126.4824292000,Y,N,,제주특별자치도 제주시청,064-728-3742,2024-07-25,I,2026-05-15 18:45:22,2024-09-04 21:39:32
6510000,202465100000600604,,제주특별자치도 제주시 삼봉로,제주특별자치도,제주시,제주특별자치도 제주시 삼봉로 299-3,제주특별자치도 제주시 봉개동 1739-1,제주특별자치도 제주시 봉개동 1739-1,원호형,원호형,10,360,500,일반,Y,33.4957318982,126.5950037719,Y,N,,제주특별자치도 제주시청,064-728-3742,2024-07-25,I,2026-05-15 18:45:22,2024-09-04 21:39:27
6510000,202465100000601970,,제주특별자치도 제주시 사평6길,제주특별자치도,제주시,제주특별자치도 제주시 연사길 48,제주특별자치도 제주시 오라이동 1380,제주특별자치도 제주시 오라이동 1380,원호형,원호형,10,360,500,일반,Y,33.4892655300,126.5138529000,Y,N,,제주특별자치도 제주시청,064-728-3742,2024-07-25,I,2026-05-15 18:45:22,2024-09-04 21:39:36
6510000,202465100000601764,,제주특별자치도 제주시 산천단남길,제주특별자치도,제주시,제주특별자치도 제주시 산천단남길 10,제주특별자치도 제주시 아라일동 4-17,제주특별자치도 제주시 아라일동 4-17,원호형,원호형,10,370,500,일반,Y,33.4448911815,126.5608469004,Y,N,,제주특별자치도 제주시청,064-728-3742,2024-07-25,I,2026-05-15 18:45:22,2024-09-04 21:39:34
6510000,202465100000601610,,제주특별자치도 제주시 지석14길,제주특별자치도,제주시,제주특별자치도 제주시 지석14길 6,제주특별자치도 제주시 삼양이동 2180-12,제주특별자치도 제주시 삼양이동 2180-12,원호형,원호형,10,360,500,일반,Y,33.5205612365,126.5851598340,Y,N,,제주특별자치도 제주시청,064-728-3742,2024-07-25,I,2026-05-15 18:45:22,2024-09-04 21:39:33
6510000,202465100000600940,,제주특별자치도 제주시 현사길,제주특별자치도,제주시,제주특별자치도 제주시 현사길 23,제주특별자치도 제주시 이호일동 1815-5,제주특별자치도 제주시 이호일동 1815-5,원호형,원호형,8,360,500,일반,Y,33.4969394524,126.4494171457,Y,N,,제주특별자치도 제주시청,064-728-3742,2024-07-25,I,2026-05-15 18:45:22,2024-09-04 21:39:29
6510000,202465100000600516,,제주특별자치도 제주시 진남로2길,제주특별자치도,제주시,제주특별자치도 제주시 진동로5길 7,제주특별자치도 제주시 화북일동 1953-10,제주특별자치도 제주시 화북일동 1953-10,원호형,원호형,10,360,500,일반,Y,33.5211476745,126.5638599434,Y,N,,제주특별자치도 제주시청,064-728-3742,2024-07-25,I,2026-05-15 18:45:22,2024-09-04 21:39:26
6510000,202465100000600427,,제주특별자치도 제주시 용화로5길,제주특별자치도,제주시,제주특별자치도 제주시 용화로5길 8,제주특별자치도 제주시 용담이동 609-75,제주특별자치도 제주시 용담이동 609-75,원호형,가상형,0,360,500,일반,Y,33.5106885300,126.5064895000,Y,N,,제주특별자치도 제주시청,064-728-3742,2024-07-25,I,2026-05-15 18:45:22,2024-09-04 21:39:26
6510000,202465100000601665,,제주특별자치도 제주시 동한두기길,제주특별자치도,제주시,제주특별자치도 제주시 동한두기길 1,제주특별자치도 제주시 용담일동 2-7,제주특별자치도 제주시 용담일동 2-7,원호형,원호형,10,360,500,일반,Y,33.5152672900,126.5162356000,Y,N,,제주특별자치도 제주시청,064-728-3742,2024-07-25,I,2026-05-15 18:45:22,2024-09-04 21:39:34
6510000,202465100000600812,,제주특별자치도 제주시 곱은길,제주특별자치도,제주시,,제주특별자치도 제주시 도평동 323-1,제주특별자치도 제주시 도평동 323-1,원호형,원호형,10,360,500,일반,Y,33.4776666693,126.4530955815,Y,N,,제주특별자치도 제주시청,064-728-3742,2024-07-25,I,2026-05-15 18:45:22,2024-09-04 21:39:28
6510000,202465100000600283,,제주특별자치도 제주시 서사로 18길,제주특별자치도,제주시,제주특별자치도 제주시 서사로18길 33,제주특별자치도 제주시 삼도일동 504-3,제주특별자치도 제주시 삼도일동 504-3,원호형,가상형,0,360,500,일반,Y,33.5019341200,126.5162377000,Y,N,,제주특별자치도 제주시청,064-728-3742,2024-07-25,I,2026-05-15 18:45:22,2024-09-04 21:39:25
6510000,202465100000600307,,제주특별자치도 제주시 북성로,제주특별자치도,제주시,제주특별자치도 제주시 북성로 47-1,제주특별자치도 제주시 삼도이동 1123-2,제주특별자치도 제주시 삼도이동 1123-2,원호형,가상형,0,360,500,일반,Y,33.5155022600,126.5196698000,Y,N,,제주특별자치도 제주시청,064-728-3742,2024-07-25,I,2026-05-15 18:45:22,2024-09-04 21:39:25
6510000,202465100000601103,,제주특별자치도 제주시 한림로,제주특별자치도,제주시,,제주특별자치도 제주시 한림읍 금능리 1773-3,제주특별자치도 제주시 한림읍 금능리 1773-3,원호형,원호형,10,360,500,일반,Y,33.3857533419,126.2239946260,Y,N,,제주특별자치도 제주시청,064-728-3742,2024-07-25,I,2026-05-15 18:45:22,2024-09-04 21:39:30
6510000,202465100000601461,,제주특별자치도 제주시 신대로17길,제주특별자치도,제주시,제주특별자치도 제주시 신대로17길 19,제주특별자치도 제주시 연동 314-18,제주특별자치도 제주시 연동 314-18,원호형,원호형,10,360,500,일반,Y,33.4846627400,126.4984050000,Y,N,,제주특별자치도 제주시청,064-728-3742,2024-07-25,I,2026-05-15 18:45:22,2024-09-04 21:39:32
6510000,202465100000601596,,제주특별자치도 제주시 삼봉로2길,제주특별자치도,제주시,제주특별자치도 제주시 삼봉로2길 20,제주특별자치도 제주시 삼양이동 2181-31,제주특별자치도 제주시 삼양이동 2181-31,원호형,원호형,10,360,500,일반,Y,33.5197689100,126.5858048000,Y,N,,제주특별자치도 제주시청,064-728-3742,2024-07-25,I,2026-05-15 18:45:22,2024-09-04 21:39:33
6510000,202465100000601217,,제주특별자치도 제주시 고마로13길,제주특별자치도,제주시,제주특별자치도 제주시 고마로13길 10,제주특별자치도 제주시 일도이동 357-1,제주특별자치도 제주시 일도이동 357-1,원호형,원호형,8,360,500,일반,Y,33.5086560500,126.5408595000,Y,N,,제주특별자치도 제주시청,064-728-3742,2024-07-25,I,2026-05-15 18:45:22,2024-09-04 21:39:30
6510000,202465100000600928,,제주특별자치도 제주시 테우해안로,제주특별자치도,제주시,제주특별자치도 제주시 테우해안로 138,제주특별자치도 제주시 이호일동 1792,제주특별자치도 제주시 이호일동 1792,원호형,원호형,10,360,500,일반,Y,33.4975156400,126.4487228000,Y,N,,제주특별자치도 제주시청,064-728-3742,2024-07-25,I,2026-05-15 18:45:22,2024-09-04 21:39:29
6510000,202465100000600632,,제주특별자치도 제주시 1100로,제주특별자치도,제주시,,제주특별자치도 제주시 노형동 291,제주특별자치도 제주시 노형동 291,원호형,원호형,10,360,500,일반,Y,33.4492903215,126.4878615719,Y,N,,제주특별자치도 제주시청,064-728-3742,2024-07-25,I,2026-05-15 18:45:22,2024-09-04 21:39:27
6510000,202465100000601727,,제주특별자치도 제주시 구산로,제주특별자치도,제주시,제주특별자치도 제주시 구산로 39,제주특별자치도 제주시 아라일동 2386-5,제주특별자치도 제주시 아라일동 2386-5,원호형,가상형,0,360,500,일반,Y,33.4838859600,126.5393339000,Y,N,,제주특별자치도 제주시청,064-728-3742,2024-07-25,I,2026-05-15 18:45:22,2024-09-04 21:39:34
6510000,202465100000600764,,제주특별자치도 제주시 다랑곶길,제주특별자치도,제주시,,제주특별자치도 제주시 노형동 1289-4,제주특별자치도 제주시 노형동 1289-4,원호형,원호형,10,360,500,일반,Y,33.4867583135,126.4789648134,Y,N,,제주특별자치도 제주시청,064-728-3742,2024-07-25,I,2026-05-15 18:45:22,2024-09-04 21:39:28
6510000,202465100000601938,,제주특별자치도 제주시 아연로,제주특별자치도,제주시,,제주특별자치도 제주시 오라이동 3301-3,제주특별자치도 제주시 오라이동 3301-3,원호형,원호형,10,360,500,일반,Y,33.4725904908,126.5054886301,Y,N,,제주특별자치도 제주시청,064-728-3742,2024-07-25,I,2026-05-15 18:45:22,2024-09-04 21:39:36
6510000,202465100000601851,,제주특별자치도 제주시 오등14길,제주특별자치도,제주시,제주특별자치도 제주시 오등14길 4,제주특별자치도 제주시 오등동 621-5,제주특별자치도 제주시 오등동 621-5,원호형,원호형,10,400,500,일반,Y,33.4748381000,126.5302818000,Y,N,,제주특별자치도 제주시청,064-728-3742,2024-07-25,I,2026-05-15 18:45:22,2024-09-04 21:39:35
6510000,202465100000601277,,제주특별자치도 제주시 두신로,제주특별자치도,제주시,제주특별자치도 제주시 한경면 두신로 74,제주특별자치도 제주시 한경면 신창리 264,제주특별자치도 제주시 한경면 신창리 264,원호형,원호형,10,360,500,일반,Y,33.3496190500,126.1830333000,Y,N,,제주특별자치도 제주시청,064-728-3742,2024-07-25,I,2026-05-15 18:45:22,2024-09-04 21:39:31
6510000,202465100000600539,,제주특별자치도 제주시 거로남4길,제주특별자치도,제주시,제주특별자치도 제주시 거로남4길 21,제주특별자치도 제주시 화북이동 3370-1,제주특별자치도 제주시 화북이동 3370-1,원호형,원호형,10,360,500,일반,Y,33.5080058800,126.5615327000,Y,N,,제주특별자치도 제주시청,064-728-3742,2024-07-25,I,2026-05-15 18:45:22,2024-09-04 21:39:26
6510000,202465100000601621,,제주특별자치도 제주시 도련길,제주특별자치도,제주시,,제주특별자치도 제주시 도련일동 2267-4,제주특별자치도 제주시 도련일동 2267-4,원호형,원호형,10,360,500,일반,Y,33.5081622811,126.5850500009,Y,N,,제주특별자치도 제주시청,064-728-3742,2024-07-25,I,2026-05-15 18:45:22,2024-09-04 21:39:33
6510000,202465100000601798,,제주특별자치도 제주시 아란9길,제주특별자치도,제주시,제주특별자치도 제주시 아란9길 22,제주특별자치도 제주시 아라일동 6088,제주특별자치도 제주시 아라일동 6088,원호형,가상형,0,370,500,일반,Y,33.4741024500,126.5420785000,Y,N,,제주특별자치도 제주시청,064-728-3742,2024-07-25,I,2026-05-15 18:45:22,2024-09-04 21:39:35
6510000,202465100000600896,,제주특별자치도 제주시 우정로18길,제주특별자치도,제주시,제주특별자치도 제주시 우령6길 67,제주특별자치도 제주시 외도일동 635-1,제주특별자치도 제주시 외도일동 635-1,원호형,원호형,10,360,500,일반,Y,33.4850940300,126.4290379000,Y,N,,제주특별자치도 제주시청,064-728-3742,2024-07-25,I,2026-05-15 18:45:22,2024-09-04 21:39:28
6510000,202465100000601776,,제주특별자치도 제주시 기자길,제주특별자치도,제주시,제주특별자치도 제주시 기자길 74,제주특별자치도 제주시 아라이동 1554-5,제주특별자치도 제주시 아라이동 1554-5,원호형,원호형,8,360,500,일반,Y,33.4803028900,126.5478940000,Y,N,,제주특별자치도 제주시청,064-728-3742,2024-07-25,I,2026-05-15 18:45:22,2024-09-04 21:39:35
6510000,202465100000600806,,제주특별자치도 제주시 진군3길,제주특별자치도,제주시,제주특별자치도 제주시 진군3길 7,제주특별자치도 제주시 노형동 752-1,제주특별자치도 제주시 노형동 752-1,원호형,원호형,10,360,500,일반,Y,33.4774871314,126.4801559882,Y,N,,제주특별자치도 제주시청,064-728-3742,2024-07-25,I,2026-05-15 18:45:22,2024-09-04 21:39:28
6510000,202465100000600643,,제주특별자치도 제주시 방안4길,제주특별자치도,제주시,,제주특별자치도 제주시 노형동 2115-1,제주특별자치도 제주시 노형동 2115-1,원호형,원호형,10,360,500,일반,Y,33.4714978504,126.4700214745,Y,N,,제주특별자치도 제주시청,064-728-3742,2024-07-25,I,2026-05-15 18:45:22,2024-09-04 21:39:27
6510000,202465100000601306,,제주특별자치도 제주시 광양9길,제주특별자치도,제주시,제주특별자치도 제주시 광양9길 10,제주특별자치도 제주시 이도이동 1176-1,제주특별자치도 제주시 이도이동 1176-1,원호형,원호형,10,360,500,일반,Y,33.5002142104,126.5322175322,Y,N,,제주특별자치도 제주시청,064-728-3742,2024-07-25,I,2026-05-15 18:45:22,2024-09-04 21:39:31
6510000,202465100000601081,,제주특별자치도 제주시 한림해안로,제주특별자치도,제주시,제주특별자치도 제주시 한림읍 한림해안로 279,제주특별자치도 제주시 한림읍 수원리 944-8,제주특별자치도 제주시 한림읍 수원리 944-8,원호형,원호형,10,360,500,일반,Y,33.4262221169,126.2639776188,Y,N,,제주특별자치도 제주시청,064-728-3742,2024-07-25,I,2026-05-15 18:45:22,2024-09-04 21:39:30
6510000,202465100000600400,,제주특별자치도 제주시 용담로 7길,제주특별자치도,제주시,,제주특별자치도 제주시 용담이동 481-49,제주특별자치도 제주시 용담이동 481-49,원호형,원호형,8,360,500,일반,Y,33.5144141259,126.5106418163,Y,N,,제주특별자치도 제주시청,064-728-3742,2024-07-25,I,2026-05-15 18:45:22,2024-09-04 21:39:26
6510000,202465100000601401,,제주특별자치도 제주시 연동12길,제주특별자치도,제주시,제주특별자치도 제주시 연동12길 3,제주특별자치도 제주시 연동 294-2,제주특별자치도 제주시 연동 294-2,원호형,원호형,8,360,500,일반,Y,33.4853493218,126.4933789229,Y,N,,제주특별자치도 제주시청,064-728-3742,2024-07-25,I,2026-05-15 18:45:22,2024-09-04 21:39:32
6510000,202465100000601224,,제주특별자치도 제주시 고마로18길,제주특별자치도,제주시,제주특별자치도 제주시 고마로18길 5,제주특별자치도 제주시 일도이동 414-2,제주특별자치도 제주시 일도이동 414-2,원호형,가상형,0,360,500,일반,Y,33.5042770411,126.5409637275,Y,N,,제주특별자치도 제주시청,064-728-3742,2024-07-25,I,2026-05-15 18:45:22,2024-09-04 21:39:31
6510000,202465100000600695,,제주특별자치도 제주시 정존5길,제주특별자치도,제주시,제주특별자치도 제주시 정존5길 21,제주특별자치도 제주시 노형동 2525-11,제주특별자치도 제주시 노형동 2525-11,원호형,원호형,10,360,500,일반,Y,33.4841392800,126.4732412000,Y,N,,제주특별자치도 제주시청,064-728-3742,2024-07-25,I,2026-05-15 18:45:22,2024-09-04 21:39:27
6510000,202465100000600520,,제주특별자치도 제주시 동제원길,제주특별자치도,제주시,,제주특별자치도 제주시 화북일동 3957-8,제주특별자치도 제주시 화북일동 3957-8,원호형,원호형,10,360,500,일반,Y,33.5205483236,126.5609661740,Y,N,,제주특별자치도 제주시청,064-728-3742,2024-07-25,I,2026-05-15 18:45:22,2024-09-04 21:39:26
6510000,202465100000601868,,제주특별자치도 제주시 인다14길,제주특별자치도,제주시,제주특별자치도 제주시 인다14길 14,제주특별자치도 제주시 아라일동 6142,제주특별자치도 제주시 아라일동 6142,원호형,원호형,10,350,500,일반,Y,33.4712160700,126.5470578000,Y,N,,제주특별자치도 제주시청,064-728-3742,2024-07-25,I,2026-05-15 18:45:22,2024-09-04 21:39:35
6510000,202465100000600776,,제주특별자치도 제주시 원노형길,제주특별자치도,제주시,제주특별자치도 제주시 원노형로 90,제주특별자치도 제주시 노형동 731-1,제주특별자치도 제주시 노형동 731-1,원호형,원호형,10,360,500,일반,Y,33.4804338200,126.4835023000,Y,N,,제주특별자치도 제주시청,064-728-3742,2024-07-25,I,2026-05-15 18:45:22,2024-09-04 21:39:28
6510000,202465100000600435,,제주특별자치도 제주시 용문로11길,제주특별자치도,제주시,제주특별자치도 제주시 용문로11길 33,제주특별자치도 제주시 용담이동 633-61,제주특별자치도 제주시 용담이동 633-61,원호형,원호형,8,360,500,일반,Y,33.5077747700,126.5057199000,Y,N,,제주특별자치도 제주시청,064-728-3742,2024-07-25,I,2026-05-15 18:45:22,2024-09-04 21:39:26
6510000,202465100000600334,,제주특별자치도 제주시 남성로22길,제주특별자치도,제주시,제주특별자치도 제주시 남성로22길 14,제주특별자치도 제주시 삼도이동 256-5,제주특별자치도 제주시 삼도이동 256-5,원호형,가상형,0,360,500,일반,Y,33.5083129600,126.5218309000,Y,N,,제주특별자치도 제주시청,064-728-3742,2024-07-25,I,2026-05-15 18:45:22,2024-09-04 21:39:25
6510000,202465100000600444,,제주특별자치도 제주시 성화로,제주특별자치도,제주시,제주특별자치도 제주시 성화로 21,제주특별자치도 제주시 용담이동 928-65,제주특별자치도 제주시 용담이동 928-65,원호형,원호형,8,360,500,일반,Y,33.5118448054,126.5052430155,Y,N,,제주특별자치도 제주시청,064-728-3742,2024-07-25,I,2026-05-15 18:45:22,2024-09-04 21:39:26
6510000,202465100000601697,,제주특별자치도 제주시 용담로20길,제주특별자치도,제주시,제주특별자치도 제주시 용담로20길 21-5,제주특별자치도 제주시 용담일동 247-10,제주특별자치도 제주시 용담일동 247-10,원호형,가상형,0,360,500,일반,Y,33.5076942800,126.5142271000,Y,N,,제주특별자치도 제주시청,064-728-3742,2024-07-25,I,2026-05-15 18:45:22,2024-09-04 21:39:34
6510000,202465100000600509,,제주특별자치도 제주시 진동로5길,제주특별자치도,제주시,제주특별자치도 제주시 진남로2길 26,제주특별자치도 제주시 화북일동 1964,제주특별자치도 제주시 화북일동 1964,원호형,원호형,10,360,500,일반,Y,33.5209025707,126.5638709689,Y,N,,제주특별자치도 제주시청,064-728-3742,2024-07-25,I,2026-05-15 18:45:22,2024-09-04 21:39:26
6510000,202465100000600235,,제주특별자치도 제주시 삼오길,제주특별자치도,제주시,제주특별자치도 제주시 삼오길 16,제주특별자치도 제주시 삼도일동 566-1,제주특별자치도 제주시 삼도일동 566-1,원호형,가상형,0,360,500,일반,Y,33.4991293300,126.5180560000,Y,N,,제주특별자치도 제주시청,064-728-3742,2024-07-25,I,2026-05-15 18:45:22,2024-09-04 21:39:25
6510000,202465100000602002,,제주특별자치도 제주시 동성길,제주특별자치도,제주시,제주특별자치도 제주시 동성길 14,제주특별자치도 제주시 오라삼동 2229-1,제주특별자치도 제주시 오라삼동 2229-1,원호형,원호형,10,360,500,일반,Y,33.4986961700,126.5102982000,Y,N,,제주특별자치도 제주시청,064-728-3742,2024-07-25,I,2026-05-15 18:45:22,2024-09-04 21:39:36
6510000,202465100000600944,,제주특별자치도 제주시 현사길,제주특별자치도,제주시,제주특별자치도 제주시 테우해안로 146,제주특별자치도 제주시 이호일동 1787,제주특별자치도 제주시 이호일동 1787,원호형,원호형,8,360,500,일반,Y,33.4971878900,126.4493464000,Y,N,,제주특별자치도 제주시청,064-728-3742,2024-07-25,I,2026-05-15 18:45:22,2024-09-04 21:39:29
6510000,202465100000601466,,제주특별자치도 제주시 선덕로5길,제주특별자치도,제주시,제주특별자치도 제주시 선덕로5길 32,제주특별자치도 제주시 연동 313-78,제주특별자치도 제주시 연동 313-78,원호형,원호형,10,360,500,일반,Y,33.4867996500,126.4996869000,Y,N,,제주특별자치도 제주시청,064-728-3742,2024-07-25,I,2026-05-15 18:45:22,2024-09-04 21:39:32
6510000,202465100000600763,,제주특별자치도 제주시 다랑곶길,제주특별자치도,제주시,제주특별자치도 제주시 다랑곶길 4,제주특별자치도 제주시 노형동 1289-2,제주특별자치도 제주시 노형동 1289-2,원호형,가상형,0,360,500,일반,Y,33.4870184953,126.4792754900,Y,N,,제주특별자치도 제주시청,064-728-3742,2024-07-25,I,2026-05-15 18:45:22,2024-09-04 21:39:28
6510000,202465100000601951,,제주특별자치도 제주시 연사2길,제주특별자치도,제주시,,제주특별자치도 제주시 오라이동 1535-1,제주특별자치도 제주시 오라이동 1535-1,원호형,원호형,10,360,500,일반,Y,33.4830831547,126.5126098650,Y,N,,제주특별자치도 제주시청,064-728-3742,2024-07-25,I,2026-05-15 18:45:22,2024-09-04 21:39:36
6510000,202465100000601560,,제주특별자치도 제주시 설촌로10길,제주특별자치도,제주시,,제주특별자치도 제주시 삼양이동 2100-2,제주특별자치도 제주시 삼양이동 2100-2,원호형,원호형,10,360,500,일반,Y,33.5242285242,126.5817728882,Y,N,,제주특별자치도 제주시청,064-728-3742,2024-07-25,I,2026-05-15 18:45:22,2024-09-04 21:39:33
6510000,202465100000600582,,제주특별자치도 제주시 동화로1길,제주특별자치도,제주시,제주특별자치도 제주시 동화로1길 45-20,제주특별자치도 제주시 화북일동 16-4,제주특별자치도 제주시 화북일동 16-4,원호형,원호형,10,360,500,일반,Y,33.5183687623,126.5781441137,Y,N,,제주특별자치도 제주시청,064-728-3742,2024-07-25,I,2026-05-15 18:45:22,2024-09-04 21:39:27
6510000,202465100000601508,,제주특별자치도 제주시 삼무로9길,제주특별자치도,제주시,,제주특별자치도 제주시 연동 291-106,제주특별자치도 제주시 연동 291-106,원호형,원호형,10,360,500,일반,Y,33.4912253221,126.4947832650,Y,N,,제주특별자치도 제주시청,064-728-3742,2024-07-25,I,2026-05-15 18:45:22,2024-09-04 21:39:32
6510000,202465100000600151,,제주특별자치도 제주시 함와로,제주특별자치도,제주시,,제주특별자치도 제주시 조천읍 와산리 903-1,제주특별자치도 제주시 조천읍 와산리 903-1,원호형,원호형,10,360,500,일반,Y,33.4926265647,126.6819835760,Y,N,,제주특별자치도 제주시청,064-728-3742,2024-07-25,I,2026-05-15 18:45:22,2024-09-04 21:39:24
6510000,202465100000600639,,제주특별자치도 제주시 방안4길,제주특별자치도,제주시,제주특별자치도 제주시 방일4길 157,제주특별자치도 제주시 노형동 1758-2,제주특별자치도 제주시 노형동 1758-2,원호형,원호형,10,360,500,일반,Y,33.4663046100,126.4746256000,Y,N,,제주특별자치도 제주시청,064-728-3742,2024-07-25,I,2026-05-15 18:45:22,2024-09-04 21:39:27
6510000,202465100000600343,,제주특별자치도 제주시 남성로22길,제주특별자치도,제주시,제주특별자치도 제주시 남성로22길 61,제주특별자치도 제주시 삼도이동 1227-7,제주특별자치도 제주시 삼도이동 1227-7,원호형,원호형,8,360,500,일반,Y,33.5046526700,126.5223433000,Y,N,,제주특별자치도 제주시청,064-728-3742,2024-07-25,I,2026-05-15 18:45:22,2024-09-04 21:39:25
6510000,202465100000601488,,제주특별자치도 제주시 연문4길,제주특별자치도,제주시,제주특별자치도 제주시 연문4길 22,제주특별자치도 제주시 연동 311-37,제주특별자치도 제주시 연동 311-37,원호형,원호형,10,360,500,일반,Y,33.4915754841,126.4998243295,Y,N,,제주특별자치도 제주시청,064-728-3742,2024-07-25,I,2026-05-15 18:45:22,2024-09-04 21:39:32
6510000,202465100000601264,,제주특별자치도 제주시 태성로1길,제주특별자치도,제주시,제주특별자치도 제주시 태성로1길 4-1,제주특별자치도 제주시 일도이동 81-5,제주특별자치도 제주시 일도이동 81-5,원호형,원호형,8,360,500,일반,Y,33.5001676000,126.5452471000,Y,N,,제주특별자치도 제주시청,064-728-3742,2024-07-25,I,2026-05-15 18:45:22,2024-09-04 21:39:31
6510000,202465100000600209,,제주특별자치도 제주시 동광로9길,제주특별자치도,제주시,제주특별자치도 제주시 동광로9길 31,제주특별자치도 제주시 이도일동 1248-46,제주특별자치도 제주시 이도일동 1248-46,원호형,원호형,10,360,500,일반,Y,33.5045481500,126.5314751000,Y,N,,제주특별자치도 제주시청,064-728-3742,2024-07-25,I,2026-05-15 18:45:22,2024-09-04 21:39:25
6510000,202465100000601675,,제주특별자치도 제주시 용담로17길,제주특별자치도,제주시,제주특별자치도 제주시 용담로17길 24,제주특별자치도 제주시 용담일동 165-21,제주특별자치도 제주시 용담일동 165-21,원호형,원호형,10,360,500,일반,Y,33.5096266300,126.5172416000,Y,N,,제주특별자치도 제주시청,064-728-3742,2024-07-25,I,2026-05-15 18:45:22,2024-09-04 21:39:34
6510000,202465100000600498,,제주특별자치도 제주시 진남로,제주특별자치도,제주시,제주특별자치도 제주시 진남로 58-1,제주특별자치도 제주시 화북일동 1942-1,제주특별자치도 제주시 화북일동 1942-1,원호형,원호형,10,360,500,일반,Y,33.5234421700,126.5664638000,Y,N,,제주특별자치도 제주시청,064-728-3742,2024-07-25,I,2026-05-15 18:45:22,2024-09-04 21:39:26
6510000,202465100000601048,,제주특별자치도 제주시 월각로,제주특별자치도,제주시,,제주특별자치도 제주시 한림읍 상대리 80-1,제주특별자치도 제주시 한림읍 상대리 80-1,원호형,원호형,10,360,500,일반,Y,33.3835661666,126.3193845943,Y,N,,제주특별자치도 제주시청,064-728-3742,2024-07-25,I,2026-05-15 18:45:22,2024-09-04 21:39:29
6510000,202465100000600750,,제주특별자치도 제주시 노형9길,제주특별자치도,제주시,제주특별자치도 제주시 노형9길 16,제주특별자치도 제주시 노형동 3788-8,제주특별자치도 제주시 노형동 3788-8,원호형,원호형,10,360,500,일반,Y,33.4834128200,126.4765301000,Y,N,,제주특별자치도 제주시청,064-728-3742,2024-07-25,I,2026-05-15 18:45:22,2024-09-04 21:39:28
6510000,202465100000601413,,제주특별자치도 제주시 남녕로,제주특별자치도,제주시,제주특별자치도 제주시 남녕로 28-3,제주특별자치도 제주시 연동 1954-6,제주특별자치도 제주시 연동 1954-6,원호형,원호형,10,360,500,일반,Y,33.4906189800,126.4814858000,Y,N,,제주특별자치도 제주시청,064-728-3742,2024-07-25,I,2026-05-15 18:45:22,2024-09-04 21:39:32
6510000,202465100000600675,,제주특별자치도 제주시 광평길,제주특별자치도,제주시,제주특별자치도 제주시 광평중길 66,제주특별자치도 제주시 노형동 3122-11,제주특별자치도 제주시 노형동 3122-11,원호형,가상형,0,360,500,일반,Y,33.4803600821,126.4679454976,Y,N,,제주특별자치도 제주시청,064-728-3742,2024-07-25,I,2026-05-15 18:45:22,2024-09-04 21:39:27
6510000,202465100000601006,,제주특별자치도 제주시 도리로,제주특별자치도,제주시,,제주특별자치도 제주시 도두일동 1974-8,제주특별자치도 제주시 도두일동 1974-8,원호형,원호형,10,360,500,일반,Y,33.5028091430,126.4697107160,Y,N,,제주특별자치도 제주시청,064-728-3742,2024-07-25,I,2026-05-15 18:45:22,2024-09-04 21:39:29
6510000,202465100000601092,,제주특별자치도 제주시 한림로,제주특별자치도,제주시,,제주특별자치도 제주시 한림읍 협재리 1520-2,제주특별자치도 제주시 한림읍 협재리 1520-2,원호형,원호형,10,360,500,일반,Y,33.3998971833,126.2483176212,Y,N,,제주특별자치도 제주시청,064-728-3742,2024-07-25,I,2026-05-15 18:45:22,2024-09-04 21:39:30
6510000,202465100000600103,,제주특별자치도 제주시 함덕남11길,제주특별자치도,제주시,제주특별자치도 제주시 조천읍 함덕남10길 7,제주특별자치도 제주시 조천읍 함덕리 72-63,제주특별자치도 제주시 조천읍 함덕리 72-63,원호형,원호형,10,360,500,일반,Y,33.5345459491,126.6749663992,Y,N,,제주특별자치도 제주시청,064-728-3742,2024-07-25,I,2026-05-15 18:45:22,2024-09-04 21:39:24
6510000,202465100000601945,,제주특별자치도 제주시 정실3길,제주특별자치도,제주시,,제주특별자치도 제주시 오라이동 1637-4,제주특별자치도 제주시 오라이동 1637-4,원호형,원호형,10,360,500,일반,Y,33.4758081670,126.5110078985,Y,N,,제주특별자치도 제주시청,064-728-3742,2024-07-25,I,2026-05-15 18:45:22,2024-09-04 21:39:36
6510000,202465100000601953,,제주특별자치도 제주시 연사2길,제주특별자치도,제주시,제주특별자치도 제주시 연사2길 12,제주특별자치도 제주시 오라이동 1474-5,제주특별자치도 제주시 오라이동 1474-5,원호형,원호형,10,360,500,일반,Y,33.4877566900,126.5134559000,Y,N,,제주특별자치도 제주시청,064-728-3742,2024-07-25,I,2026-05-15 18:45:22,2024-09-04 21:39:36
6510000,202465100000601730,,제주특별자치도 제주시 구산로,제주특별자치도,제주시,제주특별자치도 제주시 구산로 58,제주특별자치도 제주시 아라일동 2376-1,제주특별자치도 제주시 아라일동 2376-1,원호형,가상형,0,370,500,일반,Y,33.4844277109,126.5411558155,Y,N,,제주특별자치도 제주시청,064-728-3742,2024-07-25,I,2026-05-15 18:45:22,2024-09-04 21:39:34
6510000,202465100000601047,,제주특별자치도 제주시 귀덕14길,제주특별자치도,제주시,,제주특별자치도 제주시 한림읍 귀덕리 1197-1,제주특별자치도 제주시 한림읍 귀덕리 1197-1,원호형,원호형,10,360,500,일반,Y,33.4422660602,126.2947145584,Y,N,,제주특별자치도 제주시청,064-728-3742,2024-07-25,I,2026-05-15 18:45:22,2024-09-04 21:39:29
6510000,202465100000601189,,제주특별자치도 제주시 동광로13길,제주특별자치도,제주시,제주특별자치도 제주시 동광로13길 38,제주특별자치도 제주시 일도이동 169-14,제주특별자치도 제주시 일도이동 169-14,원호형,원호형,8,360,500,일반,Y,33.5076012700,126.5350803000,Y,N,,제주특별자치도 제주시청,064-728-3742,2024-07-25,I,2026-05-15 18:45:22,2024-09-04 21:39:30
6510000,202465100000600558,,제주특별자치도 제주시 황사평6길,제주특별자치도,제주시,제주특별자치도 제주시 황사평6길 57,제주특별자치도 제주시 화북이동 2999-8,제주특별자치도 제주시 화북이동 2999-8,원호형,원호형,10,360,500,일반,Y,33.4940291300,126.5595823000,Y,N,,제주특별자치도 제주시청,064-728-3742,2024-07-25,I,2026-05-15 18:45:22,2024-09-04 21:39:26
6510000,202465100000601443,,제주특별자치도 제주시 비원길,제주특별자치도,제주시,제주특별자치도 제주시 비월길 14,제주특별자치도 제주시 연동 304-25,제주특별자치도 제주시 연동 304-25,원호형,원호형,10,360,500,일반,Y,33.4843920000,126.4969608000,Y,N,,제주특별자치도 제주시청,064-728-3742,2024-07-25,I,2026-05-15 18:45:22,2024-09-04 21:39:32
6510000,202465100000601664,,제주특별자치도 제주시 지석2길,제주특별자치도,제주시,제주특별자치도 제주시 지석2길 3,제주특별자치도 제주시 삼양이동 2142-1,제주특별자치도 제주시 삼양이동 2142-1,원호형,원호형,10,360,500,일반,Y,33.5209499652,126.5786843216,Y,N,,제주특별자치도 제주시청,064-728-3742,2024-07-25,I,2026-05-15 18:45:22,2024-09-04 21:39:34
6510000,202465100000600874,,제주특별자치도 제주시 우령6길,제주특별자치도,제주시,제주특별자치도 제주시 우령6길 67,제주특별자치도 제주시 외도일동 635-1,제주특별자치도 제주시 외도일동 635-1,원호형,원호형,10,360,500,일반,Y,33.4850940300,126.4290379000,Y,N,,제주특별자치도 제주시청,064-728-3742,2024-07-25,I,2026-05-15 18:45:22,2024-09-04 21:39:28
6510000,202465100000600113,,제주특별자치도 제주시 북흘로,제주특별자치도,제주시,,제주특별자치도 제주시 조천읍 북촌리 751-4,제주특별자치도 제주시 조천읍 북촌리 751-4,원호형,원호형,10,360,500,일반,Y,33.5463914548,126.6956051053,Y,N,,제주특별자치도 제주시청,064-728-3742,2024-07-25,I,2026-05-15 18:45:22,2024-09-04 21:39:24
6510000,202465100000601873,,제주특별자치도 제주시 인다15길,제주특별자치도,제주시,제주특별자치도 제주시 인다15길 5,제주특별자치도 제주시 아라일동 6140-5,제주특별자치도 제주시 아라일동 6140-5,원호형,원호형,10,380,500,일반,Y,33.4705145000,126.5473946000,Y,N,,제주특별자치도 제주시청,064-728-3742,2024-07-25,I,2026-05-15 18:45:22,2024-09-04 21:39:35
6510000,202465100000600059,,제주특별자치도 제주시 신북로,제주특별자치도,제주시,제주특별자치도 제주시 조천읍 조함해안로 25,제주특별자치도 제주시 조천읍 조천리 2671-2,제주특별자치도 제주시 조천읍 조천리 2671-2,원호형,원호형,10,360,500,일반,Y,33.5392643410,126.6372698666,Y,N,,제주특별자치도 제주시청,064-728-3742,2024-07-25,I,2026-05-15 18:45:22,2024-09-04 21:39:24
6510000,202465100000601583,,제주특별자치도 제주시 지석13길,제주특별자치도,제주시,제주특별자치도 제주시 지석13길 9,제주특별자치도 제주시 삼양이동 2135-4,제주특별자치도 제주시 삼양이동 2135-4,원호형,원호형,10,360,500,일반,Y,33.5218939800,126.5850023000,Y,N,,제주특별자치도 제주시청,064-728-3742,2024-07-25,I,2026-05-15 18:45:22,2024-09-04 21:39:33
6510000,202465100000601619,,제주특별자치도 제주시 도련남3길,제주특별자치도,제주시,,제주특별자치도 제주시 도련일동 2258-1,제주특별자치도 제주시 도련일동 2258-1,원호형,원호형,10,360,500,일반,Y,33.5098716521,126.5859775678,Y,N,,제주특별자치도 제주시청,064-728-3742,2024-07-25,I,2026-05-15 18:45:22,2024-09-04 21:39:33
6510000,202465100000600270,,제주특별자치도 제주시 서사로 17길,제주특별자치도,제주시,제주특별자치도 제주시 서사로17길 7,제주특별자치도 제주시 삼도일동 547-6,제주특별자치도 제주시 삼도일동 547-6,원호형,가상형,0,360,500,일반,Y,33.5020591400,126.5207052000,Y,N,,제주특별자치도 제주시청,064-728-3742,2024-07-25,I,2026-05-15 18:45:22,2024-09-04 21:39:25
6510000,202465100000600320,,제주특별자치도 제주시 관덕로7길,제주특별자치도,제주시,제주특별자치도 제주시 관덕로7길 3,제주특별자치도 제주시 삼도이동 44-1,제주특별자치도 제주시 삼도이동 44-1,원호형,원호형,8,360,500,일반,Y,33.5137815000,126.5228704000,Y,N,,제주특별자치도 제주시청,064-728-3742,2024-07-25,I,2026-05-15 18:45:22,2024-09-04 21:39:25
6510000,202465100000601982,,제주특별자치도 제주시 오라로16길,제주특별자치도,제주시,제주특별자치도 제주시 오라로 128,제주특별자치도 제주시 오라일동 1286-7,제주특별자치도 제주시 오라일동 1286-7,원호형,원호형,10,360,500,일반,Y,33.4943089100,126.5162138000,Y,N,,제주특별자치도 제주시청,064-728-3742,2024-07-25,I,2026-05-15 18:45:22,2024-09-04 21:39:36
6510000,202465100000600502,,제주특별자치도 제주시 진남로,제주특별자치도,제주시,제주특별자치도 제주시 진서로 43,제주특별자치도 제주시 화북일동 4147-2,제주특별자치도 제주시 화북일동 4147-2,원호형,원호형,10,360,500,일반,Y,33.5225318600,126.5624212000,Y,N,,제주특별자치도 제주시청,064-728-3742,2024-07-25,I,2026-05-15 18:45:22,2024-09-04 21:39:26
6510000,202465100000600818,,제주특별자치도 제주시 도평길,제주특별자치도,제주시,,제주특별자치도 제주시 도평동 931-3,제주특별자치도 제주시 도평동 931-3,원호형,원호형,10,360,500,일반,Y,33.4780369994,126.4504322230,Y,N,,제주특별자치도 제주시청,064-728-3742,2024-07-25,I,2026-05-15 18:45:22,2024-09-04 21:39:28
6510000,202465100000601728,,제주특별자치도 제주시 구산로,제주특별자치도,제주시,제주특별자치도 제주시 구산로 47,제주특별자치도 제주시 아라일동 2384-10,제주특별자치도 제주시 아라일동 2384-10,원호형,가상형,0,360,500,일반,Y,33.4843653081,126.5398850219,Y,N,,제주특별자치도 제주시청,064-728-3742,2024-07-25,I,2026-05-15 18:45:22,2024-09-04 21:39:34
6510000,202465100000601810,,제주특별자치도 제주시 아봉로,제주특별자치도,제주시,제주특별자치도 제주시 아봉로 368,제주특별자치도 제주시 월평동 1000-3,제주특별자치도 제주시 월평동 1000-3,원호형,가상형,0,360,500,일반,Y,33.4696039400,126.5746781000,Y,N,,제주특별자치도 제주시청,064-728-3742,2024-07-25,I,2026-05-15 18:45:22,2024-09-04 21:39:35
6510000,202465100000600549,,제주특별자치도 제주시 황사평길,제주특별자치도,제주시,,제주특별자치도 제주시 화북이동 2951-3,제주특별자치도 제주시 화북이동 2951-3,원호형,원호형,10,360,500,일반,Y,33.4947534517,126.5636674308,Y,N,,제주특별자치도 제주시청,064-728-3742,2024-07-25,I,2026-05-15 18:45:22,2024-09-04 21:39:26
6510000,202465100000601330,,제주특별자치도 제주시 복지로9길,제주특별자치도,제주시,제주특별자치도 제주시 복지로9길 30,제주특별자치도 제주시 도남동 772-1,제주특별자치도 제주시 도남동 772-1,원호형,원호형,10,360,500,일반,Y,33.4888814400,126.5272734000,Y,N,,제주특별자치도 제주시청,064-728-3742,2024-07-25,I,2026-05-15 18:45:22,2024-09-04 21:39:31
6510000,202465100000601761,,제주특별자치도 제주시 사송길,제주특별자치도,제주시,제주특별자치도 제주시 사송길 98,제주특별자치도 제주시 영평동 2066-3,제주특별자치도 제주시 영평동 2066-3,원호형,원호형,8,360,500,일반,Y,33.4696773500,126.5657623000,Y,N,,제주특별자치도 제주시청,064-728-3742,2024-07-25,I,2026-05-15 18:45:22,2024-09-04 21:39:34
6510000,202465100000600368,,제주특별자치도 제주시 공항로1길,제주특별자치도,제주시,제주특별자치도 제주시 공항로1길 14,제주특별자치도 제주시 용담이동 1564,제주특별자치도 제주시 용담이동 1564,원호형,원호형,8,360,500,일반,Y,33.5035801800,126.4979547000,Y,N,,제주특별자치도 제주시청,064-728-3742,2024-07-25,I,2026-05-15 18:45:22,2024-09-04 21:39:25
6510000,202465100000601933,,제주특별자치도 제주시 아연로,제주특별자치도,제주시,제주특별자치도 제주시 아연로 192,제주특별자치도 제주시 오라이동 696-9,제주특별자치도 제주시 오라이동 696-9,원호형,원호형,10,360,500,일반,Y,33.4691993881,126.5094170880,Y,N,,제주특별자치도 제주시청,064-728-3742,2024-07-25,I,2026-05-15 18:45:22,2024-09-04 21:39:36
6510000,202465100000600164,,제주특별자치도 제주시 선교로,제주특별자치도,제주시,,제주특별자치도 제주시 조천읍 교래리 139,제주특별자치도 제주시 조천읍 교래리 139,원호형,원호형,10,360,500,일반,Y,33.4370085328,126.6958331865,Y,N,,제주특별자치도 제주시청,064-728-3742,2024-07-25,I,2026-05-15 18:45:22,2024-09-04 21:39:24
6510000,202465100000601614,,제주특별자치도 제주시 도련6길,제주특별자치도,제주시,제주특별자치도 제주시 도련6길 63-1,제주특별자치도 제주시 도련일동 2211,제주특별자치도 제주시 도련일동 2211,원호형,원호형,10,360,500,일반,Y,33.5108177228,126.5790657913,Y,N,,제주특별자치도 제주시청,064-728-3742,2024-07-25,I,2026-05-15 18:45:22,2024-09-04 21:39:33
6510000,202465100000601637,,제주특별자치도 제주시 매촌2길,제주특별자치도,제주시,,제주특별자치도 제주시 도련일동 1808-1,제주특별자치도 제주시 도련일동 1808-1,원호형,원호형,10,360,500,일반,Y,33.5117364759,126.5915245337,Y,N,,제주특별자치도 제주시청,064-728-3742,2024-07-25,I,2026-05-15 18:45:22,2024-09-04 21:39:34
6510000,202465100000600792,,제주특별자치도 제주시 노형6길,제주특별자치도,제주시,,제주특별자치도 제주시 노형동 3796-5,제주특별자치도 제주시 노형동 3796-5,원호형,원호형,8,360,500,일반,Y,33.4815487139,126.4777658184,Y,N,,제주특별자치도 제주시청,064-728-3742,2024-07-25,I,2026-05-15 18:45:22,2024-09-04 21:39:28
6510000,202465100000601308,,제주특별자치도 제주시 광양13길,제주특별자치도,제주시,제주특별자치도 제주시 광양13길 57,제주특별자치도 제주시 이도이동 1128-2,제주특별자치도 제주시 이도이동 1128-2,원호형,원호형,10,360,500,일반,Y,33.5013832000,126.5357373000,Y,N,,제주특별자치도 제주시청,064-728-3742,2024-07-25,I,2026-05-15 18:45:22,2024-09-04 21:39:31
6510000,202465100000600567,,제주특별자치도 제주시 화삼북로2길,제주특별자치도,제주시,제주특별자치도 제주시 화삼북로4길 4-2,제주특별자치도 제주시 화북일동 1005-2,제주특별자치도 제주시 화북일동 1005-2,원호형,원호형,10,360,500,일반,Y,33.5166932724,126.5766990523,Y,N,,제주특별자치도 제주시청,064-728-3742,2024-07-25,I,2026-05-15 18:45:22,2024-09-04 21:39:27
6510000,202465100000601814,,제주특별자치도 제주시 아봉로,제주특별자치도,제주시,제주특별자치도 제주시 아봉로 427,제주특별자치도 제주시 월평동 419-6,제주특별자치도 제주시 월평동 419-6,원호형,원호형,10,360,500,일반,Y,33.4708863897,126.5807151446,Y,N,,제주특별자치도 제주시청,064-728-3742,2024-07-25,I,2026-05-15 18:45:22,2024-09-04 21:39:35
6510000,202465100000601922,,제주특별자치도 제주시 한북로,제주특별자치도,제주시,제주특별자치도 제주시 한북로 35,제주특별자치도 제주시 오등동 1730-8,제주특별자치도 제주시 오등동 1730-8,원호형,원호형,10,360,500,일반,Y,33.4645882100,126.5203710000,Y,N,,제주특별자치도 제주시청,064-728-3742,2024-07-25,I,2026-05-15 18:45:22,2024-09-04 21:39:36
6510000,202465100000601412,,제주특별자치도 제주시 남녕로,제주특별자치도,제주시,제주특별자치도 제주시 남녕로 28-5,제주특별자치도 제주시 연동 1955-7,제주특별자치도 제주시 연동 1955-7,원호형,원호형,8,360,500,일반,Y,33.4909097857,126.4816247499,Y,N,,제주특별자치도 제주시청,064-728-3742,2024-07-25,I,2026-05-15 18:45:22,2024-09-04 21:39:32
6510000,202465100000601709,,제주특별자치도 제주시 간월동로,제주특별자치도,제주시,제주특별자치도 제주시 간월동로 54,제주특별자치도 제주시 아라이동 1397-4,제주특별자치도 제주시 아라이동 1397-4,원호형,가상형,0,340,500,일반,Y,33.4876155878,126.5479777429,Y,N,,제주특별자치도 제주시청,064-728-3742,2024-07-25,I,2026-05-15 18:45:22,2024-09-04 21:39:34
6510000,202465100000600274,,제주특별자치도 제주시 서사로 13길,제주특별자치도,제주시,제주특별자치도 제주시 서사로13길 19,제주특별자치도 제주시 삼도일동 540-23,제주특별자치도 제주시 삼도일동 540-23,원호형,원호형,10,360,500,일반,Y,33.5040094305,126.5216073057,Y,N,,제주특별자치도 제주시청,064-728-3742,2024-07-25,I,2026-05-15 18:45:22,2024-09-04 21:39:25
6510000,202465100000600538,,제주특별자치도 제주시 거로남4길,제주특별자치도,제주시,제주특별자치도 제주시 거로남4길 18,제주특별자치도 제주시 화북이동 3350-1,제주특별자치도 제주시 화북이동 3350-1,원호형,원호형,10,360,500,일반,Y,33.5081709700,126.5607212000,Y,N,,제주특별자치도 제주시청,064-728-3742,2024-07-25,I,2026-05-15 18:45:22,2024-09-04 21:39:26
6510000,202465100000602017,,제주특별자치도 제주시 공설로9길,제주특별자치도,제주시,제주특별자치도 제주시 공설로11길 11-2,제주특별자치도 제주시 오라일동 2449-7,제주특별자치도 제주시 오라일동 2449-7,원호형,원호형,10,360,500,일반,Y,33.4969938200,126.5191477000,Y,N,,제주특별자치도 제주시청,064-728-3742,2024-07-25,I,2026-05-15 18:45:22,2024-09-04 21:39:36
6510000,202465100000601230,,제주특별자치도 제주시 천수로13길,제주특별자치도,제주시,제주특별자치도 제주시 천수로13길 15,제주특별자치도 제주시 일도이동 404-2,제주특별자치도 제주시 일도이동 404-2,원호형,원호형,8,360,500,일반,Y,33.5069086480,126.5436834764,Y,N,,제주특별자치도 제주시청,064-728-3742,2024-07-25,I,2026-05-15 18:45:22,2024-09-04 21:39:31
6510000,202465100000600121,,제주특별자치도 제주시 북흘로,제주특별자치도,제주시,,제주특별자치도 제주시 조천읍 선흘리 1000-1,제주특별자치도 제주시 조천읍 선흘리 1000-1,원호형,원호형,10,360,500,일반,Y,33.5169153206,126.7060529357,Y,N,,제주특별자치도 제주시청,064-728-3742,2024-07-25,I,2026-05-15 18:45:22,2024-09-04 21:39:24
6510000,202465100000601422,,제주특별자치도 제주시 성신북길,제주특별자치도,제주시,제주특별자치도 제주시 성신북길 8-5,제주특별자치도 제주시 연동 1959-2,제주특별자치도 제주시 연동 1959-2,원호형,원호형,10,360,500,일반,Y,33.4913086762,126.4829475167,Y,N,,제주특별자치도 제주시청,064-728-3742,2024-07-25,I,2026-05-15 18:45:22,2024-09-04 21:39:32
6510000,202465100000601249,,제주특별자치도 제주시 천수로8길,제주특별자치도,제주시,제주특별자치도 제주시 천수로8길 18,제주특별자치도 제주시 일도이동 47,제주특별자치도 제주시 일도이동 47,원호형,원호형,5,360,500,일반,Y,33.5042352100,126.5427920000,Y,N,,제주특별자치도 제주시청,064-728-3742,2024-07-25,I,2026-05-15 18:45:22,2024-09-04 21:39:31
6510000,202465100000600532,,제주특별자치도 제주시 선반로4길,제주특별자치도,제주시,제주특별자치도 제주시 선반남2길 13,제주특별자치도 제주시 화북일동 2146-6,제주특별자치도 제주시 화북일동 2146-6,원호형,원호형,10,360,500,일반,Y,33.5123479100,126.5610647000,Y,N,,제주특별자치도 제주시청,064-728-3742,2024-07-25,I,2026-05-15 18:45:22,2024-09-04 21:39:26
6510000,202465100000601480,,제주특별자치도 제주시 신대로15길,제주특별자치도,제주시,제주특별자치도 제주시 신대로15길 18,제주특별자치도 제주시 연동 313-90,제주특별자치도 제주시 연동 313-90,원호형,원호형,10,360,500,일반,Y,33.4865482700,126.4984131000,Y,N,,제주특별자치도 제주시청,064-728-3742,2024-07-25,I,2026-05-15 18:45:22,2024-09-04 21:39:32
6510000,202465100000601906,,제주특별자치도 제주시 첨단로,제주특별자치도,제주시,제주특별자치도 제주시 첨단로 216-19,제주특별자치도 제주시 영평동 2184,제주특별자치도 제주시 영평동 2184,원호형,원호형,10,360,500,일반,Y,33.4524499500,126.5708658000,Y,N,,제주특별자치도 제주시청,064-728-3742,2024-07-25,I,2026-05-15 18:45:22,2024-09-04 21:39:35
6510000,202465100000600204,,제주특별자치도 제주시 성지로,제주특별자치도,제주시,제주특별자치도 제주시 성지로 47,제주특별자치도 제주시 일도일동 1098,제주특별자치도 제주시 일도일동 1098,원호형,원호형,10,370,500,일반,Y,33.5110324780,126.5281700678,Y,N,,제주특별자치도 제주시청,064-728-3742,2024-07-25,I,2026-05-15 18:45:22,2024-09-04 21:39:25
6510000,202465100000600008,,제주특별자치도 제주시 항몽로,제주특별자치도,제주시,제주특별자치도 제주시 애월읍 항몽로 152,제주특별자치도 제주시 애월읍 상귀리 485-1,제주특별자치도 제주시 애월읍 상귀리 485-1,원호형,원호형,10,360,500,일반,Y,33.4709559782,126.4084566305,Y,N,,제주특별자치도 제주시청,064-728-3742,2024-07-25,I,2026-05-15 18:45:22,2024-09-04 21:39:24
6510000,202465100000600367,,제주특별자치도 제주시 공항로1길,제주특별자치도,제주시,제주특별자치도 제주시 공항로1길 34,제주특별자치도 제주시 용담이동 1554-1,제주특별자치도 제주시 용담이동 1554-1,원호형,원호형,8,360,500,일반,Y,33.5031468500,126.4999553000,Y,N,,제주특별자치도 제주시청,064-728-3742,2024-07-25,I,2026-05-15 18:45:22,2024-09-04 21:39:25
6510000,202465100000600614,,제주특별자치도 제주시 아봉로,제주특별자치도,제주시,제주특별자치도 제주시 아봉로 548-7,제주특별자치도 제주시 용강동 679-3,제주특별자치도 제주시 용강동 679-3,원호형,원호형,10,360,500,일반,Y,33.4770894737,126.5869974001,Y,N,,제주특별자치도 제주시청,064-728-3742,2024-07-25,I,2026-05-15 18:45:22,2024-09-04 21:39:27
6510000,202465100000600688,,제주특별자치도 제주시 정존5길,제주특별자치도,제주시,제주특별자치도 제주시 수덕로 44,제주특별자치도 제주시 노형동 2583-1,제주특별자치도 제주시 노형동 2583-1,원호형,원호형,10,360,500,일반,Y,33.4871157588,126.4732126839,Y,N,,제주특별자치도 제주시청,064-728-3742,2024-07-25,I,2026-05-15 18:45:22,2024-09-04 21:39:27
6510000,202465100000600962,,제주특별자치도 제주시 백포서길,제주특별자치도,제주시,제주특별자치도 제주시 백포서길 35,제주특별자치도 제주시 이호일동 389-1,제주특별자치도 제주시 이호일동 389-1,원호형,원호형,8,360,500,일반,Y,33.5019389100,126.4574425000,Y,N,,제주특별자치도 제주시청,064-728-3742,2024-07-25,I,2026-05-15 18:45:22,2024-09-04 21:39:29
6510000,202465100000600391,,제주특별자치도 제주시 서해안로,제주특별자치도,제주시,제주특별자치도 제주시 서해안로 572,제주특별자치도 제주시 용담삼동 1100,제주특별자치도 제주시 용담삼동 1100,원호형,가상형,0,360,500,일반,Y,33.5190218000,126.4992710000,Y,N,,제주특별자치도 제주시청,064-728-3742,2024-07-25,I,2026-05-15 18:45:22,2024-09-04 21:39:26
6510000,202465100000601809,,제주특별자치도 제주시 아봉로,제주특별자치도,제주시,제주특별자치도 제주시 아봉로 364-8,제주특별자치도 제주시 월평동 995,제주특별자치도 제주시 월평동 995,원호형,원호형,10,380,500,일반,Y,33.4693801000,126.5737394000,Y,N,,제주특별자치도 제주시청,064-728-3742,2024-07-25,I,2026-05-15 18:45:22,2024-09-04 21:39:35
6510000,202465100000601333,,제주특별자치도 제주시 복지로북길,제주특별자치도,제주시,제주특별자치도 제주시 복지로북길 13,제주특별자치도 제주시 도남동 698-5,제주특별자치도 제주시 도남동 698-5,원호형,원호형,10,360,500,일반,Y,33.4891170100,126.5216301000,Y,N,,제주특별자치도 제주시청,064-728-3742,2024-07-25,I,2026-05-15 18:45:22,2024-09-04 21:39:31
6510000,202465100000601420,,제주특별자치도 제주시 남녕로4길,제주특별자치도,제주시,제주특별자치도 제주시 남녕로4길 10,제주특별자치도 제주시 연동 1957-5,제주특별자치도 제주시 연동 1957-5,원호형,원호형,8,360,500,일반,Y,33.4908281000,126.4823365000,Y,N,,제주특별자치도 제주시청,064-728-3742,2024-07-25,I,2026-05-15 18:45:22,2024-09-04 21:39:32
6510000,202465100000601818,,제주특별자치도 제주시 아봉로,제주특별자치도,제주시,제주특별자치도 제주시 아봉로 77,제주특별자치도 제주시 아라이동 938-2,제주특별자치도 제주시 아라이동 938-2,원호형,가상형,0,360,500,일반,Y,33.4785128700,126.5523432000,Y,N,,제주특별자치도 제주시청,064-728-3742,2024-07-25,I,2026-05-15 18:45:22,2024-09-04 21:39:35
6510000,202465100000601144,,제주특별자치도 제주시 해맞이해안로,제주특별자치도,제주시,,제주특별자치도 제주시 구좌읍 월정리 554-7,제주특별자치도 제주시 구좌읍 월정리 554-7,원호형,원호형,10,360,500,일반,Y,33.5562583873,126.7950812426,Y,N,,제주특별자치도 제주시청,064-728-3742,2024-07-25,I,2026-05-15 18:45:22,2024-09-04 21:39:30
6510000,202465100000601890,,제주특별자치도 제주시 인다8길,제주특별자치도,제주시,제주특별자치도 제주시 인다8길 7,제주특별자치도 제주시 아라일동 6109-16,제주특별자치도 제주시 아라일동 6109-16,원호형,원호형,8,360,500,일반,Y,33.4762940000,126.5456906000,Y,N,,제주특별자치도 제주시청,064-728-3742,2024-07-25,I,2026-05-15 18:45:22,2024-09-04 21:39:35
6510000,202465100000601337,,제주특별자치도 제주시 남광북3길,제주특별자치도,제주시,제주특별자치도 제주시 남광북3길 18-15,제주특별자치도 제주시 이도이동 1076-8,제주특별자치도 제주시 이도이동 1076-8,원호형,원호형,8,360,500,일반,Y,33.4941907100,126.5372480000,Y,N,,제주특별자치도 제주시청,064-728-3742,2024-07-25,I,2026-05-15 18:45:22,2024-09-04 21:39:31
6510000,202465100000600362,,제주특별자치도 제주시 월성로4길,제주특별자치도,제주시,제주특별자치도 제주시 월성로4길 76,제주특별자치도 제주시 용담이동 1726-3,제주특별자치도 제주시 용담이동 1726-3,원호형,원호형,8,360,500,일반,Y,33.4987089655,126.4981962280,Y,N,,제주특별자치도 제주시청,064-728-3742,2024-07-25,I,2026-05-15 18:45:22,2024-09-04 21:39:25
6510000,202465100000602001,,제주특별자치도 제주시 동성길,제주특별자치도,제주시,제주특별자치도 제주시 동성길 22,제주특별자치도 제주시 오라삼동 2231-7,제주특별자치도 제주시 오라삼동 2231-7,원호형,원호형,10,360,500,일반,Y,33.4982548800,126.5102165000,Y,N,,제주특별자치도 제주시청,064-728-3742,2024-07-25,I,2026-05-15 18:45:22,2024-09-04 21:39:36
6510000,202465100000600236,,제주특별자치도 제주시 서사로 23길,제주특별자치도,제주시,제주특별자치도 제주시 서사로23길 3,제주특별자치도 제주시 삼도일동 571-4,제주특별자치도 제주시 삼도일동 571-4,원호형,원호형,10,360,500,일반,Y,33.4984072500,126.5202415000,Y,N,,제주특별자치도 제주시청,064-728-3742,2024-07-25,I,2026-05-15 18:45:22,2024-09-04 21:39:25
6510000,202465100000600499,,제주특별자치도 제주시 진남로,제주특별자치도,제주시,제주특별자치도 제주시 진남로 64,제주특별자치도 제주시 화북일동 1943,제주특별자치도 제주시 화북일동 1943,원호형,원호형,10,360,500,일반,Y,33.5236605900,126.5669954000,Y,N,,제주특별자치도 제주시청,064-728-3742,2024-07-25,I,2026-05-15 18:45:22,2024-09-04 21:39:26
6510000,202465100000601608,,제주특별자치도 제주시 지석10길,제주특별자치도,제주시,제주특별자치도 제주시 지석10길 11,제주특별자치도 제주시 삼양이동 2179-3,제주특별자치도 제주시 삼양이동 2179-3,원호형,원호형,10,360,500,일반,Y,33.5201838900,126.5829479000,Y,N,,제주특별자치도 제주시청,064-728-3742,2024-07-25,I,2026-05-15 18:45:22,2024-09-04 21:39:33
6510000,202465100000600091,,제주특별자치도 제주시 조함해안로,제주특별자치도,제주시,,제주특별자치도 제주시 조천읍 함덕리 3131-3,제주특별자치도 제주시 조천읍 함덕리 3131-3,원호형,원호형,10,360,500,일반,Y,33.5456892373,126.6609143225,Y,N,,제주특별자치도 제주시청,064-728-3742,2024-07-25,I,2026-05-15 18:45:22,2024-09-04 21:39:24
6510000,202465100000601473,,제주특별자치도 제주시 선덕로3길,제주특별자치도,제주시,제주특별자치도 제주시 선덕로3길 25,제주특별자치도 제주시 연동 312-22,제주특별자치도 제주시 연동 312-22,원호형,원호형,10,360,500,일반,Y,33.4879935869,126.4985623291,Y,N,,제주특별자치도 제주시청,064-728-3742,2024-07-25,I,2026-05-15 18:45:22,2024-09-04 21:39:32
6510000,202465100000600039,,제주특별자치도 제주시 하가로2길,제주특별자치도,제주시,,제주특별자치도 제주시 애월읍 하가리 1274-2,제주특별자치도 제주시 애월읍 하가리 1274-2,원호형,원호형,10,360,500,일반,Y,33.4625486298,126.3442867037,Y,N,,제주특별자치도 제주시청,064-728-3742,2024-07-25,I,2026-05-15 18:45:22,2024-09-04 21:39:24
6510000,202465100000600442,,제주특별자치도 제주시 성화로,제주특별자치도,제주시,제주특별자치도 제주시 성화로 1,제주특별자치도 제주시 용담이동 885-12,제주특별자치도 제주시 용담이동 885-12,원호형,가상형,0,360,500,일반,Y,33.5103305200,126.5049320000,Y,N,,제주특별자치도 제주시청,064-728-3742,2024-07-25,I,2026-05-15 18:45:22,2024-09-04 21:39:26
6510000,202465100000600505,,제주특별자치도 제주시 진동로5길,제주특별자치도,제주시,제주특별자치도 제주시 진동로5길 43,제주특별자치도 제주시 화북일동 1944-15,제주특별자치도 제주시 화북일동 1944-15,원호형,원호형,10,360,500,일반,Y,33.5219259157,126.5675335337,Y,N,,제주특별자치도 제주시청,064-728-3742,2024-07-25,I,2026-05-15 18:45:22,2024-09-04 21:39:26
6510000,202465100000601778,,제주특별자치도 제주시 제주대학로,제주특별자치도,제주시,,제주특별자치도 제주시 아라일동 329,제주특별자치도 제주시 아라일동 329,원호형,원호형,10,360,500,일반,Y,33.4590053240,126.5564843318,Y,N,,제주특별자치도 제주시청,064-728-3742,2024-07-25,I,2026-05-15 18:45:22,2024-09-04 21:39:35
6510000,202465100000601414,,제주특별자치도 제주시 남녕로6길,제주특별자치도,제주시,제주특별자치도 제주시 남녕로6길 8,제주특별자치도 제주시 연동 1955-3,제주특별자치도 제주시 연동 1955-3,원호형,가상형,0,360,500,일반,Y,33.4913373600,126.4812039000,Y,N,,제주특별자치도 제주시청,064-728-3742,2024-07-25,I,2026-05-15 18:45:22,2024-09-04 21:39:32
6510000,202465100000600887,,제주특별자치도 제주시 우정로8길,제주특별자치도,제주시,제주특별자치도 제주시 우정로8길 8,제주특별자치도 제주시 외도일동 474-7,제주특별자치도 제주시 외도일동 474-7,원호형,원호형,10,360,500,일반,Y,33.4894387600,126.4300119000,Y,N,,제주특별자치도 제주시청,064-728-3742,2024-07-25,I,2026-05-15 18:45:22,2024-09-04 21:39:28
6510000,202465100000601958,,제주특별자치도 제주시 연사길,제주특별자치도,제주시,,제주특별자치도 제주시 오라이동 1371-4,제주특별자치도 제주시 오라이동 1371-4,원호형,원호형,10,360,500,일반,Y,33.4889741598,126.5133329382,Y,N,,제주특별자치도 제주시청,064-728-3742,2024-07-25,I,2026-05-15 18:45:22,2024-09-04 21:39:36
6510000,202465100000601398,,제주특별자치도 제주시 신대로20길,제주특별자치도,제주시,제주특별자치도 제주시 신대로20길 7,제주특별자치도 제주시 연동 299-4,제주특별자치도 제주시 연동 299-4,원호형,원호형,8,360,500,일반,Y,33.4835626363,126.4953237668,Y,N,,제주특별자치도 제주시청,064-728-3742,2024-07-25,I,2026-05-15 18:45:22,2024-09-04 21:39:32
6510000,202465100000600919,,제주특별자치도 제주시 연대마을길,제주특별자치도,제주시,제주특별자치도 제주시 연대마을길 21,제주특별자치도 제주시 외도이동 1963,제주특별자치도 제주시 외도이동 1963,원호형,원호형,10,360,500,일반,Y,33.4936883300,126.4264613000,Y,N,,제주특별자치도 제주시청,064-728-3742,2024-07-25,I,2026-05-15 18:45:22,2024-09-04 21:39:29
6510000,202465100000601551,,제주특별자치도 제주시 원당로3길,제주특별자치도,제주시,제주특별자치도 제주시 선사로4길 24,제주특별자치도 제주시 삼양일동 1661-5,제주특별자치도 제주시 삼양일동 1661-5,원호형,원호형,10,360,500,일반,Y,33.5248134700,126.5883650000,Y,N,,제주특별자치도 제주시청,064-728-3742,2024-07-25,I,2026-05-15 18:45:22,2024-09-04 21:39:33
6510000,202465100000601258,,제주특별자치도 제주시 연수로2길,제주특별자치도,제주시,제주특별자치도 제주시 연수로2길 27-1,제주특별자치도 제주시 일도이동 58-6,제주특별자치도 제주시 일도이동 58-6,원호형,원호형,5,360,500,일반,Y,33.5035295000,126.5460202000,Y,N,,제주특별자치도 제주시청,064-728-3742,2024-07-25,I,2026-05-15 18:45:22,2024-09-04 21:39:31
6510000,202465100000601792,,제주특별자치도 제주시 아란1길,제주특별자치도,제주시,제주특별자치도 제주시 아란1길 28,제주특별자치도 제주시 아라일동 6190,제주특별자치도 제주시 아라일동 6190,원호형,원호형,8,400,500,일반,Y,33.4754512663,126.5394072990,Y,N,,제주특별자치도 제주시청,064-728-3742,2024-07-25,I,2026-05-15 18:45:22,2024-09-04 21:39:35
6510000,202465100000601691,,제주특별자치도 제주시 남성로11길,제주특별자치도,제주시,제주특별자치도 제주시 남성로11길 16-6,제주특별자치도 제주시 용담일동 252-5,제주특별자치도 제주시 용담일동 252-5,원호형,원호형,8,360,500,일반,Y,33.5066312600,126.5133895000,Y,N,,제주특별자치도 제주시청,064-728-3742,2024-07-25,I,2026-05-15 18:45:22,2024-09-04 21:39:34
6510000,202465100000601914,,제주특별자치도 제주시 한북로,제주특별자치도,제주시,제주특별자치도 제주시 한북로 133-3,제주특별자치도 제주시 오등동 768-1,제주특별자치도 제주시 오등동 768-1,원호형,원호형,10,370,500,일반,Y,33.4638025600,126.5303310000,Y,N,,제주특별자치도 제주시청,064-728-3742,2024-07-25,I,2026-05-15 18:45:22,2024-09-04 21:39:36
6510000,202465100000600808,,제주특별자치도 제주시 진군3길,제주특별자치도,제주시,제주특별자치도 제주시 진군중길 15,제주특별자치도 제주시 노형동 761,제주특별자치도 제주시 노형동 761,원호형,원호형,10,360,500,일반,Y,33.4775298600,126.4795947000,Y,N,,제주특별자치도 제주시청,064-728-3742,2024-07-25,I,2026-05-15 18:45:22,2024-09-04 21:39:28
6510000,202465100000601662,,제주특별자치도 제주시 매촌동길,제주특별자치도,제주시,제주특별자치도 제주시 매촌동길 147,제주특별자치도 제주시 도련이동 751-1,제주특별자치도 제주시 도련이동 751-1,원호형,원호형,10,360,500,일반,Y,33.5120589800,126.5967462000,Y,N,,제주특별자치도 제주시청,064-728-3742,2024-07-25,I,2026-05-15 18:45:22,2024-09-04 21:39:34
6510000,202465100000600457,,제주특별자치도 제주시 용화로11길,제주특별자치도,제주시,제주특별자치도 제주시 용화로11길 24,제주특별자치도 제주시 용담이동 603-75,제주특별자치도 제주시 용담이동 603-75,원호형,가상형,0,360,500,일반,Y,33.5116314300,126.5094453000,Y,N,,제주특별자치도 제주시청,064-728-3742,2024-07-25,I,2026-05-15 18:45:22,2024-09-04 21:39:26
6510000,202465100000601465,,제주특별자치도 제주시 선덕로,제주특별자치도,제주시,제주특별자치도 제주시 선덕로 23,제주특별자치도 제주시 연동 313-105,제주특별자치도 제주시 연동 313-105,원호형,원호형,10,360,500,일반,Y,33.4862162500,126.4994027000,Y,N,,제주특별자치도 제주시청,064-728-3742,2024-07-25,I,2026-05-15 18:45:22,2024-09-04 21:39:32
6510000,202465100000600099,,제주특별자치도 제주시 함덕21길,제주특별자치도,제주시,제주특별자치도 제주시 조천읍 함덕20길 32,제주특별자치도 제주시 조천읍 함덕리 926,제주특별자치도 제주시 조천읍 함덕리 926,원호형,원호형,10,360,500,일반,Y,33.5385852324,126.6679860923,Y,N,,제주특별자치도 제주시청,064-728-3742,2024-07-25,I,2026-05-15 18:45:22,2024-09-04 21:39:24
6510000,202465100000601816,,제주특별자치도 제주시 아봉로,제주특별자치도,제주시,제주특별자치도 제주시 아봉로 451,제주특별자치도 제주시 월평동 289,제주특별자치도 제주시 월평동 289,원호형,원호형,10,370,500,일반,Y,33.4705462700,126.5837527000,Y,N,,제주특별자치도 제주시청,064-728-3742,2024-07-25,I,2026-05-15 18:45:22,2024-09-04 21:39:35
6510000,202465100000600852,,제주특별자치도 제주시 논세길,제주특별자치도,제주시,,제주특별자치도 제주시 내도동 705,제주특별자치도 제주시 내도동 705,원호형,원호형,10,360,500,일반,Y,33.4920508871,126.4376012742,Y,N,,제주특별자치도 제주시청,064-728-3742,2024-07-25,I,2026-05-15 18:45:22,2024-09-04 21:39:28
6510000,202465100000600678,,제주특별자치도 제주시 정원로,제주특별자치도,제주시,,제주특별자치도 제주시 노형동 1583-4,제주특별자치도 제주시 노형동 1583-4,원호형,원호형,10,360,500,일반,Y,33.4757994217,126.4769240259,Y,N,,제주특별자치도 제주시청,064-728-3742,2024-07-25,I,2026-05-15 18:45:22,2024-09-04 21:39:27
6510000,202465100000601173,,제주특별자치도 제주시 삼성로9길,제주특별자치도,제주시,제주특별자치도 제주시 삼성로9길 42-1,제주특별자치도 제주시 일도이동 1028-43,제주특별자치도 제주시 일도이동 1028-43,원호형,원호형,8,360,500,일반,Y,33.5108273030,126.5293148416,Y,N,,제주특별자치도 제주시청,064-728-3742,2024-07-25,I,2026-05-15 18:45:22,2024-09-04 21:39:30
6510000,202465100000600239,,제주특별자치도 제주시 서광로 21길,제주특별자치도,제주시,제주특별자치도 제주시 서광로21길 7,제주특별자치도 제주시 삼도일동 551-4,제주특별자치도 제주시 삼도일동 551-4,원호형,가상형,0,360,500,일반,Y,33.5007050400,126.5218716000,Y,N,,제주특별자치도 제주시청,064-728-3742,2024-07-25,I,2026-05-15 18:45:22,2024-09-04 21:39:25
6510000,202465100000601310,,제주특별자치도 제주시 정든로,제주특별자치도,제주시,제주특별자치도 제주시 정든로 20-8,제주특별자치도 제주시 이도이동 403-11,제주특별자치도 제주시 이도이동 403-11,원호형,원호형,10,360,500,일반,Y,33.4968878600,126.5400652000,Y,N,,제주특별자치도 제주시청,064-728-3742,2024-07-25,I,2026-05-15 18:45:22,2024-09-04 21:39:31
6510000,202465100000601032,,제주특별자치도 제주시 다호북길,제주특별자치도,제주시,,제주특별자치도 제주시 도두일동 1349-1,제주특별자치도 제주시 도두일동 1349-1,원호형,원호형,8,360,500,일반,Y,33.5000181868,126.4759518893,Y,N,,제주특별자치도 제주시청,064-728-3742,2024-07-25,I,2026-05-15 18:45:22,2024-09-04 21:39:29
6510000,202465100000601156,,제주특별자치도 제주시 평대13길,제주특별자치도,제주시,제주특별자치도 제주시 구좌읍 평대13길 32,제주특별자치도 제주시 구좌읍 평대리 3350-10,제주특별자치도 제주시 구좌읍 평대리 3350-10,원호형,원호형,10,360,500,일반,Y,33.5255357938,126.8534165739,Y,N,,제주특별자치도 제주시청,064-728-3742,2024-07-25,I,2026-05-15 18:45:22,2024-09-04 21:39:30
6510000,202465100000600470,,제주특별자치도 제주시 진서로,제주특별자치도,제주시,,제주특별자치도 제주시 화북일동 4056-4,제주특별자치도 제주시 화북일동 4056-4,원호형,원호형,10,360,500,일반,Y,33.5241232072,126.5636645617,Y,N,,제주특별자치도 제주시청,064-728-3742,2024-07-25,I,2026-05-15 18:45:22,2024-09-04 21:39:26
6510000,202465100000601099,,제주특별자치도 제주시 한림로,제주특별자치도,제주시,,제주특별자치도 제주시 한림읍 금능리 2033,제주특별자치도 제주시 한림읍 금능리 2033,원호형,원호형,10,360,500,일반,Y,33.3901447139,126.2364973600,Y,N,,제주특별자치도 제주시청,064-728-3742,2024-07-25,I,2026-05-15 18:45:22,2024-09-04 21:39:30
6510000,202465100000600060,,제주특별자치도 제주시 신북로,제주특별자치도,제주시,제주특별자치도 제주시 조천읍 조함해안로 29,제주특별자치도 제주시 조천읍 조천리 2683,제주특별자치도 제주시 조천읍 조천리 2683,원호형,원호형,10,360,500,일반,Y,33.5395832533,126.6369073195,Y,N,,제주특별자치도 제주시청,064-728-3742,2024-07-25,I,2026-05-15 18:45:22,2024-09-04 21:39:24
6510000,202465100000601299,,제주특별자치도 제주시 도남로72,제주특별자치도,제주시,제주특별자치도 제주시 도남로 72,제주특별자치도 제주시 도남동 54-14,제주특별자치도 제주시 도남동 54-14,원호형,원호형,10,360,500,일반,Y,33.4939880700,126.5276982000,Y,N,,제주특별자치도 제주시청,064-728-3742,2024-07-25,I,2026-05-15 18:45:22,2024-09-04 21:39:31
6510000,202465100000600673,,제주특별자치도 제주시 광평중길,제주특별자치도,제주시,제주특별자치도 제주시 광평중길 66,제주특별자치도 제주시 노형동 3122-11,제주특별자치도 제주시 노형동 3122-11,원호형,원호형,10,360,500,일반,Y,33.4803600821,126.4679454976,Y,N,,제주특별자치도 제주시청,064-728-3742,2024-07-25,I,2026-05-15 18:45:22,2024-09-04 21:39:27
6510000,202465100000600358,,제주특별자치도 제주시 월성로4길,제주특별자치도,제주시,제주특별자치도 제주시 월성로4길 18,제주특별자치도 제주시 용담이동 687-1,제주특별자치도 제주시 용담이동 687-1,원호형,원호형,8,360,500,일반,Y,33.5018640200,126.5032585000,Y,N,,제주특별자치도 제주시청,064-728-3742,2024-07-25,I,2026-05-15 18:45:22,2024-09-04 21:39:25
6510000,202465100000601208,,제주특별자치도 제주시 고마로11길,제주특별자치도,제주시,제주특별자치도 제주시 고마로11길 22,제주특별자치도 제주시 일도이동 322-22,제주특별자치도 제주시 일도이동 322-22,원호형,원호형,8,360,500,일반,Y,33.5104215700,126.5399673000,Y,N,,제주특별자치도 제주시청,064-728-3742,2024-07-25,I,2026-05-15 18:45:22,2024-09-04 21:39:30
6510000,202465100000601861,,제주특별자치도 제주시 인다10길,제주특별자치도,제주시,제주특별자치도 제주시 인다10길 58,제주특별자치도 제주시 아라일동 6122-8,제주특별자치도 제주시 아라일동 6122-8,원호형,원호형,10,360,500,일반,Y,33.4742035100,126.5517947000,Y,N,,제주특별자치도 제주시청,064-728-3742,2024-07-25,I,2026-05-15 18:45:22,2024-09-04 21:39:35
6510000,202465100000601803,,제주특별자치도 제주시 아란서길,제주특별자치도,제주시,제주특별자치도 제주시 아란서길 70-50,제주특별자치도 제주시 아라일동 2828-1,제주특별자치도 제주시 아라일동 2828-1,원호형,원호형,10,360,500,일반,Y,33.4716749100,126.5358021000,Y,N,,제주특별자치도 제주시청,064-728-3742,2024-07-25,I,2026-05-15 18:45:22,2024-09-04 21:39:35
6510000,202465100000601742,,제주특별자치도 제주시 기자길,제주특별자치도,제주시,제주특별자치도 제주시 기자길 18,제주특별자치도 제주시 아라이동 1477-4,제주특별자치도 제주시 아라이동 1477-4,원호형,원호형,8,370,500,일반,Y,33.4842321600,126.5439136000,Y,N,,제주특별자치도 제주시청,064-728-3742,2024-07-25,I,2026-05-15 18:45:22,2024-09-04 21:39:34
6510000,202465100000601562,,제주특별자치도 제주시 설촌로8길,제주특별자치도,제주시,제주특별자치도 제주시 설촌로8길 13,제주특별자치도 제주시 삼양이동 2103-3,제주특별자치도 제주시 삼양이동 2103-3,원호형,원호형,10,360,500,일반,Y,33.5235426600,126.5830489000,Y,N,,제주특별자치도 제주시청,064-728-3742,2024-07-25,I,2026-05-15 18:45:22,2024-09-04 21:39:33
6510000,202465100000601929,,제주특별자치도 제주시 정실동길,제주특별자치도,제주시,,제주특별자치도 제주시 오라이동 126-4,제주특별자치도 제주시 오라이동 126-4,원호형,원호형,10,360,500,일반,Y,33.4632310022,126.5143409989,Y,N,,제주특별자치도 제주시청,064-728-3742,2024-07-25,I,2026-05-15 18:45:22,2024-09-04 21:39:36
6510000,202465100000600057,,제주특별자치도 제주시 신북로,제주특별자치도,제주시,제주특별자치도 제주시 조천읍 신북로 243,제주특별자치도 제주시 조천읍 조천리 2365-5,제주특별자치도 제주시 조천읍 조천리 2365-5,원호형,원호형,10,360,500,일반,Y,33.5372528627,126.6381852113,Y,N,,제주특별자치도 제주시청,064-728-3742,2024-07-25,I,2026-05-15 18:45:22,2024-09-04 21:39:24
6510000,202465100000600593,,제주특별자치도 제주시 종인내길,제주특별자치도,제주시,,제주특별자치도 제주시 회천동 682,제주특별자치도 제주시 회천동 682,원호형,가상형,0,360,500,일반,Y,33.5048835456,126.6191811066,Y,N,,제주특별자치도 제주시청,064-728-3742,2024-07-25,I,2026-05-15 18:45:22,2024-09-04 21:39:27
6510000,202465100000600800,,제주특별자치도 제주시 진군길,제주특별자치도,제주시,제주특별자치도 제주시 진군길 48,제주특별자치도 제주시 노형동 751-2,제주특별자치도 제주시 노형동 751-2,원호형,원호형,10,360,500,일반,Y,33.4778778600,126.4806670000,Y,N,,제주특별자치도 제주시청,064-728-3742,2024-07-25,I,2026-05-15 18:45:22,2024-09-04 21:39:28
6510000,202465100000601022,,제주특별자치도 제주시 다호길,제주특별자치도,제주시,,제주특별자치도 제주시 도두이동 69-5,제주특별자치도 제주시 도두이동 69-5,원호형,원호형,8,360,500,일반,Y,33.5013728549,126.4922739483,Y,N,,제주특별자치도 제주시청,064-728-3742,2024-07-25,I,2026-05-15 18:45:22,2024-09-04 21:39:29
6510000,202465100000601659,,제주특별자치도 제주시 벌랑길,제주특별자치도,제주시,제주특별자치도 제주시 벌랑길 59,제주특별자치도 제주시 삼양삼동 2587-1,제주특별자치도 제주시 삼양삼동 2587-1,원호형,원호형,10,360,500,일반,Y,33.5259565100,126.5769663000,Y,N,,제주특별자치도 제주시청,064-728-3742,2024-07-25,I,2026-05-15 18:45:22,2024-09-04 21:39:34
6510000,202465100000601988,,제주특별자치도 제주시 오라로,제주특별자치도,제주시,,제주특별자치도 제주시 오라이동 1187-1,제주특별자치도 제주시 오라이동 1187-1,원호형,원호형,10,360,500,일반,Y,33.4958025045,126.5118743988,Y,N,,제주특별자치도 제주시청,064-728-3742,2024-07-25,I,2026-05-15 18:45:22,2024-09-04 21:39:36
6510000,202465100000601628,,제주특별자치도 제주시 도련남길,제주특별자치도,제주시,제주특별자치도 제주시 도련남길 66,제주특별자치도 제주시 도련일동 2291-13,제주특별자치도 제주시 도련일동 2291-13,원호형,원호형,10,360,500,일반,Y,33.5070174900,126.5846980000,Y,N,,제주특별자치도 제주시청,064-728-3742,2024-07-25,I,2026-05-15 18:45:22,2024-09-04 21:39:34
6510000,202465100000600732,,제주특별자치도 제주시 정존13길,제주특별자치도,제주시,제주특별자치도 제주시 정존13길 14,제주특별자치도 제주시 노형동 1283-12,제주특별자치도 제주시 노형동 1283-12,원호형,원호형,10,360,500,일반,Y,33.4861288500,126.4768033000,Y,N,,제주특별자치도 제주시청,064-728-3742,2024-07-25,I,2026-05-15 18:45:22,2024-09-04 21:39:27
6510000,202465100000600272,,제주특별자치도 제주시 서광로 19길,제주특별자치도,제주시,제주특별자치도 제주시 서광로19길 46,제주특별자치도 제주시 삼도일동 541,제주특별자치도 제주시 삼도일동 541,원호형,원호형,10,360,500,일반,Y,33.5038089000,126.5206935000,Y,N,,제주특별자치도 제주시청,064-728-3742,2024-07-25,I,2026-05-15 18:45:22,2024-09-04 21:39:25
6510000,202465100000600861,,제주특별자치도 제주시 대통길,제주특별자치도,제주시,,제주특별자치도 제주시 도평동 1397-6,제주특별자치도 제주시 도평동 1397-6,원호형,원호형,10,360,500,일반,Y,33.4850413710,126.4466400947,Y,N,,제주특별자치도 제주시청,064-728-3742,2024-07-25,I,2026-05-15 18:45:22,2024-09-04 21:39:28
6510000,202465100000600003,,제주특별자치도 제주시 하귀로21길,제주특별자치도,제주시,,제주특별자치도 제주시 애월읍 하귀2리 1271-2,제주특별자치도 제주시 애월읍 하귀2리 1271-2,원호형,원호형,10,360,500,일반,Y,33.4805247125,126.4044205919,Y,N,,제주특별자치도 제주시청,064-728-3742,2024-07-25,I,2026-05-15 18:45:22,2024-09-04 21:39:24
6510000,202465100000601489,,제주특별자치도 제주시 연문4길,제주특별자치도,제주시,제주특별자치도 제주시 연문4길 17,제주특별자치도 제주시 연동 320-20,제주특별자치도 제주시 연동 320-20,원호형,원호형,10,360,500,일반,Y,33.4919003393,126.5001623856,Y,N,,제주특별자치도 제주시청,064-728-3742,2024-07-25,I,2026-05-15 18:45:22,2024-09-04 21:39:32
6510000,202465100000600483,,제주특별자치도 제주시 진북길,제주특별자치도,제주시,제주특별자치도 제주시 진북길 24,제주특별자치도 제주시 화북일동 1592,제주특별자치도 제주시 화북일동 1592,원호형,원호형,10,360,500,일반,Y,33.5245345220,126.5668722003,Y,N,,제주특별자치도 제주시청,064-728-3742,2024-07-25,I,2026-05-15 18:45:22,2024-09-04 21:39:26
6510000,202465100000600842,,제주특별자치도 제주시 우평로,제주특별자치도,제주시,,제주특별자치도 제주시 외도일동 828,제주특별자치도 제주시 외도일동 828,원호형,원호형,10,360,500,일반,Y,33.4837734765,126.4322606226,Y,N,,제주특별자치도 제주시청,064-728-3742,2024-07-25,I,2026-05-15 18:45:22,2024-09-04 21:39:28
6510000,202465100000601089,,제주특별자치도 제주시 한림로 5길,제주특별자치도,제주시,제주특별자치도 제주시 한림읍 한림로5길 14,제주특별자치도 제주시 한림읍 한림리 1371-17,제주특별자치도 제주시 한림읍 한림리 1371-17,원호형,원호형,10,360,500,일반,Y,33.4137607537,126.2612937152,Y,N,,제주특별자치도 제주시청,064-728-3742,2024-07-25,I,2026-05-15 18:45:22,2024-09-04 21:39:30
6510000,202465100000601794,,제주특별자치도 제주시 아란1길,제주특별자치도,제주시,제주특별자치도 제주시 아란1길 43,제주특별자치도 제주시 아라일동 6050-7,제주특별자치도 제주시 아라일동 6050-7,원호형,원호형,8,350,500,일반,Y,33.4739211858,126.5402255596,Y,N,,제주특별자치도 제주시청,064-728-3742,2024-07-25,I,2026-05-15 18:45:22,2024-09-04 21:39:35
6510000,202465100000600473,,제주특별자치도 제주시 진서로,제주특별자치도,제주시,,제주특별자치도 제주시 화북일동 4319-1,제주특별자치도 제주시 화북일동 4319-1,원호형,원호형,10,360,500,일반,Y,33.5249126631,126.5635855984,Y,N,,제주특별자치도 제주시청,064-728-3742,2024-07-25,I,2026-05-15 18:45:22,2024-09-04 21:39:26
6510000,202465100000601124,,제주특별자치도 제주시 다랑쉬로,제주특별자치도,제주시,,제주특별자치도 제주시 구좌읍 세화리 2778-3,제주특별자치도 제주시 구좌읍 세화리 2778-3,원호형,원호형,10,360,500,일반,Y,33.4865135940,126.8294776847,Y,N,,제주특별자치도 제주시청,064-728-3742,2024-07-25,I,2026-05-15 18:45:22,2024-09-04 21:39:30
6510000,202465100000601367,,제주특별자치도 제주시 연화로,제주특별자치도,제주시,제주특별자치도 제주시 연화로 37,제주특별자치도 제주시 연동 1510-1,제주특별자치도 제주시 연동 1510-1,원호형,원호형,10,360,500,일반,Y,33.4783826500,126.4874436000,Y,N,,제주특별자치도 제주시청,064-728-3742,2024-07-25,I,2026-05-15 18:45:22,2024-09-04 21:39:32
6510000,202465100000601667,,제주특별자치도 제주시 동한두기길,제주특별자치도,제주시,제주특별자치도 제주시 동한두기길 3-2,제주특별자치도 제주시 용담일동 382-16,제주특별자치도 제주시 용담일동 382-16,원호형,원호형,10,360,500,일반,Y,33.5155567842,126.5159806809,Y,N,,제주특별자치도 제주시청,064-728-3742,2024-07-25,I,2026-05-15 18:45:22,2024-09-04 21:39:34
6510000,202465100000601163,,제주특별자치도 제주시 송당6길,제주특별자치도,제주시,제주특별자치도 제주시 구좌읍 송당6길 312,제주특별자치도 제주시 구좌읍 송당리 산 168,제주특별자치도 제주시 구좌읍 송당리 산 168,원호형,원호형,10,360,500,일반,Y,33.4450554971,126.7803186011,Y,N,,제주특별자치도 제주시청,064-728-3742,2024-07-25,I,2026-05-15 18:45:22,2024-09-04 21:39:30
6510000,202465100000601194,,제주특별자치도 제주시 동광로13길,제주특별자치도,제주시,제주특별자치도 제주시 동광로13길 20,제주특별자치도 제주시 일도이동 340-25,제주특별자치도 제주시 일도이동 340-25,원호형,원호형,8,360,500,일반,Y,33.5062406700,126.5360406000,Y,N,,제주특별자치도 제주시청,064-728-3742,2024-07-25,I,2026-05-15 18:45:22,2024-09-04 21:39:30
6510000,202465100000600789,,제주특별자치도 제주시 진군길,제주특별자치도,제주시,,제주특별자치도 제주시 노형동 717,제주특별자치도 제주시 노형동 717,원호형,원호형,10,360,500,일반,Y,33.4761277660,126.4825661877,Y,N,,제주특별자치도 제주시청,064-728-3742,2024-07-25,I,2026-05-15 18:45:22,2024-09-04 21:39:28
6510000,202465100000601762,,제주특별자치도 제주시 산록북로,제주특별자치도,제주시,제주특별자치도 제주시 산록북로 585,제주특별자치도 제주시 오등동 산 180-4,제주특별자치도 제주시 오등동 산 180-4,원호형,원호형,10,360,500,일반,Y,33.4225174200,126.5493028000,Y,N,,제주특별자치도 제주시청,064-728-3742,2024-07-25,I,2026-05-15 18:45:22,2024-09-04 21:39:34
6510000,202465100000600133,,제주특별자치도 제주시 북선로,제주특별자치도,제주시,,제주특별자치도 제주시 조천읍 선흘리 2538-1,제주특별자치도 제주시 조천읍 선흘리 2538-1,원호형,원호형,10,360,500,일반,Y,33.5117621563,126.7003762377,Y,N,,제주특별자치도 제주시청,064-728-3742,2024-07-25,I,2026-05-15 18:45:22,2024-09-04 21:39:24
6510000,202465100000601734,,제주특별자치도 제주시 기와1길,제주특별자치도,제주시,제주특별자치도 제주시 기와1길 40,제주특별자치도 제주시 영평동 2626-1,제주특별자치도 제주시 영평동 2626-1,원호형,원호형,8,330,500,일반,Y,33.4865614800,126.5592253000,Y,N,,제주특별자치도 제주시청,064-728-3742,2024-07-25,I,2026-05-15 18:45:22,2024-09-04 21:39:34
6510000,202465100000601240,,제주특별자치도 제주시 고마로19길,제주특별자치도,제주시,제주특별자치도 제주시 고마로19길 19,제주특별자치도 제주시 일도이동 406,제주특별자치도 제주시 일도이동 406,원호형,원호형,8,360,500,일반,Y,33.5058557589,126.5428737624,Y,N,,제주특별자치도 제주시청,064-728-3742,2024-07-25,I,2026-05-15 18:45:22,2024-09-04 21:39:31
6510000,202465100000601789,,제주특별자치도 제주시 아란13길,제주특별자치도,제주시,제주특별자치도 제주시 아란13길 50,제주특별자치도 제주시 아라일동 6064-6,제주특별자치도 제주시 아라일동 6064-6,원호형,원호형,8,370,500,일반,Y,33.4693745600,126.5422973000,Y,N,,제주특별자치도 제주시청,064-728-3742,2024-07-25,I,2026-05-15 18:45:22,2024-09-04 21:39:35
6510000,202465100000601495,,제주특별자치도 제주시 연문2길,제주특별자치도,제주시,제주특별자치도 제주시 연문2길 8,제주특별자치도 제주시 연동 310-55,제주특별자치도 제주시 연동 310-55,원호형,원호형,10,360,500,일반,Y,33.4926810100,126.4985965000,Y,N,,제주특별자치도 제주시청,064-728-3742,2024-07-25,I,2026-05-15 18:45:22,2024-09-04 21:39:32
6510000,202465100000601605,,제주특별자치도 제주시 지석6길,제주특별자치도,제주시,제주특별자치도 제주시 지석6길 9,제주특별자치도 제주시 삼양이동 2164-10,제주특별자치도 제주시 삼양이동 2164-10,원호형,원호형,10,360,500,일반,Y,33.5203409300,126.5811000000,Y,N,,제주특별자치도 제주시청,064-728-3742,2024-07-25,I,2026-05-15 18:45:22,2024-09-04 21:39:33
6510000,202465100000601942,,제주특별자치도 제주시 종천길,제주특별자치도,제주시,제주특별자치도 제주시 종천길 61,제주특별자치도 제주시 오라이동 3335,제주특별자치도 제주시 오라이동 3335,원호형,원호형,10,360,500,일반,Y,33.4695311547,126.5019957229,Y,N,,제주특별자치도 제주시청,064-728-3742,2024-07-25,I,2026-05-15 18:45:22,2024-09-04 21:39:36
6510000,202465100000601267,,제주특별자치도 제주시 태성로4길,제주특별자치도,제주시,제주특별자치도 제주시 태성로4길 23,제주특별자치도 제주시 일도이동 88,제주특별자치도 제주시 일도이동 88,원호형,원호형,8,360,500,일반,Y,33.4999826704,126.5472874775,Y,N,,제주특별자치도 제주시청,064-728-3742,2024-07-25,I,2026-05-15 18:45:22,2024-09-04 21:39:31
6510000,202465100000600631,,제주특별자치도 제주시 1100로,제주특별자치도,제주시,제주특별자치도 제주시 1100로 2894-65,제주특별자치도 제주시 노형동 289-14,제주특별자치도 제주시 노형동 289-14,원호형,원호형,10,360,500,일반,Y,33.4514303906,126.4874067868,Y,N,,제주특별자치도 제주시청,064-728-3742,2024-07-25,I,2026-05-15 18:45:22,2024-09-04 21:39:27
6510000,202465100000600428,,제주특별자치도 제주시 용화로,제주특별자치도,제주시,제주특별자치도 제주시 용화로 34,제주특별자치도 제주시 용담이동 628-10,제주특별자치도 제주시 용담이동 628-10,원호형,가상형,0,360,500,일반,Y,33.5096559500,126.5073537000,Y,N,,제주특별자치도 제주시청,064-728-3742,2024-07-25,I,2026-05-15 18:45:22,2024-09-04 21:39:26
6510000,202465100000600492,,제주특별자치도 제주시 진남로8길,제주특별자치도,제주시,제주특별자치도 제주시 진남로8길 2,제주특별자치도 제주시 화북일동 1994,제주특별자치도 제주시 화북일동 1994,원호형,원호형,10,360,500,일반,Y,33.5193001127,126.5676086012,Y,N,,제주특별자치도 제주시청,064-728-3742,2024-07-25,I,2026-05-15 18:45:22,2024-09-04 21:39:26
6510000,202465100000600198,,제주특별자치도 제주시 함선로,제주특별자치도,제주시,,제주특별자치도 제주시 조천읍 대흘리 551-1,제주특별자치도 제주시 조천읍 대흘리 551-1,원호형,원호형,10,360,500,일반,Y,33.5155390433,126.6719062351,Y,N,,제주특별자치도 제주시청,064-728-3742,2024-07-25,I,2026-05-15 18:45:22,2024-09-04 21:39:25
6510000,202465100000601232,,제주특별자치도 제주시 고마로17길,제주특별자치도,제주시,제주특별자치도 제주시 고마로17길 35,제주특별자치도 제주시 일도이동 397-7,제주특별자치도 제주시 일도이동 397-7,원호형,원호형,8,360,500,일반,Y,33.5076086500,126.5440289000,Y,N,,제주특별자치도 제주시청,064-728-3742,2024-07-25,I,2026-05-15 18:45:22,2024-09-04 21:39:31
6510000,202465100000601777,,제주특별자치도 제주시 첨단로 8길,제주특별자치도,제주시,,제주특별자치도 제주시 아라일동 3007,제주특별자치도 제주시 아라일동 3007,원호형,원호형,10,350,500,일반,Y,33.4459570158,126.5676673462,Y,N,,제주특별자치도 제주시청,064-728-3742,2024-07-25,I,2026-05-15 18:45:22,2024-09-04 21:39:35
6510000,202465100000601274,,제주특별자치도 제주시 남광로,제주특별자치도,제주시,제주특별자치도 제주시 남광로 187,제주특별자치도 제주시 일도이동 113-8,제주특별자치도 제주시 일도이동 113-8,원호형,원호형,8,360,500,일반,Y,33.5014871200,126.5528881000,Y,N,,제주특별자치도 제주시청,064-728-3742,2024-07-25,I,2026-05-15 18:45:22,2024-09-04 21:39:31
6510000,202465100000600380,,제주특별자치도 제주시 어영길,제주특별자치도,제주시,제주특별자치도 제주시 어영길 25,제주특별자치도 제주시 용담삼동 1170-1,제주특별자치도 제주시 용담삼동 1170-1,원호형,원호형,8,360,500,일반,Y,33.5185565842,126.4960042463,Y,N,,제주특별자치도 제주시청,064-728-3742,2024-07-25,I,2026-05-15 18:45:22,2024-09-04 21:39:25
6510000,202465100000600569,,제주특별자치도 제주시 화삼북로4길,제주특별자치도,제주시,제주특별자치도 제주시 화삼북로4길 24-2,제주특별자치도 제주시 화북일동 1009-4,제주특별자치도 제주시 화북일동 1009-4,원호형,원호형,10,360,500,일반,Y,33.5162907194,126.5773825549,Y,N,,제주특별자치도 제주시청,064-728-3742,2024-07-25,I,2026-05-15 18:45:22,2024-09-04 21:39:27
6510000,202465100000601305,,제주특별자치도 제주시 서광로30길,제주특별자치도,제주시,제주특별자치도 제주시 서광로30길 8,제주특별자치도 제주시 이도이동 1780-1,제주특별자치도 제주시 이도이동 1780-1,원호형,원호형,10,360,500,일반,Y,33.4994431384,126.5266544642,Y,N,,제주특별자치도 제주시청,064-728-3742,2024-07-25,I,2026-05-15 18:45:22,2024-09-04 21:39:31
6510000,202465100000600527,,제주특별자치도 제주시 거로길,제주특별자치도,제주시,제주특별자치도 제주시 거로길 38,제주특별자치도 제주시 화북이동 4972-8,제주특별자치도 제주시 화북이동 4972-8,원호형,원호형,10,360,500,일반,Y,33.5126581600,126.5583264000,Y,N,,제주특별자치도 제주시청,064-728-3742,2024-07-25,I,2026-05-15 18:45:22,2024-09-04 21:39:26
6510000,202465100000601147,,제주특별자치도 제주시 구좌해안로,제주특별자치도,제주시,,제주특별자치도 제주시 구좌읍 동복리 664,제주특별자치도 제주시 구좌읍 동복리 664,원호형,원호형,10,360,500,일반,Y,33.5570556281,126.7208930019,Y,N,,제주특별자치도 제주시청,064-728-3742,2024-07-25,I,2026-05-15 18:45:22,2024-09-04 21:39:30
6510000,202465100000600203,,제주특별자치도 제주시 선교로,제주특별자치도,제주시,,제주특별자치도 제주시 조천읍 선흘리 1775,제주특별자치도 제주시 조천읍 선흘리 1775,원호형,원호형,10,360,500,일반,Y,33.4709701107,126.7096571343,Y,N,,제주특별자치도 제주시청,064-728-3742,2024-07-25,I,2026-05-15 18:45:22,2024-09-04 21:39:25
6510000,202465100000600712,,제주특별자치도 제주시 정존1길,제주특별자치도,제주시,제주특별자치도 제주시 정존1길 2,제주특별자치도 제주시 노형동 2519-22,제주특별자치도 제주시 노형동 2519-22,원호형,원호형,10,360,500,일반,Y,33.4816195100,126.4727960000,Y,N,,제주특별자치도 제주시청,064-728-3742,2024-07-25,I,2026-05-15 18:45:22,2024-09-04 21:39:27
6510000,202465100000601845,,제주특별자치도 제주시 영평길,제주특별자치도,제주시,제주특별자치도 제주시 영평길 173,제주특별자치도 제주시 영평동 972-1,제주특별자치도 제주시 영평동 972-1,원호형,원호형,10,360,500,일반,Y,33.4857657000,126.5729434000,Y,N,,제주특별자치도 제주시청,064-728-3742,2024-07-25,I,2026-05-15 18:45:22,2024-09-04 21:39:35
6510000,202465100000601319,,제주특별자치도 제주시 승천로,제주특별자치도,제주시,제주특별자치도 제주시 승천로 27,제주특별자치도 제주시 이도이동 405,제주특별자치도 제주시 이도이동 405,원호형,원호형,10,360,500,일반,Y,33.4964249000,126.5397283000,Y,N,,제주특별자치도 제주시청,064-728-3742,2024-07-25,I,2026-05-15 18:45:22,2024-09-04 21:39:31
6510000,202465100000601051,,제주특별자치도 제주시 누운오름로,제주특별자치도,제주시,,제주특별자치도 제주시 한림읍 금악리 278-1,제주특별자치도 제주시 한림읍 금악리 278-1,원호형,원호형,10,360,500,일반,Y,33.3729450241,126.3174518546,Y,N,,제주특별자치도 제주시청,064-728-3742,2024-07-25,I,2026-05-15 18:45:22,2024-09-04 21:39:29
6510000,202465100000601653,,제주특별자치도 제주시 매촌안길,제주특별자치도,제주시,제주특별자치도 제주시 매촌안길 12,제주특별자치도 제주시 도련이동 648-13,제주특별자치도 제주시 도련이동 648-13,원호형,원호형,10,360,500,일반,Y,33.5142462789,126.5918297507,Y,N,,제주특별자치도 제주시청,064-728-3742,2024-07-25,I,2026-05-15 18:45:22,2024-09-04 21:39:34
6510000,202465100000601009,,제주특별자치도 제주시 서해안로,제주특별자치도,제주시,,제주특별자치도 제주시 도두일동 1798-3,제주특별자치도 제주시 도두일동 1798-3,원호형,원호형,10,360,500,일반,Y,33.5056411435,126.4687540193,Y,N,,제주특별자치도 제주시청,064-728-3742,2024-07-25,I,2026-05-15 18:45:22,2024-09-04 21:39:29
6510000,202465100000601372,,제주특별자치도 제주시 국기중길,제주특별자치도,제주시,제주특별자치도 제주시 국기로2길 13,제주특별자치도 제주시 연동 1491-12,제주특별자치도 제주시 연동 1491-12,원호형,원호형,10,360,500,일반,Y,33.4801409500,126.4912765000,Y,N,,제주특별자치도 제주시청,064-728-3742,2024-07-25,I,2026-05-15 18:45:22,2024-09-04 21:39:32
6510000,202465100000601332,,제주특별자치도 제주시 복지로7길,제주특별자치도,제주시,제주특별자치도 제주시 복지로7길 13,제주특별자치도 제주시 도남동 772-10,제주특별자치도 제주시 도남동 772-10,원호형,원호형,10,360,500,일반,Y,33.4880910300,126.5263100000,Y,N,,제주특별자치도 제주시청,064-728-3742,2024-07-25,I,2026-05-15 18:45:22,2024-09-04 21:39:31
6510000,202465100000601149,,제주특별자치도 제주시 해맞이해안로,제주특별자치도,제주시,,제주특별자치도 제주시 구좌읍 종달리 615-15,제주특별자치도 제주시 구좌읍 종달리 615-15,원호형,원호형,10,360,500,일반,Y,33.4891085842,126.9098294601,Y,N,,제주특별자치도 제주시청,064-728-3742,2024-07-25,I,2026-05-15 18:45:22,2024-09-04 21:39:30
6510000,202465100000600909,,제주특별자치도 제주시 내도7길,제주특별자치도,제주시,제주특별자치도 제주시 내도7길 9,제주특별자치도 제주시 내도동 327-1,제주특별자치도 제주시 내도동 327-1,원호형,원호형,10,360,500,일반,Y,33.4939933296,126.4417794414,Y,N,,제주특별자치도 제주시청,064-728-3742,2024-07-25,I,2026-05-15 18:45:22,2024-09-04 21:39:29
6510000,202465100000600282,,제주특별자치도 제주시 서사로 18길,제주특별자치도,제주시,제주특별자치도 제주시 서사로18길 29,제주특별자치도 제주시 삼도일동 514,제주특별자치도 제주시 삼도일동 514,원호형,가상형,0,360,500,일반,Y,33.5019058809,126.5167166913,Y,N,,제주특별자치도 제주시청,064-728-3742,2024-07-25,I,2026-05-15 18:45:22,2024-09-04 21:39:25
6510000,202465100000601203,,제주특별자치도 제주시 고마로1길,제주특별자치도,제주시,제주특별자치도 제주시 고마로1길 26,제주특별자치도 제주시 일도이동 148-29,제주특별자치도 제주시 일도이동 148-29,원호형,원호형,5,360,500,일반,Y,33.5128959600,126.5404214000,Y,N,,제주특별자치도 제주시청,064-728-3742,2024-07-25,I,2026-05-15 18:45:22,2024-09-04 21:39:30
6510000,202465100000601516,,제주특별자치도 제주시 도령북길,제주특별자치도,제주시,,제주특별자치도 제주시 연동 2307-8,제주특별자치도 제주시 연동 2307-8,원호형,원호형,10,360,500,일반,Y,33.4933926512,126.4893511102,Y,N,,제주특별자치도 제주시청,064-728-3742,2024-07-25,I,2026-05-15 18:45:22,2024-09-04 21:39:33
6510000,202465100000601518,,제주특별자치도 제주시 서흘길,제주특별자치도,제주시,제주특별자치도 제주시 서흘길 53,제주특별자치도 제주시 삼양일동 1873,제주특별자치도 제주시 삼양일동 1873,원호형,원호형,10,360,500,일반,Y,33.5299347900,126.5902706000,Y,N,,제주특별자치도 제주시청,064-728-3742,2024-07-25,I,2026-05-15 18:45:22,2024-09-04 21:39:33
6510000,202465100000601017,,제주특별자치도 제주시 서해안로,제주특별자치도,제주시,,제주특별자치도 제주시 도두이동 836-3,제주특별자치도 제주시 도두이동 836-3,원호형,원호형,10,360,500,일반,Y,33.5092483190,126.4790206852,Y,N,,제주특별자치도 제주시청,064-728-3742,2024-07-25,I,2026-05-15 18:45:22,2024-09-04 21:39:29
6510000,202465100000601341,,제주특별자치도 제주시 1100로,제주특별자치도,제주시,제주특별자치도 제주시 종천길 60,제주특별자치도 제주시 연동 599,제주특별자치도 제주시 연동 599,원호형,원호형,10,360,500,일반,Y,33.4696071666,126.5013919945,Y,N,,제주특별자치도 제주시청,064-728-3742,2024-07-25,I,2026-05-15 18:45:22,2024-09-04 21:39:31
6510000,202465100000600159,,제주특별자치도 제주시 와선로,제주특별자치도,제주시,,제주특별자치도 제주시 조천읍 와산리 294-5,제주특별자치도 제주시 조천읍 와산리 294-5,원호형,원호형,10,360,500,일반,Y,33.4820599217,126.6928607159,Y,N,,제주특별자치도 제주시청,064-728-3742,2024-07-25,I,2026-05-15 18:45:22,2024-09-04 21:39:24
6510000,202465100000601790,,제주특별자치도 제주시 아란13길,제주특별자치도,제주시,제주특별자치도 제주시 아란13길 62,제주특별자치도 제주시 아라일동 6063-9,제주특별자치도 제주시 아라일동 6063-9,원호형,원호형,8,400,500,일반,Y,33.4693975621,126.5410077414,Y,N,,제주특별자치도 제주시청,064-728-3742,2024-07-25,I,2026-05-15 18:45:22,2024-09-04 21:39:35
6510000,202465100000600374,,제주특별자치도 제주시 어영길,제주특별자치도,제주시,,제주특별자치도 제주시 용담삼동 1275-1,제주특별자치도 제주시 용담삼동 1275-1,원호형,원호형,8,360,500,일반,Y,33.5162671000,126.4960635255,Y,N,,제주특별자치도 제주시청,064-728-3742,2024-07-25,I,2026-05-15 18:45:22,2024-09-04 21:39:25
6510000,202465100000600176,,제주특별자치도 제주시 조와로,제주특별자치도,제주시,제주특별자치도 제주시 조천읍 조와로1길 2,제주특별자치도 제주시 조천읍 조천리 1934-8,제주특별자치도 제주시 조천읍 조천리 1934-8,원호형,원호형,10,360,500,일반,Y,33.5193061939,126.6352936159,Y,N,,제주특별자치도 제주시청,064-728-3742,2024-07-25,I,2026-05-15 18:45:22,2024-09-04 21:39:24
6510000,202465100000601520,,제주특별자치도 제주시 서흘길,제주특별자치도,제주시,제주특별자치도 제주시 서흘길 41,제주특별자치도 제주시 삼양일동 1779,제주특별자치도 제주시 삼양일동 1779,원호형,원호형,10,360,500,일반,Y,33.5290828200,126.5896290000,Y,N,,제주특별자치도 제주시청,064-728-3742,2024-07-25,I,2026-05-15 18:45:22,2024-09-04 21:39:33
6510000,202465100000600494,,제주특별자치도 제주시 진남로8길,제주특별자치도,제주시,제주특별자치도 제주시 진남로8길 16,제주특별자치도 제주시 화북일동 1972,제주특별자치도 제주시 화북일동 1972,원호형,원호형,10,360,500,일반,Y,33.5203249900,126.5673345000,Y,N,,제주특별자치도 제주시청,064-728-3742,2024-07-25,I,2026-05-15 18:45:22,2024-09-04 21:39:26
6510000,202465100000601237,,제주특별자치도 제주시 고마로17길,제주특별자치도,제주시,제주특별자치도 제주시 고마로17길 43,제주특별자치도 제주시 일도이동 400-11,제주특별자치도 제주시 일도이동 400-11,원호형,원호형,8,360,500,일반,Y,33.5080143000,126.5444767000,Y,N,,제주특별자치도 제주시청,064-728-3742,2024-07-25,I,2026-05-15 18:45:22,2024-09-04 21:39:31
6510000,202465100000601272,,제주특별자치도 제주시 남광로,제주특별자치도,제주시,제주특별자치도 제주시 남광로 121,제주특별자치도 제주시 일도이동 110-11,제주특별자치도 제주시 일도이동 110-11,원호형,가상형,0,360,500,일반,Y,33.4982534000,126.5471112000,Y,N,,제주특별자치도 제주시청,064-728-3742,2024-07-25,I,2026-05-15 18:45:22,2024-09-04 21:39:31
6510000,202465100000600650,,제주특별자치도 제주시 방안4길,제주특별자치도,제주시,,제주특별자치도 제주시 노형동 2155-19,제주특별자치도 제주시 노형동 2155-19,원호형,원호형,10,360,500,일반,Y,33.4770559650,126.4691334389,Y,N,,제주특별자치도 제주시청,064-728-3742,2024-07-25,I,2026-05-15 18:45:22,2024-09-04 21:39:27
6510000,202465100000601907,,제주특별자치도 제주시 첨단로,제주특별자치도,제주시,제주특별자치도 제주시 첨단로 221,제주특별자치도 제주시 영평동 2169-14,제주특별자치도 제주시 영평동 2169-14,원호형,원호형,10,400,500,일반,Y,33.4526312976,126.5716597210,Y,N,,제주특별자치도 제주시청,064-728-3742,2024-07-25,I,2026-05-15 18:45:22,2024-09-04 21:39:35
6510000,202465100000600533,,제주특별자치도 제주시 거로남6길,제주특별자치도,제주시,제주특별자치도 제주시 거로남6길 42,제주특별자치도 제주시 화북이동 3419,제주특별자치도 제주시 화북이동 3419,원호형,원호형,10,360,500,일반,Y,33.5083586300,126.5642301000,Y,N,,제주특별자치도 제주시청,064-728-3742,2024-07-25,I,2026-05-15 18:45:22,2024-09-04 21:39:26
6510000,202465100000601578,,제주특별자치도 제주시 설촌로12길,제주특별자치도,제주시,제주특별자치도 제주시 설촌로12길 32-1,제주특별자치도 제주시 삼양이동 2102-27,제주특별자치도 제주시 삼양이동 2102-27,원호형,원호형,10,360,500,일반,Y,33.5243520500,126.5837286000,Y,N,,제주특별자치도 제주시청,064-728-3742,2024-07-25,I,2026-05-15 18:45:22,2024-09-04 21:39:33
6510000,202465100000600652,,제주특별자치도 제주시 방안4길,제주특별자치도,제주시,,제주특별자치도 제주시 노형동 2262-14,제주특별자치도 제주시 노형동 2262-14,원호형,원호형,10,360,500,일반,Y,33.4776821302,126.4686325572,Y,N,,제주특별자치도 제주시청,064-728-3742,2024-07-25,I,2026-05-15 18:45:22,2024-09-04 21:39:27
6510000,202465100000601630,,제주특별자치도 제주시 도련4길,제주특별자치도,제주시,제주특별자치도 제주시 도련안길 47,제주특별자치도 제주시 도련일동 2293-1,제주특별자치도 제주시 도련일동 2293-1,원호형,원호형,10,360,500,일반,Y,33.5087182371,126.5845405931,Y,N,,제주특별자치도 제주시청,064-728-3742,2024-07-25,I,2026-05-15 18:45:22,2024-09-04 21:39:34
6510000,202465100000601871,,제주특별자치도 제주시 인다15길,제주특별자치도,제주시,제주특별자치도 제주시 인다15길 13,제주특별자치도 제주시 아라일동 6151-7,제주특별자치도 제주시 아라일동 6151-7,원호형,원호형,10,360,500,일반,Y,33.4701753200,126.5484557000,Y,N,,제주특별자치도 제주시청,064-728-3742,2024-07-25,I,2026-05-15 18:45:22,2024-09-04 21:39:35
6510000,202465100000601209,,제주특별자치도 제주시 동광로19길,제주특별자치도,제주시,제주특별자치도 제주시 동광로19길 28,제주특별자치도 제주시 일도이동 158-28,제주특별자치도 제주시 일도이동 158-28,원호형,원호형,8,360,500,일반,Y,33.5107138000,126.5406040000,Y,N,,제주특별자치도 제주시청,064-728-3742,2024-07-25,I,2026-05-15 18:45:22,2024-09-04 21:39:30
6510000,202465100000601281,,제주특별자치도 제주시 용수1길,제주특별자치도,제주시,제주특별자치도 제주시 한경면 용수1길 77,제주특별자치도 제주시 한경면 용수리 4349-4,제주특별자치도 제주시 한경면 용수리 4349-4,원호형,원호형,10,360,500,일반,Y,33.3221389140,126.1703304232,Y,N,,제주특별자치도 제주시청,064-728-3742,2024-07-25,I,2026-05-15 18:45:22,2024-09-04 21:39:31
6510000,202465100000601602,,제주특별자치도 제주시 지석10길,제주특별자치도,제주시,제주특별자치도 제주시 지석10길 13,제주특별자치도 제주시 삼양이동 2179-4,제주특별자치도 제주시 삼양이동 2179-4,원호형,원호형,10,360,500,일반,Y,33.5200732416,126.5829959036,Y,N,,제주특별자치도 제주시청,064-728-3742,2024-07-25,I,2026-05-15 18:45:22,2024-09-04 21:39:33
6510000,202465100000601111,,제주특별자치도 제주시 금능남로,제주특별자치도,제주시,,제주특별자치도 제주시 한림읍 금능리 459-3,제주특별자치도 제주시 한림읍 금능리 459-3,원호형,원호형,10,360,500,일반,Y,33.3602432921,126.2482451193,Y,N,,제주특별자치도 제주시청,064-728-3742,2024-07-25,I,2026-05-15 18:45:22,2024-09-04 21:39:30
6510000,202465100000600897,,제주특별자치도 제주시 우정로18길,제주특별자치도,제주시,제주특별자치도 제주시 우령6길 70,제주특별자치도 제주시 외도일동 633-16,제주특별자치도 제주시 외도일동 633-16,원호형,원호형,10,360,500,일반,Y,33.4851560524,126.4286489972,Y,N,,제주특별자치도 제주시청,064-728-3742,2024-07-25,I,2026-05-15 18:45:22,2024-09-04 21:39:28
6510000,202465100000601467,,제주특별자치도 제주시 선덕로5길,제주특별자치도,제주시,제주특별자치도 제주시 선덕로5길 32,제주특별자치도 제주시 연동 313-78,제주특별자치도 제주시 연동 313-78,원호형,원호형,10,360,500,일반,Y,33.4867996500,126.4996869000,Y,N,,제주특별자치도 제주시청,064-728-3742,2024-07-25,I,2026-05-15 18:45:22,2024-09-04 21:39:32
6510000,202465100000600256,,제주특별자치도 제주시 서광로 21길,제주특별자치도,제주시,제주특별자치도 제주시 홍랑길 4-2,제주특별자치도 제주시 삼도일동 558-1,제주특별자치도 제주시 삼도일동 558-1,원호형,가상형,0,360,500,일반,Y,33.5002090646,126.5234383013,Y,N,,제주특별자치도 제주시청,064-728-3742,2024-07-25,I,2026-05-15 18:45:22,2024-09-04 21:39:25
6510000,202465100000600292,,제주특별자치도 제주시 서사로 14길,제주특별자치도,제주시,제주특별자치도 제주시 서광로13길 38,제주특별자치도 제주시 삼도일동 527,제주특별자치도 제주시 삼도일동 527,원호형,가상형,0,360,500,일반,Y,33.5034823800,126.5180296000,Y,N,,제주특별자치도 제주시청,064-728-3742,2024-07-25,I,2026-05-15 18:45:22,2024-09-04 21:39:25
6510000,202465100000601952,,제주특별자치도 제주시 연사2길,제주특별자치도,제주시,제주특별자치도 제주시 연사2길 20,제주특별자치도 제주시 오라이동 1496-1,제주특별자치도 제주시 오라이동 1496-1,원호형,원호형,10,360,500,일반,Y,33.4873268700,126.5130352000,Y,N,,제주특별자치도 제주시청,064-728-3742,2024-07-25,I,2026-05-15 18:45:22,2024-09-04 21:39:36
6510000,202465100000601121,,제주특별자치도 제주시 광산로,제주특별자치도,제주시,,제주특별자치도 제주시 한림읍 상대리 893-1,제주특별자치도 제주시 한림읍 상대리 893-1,원호형,원호형,10,360,500,일반,Y,33.3900164998,126.3024561152,Y,N,,제주특별자치도 제주시청,064-728-3742,2024-07-25,I,2026-05-15 18:45:22,2024-09-04 21:39:30
6510000,202465100000601025,,제주특별자치도 제주시 다호길,제주특별자치도,제주시,,제주특별자치도 제주시 도두이동 96-1,제주특별자치도 제주시 도두이동 96-1,원호형,원호형,8,360,500,일반,Y,33.5008572826,126.4906945624,Y,N,,제주특별자치도 제주시청,064-728-3742,2024-07-25,I,2026-05-15 18:45:22,2024-09-04 21:39:29
6510000,202465100000601074,,제주특별자치도 제주시 한수풀로,제주특별자치도,제주시,,제주특별자치도 제주시 한림읍 대림리 1718-2,제주특별자치도 제주시 한림읍 대림리 1718-2,원호형,가상형,0,360,500,일반,Y,33.4204102621,126.2729356439,Y,N,,제주특별자치도 제주시청,064-728-3742,2024-07-25,I,2026-05-15 18:45:22,2024-09-04 21:39:30
6510000,202465100000600666,,제주특별자치도 제주시 월산남길,제주특별자치도,제주시,,제주특별자치도 제주시 노형동 3413-1,제주특별자치도 제주시 노형동 3413-1,원호형,원호형,10,360,500,일반,Y,33.4689765082,126.4672352453,Y,N,,제주특별자치도 제주시청,064-728-3742,2024-07-25,I,2026-05-15 18:45:22,2024-09-04 21:39:27
6510000,202465100000600884,,제주특별자치도 제주시 우정로4길,제주특별자치도,제주시,제주특별자치도 제주시 우정로4길 16,제주특별자치도 제주시 외도일동 413-5,제주특별자치도 제주시 외도일동 413-5,원호형,원호형,10,360,500,일반,Y,33.4914464400,126.4287837000,Y,N,,제주특별자치도 제주시청,064-728-3742,2024-07-25,I,2026-05-15 18:45:22,2024-09-04 21:39:28
6510000,202465100000601589,,제주특별자치도 제주시 지석15길,제주특별자치도,제주시,제주특별자치도 제주시 지석15길 7,제주특별자치도 제주시 삼양이동 2137-16,제주특별자치도 제주시 삼양이동 2137-16,원호형,원호형,10,360,500,일반,Y,33.5219100714,126.5862315854,Y,N,,제주특별자치도 제주시청,064-728-3742,2024-07-25,I,2026-05-15 18:45:22,2024-09-04 21:39:33
6510000,202465100000600184,,제주특별자치도 제주시 신촌인수물길,제주특별자치도,제주시,,제주특별자치도 제주시 조천읍 신촌리 1475-1,제주특별자치도 제주시 조천읍 신촌리 1475-1,원호형,원호형,10,360,500,일반,Y,33.5203442013,126.6199600603,Y,N,,제주특별자치도 제주시청,064-728-3742,2024-07-25,I,2026-05-15 18:45:22,2024-09-04 21:39:24
6510000,202465100000600918,,제주특별자치도 제주시 월대6길,제주특별자치도,제주시,제주특별자치도 제주시 월대6길 24,제주특별자치도 제주시 외도이동 250-30,제주특별자치도 제주시 외도이동 250-30,원호형,원호형,10,360,500,일반,Y,33.4925100300,126.4350924000,Y,N,,제주특별자치도 제주시청,064-728-3742,2024-07-25,I,2026-05-15 18:45:22,2024-09-04 21:39:29
6510000,202465100000600295,,제주특별자치도 제주시 충효길,제주특별자치도,제주시,제주특별자치도 제주시 충효길 44,제주특별자치도 제주시 삼도일동 804-14,제주특별자치도 제주시 삼도일동 804-14,원호형,원호형,10,360,500,일반,Y,33.5084050400,126.5194144000,Y,N,,제주특별자치도 제주시청,064-728-3742,2024-07-25,I,2026-05-15 18:45:22,2024-09-04 21:39:25
6510000,202465100000601328,,제주특별자치도 제주시 구남로7길,제주특별자치도,제주시,제주특별자치도 제주시 구남로7길 25,제주특별자치도 제주시 이도이동 1026-1,제주특별자치도 제주시 이도이동 1026-1,원호형,원호형,10,360,500,일반,Y,33.4930538600,126.5345188000,Y,N,,제주특별자치도 제주시청,064-728-3742,2024-07-25,I,2026-05-15 18:45:22,2024-09-04 21:39:31
6510000,202465100000600544,,제주특별자치도 제주시 사평3길,제주특별자치도,제주시,,제주특별자치도 제주시 화북이동 2881-1,제주특별자치도 제주시 화북이동 2881-1,원호형,원호형,10,360,500,일반,Y,33.4973887682,126.5661502735,Y,N,,제주특별자치도 제주시청,064-728-3742,2024-07-25,I,2026-05-15 18:45:22,2024-09-04 21:39:26
6510000,202465100000600525,,제주특별자치도 제주시 거로서길,제주특별자치도,제주시,,제주특별자치도 제주시 화북이동 4955-22,제주특별자치도 제주시 화북이동 4955-22,원호형,원호형,10,360,500,일반,Y,33.5136335282,126.5559029279,Y,N,,제주특별자치도 제주시청,064-728-3742,2024-07-25,I,2026-05-15 18:45:22,2024-09-04 21:39:26
6510000,202465100000600594,,제주특별자치도 제주시 동회천길,제주특별자치도,제주시,제주특별자치도 제주시 동회천길 35,제주특별자치도 제주시 회천동 1202-2,제주특별자치도 제주시 회천동 1202-2,원호형,가상형,0,360,500,일반,Y,33.5054632000,126.6156728000,Y,N,,제주특별자치도 제주시청,064-728-3742,2024-07-25,I,2026-05-15 18:45:22,2024-09-04 21:39:27
6510000,202465100000600290,,제주특별자치도 제주시 평전길,제주특별자치도,제주시,제주특별자치도 제주시 평전길 47,제주특별자치도 제주시 삼도일동 529-24,제주특별자치도 제주시 삼도일동 529-24,원호형,원호형,10,360,500,일반,Y,33.5041219600,126.5191641000,Y,N,,제주특별자치도 제주시청,064-728-3742,2024-07-25,I,2026-05-15 18:45:22,2024-09-04 21:39:25
6510000,202465100000600807,,제주특별자치도 제주시 진군3길,제주특별자치도,제주시,제주특별자치도 제주시 진군3길 7,제주특별자치도 제주시 노형동 752-1,제주특별자치도 제주시 노형동 752-1,원호형,원호형,10,360,500,일반,Y,33.4774871314,126.4801559882,Y,N,,제주특별자치도 제주시청,064-728-3742,2024-07-25,I,2026-05-15 18:45:22,2024-09-04 21:39:28
6510000,202465100000601446,,제주특별자치도 제주시 선덕로6길,제주특별자치도,제주시,제주특별자치도 제주시 선덕로6길 26,제주특별자치도 제주시 연동 317-2,제주특별자치도 제주시 연동 317-2,원호형,원호형,10,360,500,일반,Y,33.4833996700,126.4995577000,Y,N,,제주특별자치도 제주시청,064-728-3742,2024-07-25,I,2026-05-15 18:45:22,2024-09-04 21:39:32
6510000,202465100000601872,,제주특별자치도 제주시 인다15길,제주특별자치도,제주시,제주특별자치도 제주시 인다15길 5,제주특별자치도 제주시 아라일동 6140-5,제주특별자치도 제주시 아라일동 6140-5,원호형,원호형,8,360,500,일반,Y,33.4705145000,126.5473946000,Y,N,,제주특별자치도 제주시청,064-728-3742,2024-07-25,I,2026-05-15 18:45:22,2024-09-04 21:39:35
6510000,202465100000601909,,제주특별자치도 제주시 첨단로,제주특별자치도,제주시,제주특별자치도 제주시 첨단로8길 17,제주특별자치도 제주시 영평동 2188-1,제주특별자치도 제주시 영평동 2188-1,원호형,원호형,10,360,500,일반,Y,33.4482554800,126.5697887000,Y,N,,제주특별자치도 제주시청,064-728-3742,2024-07-25,I,2026-05-15 18:45:22,2024-09-04 21:39:35
6510000,202465100000601607,,제주특별자치도 제주시 지석8길,제주특별자치도,제주시,제주특별자치도 제주시 지석8길 5,제주특별자치도 제주시 삼양이동 2174-5,제주특별자치도 제주시 삼양이동 2174-5,원호형,원호형,10,360,500,일반,Y,33.5206648300,126.5816210000,Y,N,,제주특별자치도 제주시청,064-728-3742,2024-07-25,I,2026-05-15 18:45:22,2024-09-04 21:39:33
6510000,202465100000600347,,제주특별자치도 제주시 전농로11길,제주특별자치도,제주시,제주특별자치도 제주시 전농로11길 6,제주특별자치도 제주시 삼도이동 593-28,제주특별자치도 제주시 삼도이동 593-28,원호형,원호형,8,360,500,일반,Y,33.5048427287,126.5218765090,Y,N,,제주특별자치도 제주시청,064-728-3742,2024-07-25,I,2026-05-15 18:45:22,2024-09-04 21:39:25
6510000,202465100000601971,,제주특별자치도 제주시 사평4길,제주특별자치도,제주시,,제주특별자치도 제주시 오라이동 1382-1,제주특별자치도 제주시 오라이동 1382-1,원호형,원호형,10,360,500,일반,Y,33.4894536820,126.5135360908,Y,N,,제주특별자치도 제주시청,064-728-3742,2024-07-25,I,2026-05-15 18:45:22,2024-09-04 21:39:36
6510000,202465100000600422,,제주특별자치도 제주시 성화로6길,제주특별자치도,제주시,제주특별자치도 제주시 성화로6길 46,제주특별자치도 제주시 용담이동 619,제주특별자치도 제주시 용담이동 619,원호형,원호형,8,360,500,일반,Y,33.5107088500,126.5102018000,Y,N,,제주특별자치도 제주시청,064-728-3742,2024-07-25,I,2026-05-15 18:45:22,2024-09-04 21:39:26
6510000,202465100000600939,,제주특별자치도 제주시 현사길,제주특별자치도,제주시,제주특별자치도 제주시 현사길 29,제주특별자치도 제주시 이호일동 1815-3,제주특별자치도 제주시 이호일동 1815-3,원호형,원호형,8,360,500,일반,Y,33.4969028000,126.4490624000,Y,N,,제주특별자치도 제주시청,064-728-3742,2024-07-25,I,2026-05-15 18:45:22,2024-09-04 21:39:29
6510000,202465100000600708,,제주특별자치도 제주시 수덕9길,제주특별자치도,제주시,제주특별자치도 제주시 수덕5길 65,제주특별자치도 제주시 노형동 2523-1,제주특별자치도 제주시 노형동 2523-1,원호형,원호형,10,360,500,일반,Y,33.4833451200,126.4727236000,Y,N,,제주특별자치도 제주시청,064-728-3742,2024-07-25,I,2026-05-15 18:45:22,2024-09-04 21:39:27
6510000,202465100000601539,,제주특별자치도 제주시 원당로,제주특별자치도,제주시,,제주특별자치도 제주시 삼양일동 1534-3,제주특별자치도 제주시 삼양일동 1534-3,원호형,원호형,10,360,500,일반,Y,33.5225036234,126.5888090943,Y,N,,제주특별자치도 제주시청,064-728-3742,2024-07-25,I,2026-05-15 18:45:22,2024-09-04 21:39:33
6510000,202465100000601917,,제주특별자치도 제주시 한북로,제주특별자치도,제주시,제주특별자치도 제주시 한북로 233,제주특별자치도 제주시 오등동 264-1,제주특별자치도 제주시 오등동 264-1,원호형,원호형,10,440,500,일반,Y,33.4595773100,126.5398757000,Y,N,,제주특별자치도 제주시청,064-728-3742,2024-07-25,I,2026-05-15 18:45:22,2024-09-04 21:39:36
6510000,202465100000600863,,제주특별자치도 제주시 대통길,제주특별자치도,제주시,제주특별자치도 제주시 대통길 136,제주특별자치도 제주시 도평동 1351-4,제주특별자치도 제주시 도평동 1351-4,원호형,원호형,10,360,500,일반,Y,33.4821908100,126.4461204000,Y,N,,제주특별자치도 제주시청,064-728-3742,2024-07-25,I,2026-05-15 18:45:22,2024-09-04 21:39:28
6510000,202465100000600025,,제주특별자치도 제주시 중엄안3길,제주특별자치도,제주시,,제주특별자치도 제주시 애월읍 신엄리 814-12,제주특별자치도 제주시 애월읍 신엄리 814-12,원호형,가상형,0,360,500,일반,Y,33.4746695848,126.3727192386,Y,N,,제주특별자치도 제주시청,064-728-3742,2024-07-25,I,2026-05-15 18:45:22,2024-09-04 21:39:24
6510000,202465100000601289,,제주특별자치도 제주시 노을해안로,제주특별자치도,제주시,제주특별자치도 제주시 한경면 노을해안로 1174,제주특별자치도 제주시 한경면 고산리 3605-2,제주특별자치도 제주시 한경면 고산리 3605-2,원호형,원호형,10,360,500,일반,Y,33.3081515800,126.1657367000,Y,N,,제주특별자치도 제주시청,064-728-3742,2024-07-25,I,2026-05-15 18:45:22,2024-09-04 21:39:31
6510000,202465100000602020,,제주특별자치도 제주시 공설로5길,제주특별자치도,제주시,제주특별자치도 제주시 공설로5길 18,제주특별자치도 제주시 오라일동 2447-4,제주특별자치도 제주시 오라일동 2447-4,원호형,원호형,10,360,500,일반,Y,33.4979215500,126.5183095000,Y,N,,제주특별자치도 제주시청,064-728-3742,2024-07-25,I,2026-05-15 18:45:22,2024-09-04 21:39:36
6510000,202465100000601462,,제주특별자치도 제주시 신대로,제주특별자치도,제주시,제주특별자치도 제주시 신대로 23,제주특별자치도 제주시 연동 160,제주특별자치도 제주시 연동 160,원호형,가상형,0,360,500,일반,Y,33.4951820200,126.4972382000,Y,N,,제주특별자치도 제주시청,064-728-3742,2024-07-25,I,2026-05-15 18:45:22,2024-09-04 21:39:32
6510000,202465100000601878,,제주특별자치도 제주시 인다1길,제주특별자치도,제주시,제주특별자치도 제주시 인다1길 20,제주특별자치도 제주시 아라일동 6121,제주특별자치도 제주시 아라일동 6121,원호형,원호형,8,360,500,일반,Y,33.4775741217,126.5501248394,Y,N,,제주특별자치도 제주시청,064-728-3742,2024-07-25,I,2026-05-15 18:45:22,2024-09-04 21:39:35
6510000,202465100000600872,,제주특별자치도 제주시 우령6길,제주특별자치도,제주시,제주특별자치도 제주시 우령6길 57,제주특별자치도 제주시 외도일동 542-7,제주특별자치도 제주시 외도일동 542-7,원호형,원호형,10,360,500,일반,Y,33.4861966881,126.4290020284,Y,N,,제주특별자치도 제주시청,064-728-3742,2024-07-25,I,2026-05-15 18:45:22,2024-09-04 21:39:28
6510000,202465100000601669,,제주특별자치도 제주시 용한로,제주특별자치도,제주시,제주특별자치도 제주시 용한로 12,제주특별자치도 제주시 용담일동 306-16,제주특별자치도 제주시 용담일동 306-16,원호형,원호형,10,360,500,일반,Y,33.5103494700,126.5126692000,Y,N,,제주특별자치도 제주시청,064-728-3742,2024-07-25,I,2026-05-15 18:45:22,2024-09-04 21:39:34
6510000,202465100000601014,,제주특별자치도 제주시 서해안로,제주특별자치도,제주시,,제주특별자치도 제주시 도두일동 1733,제주특별자치도 제주시 도두일동 1733,원호형,원호형,10,360,500,일반,Y,33.5085961788,126.4712972762,Y,N,,제주특별자치도 제주시청,064-728-3742,2024-07-25,I,2026-05-15 18:45:22,2024-09-04 21:39:29
6510000,202465100000601344,,제주특별자치도 제주시 수목원길,제주특별자치도,제주시,제주특별자치도 제주시 수목원길 41,제주특별자치도 제주시 연동 1311-1,제주특별자치도 제주시 연동 1311-1,원호형,원호형,10,360,500,일반,Y,33.4697074700,126.4893778000,Y,N,,제주특별자치도 제주시청,064-728-3742,2024-07-25,I,2026-05-15 18:45:22,2024-09-04 21:39:31
6510000,202465100000601587,,제주특별자치도 제주시 지석13길,제주특별자치도,제주시,제주특별자치도 제주시 지석13길 27,제주특별자치도 제주시 삼양이동 2120-5,제주특별자치도 제주시 삼양이동 2120-5,원호형,원호형,10,360,500,일반,Y,33.5233739000,126.5845037000,Y,N,,제주특별자치도 제주시청,064-728-3742,2024-07-25,I,2026-05-15 18:45:22,2024-09-04 21:39:33
6510000,202465100000600972,,제주특별자치도 제주시 백포동길,제주특별자치도,제주시,,제주특별자치도 제주시 이호일동 613-2,제주특별자치도 제주시 이호일동 613-2,원호형,원호형,8,360,500,일반,Y,33.5005329792,126.4613097074,Y,N,,제주특별자치도 제주시청,064-728-3742,2024-07-25,I,2026-05-15 18:45:22,2024-09-04 21:39:29
6510000,202465100000600090,,제주특별자치도 제주시 조함해안로,제주특별자치도,제주시,,제주특별자치도 제주시 조천읍 함덕리 3294-2,제주특별자치도 제주시 조천읍 함덕리 3294-2,원호형,원호형,10,360,500,일반,Y,33.5475443402,126.6572570645,Y,N,,제주특별자치도 제주시청,064-728-3742,2024-07-25,I,2026-05-15 18:45:22,2024-09-04 21:39:24
6510000,202465100000602008,,제주특별자치도 제주시 서사로,제주특별자치도,제주시,제주특별자치도 제주시 서사로 177-6,제주특별자치도 제주시 오라일동 2454-1,제주특별자치도 제주시 오라일동 2454-1,원호형,원호형,10,360,500,일반,Y,33.4962439437,126.5203053210,Y,N,,제주특별자치도 제주시청,064-728-3742,2024-07-25,I,2026-05-15 18:45:22,2024-09-04 21:39:36
6510000,202465100000600042,,제주특별자치도 제주시 하가로2길,제주특별자치도,제주시,,제주특별자치도 제주시 애월읍 하가리 1301-1,제주특별자치도 제주시 애월읍 하가리 1301-1,원호형,원호형,10,360,500,일반,Y,33.4599342443,126.3494716514,Y,N,,제주특별자치도 제주시청,064-728-3742,2024-07-25,I,2026-05-15 18:45:22,2024-09-04 21:39:24
6510000,202465100000601540,,제주특별자치도 제주시 원당로,제주특별자치도,제주시,제주특별자치도 제주시 원당로 25,제주특별자치도 제주시 삼양일동 1666-5,제주특별자치도 제주시 삼양일동 1666-5,원호형,원호형,10,360,500,일반,Y,33.5236141282,126.5893569639,Y,N,,제주특별자치도 제주시청,064-728-3742,2024-07-25,I,2026-05-15 18:45:22,2024-09-04 21:39:33
6510000,202465100000601882,,제주특별자치도 제주시 인다4길,제주특별자치도,제주시,제주특별자치도 제주시 인다4길 25-5,제주특별자치도 제주시 아라일동 6156-10,제주특별자치도 제주시 아라일동 6156-10,원호형,원호형,10,360,500,일반,Y,33.4721561524,126.5493082631,Y,N,,제주특별자치도 제주시청,064-728-3742,2024-07-25,I,2026-05-15 18:45:22,2024-09-04 21:39:35
6510000,202465100000601402,,제주특별자치도 제주시 제성3길,제주특별자치도,제주시,제주특별자치도 제주시 제성3길 6-8,제주특별자치도 제주시 연동 2019-17,제주특별자치도 제주시 연동 2019-17,원호형,원호형,8,360,500,일반,Y,33.4941549200,126.4847244000,Y,N,,제주특별자치도 제주시청,064-728-3742,2024-07-25,I,2026-05-15 18:45:22,2024-09-04 21:39:32
6510000,202465100000600384,,제주특별자치도 제주시 어영길,제주특별자치도,제주시,,제주특별자치도 제주시 용담삼동 1213-3,제주특별자치도 제주시 용담삼동 1213-3,원호형,원호형,8,360,500,일반,Y,33.5180572617,126.4986060751,Y,N,,제주특별자치도 제주시청,064-728-3742,2024-07-25,I,2026-05-15 18:45:22,2024-09-04 21:39:26
6510000,202465100000601075,,제주특별자치도 제주시 한수풀로,제주특별자치도,제주시,,제주특별자치도 제주시 한림읍 대림리 1698,제주특별자치도 제주시 한림읍 대림리 1698,원호형,원호형,10,360,500,일반,Y,33.4208538253,126.2742266847,Y,N,,제주특별자치도 제주시청,064-728-3742,2024-07-25,I,2026-05-15 18:45:22,2024-09-04 21:39:30
6510000,202465100000600410,,제주특별자치도 제주시 용마로,제주특별자치도,제주시,제주특별자치도 제주시 용마로 7,제주특별자치도 제주시 용담삼동 985,제주특별자치도 제주시 용담삼동 985,원호형,원호형,8,360,500,일반,Y,33.5138214500,126.5056727000,Y,N,,제주특별자치도 제주시청,064-728-3742,2024-07-25,I,2026-05-15 18:45:22,2024-09-04 21:39:26
6510000,202465100000601840,,제주특별자치도 제주시 영강길,제주특별자치도,제주시,제주특별자치도 제주시 영강길 108,제주특별자치도 제주시 영평동 1021-1,제주특별자치도 제주시 영평동 1021-1,원호형,원호형,10,360,500,일반,Y,33.4881650867,126.5709236249,Y,N,,제주특별자치도 제주시청,064-728-3742,2024-07-25,I,2026-05-15 18:45:22,2024-09-04 21:39:35
6510000,202465100000601476,,제주특별자치도 제주시 선덕로3길,제주특별자치도,제주시,제주특별자치도 제주시 선덕로3길 11,제주특별자치도 제주시 연동 313-36,제주특별자치도 제주시 연동 313-36,원호형,원호형,10,360,500,일반,Y,33.4868524500,126.4985209000,Y,N,,제주특별자치도 제주시청,064-728-3742,2024-07-25,I,2026-05-15 18:45:22,2024-09-04 21:39:32
6510000,202465100000601369,,제주특별자치도 제주시 과원북4길,제주특별자치도,제주시,제주특별자치도 제주시 과원북4길 73,제주특별자치도 제주시 연동 1400-3,제주특별자치도 제주시 연동 1400-3,원호형,원호형,10,360,500,일반,Y,33.4812093875,126.4893148658,Y,N,,제주특별자치도 제주시청,064-728-3742,2024-07-25,I,2026-05-15 18:45:22,2024-09-04 21:39:32
6510000,202465100000601930,,제주특별자치도 제주시 아연로,제주특별자치도,제주시,,제주특별자치도 제주시 오라이동 74-3,제주특별자치도 제주시 오라이동 74-3,원호형,원호형,10,360,500,일반,Y,33.4667993140,126.5137537437,Y,N,,제주특별자치도 제주시청,064-728-3742,2024-07-25,I,2026-05-15 18:45:22,2024-09-04 21:39:36
6510000,202465100000602023,,제주특별자치도 제주시 공설로7길,제주특별자치도,제주시,제주특별자치도 제주시 공설로7길 2,제주특별자치도 제주시 오라일동 2446-16,제주특별자치도 제주시 오라일동 2446-16,원호형,원호형,10,360,500,일반,Y,33.4979747813,126.5176012654,Y,N,,제주특별자치도 제주시청,064-728-3742,2024-07-25,I,2026-05-15 18:45:22,2024-09-04 21:39:36
6510000,202465100000601043,,제주특별자치도 제주시 다호5길,제주특별자치도,제주시,제주특별자치도 제주시 다호길 87-1,제주특별자치도 제주시 도두이동 78,제주특별자치도 제주시 도두이동 78,원호형,원호형,8,360,500,일반,Y,33.5016460700,126.4907267000,Y,N,,제주특별자치도 제주시청,064-728-3742,2024-07-25,I,2026-05-15 18:45:22,2024-09-04 21:39:29
6510000,202465100000601131,,제주특별자치도 제주시 다랑쉬북로,제주특별자치도,제주시,,제주특별자치도 제주시 구좌읍 평대리 3197,제주특별자치도 제주시 구좌읍 평대리 3197,원호형,원호형,10,360,500,일반,Y,33.4930504688,126.8115470964,Y,N,,제주특별자치도 제주시청,064-728-3742,2024-07-25,I,2026-05-15 18:45:22,2024-09-04 21:39:30
6510000,202465100000601852,,제주특별자치도 제주시 오등1길,제주특별자치도,제주시,제주특별자치도 제주시 오등1길 140,제주특별자치도 제주시 오등동 1653-1,제주특별자치도 제주시 오등동 1653-1,원호형,원호형,10,400,500,일반,Y,33.4695661371,126.5171502632,Y,N,,제주특별자치도 제주시청,064-728-3742,2024-07-25,I,2026-05-15 18:45:22,2024-09-04 21:39:35
6510000,202465100000600284,,제주특별자치도 제주시 평전3길,제주특별자치도,제주시,제주특별자치도 제주시 평전3길 34,제주특별자치도 제주시 삼도일동 504-10,제주특별자치도 제주시 삼도일동 504-10,원호형,원호형,10,360,500,일반,Y,33.5017644400,126.5156602000,Y,N,,제주특별자치도 제주시청,064-728-3742,2024-07-25,I,2026-05-15 18:45:22,2024-09-04 21:39:25
6510000,202465100000600338,,제주특별자치도 제주시 남성로26길,제주특별자치도,제주시,제주특별자치도 제주시 남성로26길 10,제주특별자치도 제주시 삼도이동 248-15,제주특별자치도 제주시 삼도이동 248-15,원호형,가상형,0,360,500,일반,Y,33.5085818700,126.5228982000,Y,N,,제주특별자치도 제주시청,064-728-3742,2024-07-25,I,2026-05-15 18:45:22,2024-09-04 21:39:25
6510000,202465100000600153,,제주특별자치도 제주시 와선로,제주특별자치도,제주시,,제주특별자치도 제주시 조천읍 와산리 1072-3,제주특별자치도 제주시 조천읍 와산리 1072-3,원호형,원호형,10,360,500,일반,Y,33.4912928831,126.6809074851,Y,N,,제주특별자치도 제주시청,064-728-3742,2024-07-25,I,2026-05-15 18:45:22,2024-09-04 21:39:24
6510000,202465100000600656,,제주특별자치도 제주시 월산북길,제주특별자치도,제주시,제주특별자치도 제주시 월산북길 60,제주특별자치도 제주시 노형동 3559-1,제주특별자치도 제주시 노형동 3559-1,원호형,원호형,10,360,500,일반,Y,33.4747069200,126.4614126000,Y,N,,제주특별자치도 제주시청,064-728-3742,2024-07-25,I,2026-05-15 18:45:22,2024-09-04 21:39:27
6510000,202465100000600190,,제주특별자치도 제주시 신조로,제주특별자치도,제주시,,제주특별자치도 제주시 조천읍 조천리 산 15,제주특별자치도 제주시 조천읍 조천리 산 15,원호형,원호형,10,360,500,일반,Y,33.5175705167,126.6475544867,Y,N,,제주특별자치도 제주시청,064-728-3742,2024-07-25,I,2026-05-15 18:45:22,2024-09-04 21:39:24
6510000,202465100000601918,,제주특별자치도 제주시 한북로,제주특별자치도,제주시,제주특별자치도 제주시 한북로 309,제주특별자치도 제주시 아라일동 1960-5,제주특별자치도 제주시 아라일동 1960-5,원호형,원호형,10,240,500,일반,Y,33.4565299800,126.5468752000,Y,N,,제주특별자치도 제주시청,064-728-3742,2024-07-25,I,2026-05-15 18:45:22,2024-09-04 21:39:36
6510000,202465100000601440,,제주특별자치도 제주시 신대로21,제주특별자치도,제주시,제주특별자치도 제주시 신대로21길 16,제주특별자치도 제주시 연동 450-1,제주특별자치도 제주시 연동 450-1,원호형,원호형,8,360,500,일반,Y,33.4820816600,126.4980722000,Y,N,,제주특별자치도 제주시청,064-728-3742,2024-07-25,I,2026-05-15 18:45:22,2024-09-04 21:39:32
6510000,202465100000601839,,제주특별자치도 제주시 아연로,제주특별자치도,제주시,제주특별자치도 제주시 아연로 600,제주특별자치도 제주시 아라일동 6102,제주특별자치도 제주시 아라일동 6102,원호형,가상형,0,360,500,일반,Y,33.4773511274,126.5431654748,Y,N,,제주특별자치도 제주시청,064-728-3742,2024-07-25,I,2026-05-15 18:45:22,2024-09-04 21:39:35
6510000,202465100000601720,,제주특별자치도 제주시 구남로6길,제주특별자치도,제주시,제주특별자치도 제주시 구남로6길 49,제주특별자치도 제주시 이도이동 2015-16,제주특별자치도 제주시 이도이동 2015-16,원호형,원호형,10,360,500,일반,Y,33.4867215600,126.5371077000,Y,N,,제주특별자치도 제주시청,064-728-3742,2024-07-25,I,2026-05-15 18:45:22,2024-09-04 21:39:34
6510000,202465100000601142,,제주특별자치도 제주시 월행남길,제주특별자치도,제주시,,제주특별자치도 제주시 구좌읍 월정리 192,제주특별자치도 제주시 구좌읍 월정리 192,원호형,원호형,10,360,500,일반,Y,33.5495873915,126.7908099733,Y,N,,제주특별자치도 제주시청,064-728-3742,2024-07-25,I,2026-05-15 18:45:22,2024-09-04 21:39:30
6510000,202465100000601093,,제주특별자치도 제주시 한림로,제주특별자치도,제주시,,제주특별자치도 제주시 한림읍 협재리 1518-4,제주특별자치도 제주시 한림읍 협재리 1518-4,원호형,원호형,10,360,500,일반,Y,33.3996814372,126.2478774699,Y,N,,제주특별자치도 제주시청,064-728-3742,2024-07-25,I,2026-05-15 18:45:22,2024-09-04 21:39:30
6510000,202465100000601648,,제주특별자치도 제주시 매촌2길,제주특별자치도,제주시,제주특별자치도 제주시 매촌1길 14,제주특별자치도 제주시 도련이동 597,제주특별자치도 제주시 도련이동 597,원호형,원호형,10,360,500,일반,Y,33.5166568461,126.5893677728,Y,N,,제주특별자치도 제주시청,064-728-3742,2024-07-25,I,2026-05-15 18:45:22,2024-09-04 21:39:34
6510000,202465100000601438,,제주특별자치도 제주시 신대로21길,제주특별자치도,제주시,제주특별자치도 제주시 신대로21길 31,제주특별자치도 제주시 연동 329-17,제주특별자치도 제주시 연동 329-17,원호형,원호형,8,360,500,일반,Y,33.4823100068,126.4999611882,Y,N,,제주특별자치도 제주시청,064-728-3742,2024-07-25,I,2026-05-15 18:45:22,2024-09-04 21:39:32
6510000,202465100000601379,,제주특별자치도 제주시 신광로10길,제주특별자치도,제주시,제주특별자치도 제주시 신광로10길 29,제주특별자치도 제주시 연동 256,제주특별자치도 제주시 연동 256,원호형,원호형,8,360,500,일반,Y,33.4837857100,126.4867670000,Y,N,,제주특별자치도 제주시청,064-728-3742,2024-07-25,I,2026-05-15 18:45:22,2024-09-04 21:39:32
6510000,202465100000601463,,제주특별자치도 제주시 신대로,제주특별자치도,제주시,제주특별자치도 제주시 신대로 23,제주특별자치도 제주시 연동 160,제주특별자치도 제주시 연동 160,원호형,가상형,0,360,500,일반,Y,33.4951820200,126.4972382000,Y,N,,제주특별자치도 제주시청,064-728-3742,2024-07-25,I,2026-05-15 18:45:22,2024-09-04 21:39:32
6510000,202465100000601692,,제주특별자치도 제주시 남성로9길,제주특별자치도,제주시,제주특별자치도 제주시 남성로9길 50,제주특별자치도 제주시 용담일동 257-19,제주특별자치도 제주시 용담일동 257-19,원호형,원호형,8,360,500,일반,Y,33.5084615400,126.5119582000,Y,N,,제주특별자치도 제주시청,064-728-3742,2024-07-25,I,2026-05-15 18:45:22,2024-09-04 21:39:34
6510000,202465100000601843,,제주특별자치도 제주시 영평길,제주특별자치도,제주시,제주특별자치도 제주시 영평길 137,제주특별자치도 제주시 영평동 1055-1,제주특별자치도 제주시 영평동 1055-1,원호형,원호형,8,360,500,일반,Y,33.4887700500,126.5736111000,Y,N,,제주특별자치도 제주시청,064-728-3742,2024-07-25,I,2026-05-15 18:45:22,2024-09-04 21:39:35
6510000,202465100000601335,,제주특별자치도 제주시 구남로4길,제주특별자치도,제주시,제주특별자치도 제주시 구남로4길 8-1,제주특별자치도 제주시 이도이동 2036-1,제주특별자치도 제주시 이도이동 2036-1,원호형,가상형,0,360,500,일반,Y,33.4890593005,126.5340026919,Y,N,,제주특별자치도 제주시청,064-728-3742,2024-07-25,I,2026-05-15 18:45:22,2024-09-04 21:39:31
6510000,202465100000601160,,제주특별자치도 제주시 평대동길,제주특별자치도,제주시,,제주특별자치도 제주시 구좌읍 평대리 71-2,제주특별자치도 제주시 구좌읍 평대리 71-2,원호형,원호형,10,360,500,일반,Y,33.5267559384,126.8511083033,Y,N,,제주특별자치도 제주시청,064-728-3742,2024-07-25,I,2026-05-15 18:45:22,2024-09-04 21:39:30
6510000,202465100000601807,,제주특별자치도 제주시 아봉로,제주특별자치도,제주시,제주특별자치도 제주시 아봉로 346,제주특별자치도 제주시 월평동 965-2,제주특별자치도 제주시 월평동 965-2,원호형,가상형,0,360,500,일반,Y,33.4703767167,126.5727413898,Y,N,,제주특별자치도 제주시청,064-728-3742,2024-07-25,I,2026-05-15 18:45:22,2024-09-04 21:39:35
6510000,202465100000600543,,제주특별자치도 제주시 부록서길,제주특별자치도,제주시,,제주특별자치도 제주시 화북이동 3145-1,제주특별자치도 제주시 화북이동 3145-1,원호형,원호형,10,360,500,일반,Y,33.5016298824,126.5620013805,Y,N,,제주특별자치도 제주시청,064-728-3742,2024-07-25,I,2026-05-15 18:45:22,2024-09-04 21:39:26
6510000,202465100000600406,,제주특별자치도 제주시 흥운길,제주특별자치도,제주시,제주특별자치도 제주시 흥운길 39,제주특별자치도 제주시 용담이동 359-35,제주특별자치도 제주시 용담이동 359-35,원호형,원호형,8,360,500,일반,Y,33.5124451700,126.5121991000,Y,N,,제주특별자치도 제주시청,064-728-3742,2024-07-25,I,2026-05-15 18:45:22,2024-09-04 21:39:26
6510000,202465100000600679,,제주특별자치도 제주시 정원로,제주특별자치도,제주시,,제주특별자치도 제주시 노형동 1576-3,제주특별자치도 제주시 노형동 1576-3,원호형,원호형,8,360,500,일반,Y,33.4752838037,126.4764708998,Y,N,,제주특별자치도 제주시청,064-728-3742,2024-07-25,I,2026-05-15 18:45:22,2024-09-04 21:39:27
6510000,202465100000600246,,제주특별자치도 제주시 서광로 26길,제주특별자치도,제주시,제주특별자치도 제주시 서광로26길 23-1,제주특별자치도 제주시 삼도일동 582-20,제주특별자치도 제주시 삼도일동 582-20,원호형,가상형,0,360,500,일반,Y,33.4978366700,126.5247426000,Y,N,,제주특별자치도 제주시청,064-728-3742,2024-07-25,I,2026-05-15 18:45:22,2024-09-04 21:39:25
6510000,202465100000601960,,제주특별자치도 제주시 연사길,제주특별자치도,제주시,,제주특별자치도 제주시 오라이동 1363-8,제주특별자치도 제주시 오라이동 1363-8,원호형,원호형,10,360,500,일반,Y,33.4890972207,126.5120937584,Y,N,,제주특별자치도 제주시청,064-728-3742,2024-07-25,I,2026-05-15 18:45:22,2024-09-04 21:39:36
6510000,202465100000601222,,제주특별자치도 제주시 동광로16길,제주특별자치도,제주시,제주특별자치도 제주시 동광로16길 19-12,제주특별자치도 제주시 일도이동 391-3,제주특별자치도 제주시 일도이동 391-3,원호형,가상형,0,360,500,일반,Y,33.5045586800,126.5402281000,Y,N,,제주특별자치도 제주시청,064-728-3742,2024-07-25,I,2026-05-15 18:45:22,2024-09-04 21:39:31
6510000,202465100000600141,,제주특별자치도 제주시 함선로,제주특별자치도,제주시,,제주특별자치도 제주시 조천읍 선흘리 3335-4,제주특별자치도 제주시 조천읍 선흘리 3335-4,원호형,원호형,10,360,500,일반,Y,33.5138964675,126.6920957636,Y,N,,제주특별자치도 제주시청,064-728-3742,2024-07-25,I,2026-05-15 18:45:22,2024-09-04 21:39:24
6510000,202465100000600273,,제주특별자치도 제주시 전농로,제주특별자치도,제주시,제주특별자치도 제주시 전농로 71,제주특별자치도 제주시 삼도이동 594-8,제주특별자치도 제주시 삼도이동 594-8,원호형,가상형,0,360,500,일반,Y,33.5045037400,126.5208753000,Y,N,,제주특별자치도 제주시청,064-728-3742,2024-07-25,I,2026-05-15 18:45:22,2024-09-04 21:39:25
6510000,202465100000601511,,제주특별자치도 제주시 삼무로7길,제주특별자치도,제주시,제주특별자치도 제주시 삼무로7길 29,제주특별자치도 제주시 연동 291-66,제주특별자치도 제주시 연동 291-66,원호형,원호형,10,360,500,일반,Y,33.4911744203,126.4935336332,Y,N,,제주특별자치도 제주시청,064-728-3742,2024-07-25,I,2026-05-15 18:45:22,2024-09-04 21:39:33
6510000,202465100000600441,,제주특별자치도 제주시 용화로,제주특별자치도,제주시,제주특별자치도 제주시 용화로 16,제주특별자치도 제주시 용담이동 862,제주특별자치도 제주시 용담이동 862,원호형,가상형,0,360,500,일반,Y,33.5098144900,126.5051920000,Y,N,,제주특별자치도 제주시청,064-728-3742,2024-07-25,I,2026-05-15 18:45:22,2024-09-04 21:39:26
6510000,202465100000600214,,제주특별자치도 제주시 동광로11길,제주특별자치도,제주시,제주특별자치도 제주시 동광로11길 17,제주특별자치도 제주시 이도일동 1239-9,제주특별자치도 제주시 이도일동 1239-9,원호형,원호형,10,360,500,일반,Y,33.5039844500,126.5333081000,Y,N,,제주특별자치도 제주시청,064-728-3742,2024-07-25,I,2026-05-15 18:45:22,2024-09-04 21:39:25
6510000,202465100000600920,,제주특별자치도 제주시 연대마을길,제주특별자치도,제주시,제주특별자치도 제주시 연대마을길 31,제주특별자치도 제주시 외도이동 1964-3,제주특별자치도 제주시 외도이동 1964-3,원호형,원호형,10,360,500,일반,Y,33.4942063600,126.4258335000,Y,N,,제주특별자치도 제주시청,064-728-3742,2024-07-25,I,2026-05-15 18:45:22,2024-09-04 21:39:29
6510000,202465100000601588,,제주특별자치도 제주시 지석13길,제주특별자치도,제주시,제주특별자치도 제주시 지석13길 29,제주특별자치도 제주시 삼양이동 2103-20,제주특별자치도 제주시 삼양이동 2103-20,원호형,원호형,10,360,500,일반,Y,33.5235690300,126.5843513000,Y,N,,제주특별자치도 제주시청,064-728-3742,2024-07-25,I,2026-05-15 18:45:22,2024-09-04 21:39:33
6510000,202465100000601219,,제주특별자치도 제주시 고마로14길,제주특별자치도,제주시,제주특별자치도 제주시 고마로14길 16,제주특별자치도 제주시 일도이동 365-1,제주특별자치도 제주시 일도이동 365-1,원호형,원호형,8,360,500,일반,Y,33.5058624900,126.5394094000,Y,N,,제주특별자치도 제주시청,064-728-3742,2024-07-25,I,2026-05-15 18:45:22,2024-09-04 21:39:30
6510000,202465100000601769,,제주특별자치도 제주시 산천단동1길,제주특별자치도,제주시,제주특별자치도 제주시 산천단동1길 2,제주특별자치도 제주시 아라일동 4-85,제주특별자치도 제주시 아라일동 4-85,원호형,원호형,10,390,500,일반,Y,33.4481738100,126.5579011000,Y,N,,제주특별자치도 제주시청,064-728-3742,2024-07-25,I,2026-05-15 18:45:22,2024-09-04 21:39:35
6510000,202465100000601494,,제주특별자치도 제주시 연문2길,제주특별자치도,제주시,제주특별자치도 제주시 연문2길 16,제주특별자치도 제주시 연동 310-75,제주특별자치도 제주시 연동 310-75,원호형,원호형,10,360,500,일반,Y,33.4920307100,126.4986226000,Y,N,,제주특별자치도 제주시청,064-728-3742,2024-07-25,I,2026-05-15 18:45:22,2024-09-04 21:39:32
6510000,202465100000601005,,제주특별자치도 제주시 도리로,제주특별자치도,제주시,,제주특별자치도 제주시 도두일동 1987-6,제주특별자치도 제주시 도두일동 1987-6,원호형,원호형,10,360,500,일반,Y,33.5024115275,126.4688017903,Y,N,,제주특별자치도 제주시청,064-728-3742,2024-07-25,I,2026-05-15 18:45:22,2024-09-04 21:39:29
6510000,202465100000600063,,제주특별자치도 제주시 신북로,제주특별자치도,제주시,제주특별자치도 제주시 조천읍 조함해안로 71,제주특별자치도 제주시 조천읍 조천리 2984-1,제주특별자치도 제주시 조천읍 조천리 2984-1,원호형,원호형,10,360,500,일반,Y,33.5432531513,126.6364364248,Y,N,,제주특별자치도 제주시청,064-728-3742,2024-07-25,I,2026-05-15 18:45:22,2024-09-04 21:39:24
6510000,202465100000600036,,제주특별자치도 제주시 애월해안로,제주특별자치도,제주시,,제주특별자치도 제주시 애월읍 애월리 1857,제주특별자치도 제주시 애월읍 애월리 1857,원호형,원호형,10,360,500,일반,Y,33.4665261944,126.3169767796,Y,N,,제주특별자치도 제주시청,064-728-3742,2024-07-25,I,2026-05-15 18:45:22,2024-09-04 21:39:24
6510000,202465100000601622,,제주특별자치도 제주시 도련길,제주특별자치도,제주시,제주특별자치도 제주시 도련길 35,제주특별자치도 제주시 도련일동 2268-1,제주특별자치도 제주시 도련일동 2268-1,원호형,원호형,10,360,500,일반,Y,33.5083666700,126.5861618000,Y,N,,제주특별자치도 제주시청,064-728-3742,2024-07-25,I,2026-05-15 18:45:22,2024-09-04 21:39:33
6510000,202465100000600560,,제주특별자치도 제주시 황사평6길,제주특별자치도,제주시,,제주특별자치도 제주시 화북이동 5464-5,제주특별자치도 제주시 화북이동 5464-5,원호형,원호형,10,360,500,일반,Y,33.4940283933,126.5589851714,Y,N,,제주특별자치도 제주시청,064-728-3742,2024-07-25,I,2026-05-15 18:45:22,2024-09-04 21:39:26
6510000,202465100000600332,,제주특별자치도 제주시 서사로7길,제주특별자치도,제주시,제주특별자치도 제주시 서사로7길 5,제주특별자치도 제주시 삼도이동 632-5,제주특별자치도 제주시 삼도이동 632-5,원호형,가상형,0,360,500,일반,Y,33.5072727700,126.5204955000,Y,N,,제주특별자치도 제주시청,064-728-3742,2024-07-25,I,2026-05-15 18:45:22,2024-09-04 21:39:25
6510000,202465100000600485,,제주특별자치도 제주시 진동로,제주특별자치도,제주시,제주특별자치도 제주시 진동로 51,제주특별자치도 제주시 화북일동 1943-3,제주특별자치도 제주시 화북일동 1943-3,원호형,원호형,10,360,500,일반,Y,33.5237055000,126.5673344000,Y,N,,제주특별자치도 제주시청,064-728-3742,2024-07-25,I,2026-05-15 18:45:22,2024-09-04 21:39:26
6510000,202465100000600858,,제주특별자치도 제주시 대통길,제주특별자치도,제주시,,제주특별자치도 제주시 내도동 216-1,제주특별자치도 제주시 내도동 216-1,원호형,원호형,10,360,500,일반,Y,33.4898809558,126.4438642589,Y,N,,제주특별자치도 제주시청,064-728-3742,2024-07-25,I,2026-05-15 18:45:22,2024-09-04 21:39:28
6510000,202465100000600464,,제주특별자치도 제주시 진서로,제주특별자치도,제주시,,제주특별자치도 제주시 화북일동 4087-12,제주특별자치도 제주시 화북일동 4087-12,원호형,원호형,10,360,500,일반,Y,33.5232226359,126.5623067289,Y,N,,제주특별자치도 제주시청,064-728-3742,2024-07-25,I,2026-05-15 18:45:22,2024-09-04 21:39:26
6510000,202465100000601931,,제주특별자치도 제주시 아연로,제주특별자치도,제주시,제주특별자치도 제주시 아연로 221,제주특별자치도 제주시 오라이동 76-1,제주특별자치도 제주시 오라이동 76-1,원호형,원호형,10,360,500,일반,Y,33.4672134014,126.5113926937,Y,N,,제주특별자치도 제주시청,064-728-3742,2024-07-25,I,2026-05-15 18:45:22,2024-09-04 21:39:36
6510000,202465100000601181,,제주특별자치도 제주시 신산로5길,제주특별자치도,제주시,제주특별자치도 제주시 신산로5길 18,제주특별자치도 제주시 일도이동 1015-1,제주특별자치도 제주시 일도이동 1015-1,원호형,원호형,8,360,500,일반,Y,33.5108093700,126.5340624000,Y,N,,제주특별자치도 제주시청,064-728-3742,2024-07-25,I,2026-05-15 18:45:22,2024-09-04 21:39:30
6510000,202465100000600685,,제주특별자치도 제주시 수덕로,제주특별자치도,제주시,제주특별자치도 제주시 수덕로 43,제주특별자치도 제주시 노형동 2529-3,제주특별자치도 제주시 노형동 2529-3,원호형,원호형,10,360,500,일반,Y,33.4856945136,126.4725610729,Y,N,,제주특별자치도 제주시청,064-728-3742,2024-07-25,I,2026-05-15 18:45:22,2024-09-04 21:39:27
6510000,202465100000600568,,제주특별자치도 제주시 화삼북로4길,제주특별자치도,제주시,제주특별자치도 제주시 화삼북로4길 4-9,제주특별자치도 제주시 화북일동 1007-4,제주특별자치도 제주시 화북일동 1007-4,원호형,원호형,10,360,500,일반,Y,33.5162769000,126.5769573000,Y,N,,제주특별자치도 제주시청,064-728-3742,2024-07-25,I,2026-05-15 18:45:22,2024-09-04 21:39:27
6510000,202465100000601435,,제주특별자치도 제주시 성신로,제주특별자치도,제주시,제주특별자치도 제주시 성신로 33-2,제주특별자치도 제주시 연동 2301-7,제주특별자치도 제주시 연동 2301-7,원호형,원호형,10,360,500,일반,Y,33.4923567900,126.4838819000,Y,N,,제주특별자치도 제주시청,064-728-3742,2024-07-25,I,2026-05-15 18:45:22,2024-09-04 21:39:32
6510000,202465100000600583,,제주특별자치도 제주시 동화로1길,제주특별자치도,제주시,제주특별자치도 제주시 동화로1길 47,제주특별자치도 제주시 화북일동 13-1,제주특별자치도 제주시 화북일동 13-1,원호형,원호형,10,360,500,일반,Y,33.5183634500,126.5766410000,Y,N,,제주특별자치도 제주시청,064-728-3742,2024-07-25,I,2026-05-15 18:45:22,2024-09-04 21:39:27
6510000,202465100000601172,,제주특별자치도 제주시 삼성로9길,제주특별자치도,제주시,제주특별자치도 제주시 삼성로9길 32,제주특별자치도 제주시 일도이동 1029-201,제주특별자치도 제주시 일도이동 1029-201,원호형,원호형,8,360,500,일반,Y,33.5100161400,126.5298610000,Y,N,,제주특별자치도 제주시청,064-728-3742,2024-07-25,I,2026-05-15 18:45:22,2024-09-04 21:39:30
6510000,202465100000600979,,제주특별자치도 제주시 오도2길,제주특별자치도,제주시,제주특별자치도 제주시 오도2길 6,제주특별자치도 제주시 이호이동 847-5,제주특별자치도 제주시 이호이동 847-5,원호형,원호형,8,360,500,일반,Y,33.4937201100,126.4594003000,Y,N,,제주특별자치도 제주시청,064-728-3742,2024-07-25,I,2026-05-15 18:45:22,2024-09-04 21:39:29
6510000,202465100000600519,,제주특별자치도 제주시 동제원길,제주특별자치도,제주시,제주특별자치도 제주시 동제원길 74,제주특별자치도 제주시 화북일동 4136-1,제주특별자치도 제주시 화북일동 4136-1,원호형,원호형,10,360,500,일반,Y,33.5212666472,126.5611690596,Y,N,,제주특별자치도 제주시청,064-728-3742,2024-07-25,I,2026-05-15 18:45:22,2024-09-04 21:39:26
6510000,202465100000600659,,제주특별자치도 제주시 월산남길,제주특별자치도,제주시,제주특별자치도 제주시 월산남길 10-9,제주특별자치도 제주시 노형동 3281-3,제주특별자치도 제주시 노형동 3281-3,원호형,원호형,10,360,500,일반,Y,33.4714960700,126.4634271000,Y,N,,제주특별자치도 제주시청,064-728-3742,2024-07-25,I,2026-05-15 18:45:22,2024-09-04 21:39:27
6510000,202465100000601001,,제주특별자치도 제주시 도공로,제주특별자치도,제주시,,제주특별자치도 제주시 도두일동 2518,제주특별자치도 제주시 도두일동 2518,원호형,원호형,10,360,500,일반,Y,33.5033065822,126.4660568014,Y,N,,제주특별자치도 제주시청,064-728-3742,2024-07-25,I,2026-05-15 18:45:22,2024-09-04 21:39:29
6510000,202465100000600867,,제주특별자치도 제주시 조공포길,제주특별자치도,제주시,제주특별자치도 제주시 조공포길 41,제주특별자치도 제주시 외도일동 570-5,제주특별자치도 제주시 외도일동 570-5,원호형,원호형,10,360,500,일반,Y,33.4886333700,126.4345970000,Y,N,,제주특별자치도 제주시청,064-728-3742,2024-07-25,I,2026-05-15 18:45:22,2024-09-04 21:39:28
6510000,202465100000601920,,제주특별자치도 제주시 한북로,제주특별자치도,제주시,제주특별자치도 제주시 한북로 313,제주특별자치도 제주시 아라일동 1960,제주특별자치도 제주시 아라일동 1960,원호형,원호형,10,240,500,일반,Y,33.4560436034,126.5473035202,Y,N,,제주특별자치도 제주시청,064-728-3742,2024-07-25,I,2026-05-15 18:45:22,2024-09-04 21:39:36
6510000,202465100000600202,,제주특별자치도 제주시 조함해안로,제주특별자치도,제주시,,제주특별자치도 제주시 조천읍 조천리 908-8,제주특별자치도 제주시 조천읍 조천리 908-8,원호형,원호형,10,360,500,일반,Y,33.5487719318,126.6416689781,Y,N,,제주특별자치도 제주시청,064-728-3742,2024-07-25,I,2026-05-15 18:45:22,2024-09-04 21:39:25
6510000,202465100000601565,,제주특별자치도 제주시 설촌로8길,제주특별자치도,제주시,제주특별자치도 제주시 설촌로8길 31,제주특별자치도 제주시 삼양이동 2110-12,제주특별자치도 제주시 삼양이동 2110-12,원호형,원호형,10,360,500,일반,Y,33.5235928241,126.5847517046,Y,N,,제주특별자치도 제주시청,064-728-3742,2024-07-25,I,2026-05-15 18:45:22,2024-09-04 21:39:33
6510000,202465100000601285,,제주특별자치도 제주시 고락로,제주특별자치도,제주시,제주특별자치도 제주시 한경면 고락로 52,제주특별자치도 제주시 한경면 고산리 2062-6,제주특별자치도 제주시 한경면 고산리 2062-6,원호형,원호형,10,360,500,일반,Y,33.3027589100,126.1848008000,Y,N,,제주특별자치도 제주시청,064-728-3742,2024-07-25,I,2026-05-15 18:45:22,2024-09-04 21:39:31
6510000,202465100000601030,,제주특별자치도 제주시 다호북길,제주특별자치도,제주시,,제주특별자치도 제주시 도두이동 973-3,제주특별자치도 제주시 도두이동 973-3,원호형,원호형,8,360,500,일반,Y,33.5026844843,126.4809293770,Y,N,,제주특별자치도 제주시청,064-728-3742,2024-07-25,I,2026-05-15 18:45:22,2024-09-04 21:39:29
6510000,202465100000600542,,제주특별자치도 제주시 부록서길,제주특별자치도,제주시,,제주특별자치도 제주시 화북이동 3157-1,제주특별자치도 제주시 화북이동 3157-1,원호형,원호형,10,360,500,일반,Y,33.5023140045,126.5621801435,Y,N,,제주특별자치도 제주시청,064-728-3742,2024-07-25,I,2026-05-15 18:45:22,2024-09-04 21:39:26
6510000,202465100000601220,,제주특별자치도 제주시 동광로16길,제주특별자치도,제주시,제주특별자치도 제주시 동광로16길 13,제주특별자치도 제주시 일도이동 382-9,제주특별자치도 제주시 일도이동 382-9,원호형,원호형,8,360,500,일반,Y,33.5048095900,126.5392816000,Y,N,,제주특별자치도 제주시청,064-728-3742,2024-07-25,I,2026-05-15 18:45:22,2024-09-04 21:39:30
6510000,202465100000600891,,제주특별자치도 제주시 우정로15길,제주특별자치도,제주시,제주특별자치도 제주시 우정로15길 13,제주특별자치도 제주시 외도일동 639-4,제주특별자치도 제주시 외도일동 639-4,원호형,원호형,10,360,500,일반,Y,33.4861175900,126.4323321000,Y,N,,제주특별자치도 제주시청,064-728-3742,2024-07-25,I,2026-05-15 18:45:22,2024-09-04 21:39:28
6510000,202465100000601127,,제주특별자치도 제주시 세송로,제주특별자치도,제주시,제주특별자치도 제주시 구좌읍 중산간동로 2293-1,제주특별자치도 제주시 구좌읍 송당리 1444-1,제주특별자치도 제주시 구좌읍 송당리 1444-1,원호형,원호형,10,360,500,일반,Y,33.4706271716,126.7883002304,Y,N,,제주특별자치도 제주시청,064-728-3742,2024-07-25,I,2026-05-15 18:45:22,2024-09-04 21:39:30
6510000,202465100000600719,,제주특별자치도 제주시 수덕5길,제주특별자치도,제주시,제주특별자치도 제주시 수덕5길 71-2,제주특별자치도 제주시 노형동 2517-8,제주특별자치도 제주시 노형동 2517-8,원호형,원호형,10,360,500,일반,Y,33.4828099500,126.4720703000,Y,N,,제주특별자치도 제주시청,064-728-3742,2024-07-25,I,2026-05-15 18:45:22,2024-09-04 21:39:27
6510000,202465100000600124,,제주특별자치도 제주시 북흘로,제주특별자치도,제주시,,제주특별자치도 제주시 조천읍 선흘리 1072-1,제주특별자치도 제주시 조천읍 선흘리 1072-1,원호형,원호형,10,360,500,일반,Y,33.5136913358,126.7072618464,Y,N,,제주특별자치도 제주시청,064-728-3742,2024-07-25,I,2026-05-15 18:45:22,2024-09-04 21:39:24
6510000,202465100000601101,,제주특별자치도 제주시 한림로 228,제주특별자치도,제주시,제주특별자치도 제주시 한림읍 한림로 228,제주특별자치도 제주시 한림읍 금능리 1454-11,제주특별자치도 제주시 한림읍 금능리 1454-11,원호형,원호형,10,360,500,일반,Y,33.3869150599,126.2320080443,Y,N,,제주특별자치도 제주시청,064-728-3742,2024-07-25,I,2026-05-15 18:45:22,2024-09-04 21:39:30
6510000,202465100000600411,,제주특별자치도 제주시 용마로,제주특별자치도,제주시,제주특별자치도 제주시 용담로 29,제주특별자치도 제주시 용담삼동 931,제주특별자치도 제주시 용담삼동 931,원호형,원호형,8,360,500,일반,Y,33.5132983200,126.5058683000,Y,N,,제주특별자치도 제주시청,064-728-3742,2024-07-25,I,2026-05-15 18:45:22,2024-09-04 21:39:26
6510000,202465100000600056,,제주특별자치도 제주시 신북로,제주특별자치도,제주시,제주특별자치도 제주시 조천읍 신북로 233,제주특별자치도 제주시 조천읍 조천리 2366-3,제주특별자치도 제주시 조천읍 조천리 2366-3,원호형,원호형,10,360,500,일반,Y,33.5367020096,126.6375752374,Y,N,,제주특별자치도 제주시청,064-728-3742,2024-07-25,I,2026-05-15 18:45:22,2024-09-04 21:39:24
6510000,202465100000601848,,제주특별자치도 제주시 사송길,제주특별자치도,제주시,,제주특별자치도 제주시 영평동 1967-6,제주특별자치도 제주시 영평동 1967-6,원호형,원호형,8,350,500,일반,Y,33.4702570792,126.5657857796,Y,N,,제주특별자치도 제주시청,064-728-3742,2024-07-25,I,2026-05-15 18:45:22,2024-09-04 21:39:35
6510000,202465100000601493,,제주특별자치도 제주시 연문2길,제주특별자치도,제주시,제주특별자치도 제주시 연문2길 22,제주특별자치도 제주시 연동 311-16,제주특별자치도 제주시 연동 311-16,원호형,원호형,10,360,500,일반,Y,33.4914829900,126.4985994000,Y,N,,제주특별자치도 제주시청,064-728-3742,2024-07-25,I,2026-05-15 18:45:22,2024-09-04 21:39:32
6510000,202465100000601464,,제주특별자치도 제주시 선덕로8길,제주특별자치도,제주시,제주특별자치도 제주시 선덕로8길 9,제주특별자치도 제주시 연동 324-20,제주특별자치도 제주시 연동 324-20,원호형,가상형,0,360,500,일반,Y,33.4846143900,126.5011017000,Y,N,,제주특별자치도 제주시청,064-728-3742,2024-07-25,I,2026-05-15 18:45:22,2024-09-04 21:39:32
6510000,202465100000601352,,제주특별자치도 제주시 과원로,제주특별자치도,제주시,,제주특별자치도 제주시 연동 1411-6,제주특별자치도 제주시 연동 1411-6,원호형,원호형,10,360,500,일반,Y,33.4767561352,126.4910808182,Y,N,,제주특별자치도 제주시청,064-728-3742,2024-07-25,I,2026-05-15 18:45:22,2024-09-04 21:39:31
6510000,202465100000601485,,제주특별자치도 제주시 신대로13길,제주특별자치도,제주시,제주특별자치도 제주시 신대로13길 30,제주특별자치도 제주시 연동 313-61,제주특별자치도 제주시 연동 313-61,원호형,가상형,0,360,500,일반,Y,33.4875048500,126.4995915000,Y,N,,제주특별자치도 제주시청,064-728-3742,2024-07-25,I,2026-05-15 18:45:22,2024-09-04 21:39:32
6510000,202465100000601431,,제주특별자치도 제주시 성신북길,제주특별자치도,제주시,제주특별자치도 제주시 성신북길 22,제주특별자치도 제주시 연동 2301-3,제주특별자치도 제주시 연동 2301-3,원호형,원호형,10,360,500,일반,Y,33.4925188322,126.4836707505,Y,N,,제주특별자치도 제주시청,064-728-3742,2024-07-25,I,2026-05-15 18:45:22,2024-09-04 21:39:32
6510000,202465100000601496,,제주특별자치도 제주시 연문2길,제주특별자치도,제주시,제주특별자치도 제주시 연문2길 3,제주특별자치도 제주시 연동 310-73,제주특별자치도 제주시 연동 310-73,원호형,원호형,10,360,500,일반,Y,33.4929636600,126.4989299000,Y,N,,제주특별자치도 제주시청,064-728-3742,2024-07-25,I,2026-05-15 18:45:22,2024-09-04 21:39:32
6510000,202465100000601897,,제주특별자치도 제주시 중앙로 518,제주특별자치도,제주시,제주특별자치도 제주시 중앙로 518,제주특별자치도 제주시 아라일동 6101,제주특별자치도 제주시 아라일동 6101,원호형,원호형,10,360,500,일반,Y,33.4772547900,126.5437398000,Y,N,,제주특별자치도 제주시청,064-728-3742,2024-07-25,I,2026-05-15 18:45:22,2024-09-04 21:39:35
6510000,202465100000601834,,제주특별자치도 제주시 아연로,제주특별자치도,제주시,제주특별자치도 제주시 아연로 519,제주특별자치도 제주시 아라일동 2738-7,제주특별자치도 제주시 아라일동 2738-7,원호형,원호형,10,360,500,일반,Y,33.4770381400,126.5348154000,Y,N,,제주특별자치도 제주시청,064-728-3742,2024-07-25,I,2026-05-15 18:45:22,2024-09-04 21:39:35
6510000,202465100000600511,,제주특별자치도 제주시 진남로4길,제주특별자치도,제주시,제주특별자치도 제주시 진남로4길 13,제주특별자치도 제주시 화북일동 1964-3,제주특별자치도 제주시 화북일동 1964-3,원호형,원호형,10,360,500,일반,Y,33.5209627823,126.5642766894,Y,N,,제주특별자치도 제주시청,064-728-3742,2024-07-25,I,2026-05-15 18:45:22,2024-09-04 21:39:26
6510000,202465100000600148,,제주특별자치도 제주시 함와로,제주특별자치도,제주시,,제주특별자치도 제주시 조천읍 대흘리 112,제주특별자치도 제주시 조천읍 대흘리 112,원호형,원호형,10,360,500,일반,Y,33.5123937734,126.6739727184,Y,N,,제주특별자치도 제주시청,064-728-3742,2024-07-25,I,2026-05-15 18:45:22,2024-09-04 21:39:24
6510000,202465100000600241,,제주특별자치도 제주시 서사로 23길,제주특별자치도,제주시,제주특별자치도 제주시 서사로23길 23,제주특별자치도 제주시 삼도일동 576-17,제주특별자치도 제주시 삼도일동 576-17,원호형,가상형,0,360,500,일반,Y,33.4979413500,126.5219791000,Y,N,,제주특별자치도 제주시청,064-728-3742,2024-07-25,I,2026-05-15 18:45:22,2024-09-04 21:39:25
6510000,202465100000600394,,제주특별자치도 제주시 서해안로,제주특별자치도,제주시,제주특별자치도 제주시 서해안로 671,제주특별자치도 제주시 용담삼동 503-5,제주특별자치도 제주시 용담삼동 503-5,원호형,원호형,10,360,500,일반,Y,33.5161994700,126.5088202000,Y,N,,제주특별자치도 제주시청,064-728-3742,2024-07-25,I,2026-05-15 18:45:22,2024-09-04 21:39:26
6510000,202465100000601091,,제주특별자치도 제주시 한림로,제주특별자치도,제주시,제주특별자치도 제주시 한림읍 한림로 474,제주특별자치도 제주시 한림읍 옹포리 983-2,제주특별자치도 제주시 한림읍 옹포리 983-2,원호형,원호형,10,360,500,일반,Y,33.4016974400,126.2512200000,Y,N,,제주특별자치도 제주시청,064-728-3742,2024-07-25,I,2026-05-15 18:45:22,2024-09-04 21:39:30
6510000,202465100000600015,,제주특별자치도 제주시 하광로,제주특별자치도,제주시,제주특별자치도 제주시 애월읍 하광로 291,제주특별자치도 제주시 애월읍 광령리 3853-2,제주특별자치도 제주시 애월읍 광령리 3853-2,원호형,원호형,10,360,500,일반,Y,33.4634222100,126.4237532521,Y,N,,제주특별자치도 제주시청,064-728-3742,2024-07-25,I,2026-05-15 18:45:22,2024-09-04 21:39:24
6510000,202465100000601056,,제주특별자치도 제주시 누운오름로,제주특별자치도,제주시,,제주특별자치도 제주시 한림읍 금악리 249-31,제주특별자치도 제주시 한림읍 금악리 249-31,원호형,원호형,10,360,500,일반,Y,33.3727564077,126.3156101175,Y,N,,제주특별자치도 제주시청,064-728-3742,2024-07-25,I,2026-05-15 18:45:22,2024-09-04 21:39:29
6510000,202465100000600845,,제주특별자치도 제주시 신산마을길,제주특별자치도,제주시,제주특별자치도 제주시 신산마을길 65,제주특별자치도 제주시 도평동 595-1,제주특별자치도 제주시 도평동 595-1,원호형,원호형,10,360,500,일반,Y,33.4895101700,126.4501257000,Y,N,,제주특별자치도 제주시청,064-728-3742,2024-07-25,I,2026-05-15 18:45:22,2024-09-04 21:39:28
6510000,202465100000601763,,제주특별자치도 제주시 산록북로,제주특별자치도,제주시,제주특별자치도 제주시 산록북로 817,제주특별자치도 제주시 아라일동 385-11,제주특별자치도 제주시 아라일동 385-11,원호형,원호형,10,370,500,일반,Y,33.4364980900,126.5549081000,Y,N,,제주특별자치도 제주시청,064-728-3742,2024-07-25,I,2026-05-15 18:45:22,2024-09-04 21:39:34
6510000,202465100000600495,,제주특별자치도 제주시 진남로8길,제주특별자치도,제주시,제주특별자치도 제주시 진남로8길 46,제주특별자치도 제주시 화북일동 1942-18,제주특별자치도 제주시 화북일동 1942-18,원호형,원호형,10,360,500,일반,Y,33.5229664500,126.5664513000,Y,N,,제주특별자치도 제주시청,064-728-3742,2024-07-25,I,2026-05-15 18:45:22,2024-09-04 21:39:26
6510000,202465100000601733,,제주특별자치도 제주시 금월길 33,제주특별자치도,제주시,제주특별자치도 제주시 금월길 46,제주특별자치도 제주시 아라이동 1145-6,제주특별자치도 제주시 아라이동 1145-6,원호형,원호형,10,400,500,일반,Y,33.4845729924,126.5515565938,Y,N,,제주특별자치도 제주시청,064-728-3742,2024-07-25,I,2026-05-15 18:45:22,2024-09-04 21:39:34
6510000,202465100000601218,,제주특별자치도 제주시 고마로13길,제주특별자치도,제주시,제주특별자치도 제주시 고마로13길 6,제주특별자치도 제주시 일도이동 357-5,제주특별자치도 제주시 일도이동 357-5,원호형,원호형,8,360,500,일반,Y,33.5084308743,126.5406767151,Y,N,,제주특별자치도 제주시청,064-728-3742,2024-07-25,I,2026-05-15 18:45:22,2024-09-04 21:39:30
6510000,202465100000601046,,제주특별자치도 제주시 귀덕14길,제주특별자치도,제주시,제주특별자치도 제주시 한림읍 귀덕14길 15,제주특별자치도 제주시 한림읍 귀덕리 1195-1,제주특별자치도 제주시 한림읍 귀덕리 1195-1,원호형,원호형,10,360,500,일반,Y,33.4424822104,126.2947008550,Y,N,,제주특별자치도 제주시청,064-728-3742,2024-07-25,I,2026-05-15 18:45:22,2024-09-04 21:39:29
6510000,202465100000600324,,제주특별자치도 제주시 관덕로2길,제주특별자치도,제주시,제주특별자치도 제주시 관덕로2길 5,제주특별자치도 제주시 삼도이동 907-1,제주특별자치도 제주시 삼도이동 907-1,원호형,원호형,8,360,500,일반,Y,33.5124171100,126.5203215000,Y,N,,제주특별자치도 제주시청,064-728-3742,2024-07-25,I,2026-05-15 18:45:22,2024-09-04 21:39:25
6510000,202465100000601574,,제주특별자치도 제주시 지석9길,제주특별자치도,제주시,제주특별자치도 제주시 설촌로10길 13,제주특별자치도 제주시 삼양이동 2102-12,제주특별자치도 제주시 삼양이동 2102-12,원호형,원호형,10,360,500,일반,Y,33.5240550000,126.5829869000,Y,N,,제주특별자치도 제주시청,064-728-3742,2024-07-25,I,2026-05-15 18:45:22,2024-09-04 21:39:33
6510000,202465100000601693,,제주특별자치도 제주시 남성로9길,제주특별자치도,제주시,제주특별자치도 제주시 용담로20길 46,제주특별자치도 제주시 용담일동 258-1,제주특별자치도 제주시 용담일동 258-1,원호형,원호형,8,360,500,일반,Y,33.5071671600,126.5115545000,Y,N,,제주특별자치도 제주시청,064-728-3742,2024-07-25,I,2026-05-15 18:45:22,2024-09-04 21:39:34
6510000,202465100000601999,,제주특별자치도 제주시 동성길,제주특별자치도,제주시,제주특별자치도 제주시 동성길 34,제주특별자치도 제주시 오라삼동 2262-3,제주특별자치도 제주시 오라삼동 2262-3,원호형,원호형,10,360,500,일반,Y,33.4973749700,126.5098405000,Y,N,,제주특별자치도 제주시청,064-728-3742,2024-07-25,I,2026-05-15 18:45:22,2024-09-04 21:39:36
6510000,202465100000600931,,제주특별자치도 제주시 테우해안로,제주특별자치도,제주시,제주특별자치도 제주시 테우해안로 150,제주특별자치도 제주시 이호일동 1785,제주특별자치도 제주시 이호일동 1785,원호형,원호형,8,360,500,일반,Y,33.4970337700,126.4496830000,Y,N,,제주특별자치도 제주시청,064-728-3742,2024-07-25,I,2026-05-15 18:45:22,2024-09-04 21:39:29
6510000,202465100000600991,,제주특별자치도 제주시 서해안로,제주특별자치도,제주시,,제주특별자치도 제주시 도두일동 2541-4,제주특별자치도 제주시 도두일동 2541-4,원호형,원호형,10,360,500,일반,Y,33.5027840842,126.4634124404,Y,N,,제주특별자치도 제주시청,064-728-3742,2024-07-25,I,2026-05-15 18:45:22,2024-09-04 21:39:29
6510000,202465100000600794,,제주특별자치도 제주시 노형7길,제주특별자치도,제주시,,제주특별자치도 제주시 노형동 3799,제주특별자치도 제주시 노형동 3799,원호형,원호형,8,360,500,일반,Y,33.4810330467,126.4769808188,Y,N,,제주특별자치도 제주시청,064-728-3742,2024-07-25,I,2026-05-15 18:45:22,2024-09-04 21:39:28
6510000,202465100000600248,,제주특별자치도 제주시 서광로 26길,제주특별자치도,제주시,제주특별자치도 제주시 서광로26길 11,제주특별자치도 제주시 삼도일동 583,제주특별자치도 제주시 삼도일동 583,원호형,가상형,0,360,500,일반,Y,33.4988529800,126.5245172000,Y,N,,제주특별자치도 제주시청,064-728-3742,2024-07-25,I,2026-05-15 18:45:22,2024-09-04 21:39:25
6510000,202465100000600480,,제주특별자치도 제주시 금산5길,제주특별자치도,제주시,제주특별자치도 제주시 금산5길 23,제주특별자치도 제주시 화북일동 4252-1,제주특별자치도 제주시 화북일동 4252-1,원호형,원호형,10,360,500,일반,Y,33.5245445000,126.5638836000,Y,N,,제주특별자치도 제주시청,064-728-3742,2024-07-25,I,2026-05-15 18:45:22,2024-09-04 21:39:26
6510000,202465100000601832,,제주특별자치도 제주시 아연로,제주특별자치도,제주시,제주특별자치도 제주시 아연로 456-1,제주특별자치도 제주시 오등동 618-8,제주특별자치도 제주시 오등동 618-8,원호형,원호형,10,360,500,일반,Y,33.4750388900,126.5292852000,Y,N,,제주특별자치도 제주시청,064-728-3742,2024-07-25,I,2026-05-15 18:45:22,2024-09-04 21:39:35
6510000,202465100000601775,,제주특별자치도 제주시 신설로,제주특별자치도,제주시,제주특별자치도 제주시 신설로 56,제주특별자치도 제주시 아라이동 3006,제주특별자치도 제주시 아라이동 3006,원호형,원호형,10,360,500,일반,Y,33.4920277000,126.5450897000,Y,N,,제주특별자치도 제주시청,064-728-3742,2024-07-25,I,2026-05-15 18:45:22,2024-09-04 21:39:35
6510000,202465100000600981,,제주특별자치도 제주시 오도길,제주특별자치도,제주시,제주특별자치도 제주시 오도길 53,제주특별자치도 제주시 이호이동 1047-2,제주특별자치도 제주시 이호이동 1047-2,원호형,원호형,10,360,500,일반,Y,33.4910131400,126.4587734000,Y,N,,제주특별자치도 제주시청,064-728-3742,2024-07-25,I,2026-05-15 18:45:22,2024-09-04 21:39:29
6510000,202465100000601586,,제주특별자치도 제주시 지석13길,제주특별자치도,제주시,제주특별자치도 제주시 지석13길 19,제주특별자치도 제주시 삼양이동 2120-21,제주특별자치도 제주시 삼양이동 2120-21,원호형,원호형,10,360,500,일반,Y,33.5227585400,126.5846327000,Y,N,,제주특별자치도 제주시청,064-728-3742,2024-07-25,I,2026-05-15 18:45:22,2024-09-04 21:39:33
6510000,202465100000601546,,제주특별자치도 제주시 원당로11길,제주특별자치도,제주시,제주특별자치도 제주시 서흘길 52,제주특별자치도 제주시 삼양일동 1543-1,제주특별자치도 제주시 삼양일동 1543-1,원호형,원호형,10,360,500,일반,Y,33.5296381100,126.5903373000,Y,N,,제주특별자치도 제주시청,064-728-3742,2024-07-25,I,2026-05-15 18:45:22,2024-09-04 21:39:33
6510000,202465100000601484,,제주특별자치도 제주시 신대로13길,제주특별자치도,제주시,제주특별자치도 제주시 신대로13길 30,제주특별자치도 제주시 연동 313-61,제주특별자치도 제주시 연동 313-61,원호형,원호형,10,360,500,일반,Y,33.4875048500,126.4995915000,Y,N,,제주특별자치도 제주시청,064-728-3742,2024-07-25,I,2026-05-15 18:45:22,2024-09-04 21:39:32
6510000,202465100000601023,,제주특별자치도 제주시 다호길,제주특별자치도,제주시,제주특별자치도 제주시 다호6길 55-3,제주특별자치도 제주시 도두이동 69-2,제주특별자치도 제주시 도두이동 69-2,원호형,원호형,8,360,500,일반,Y,33.5011603800,126.4919336000,Y,N,,제주특별자치도 제주시청,064-728-3742,2024-07-25,I,2026-05-15 18:45:22,2024-09-04 21:39:29
6510000,202465100000600637,,제주특별자치도 제주시 미리내길,제주특별자치도,제주시,,제주특별자치도 제주시 노형동 318-15,제주특별자치도 제주시 노형동 318-15,원호형,원호형,10,360,500,일반,Y,33.4497071495,126.4816427161,Y,N,,제주특별자치도 제주시청,064-728-3742,2024-07-25,I,2026-05-15 18:45:22,2024-09-04 21:39:27
6510000,202465100000601892,,제주특별자치도 제주시 제주대학로,제주특별자치도,제주시,제주특별자치도 제주시 제주대학로 107,제주특별자치도 제주시 아라이동 35-21,제주특별자치도 제주시 아라이동 35-21,원호형,원호형,10,400,500,일반,Y,33.4603439800,126.5614555000,Y,N,,제주특별자치도 제주시청,064-728-3742,2024-07-25,I,2026-05-15 18:45:22,2024-09-04 21:39:35
6510000,202465100000600770,,제주특별자치도 제주시 남녕로,제주특별자치도,제주시,제주특별자치도 제주시 남녕로 11,제주특별자치도 제주시 노형동 1292-12,제주특별자치도 제주시 노형동 1292-12,원호형,원호형,10,360,500,일반,Y,33.4890200000,126.4821300000,Y,N,,제주특별자치도 제주시청,064-728-3742,2024-07-25,I,2026-05-15 18:45:22,2024-09-04 21:39:28
6510000,202465100000601453,,제주특별자치도 제주시 선덕로8길,제주특별자치도,제주시,제주특별자치도 제주시 선덕로8길 23,제주특별자치도 제주시 연동 330,제주특별자치도 제주시 연동 330,원호형,원호형,10,360,500,일반,Y,33.4833649100,126.5010668000,Y,N,,제주특별자치도 제주시청,064-728-3742,2024-07-25,I,2026-05-15 18:45:22,2024-09-04 21:39:32
6510000,202465100000600745,,제주특별자치도 제주시 달마루길,제주특별자치도,제주시,제주특별자치도 제주시 달마루길 20-7,제주특별자치도 제주시 노형동 2576-8,제주특별자치도 제주시 노형동 2576-8,원호형,원호형,10,360,500,일반,Y,33.4902650500,126.4736226000,Y,N,,제주특별자치도 제주시청,064-728-3742,2024-07-25,I,2026-05-15 18:45:22,2024-09-04 21:39:28
6510000,202465100000601135,,제주특별자치도 제주시 덕평로,제주특별자치도,제주시,,제주특별자치도 제주시 구좌읍 덕천리 580-1,제주특별자치도 제주시 구좌읍 덕천리 580-1,원호형,원호형,10,360,500,일반,Y,33.5018330380,126.7617601936,Y,N,,제주특별자치도 제주시청,064-728-3742,2024-07-25,I,2026-05-15 18:45:22,2024-09-04 21:39:30
6510000,202465100000600982,,제주특별자치도 제주시 오도길,제주특별자치도,제주시,제주특별자치도 제주시 오도길 57,제주특별자치도 제주시 이호이동 1044-3,제주특별자치도 제주시 이호이동 1044-3,원호형,원호형,10,360,500,일반,Y,33.4908035143,126.4582348966,Y,N,,제주특별자치도 제주시청,064-728-3742,2024-07-25,I,2026-05-15 18:45:22,2024-09-04 21:39:29
6510000,202465100000600647,,제주특별자치도 제주시 방안4길,제주특별자치도,제주시,제주특별자치도 제주시 방일4길 45-2,제주특별자치도 제주시 노형동 2218-9,제주특별자치도 제주시 노형동 2218-9,원호형,원호형,10,360,500,일반,Y,33.4745018552,126.4702726114,Y,N,,제주특별자치도 제주시청,064-728-3742,2024-07-25,I,2026-05-15 18:45:22,2024-09-04 21:39:27
6510000,202465100000600722,,제주특별자치도 제주시 수덕5길,제주특별자치도,제주시,제주특별자치도 제주시 수덕5길 42,제주특별자치도 제주시 노형동 2612-9,제주특별자치도 제주시 노형동 2612-9,원호형,원호형,10,360,500,일반,Y,33.4850203387,126.4744369027,Y,N,,제주특별자치도 제주시청,064-728-3742,2024-07-25,I,2026-05-15 18:45:22,2024-09-04 21:39:27
6510000,202465100000600721,,제주특별자치도 제주시 수덕5길,제주특별자치도,제주시,제주특별자치도 제주시 수덕5길 42,제주특별자치도 제주시 노형동 2612-9,제주특별자치도 제주시 노형동 2612-9,원호형,원호형,10,360,500,일반,Y,33.4850203387,126.4744369027,Y,N,,제주특별자치도 제주시청,064-728-3742,2024-07-25,I,2026-05-15 18:45:22,2024-09-04 21:39:27
6510000,202465100000600878,,제주특별자치도 제주시 우정로3길,제주특별자치도,제주시,제주특별자치도 제주시 우정로3길 18,제주특별자치도 제주시 외도일동 451-7,제주특별자치도 제주시 외도일동 451-7,원호형,원호형,10,360,500,일반,Y,33.4913084361,126.4327345005,Y,N,,제주특별자치도 제주시청,064-728-3742,2024-07-25,I,2026-05-15 18:45:22,2024-09-04 21:39:28
6510000,202465100000600546,,제주특별자치도 제주시 황사평길,제주특별자치도,제주시,,제주특별자치도 제주시 화북이동 2954-1,제주특별자치도 제주시 화북이동 2954-1,원호형,원호형,10,360,500,일반,Y,33.4953894387,126.5646771574,Y,N,,제주특별자치도 제주시청,064-728-3742,2024-07-25,I,2026-05-15 18:45:22,2024-09-04 21:39:26
6510000,202465100000601347,,제주특별자치도 제주시 은수길,제주특별자치도,제주시,제주특별자치도 제주시 은수길 25,제주특별자치도 제주시 연동 1347-1,제주특별자치도 제주시 연동 1347-1,원호형,원호형,10,360,500,일반,Y,33.4741838800,126.4867136000,Y,N,,제주특별자치도 제주시청,064-728-3742,2024-07-25,I,2026-05-15 18:45:22,2024-09-04 21:39:31
6510000,202465100000601316,,제주특별자치도 제주시 정든로3길,제주특별자치도,제주시,제주특별자치도 제주시 정든로3길 48,제주특별자치도 제주시 이도이동 418-1,제주특별자치도 제주시 이도이동 418-1,원호형,원호형,10,360,500,일반,Y,33.4998958900,126.5435388000,Y,N,,제주특별자치도 제주시청,064-728-3742,2024-07-25,I,2026-05-15 18:45:22,2024-09-04 21:39:31
6510000,202465100000601191,,제주특별자치도 제주시 삼성로18길,제주특별자치도,제주시,제주특별자치도 제주시 삼성로18길 28,제주특별자치도 제주시 일도이동 162-31,제주특별자치도 제주시 일도이동 162-31,원호형,원호형,8,360,500,일반,Y,33.5102067700,126.5368352000,Y,N,,제주특별자치도 제주시청,064-728-3742,2024-07-25,I,2026-05-15 18:45:22,2024-09-04 21:39:30
6510000,202465100000600402,,제주특별자치도 제주시 용담로5길,제주특별자치도,제주시,제주특별자치도 제주시 용담로5길 5,제주특별자치도 제주시 용담삼동 581-3,제주특별자치도 제주시 용담삼동 581-3,원호형,원호형,8,360,500,일반,Y,33.5134151100,126.5078924000,Y,N,,제주특별자치도 제주시청,064-728-3742,2024-07-25,I,2026-05-15 18:45:22,2024-09-04 21:39:26
6510000,202465100000600409,,제주특별자치도 제주시 용마로,제주특별자치도,제주시,제주특별자치도 제주시 용마로 18,제주특별자치도 제주시 용담삼동 531-34,제주특별자치도 제주시 용담삼동 531-34,원호형,원호형,8,360,500,일반,Y,33.5146286974,126.5061379607,Y,N,,제주특별자치도 제주시청,064-728-3742,2024-07-25,I,2026-05-15 18:45:22,2024-09-04 21:39:26
6510000,202465100000600129,,제주특별자치도 제주시 동백로,제주특별자치도,제주시,제주특별자치도 제주시 조천읍 동백로 77,제주특별자치도 제주시 조천읍 선흘리 924,제주특별자치도 제주시 조천읍 선흘리 924,원호형,원호형,10,360,500,일반,Y,33.5096986285,126.7156672320,Y,N,,제주특별자치도 제주시청,064-728-3742,2024-07-25,I,2026-05-15 18:45:22,2024-09-04 21:39:24
6510000,202465100000601198,,제주특별자치도 제주시 신산로13길,제주특별자치도,제주시,제주특별자치도 제주시 신산로13길 25,제주특별자치도 제주시 일도이동 335-16,제주특별자치도 제주시 일도이동 335-16,원호형,원호형,8,360,500,일반,Y,33.5073131200,126.5369095000,Y,N,,제주특별자치도 제주시청,064-728-3742,2024-07-25,I,2026-05-15 18:45:22,2024-09-04 21:39:30
6510000,202465100000600744,,제주특별자치도 제주시 달마루길,제주특별자치도,제주시,,제주특별자치도 제주시 노형동 2579-2,제주특별자치도 제주시 노형동 2579-2,원호형,원호형,10,360,500,일반,Y,33.4898590312,126.4745928981,Y,N,,제주특별자치도 제주시청,064-728-3742,2024-07-25,I,2026-05-15 18:45:22,2024-09-04 21:39:28
6510000,202465100000600743,,제주특별자치도 제주시 달마루길,제주특별자치도,제주시,제주특별자치도 제주시 달마루길 18,제주특별자치도 제주시 노형동 2578-3,제주특별자치도 제주시 노형동 2578-3,원호형,원호형,10,360,500,일반,Y,33.4895724265,126.4742983610,Y,N,,제주특별자치도 제주시청,064-728-3742,2024-07-25,I,2026-05-15 18:45:22,2024-09-04 21:39:28
6510000,202465100000600554,,제주특별자치도 제주시 황사평6길,제주특별자치도,제주시,제주특별자치도 제주시 황사평6길 91,제주특별자치도 제주시 화북이동 2967-3,제주특별자치도 제주시 화북이동 2967-3,원호형,원호형,10,360,500,일반,Y,33.4924405900,126.5623767000,Y,N,,제주특별자치도 제주시청,064-728-3742,2024-07-25,I,2026-05-15 18:45:22,2024-09-04 21:39:26
6510000,202465100000601499,,제주특별자치도 제주시 신대로5길,제주특별자치도,제주시,제주특별자치도 제주시 신대로5길 10,제주특별자치도 제주시 연동 310-9,제주특별자치도 제주시 연동 310-9,원호형,가상형,0,360,500,일반,Y,33.4926953516,126.4979515748,Y,N,,제주특별자치도 제주시청,064-728-3742,2024-07-25,I,2026-05-15 18:45:22,2024-09-04 21:39:32
6510000,202465100000600135,,제주특별자치도 제주시 북선로,제주특별자치도,제주시,제주특별자치도 제주시 조천읍 북선로 327,제주특별자치도 제주시 조천읍 선흘리 2788-1,제주특별자치도 제주시 조천읍 선흘리 2788-1,원호형,원호형,10,360,500,일반,Y,33.5138401155,126.6954102706,Y,N,,제주특별자치도 제주시청,064-728-3742,2024-07-25,I,2026-05-15 18:45:22,2024-09-04 21:39:24
6510000,202465100000600041,,제주특별자치도 제주시 하가로2길,제주특별자치도,제주시,,제주특별자치도 제주시 애월읍 하가리 1281-2,제주특별자치도 제주시 애월읍 하가리 1281-2,원호형,원호형,10,360,500,일반,Y,33.4613320037,126.3471858396,Y,N,,제주특별자치도 제주시청,064-728-3742,2024-07-25,I,2026-05-15 18:45:22,2024-09-04 21:39:24
6510000,202465100000601695,,제주특별자치도 제주시 용남1길,제주특별자치도,제주시,제주특별자치도 제주시 용남1길 13,제주특별자치도 제주시 용담일동 248-33,제주특별자치도 제주시 용담일동 248-33,원호형,원호형,8,360,500,일반,Y,33.5073210177,126.5146641218,Y,N,,제주특별자치도 제주시청,064-728-3742,2024-07-25,I,2026-05-15 18:45:22,2024-09-04 21:39:34
6510000,202465100000601544,,제주특별자치도 제주시 원당로,제주특별자치도,제주시,,제주특별자치도 제주시 삼양일동 1035-3,제주특별자치도 제주시 삼양일동 1035-3,원호형,원호형,10,360,500,일반,Y,33.5297767093,126.5939385457,Y,N,,제주특별자치도 제주시청,064-728-3742,2024-07-25,I,2026-05-15 18:45:22,2024-09-04 21:39:33
6510000,202465100000601120,,제주특별자치도 제주시 월각로,제주특별자치도,제주시,제주특별자치도 제주시 한림읍 월각로 51,제주특별자치도 제주시 한림읍 상대리 1527,제주특별자치도 제주시 한림읍 상대리 1527,원호형,원호형,10,360,500,일반,Y,33.4137158857,126.2998558555,Y,N,,제주특별자치도 제주시청,064-728-3742,2024-07-25,I,2026-05-15 18:45:22,2024-09-04 21:39:30
6510000,202465100000601563,,제주특별자치도 제주시 설촌로8길,제주특별자치도,제주시,제주특별자치도 제주시 설촌로8길 19,제주특별자치도 제주시 삼양이동 2103-8,제주특별자치도 제주시 삼양이동 2103-8,원호형,원호형,10,360,500,일반,Y,33.5235475200,126.5835848000,Y,N,,제주특별자치도 제주시청,064-728-3742,2024-07-25,I,2026-05-15 18:45:22,2024-09-04 21:39:33
6510000,202465100000600029,,제주특별자치도 제주시 애월항로,제주특별자치도,제주시,제주특별자치도 제주시 애월읍 애월로19길 31,제주특별자치도 제주시 애월읍 애월리 399-1,제주특별자치도 제주시 애월읍 애월리 399-1,원호형,원호형,10,360,500,일반,Y,33.4657424392,126.3268353341,Y,N,,제주특별자치도 제주시청,064-728-3742,2024-07-25,I,2026-05-15 18:45:22,2024-09-04 21:39:24
6510000,202465100000600180,,제주특별자치도 제주시 신와로,제주특별자치도,제주시,,제주특별자치도 제주시 조천읍 신촌리 2869-1,제주특별자치도 제주시 조천읍 신촌리 2869-1,원호형,원호형,10,360,500,일반,Y,33.5208065739,126.6181230291,Y,N,,제주특별자치도 제주시청,064-728-3742,2024-07-25,I,2026-05-15 18:45:22,2024-09-04 21:39:24
6510000,202465100000600597,,제주특별자치도 제주시 생목수원로,제주특별자치도,제주시,,제주특별자치도 제주시 도련이동 111,제주특별자치도 제주시 도련이동 111,원호형,원호형,10,360,500,일반,Y,33.5055437196,126.6048709429,Y,N,,제주특별자치도 제주시청,064-728-3742,2024-07-25,I,2026-05-15 18:45:22,2024-09-04 21:39:27
6510000,202465100000600206,,제주특별자치도 제주시 중앙로 13길,제주특별자치도,제주시,제주특별자치도 제주시 동문로6길 5-2,제주특별자치도 제주시 일도일동 1134,제주특별자치도 제주시 일도일동 1134,원호형,원호형,10,360,500,일반,Y,33.5123540905,126.5289441832,Y,N,,제주특별자치도 제주시청,064-728-3742,2024-07-25,I,2026-05-15 18:45:22,2024-09-04 21:39:25
6510000,202465100000601376,,제주특별자치도 제주시 신광로12길,제주특별자치도,제주시,제주특별자치도 제주시 신광로12길 17,제주특별자치도 제주시 연동 1369,제주특별자치도 제주시 연동 1369,원호형,원호형,8,360,500,일반,Y,33.4824037100,126.4879989000,Y,N,,제주특별자치도 제주시청,064-728-3742,2024-07-25,I,2026-05-15 18:45:22,2024-09-04 21:39:32
6510000,202465100000601487,,제주특별자치도 제주시 신대로13길,제주특별자치도,제주시,제주특별자치도 제주시 신대로13길 30,제주특별자치도 제주시 연동 313-61,제주특별자치도 제주시 연동 313-61,원호형,가상형,0,360,500,일반,Y,33.4875048500,126.4995915000,Y,N,,제주특별자치도 제주시청,064-728-3742,2024-07-25,I,2026-05-15 18:45:22,2024-09-04 21:39:32
6510000,202465100000600101,,제주특별자치도 제주시 함덕남11길,제주특별자치도,제주시,제주특별자치도 제주시 조천읍 함덕남8길 9,제주특별자치도 제주시 조천읍 함덕리 72-56,제주특별자치도 제주시 조천읍 함덕리 72-56,원호형,원호형,10,360,500,일반,Y,33.5349791514,126.6745493214,Y,N,,제주특별자치도 제주시청,064-728-3742,2024-07-25,I,2026-05-15 18:45:22,2024-09-04 21:39:24
6510000,202465100000600996,,제주특별자치도 제주시 도공로,제주특별자치도,제주시,제주특별자치도 제주시 도공로 8,제주특별자치도 제주시 도두일동 2615-5,제주특별자치도 제주시 도두일동 2615-5,원호형,원호형,10,360,500,일반,Y,33.5055171900,126.4649813000,Y,N,,제주특별자치도 제주시청,064-728-3742,2024-07-25,I,2026-05-15 18:45:22,2024-09-04 21:39:29
6510000,202465100000601069,,제주특별자치도 제주시 광산로,제주특별자치도,제주시,,제주특별자치도 제주시 한림읍 상대리 2766-3,제주특별자치도 제주시 한림읍 상대리 2766-3,원호형,원호형,10,360,500,일반,Y,33.4056582122,126.2920705175,Y,N,,제주특별자치도 제주시청,064-728-3742,2024-07-25,I,2026-05-15 18:45:22,2024-09-04 21:39:30
6510000,202465100000600952,,제주특별자치도 제주시 도리로,제주특별자치도,제주시,제주특별자치도 제주시 도리로 90,제주특별자치도 제주시 이호일동 613-6,제주특별자치도 제주시 이호일동 613-6,원호형,원호형,10,360,500,일반,Y,33.5002370545,126.4614270762,Y,N,,제주특별자치도 제주시청,064-728-3742,2024-07-25,I,2026-05-15 18:45:22,2024-09-04 21:39:29
6510000,202465100000600946,,제주특별자치도 제주시 일주서로,제주특별자치도,제주시,제주특별자치도 제주시 일주서로 7525,제주특별자치도 제주시 이호일동 1923-1,제주특별자치도 제주시 이호일동 1923-1,원호형,원호형,10,360,500,일반,Y,33.4951520700,126.4503963000,Y,N,,제주특별자치도 제주시청,064-728-3742,2024-07-25,I,2026-05-15 18:45:22,2024-09-04 21:39:29
6510000,202465100000601193,,제주특별자치도 제주시 신산로11길,제주특별자치도,제주시,제주특별자치도 제주시 신산로11길 8,제주특별자치도 제주시 일도이동 336-8,제주특별자치도 제주시 일도이동 336-8,원호형,원호형,8,360,500,일반,Y,33.5071135100,126.5354399000,Y,N,,제주특별자치도 제주시청,064-728-3742,2024-07-25,I,2026-05-15 18:45:22,2024-09-04 21:39:30
6510000,202465100000601561,,제주특별자치도 제주시 설촌로8길,제주특별자치도,제주시,제주특별자치도 제주시 설촌로8길 11,제주특별자치도 제주시 삼양이동 2101-12,제주특별자치도 제주시 삼양이동 2101-12,원호형,원호형,10,360,500,일반,Y,33.5235944610,126.5826634991,Y,N,,제주특별자치도 제주시청,064-728-3742,2024-07-25,I,2026-05-15 18:45:22,2024-09-04 21:39:33
6510000,202465100000601795,,제주특별자치도 제주시 아란4길,제주특별자치도,제주시,제주특별자치도 제주시 아란4길 71,제주특별자치도 제주시 아라일동 6069-18,제주특별자치도 제주시 아라일동 6069-18,원호형,원호형,10,360,500,일반,Y,33.4713543900,126.5418842000,Y,N,,제주특별자치도 제주시청,064-728-3742,2024-07-25,I,2026-05-15 18:45:22,2024-09-04 21:39:35
6510000,202465100000601666,,제주특별자치도 제주시 동한두기길,제주특별자치도,제주시,,제주특별자치도 제주시 용담일동 382-14,제주특별자치도 제주시 용담일동 382-14,원호형,가상형,0,360,500,일반,Y,33.5152433721,126.5159860985,Y,N,,제주특별자치도 제주시청,064-728-3742,2024-07-25,I,2026-05-15 18:45:22,2024-09-04 21:39:34
6510000,202465100000601358,,제주특별자치도 제주시 연화로2길,제주특별자치도,제주시,제주특별자치도 제주시 연화로2길 29-2,제주특별자치도 제주시 연동 1518-10,제주특별자치도 제주시 연동 1518-10,원호형,원호형,8,360,500,일반,Y,33.4780682452,126.4900833978,Y,N,,제주특별자치도 제주시청,064-728-3742,2024-07-25,I,2026-05-15 18:45:22,2024-09-04 21:39:31
6510000,202465100000601270,,제주특별자치도 제주시 태성로5길,제주특별자치도,제주시,제주특별자치도 제주시 태성로5길 35,제주특별자치도 제주시 일도이동 102-17,제주특별자치도 제주시 일도이동 102-17,원호형,원호형,8,360,500,일반,Y,33.4993864300,126.5484193000,Y,N,,제주특별자치도 제주시청,064-728-3742,2024-07-25,I,2026-05-15 18:45:22,2024-09-04 21:39:31
6510000,202465100000601567,,제주특별자치도 제주시 설촌로6길,제주특별자치도,제주시,제주특별자치도 제주시 설촌로6길 15,제주특별자치도 제주시 삼양이동 2118-5,제주특별자치도 제주시 삼양이동 2118-5,원호형,원호형,10,360,500,일반,Y,33.5230311000,126.5830254000,Y,N,,제주특별자치도 제주시청,064-728-3742,2024-07-25,I,2026-05-15 18:45:22,2024-09-04 21:39:33
6510000,202465100000600947,,제주특별자치도 제주시 일주서로,제주특별자치도,제주시,,제주특별자치도 제주시 이호일동 1918-11,제주특별자치도 제주시 이호일동 1918-11,원호형,원호형,10,360,500,일반,Y,33.4950377214,126.4501293694,Y,N,,제주특별자치도 제주시청,064-728-3742,2024-07-25,I,2026-05-15 18:45:22,2024-09-04 21:39:29
6510000,202465100000601366,,제주특별자치도 제주시 연화로,제주특별자치도,제주시,제주특별자치도 제주시 연화로 45,제주특별자치도 제주시 연동 1511,제주특별자치도 제주시 연동 1511,원호형,원호형,10,360,500,일반,Y,33.4777332400,126.4874234000,Y,N,,제주특별자치도 제주시청,064-728-3742,2024-07-25,I,2026-05-15 18:45:22,2024-09-04 21:39:32
6510000,202465100000600718,,제주특별자치도 제주시 수덕5길,제주특별자치도,제주시,제주특별자치도 제주시 수덕5길 86,제주특별자치도 제주시 노형동 2591-7,제주특별자치도 제주시 노형동 2591-7,원호형,원호형,10,360,500,일반,Y,33.4822614200,126.4709286000,Y,N,,제주특별자치도 제주시청,064-728-3742,2024-07-25,I,2026-05-15 18:45:22,2024-09-04 21:39:27
6510000,202465100000600683,,제주특별자치도 제주시 수덕로,제주특별자치도,제주시,제주특별자치도 제주시 정존5길 39,제주특별자치도 제주시 노형동 2528-1,제주특별자치도 제주시 노형동 2528-1,원호형,원호형,10,360,500,일반,Y,33.4851160301,126.4714976544,Y,N,,제주특별자치도 제주시청,064-728-3742,2024-07-25,I,2026-05-15 18:45:22,2024-09-04 21:39:27
6510000,202465100000600126,,제주특별자치도 제주시 동백로,제주특별자치도,제주시,,제주특별자치도 제주시 조천읍 선흘리 1326-1,제주특별자치도 제주시 조천읍 선흘리 1326-1,원호형,원호형,10,360,500,일반,Y,33.5086855715,126.7091620257,Y,N,,제주특별자치도 제주시청,064-728-3742,2024-07-25,I,2026-05-15 18:45:22,2024-09-04 21:39:24
6510000,202465100000601864,,제주특별자치도 제주시 인다13길,제주특별자치도,제주시,제주특별자치도 제주시 인다13길 33,제주특별자치도 제주시 아라일동 6130-12,제주특별자치도 제주시 아라일동 6130-12,원호형,원호형,8,350,500,일반,Y,33.4726226008,126.5491956435,Y,N,,제주특별자치도 제주시청,064-728-3742,2024-07-25,I,2026-05-15 18:45:22,2024-09-04 21:39:35
6510000,202465100000600453,,제주특별자치도 제주시 용문로17길,제주특별자치도,제주시,제주특별자치도 제주시 용문로17길 12,제주특별자치도 제주시 용담이동 646-37,제주특별자치도 제주시 용담이동 646-37,원호형,원호형,8,360,500,일반,Y,33.5078453200,126.5082685000,Y,N,,제주특별자치도 제주시청,064-728-3742,2024-07-25,I,2026-05-15 18:45:22,2024-09-04 21:39:26
6510000,202465100000600227,,제주특별자치도 제주시 서광로29길,제주특별자치도,제주시,제주특별자치도 제주시 서광로29길 7,제주특별자치도 제주시 이도일동 1784-4,제주특별자치도 제주시 이도일동 1784-4,원호형,가상형,0,360,500,일반,Y,33.5009912500,126.5265330000,Y,N,,제주특별자치도 제주시청,064-728-3742,2024-07-25,I,2026-05-15 18:45:22,2024-09-04 21:39:25
6510000,202465100000601707,,제주특별자치도 제주시 간월동로,제주특별자치도,제주시,제주특별자치도 제주시 간월동로 33,제주특별자치도 제주시 아라이동 1417-1,제주특별자치도 제주시 아라이동 1417-1,원호형,원호형,10,360,500,일반,Y,33.4869030092,126.5457700704,Y,N,,제주특별자치도 제주시청,064-728-3742,2024-07-25,I,2026-05-15 18:45:22,2024-09-04 21:39:34
6510000,202465100000600783,,제주특별자치도 제주시 원노형남2길,제주특별자치도,제주시,제주특별자치도 제주시 원노형10길 38-1,제주특별자치도 제주시 노형동 945-9,제주특별자치도 제주시 노형동 945-9,원호형,원호형,10,360,500,일반,Y,33.4826571951,126.4862679332,Y,N,,제주특별자치도 제주시청,064-728-3742,2024-07-25,I,2026-05-15 18:45:22,2024-09-04 21:39:28
6510000,202465100000600856,,제주특별자치도 제주시 논세길,제주특별자치도,제주시,제주특별자치도 제주시 논세길 118,제주특별자치도 제주시 내도동 96-1,제주특별자치도 제주시 내도동 96-1,원호형,원호형,10,360,500,일반,Y,33.4836670100,126.4436318000,Y,N,,제주특별자치도 제주시청,064-728-3742,2024-07-25,I,2026-05-15 18:45:22,2024-09-04 21:39:28
6510000,202465100000601903,,제주특별자치도 제주시 첨단로,제주특별자치도,제주시,제주특별자치도 제주시 첨단로 213-65,제주특별자치도 제주시 영평동 2170-4,제주특별자치도 제주시 영평동 2170-4,원호형,원호형,10,380,500,일반,Y,33.4523802239,126.5727637318,Y,N,,제주특별자치도 제주시청,064-728-3742,2024-07-25,I,2026-05-15 18:45:22,2024-09-04 21:39:35
6510000,202465100000601927,,제주특별자치도 제주시 아란서길,제주특별자치도,제주시,제주특별자치도 제주시 아란서길 85,제주특별자치도 제주시 아라일동 6060-9,제주특별자치도 제주시 아라일동 6060-9,원호형,원호형,10,360,500,일반,Y,33.4710413200,126.5402683000,Y,N,,제주특별자치도 제주시청,064-728-3742,2024-07-25,I,2026-05-15 18:45:22,2024-09-04 21:39:36
6510000,202465100000601430,,제주특별자치도 제주시 성신북길,제주특별자치도,제주시,제주특별자치도 제주시 성신북길 18,제주특별자치도 제주시 연동 2301-9,제주특별자치도 제주시 연동 2301-9,원호형,원호형,10,360,500,일반,Y,33.4922769000,126.4833801000,Y,N,,제주특별자치도 제주시청,064-728-3742,2024-07-25,I,2026-05-15 18:45:22,2024-09-04 21:39:32
6510000,202465100000600481,,제주특별자치도 제주시 금산5길,제주특별자치도,제주시,제주특별자치도 제주시 금산5길 15,제주특별자치도 제주시 화북일동 4248-1,제주특별자치도 제주시 화북일동 4248-1,원호형,원호형,10,360,500,일반,Y,33.5243430900,126.5644481000,Y,N,,제주특별자치도 제주시청,064-728-3742,2024-07-25,I,2026-05-15 18:45:22,2024-09-04 21:39:26
6510000,202465100000601063,,제주특별자치도 제주시 한수풀로,제주특별자치도,제주시,,제주특별자치도 제주시 한림읍 대림리 763-9,제주특별자치도 제주시 한림읍 대림리 763-9,원호형,원호형,10,360,500,일반,Y,33.4223324296,126.2818601127,Y,N,,제주특별자치도 제주시청,064-728-3742,2024-07-25,I,2026-05-15 18:45:22,2024-09-04 21:39:29
6510000,202465100000600697,,제주특별자치도 제주시 정존5길,제주특별자치도,제주시,제주특별자치도 제주시 정존5길 21,제주특별자치도 제주시 노형동 2525-11,제주특별자치도 제주시 노형동 2525-11,원호형,원호형,10,360,500,일반,Y,33.4841392800,126.4732412000,Y,N,,제주특별자치도 제주시청,064-728-3742,2024-07-25,I,2026-05-15 18:45:22,2024-09-04 21:39:27
6510000,202465100000600352,,제주특별자치도 제주시 전농로,제주특별자치도,제주시,제주특별자치도 제주시 전농로 113,제주특별자치도 제주시 삼도이동 303-1,제주특별자치도 제주시 삼도이동 303-1,원호형,원호형,8,360,500,일반,Y,33.5046598300,126.5251207000,Y,N,,제주특별자치도 제주시청,064-728-3742,2024-07-25,I,2026-05-15 18:45:22,2024-09-04 21:39:25
6510000,202465100000601223,,제주특별자치도 제주시 고마로18길,제주특별자치도,제주시,제주특별자치도 제주시 고마로18길 5,제주특별자치도 제주시 일도이동 414-2,제주특별자치도 제주시 일도이동 414-2,원호형,가상형,0,360,500,일반,Y,33.5042770411,126.5409637275,Y,N,,제주특별자치도 제주시청,064-728-3742,2024-07-25,I,2026-05-15 18:45:22,2024-09-04 21:39:31
6510000,202465100000601831,,제주특별자치도 제주시 아연로,제주특별자치도,제주시,제주특별자치도 제주시 아연로 443,제주특별자치도 제주시 오등동 611-1,제주특별자치도 제주시 오등동 611-1,원호형,가상형,0,360,500,일반,Y,33.4751819900,126.5275597000,Y,N,,제주특별자치도 제주시청,064-728-3742,2024-07-25,I,2026-05-15 18:45:22,2024-09-04 21:39:35
6510000,202465100000601542,,제주특별자치도 제주시 원당로,제주특별자치도,제주시,,제주특별자치도 제주시 삼양일동 1185,제주특별자치도 제주시 삼양일동 1185,원호형,원호형,10,360,500,일반,Y,33.5259363321,126.5917259394,Y,N,,제주특별자치도 제주시청,064-728-3742,2024-07-25,I,2026-05-15 18:45:22,2024-09-04 21:39:33
6510000,202465100000600834,,제주특별자치도 제주시 우령남길,제주특별자치도,제주시,,제주특별자치도 제주시 외도일동 1143-1,제주특별자치도 제주시 외도일동 1143-1,원호형,원호형,10,360,500,일반,Y,33.4743371705,126.4263034399,Y,N,,제주특별자치도 제주시청,064-728-3742,2024-07-25,I,2026-05-15 18:45:22,2024-09-04 21:39:28
6510000,202465100000600748,,제주특별자치도 제주시 노형11길,제주특별자치도,제주시,제주특별자치도 제주시 노형10길 21,제주특별자치도 제주시 노형동 3785-5,제주특별자치도 제주시 노형동 3785-5,원호형,원호형,10,360,500,일반,Y,33.4834132800,126.4792491000,Y,N,,제주특별자치도 제주시청,064-728-3742,2024-07-25,I,2026-05-15 18:45:22,2024-09-04 21:39:28
6510000,202465100000601600,,제주특별자치도 제주시 지석8길,제주특별자치도,제주시,제주특별자치도 제주시 지석8길 13-18,제주특별자치도 제주시 삼양이동 2176-9,제주특별자치도 제주시 삼양이동 2176-9,원호형,원호형,10,360,500,일반,Y,33.5198838000,126.5820288000,Y,N,,제주특별자치도 제주시청,064-728-3742,2024-07-25,I,2026-05-15 18:45:22,2024-09-04 21:39:33
6510000,202465100000600661,,제주특별자치도 제주시 월산남길,제주특별자치도,제주시,,제주특별자치도 제주시 노형동 3285-3,제주특별자치도 제주시 노형동 3285-3,원호형,원호형,10,360,500,일반,Y,33.4714763569,126.4646689829,Y,N,,제주특별자치도 제주시청,064-728-3742,2024-07-25,I,2026-05-15 18:45:22,2024-09-04 21:39:27
6510000,202465100000600066,,제주특별자치도 제주시 신북로,제주특별자치도,제주시,,제주특별자치도 제주시 조천읍 함덕리 3374-1,제주특별자치도 제주시 조천읍 함덕리 3374-1,원호형,원호형,10,360,500,일반,Y,33.5438297128,126.6544126387,Y,N,,제주특별자치도 제주시청,064-728-3742,2024-07-25,I,2026-05-15 18:45:22,2024-09-04 21:39:24
6510000,202465100000601020,,제주특별자치도 제주시 도리로,제주특별자치도,제주시,,제주특별자치도 제주시 도두일동 1547,제주특별자치도 제주시 도두일동 1547,원호형,원호형,10,360,500,일반,Y,33.5060777469,126.4765277834,Y,N,,제주특별자치도 제주시청,064-728-3742,2024-07-25,I,2026-05-15 18:45:22,2024-09-04 21:39:29
6510000,202465100000600916,,제주특별자치도 제주시 월대2길,제주특별자치도,제주시,제주특별자치도 제주시 월대2길 12,제주특별자치도 제주시 외도이동 234-13,제주특별자치도 제주시 외도이동 234-13,원호형,원호형,10,360,500,일반,Y,33.4926800400,126.4334877000,Y,N,,제주특별자치도 제주시청,064-728-3742,2024-07-25,I,2026-05-15 18:45:22,2024-09-04 21:39:29
6510000,202465100000601152,,제주특별자치도 제주시 하도13길,제주특별자치도,제주시,,제주특별자치도 제주시 구좌읍 하도리 1091-63,제주특별자치도 제주시 구좌읍 하도리 1091-63,원호형,원호형,10,360,500,일반,Y,33.5102370623,126.8902622054,Y,N,,제주특별자치도 제주시청,064-728-3742,2024-07-25,I,2026-05-15 18:45:22,2024-09-04 21:39:30
6510000,202465100000600022,,제주특별자치도 제주시 중엄안3길,제주특별자치도,제주시,제주특별자치도 제주시 애월읍 중엄안3길 7-3,제주특별자치도 제주시 애월읍 신엄리 833,제주특별자치도 제주시 애월읍 신엄리 833,원호형,가상형,0,360,500,일반,Y,33.4756443938,126.3723377672,Y,N,,제주특별자치도 제주시청,064-728-3742,2024-07-25,I,2026-05-15 18:45:22,2024-09-04 21:39:24
6510000,202465100000600439,,제주특별자치도 제주시 용문서안길,제주특별자치도,제주시,제주특별자치도 제주시 용문서안길 31,제주특별자치도 제주시 용담이동 796-18,제주특별자치도 제주시 용담이동 796-18,원호형,원호형,8,360,500,일반,Y,33.5089962300,126.5052192000,Y,N,,제주특별자치도 제주시청,064-728-3742,2024-07-25,I,2026-05-15 18:45:22,2024-09-04 21:39:26
6510000,202465100000600297,,제주특별자치도 제주시 서사로 11길,제주특별자치도,제주시,제주특별자치도 제주시 서사로11길 22,제주특별자치도 제주시 삼도이동 593-24,제주특별자치도 제주시 삼도이동 593-24,원호형,가상형,0,360,500,일반,Y,33.5056046000,126.5220695000,Y,N,,제주특별자치도 제주시청,064-728-3742,2024-07-25,I,2026-05-15 18:45:22,2024-09-04 21:39:25
6510000,202465100000600535,,제주특별자치도 제주시 거로남8길,제주특별자치도,제주시,,제주특별자치도 제주시 화북이동 3505-2,제주특별자치도 제주시 화북이동 3505-2,원호형,원호형,10,360,500,일반,Y,33.5091249442,126.5626001507,Y,N,,제주특별자치도 제주시청,064-728-3742,2024-07-25,I,2026-05-15 18:45:22,2024-09-04 21:39:26
6510000,202465100000601517,,제주특별자치도 제주시 서흘길,제주특별자치도,제주시,제주특별자치도 제주시 서흘길 65,제주특별자치도 제주시 삼양일동 1895-1,제주특별자치도 제주시 삼양일동 1895-1,원호형,원호형,10,360,500,일반,Y,33.5308460000,126.5909728000,Y,N,,제주특별자치도 제주시청,064-728-3742,2024-07-25,I,2026-05-15 18:45:22,2024-09-04 21:39:33
6510000,202465100000600156,,제주특별자치도 제주시 와선로,제주특별자치도,제주시,,제주특별자치도 제주시 조천읍 와산리 1018-2,제주특별자치도 제주시 조천읍 와산리 1018-2,원호형,원호형,10,360,500,일반,Y,33.4888969479,126.6815252830,Y,N,,제주특별자치도 제주시청,064-728-3742,2024-07-25,I,2026-05-15 18:45:22,2024-09-04 21:39:24
6510000,202465100000600132,,제주특별자치도 제주시 선흘동1길,제주특별자치도,제주시,제주특별자치도 제주시 조천읍 선흘동1길 41,제주특별자치도 제주시 조천읍 선흘리 1019,제주특별자치도 제주시 조천읍 선흘리 1019,원호형,원호형,10,360,500,일반,Y,33.5150551056,126.7046052165,Y,N,,제주특별자치도 제주시청,064-728-3742,2024-07-25,I,2026-05-15 18:45:22,2024-09-04 21:39:24
6510000,202465100000601865,,제주특별자치도 제주시 인다13길,제주특별자치도,제주시,제주특별자치도 제주시 인다13길 4-7,제주특별자치도 제주시 아라일동 6145-4,제주특별자치도 제주시 아라일동 6145-4,원호형,원호형,10,330,500,일반,Y,33.4719994600,126.5463408000,Y,N,,제주특별자치도 제주시청,064-728-3742,2024-07-25,I,2026-05-15 18:45:22,2024-09-04 21:39:35
6510000,202465100000600466,,제주특별자치도 제주시 진서로,제주특별자치도,제주시,,제주특별자치도 제주시 화북일동 4098-23,제주특별자치도 제주시 화북일동 4098-23,원호형,원호형,10,360,500,일반,Y,33.5238078474,126.5623292350,Y,N,,제주특별자치도 제주시청,064-728-3742,2024-07-25,I,2026-05-15 18:45:22,2024-09-04 21:39:26
6510000,202465100000601392,,제주특별자치도 제주시 사장3길,제주특별자치도,제주시,제주특별자치도 제주시 사장3길 5,제주특별자치도 제주시 연동 298-4,제주특별자치도 제주시 연동 298-4,원호형,원호형,10,360,500,일반,Y,33.4826715900,126.4940620000,Y,N,,제주특별자치도 제주시청,064-728-3742,2024-07-25,I,2026-05-15 18:45:22,2024-09-04 21:39:32
6510000,202465100000601498,,제주특별자치도 제주시 신대로5길,제주특별자치도,제주시,제주특별자치도 제주시 신대로5길 42,제주특별자치도 제주시 연동 320-41,제주특별자치도 제주시 연동 320-41,원호형,원호형,10,360,500,일반,Y,33.4926922700,126.5010729000,Y,N,,제주특별자치도 제주시청,064-728-3742,2024-07-25,I,2026-05-15 18:45:22,2024-09-04 21:39:32
6510000,202465100000601949,,제주특별자치도 제주시 오라남로,제주특별자치도,제주시,,제주특별자치도 제주시 오라이동 284-6,제주특별자치도 제주시 오라이동 284-6,원호형,원호형,10,360,500,일반,Y,33.4529796649,126.5124798996,Y,N,,제주특별자치도 제주시청,064-728-3742,2024-07-25,I,2026-05-15 18:45:22,2024-09-04 21:39:36
6510000,202465100000601011,,제주특별자치도 제주시 서해안로,제주특별자치도,제주시,,제주특별자치도 제주시 도두일동 1741-5,제주특별자치도 제주시 도두일동 1741-5,원호형,원호형,10,360,500,일반,Y,33.5079209409,126.4700984317,Y,N,,제주특별자치도 제주시청,064-728-3742,2024-07-25,I,2026-05-15 18:45:22,2024-09-04 21:39:29
6510000,202465100000601288,,제주특별자치도 제주시 노을해안로,제주특별자치도,제주시,,제주특별자치도 제주시 한경면 고산리 2676-1,제주특별자치도 제주시 한경면 고산리 2676-1,원호형,원호형,10,360,500,일반,Y,33.3044042746,126.1754421827,Y,N,,제주특별자치도 제주시청,064-728-3742,2024-07-25,I,2026-05-15 18:45:22,2024-09-04 21:39:31
6510000,202465100000601875,,제주특별자치도 제주시 인다1길,제주특별자치도,제주시,제주특별자치도 제주시 인다1길 20,제주특별자치도 제주시 아라일동 6121,제주특별자치도 제주시 아라일동 6121,원호형,원호형,8,360,500,일반,Y,33.4775741217,126.5501248394,Y,N,,제주특별자치도 제주시청,064-728-3742,2024-07-25,I,2026-05-15 18:45:22,2024-09-04 21:39:35
6510000,202465100000601704,,제주특별자치도 제주시 용남길,제주특별자치도,제주시,제주특별자치도 제주시 용담로18길 7,제주특별자치도 제주시 용담일동 240-12,제주특별자치도 제주시 용담일동 240-12,원호형,원호형,8,360,500,일반,Y,33.5091409017,126.5146011179,Y,N,,제주특별자치도 제주시청,064-728-3742,2024-07-25,I,2026-05-15 18:45:22,2024-09-04 21:39:34
6510000,202465100000600710,,제주특별자치도 제주시 정존1길,제주특별자치도,제주시,제주특별자치도 제주시 정존1길 33,제주특별자치도 제주시 노형동 2589-3,제주특별자치도 제주시 노형동 2589-3,원호형,원호형,10,360,500,일반,Y,33.4833227500,126.4703740000,Y,N,,제주특별자치도 제주시청,064-728-3742,2024-07-25,I,2026-05-15 18:45:22,2024-09-04 21:39:27
6510000,202465100000600671,,제주특별자치도 제주시 한라대학로,제주특별자치도,제주시,,제주특별자치도 제주시 노형동 753-3,제주특별자치도 제주시 노형동 753-3,원호형,가상형,0,360,500,일반,Y,33.4764564633,126.4817815249,Y,N,,제주특별자치도 제주시청,064-728-3742,2024-07-25,I,2026-05-15 18:45:22,2024-09-04 21:39:27
6510000,202465100000600731,,제주특별자치도 제주시 정존13길,제주특별자치도,제주시,제주특별자치도 제주시 정존13길 4,제주특별자치도 제주시 노형동 1287-2,제주특별자치도 제주시 노형동 1287-2,원호형,원호형,10,360,500,일반,Y,33.4857372500,126.4777133000,Y,N,,제주특별자치도 제주시청,064-728-3742,2024-07-25,I,2026-05-15 18:45:22,2024-09-04 21:39:27
6510000,202465100000600699,,제주특별자치도 제주시 정존5길,제주특별자치도,제주시,제주특별자치도 제주시 수덕7길 42,제주특별자치도 제주시 노형동 2531-8,제주특별자치도 제주시 노형동 2531-8,원호형,원호형,10,360,500,일반,Y,33.4849665500,126.4734886000,Y,N,,제주특별자치도 제주시청,064-728-3742,2024-07-25,I,2026-05-15 18:45:22,2024-09-04 21:39:27
6510000,202465100000600828,,제주특별자치도 제주시 창오길,제주특별자치도,제주시,,제주특별자치도 제주시 도평동 1275-6,제주특별자치도 제주시 도평동 1275-6,원호형,원호형,10,360,500,일반,Y,33.4794958092,126.4442614134,Y,N,,제주특별자치도 제주시청,064-728-3742,2024-07-25,I,2026-05-15 18:45:22,2024-09-04 21:39:28
6510000,202465100000601921,,제주특별자치도 제주시 한북로,제주특별자치도,제주시,제주특별자치도 제주시 한북로 313,제주특별자치도 제주시 아라일동 1960,제주특별자치도 제주시 아라일동 1960,원호형,가상형,0,360,500,일반,Y,33.4560436034,126.5473035202,Y,N,,제주특별자치도 제주시청,064-728-3742,2024-07-25,I,2026-05-15 18:45:22,2024-09-04 21:39:36
6510000,202465100000601975,,제주특별자치도 제주시 사평4길,제주특별자치도,제주시,,제주특별자치도 제주시 오라이동 1334,제주특별자치도 제주시 오라이동 1334,원호형,원호형,10,360,500,일반,Y,33.4909115202,126.5118924048,Y,N,,제주특별자치도 제주시청,064-728-3742,2024-07-25,I,2026-05-15 18:45:22,2024-09-04 21:39:36
6510000,202465100000600069,,제주특별자치도 제주시 신북로,제주특별자치도,제주시,,제주특별자치도 제주시 조천읍 함덕리 1002-109,제주특별자치도 제주시 조천읍 함덕리 1002-109,원호형,원호형,10,360,500,일반,Y,33.5411026494,126.6697469307,Y,N,,제주특별자치도 제주시청,064-728-3742,2024-07-25,I,2026-05-15 18:45:22,2024-09-04 21:39:24
6510000,202465100000600953,,제주특별자치도 제주시 이호해변길,제주특별자치도,제주시,,제주특별자치도 제주시 이호일동 375-43,제주특별자치도 제주시 이호일동 375-43,원호형,원호형,10,360,500,일반,Y,33.5010149085,126.4539540944,Y,N,,제주특별자치도 제주시청,064-728-3742,2024-07-25,I,2026-05-15 18:45:22,2024-09-04 21:39:29
6510000,202465100000601615,,제주특별자치도 제주시 도련6길,제주특별자치도,제주시,제주특별자치도 제주시 도련6길 25,제주특별자치도 제주시 도련일동 2245-1,제주특별자치도 제주시 도련일동 2245-1,원호형,원호형,10,360,500,일반,Y,33.5092644400,126.5823918000,Y,N,,제주특별자치도 제주시청,064-728-3742,2024-07-25,I,2026-05-15 18:45:22,2024-09-04 21:39:33
6510000,202465100000600617,,제주특별자치도 제주시 명림로,제주특별자치도,제주시,제주특별자치도 제주시 명림로 125,제주특별자치도 제주시 봉개동 485,제주특별자치도 제주시 봉개동 485,원호형,가상형,0,360,500,일반,Y,33.4753786878,126.6087352596,Y,N,,제주특별자치도 제주시청,064-728-3742,2024-07-25,I,2026-05-15 18:45:22,2024-09-04 21:39:27
6510000,202465100000600530,,제주특별자치도 제주시 선반남2길,제주특별자치도,제주시,제주특별자치도 제주시 선반남2길 13,제주특별자치도 제주시 화북일동 2146-6,제주특별자치도 제주시 화북일동 2146-6,원호형,원호형,10,360,500,일반,Y,33.5123479100,126.5610647000,Y,N,,제주특별자치도 제주시청,064-728-3742,2024-07-25,I,2026-05-15 18:45:22,2024-09-04 21:39:26
6510000,202465100000601613,,제주특별자치도 제주시 화삼로,제주특별자치도,제주시,제주특별자치도 제주시 화삼로 104,제주특별자치도 제주시 도련일동 1913,제주특별자치도 제주시 도련일동 1913,원호형,원호형,10,360,500,일반,Y,33.5137915725,126.5839870920,Y,N,,제주특별자치도 제주시청,064-728-3742,2024-07-25,I,2026-05-15 18:45:22,2024-09-04 21:39:33
6510000,202465100000600603,,제주특별자치도 제주시 봉개6길,제주특별자치도,제주시,제주특별자치도 제주시 봉개6길 5,제주특별자치도 제주시 봉개동 2423-22,제주특별자치도 제주시 봉개동 2423-22,원호형,원호형,10,360,500,일반,Y,33.4909457067,126.5919055309,Y,N,,제주특별자치도 제주시청,064-728-3742,2024-07-25,I,2026-05-15 18:45:22,2024-09-04 21:39:27
6510000,202465100000601167,,제주특별자치도 제주시 신산로8길,제주특별자치도,제주시,제주특별자치도 제주시 신산로8길 40,제주특별자치도 제주시 일도이동 1043-36,제주특별자치도 제주시 일도이동 1043-36,원호형,원호형,8,360,500,일반,Y,33.5077655600,126.5294489000,Y,N,,제주특별자치도 제주시청,064-728-3742,2024-07-25,I,2026-05-15 18:45:22,2024-09-04 21:39:30
6510000,202465100000600591,,제주특별자치도 제주시 송이길,제주특별자치도,제주시,,제주특별자치도 제주시 회천동 293-14,제주특별자치도 제주시 회천동 293-14,원호형,원호형,10,360,500,일반,Y,33.4659110931,126.6275426921,Y,N,,제주특별자치도 제주시청,064-728-3742,2024-07-25,I,2026-05-15 18:45:22,2024-09-04 21:39:27
6510000,202465100000602018,,제주특별자치도 제주시 공설로5길,제주특별자치도,제주시,제주특별자치도 제주시 공설로7길 2,제주특별자치도 제주시 오라일동 2446-16,제주특별자치도 제주시 오라일동 2446-16,원호형,원호형,10,360,500,일반,Y,33.4979747813,126.5176012654,Y,N,,제주특별자치도 제주시청,064-728-3742,2024-07-25,I,2026-05-15 18:45:22,2024-09-04 21:39:36
6510000,202465100000600620,,제주특별자치도 제주시 명림로,제주특별자치도,제주시,,제주특별자치도 제주시 봉개동 산 51-59,제주특별자치도 제주시 봉개동 산 51-59,원호형,원호형,10,360,500,일반,Y,33.4501490414,126.6220677599,Y,N,,제주특별자치도 제주시청,064-728-3742,2024-07-25,I,2026-05-15 18:45:22,2024-09-04 21:39:27
6510000,202465100000601992,,제주특별자치도 제주시 오라로,제주특별자치도,제주시,,제주특별자치도 제주시 오라삼동 2277-3,제주특별자치도 제주시 오라삼동 2277-3,원호형,원호형,10,360,500,일반,Y,33.4968574096,126.5077894771,Y,N,,제주특별자치도 제주시청,064-728-3742,2024-07-25,I,2026-05-15 18:45:22,2024-09-04 21:39:36
6510000,202465100000601251,,제주특별자치도 제주시 연수로3길,제주특별자치도,제주시,제주특별자치도 제주시 연수로3길 4,제주특별자치도 제주시 일도이동 68,제주특별자치도 제주시 일도이동 68,원호형,가상형,0,360,500,일반,Y,33.5022189434,126.5433704892,Y,N,,제주특별자치도 제주시청,064-728-3742,2024-07-25,I,2026-05-15 18:45:22,2024-09-04 21:39:31
6510000,202465100000600058,,제주특별자치도 제주시 신북로,제주특별자치도,제주시,제주특별자치도 제주시 조천읍 조함해안로 7,제주특별자치도 제주시 조천읍 조천리 2604,제주특별자치도 제주시 조천읍 조천리 2604,원호형,원호형,10,360,500,일반,Y,33.5384583636,126.6388586829,Y,N,,제주특별자치도 제주시청,064-728-3742,2024-07-25,I,2026-05-15 18:45:22,2024-09-04 21:39:24
6510000,202465100000600496,,제주특별자치도 제주시 진남로8길,제주특별자치도,제주시,제주특별자치도 제주시 진남로 58,제주특별자치도 제주시 화북일동 1942,제주특별자치도 제주시 화북일동 1942,원호형,원호형,10,360,500,일반,Y,33.5234034500,126.5664005000,Y,N,,제주특별자치도 제주시청,064-728-3742,2024-07-25,I,2026-05-15 18:45:22,2024-09-04 21:39:26
6510000,202465100000600610,,제주특별자치도 제주시 아봉로,제주특별자치도,제주시,제주특별자치도 제주시 아봉로 576-1,제주특별자치도 제주시 용강동 1555,제주특별자치도 제주시 용강동 1555,원호형,원호형,10,360,500,일반,Y,33.4790234900,126.5861856000,Y,N,,제주특별자치도 제주시청,064-728-3742,2024-07-25,I,2026-05-15 18:45:22,2024-09-04 21:39:27
6510000,202465100000600654,,제주특별자치도 제주시 월산북길,제주특별자치도,제주시,제주특별자치도 제주시 월산북길 80,제주특별자치도 제주시 노형동 3527-2,제주특별자치도 제주시 노형동 3527-2,원호형,원호형,10,360,500,일반,Y,33.4730940737,126.4624948664,Y,N,,제주특별자치도 제주시청,064-728-3742,2024-07-25,I,2026-05-15 18:45:22,2024-09-04 21:39:27
6510000,202465100000601169,,제주특별자치도 제주시 신선서길,제주특별자치도,제주시,제주특별자치도 제주시 신선서길 10-19,제주특별자치도 제주시 일도이동 1039-1,제주특별자치도 제주시 일도이동 1039-1,원호형,원호형,8,360,500,일반,Y,33.5097553600,126.5284262000,Y,N,,제주특별자치도 제주시청,064-728-3742,2024-07-25,I,2026-05-15 18:45:22,2024-09-04 21:39:30
6510000,202465100000601886,,제주특별자치도 제주시 인다5길,제주특별자치도,제주시,제주특별자치도 제주시 인다5길 12,제주특별자치도 제주시 아라일동 6108-9,제주특별자치도 제주시 아라일동 6108-9,원호형,원호형,8,360,500,일반,Y,33.4759307200,126.5474819000,Y,N,,제주특별자치도 제주시청,064-728-3742,2024-07-25,I,2026-05-15 18:45:22,2024-09-04 21:39:35
6510000,202465100000601116,,제주특별자치도 제주시 금능남로,제주특별자치도,제주시,,제주특별자치도 제주시 한림읍 금능리 산 2-2,제주특별자치도 제주시 한림읍 금능리 산 2-2,원호형,원호형,10,360,500,일반,Y,33.3744255282,126.2401420356,Y,N,,제주특별자치도 제주시청,064-728-3742,2024-07-25,I,2026-05-15 18:45:22,2024-09-04 21:39:30
6510000,202465100000600880,,제주특별자치도 제주시 우정로5길,제주특별자치도,제주시,제주특별자치도 제주시 우정로5길 15,제주특별자치도 제주시 외도일동 480-4,제주특별자치도 제주시 외도일동 480-4,원호형,원호형,10,360,500,일반,Y,33.4902237139,126.4326510798,Y,N,,제주특별자치도 제주시청,064-728-3742,2024-07-25,I,2026-05-15 18:45:22,2024-09-04 21:39:28
6510000,202465100000600083,,제주특별자치도 제주시 조함해안로,제주특별자치도,제주시,,제주특별자치도 제주시 조천읍 신흥리 822-1,제주특별자치도 제주시 조천읍 신흥리 822-1,원호형,원호형,10,360,500,일반,Y,33.5515705450,126.6434181869,Y,N,,제주특별자치도 제주시청,064-728-3742,2024-07-25,I,2026-05-15 18:45:22,2024-09-04 21:39:24
6510000,202465100000601078,,제주특별자치도 제주시 한림로,제주특별자치도,제주시,,제주특별자치도 제주시 한림읍 대림리 1149-1,제주특별자치도 제주시 한림읍 대림리 1149-1,원호형,원호형,10,360,500,일반,Y,33.4263001539,126.2703650512,Y,N,,제주특별자치도 제주시청,064-728-3742,2024-07-25,I,2026-05-15 18:45:22,2024-09-04 21:39:30
6510000,202465100000600553,,제주특별자치도 제주시 황사평6길,제주특별자치도,제주시,제주특별자치도 제주시 황사평6길 63,제주특별자치도 제주시 화북이동 2997-3,제주특별자치도 제주시 화북이동 2997-3,원호형,원호형,10,360,500,일반,Y,33.4937837500,126.5601008000,Y,N,,제주특별자치도 제주시청,064-728-3742,2024-07-25,I,2026-05-15 18:45:22,2024-09-04 21:39:26
6510000,202465100000601527,,제주특별자치도 제주시 선사로8길,제주특별자치도,제주시,,제주특별자치도 제주시 삼양일동 1581-10,제주특별자치도 제주시 삼양일동 1581-10,원호형,원호형,10,360,500,일반,Y,33.5279549796,126.5903732300,Y,N,,제주특별자치도 제주시청,064-728-3742,2024-07-25,I,2026-05-15 18:45:22,2024-09-04 21:39:33
6510000,202465100000600346,,제주특별자치도 제주시 전농로11길,제주특별자치도,제주시,제주특별자치도 제주시 전농로11길 8,제주특별자치도 제주시 삼도이동 593-17,제주특별자치도 제주시 삼도이동 593-17,원호형,원호형,8,360,500,일반,Y,33.5049408100,126.5219441000,Y,N,,제주특별자치도 제주시청,064-728-3742,2024-07-25,I,2026-05-15 18:45:22,2024-09-04 21:39:25
6510000,202465100000601894,,제주특별자치도 제주시 제주대학로,제주특별자치도,제주시,제주특별자치도 제주시 제주대학로 40,제주특별자치도 제주시 아라일동 324-3,제주특별자치도 제주시 아라일동 324-3,원호형,원호형,10,360,500,일반,Y,33.4579851900,126.5547945000,Y,N,,제주특별자치도 제주시청,064-728-3742,2024-07-25,I,2026-05-15 18:45:22,2024-09-04 21:39:35
6510000,202465100000601985,,제주특별자치도 제주시 오라로,제주특별자치도,제주시,제주특별자치도 제주시 오라로 132,제주특별자치도 제주시 오라일동 1004-6,제주특별자치도 제주시 오라일동 1004-6,원호형,원호형,10,360,500,일반,Y,33.4941884500,126.5166520000,Y,N,,제주특별자치도 제주시청,064-728-3742,2024-07-25,I,2026-05-15 18:45:22,2024-09-04 21:39:36
6510000,202465100000601210,,제주특별자치도 제주시 고마로9길,제주특별자치도,제주시,제주특별자치도 제주시 고마로9길 18,제주특별자치도 제주시 일도이동 326,제주특별자치도 제주시 일도이동 326,원호형,원호형,8,360,500,일반,Y,33.5104758500,126.5406966000,Y,N,,제주특별자치도 제주시청,064-728-3742,2024-07-25,I,2026-05-15 18:45:22,2024-09-04 21:39:30
6510000,202465100000601770,,제주특별자치도 제주시 산천단동2길,제주특별자치도,제주시,제주특별자치도 제주시 산천단동2길 24,제주특별자치도 제주시 아라일동 368-63,제주특별자치도 제주시 아라일동 368-63,원호형,원호형,10,360,500,일반,Y,33.4501533400,126.5583489000,Y,N,,제주특별자치도 제주시청,064-728-3742,2024-07-25,I,2026-05-15 18:45:22,2024-09-04 21:39:35
6510000,202465100000602016,,제주특별자치도 제주시 공설로9길,제주특별자치도,제주시,제주특별자치도 제주시 공설로9길 9,제주특별자치도 제주시 오라일동 2448-37,제주특별자치도 제주시 오라일동 2448-37,원호형,원호형,10,360,500,일반,Y,33.4969639039,126.5189431886,Y,N,,제주특별자치도 제주시청,064-728-3742,2024-07-25,I,2026-05-15 18:45:22,2024-09-04 21:39:36
6510000,202465100000600893,,제주특별자치도 제주시 우정로16길,제주특별자치도,제주시,제주특별자치도 제주시 우정로16길 8,제주특별자치도 제주시 외도일동 543-12,제주특별자치도 제주시 외도일동 543-12,원호형,원호형,10,360,500,일반,Y,33.4860367670,126.4300642008,Y,N,,제주특별자치도 제주시청,064-728-3742,2024-07-25,I,2026-05-15 18:45:22,2024-09-04 21:39:28
6510000,202465100000600433,,제주특별자치도 제주시 용문로11길,제주특별자치도,제주시,제주특별자치도 제주시 용문로11길 25,제주특별자치도 제주시 용담이동 656-13,제주특별자치도 제주시 용담이동 656-13,원호형,원호형,8,360,500,일반,Y,33.5072991800,126.5063293000,Y,N,,제주특별자치도 제주시청,064-728-3742,2024-07-25,I,2026-05-15 18:45:22,2024-09-04 21:39:26
6510000,202465100000600873,,제주특별자치도 제주시 우령6길,제주특별자치도,제주시,제주특별자치도 제주시 우령6길 61,제주특별자치도 제주시 외도일동 634-1,제주특별자치도 제주시 외도일동 634-1,원호형,원호형,10,360,500,일반,Y,33.4858303500,126.4290162000,Y,N,,제주특별자치도 제주시청,064-728-3742,2024-07-25,I,2026-05-15 18:45:22,2024-09-04 21:39:28
6510000,202465100000600392,,제주특별자치도 제주시 서해안로,제주특별자치도,제주시,제주특별자치도 제주시 서해안로 624,제주특별자치도 제주시 용담삼동 1020-1,제주특별자치도 제주시 용담삼동 1020-1,원호형,원호형,10,360,500,일반,Y,33.5167978800,126.5034896000,Y,N,,제주특별자치도 제주시청,064-728-3742,2024-07-25,I,2026-05-15 18:45:22,2024-09-04 21:39:26
6510000,202465100000600137,,제주특별자치도 제주시 북선로,제주특별자치도,제주시,제주특별자치도 제주시 조천읍 북선로 305,제주특별자치도 제주시 조천읍 선흘리 3386-1,제주특별자치도 제주시 조천읍 선흘리 3386-1,원호형,원호형,10,360,500,일반,Y,33.5147788997,126.6934895852,Y,N,,제주특별자치도 제주시청,064-728-3742,2024-07-25,I,2026-05-15 18:45:22,2024-09-04 21:39:24
6510000,202465100000600964,,제주특별자치도 제주시 백포중길,제주특별자치도,제주시,제주특별자치도 제주시 백포중길 17,제주특별자치도 제주시 이호일동 554-3,제주특별자치도 제주시 이호일동 554-3,원호형,원호형,8,360,500,일반,Y,33.5018674200,126.4590945000,Y,N,,제주특별자치도 제주시청,064-728-3742,2024-07-25,I,2026-05-15 18:45:22,2024-09-04 21:39:29
6510000,202465100000601296,,제주특별자치도 제주시 고락로,제주특별자치도,제주시,,제주특별자치도 제주시 한경면 조수리 3225-3,제주특별자치도 제주시 한경면 조수리 3225-3,원호형,원호형,10,360,500,일반,Y,33.3062537008,126.2133813610,Y,N,,제주특별자치도 제주시청,064-728-3742,2024-07-25,I,2026-05-15 18:45:22,2024-09-04 21:39:31
6510000,202465100000601660,,제주특별자치도 제주시 벌랑1길,제주특별자치도,제주시,제주특별자치도 제주시 벌랑1길 40,제주특별자치도 제주시 삼양삼동 2656-2,제주특별자치도 제주시 삼양삼동 2656-2,원호형,원호형,10,360,500,일반,Y,33.5251549821,126.5742268511,Y,N,,제주특별자치도 제주시청,064-728-3742,2024-07-25,I,2026-05-15 18:45:22,2024-09-04 21:39:34
6510000,202465100000601677,,제주특별자치도 제주시 용담로17길,제주특별자치도,제주시,제주특별자치도 제주시 용담로17길 22-6,제주특별자치도 제주시 용담일동 166-13,제주특별자치도 제주시 용담일동 166-13,원호형,원호형,8,360,500,일반,Y,33.5094664228,126.5169428721,Y,N,,제주특별자치도 제주시청,064-728-3742,2024-07-25,I,2026-05-15 18:45:22,2024-09-04 21:39:34
6510000,202465100000600605,,제주특별자치도 제주시 삼봉로,제주특별자치도,제주시,제주특별자치도 제주시 삼봉로 299-3,제주특별자치도 제주시 봉개동 1739-1,제주특별자치도 제주시 봉개동 1739-1,원호형,원호형,10,360,500,일반,Y,33.4957318982,126.5950037719,Y,N,,제주특별자치도 제주시청,064-728-3742,2024-07-25,I,2026-05-15 18:45:22,2024-09-04 21:39:27
6510000,202465100000600267,,제주특별자치도 제주시 홍랑길,제주특별자치도,제주시,제주특별자치도 제주시 홍랑길 18,제주특별자치도 제주시 삼도일동 319-56,제주특별자치도 제주시 삼도일동 319-56,원호형,가상형,0,360,500,일반,Y,33.5013114000,126.5232163000,Y,N,,제주특별자치도 제주시청,064-728-3742,2024-07-25,I,2026-05-15 18:45:22,2024-09-04 21:39:25
6510000,202465100000601874,,제주특별자치도 제주시 인다15길,제주특별자치도,제주시,제주특별자치도 제주시 인다15길 5-12,제주특별자치도 제주시 아라일동 6142-13,제주특별자치도 제주시 아라일동 6142-13,원호형,원호형,10,400,500,일반,Y,33.4707433500,126.5480177000,Y,N,,제주특별자치도 제주시청,064-728-3742,2024-07-25,I,2026-05-15 18:45:22,2024-09-04 21:39:35
6510000,202465100000601986,,제주특별자치도 제주시 오라로,제주특별자치도,제주시,제주특별자치도 제주시 오라로 128,제주특별자치도 제주시 오라일동 1286-7,제주특별자치도 제주시 오라일동 1286-7,원호형,원호형,10,360,500,일반,Y,33.4943089100,126.5162138000,Y,N,,제주특별자치도 제주시청,064-728-3742,2024-07-25,I,2026-05-15 18:45:22,2024-09-04 21:39:36
6510000,202465100000601682,,제주특별자치도 제주시 남성로4길,제주특별자치도,제주시,제주특별자치도 제주시 남성로4길 4,제주특별자치도 제주시 용담일동 2822,제주특별자치도 제주시 용담일동 2822,원호형,원호형,10,360,500,일반,Y,33.5019811300,126.5136211000,Y,N,,제주특별자치도 제주시청,064-728-3742,2024-07-25,I,2026-05-15 18:45:22,2024-09-04 21:39:34
6510000,202465100000600660,,제주특별자치도 제주시 월산남길,제주특별자치도,제주시,제주특별자치도 제주시 월산남길 18,제주특별자치도 제주시 노형동 3284-1,제주특별자치도 제주시 노형동 3284-1,원호형,원호형,10,360,500,일반,Y,33.4714550100,126.4641484000,Y,N,,제주특별자치도 제주시청,064-728-3742,2024-07-25,I,2026-05-15 18:45:22,2024-09-04 21:39:27
6510000,202465100000601829,,제주특별자치도 제주시 아연로,제주특별자치도,제주시,제주특별자치도 제주시 아연로 361,제주특별자치도 제주시 오등동 1555-3,제주특별자치도 제주시 오등동 1555-3,원호형,원호형,10,370,500,일반,Y,33.4703361300,126.5220429000,Y,N,,제주특별자치도 제주시청,064-728-3742,2024-07-25,I,2026-05-15 18:45:22,2024-09-04 21:39:35
6510000,202465100000601981,,제주특별자치도 제주시 오라로16길,제주특별자치도,제주시,제주특별자치도 제주시 오라로16길 8,제주특별자치도 제주시 오라일동 1290-2,제주특별자치도 제주시 오라일동 1290-2,원호형,원호형,10,360,500,일반,Y,33.4935964750,126.5163309259,Y,N,,제주특별자치도 제주시청,064-728-3742,2024-07-25,I,2026-05-15 18:45:22,2024-09-04 21:39:36
6510000,202465100000600375,,제주특별자치도 제주시 어영길,제주특별자치도,제주시,제주특별자치도 제주시 어영길 64-44,제주특별자치도 제주시 용담삼동 1274-1,제주특별자치도 제주시 용담삼동 1274-1,원호형,원호형,8,360,500,일반,Y,33.5163727600,126.4957177000,Y,N,,제주특별자치도 제주시청,064-728-3742,2024-07-25,I,2026-05-15 18:45:22,2024-09-04 21:39:25
6510000,202465100000601084,,제주특별자치도 제주시 한수1길,제주특별자치도,제주시,제주특별자치도 제주시 한림읍 한수1길 33,제주특별자치도 제주시 한림읍 한수리 912-1,제주특별자치도 제주시 한림읍 한수리 912-1,원호형,원호형,10,360,500,일반,Y,33.4220130718,126.2621428856,Y,N,,제주특별자치도 제주시청,064-728-3742,2024-07-25,I,2026-05-15 18:45:22,2024-09-04 21:39:30
6510000,202465100000600910,,제주특별자치도 제주시 내도7길,제주특별자치도,제주시,제주특별자치도 제주시 내도7길 32,제주특별자치도 제주시 내도동 468-1,제주특별자치도 제주시 내도동 468-1,원호형,원호형,10,360,500,일반,Y,33.4956548700,126.4411596000,Y,N,,제주특별자치도 제주시청,064-728-3742,2024-07-25,I,2026-05-15 18:45:22,2024-09-04 21:39:29
6510000,202465100000600967,,제주특별자치도 제주시 백포서3길,제주특별자치도,제주시,제주특별자치도 제주시 백포서3길 7,제주특별자치도 제주시 이호일동 393-1,제주특별자치도 제주시 이호일동 393-1,원호형,원호형,8,360,500,일반,Y,33.5015652606,126.4568593521,Y,N,,제주특별자치도 제주시청,064-728-3742,2024-07-25,I,2026-05-15 18:45:22,2024-09-04 21:39:29
6510000,202465100000600830,,제주특별자치도 제주시 창오길,제주특별자치도,제주시,제주특별자치도 제주시 창오길 33,제주특별자치도 제주시 도평동 1296-1,제주특별자치도 제주시 도평동 1296-1,원호형,원호형,10,360,500,일반,Y,33.4790698247,126.4447019576,Y,N,,제주특별자치도 제주시청,064-728-3742,2024-07-25,I,2026-05-15 18:45:22,2024-09-04 21:39:28
6510000,202465100000600452,,제주특별자치도 제주시 용문로17길,제주특별자치도,제주시,제주특별자치도 제주시 용문로17길 9,제주특별자치도 제주시 용담이동 646-54,제주특별자치도 제주시 용담이동 646-54,원호형,원호형,8,360,500,일반,Y,33.5076771600,126.5085167000,Y,N,,제주특별자치도 제주시청,064-728-3742,2024-07-25,I,2026-05-15 18:45:22,2024-09-04 21:39:26
6510000,202465100000601813,,제주특별자치도 제주시 아봉로,제주특별자치도,제주시,제주특별자치도 제주시 아봉로 396,제주특별자치도 제주시 월평동 441,제주특별자치도 제주시 월평동 441,원호형,원호형,10,360,500,일반,Y,33.4698186400,126.5777715000,Y,N,,제주특별자치도 제주시청,064-728-3742,2024-07-25,I,2026-05-15 18:45:22,2024-09-04 21:39:35
6510000,202465100000601642,,제주특별자치도 제주시 삼봉로,제주특별자치도,제주시,제주특별자치도 제주시 삼봉로 148,제주특별자치도 제주시 도련일동 1609-6,제주특별자치도 제주시 도련일동 1609-6,원호형,원호형,10,360,500,일반,Y,33.5082735076,126.5899782190,Y,N,,제주특별자치도 제주시청,064-728-3742,2024-07-25,I,2026-05-15 18:45:22,2024-09-04 21:39:34
6510000,202465100000601286,,제주특별자치도 제주시 고산로1길,제주특별자치도,제주시,제주특별자치도 제주시 한경면 고산로1길 12,제주특별자치도 제주시 한경면 고산리 2750-34,제주특별자치도 제주시 한경면 고산리 2750-34,원호형,원호형,10,360,500,일반,Y,33.3037097906,126.1783352816,Y,N,,제주특별자치도 제주시청,064-728-3742,2024-07-25,I,2026-05-15 18:45:22,2024-09-04 21:39:31
6510000,202465100000601421,,제주특별자치도 제주시 성신북길,제주특별자치도,제주시,제주특별자치도 제주시 성신북길 8-5,제주특별자치도 제주시 연동 1959-2,제주특별자치도 제주시 연동 1959-2,원호형,원호형,10,360,500,일반,Y,33.4913086762,126.4829475167,Y,N,,제주특별자치도 제주시청,064-728-3742,2024-07-25,I,2026-05-15 18:45:22,2024-09-04 21:39:32
6510000,202465100000601514,,제주특별자치도 제주시 신대로10길,제주특별자치도,제주시,제주특별자치도 제주시 신대로10길 29,제주특별자치도 제주시 연동 291-7,제주특별자치도 제주시 연동 291-7,원호형,원호형,10,360,500,일반,Y,33.4907721400,126.4935152000,Y,N,,제주특별자치도 제주시청,064-728-3742,2024-07-25,I,2026-05-15 18:45:22,2024-09-04 21:39:33
6510000,202465100000601351,,제주특별자치도 제주시 과원로,제주특별자치도,제주시,제주특별자치도 제주시 과원로 60,제주특별자치도 제주시 연동 1395-1,제주특별자치도 제주시 연동 1395-1,원호형,가상형,0,360,500,일반,Y,33.4760679572,126.4895547150,Y,N,,제주특별자치도 제주시청,064-728-3742,2024-07-25,I,2026-05-15 18:45:22,2024-09-04 21:39:31
6510000,202465100000601597,,제주특별자치도 제주시 삼봉로2길,제주특별자치도,제주시,제주특별자치도 제주시 삼봉로2길 16,제주특별자치도 제주시 삼양이동 2181-29,제주특별자치도 제주시 삼양이동 2181-29,원호형,원호형,10,360,500,일반,Y,33.5197878600,126.5861056000,Y,N,,제주특별자치도 제주시청,064-728-3742,2024-07-25,I,2026-05-15 18:45:22,2024-09-04 21:39:33
6510000,202465100000600854,,제주특별자치도 제주시 논세길,제주특별자치도,제주시,,제주특별자치도 제주시 내도동 835-4,제주특별자치도 제주시 내도동 835-4,원호형,원호형,10,360,500,일반,Y,33.4906880318,126.4395816956,Y,N,,제주특별자치도 제주시청,064-728-3742,2024-07-25,I,2026-05-15 18:45:22,2024-09-04 21:39:28
6510000,202465100000600397,,제주특별자치도 제주시 흥운길,제주특별자치도,제주시,제주특별자치도 제주시 흥운길 73,제주특별자치도 제주시 용담이동 454-1,제주특별자치도 제주시 용담이동 454-1,원호형,원호형,8,360,500,일반,Y,33.5152034000,126.5139877000,Y,N,,제주특별자치도 제주시청,064-728-3742,2024-07-25,I,2026-05-15 18:45:22,2024-09-04 21:39:26
6510000,202465100000600729,,제주특별자치도 제주시 정존13길,제주특별자치도,제주시,제주특별자치도 제주시 정존13길 4,제주특별자치도 제주시 노형동 1287-2,제주특별자치도 제주시 노형동 1287-2,원호형,원호형,10,360,500,일반,Y,33.4857372500,126.4777133000,Y,N,,제주특별자치도 제주시청,064-728-3742,2024-07-25,I,2026-05-15 18:45:22,2024-09-04 21:39:27
6510000,202465100000601150,,제주특별자치도 제주시 해맞이해안로,제주특별자치도,제주시,제주특별자치도 제주시 구좌읍 해맞이해안로 2478,제주특별자치도 제주시 구좌읍 종달리 722,제주특별자치도 제주시 구좌읍 종달리 722,원호형,원호형,10,360,500,일반,Y,33.4859856463,126.9017973712,Y,N,,제주특별자치도 제주시청,064-728-3742,2024-07-25,I,2026-05-15 18:45:22,2024-09-04 21:39:30
6510000,202465100000600950,,제주특별자치도 제주시 도리로,제주특별자치도,제주시,,제주특별자치도 제주시 이호일동 683-1,제주특별자치도 제주시 이호일동 683-1,원호형,원호형,10,360,500,일반,Y,33.4976224067,126.4574379629,Y,N,,제주특별자치도 제주시청,064-728-3742,2024-07-25,I,2026-05-15 18:45:22,2024-09-04 21:39:29
6510000,202465100000601157,,제주특별자치도 제주시 평대동길,제주특별자치도,제주시,제주특별자치도 제주시 구좌읍 평대13길 29,제주특별자치도 제주시 구좌읍 평대리 48,제주특별자치도 제주시 구좌읍 평대리 48,원호형,원호형,10,360,500,일반,Y,33.5255822432,126.8528986007,Y,N,,제주특별자치도 제주시청,064-728-3742,2024-07-25,I,2026-05-15 18:45:22,2024-09-04 21:39:30
6510000,202465100000600641,,제주특별자치도 제주시 방안4길,제주특별자치도,제주시,제주특별자치도 제주시 방일4길 157,제주특별자치도 제주시 노형동 1758-2,제주특별자치도 제주시 노형동 1758-2,원호형,원호형,10,360,500,일반,Y,33.4663046100,126.4746256000,Y,N,,제주특별자치도 제주시청,064-728-3742,2024-07-25,I,2026-05-15 18:45:22,2024-09-04 21:39:27
6510000,202465100000601185,,제주특별자치도 제주시 신산로1길,제주특별자치도,제주시,제주특별자치도 제주시 신산로1길 44,제주특별자치도 제주시 일도이동 983-28,제주특별자치도 제주시 일도이동 983-28,원호형,원호형,8,360,500,일반,Y,33.5131890133,126.5362696818,Y,N,,제주특별자치도 제주시청,064-728-3742,2024-07-25,I,2026-05-15 18:45:22,2024-09-04 21:39:30
6510000,202465100000600782,,제주특별자치도 제주시 원노형남2길,제주특별자치도,제주시,제주특별자치도 제주시 원노형10길 38-1,제주특별자치도 제주시 노형동 945-9,제주특별자치도 제주시 노형동 945-9,원호형,원호형,10,360,500,일반,Y,33.4826571951,126.4862679332,Y,N,,제주특별자치도 제주시청,064-728-3742,2024-07-25,I,2026-05-15 18:45:22,2024-09-04 21:39:28
6510000,202465100000600109,,제주특별자치도 제주시 북촌7길,제주특별자치도,제주시,제주특별자치도 제주시 조천읍 북촌7길 14,제주특별자치도 제주시 조천읍 북촌리 1269-2,제주특별자치도 제주시 조천읍 북촌리 1269-2,원호형,원호형,10,360,500,일반,Y,33.5488991524,126.6937212663,Y,N,,제주특별자치도 제주시청,064-728-3742,2024-07-25,I,2026-05-15 18:45:22,2024-09-04 21:39:24
6510000,202465100000600676,,제주특별자치도 제주시 광평길,제주특별자치도,제주시,제주특별자치도 제주시 광평길 13,제주특별자치도 제주시 노형동 2486-3,제주특별자치도 제주시 노형동 2486-3,원호형,원호형,10,360,500,일반,Y,33.4809984933,126.4704492226,Y,N,,제주특별자치도 제주시청,064-728-3742,2024-07-25,I,2026-05-15 18:45:22,2024-09-04 21:39:27
6510000,202465100000601445,,제주특별자치도 제주시 선덕로4길,제주특별자치도,제주시,제주특별자치도 제주시 선덕로4길 20,제주특별자치도 제주시 연동 314-49,제주특별자치도 제주시 연동 314-49,원호형,원호형,10,360,500,일반,Y,33.4839087756,126.4983928427,Y,N,,제주특별자치도 제주시청,064-728-3742,2024-07-25,I,2026-05-15 18:45:22,2024-09-04 21:39:32
6510000,202465100000600869,,제주특별자치도 제주시 우정로,제주특별자치도,제주시,제주특별자치도 제주시 우정로 93,제주특별자치도 제주시 외도일동 645-2,제주특별자치도 제주시 외도일동 645-2,원호형,원호형,10,360,500,일반,Y,33.4843986500,126.4311199000,Y,N,,제주특별자치도 제주시청,064-728-3742,2024-07-25,I,2026-05-15 18:45:22,2024-09-04 21:39:28
6510000,202465100000600989,,제주특별자치도 제주시 테우해안로,제주특별자치도,제주시,,제주특별자치도 제주시 이호일동 1665-11,제주특별자치도 제주시 이호일동 1665-11,원호형,원호형,10,360,500,일반,Y,33.4967513475,126.4538645232,Y,N,,제주특별자치도 제주시청,064-728-3742,2024-07-25,I,2026-05-15 18:45:22,2024-09-04 21:39:29
6510000,202465100000601993,,제주특별자치도 제주시 오라로,제주특별자치도,제주시,,제주특별자치도 제주시 오라삼동 2326-1,제주특별자치도 제주시 오라삼동 2326-1,원호형,원호형,10,360,500,일반,Y,33.4991204459,126.5069766846,Y,N,,제주특별자치도 제주시청,064-728-3742,2024-07-25,I,2026-05-15 18:45:22,2024-09-04 21:39:36
6510000,202465100000600475,,제주특별자치도 제주시 금산5길,제주특별자치도,제주시,,제주특별자치도 제주시 화북일동 4282,제주특별자치도 제주시 화북일동 4282,원호형,원호형,10,360,500,일반,Y,33.5255815189,126.5636429644,Y,N,,제주특별자치도 제주시청,064-728-3742,2024-07-25,I,2026-05-15 18:45:22,2024-09-04 21:39:26
6510000,202465100000600329,,제주특별자치도 제주시 남성로,제주특별자치도,제주시,제주특별자치도 제주시 153,제주특별자치도 제주시 삼도이동 811-7,제주특별자치도 제주시 삼도이동 811-7,원호형,원호형,10,360,500,일반,Y,33.5093799000,126.5217621000,Y,N,,제주특별자치도 제주시청,064-728-3742,2024-07-25,I,2026-05-15 18:45:22,2024-09-04 21:39:25
6510000,202465100000601188,,제주특별자치도 제주시 동광로13길,제주특별자치도,제주시,제주특별자치도 제주시 동광로13길 40-1,제주특별자치도 제주시 일도이동 169-12,제주특별자치도 제주시 일도이동 169-12,원호형,원호형,8,360,500,일반,Y,33.5078164600,126.5349537000,Y,N,,제주특별자치도 제주시청,064-728-3742,2024-07-25,I,2026-05-15 18:45:22,2024-09-04 21:39:30
6510000,202465100000600401,,제주특별자치도 제주시 용담로5길,제주특별자치도,제주시,제주특별자치도 제주시 용담로5길 5,제주특별자치도 제주시 용담삼동 581-3,제주특별자치도 제주시 용담삼동 581-3,원호형,원호형,8,360,500,일반,Y,33.5134151100,126.5078924000,Y,N,,제주특별자치도 제주시청,064-728-3742,2024-07-25,I,2026-05-15 18:45:22,2024-09-04 21:39:26
6510000,202465100000601327,,제주특별자치도 제주시 구남동5길,제주특별자치도,제주시,제주특별자치도 제주시 구남동5길 11,제주특별자치도 제주시 이도이동 1988-1,제주특별자치도 제주시 이도이동 1988-1,원호형,원호형,10,360,500,일반,Y,33.4913075500,126.5394860000,Y,N,,제주특별자치도 제주시청,064-728-3742,2024-07-25,I,2026-05-15 18:45:22,2024-09-04 21:39:31
6510000,202465100000601566,,제주특별자치도 제주시 설촌로6길,제주특별자치도,제주시,제주특별자치도 제주시 지석9길 21,제주특별자치도 제주시 삼양이동 2115-15,제주특별자치도 제주시 삼양이동 2115-15,원호형,원호형,10,360,500,일반,Y,33.5230348189,126.5827365861,Y,N,,제주특별자치도 제주시청,064-728-3742,2024-07-25,I,2026-05-15 18:45:22,2024-09-04 21:39:33
6510000,202465100000600681,,제주특별자치도 제주시 수덕로,제주특별자치도,제주시,제주특별자치도 제주시 수덕로 69,제주특별자치도 제주시 노형동 2511-3,제주특별자치도 제주시 노형동 2511-3,원호형,원호형,10,360,500,일반,Y,33.4844241300,126.4706071000,Y,N,,제주특별자치도 제주시청,064-728-3742,2024-07-25,I,2026-05-15 18:45:22,2024-09-04 21:39:27
6510000,202465100000600449,,제주특별자치도 제주시 용담로,제주특별자치도,제주시,제주특별자치도 제주시 용담로7길 6,제주특별자치도 제주시 용담이동 603-121,제주특별자치도 제주시 용담이동 603-121,원호형,원호형,8,360,500,일반,Y,33.5129496800,126.5106383000,Y,N,,제주특별자치도 제주시청,064-728-3742,2024-07-25,I,2026-05-15 18:45:22,2024-09-04 21:39:26
6510000,202465100000600191,,제주특별자치도 제주시 신조로,제주특별자치도,제주시,,제주특별자치도 제주시 조천읍 조천리 산 8-8,제주특별자치도 제주시 조천읍 조천리 산 8-8,원호형,원호형,10,360,500,일반,Y,33.5181707897,126.6460702296,Y,N,,제주특별자치도 제주시청,064-728-3742,2024-07-25,I,2026-05-15 18:45:22,2024-09-04 21:39:25
6510000,202465100000601948,,제주특별자치도 제주시 오라남로,제주특별자치도,제주시,,제주특별자치도 제주시 오라이동 279-6,제주특별자치도 제주시 오라이동 279-6,원호형,원호형,10,360,500,일반,Y,33.4554401254,126.5120314405,Y,N,,제주특별자치도 제주시청,064-728-3742,2024-07-25,I,2026-05-15 18:45:22,2024-09-04 21:39:36
6510000,202465100000600749,,제주특별자치도 제주시 노형11길,제주특별자치도,제주시,제주특별자치도 제주시 노형10길 9,제주특별자치도 제주시 노형동 3786-6,제주특별자치도 제주시 노형동 3786-6,원호형,원호형,10,360,500,일반,Y,33.4836626500,126.4782392000,Y,N,,제주특별자치도 제주시청,064-728-3742,2024-07-25,I,2026-05-15 18:45:22,2024-09-04 21:39:28
6510000,202465100000601972,,제주특별자치도 제주시 사평4길,제주특별자치도,제주시,제주특별자치도 제주시 사평4길 33,제주특별자치도 제주시 오라이동 1375-5,제주특별자치도 제주시 오라이동 1375-5,원호형,원호형,10,360,500,일반,Y,33.4902699600,126.5126950000,Y,N,,제주특별자치도 제주시청,064-728-3742,2024-07-25,I,2026-05-15 18:45:22,2024-09-04 21:39:36
6510000,202465100000601260,,제주특별자치도 제주시 태성로,제주특별자치도,제주시,제주특별자치도 제주시 태성로 6,제주특별자치도 제주시 일도이동 75,제주특별자치도 제주시 일도이동 75,원호형,원호형,8,360,500,일반,Y,33.5017341151,126.5471421164,Y,N,,제주특별자치도 제주시청,064-728-3742,2024-07-25,I,2026-05-15 18:45:22,2024-09-04 21:39:31
6510000,202465100000601904,,제주특별자치도 제주시 첨단로,제주특별자치도,제주시,제주특별자치도 제주시 첨단로 216-19,제주특별자치도 제주시 영평동 2184,제주특별자치도 제주시 영평동 2184,원호형,원호형,10,360,500,일반,Y,33.4524499500,126.5708658000,Y,N,,제주특별자치도 제주시청,064-728-3742,2024-07-25,I,2026-05-15 18:45:22,2024-09-04 21:39:35
6510000,202465100000601616,,제주특별자치도 제주시 도련안길,제주특별자치도,제주시,제주특별자치도 제주시 도련안길 63,제주특별자치도 제주시 도련일동 2294-3,제주특별자치도 제주시 도련일동 2294-3,원호형,원호형,10,360,500,일반,Y,33.5085255500,126.5828608000,Y,N,,제주특별자치도 제주시청,064-728-3742,2024-07-25,I,2026-05-15 18:45:22,2024-09-04 21:39:33
6510000,202465100000600608,,제주특별자치도 제주시 삼봉로,제주특별자치도,제주시,제주특별자치도 제주시 삼봉로 299-3,제주특별자치도 제주시 봉개동 1739-1,제주특별자치도 제주시 봉개동 1739-1,원호형,원호형,10,360,500,일반,Y,33.4957318982,126.5950037719,Y,N,,제주특별자치도 제주시청,064-728-3742,2024-07-25,I,2026-05-15 18:45:22,2024-09-04 21:39:27
6510000,202465100000601655,,제주특별자치도 제주시 매촌2길,제주특별자치도,제주시,제주특별자치도 제주시 매촌안길 14,제주특별자치도 제주시 도련이동 449-4,제주특별자치도 제주시 도련이동 449-4,원호형,원호형,10,360,500,일반,Y,33.5140640400,126.5919852000,Y,N,,제주특별자치도 제주시청,064-728-3742,2024-07-25,I,2026-05-15 18:45:22,2024-09-04 21:39:34
6510000,202465100000601641,,제주특별자치도 제주시 삼봉로,제주특별자치도,제주시,,제주특별자치도 제주시 도련일동 1732-3,제주특별자치도 제주시 도련일동 1732-3,원호형,원호형,10,360,500,일반,Y,33.5099632041,126.5893626751,Y,N,,제주특별자치도 제주시청,064-728-3742,2024-07-25,I,2026-05-15 18:45:22,2024-09-04 21:39:34
6510000,202465100000601140,,제주특별자치도 제주시 해맞이해안로,제주특별자치도,제주시,제주특별자치도 제주시 구좌읍 해맞이해안로 830,제주특별자치도 제주시 구좌읍 행원리 102,제주특별자치도 제주시 구좌읍 행원리 102,원호형,원호형,10,360,500,일반,Y,33.5537388886,126.8257551796,Y,N,,제주특별자치도 제주시청,064-728-3742,2024-07-25,I,2026-05-15 18:45:22,2024-09-04 21:39:30
6510000,202465100000600925,,제주특별자치도 제주시 연대마을길,제주특별자치도,제주시,제주특별자치도 제주시 연대마을길 61,제주특별자치도 제주시 외도이동 1992,제주특별자치도 제주시 외도이동 1992,원호형,원호형,10,360,500,일반,Y,33.4937430539,126.4243992306,Y,N,,제주특별자치도 제주시청,064-728-3742,2024-07-25,I,2026-05-15 18:45:22,2024-09-04 21:39:29
6510000,202465100000601338,,제주특별자치도 제주시 1100로,제주특별자치도,제주시,제주특별자치도 제주시 산록북로 8,제주특별자치도 제주시 연동 산 146-19,제주특별자치도 제주시 연동 산 146-19,원호형,원호형,8,360,500,일반,Y,33.4223832300,126.4938242000,Y,N,,제주특별자치도 제주시청,064-728-3742,2024-07-25,I,2026-05-15 18:45:22,2024-09-04 21:39:31
6510000,202465100000600579,,제주특별자치도 제주시 동화로1길,제주특별자치도,제주시,제주특별자치도 제주시 동화로1길 45-14,제주특별자치도 제주시 화북일동 16-1,제주특별자치도 제주시 화북일동 16-1,원호형,원호형,10,360,500,일반,Y,33.5183617700,126.5777047000,Y,N,,제주특별자치도 제주시청,064-728-3742,2024-07-25,I,2026-05-15 18:45:22,2024-09-04 21:39:27
6510000,202465100000601797,,제주특별자치도 제주시 아란6길,제주특별자치도,제주시,제주특별자치도 제주시 아란6길 22,제주특별자치도 제주시 아라일동 6099-8,제주특별자치도 제주시 아라일동 6099-8,원호형,원호형,10,360,500,일반,Y,33.4752519500,126.5426792000,Y,N,,제주특별자치도 제주시청,064-728-3742,2024-07-25,I,2026-05-15 18:45:22,2024-09-04 21:39:35
6510000,202465100000601324,,제주특별자치도 제주시 남광로,제주특별자치도,제주시,제주특별자치도 제주시 남광로 121,제주특별자치도 제주시 일도이동 110-11,제주특별자치도 제주시 일도이동 110-11,원호형,원호형,10,360,500,일반,Y,33.4982534000,126.5471112000,Y,N,,제주특별자치도 제주시청,064-728-3742,2024-07-25,I,2026-05-15 18:45:22,2024-09-04 21:39:31
6510000,202465100000600645,,제주특별자치도 제주시 방안4길,제주특별자치도,제주시,,제주특별자치도 제주시 노형동 2175,제주특별자치도 제주시 노형동 2175,원호형,원호형,10,360,500,일반,Y,33.4766454730,126.4705147533,Y,N,,제주특별자치도 제주시청,064-728-3742,2024-07-25,I,2026-05-15 18:45:22,2024-09-04 21:39:27
6510000,202465100000601717,,제주특별자치도 제주시 구남동8길,제주특별자치도,제주시,제주특별자치도 제주시 구남동8길 51,제주특별자치도 제주시 아라일동 6036-1,제주특별자치도 제주시 아라일동 6036-1,원호형,원호형,10,360,500,일반,Y,33.4855692100,126.5358948000,Y,N,,제주특별자치도 제주시청,064-728-3742,2024-07-25,I,2026-05-15 18:45:22,2024-09-04 21:39:34
6510000,202465100000601179,,제주특별자치도 제주시 신산로7길,제주특별자치도,제주시,제주특별자치도 제주시 신산로7길 20,제주특별자치도 제주시 일도이동 1011-9,제주특별자치도 제주시 일도이동 1011-9,원호형,원호형,8,360,500,일반,Y,33.5102794100,126.5349253000,Y,N,,제주특별자치도 제주시청,064-728-3742,2024-07-25,I,2026-05-15 18:45:22,2024-09-04 21:39:30
6510000,202465100000601442,,제주특별자치도 제주시 비원길,제주특별자치도,제주시,제주특별자치도 제주시 비월길 19,제주특별자치도 제주시 연동 314-40,제주특별자치도 제주시 연동 314-40,원호형,원호형,10,360,500,일반,Y,33.4839379065,126.4972826170,Y,N,,제주특별자치도 제주시청,064-728-3742,2024-07-25,I,2026-05-15 18:45:22,2024-09-04 21:39:32
6510000,202465100000600187,,제주특별자치도 제주시 신조로,제주특별자치도,제주시,,제주특별자치도 제주시 조천읍 신촌리 941-3,제주특별자치도 제주시 조천읍 신촌리 941-3,원호형,원호형,10,360,500,일반,Y,33.5190338077,126.6260294459,Y,N,,제주특별자치도 제주시청,064-728-3742,2024-07-25,I,2026-05-15 18:45:22,2024-09-04 21:39:24
6510000,202465100000600094,,제주특별자치도 제주시 조함해안로,제주특별자치도,제주시,,제주특별자치도 제주시 조천읍 함덕리 1252-41,제주특별자치도 제주시 조천읍 함덕리 1252-41,원호형,원호형,10,360,500,일반,Y,33.5428851991,126.6643111943,Y,N,,제주특별자치도 제주시청,064-728-3742,2024-07-25,I,2026-05-15 18:45:22,2024-09-04 21:39:24
6510000,202465100000601171,,제주특별자치도 제주시 삼성로9길,제주특별자치도,제주시,제주특별자치도 제주시 삼성로9길 26,제주특별자치도 제주시 일도이동 1029-188,제주특별자치도 제주시 일도이동 1029-188,원호형,원호형,8,360,500,일반,Y,33.5095725300,126.5301610000,Y,N,,제주특별자치도 제주시청,064-728-3742,2024-07-25,I,2026-05-15 18:45:22,2024-09-04 21:39:30
6510000,202465100000602004,,제주특별자치도 제주시 서사로25길,제주특별자치도,제주시,제주특별자치도 제주시 서사로25길 24,제주특별자치도 제주시 오라일동 2454-10,제주특별자치도 제주시 오라일동 2454-10,원호형,원호형,10,360,500,일반,Y,33.4962436700,126.5206299000,Y,N,,제주특별자치도 제주시청,064-728-3742,2024-07-25,I,2026-05-15 18:45:22,2024-09-04 21:39:36
6510000,202465100000601509,,제주특별자치도 제주시 삼무로9길,제주특별자치도,제주시,제주특별자치도 제주시 삼무로9길 35,제주특별자치도 제주시 연동 291-12,제주특별자치도 제주시 연동 291-12,원호형,원호형,10,360,500,일반,Y,33.4904854611,126.4947133153,Y,N,,제주특별자치도 제주시청,064-728-3742,2024-07-25,I,2026-05-15 18:45:22,2024-09-04 21:39:32
6510000,202465100000600432,,제주특별자치도 제주시 용문로11길,제주특별자치도,제주시,제주특별자치도 제주시 용문로11길 18,제주특별자치도 제주시 용담이동 652-33,제주특별자치도 제주시 용담이동 652-33,원호형,원호형,8,360,500,일반,Y,33.5068715200,126.5072277000,Y,N,,제주특별자치도 제주시청,064-728-3742,2024-07-25,I,2026-05-15 18:45:22,2024-09-04 21:39:26
6510000,202465100000601825,,제주특별자치도 제주시 아연로,제주특별자치도,제주시,제주특별자치도 제주시 아연로 316-4,제주특별자치도 제주시 오등동 1720-5,제주특별자치도 제주시 오등동 1720-5,원호형,원호형,10,360,500,일반,Y,33.4662079341,126.5211412418,Y,N,,제주특별자치도 제주시청,064-728-3742,2024-07-25,I,2026-05-15 18:45:22,2024-09-04 21:39:35
6510000,202465100000600463,,제주특별자치도 제주시 진서로,제주특별자치도,제주시,제주특별자치도 제주시 진남로 19-2,제주특별자치도 제주시 화북일동 4091-1,제주특별자치도 제주시 화북일동 4091-1,원호형,원호형,10,360,500,일반,Y,33.5229874500,126.5622453000,Y,N,,제주특별자치도 제주시청,064-728-3742,2024-07-25,I,2026-05-15 18:45:22,2024-09-04 21:39:26
6510000,202465100000600006,,제주특별자치도 제주시 항몽로,제주특별자치도,제주시,제주특별자치도 제주시 애월읍 항몽로 47,제주특별자치도 제주시 애월읍 하귀2리 1317-1,제주특별자치도 제주시 애월읍 하귀2리 1317-1,원호형,원호형,10,360,500,일반,Y,33.4796135585,126.4065102528,Y,N,,제주특별자치도 제주시청,064-728-3742,2024-07-25,I,2026-05-15 18:45:22,2024-09-04 21:39:24
6510000,202465100000600014,,제주특별자치도 제주시 광성로,제주특별자치도,제주시,,제주특별자치도 제주시 애월읍 광령리 2151-2,제주특별자치도 제주시 애월읍 광령리 2151-2,원호형,원호형,10,360,500,일반,Y,33.4597844055,126.4337981515,Y,N,,제주특별자치도 제주시청,064-728-3742,2024-07-25,I,2026-05-15 18:45:22,2024-09-04 21:39:24
6510000,202465100000600303,,제주특별자치도 제주시 탑동로13길,제주특별자치도,제주시,제주특별자치도 제주시 무근성길 18,제주특별자치도 제주시 삼도이동 1248-1,제주특별자치도 제주시 삼도이동 1248-1,원호형,원호형,8,360,500,일반,Y,33.5165503600,126.5188556000,Y,N,,제주특별자치도 제주시청,064-728-3742,2024-07-25,I,2026-05-15 18:45:22,2024-09-04 21:39:25
6510000,202465100000600504,,제주특별자치도 제주시 진동로5길,제주특별자치도,제주시,제주특별자치도 제주시 진남로6길 31,제주특별자치도 제주시 화북일동 1957-5,제주특별자치도 제주시 화북일동 1957-5,원호형,원호형,10,360,500,일반,Y,33.5216160943,126.5652058091,Y,N,,제주특별자치도 제주시청,064-728-3742,2024-07-25,I,2026-05-15 18:45:22,2024-09-04 21:39:26
6510000,202465100000601250,,제주특별자치도 제주시 연수로4길,제주특별자치도,제주시,제주특별자치도 제주시 연수로4길 11,제주특별자치도 제주시 일도이동 51-13,제주특별자치도 제주시 일도이동 51-13,원호형,원호형,5,360,500,일반,Y,33.5033249800,126.5441184000,Y,N,,제주특별자치도 제주시청,064-728-3742,2024-07-25,I,2026-05-15 18:45:22,2024-09-04 21:39:31
6510000,202465100000601582,,제주특별자치도 제주시 지석11길,제주특별자치도,제주시,제주특별자치도 제주시 일주동로 369,제주특별자치도 제주시 삼양이동 2135-11,제주특별자치도 제주시 삼양이동 2135-11,원호형,원호형,10,360,500,일반,Y,33.5213362700,126.5844934000,Y,N,,제주특별자치도 제주시청,064-728-3742,2024-07-25,I,2026-05-15 18:45:22,2024-09-04 21:39:33
6510000,202465100000600503,,제주특별자치도 제주시 진남로6길,제주특별자치도,제주시,제주특별자치도 제주시 진남로6길 34,제주특별자치도 제주시 화북일동 1948-19,제주특별자치도 제주시 화북일동 1948-19,원호형,원호형,10,360,500,일반,Y,33.5217472100,126.5656245000,Y,N,,제주특별자치도 제주시청,064-728-3742,2024-07-25,I,2026-05-15 18:45:22,2024-09-04 21:39:26
6510000,202465100000600471,,제주특별자치도 제주시 진서로,제주특별자치도,제주시,,제주특별자치도 제주시 화북일동 4303-4,제주특별자치도 제주시 화북일동 4303-4,원호형,원호형,10,360,500,일반,Y,33.5250279048,126.5626365778,Y,N,,제주특별자치도 제주시청,064-728-3742,2024-07-25,I,2026-05-15 18:45:22,2024-09-04 21:39:26
6510000,202465100000600223,,제주특별자치도 제주시 돈내길,제주특별자치도,제주시,,제주특별자치도 제주시 이도일동 1258-43,제주특별자치도 제주시 이도일동 1258-43,원호형,원호형,10,350,500,일반,Y,33.5015510600,126.5303499000,Y,N,,제주특별자치도 제주시청,064-728-3742,2024-07-25,I,2026-05-15 18:45:22,2024-09-04 21:39:25
6510000,202465100000600467,,제주특별자치도 제주시 진서로,제주특별자치도,제주시,제주특별자치도 제주시 진서로 57,제주특별자치도 제주시 화북일동 4098-18,제주특별자치도 제주시 화북일동 4098-18,원호형,원호형,10,360,500,일반,Y,33.5237112148,126.5620080753,Y,N,,제주특별자치도 제주시청,064-728-3742,2024-07-25,I,2026-05-15 18:45:22,2024-09-04 21:39:26
6510000,202465100000601753,,제주특별자치도 제주시 사송길,제주특별자치도,제주시,제주특별자치도 제주시 사송길 22,제주특별자치도 제주시 영평동 1859-1,제주특별자치도 제주시 영평동 1859-1,원호형,원호형,10,370,500,일반,Y,33.4757217781,126.5659824492,Y,N,,제주특별자치도 제주시청,064-728-3742,2024-07-25,I,2026-05-15 18:45:22,2024-09-04 21:39:34
6510000,202465100000600221,,제주특별자치도 제주시 동광로5길,제주특별자치도,제주시,제주특별자치도 제주시 동광로5길 8,제주특별자치도 제주시 이도일동 1250-26,제주특별자치도 제주시 이도일동 1250-26,원호형,원호형,10,400,500,일반,Y,33.5025870200,126.5311680000,Y,N,,제주특별자치도 제주시청,064-728-3742,2024-07-25,I,2026-05-15 18:45:22,2024-09-04 21:39:25
6510000,202465100000600231,,제주특별자치도 제주시 서광로29길,제주특별자치도,제주시,제주특별자치도 제주시 중앙로 166,제주특별자치도 제주시 이도일동 1689-9,제주특별자치도 제주시 이도일동 1689-9,원호형,원호형,10,360,500,일반,Y,33.5040331500,126.5264431000,Y,N,,제주특별자치도 제주시청,064-728-3742,2024-07-25,I,2026-05-15 18:45:22,2024-09-04 21:39:25
6510000,202465100000601406,,제주특별자치도 제주시 제성1길,제주특별자치도,제주시,제주특별자치도 제주시 제성1길 25,제주특별자치도 제주시 연동 2452-1,제주특별자치도 제주시 연동 2452-1,원호형,원호형,10,360,500,일반,Y,33.4958870566,126.4820220845,Y,N,,제주특별자치도 제주시청,064-728-3742,2024-07-25,I,2026-05-15 18:45:22,2024-09-04 21:39:32
6510000,202465100000600185,,제주특별자치도 제주시 신조로,제주특별자치도,제주시,,제주특별자치도 제주시 조천읍 신촌리 1402-1,제주특별자치도 제주시 조천읍 신촌리 1402-1,원호형,원호형,10,360,500,일반,Y,33.5179911123,126.6223407413,Y,N,,제주특별자치도 제주시청,064-728-3742,2024-07-25,I,2026-05-15 18:45:22,2024-09-04 21:39:24
6510000,202465100000600342,,제주특별자치도 제주시 남성로22길,제주특별자치도,제주시,제주특별자치도 제주시 남성로22길 38,제주특별자치도 제주시 삼도이동 259-35,제주특별자치도 제주시 삼도이동 259-35,원호형,원호형,8,360,500,일반,Y,33.5067369200,126.5224473000,Y,N,,제주특별자치도 제주시청,064-728-3742,2024-07-25,I,2026-05-15 18:45:22,2024-09-04 21:39:25
6510000,202465100000600577,,제주특별자치도 제주시 동화로1길,제주특별자치도,제주시,제주특별자치도 제주시 동화로1길 49-20,제주특별자치도 제주시 화북일동 17-4,제주특별자치도 제주시 화북일동 17-4,원호형,원호형,10,360,500,일반,Y,33.5180058700,126.5781168000,Y,N,,제주특별자치도 제주시청,064-728-3742,2024-07-25,I,2026-05-15 18:45:22,2024-09-04 21:39:27
6510000,202465100000600563,,제주특별자치도 제주시 화삼로,제주특별자치도,제주시,제주특별자치도 제주시 화삼북로2길 27,제주특별자치도 제주시 화북일동 1012-2,제주특별자치도 제주시 화북일동 1012-2,원호형,원호형,10,660,500,일반,Y,33.5152240900,126.5770050000,Y,N,,제주특별자치도 제주시청,064-728-3742,2024-07-25,I,2026-05-15 18:45:22,2024-09-04 21:39:26
6510000,202465100000601553,,제주특별자치도 제주시 감수북길,제주특별자치도,제주시,제주특별자치도 제주시 설촌로12길 5,제주특별자치도 제주시 삼양이동 2551-1,제주특별자치도 제주시 삼양이동 2551-1,원호형,원호형,10,360,500,일반,Y,33.5247075991,126.5810709126,Y,N,,제주특별자치도 제주시청,064-728-3742,2024-07-25,I,2026-05-15 18:45:22,2024-09-04 21:39:33
6510000,202465100000601702,,제주특별자치도 제주시 남성로13길,제주특별자치도,제주시,제주특별자치도 제주시 남성로13길 11-1,제주특별자치도 제주시 용담일동 247-5,제주특별자치도 제주시 용담일동 247-5,원호형,원호형,8,360,500,일반,Y,33.5080121800,126.5143191000,Y,N,,제주특별자치도 제주시청,064-728-3742,2024-07-25,I,2026-05-15 18:45:22,2024-09-04 21:39:34
6510000,202465100000601859,,제주특별자치도 제주시 아봉로,제주특별자치도,제주시,제주특별자치도 제주시 아봉로 417-5,제주특별자치도 제주시 월평동 354-1,제주특별자치도 제주시 월평동 354-1,원호형,원호형,10,360,500,일반,Y,33.4713500000,126.5792015000,Y,N,,제주특별자치도 제주시청,064-728-3742,2024-07-25,I,2026-05-15 18:45:22,2024-09-04 21:39:35
6510000,202465100000601884,,제주특별자치도 제주시 인다4길,제주특별자치도,제주시,제주특별자치도 제주시 인다4길 31,제주특별자치도 제주시 아라일동 6155-10,제주특별자치도 제주시 아라일동 6155-10,원호형,원호형,10,360,500,일반,Y,33.4716712500,126.5489024000,Y,N,,제주특별자치도 제주시청,064-728-3742,2024-07-25,I,2026-05-15 18:45:22,2024-09-04 21:39:35
6510000,202465100000600249,,제주특별자치도 제주시 서사로 19길,제주특별자치도,제주시,제주특별자치도 제주시 서사로19길 4,제주특별자치도 제주시 삼도일동 535-2,제주특별자치도 제주시 삼도일동 535-2,원호형,가상형,0,360,500,일반,Y,33.5011276500,126.5204114000,Y,N,,제주특별자치도 제주시청,064-728-3742,2024-07-25,I,2026-05-15 18:45:22,2024-09-04 21:39:25
6510000,202465100000600070,,제주특별자치도 제주시 신북로,제주특별자치도,제주시,제주특별자치도 제주시 조천읍 함덕18길 11,제주특별자치도 제주시 조천읍 함덕리 961-1,제주특별자치도 제주시 조천읍 함덕리 961-1,원호형,원호형,10,360,500,일반,Y,33.5401623339,126.6696850541,Y,N,,제주특별자치도 제주시청,064-728-3742,2024-07-25,I,2026-05-15 18:45:22,2024-09-04 21:39:24
6510000,202465100000601145,,제주특별자치도 제주시 해맞이해안로,제주특별자치도,제주시,제주특별자치도 제주시 구좌읍 해맞이해안로 486,제주특별자치도 제주시 구좌읍 월정리 33-12,제주특별자치도 제주시 구좌읍 월정리 33-12,원호형,원호형,10,360,500,일반,Y,33.5546358633,126.7986930402,Y,N,,제주특별자치도 제주시청,064-728-3742,2024-07-25,I,2026-05-15 18:45:22,2024-09-04 21:39:30
6510000,202465100000601771,,제주특별자치도 제주시 산천단동길,제주특별자치도,제주시,제주특별자치도 제주시 산천단동길 10,제주특별자치도 제주시 아라일동 4-129,제주특별자치도 제주시 아라일동 4-129,원호형,원호형,10,370,500,일반,Y,33.4477414800,126.5574414000,Y,N,,제주특별자치도 제주시청,064-728-3742,2024-07-25,I,2026-05-15 18:45:22,2024-09-04 21:39:35
6510000,202465100000600122,,제주특별자치도 제주시 북흘로,제주특별자치도,제주시,,제주특별자치도 제주시 조천읍 선흘리 991-3,제주특별자치도 제주시 조천읍 선흘리 991-3,원호형,원호형,10,360,500,일반,Y,33.5165415740,126.7063899158,Y,N,,제주특별자치도 제주시청,064-728-3742,2024-07-25,I,2026-05-15 18:45:22,2024-09-04 21:39:24
6510000,202465100000601211,,제주특별자치도 제주시 고마로9길,제주특별자치도,제주시,제주특별자치도 제주시 고마로9길 18,제주특별자치도 제주시 일도이동 326,제주특별자치도 제주시 일도이동 326,원호형,원호형,8,360,500,일반,Y,33.5104758500,126.5406966000,Y,N,,제주특별자치도 제주시청,064-728-3742,2024-07-25,I,2026-05-15 18:45:22,2024-09-04 21:39:30
6510000,202465100000600404,,제주특별자치도 제주시 용담로5길,제주특별자치도,제주시,제주특별자치도 제주시 용담로5길 25,제주특별자치도 제주시 용담삼동 505,제주특별자치도 제주시 용담삼동 505,원호형,원호형,8,360,500,일반,Y,33.5160641896,126.5077190324,Y,N,,제주특별자치도 제주시청,064-728-3742,2024-07-25,I,2026-05-15 18:45:22,2024-09-04 21:39:26
6510000,202465100000601434,,제주특별자치도 제주시 도령북길,제주특별자치도,제주시,제주특별자치도 제주시 도령북길 7,제주특별자치도 제주시 연동 2303-12,제주특별자치도 제주시 연동 2303-12,원호형,원호형,10,360,500,일반,Y,33.4932606700,126.4853406000,Y,N,,제주특별자치도 제주시청,064-728-3742,2024-07-25,I,2026-05-15 18:45:22,2024-09-04 21:39:32
6510000,202465100000600386,,제주특별자치도 제주시 서해안로,제주특별자치도,제주시,제주특별자치도 제주시 서해안로 452,제주특별자치도 제주시 용담삼동 2396,제주특별자치도 제주시 용담삼동 2396,원호형,원호형,10,360,500,일반,Y,33.5177092700,126.4877836000,Y,N,,제주특별자치도 제주시청,064-728-3742,2024-07-25,I,2026-05-15 18:45:22,2024-09-04 21:39:26
6510000,202465100000600313,,제주특별자치도 제주시 무근성1길,제주특별자치도,제주시,제주특별자치도 제주시 무근성1길 6,제주특별자치도 제주시 삼도이동 1154-2,제주특별자치도 제주시 삼도이동 1154-2,원호형,가상형,0,360,500,일반,Y,33.5144173600,126.5185512000,Y,N,,제주특별자치도 제주시청,064-728-3742,2024-07-25,I,2026-05-15 18:45:22,2024-09-04 21:39:25
6510000,202465100000600684,,제주특별자치도 제주시 수덕로,제주특별자치도,제주시,제주특별자치도 제주시 수덕로 49,제주특별자치도 제주시 노형동 2529-4,제주특별자치도 제주시 노형동 2529-4,원호형,가상형,0,360,500,일반,Y,33.4856338800,126.4721681000,Y,N,,제주특별자치도 제주시청,064-728-3742,2024-07-25,I,2026-05-15 18:45:22,2024-09-04 21:39:27
6510000,202465100000601698,,제주특별자치도 제주시 용담로20길,제주특별자치도,제주시,제주특별자치도 제주시 용담로20길 30-2,제주특별자치도 제주시 용담일동 255-20,제주특별자치도 제주시 용담일동 255-20,원호형,원호형,8,360,500,일반,Y,33.5076881900,126.5129981000,Y,N,,제주특별자치도 제주시청,064-728-3742,2024-07-25,I,2026-05-15 18:45:22,2024-09-04 21:39:34
6510000,202465100000601994,,제주특별자치도 제주시 오라로,제주특별자치도,제주시,제주특별자치도 제주시 월구길 37,제주특별자치도 제주시 오라삼동 2334-1,제주특별자치도 제주시 오라삼동 2334-1,원호형,원호형,10,360,500,일반,Y,33.4992733800,126.5063041000,Y,N,,제주특별자치도 제주시청,064-728-3742,2024-07-25,I,2026-05-15 18:45:22,2024-09-04 21:39:36
6510000,202465100000601083,,제주특별자치도 제주시 한림해안로,제주특별자치도,제주시,,제주특별자치도 제주시 한림읍 한수리 920-14,제주특별자치도 제주시 한림읍 한수리 920-14,원호형,원호형,10,360,500,일반,Y,33.4232221200,126.2627034927,Y,N,,제주특별자치도 제주시청,064-728-3742,2024-07-25,I,2026-05-15 18:45:22,2024-09-04 21:39:30
6510000,202465100000601731,,제주특별자치도 제주시 구산로,제주특별자치도,제주시,제주특별자치도 제주시 구산로 60,제주특별자치도 제주시 아라일동 2416-2,제주특별자치도 제주시 아라일동 2416-2,원호형,원호형,10,370,500,일반,Y,33.4846034600,126.5412095000,Y,N,,제주특별자치도 제주시청,064-728-3742,2024-07-25,I,2026-05-15 18:45:22,2024-09-04 21:39:34
6510000,202465100000600491,,제주특별자치도 제주시 진남로10길,제주특별자치도,제주시,제주특별자치도 제주시 진남로10길 4,제주특별자치도 제주시 화북일동 1969-14,제주특별자치도 제주시 화북일동 1969-14,원호형,원호형,10,360,500,일반,Y,33.5198578600,126.5681307000,Y,N,,제주특별자치도 제주시청,064-728-3742,2024-07-25,I,2026-05-15 18:45:22,2024-09-04 21:39:26
6510000,202465100000600564,,제주특별자치도 제주시 화삼로,제주특별자치도,제주시,제주특별자치도 제주시 화삼북로2길 32,제주특별자치도 제주시 화북일동 1023-2,제주특별자치도 제주시 화북일동 1023-2,원호형,원호형,10,660,500,일반,Y,33.5144905622,126.5760576296,Y,N,,제주특별자치도 제주시청,064-728-3742,2024-07-25,I,2026-05-15 18:45:22,2024-09-04 21:39:26
6510000,202465100000600672,,제주특별자치도 제주시 광평중길,제주특별자치도,제주시,제주특별자치도 제주시 광평중길 73,제주특별자치도 제주시 노형동 2375-8,제주특별자치도 제주시 노형동 2375-8,원호형,원호형,10,360,500,일반,Y,33.4796561811,126.4681910163,Y,N,,제주특별자치도 제주시청,064-728-3742,2024-07-25,I,2026-05-15 18:45:22,2024-09-04 21:39:27
6510000,202465100000600271,,제주특별자치도 제주시 서사로 17길,제주특별자치도,제주시,제주특별자치도 제주시 서사로17길 3,제주특별자치도 제주시 삼도일동 537-19,제주특별자치도 제주시 삼도일동 537-19,원호형,가상형,0,360,500,일반,Y,33.5021079900,126.5204212000,Y,N,,제주특별자치도 제주시청,064-728-3742,2024-07-25,I,2026-05-15 18:45:22,2024-09-04 21:39:25
6510000,202465100000600139,,제주특별자치도 제주시 북선로,제주특별자치도,제주시,,제주특별자치도 제주시 조천읍 선흘리 3457-1,제주특별자치도 제주시 조천읍 선흘리 3457-1,원호형,원호형,10,360,500,일반,Y,33.5190437972,126.6895053504,Y,N,,제주특별자치도 제주시청,064-728-3742,2024-07-25,I,2026-05-15 18:45:22,2024-09-04 21:39:24
6510000,202465100000600365,,제주특별자치도 제주시 공항로1길,제주특별자치도,제주시,제주특별자치도 제주시 공항로1길 46,제주특별자치도 제주시 용담이동 730,제주특별자치도 제주시 용담이동 730,원호형,원호형,8,360,500,일반,Y,33.5041251648,126.5004008870,Y,N,,제주특별자치도 제주시청,064-728-3742,2024-07-25,I,2026-05-15 18:45:22,2024-09-04 21:39:25
6510000,202465100000601377,,제주특별자치도 제주시 연동4길,제주특별자치도,제주시,제주특별자치도 제주시 연동4길 28-12,제주특별자치도 제주시 연동 256-12,제주특별자치도 제주시 연동 256-12,원호형,원호형,8,360,500,일반,Y,33.4835408900,126.4869970000,Y,N,,제주특별자치도 제주시청,064-728-3742,2024-07-25,I,2026-05-15 18:45:22,2024-09-04 21:39:32
6510000,202465100000600179,,제주특별자치도 제주시 신와로,제주특별자치도,제주시,제주특별자치도 제주시 조천읍 신와로 81,제주특별자치도 제주시 조천읍 신촌리 2757-9,제주특별자치도 제주시 조천읍 신촌리 2757-9,원호형,원호형,10,360,500,일반,Y,33.5211509291,126.6175348379,Y,N,,제주특별자치도 제주시청,064-728-3742,2024-07-25,I,2026-05-15 18:45:22,2024-09-04 21:39:24
6510000,202465100000601862,,제주특별자치도 제주시 인다10길,제주특별자치도,제주시,제주특별자치도 제주시 인다10길 58,제주특별자치도 제주시 아라일동 6122-8,제주특별자치도 제주시 아라일동 6122-8,원호형,원호형,8,360,500,일반,Y,33.4742035100,126.5517947000,Y,N,,제주특별자치도 제주시청,064-728-3742,2024-07-25,I,2026-05-15 18:45:22,2024-09-04 21:39:35
6510000,202465100000601168,,제주특별자치도 제주시 삼성로11길,제주특별자치도,제주시,제주특별자치도 제주시 삼성로11길 9,제주특별자치도 제주시 일도이동 1033-16,제주특별자치도 제주시 일도이동 1033-16,원호형,원호형,8,360,500,일반,Y,33.5089153100,126.5325807000,Y,N,,제주특별자치도 제주시청,064-728-3742,2024-07-25,I,2026-05-15 18:45:22,2024-09-04 21:39:30
6510000,202465100000600370,,제주특별자치도 제주시 어영길,제주특별자치도,제주시,,제주특별자치도 제주시 용담삼동 1181-2,제주특별자치도 제주시 용담삼동 1181-2,원호형,원호형,8,360,500,일반,Y,33.5179994988,126.4967845778,Y,N,,제주특별자치도 제주시청,064-728-3742,2024-07-25,I,2026-05-15 18:45:22,2024-09-04 21:39:25
6510000,202465100000601830,,제주특별자치도 제주시 아연로,제주특별자치도,제주시,제주특별자치도 제주시 아연로 370,제주특별자치도 제주시 오등동 1322,제주특별자치도 제주시 오등동 1322,원호형,원호형,10,390,500,일반,Y,33.4710624600,126.5230037000,Y,N,,제주특별자치도 제주시청,064-728-3742,2024-07-25,I,2026-05-15 18:45:22,2024-09-04 21:39:35
6510000,202465100000601318,,제주특별자치도 제주시 천수로 21,제주특별자치도,제주시,제주특별자치도 제주시 천수로 21,제주특별자치도 제주시 이도이동 324-6,제주특별자치도 제주시 이도이동 324-6,원호형,원호형,10,360,500,일반,Y,33.5028370500,126.5394410000,Y,N,,제주특별자치도 제주시청,064-728-3742,2024-07-25,I,2026-05-15 18:45:22,2024-09-04 21:39:31
6510000,202465100000600013,,제주특별자치도 제주시 광성로,제주특별자치도,제주시,제주특별자치도 제주시 애월읍 광성로 266,제주특별자치도 제주시 애월읍 광령리 2221-5,제주특별자치도 제주시 애월읍 광령리 2221-5,원호형,원호형,10,360,500,일반,Y,33.4603382553,126.4356172498,Y,N,,제주특별자치도 제주시청,064-728-3742,2024-07-25,I,2026-05-15 18:45:22,2024-09-04 21:39:24
6510000,202465100000601133,,제주특별자치도 제주시 한동로,제주특별자치도,제주시,,제주특별자치도 제주시 구좌읍 한동리 4323-2,제주특별자치도 제주시 구좌읍 한동리 4323-2,원호형,원호형,10,360,500,일반,Y,33.5065569031,126.7979571589,Y,N,,제주특별자치도 제주시청,064-728-3742,2024-07-25,I,2026-05-15 18:45:22,2024-09-04 21:39:30
6510000,202465100000600219,,제주특별자치도 제주시 동광로7길,제주특별자치도,제주시,제주특별자치도 제주시 돈내길 25,제주특별자치도 제주시 이도일동 1250-8,제주특별자치도 제주시 이도일동 1250-8,원호형,가상형,0,360,500,일반,Y,33.5026431700,126.5316165000,Y,N,,제주특별자치도 제주시청,064-728-3742,2024-07-25,I,2026-05-15 18:45:22,2024-09-04 21:39:25
6510000,202465100000601785,,제주특별자치도 제주시 아란12길,제주특별자치도,제주시,제주특별자치도 제주시 아란12길 5,제주특별자치도 제주시 아라일동 6076-1,제주특별자치도 제주시 아라일동 6076-1,원호형,원호형,8,350,500,일반,Y,33.4700934100,126.5451155000,Y,N,,제주특별자치도 제주시청,064-728-3742,2024-07-25,I,2026-05-15 18:45:22,2024-09-04 21:39:35
6510000,202465100000600506,,제주특별자치도 제주시 진동로5길,제주특별자치도,제주시,제주특별자치도 제주시 진동로5길 27,제주특별자치도 제주시 화북일동 1947-27,제주특별자치도 제주시 화북일동 1947-27,원호형,원호형,10,360,500,일반,Y,33.5215662973,126.5659172489,Y,N,,제주특별자치도 제주시청,064-728-3742,2024-07-25,I,2026-05-15 18:45:22,2024-09-04 21:39:26
6510000,202465100000600843,,제주특별자치도 제주시 우평로,제주특별자치도,제주시,제주특별자치도 제주시 우평로 331,제주특별자치도 제주시 외도일동 746-1,제주특별자치도 제주시 외도일동 746-1,원호형,원호형,10,360,500,일반,Y,33.4838865900,126.4312660000,Y,N,,제주특별자치도 제주시청,064-728-3742,2024-07-25,I,2026-05-15 18:45:22,2024-09-04 21:39:28
6510000,202465100000600228,,제주특별자치도 제주시 서광로29길,제주특별자치도,제주시,제주특별자치도 제주시 서광로29길 11,제주특별자치도 제주시 이도일동 1784-2,제주특별자치도 제주시 이도일동 1784-2,원호형,원호형,10,360,500,일반,Y,33.5012232523,126.5263740120,Y,N,,제주특별자치도 제주시청,064-728-3742,2024-07-25,I,2026-05-15 18:45:22,2024-09-04 21:39:25
6510000,202465100000600687,,제주특별자치도 제주시 정존5길,제주특별자치도,제주시,제주특별자치도 제주시 정존5길 62,제주특별자치도 제주시 노형동 2583-2,제주특별자치도 제주시 노형동 2583-2,원호형,원호형,10,360,500,일반,Y,33.4871007800,126.4702267000,Y,N,,제주특별자치도 제주시청,064-728-3742,2024-07-25,I,2026-05-15 18:45:22,2024-09-04 21:39:27
6510000,202465100000600941,,제주특별자치도 제주시 현사길,제주특별자치도,제주시,제주특별자치도 제주시 현사길 21,제주특별자치도 제주시 이호일동 1815-8,제주특별자치도 제주시 이호일동 1815-8,원호형,원호형,8,360,500,일반,Y,33.4966843010,126.4495181929,Y,N,,제주특별자치도 제주시청,064-728-3742,2024-07-25,I,2026-05-15 18:45:22,2024-09-04 21:39:29
6510000,202465100000601403,,제주특별자치도 제주시 일주서로,제주특별자치도,제주시,제주특별자치도 제주시 일주서로 7821,제주특별자치도 제주시 연동 2419,제주특별자치도 제주시 연동 2419,원호형,원호형,10,360,500,일반,Y,33.4939494400,126.4822998000,Y,N,,제주특별자치도 제주시청,064-728-3742,2024-07-25,I,2026-05-15 18:45:22,2024-09-04 21:39:32
6510000,202465100000600366,,제주특별자치도 제주시 공항로1길,제주특별자치도,제주시,제주특별자치도 제주시 공항로1길 38,제주특별자치도 제주시 용담이동 727-6,제주특별자치도 제주시 용담이동 727-6,원호형,가상형,0,360,500,일반,Y,33.5034131900,126.5004025000,Y,N,,제주특별자치도 제주시청,064-728-3742,2024-07-25,I,2026-05-15 18:45:22,2024-09-04 21:39:25
6510000,202465100000601656,,제주특별자치도 제주시 매촌4길,제주특별자치도,제주시,제주특별자치도 제주시 매촌4길 28,제주특별자치도 제주시 도련이동 448,제주특별자치도 제주시 도련이동 448,원호형,원호형,10,360,500,일반,Y,33.5141342899,126.5922918066,Y,N,,제주특별자치도 제주시청,064-728-3742,2024-07-25,I,2026-05-15 18:45:22,2024-09-04 21:39:34
6510000,202465100000600098,,제주특별자치도 제주시 함덕21길,제주특별자치도,제주시,,제주특별자치도 제주시 조천읍 함덕리 921-2,제주특별자치도 제주시 조천읍 함덕리 921-2,원호형,원호형,10,360,500,일반,Y,33.5383558717,126.6676199179,Y,N,,제주특별자치도 제주시청,064-728-3742,2024-07-25,I,2026-05-15 18:45:22,2024-09-04 21:39:24
6510000,202465100000601000,,제주특별자치도 제주시 서해안로,제주특별자치도,제주시,제주특별자치도 제주시 서해안로 154,제주특별자치도 제주시 도두일동 2624-1,제주특별자치도 제주시 도두일동 2624-1,원호형,원호형,10,360,500,일반,Y,33.5033264200,126.4656702000,Y,N,,제주특별자치도 제주시청,064-728-3742,2024-07-25,I,2026-05-15 18:45:22,2024-09-04 21:39:29
6510000,202465100000600936,,제주특별자치도 제주시 일주서로,제주특별자치도,제주시,제주특별자치도 제주시 테우해안로 172-25,제주특별자치도 제주시 이호일동 1666,제주특별자치도 제주시 이호일동 1666,원호형,원호형,8,360,500,일반,Y,33.4964263200,126.4526451000,Y,N,,제주특별자치도 제주시청,064-728-3742,2024-07-25,I,2026-05-15 18:45:22,2024-09-04 21:39:29
6510000,202465100000600118,,제주특별자치도 제주시 북흘로,제주특별자치도,제주시,,제주특별자치도 제주시 조천읍 북촌리 82-2,제주특별자치도 제주시 조천읍 북촌리 82-2,원호형,원호형,10,360,500,일반,Y,33.5373181159,126.7020058056,Y,N,,제주특별자치도 제주시청,064-728-3742,2024-07-25,I,2026-05-15 18:45:22,2024-09-04 21:39:24
6510000,202465100000600146,,제주특별자치도 제주시 함와로,제주특별자치도,제주시,제주특별자치도 제주시 조천읍 함와로 149,제주특별자치도 제주시 조천읍 함덕리 65-5,제주특별자치도 제주시 조천읍 함덕리 65-5,원호형,원호형,10,360,500,일반,Y,33.5271562115,126.6780729307,Y,N,,제주특별자치도 제주시청,064-728-3742,2024-07-25,I,2026-05-15 18:45:22,2024-09-04 21:39:24
6510000,202465100000601855,,제주특별자치도 제주시 오등9길,제주특별자치도,제주시,제주특별자치도 제주시 오등9길 49,제주특별자치도 제주시 오등동 1378-1,제주특별자치도 제주시 오등동 1378-1,원호형,원호형,10,360,500,일반,Y,33.4753551388,126.5266021640,Y,N,,제주특별자치도 제주시청,064-728-3742,2024-07-25,I,2026-05-15 18:45:22,2024-09-04 21:39:35
6510000,202465100000600798,,제주특별자치도 제주시 정원로,제주특별자치도,제주시,,제주특별자치도 제주시 노형동 3798-9,제주특별자치도 제주시 노형동 3798-9,원호형,원호형,10,360,500,일반,Y,33.4796660157,126.4780251465,Y,N,,제주특별자치도 제주시청,064-728-3742,2024-07-25,I,2026-05-15 18:45:22,2024-09-04 21:39:28
6510000,202465100000601143,,제주특별자치도 제주시 해맞이해안로,제주특별자치도,제주시,제주특별자치도 제주시 구좌읍 해맞이해안로 456,제주특별자치도 제주시 구좌읍 월정리 544,제주특별자치도 제주시 구좌읍 월정리 544,원호형,원호형,10,360,500,일반,Y,33.5558941879,126.7954838932,Y,N,,제주특별자치도 제주시청,064-728-3742,2024-07-25,I,2026-05-15 18:45:22,2024-09-04 21:39:30
6510000,202465100000600628,,제주특별자치도 제주시 1100로,제주특별자치도,제주시,,제주특별자치도 제주시 노형동 289-18,제주특별자치도 제주시 노형동 289-18,원호형,원호형,10,360,500,일반,Y,33.4526533934,126.4869923064,Y,N,,제주특별자치도 제주시청,064-728-3742,2024-07-25,I,2026-05-15 18:45:22,2024-09-04 21:39:27
6510000,202465100000600260,,제주특별자치도 제주시 서광로 27길,제주특별자치도,제주시,제주특별자치도 제주시 서광로27길 32,제주특별자치도 제주시 삼도일동 319-4,제주특별자치도 제주시 삼도일동 319-4,원호형,원호형,10,360,500,일반,Y,33.5023564900,126.5246852000,Y,N,,제주특별자치도 제주시청,064-728-3742,2024-07-25,I,2026-05-15 18:45:22,2024-09-04 21:39:25
6510000,202465100000600837,,제주특별자치도 제주시 우평로,제주특별자치도,제주시,제주특별자치도 제주시 우평로 124,제주특별자치도 제주시 도평동 377-3,제주특별자치도 제주시 도평동 377-3,원호형,원호형,10,360,500,일반,Y,33.4797764300,126.4531040000,Y,N,,제주특별자치도 제주시청,064-728-3742,2024-07-25,I,2026-05-15 18:45:22,2024-09-04 21:39:28
6510000,202465100000601090,,제주특별자치도 제주시 한림로,제주특별자치도,제주시,제주특별자치도 제주시 한림읍 한림로 503,제주특별자치도 제주시 한림읍 옹포리 471-1,제주특별자치도 제주시 한림읍 옹포리 471-1,원호형,원호형,10,360,500,일반,Y,33.4042127400,126.2527986000,Y,N,,제주특별자치도 제주시청,064-728-3742,2024-07-25,I,2026-05-15 18:45:22,2024-09-04 21:39:30
6510000,202465100000600644,,제주특별자치도 제주시 방안4길,제주특별자치도,제주시,,제주특별자치도 제주시 노형동 2165-1,제주특별자치도 제주시 노형동 2165-1,원호형,원호형,10,360,500,일반,Y,33.4760653260,126.4700339999,Y,N,,제주특별자치도 제주시청,064-728-3742,2024-07-25,I,2026-05-15 18:45:22,2024-09-04 21:39:27
6510000,202465100000600951,,제주특별자치도 제주시 도리로,제주특별자치도,제주시,제주특별자치도 제주시 도리로 62,제주특별자치도 제주시 이호일동 647-1,제주특별자치도 제주시 이호일동 647-1,원호형,원호형,10,360,500,일반,Y,33.4987758200,126.4589980000,Y,N,,제주특별자치도 제주시청,064-728-3742,2024-07-25,I,2026-05-15 18:45:22,2024-09-04 21:39:29
6510000,202465100000600262,,제주특별자치도 제주시 홍랑길,제주특별자치도,제주시,제주특별자치도 제주시 홍랑길 46,제주특별자치도 제주시 삼도일동 305-75,제주특별자치도 제주시 삼도일동 305-75,원호형,가상형,0,360,500,일반,Y,33.5037925255,126.5233430063,Y,N,,제주특별자치도 제주시청,064-728-3742,2024-07-25,I,2026-05-15 18:45:22,2024-09-04 21:39:25
6510000,202465100000601746,,제주특별자치도 제주시 대원길,제주특별자치도,제주시,제주특별자치도 제주시 대원길 10,제주특별자치도 제주시 아라일동 2781-4,제주특별자치도 제주시 아라일동 2781-4,원호형,원호형,10,400,500,일반,Y,33.4755317500,126.5344541000,Y,N,,제주특별자치도 제주시청,064-728-3742,2024-07-25,I,2026-05-15 18:45:22,2024-09-04 21:39:34
6510000,202465100000600892,,제주특별자치도 제주시 우정로15길,제주특별자치도,제주시,,제주특별자치도 제주시 외도일동 523-3,제주특별자치도 제주시 외도일동 523-3,원호형,원호형,10,360,500,일반,Y,33.4884839642,126.4321909743,Y,N,,제주특별자치도 제주시청,064-728-3742,2024-07-25,I,2026-05-15 18:45:22,2024-09-04 21:39:28
6510000,202465100000601796,,제주특별자치도 제주시 아란4길,제주특별자치도,제주시,제주특별자치도 제주시 아란4길 75,제주특별자치도 제주시 아라일동 6068-15,제주특별자치도 제주시 아라일동 6068-15,원호형,원호형,10,360,500,일반,Y,33.4710062592,126.5418441350,Y,N,,제주특별자치도 제주시청,064-728-3742,2024-07-25,I,2026-05-15 18:45:22,2024-09-04 21:39:35
6510000,202465100000601345,,제주특별자치도 제주시 은수길,제주특별자치도,제주시,제주특별자치도 제주시 은수길 37,제주특별자치도 제주시 연동 1345,제주특별자치도 제주시 연동 1345,원호형,원호형,10,360,500,일반,Y,33.4732543014,126.4875320012,Y,N,,제주특별자치도 제주시청,064-728-3742,2024-07-25,I,2026-05-15 18:45:22,2024-09-04 21:39:31
6510000,202465100000601247,,제주특별자치도 제주시 천수로13길,제주특별자치도,제주시,제주특별자치도 제주시 천수로 72,제주특별자치도 제주시 일도이동 47-1,제주특별자치도 제주시 일도이동 47-1,원호형,원호형,8,360,500,일반,Y,33.5044775088,126.5447876166,Y,N,,제주특별자치도 제주시청,064-728-3742,2024-07-25,I,2026-05-15 18:45:22,2024-09-04 21:39:31
6510000,202465100000600005,,제주특별자치도 제주시 하귀로,제주특별자치도,제주시,,제주특별자치도 제주시 애월읍 하귀2리 1959-3,제주특별자치도 제주시 애월읍 하귀2리 1959-3,원호형,원호형,10,360,500,일반,Y,33.4797351962,126.3989139187,Y,N,,제주특별자치도 제주시청,064-728-3742,2024-07-25,I,2026-05-15 18:45:22,2024-09-04 21:39:24
6510000,202465100000600087,,제주특별자치도 제주시 신흥로,제주특별자치도,제주시,,제주특별자치도 제주시 조천읍 신흥리 141-6,제주특별자치도 제주시 조천읍 신흥리 141-6,원호형,원호형,10,360,500,일반,Y,33.5468014019,126.6520668823,Y,N,,제주특별자치도 제주시청,064-728-3742,2024-07-25,I,2026-05-15 18:45:22,2024-09-04 21:39:24
6510000,202465100000600448,,제주특별자치도 제주시 용담로,제주특별자치도,제주시,제주특별자치도 제주시 용담로 65,제주특별자치도 제주시 용담삼동 581,제주특별자치도 제주시 용담삼동 581,원호형,원호형,8,360,500,일반,Y,33.5137606100,126.5102401000,Y,N,,제주특별자치도 제주시청,064-728-3742,2024-07-25,I,2026-05-15 18:45:22,2024-09-04 21:39:26
6510000,202465100000600998,,제주특별자치도 제주시 도두항서5길,제주특별자치도,제주시,,제주특별자치도 제주시 도두일동 2621-6,제주특별자치도 제주시 도두일동 2621-6,원호형,원호형,8,360,500,일반,Y,33.5035812360,126.4648005874,Y,N,,제주특별자치도 제주시청,064-728-3742,2024-07-25,I,2026-05-15 18:45:22,2024-09-04 21:39:29
6510000,202465100000600900,,제주특별자치도 제주시 절물1길,제주특별자치도,제주시,제주특별자치도 제주시 절물1길 5,제주특별자치도 제주시 외도일동 429-1,제주특별자치도 제주시 외도일동 429-1,원호형,원호형,10,360,500,일반,Y,33.4924359700,126.4318119000,Y,N,,제주특별자치도 제주시청,064-728-3742,2024-07-25,I,2026-05-15 18:45:22,2024-09-04 21:39:28
6510000,202465100000601455,,제주특별자치도 제주시 신대로19길,제주특별자치도,제주시,제주특별자치도 제주시 신대로19길 33,제주특별자치도 제주시 연동 326-4,제주특별자치도 제주시 연동 326-4,원호형,원호형,10,360,500,일반,Y,33.4836367600,126.4999984000,Y,N,,제주특별자치도 제주시청,064-728-3742,2024-07-25,I,2026-05-15 18:45:22,2024-09-04 21:39:32
6510000,202465100000601108,,제주특별자치도 제주시 금능남로,제주특별자치도,제주시,제주특별자치도 제주시 한림읍 금능남로 412,제주특별자치도 제주시 한림읍 금능리 372-3,제주특별자치도 제주시 한림읍 금능리 372-3,원호형,원호형,10,360,500,일반,Y,33.3547164600,126.2524415000,Y,N,,제주특별자치도 제주시청,064-728-3742,2024-07-25,I,2026-05-15 18:45:22,2024-09-04 21:39:30
6510000,202465100000600779,,제주특별자치도 제주시 원노형길,제주특별자치도,제주시,제주특별자치도 제주시 1100로 3348,제주특별자치도 제주시 노형동 919,제주특별자치도 제주시 노형동 919,원호형,원호형,10,360,500,일반,Y,33.4849650100,126.4804316000,Y,N,,제주특별자치도 제주시청,064-728-3742,2024-07-25,I,2026-05-15 18:45:22,2024-09-04 21:39:28
6510000,202465100000600547,,제주특별자치도 제주시 황사평4길,제주특별자치도,제주시,,제주특별자치도 제주시 화북이동 2974-2,제주특별자치도 제주시 화북이동 2974-2,원호형,원호형,10,360,500,일반,Y,33.4941800569,126.5622706598,Y,N,,제주특별자치도 제주시청,064-728-3742,2024-07-25,I,2026-05-15 18:45:22,2024-09-04 21:39:26
6510000,202465100000600128,,제주특별자치도 제주시 동백로,제주특별자치도,제주시,,제주특별자치도 제주시 조천읍 선흘리 912,제주특별자치도 제주시 조천읍 선흘리 912,원호형,원호형,10,360,500,일반,Y,33.5089002608,126.7132545603,Y,N,,제주특별자치도 제주시청,064-728-3742,2024-07-25,I,2026-05-15 18:45:22,2024-09-04 21:39:24
6510000,202465100000600378,,제주특별자치도 제주시 어영길,제주특별자치도,제주시,제주특별자치도 제주시 어영길 19,제주특별자치도 제주시 용담삼동 1174-1,제주특별자치도 제주시 용담삼동 1174-1,원호형,원호형,8,360,500,일반,Y,33.5187151800,126.4953410000,Y,N,,제주특별자치도 제주시청,064-728-3742,2024-07-25,I,2026-05-15 18:45:22,2024-09-04 21:39:25
6510000,202465100000601353,,제주특별자치도 제주시 과원로,제주특별자치도,제주시,,제주특별자치도 제주시 연동 1411-6,제주특별자치도 제주시 연동 1411-6,원호형,가상형,0,360,500,일반,Y,33.4767561352,126.4910808182,Y,N,,제주특별자치도 제주시청,064-728-3742,2024-07-25,I,2026-05-15 18:45:22,2024-09-04 21:39:31
6510000,202465100000601269,,제주특별자치도 제주시 태성로,제주특별자치도,제주시,제주특별자치도 제주시 태성로 39,제주특별자치도 제주시 일도이동 113-5,제주특별자치도 제주시 일도이동 113-5,원호형,원호형,8,360,500,일반,Y,33.5002536200,126.5500166000,Y,N,,제주특별자치도 제주시청,064-728-3742,2024-07-25,I,2026-05-15 18:45:22,2024-09-04 21:39:31
6510000,202465100000600364,,제주특별자치도 제주시 다호북길,제주특별자치도,제주시,,제주특별자치도 제주시 용담이동 1971-1,제주특별자치도 제주시 용담이동 1971-1,원호형,가상형,0,360,500,일반,Y,33.5043001187,126.4947204120,Y,N,,제주특별자치도 제주시청,064-728-3742,2024-07-25,I,2026-05-15 18:45:22,2024-09-04 21:39:25
6510000,202465100000600585,,제주특별자치도 제주시 동화로1길,제주특별자치도,제주시,,제주특별자치도 제주시 화북일동 29-5,제주특별자치도 제주시 화북일동 29-5,원호형,원호형,10,360,500,일반,Y,33.5193546626,126.5739670782,Y,N,,제주특별자치도 제주시청,064-728-3742,2024-07-25,I,2026-05-15 18:45:22,2024-09-04 21:39:27
6510000,202465100000601010,,제주특별자치도 제주시 서해안로,제주특별자치도,제주시,제주특별자치도 제주시 서해안로 197,제주특별자치도 제주시 도두일동 1749-4,제주특별자치도 제주시 도두일동 1749-4,원호형,원호형,10,360,500,일반,Y,33.5060304200,126.4689948000,Y,N,,제주특별자치도 제주시청,064-728-3742,2024-07-25,I,2026-05-15 18:45:22,2024-09-04 21:39:29
6510000,202465100000601221,,제주특별자치도 제주시 동광로16길,제주특별자치도,제주시,제주특별자치도 제주시 동광로16길 19,제주특별자치도 제주시 일도이동 382-21,제주특별자치도 제주시 일도이동 382-21,원호형,원호형,8,360,500,일반,Y,33.5045109400,126.5396815000,Y,N,,제주특별자치도 제주시청,064-728-3742,2024-07-25,I,2026-05-15 18:45:22,2024-09-04 21:39:31
6510000,202465100000600959,,제주특별자치도 제주시 서해안로,제주특별자치도,제주시,제주특별자치도 제주시 백포동길 30,제주특별자치도 제주시 이호일동 334-8,제주특별자치도 제주시 이호일동 334-8,원호형,원호형,10,360,500,일반,Y,33.5030739700,126.4607800000,Y,N,,제주특별자치도 제주시청,064-728-3742,2024-07-25,I,2026-05-15 18:45:22,2024-09-04 21:39:29
6510000,202465100000600150,,제주특별자치도 제주시 함와로,제주특별자치도,제주시,,제주특별자치도 제주시 조천읍 대흘리 121-1,제주특별자치도 제주시 조천읍 대흘리 121-1,원호형,원호형,10,360,500,일반,Y,33.5117321479,126.6733672926,Y,N,,제주특별자치도 제주시청,064-728-3742,2024-07-25,I,2026-05-15 18:45:22,2024-09-04 21:39:24
6510000,202465100000601689,,제주특별자치도 제주시 남성로11길,제주특별자치도,제주시,제주특별자치도 제주시 남성로11길 15-5,제주특별자치도 제주시 용담일동 262-1,제주특별자치도 제주시 용담일동 262-1,원호형,원호형,8,360,500,일반,Y,33.5062296700,126.5124663000,Y,N,,제주특별자치도 제주시청,064-728-3742,2024-07-25,I,2026-05-15 18:45:22,2024-09-04 21:39:34
6510000,202465100000601130,,제주특별자치도 제주시 다랑쉬북로,제주특별자치도,제주시,,제주특별자치도 제주시 구좌읍 상도리 산 317-2,제주특별자치도 제주시 구좌읍 상도리 산 317-2,원호형,원호형,10,360,500,일반,Y,33.4784881143,126.8436168577,Y,N,,제주특별자치도 제주시청,064-728-3742,2024-07-25,I,2026-05-15 18:45:22,2024-09-04 21:39:30
6510000,202465100000601719,,제주특별자치도 제주시 구남동8길,제주특별자치도,제주시,제주특별자치도 제주시 구남동8길 35,제주특별자치도 제주시 아라일동 6037-1,제주특별자치도 제주시 아라일동 6037-1,원호형,원호형,10,360,500,일반,Y,33.4863427900,126.5369587000,Y,N,,제주특별자치도 제주시청,064-728-3742,2024-07-25,I,2026-05-15 18:45:22,2024-09-04 21:39:34
6510000,202465100000601661,,제주특별자치도 제주시 벌랑1길,제주특별자치도,제주시,제주특별자치도 제주시 벌랑1길 41,제주특별자치도 제주시 삼양삼동 2652-4,제주특별자치도 제주시 삼양삼동 2652-4,원호형,원호형,10,360,500,일반,Y,33.5253567249,126.5744270543,Y,N,,제주특별자치도 제주시청,064-728-3742,2024-07-25,I,2026-05-15 18:45:22,2024-09-04 21:39:34
6510000,202465100000600735,,제주특별자치도 제주시 정존11길,제주특별자치도,제주시,제주특별자치도 제주시 정존11길 4,제주특별자치도 제주시 노형동 1286-2,제주특별자치도 제주시 노형동 1286-2,원호형,원호형,10,360,500,일반,Y,33.4851864400,126.4769149000,Y,N,,제주특별자치도 제주시청,064-728-3742,2024-07-25,I,2026-05-15 18:45:22,2024-09-04 21:39:27
6510000,202465100000601866,,제주특별자치도 제주시 인다13길,제주특별자치도,제주시,제주특별자치도 제주시 인다13길 61,제주특별자치도 제주시 아라일동 6125-7,제주특별자치도 제주시 아라일동 6125-7,원호형,원호형,8,380,500,일반,Y,33.4726554722,126.5521452475,Y,N,,제주특별자치도 제주시청,064-728-3742,2024-07-25,I,2026-05-15 18:45:22,2024-09-04 21:39:35
6510000,202465100000600886,,제주특별자치도 제주시 우정로8길,제주특별자치도,제주시,제주특별자치도 제주시 우정로8길 13,제주특별자치도 제주시 외도일동 494-9,제주특별자치도 제주시 외도일동 494-9,원호형,원호형,10,360,500,일반,Y,33.4890792500,126.4295109000,Y,N,,제주특별자치도 제주시청,064-728-3742,2024-07-25,I,2026-05-15 18:45:22,2024-09-04 21:39:28
6510000,202465100000601781,,제주특별자치도 제주시 아란11길,제주특별자치도,제주시,제주특별자치도 제주시 아란11길 14,제주특별자치도 제주시 아라일동 6067-13,제주특별자치도 제주시 아라일동 6067-13,원호형,원호형,10,340,500,일반,Y,33.4705605200,126.5424666000,Y,N,,제주특별자치도 제주시청,064-728-3742,2024-07-25,I,2026-05-15 18:45:22,2024-09-04 21:39:35
6510000,202465100000600240,,제주특별자치도 제주시 서사로 23길,제주특별자치도,제주시,제주특별자치도 제주시 서사로23길 21-1,제주특별자치도 제주시 삼도일동 575-28,제주특별자치도 제주시 삼도일동 575-28,원호형,가상형,0,360,500,일반,Y,33.4979794709,126.5217415235,Y,N,,제주특별자치도 제주시청,064-728-3742,2024-07-25,I,2026-05-15 18:45:22,2024-09-04 21:39:25
6510000,202465100000600937,,제주특별자치도 제주시 현사길,제주특별자치도,제주시,,제주특별자치도 제주시 이호일동 1812-1,제주특별자치도 제주시 이호일동 1812-1,원호형,원호형,8,360,500,일반,Y,33.4972475106,126.4478470938,Y,N,,제주특별자치도 제주시청,064-728-3742,2024-07-25,I,2026-05-15 18:45:22,2024-09-04 21:39:29
6510000,202465100000601680,,제주특별자치도 제주시 서광로5길,제주특별자치도,제주시,제주특별자치도 제주시 남성로8길 12,제주특별자치도 제주시 용담일동 2817-39,제주특별자치도 제주시 용담일동 2817-39,원호형,원호형,8,360,500,일반,Y,33.5035427300,126.5142285000,Y,N,,제주특별자치도 제주시청,064-728-3742,2024-07-25,I,2026-05-15 18:45:22,2024-09-04 21:39:34
6510000,202465100000600298,,제주특별자치도 제주시 서사로 11길,제주특별자치도,제주시,제주특별자치도 제주시 서사로12길 11,제주특별자치도 제주시 삼도일동 783-22,제주특별자치도 제주시 삼도일동 783-22,원호형,원호형,10,360,500,일반,Y,33.5052033690,126.5186410390,Y,N,,제주특별자치도 제주시청,064-728-3742,2024-07-25,I,2026-05-15 18:45:22,2024-09-04 21:39:25
6510000,202465100000601375,,제주특별자치도 제주시 연화로1길,제주특별자치도,제주시,제주특별자치도 제주시 과원북2길 66-1,제주특별자치도 제주시 연동 1496-4,제주특별자치도 제주시 연동 1496-4,원호형,가상형,0,360,500,일반,Y,33.4787018800,126.4893808000,Y,N,,제주특별자치도 제주시청,064-728-3742,2024-07-25,I,2026-05-15 18:45:22,2024-09-04 21:39:32
6510000,202465100000601227,,제주특별자치도 제주시 동광로16길,제주특별자치도,제주시,제주특별자치도 제주시 동광로16길 33,제주특별자치도 제주시 일도이동 413-13,제주특별자치도 제주시 일도이동 413-13,원호형,원호형,8,360,500,일반,Y,33.5036112930,126.5406928119,Y,N,,제주특별자치도 제주시청,064-728-3742,2024-07-25,I,2026-05-15 18:45:22,2024-09-04 21:39:31
6510000,202465100000600803,,제주특별자치도 제주시 진군중길,제주특별자치도,제주시,제주특별자치도 제주시 진군중길 14,제주특별자치도 제주시 노형동 747-7,제주특별자치도 제주시 노형동 747-7,원호형,가상형,0,360,500,일반,Y,33.4777877270,126.4793408330,Y,N,,제주특별자치도 제주시청,064-728-3742,2024-07-25,I,2026-05-15 18:45:22,2024-09-04 21:39:28
6510000,202465100000600727,,제주특별자치도 제주시 수덕9길,제주특별자치도,제주시,제주특별자치도 제주시 수덕9길 43,제주특별자치도 제주시 노형동 2531-1,제주특별자치도 제주시 노형동 2531-1,원호형,원호형,10,360,500,일반,Y,33.4853922900,126.4736398000,Y,N,,제주특별자치도 제주시청,064-728-3742,2024-07-25,I,2026-05-15 18:45:22,2024-09-04 21:39:27
6510000,202465100000601261,,제주특별자치도 제주시 태성로,제주특별자치도,제주시,제주특별자치도 제주시 태성로 6,제주특별자치도 제주시 일도이동 75,제주특별자치도 제주시 일도이동 75,원호형,원호형,8,360,500,일반,Y,33.5017341151,126.5471421164,Y,N,,제주특별자치도 제주시청,064-728-3742,2024-07-25,I,2026-05-15 18:45:22,2024-09-04 21:39:31
6510000,202465100000600305,,제주특별자치도 제주시 탑동로13길,제주특별자치도,제주시,제주특별자치도 제주시 탑동로13길 33,제주특별자치도 제주시 삼도이동 1172-17,제주특별자치도 제주시 삼도이동 1172-17,원호형,원호형,8,360,500,일반,Y,33.5169392800,126.5202674000,Y,N,,제주특별자치도 제주시청,064-728-3742,2024-07-25,I,2026-05-15 18:45:22,2024-09-04 21:39:25
6510000,202465100000600692,,제주특별자치도 제주시 정존11길,제주특별자치도,제주시,제주특별자치도 제주시 수덕로 44,제주특별자치도 제주시 노형동 2583-1,제주특별자치도 제주시 노형동 2583-1,원호형,원호형,10,360,500,일반,Y,33.4871157588,126.4732126839,Y,N,,제주특별자치도 제주시청,064-728-3742,2024-07-25,I,2026-05-15 18:45:22,2024-09-04 21:39:27
6510000,202465100000600984,,제주특별자치도 제주시 오도9길,제주특별자치도,제주시,,제주특별자치도 제주시 이호이동 983-4,제주특별자치도 제주시 이호이동 983-4,원호형,원호형,10,360,500,일반,Y,33.4914582063,126.4622271439,Y,N,,제주특별자치도 제주시청,064-728-3742,2024-07-25,I,2026-05-15 18:45:22,2024-09-04 21:39:29
6510000,202465100000601419,,제주특별자치도 제주시 남녕로4길,제주특별자치도,제주시,제주특별자치도 제주시 남녕로4길 10,제주특별자치도 제주시 연동 1957-5,제주특별자치도 제주시 연동 1957-5,원호형,원호형,8,360,500,일반,Y,33.4908281000,126.4823365000,Y,N,,제주특별자치도 제주시청,064-728-3742,2024-07-25,I,2026-05-15 18:45:22,2024-09-04 21:39:32
6510000,202465100000601683,,제주특별자치도 제주시 서광로3길,제주특별자치도,제주시,제주특별자치도 제주시 서광로3길 21,제주특별자치도 제주시 용담일동 2821-3,제주특별자치도 제주시 용담일동 2821-3,원호형,원호형,8,360,500,일반,Y,33.5019670600,126.5133894000,Y,N,,제주특별자치도 제주시청,064-728-3742,2024-07-25,I,2026-05-15 18:45:22,2024-09-04 21:39:34
6510000,202465100000601670,,제주특별자치도 제주시 용한로,제주특별자치도,제주시,제주특별자치도 제주시 서문로 1,제주특별자치도 제주시 용담일동 306-10,제주특별자치도 제주시 용담일동 306-10,원호형,원호형,10,360,500,일반,Y,33.5095745200,126.5120192000,Y,N,,제주특별자치도 제주시청,064-728-3742,2024-07-25,I,2026-05-15 18:45:22,2024-09-04 21:39:34
6510000,202465100000601265,,제주특별자치도 제주시 태성로3길,제주특별자치도,제주시,제주특별자치도 제주시 태성로3길 5,제주특별자치도 제주시 일도이동 84,제주특별자치도 제주시 일도이동 84,원호형,원호형,8,360,500,일반,Y,33.4996163600,126.5456135000,Y,N,,제주특별자치도 제주시청,064-728-3742,2024-07-25,I,2026-05-15 18:45:22,2024-09-04 21:39:31
6510000,202465100000600423,,제주특별자치도 제주시 성화로6길,제주특별자치도,제주시,제주특별자치도 제주시 성화로6길 39-1,제주특별자치도 제주시 용담이동 603-87,제주특별자치도 제주시 용담이동 603-87,원호형,원호형,8,360,500,일반,Y,33.5114189800,126.5095719000,Y,N,,제주특별자치도 제주시청,064-728-3742,2024-07-25,I,2026-05-15 18:45:22,2024-09-04 21:39:26
6510000,202465100000601737,,제주특별자치도 제주시 기와4길,제주특별자치도,제주시,제주특별자치도 제주시 기와4길 15,제주특별자치도 제주시 영평동 2763-7,제주특별자치도 제주시 영평동 2763-7,원호형,원호형,10,360,500,일반,Y,33.4820467200,126.5594749000,Y,N,,제주특별자치도 제주시청,064-728-3742,2024-07-25,I,2026-05-15 18:45:22,2024-09-04 21:39:34
6510000,202465100000601601,,제주특별자치도 제주시 지석8길,제주특별자치도,제주시,제주특별자치도 제주시 지석10길 18,제주특별자치도 제주시 삼양이동 2176-13,제주특별자치도 제주시 삼양이동 2176-13,원호형,원호형,10,360,500,일반,Y,33.5195710900,126.5828186000,Y,N,,제주특별자치도 제주시청,064-728-3742,2024-07-25,I,2026-05-15 18:45:22,2024-09-04 21:39:33
6510000,202465100000601515,,제주특별자치도 제주시 신대로10길,제주특별자치도,제주시,제주특별자치도 제주시 신대로10길 32,제주특별자치도 제주시 연동 281-7,제주특별자치도 제주시 연동 281-7,원호형,원호형,10,360,500,일반,Y,33.4910375500,126.4932678000,Y,N,,제주특별자치도 제주시청,064-728-3742,2024-07-25,I,2026-05-15 18:45:22,2024-09-04 21:39:33
6510000,202465100000600183,,제주특별자치도 제주시 신와로,제주특별자치도,제주시,,제주특별자치도 제주시 조천읍 신촌리 2611-1,제주특별자치도 제주시 조천읍 신촌리 2611-1,원호형,원호형,10,360,500,일반,Y,33.5300126466,126.6167428680,Y,N,,제주특별자치도 제주시청,064-728-3742,2024-07-25,I,2026-05-15 18:45:22,2024-09-04 21:39:24
6510000,202465100000600372,,제주특별자치도 제주시 어영길,제주특별자치도,제주시,제주특별자치도 제주시 어영길 64-12,제주특별자치도 제주시 용담삼동 1210-5,제주특별자치도 제주시 용담삼동 1210-5,원호형,원호형,8,360,500,일반,Y,33.5174895800,126.4984538000,Y,N,,제주특별자치도 제주시청,064-728-3742,2024-07-25,I,2026-05-15 18:45:22,2024-09-04 21:39:25
6510000,202465100000601573,,제주특별자치도 제주시 설촌로2길,제주특별자치도,제주시,,제주특별자치도 제주시 삼양이동 2124-7,제주특별자치도 제주시 삼양이동 2124-7,원호형,원호형,10,360,500,일반,Y,33.5225755370,126.5862166318,Y,N,,제주특별자치도 제주시청,064-728-3742,2024-07-25,I,2026-05-15 18:45:22,2024-09-04 21:39:33
6510000,202465100000601594,,제주특별자치도 제주시 삼봉로2길,제주특별자치도,제주시,제주특별자치도 제주시 지석4길 17,제주특별자치도 제주시 삼양이동 2163-1,제주특별자치도 제주시 삼양이동 2163-1,원호형,원호형,10,360,500,일반,Y,33.5196068913,126.5799400988,Y,N,,제주특별자치도 제주시청,064-728-3742,2024-07-25,I,2026-05-15 18:45:22,2024-09-04 21:39:33
6510000,202465100000601317,,제주특별자치도 제주시 이도공원길,제주특별자치도,제주시,제주특별자치도 제주시 이도공원길 44,제주특별자치도 제주시 이도이동 441,제주특별자치도 제주시 이도이동 441,원호형,원호형,10,360,500,일반,Y,33.4983634800,126.5446510000,Y,N,,제주특별자치도 제주시청,064-728-3742,2024-07-25,I,2026-05-15 18:45:22,2024-09-04 21:39:31
6510000,202465100000600477,,제주특별자치도 제주시 금산5길,제주특별자치도,제주시,,제주특별자치도 제주시 화북일동 4269-9,제주특별자치도 제주시 화북일동 4269-9,원호형,원호형,10,360,500,일반,Y,33.5253131581,126.5642578477,Y,N,,제주특별자치도 제주시청,064-728-3742,2024-07-25,I,2026-05-15 18:45:22,2024-09-04 21:39:26
6510000,202465100000601837,,제주특별자치도 제주시 아연로,제주특별자치도,제주시,제주특별자치도 제주시 아연로 547,제주특별자치도 제주시 아라일동 2718-1,제주특별자치도 제주시 아라일동 2718-1,원호형,원호형,10,350,500,일반,Y,33.4782422200,126.5376586000,Y,N,,제주특별자치도 제주시청,064-728-3742,2024-07-25,I,2026-05-15 18:45:22,2024-09-04 21:39:35
6510000,202465100000600832,,제주특별자치도 제주시 제시리길,제주특별자치도,제주시,제주특별자치도 제주시 제시리길 15-2,제주특별자치도 제주시 외도일동 814-1,제주특별자치도 제주시 외도일동 814-1,원호형,원호형,10,360,500,일반,Y,33.4814497708,126.4322684507,Y,N,,제주특별자치도 제주시청,064-728-3742,2024-07-25,I,2026-05-15 18:45:22,2024-09-04 21:39:28
6510000,202465100000601984,,제주특별자치도 제주시 오라로16길,제주특별자치도,제주시,,제주특별자치도 제주시 오라일동 1139,제주특별자치도 제주시 오라일동 1139,원호형,원호형,10,360,500,일반,Y,33.4967683893,126.5160578770,Y,N,,제주특별자치도 제주시청,064-728-3742,2024-07-25,I,2026-05-15 18:45:22,2024-09-04 21:39:36
6510000,202465100000600072,,제주특별자치도 제주시 신북로,제주특별자치도,제주시,,제주특별자치도 제주시 조천읍 함덕리 954-36,제주특별자치도 제주시 조천읍 함덕리 954-36,원호형,원호형,10,360,500,일반,Y,33.5396867845,126.6728589961,Y,N,,제주특별자치도 제주시청,064-728-3742,2024-07-25,I,2026-05-15 18:45:22,2024-09-04 21:39:24
6510000,202465100000600890,,제주특별자치도 제주시 우정로12길,제주특별자치도,제주시,제주특별자치도 제주시 우정로12길 31,제주특별자치도 제주시 외도일동 538-24,제주특별자치도 제주시 외도일동 538-24,원호형,원호형,10,360,500,일반,Y,33.4870150400,126.4278828000,Y,N,,제주특별자치도 제주시청,064-728-3742,2024-07-25,I,2026-05-15 18:45:22,2024-09-04 21:39:28
6510000,202465100000600426,,제주특별자치도 제주시 용화로5길,제주특별자치도,제주시,제주특별자치도 제주시 용화로5길 13,제주특별자치도 제주시 용담이동 609-3,제주특별자치도 제주시 용담이동 609-3,원호형,원호형,8,360,500,일반,Y,33.5110603000,126.5063638000,Y,N,,제주특별자치도 제주시청,064-728-3742,2024-07-25,I,2026-05-15 18:45:22,2024-09-04 21:39:26
6510000,202465100000601606,,제주특별자치도 제주시 지석8길,제주특별자치도,제주시,제주특별자치도 제주시 지석8길 3,제주특별자치도 제주시 삼양이동 2174-6,제주특별자치도 제주시 삼양이동 2174-6,원호형,원호형,10,360,500,일반,Y,33.5207967600,126.5816039000,Y,N,,제주특별자치도 제주시청,064-728-3742,2024-07-25,I,2026-05-15 18:45:22,2024-09-04 21:39:33
6510000,202465100000600888,,제주특별자치도 제주시 우정로12길,제주특별자치도,제주시,,제주특별자치도 제주시 외도일동 540-19,제주특별자치도 제주시 외도일동 540-19,원호형,원호형,10,360,500,일반,Y,33.4873157946,126.4293861679,Y,N,,제주특별자치도 제주시청,064-728-3742,2024-07-25,I,2026-05-15 18:45:22,2024-09-04 21:39:28
6510000,202465100000601383,,제주특별자치도 제주시 신광로10길,제주특별자치도,제주시,제주특별자치도 제주시 신광로10길 15,제주특별자치도 제주시 연동 256-9,제주특별자치도 제주시 연동 256-9,원호형,원호형,8,360,500,일반,Y,33.4837279600,126.4877357000,Y,N,,제주특별자치도 제주시청,064-728-3742,2024-07-25,I,2026-05-15 18:45:22,2024-09-04 21:39:32
6510000,202465100000600020,,제주특별자치도 제주시 애월해안로,제주특별자치도,제주시,,제주특별자치도 제주시 애월읍 신엄리 2719,제주특별자치도 제주시 애월읍 신엄리 2719,원호형,원호형,10,360,500,일반,Y,33.4781028288,126.3658000571,Y,N,,제주특별자치도 제주시청,064-728-3742,2024-07-25,I,2026-05-15 18:45:22,2024-09-04 21:39:24
6510000,202465100000601215,,제주특별자치도 제주시 고마로13길,제주특별자치도,제주시,제주특별자치도 제주시 고마로13길 22-1,제주특별자치도 제주시 일도이동 356-13,제주특별자치도 제주시 일도이동 356-13,원호형,원호형,8,360,500,일반,Y,33.5094161448,126.5417996538,Y,N,,제주특별자치도 제주시청,064-728-3742,2024-07-25,I,2026-05-15 18:45:22,2024-09-04 21:39:30
6510000,202465100000600142,,제주특별자치도 제주시 함와로,제주특별자치도,제주시,,제주특별자치도 제주시 조천읍 함덕리 52-5,제주특별자치도 제주시 조천읍 함덕리 52-5,원호형,원호형,10,360,500,일반,Y,33.5164647677,126.6780527987,Y,N,,제주특별자치도 제주시청,064-728-3742,2024-07-25,I,2026-05-15 18:45:22,2024-09-04 21:39:24
6510000,202465100000601393,,제주특별자치도 제주시 사장3길,제주특별자치도,제주시,제주특별자치도 제주시 사장3길 14,제주특별자치도 제주시 연동 296-6,제주특별자치도 제주시 연동 296-6,원호형,원호형,10,360,500,일반,Y,33.4829749600,126.4933757000,Y,N,,제주특별자치도 제주시청,064-728-3742,2024-07-25,I,2026-05-15 18:45:22,2024-09-04 21:39:32
6510000,202465100000601644,,제주특별자치도 제주시 생목수원로,제주특별자치도,제주시,,제주특별자치도 제주시 도련일동 875-1,제주특별자치도 제주시 도련일동 875-1,원호형,원호형,10,360,500,일반,Y,33.5068380116,126.5931765393,Y,N,,제주특별자치도 제주시청,064-728-3742,2024-07-25,I,2026-05-15 18:45:22,2024-09-04 21:39:34
6510000,202465100000600493,,제주특별자치도 제주시 진남로8길,제주특별자치도,제주시,제주특별자치도 제주시 진남로8길 5,제주특별자치도 제주시 화북일동 1987-3,제주특별자치도 제주시 화북일동 1987-3,원호형,원호형,10,360,500,일반,Y,33.5195601754,126.5671822388,Y,N,,제주특별자치도 제주시청,064-728-3742,2024-07-25,I,2026-05-15 18:45:22,2024-09-04 21:39:26
6510000,202465100000601065,,제주특별자치도 제주시 한수풀로,제주특별자치도,제주시,,제주특별자치도 제주시 한림읍 대림리 56,제주특별자치도 제주시 한림읍 대림리 56,원호형,원호형,10,360,500,일반,Y,33.4218259138,126.2846431225,Y,N,,제주특별자치도 제주시청,064-728-3742,2024-07-25,I,2026-05-15 18:45:22,2024-09-04 21:39:30
6510000,202465100000601765,,제주특별자치도 제주시 산천단남길,제주특별자치도,제주시,제주특별자치도 제주시 산천단남길 10,제주특별자치도 제주시 아라일동 4-17,제주특별자치도 제주시 아라일동 4-17,원호형,원호형,10,370,500,일반,Y,33.4448911815,126.5608469004,Y,N,,제주특별자치도 제주시청,064-728-3742,2024-07-25,I,2026-05-15 18:45:22,2024-09-04 21:39:34
6510000,202465100000601212,,제주특별자치도 제주시 고마로11길,제주특별자치도,제주시,제주특별자치도 제주시 고마로11길 5,제주특별자치도 제주시 일도이동 329-23,제주특별자치도 제주시 일도이동 329-23,원호형,원호형,8,360,500,일반,Y,33.5092765272,126.5402283950,Y,N,,제주특별자치도 제주시청,064-728-3742,2024-07-25,I,2026-05-15 18:45:22,2024-09-04 21:39:30
6510000,202465100000602025,,제주특별자치도 제주시 연오로,제주특별자치도,제주시,,제주특별자치도 제주시 오라삼동 2914,제주특별자치도 제주시 오라삼동 2914,원호형,원호형,10,360,500,일반,Y,33.4905902619,126.5021689877,Y,N,,제주특별자치도 제주시청,064-728-3742,2024-07-25,I,2026-05-15 18:45:22,2024-09-04 21:39:36
6510000,202465100000601893,,제주특별자치도 제주시 제주대학로,제주특별자치도,제주시,제주특별자치도 제주시 제주대학로 29,제주특별자치도 제주시 아라일동 452-11,제주특별자치도 제주시 아라일동 452-11,원호형,가상형,0,360,500,일반,Y,33.4580770800,126.5535475000,Y,N,,제주특별자치도 제주시청,064-728-3742,2024-07-25,I,2026-05-15 18:45:22,2024-09-04 21:39:35
6510000,202465100000601924,,제주특별자치도 제주시 한북로,제주특별자치도,제주시,제주특별자치도 제주시 한북로 255,제주특별자치도 제주시 오등동 318-2,제주특별자치도 제주시 오등동 318-2,원호형,원호형,10,350,500,일반,Y,33.4586021400,126.5415559000,Y,N,,제주특별자치도 제주시청,064-728-3742,2024-07-25,I,2026-05-15 18:45:22,2024-09-04 21:39:36
6510000,202465100000601580,,제주특별자치도 제주시 지석11길,제주특별자치도,제주시,제주특별자치도 제주시 지석11길 25,제주특별자치도 제주시 삼양이동 2118-12,제주특별자치도 제주시 삼양이동 2118-12,원호형,원호형,10,360,500,일반,Y,33.5232948600,126.5838941000,Y,N,,제주특별자치도 제주시청,064-728-3742,2024-07-25,I,2026-05-15 18:45:22,2024-09-04 21:39:33
6510000,202465100000601646,,제주특별자치도 제주시 생목수원로,제주특별자치도,제주시,,제주특별자치도 제주시 도련일동 892,제주특별자치도 제주시 도련일동 892,원호형,원호형,10,360,500,일반,Y,33.5064468288,126.5951508612,Y,N,,제주특별자치도 제주시청,064-728-3742,2024-07-25,I,2026-05-15 18:45:22,2024-09-04 21:39:34
6510000,202465100000601996,,제주특별자치도 제주시 월구길,제주특별자치도,제주시,제주특별자치도 제주시 월구1길 33-1,제주특별자치도 제주시 오라삼동 2669-1,제주특별자치도 제주시 오라삼동 2669-1,원호형,원호형,10,360,500,일반,Y,33.4961029899,126.5034606988,Y,N,,제주특별자치도 제주시청,064-728-3742,2024-07-25,I,2026-05-15 18:45:22,2024-09-04 21:39:36
6510000,202465100000600955,,제주특별자치도 제주시 이호해변길,제주특별자치도,제주시,,제주특별자치도 제주시 이호일동 374-4,제주특별자치도 제주시 이호일동 374-4,원호형,원호형,10,360,500,일반,Y,33.5027648338,126.4536482794,Y,N,,제주특별자치도 제주시청,064-728-3742,2024-07-25,I,2026-05-15 18:45:22,2024-09-04 21:39:29
6510000,202465100000601946,,제주특별자치도 제주시 정실3길,제주특별자치도,제주시,,제주특별자치도 제주시 오라이동 1637-3,제주특별자치도 제주시 오라이동 1637-3,원호형,원호형,10,360,500,일반,Y,33.4761085400,126.5106832000,Y,N,,제주특별자치도 제주시청,064-728-3742,2024-07-25,I,2026-05-15 18:45:22,2024-09-04 21:39:36
6510000,202465100000601196,,제주특별자치도 제주시 신산로13길,제주특별자치도,제주시,제주특별자치도 제주시 신산로13길 18,제주특별자치도 제주시 일도이동 340,제주특별자치도 제주시 일도이동 340,원호형,원호형,8,360,500,일반,Y,33.5067627100,126.5366482000,Y,N,,제주특별자치도 제주시청,064-728-3742,2024-07-25,I,2026-05-15 18:45:22,2024-09-04 21:39:30
6510000,202465100000600108,,제주특별자치도 제주시 북촌7길,제주특별자치도,제주시,제주특별자치도 제주시 조천읍 북촌7길 7,제주특별자치도 제주시 조천읍 북촌리 1261-4,제주특별자치도 제주시 조천읍 북촌리 1261-4,원호형,원호형,10,360,500,일반,Y,33.5484595399,126.6936499207,Y,N,,제주특별자치도 제주시청,064-728-3742,2024-07-25,I,2026-05-15 18:45:22,2024-09-04 21:39:24
6510000,202465100000601633,,제주특별자치도 제주시 도련3길,제주특별자치도,제주시,제주특별자치도 제주시 도련길 32,제주특별자치도 제주시 도련일동 1695-1,제주특별자치도 제주시 도련일동 1695-1,원호형,원호형,10,360,500,일반,Y,33.5087582700,126.5866074000,Y,N,,제주특별자치도 제주시청,064-728-3742,2024-07-25,I,2026-05-15 18:45:22,2024-09-04 21:39:34
6510000,202465100000601943,,제주특별자치도 제주시 종천길,제주특별자치도,제주시,제주특별자치도 제주시 종천길 75,제주특별자치도 제주시 오라이동 3386-1,제주특별자치도 제주시 오라이동 3386-1,원호형,원호형,10,360,500,일반,Y,33.4680084553,126.5022888611,Y,N,,제주특별자치도 제주시청,064-728-3742,2024-07-25,I,2026-05-15 18:45:22,2024-09-04 21:39:36
6510000,202465100000601021,,제주특별자치도 제주시 도리로,제주특별자치도,제주시,,제주특별자치도 제주시 도두일동 1551-1,제주특별자치도 제주시 도두일동 1551-1,원호형,원호형,10,360,500,일반,Y,33.5053842718,126.4755305097,Y,N,,제주특별자치도 제주시청,064-728-3742,2024-07-25,I,2026-05-15 18:45:22,2024-09-04 21:39:29
6510000,202465100000601568,,제주특별자치도 제주시 설촌로4길,제주특별자치도,제주시,제주특별자치도 제주시 지석13길 19,제주특별자치도 제주시 삼양이동 2120-21,제주특별자치도 제주시 삼양이동 2120-21,원호형,원호형,10,360,500,일반,Y,33.5227585400,126.5846327000,Y,N,,제주특별자치도 제주시청,064-728-3742,2024-07-25,I,2026-05-15 18:45:22,2024-09-04 21:39:33
6510000,202465100000600045,,제주특별자치도 제주시 천덕로,제주특별자치도,제주시,,제주특별자치도 제주시 애월읍 곽지리 248-1,제주특별자치도 제주시 애월읍 곽지리 248-1,원호형,원호형,10,360,500,일반,Y,33.4389242952,126.3196475574,Y,N,,제주특별자치도 제주시청,064-728-3742,2024-07-25,I,2026-05-15 18:45:22,2024-09-04 21:39:24
6510000,202465100000600906,,제주특별자치도 제주시 절물3길,제주특별자치도,제주시,제주특별자치도 제주시 절물3길 18,제주특별자치도 제주시 외도일동 452-6,제주특별자치도 제주시 외도일동 452-6,원호형,원호형,10,360,500,일반,Y,33.4909527383,126.4333801796,Y,N,,제주특별자치도 제주시청,064-728-3742,2024-07-25,I,2026-05-15 18:45:22,2024-09-04 21:39:29
6510000,202465100000600044,,제주특별자치도 제주시 애월해안로,제주특별자치도,제주시,,제주특별자치도 제주시 애월읍 애월리 402-8,제주특별자치도 제주시 애월읍 애월리 402-8,원호형,원호형,10,360,500,일반,Y,33.4660321235,126.3256509751,Y,N,,제주특별자치도 제주시청,064-728-3742,2024-07-25,I,2026-05-15 18:45:22,2024-09-04 21:39:24
6510000,202465100000600507,,제주특별자치도 제주시 진동로5길,제주특별자치도,제주시,,제주특별자치도 제주시 화북일동 1957,제주특별자치도 제주시 화북일동 1957,원호형,원호형,10,360,500,일반,Y,33.5214783622,126.5647685438,Y,N,,제주특별자치도 제주시청,064-728-3742,2024-07-25,I,2026-05-15 18:45:22,2024-09-04 21:39:26
6510000,202465100000601183,,제주특별자치도 제주시 신산로3길,제주특별자치도,제주시,제주특별자치도 제주시 신산로3길 18,제주특별자치도 제주시 일도이동 1007-1,제주특별자치도 제주시 일도이동 1007-1,원호형,원호형,8,360,500,일반,Y,33.5118938100,126.5333225000,Y,N,,제주특별자치도 제주시청,064-728-3742,2024-07-25,I,2026-05-15 18:45:22,2024-09-04 21:39:30
6510000,202465100000601301,,제주특별자치도 제주시 중앙로,제주특별자치도,제주시,제주특별자치도 제주시 중앙로 270-2,제주특별자치도 제주시 이도이동 1011-7,제주특별자치도 제주시 이도이동 1011-7,원호형,원호형,10,360,500,일반,Y,33.4959339000,126.5319804000,Y,N,,제주특별자치도 제주시청,064-728-3742,2024-07-25,I,2026-05-15 18:45:22,2024-09-04 21:39:31
6510000,202465100000601889,,제주특별자치도 제주시 인다8길,제주특별자치도,제주시,제주특별자치도 제주시 인다8길 7,제주특별자치도 제주시 아라일동 6109-16,제주특별자치도 제주시 아라일동 6109-16,원호형,원호형,8,360,500,일반,Y,33.4762940000,126.5456906000,Y,N,,제주특별자치도 제주시청,064-728-3742,2024-07-25,I,2026-05-15 18:45:22,2024-09-04 21:39:35
6510000,202465100000600181,,제주특별자치도 제주시 신와로,제주특별자치도,제주시,,제주특별자치도 제주시 조천읍 신촌리 1367,제주특별자치도 제주시 조천읍 신촌리 1367,원호형,원호형,10,360,500,일반,Y,33.5197908126,126.6188690991,Y,N,,제주특별자치도 제주시청,064-728-3742,2024-07-25,I,2026-05-15 18:45:22,2024-09-04 21:39:24
6510000,202465100000600935,,제주특별자치도 제주시 테우해안로,제주특별자치도,제주시,,제주특별자치도 제주시 이호일동 1801,제주특별자치도 제주시 이호일동 1801,원호형,원호형,10,360,500,일반,Y,33.4978690437,126.4475196586,Y,N,,제주특별자치도 제주시청,064-728-3742,2024-07-25,I,2026-05-15 18:45:22,2024-09-04 21:39:29
6510000,202465100000600238,,제주특별자치도 제주시 서광로 18길,제주특별자치도,제주시,제주특별자치도 제주시 서광로18길 11,제주특별자치도 제주시 삼도일동 573-1,제주특별자치도 제주시 삼도일동 573-1,원호형,원호형,10,360,500,일반,Y,33.4989311900,126.5205988000,Y,N,,제주특별자치도 제주시청,064-728-3742,2024-07-25,I,2026-05-15 18:45:22,2024-09-04 21:39:25
6510000,202465100000600479,,제주특별자치도 제주시 금산5길,제주특별자치도,제주시,제주특별자치도 제주시 금산5길 24-1,제주특별자치도 제주시 화북일동 4261,제주특별자치도 제주시 화북일동 4261,원호형,원호형,10,360,500,일반,Y,33.5248991220,126.5639675975,Y,N,,제주특별자치도 제주시청,064-728-3742,2024-07-25,I,2026-05-15 18:45:22,2024-09-04 21:39:26
6510000,202465100000600258,,제주특별자치도 제주시 서사로 19길,제주특별자치도,제주시,제주특별자치도 제주시 서사로19길 39,제주특별자치도 제주시 삼도일동 319-15,제주특별자치도 제주시 삼도일동 319-15,원호형,가상형,0,360,500,일반,Y,33.5012857936,126.5241545085,Y,N,,제주특별자치도 제주시청,064-728-3742,2024-07-25,I,2026-05-15 18:45:22,2024-09-04 21:39:25
6510000,202465100000601252,,제주특별자치도 제주시 연수로3길,제주특별자치도,제주시,제주특별자치도 제주시 연수로3길 4,제주특별자치도 제주시 일도이동 68,제주특별자치도 제주시 일도이동 68,원호형,가상형,0,360,500,일반,Y,33.5022189434,126.5433704892,Y,N,,제주특별자치도 제주시청,064-728-3742,2024-07-25,I,2026-05-15 18:45:22,2024-09-04 21:39:31
6510000,202465100000600848,,제주특별자치도 제주시 신산마을길,제주특별자치도,제주시,제주특별자치도 제주시 신산마을길 88,제주특별자치도 제주시 도평동 640-9,제주특별자치도 제주시 도평동 640-9,원호형,원호형,10,360,500,일반,Y,33.4880700100,126.4514980000,Y,N,,제주특별자치도 제주시청,064-728-3742,2024-07-25,I,2026-05-15 18:45:22,2024-09-04 21:39:28
6510000,202465100000601530,,제주특별자치도 제주시 선사로8길,제주특별자치도,제주시,제주특별자치도 제주시 선사로8길 28,제주특별자치도 제주시 삼양일동 1638-3,제주특별자치도 제주시 삼양일동 1638-3,원호형,원호형,10,360,500,일반,Y,33.5261900600,126.5882409000,Y,N,,제주특별자치도 제주시청,064-728-3742,2024-07-25,I,2026-05-15 18:45:22,2024-09-04 21:39:33
6510000,202465100000601015,,제주특별자치도 제주시 서해안로,제주특별자치도,제주시,,제주특별자치도 제주시 도두이동 1659,제주특별자치도 제주시 도두이동 1659,원호형,원호형,10,360,500,일반,Y,33.5087740400,126.4758779903,Y,N,,제주특별자치도 제주시청,064-728-3742,2024-07-25,I,2026-05-15 18:45:22,2024-09-04 21:39:29
6510000,202465100000601386,,제주특별자치도 제주시 연동8길,제주특별자치도,제주시,제주특별자치도 제주시 연동8길 4,제주특별자치도 제주시 연동 274-50,제주특별자치도 제주시 연동 274-50,원호형,가상형,0,360,500,일반,Y,33.4855769500,126.4904263000,Y,N,,제주특별자치도 제주시청,064-728-3742,2024-07-25,I,2026-05-15 18:45:22,2024-09-04 21:39:32
6510000,202465100000600895,,제주특별자치도 제주시 우정로16길,제주특별자치도,제주시,제주특별자치도 제주시 우정로16길 22,제주특별자치도 제주시 외도일동 539-12,제주특별자치도 제주시 외도일동 539-12,원호형,원호형,10,360,500,일반,Y,33.4860592700,126.4285282000,Y,N,,제주특별자치도 제주시청,064-728-3742,2024-07-25,I,2026-05-15 18:45:22,2024-09-04 21:39:28
6510000,202465100000600851,,제주특별자치도 제주시 신산마을길,제주특별자치도,제주시,제주특별자치도 제주시 신산마을길 130,제주특별자치도 제주시 도평동 506,제주특별자치도 제주시 도평동 506,원호형,원호형,10,360,500,일반,Y,33.4848489100,126.4535209000,Y,N,,제주특별자치도 제주시청,064-728-3742,2024-07-25,I,2026-05-15 18:45:22,2024-09-04 21:39:28
6510000,202465100000600911,,제주특별자치도 제주시 도근내길,제주특별자치도,제주시,제주특별자치도 제주시 도근내길 4,제주특별자치도 제주시 외도일동 429-9,제주특별자치도 제주시 외도일동 429-9,원호형,원호형,10,360,500,일반,Y,33.4927663500,126.4317804000,Y,N,,제주특별자치도 제주시청,064-728-3742,2024-07-25,I,2026-05-15 18:45:22,2024-09-04 21:39:29
6510000,202465100000600927,,제주특별자치도 제주시 연대마을길,제주특별자치도,제주시,제주특별자치도 제주시 연대마을길 75,제주특별자치도 제주시 외도이동 2017,제주특별자치도 제주시 외도이동 2017,원호형,원호형,10,360,500,일반,Y,33.4925160700,126.4239299000,Y,N,,제주특별자치도 제주시청,064-728-3742,2024-07-25,I,2026-05-15 18:45:22,2024-09-04 21:39:29
6510000,202465100000600715,,제주특별자치도 제주시 정존9길,제주특별자치도,제주시,제주특별자치도 제주시 정존9길 38,제주특별자치도 제주시 노형동 2523-5,제주특별자치도 제주시 노형동 2523-5,원호형,원호형,10,360,500,일반,Y,33.4827767895,126.4734319731,Y,N,,제주특별자치도 제주시청,064-728-3742,2024-07-25,I,2026-05-15 18:45:22,2024-09-04 21:39:27
6510000,202465100000600551,,제주특별자치도 제주시 황사평4길,제주특별자치도,제주시,제주특별자치도 제주시 황사평4길 28,제주특별자치도 제주시 화북이동 2997-22,제주특별자치도 제주시 화북이동 2997-22,원호형,원호형,10,360,500,일반,Y,33.4939497500,126.5606898000,Y,N,,제주특별자치도 제주시청,064-728-3742,2024-07-25,I,2026-05-15 18:45:22,2024-09-04 21:39:26
6510000,202465100000600361,,제주특별자치도 제주시 월성로4길,제주특별자치도,제주시,제주특별자치도 제주시 월성로4길 58,제주특별자치도 제주시 용담이동 1667-1,제주특별자치도 제주시 용담이동 1667-1,원호형,원호형,8,360,500,일반,Y,33.4995206500,126.4999767000,Y,N,,제주특별자치도 제주시청,064-728-3742,2024-07-25,I,2026-05-15 18:45:22,2024-09-04 21:39:25
6510000,202465100000600196,,제주특별자치도 제주시 함대로,제주특별자치도,제주시,,제주특별자치도 제주시 조천읍 함덕리 2936-4,제주특별자치도 제주시 조천읍 함덕리 2936-4,원호형,원호형,10,360,500,일반,Y,33.5413727498,126.6581077958,Y,N,,제주특별자치도 제주시청,064-728-3742,2024-07-25,I,2026-05-15 18:45:22,2024-09-04 21:39:25
6510000,202465100000600575,,제주특별자치도 제주시 동화로1길,제주특별자치도,제주시,,제주특별자치도 제주시 화북일동 15-14,제주특별자치도 제주시 화북일동 15-14,원호형,원호형,10,360,500,일반,Y,33.5175213616,126.5774846508,Y,N,,제주특별자치도 제주시청,064-728-3742,2024-07-25,I,2026-05-15 18:45:22,2024-09-04 21:39:27
6510000,202465100000601766,,제주특별자치도 제주시 산천단남길,제주특별자치도,제주시,제주특별자치도 제주시 산천단남길 28,제주특별자치도 제주시 아라일동 368-23,제주특별자치도 제주시 아라일동 368-23,원호형,원호형,10,360,500,일반,Y,33.4461532400,126.5609989000,Y,N,,제주특별자치도 제주시청,064-728-3742,2024-07-25,I,2026-05-15 18:45:22,2024-09-04 21:39:34
6510000,202465100000601415,,제주특별자치도 제주시 남녕로6길,제주특별자치도,제주시,제주특별자치도 제주시 남녕로6길 4,제주특별자치도 제주시 연동 1954-1,제주특별자치도 제주시 연동 1954-1,원호형,원호형,10,360,500,일반,Y,33.4910516600,126.4810341000,Y,N,,제주특별자치도 제주시청,064-728-3742,2024-07-25,I,2026-05-15 18:45:22,2024-09-04 21:39:32
6510000,202465100000601552,,제주특별자치도 제주시 연삼로,제주특별자치도,제주시,,제주특별자치도 제주시 삼양일동 598-8,제주특별자치도 제주시 삼양일동 598-8,원호형,원호형,10,360,500,일반,Y,33.5209933084,126.5983458922,Y,N,,제주특별자치도 제주시청,064-728-3742,2024-07-25,I,2026-05-15 18:45:22,2024-09-04 21:39:33
6510000,202465100000601113,,제주특별자치도 제주시 금능남로,제주특별자치도,제주시,,제주특별자치도 제주시 한림읍 금능리 485-1,제주특별자치도 제주시 한림읍 금능리 485-1,원호형,원호형,10,360,500,일반,Y,33.3629270213,126.2474015470,Y,N,,제주특별자치도 제주시청,064-728-3742,2024-07-25,I,2026-05-15 18:45:22,2024-09-04 21:39:30
6510000,202465100000601041,,제주특별자치도 제주시 오일장중길,제주특별자치도,제주시,,제주특별자치도 제주시 도두일동 1291-2,제주특별자치도 제주시 도두일동 1291-2,원호형,원호형,8,360,500,일반,Y,33.4987536111,126.4774749941,Y,N,,제주특별자치도 제주시청,064-728-3742,2024-07-25,I,2026-05-15 18:45:22,2024-09-04 21:39:29
6510000,202465100000600602,,제주특별자치도 제주시 봉개동길,제주특별자치도,제주시,제주특별자치도 제주시 봉개동길 4,제주특별자치도 제주시 봉개동 1952,제주특별자치도 제주시 봉개동 1952,원호형,원호형,10,360,500,일반,Y,33.4909318000,126.5929684000,Y,N,,제주특별자치도 제주시청,064-728-3742,2024-07-25,I,2026-05-15 18:45:22,2024-09-04 21:39:27
6510000,202465100000600725,,제주특별자치도 제주시 정존3길,제주특별자치도,제주시,제주특별자치도 제주시 정존13길 20,제주특별자치도 제주시 노형동 1283-9,제주특별자치도 제주시 노형동 1283-9,원호형,원호형,10,360,500,일반,Y,33.4863765300,126.4765064000,Y,N,,제주특별자치도 제주시청,064-728-3742,2024-07-25,I,2026-05-15 18:45:22,2024-09-04 21:39:27
6510000,202465100000601139,,제주특별자치도 제주시 해맞이해안로,제주특별자치도,제주시,,제주특별자치도 제주시 구좌읍 행원리 575-4,제주특별자치도 제주시 구좌읍 행원리 575-4,원호형,원호형,10,360,500,일반,Y,33.5579743537,126.8122791016,Y,N,,제주특별자치도 제주시청,064-728-3742,2024-07-25,I,2026-05-15 18:45:22,2024-09-04 21:39:30
6510000,202465100000601888,,제주특별자치도 제주시 인다8길,제주특별자치도,제주시,제주특별자치도 제주시 인다8길 38,제주특별자치도 제주시 아라일동 6112-7,제주특별자치도 제주시 아라일동 6112-7,원호형,원호형,8,370,500,일반,Y,33.4761569800,126.5488557000,Y,N,,제주특별자치도 제주시청,064-728-3742,2024-07-25,I,2026-05-15 18:45:22,2024-09-04 21:39:35
6510000,202465100000600814,,제주특별자치도 제주시 도평동길,제주특별자치도,제주시,제주특별자치도 제주시 도평동길 23,제주특별자치도 제주시 도평동 805-1,제주특별자치도 제주시 도평동 805-1,원호형,원호형,10,360,500,일반,Y,33.4788985000,126.4503811000,Y,N,,제주특별자치도 제주시청,064-728-3742,2024-07-25,I,2026-05-15 18:45:22,2024-09-04 21:39:28
6510000,202465100000601876,,제주특별자치도 제주시 인다1길,제주특별자치도,제주시,제주특별자치도 제주시 인다1길 20,제주특별자치도 제주시 아라일동 6121,제주특별자치도 제주시 아라일동 6121,원호형,원호형,10,360,500,일반,Y,33.4775741217,126.5501248394,Y,N,,제주특별자치도 제주시청,064-728-3742,2024-07-25,I,2026-05-15 18:45:22,2024-09-04 21:39:35
6510000,202465100000601397,,제주특별자치도 제주시 신대로20길,제주특별자치도,제주시,제주특별자치도 제주시 신대로20길 34,제주특별자치도 제주시 연동 285-9,제주특별자치도 제주시 연동 285-9,원호형,원호형,8,360,500,일반,Y,33.4838558400,126.4928306000,Y,N,,제주특별자치도 제주시청,064-728-3742,2024-07-25,I,2026-05-15 18:45:22,2024-09-04 21:39:32
6510000,202465100000601362,,제주특별자치도 제주시 연화중길,제주특별자치도,제주시,제주특별자치도 제주시 연화중길 18,제주특별자치도 제주시 연동 1527-6,제주특별자치도 제주시 연동 1527-6,원호형,원호형,10,360,500,일반,Y,33.4773030058,126.4885815586,Y,N,,제주특별자치도 제주시청,064-728-3742,2024-07-25,I,2026-05-15 18:45:22,2024-09-04 21:39:32
6510000,202465100000600040,,제주특별자치도 제주시 하가로2길,제주특별자치도,제주시,,제주특별자치도 제주시 애월읍 하가리 1276-1,제주특별자치도 제주시 애월읍 하가리 1276-1,원호형,원호형,10,360,500,일반,Y,33.4620375297,126.3453430549,Y,N,,제주특별자치도 제주시청,064-728-3742,2024-07-25,I,2026-05-15 18:45:22,2024-09-04 21:39:24
6510000,202465100000601068,,제주특별자치도 제주시 한수풀로,제주특별자치도,제주시,,제주특별자치도 제주시 한림읍 귀덕리 2172-2,제주특별자치도 제주시 한림읍 귀덕리 2172-2,원호형,원호형,10,360,500,일반,Y,33.4182395242,126.2941809936,Y,N,,제주특별자치도 제주시청,064-728-3742,2024-07-25,I,2026-05-15 18:45:22,2024-09-04 21:39:30
6510000,202465100000601177,,제주특별자치도 제주시 삼성로13길,제주특별자치도,제주시,제주특별자치도 제주시 삼성로13길 35,제주특별자치도 제주시 일도이동 1018-11,제주특별자치도 제주시 일도이동 1018-11,원호형,원호형,8,360,500,일반,Y,33.5094211700,126.5337698000,Y,N,,제주특별자치도 제주시청,064-728-3742,2024-07-25,I,2026-05-15 18:45:22,2024-09-04 21:39:30
6510000,202465100000600655,,제주특별자치도 제주시 월산북길,제주특별자치도,제주시,,제주특별자치도 제주시 노형동 3278-8,제주특별자치도 제주시 노형동 3278-8,원호형,원호형,10,360,500,일반,Y,33.4735374408,126.4624033739,Y,N,,제주특별자치도 제주시청,064-728-3742,2024-07-25,I,2026-05-15 18:45:22,2024-09-04 21:39:27
6510000,202465100000600052,,제주특별자치도 제주시 신북로,제주특별자치도,제주시,제주특별자치도 제주시 조천읍 신북로 66,제주특별자치도 제주시 조천읍 신촌리 1792-6,제주특별자치도 제주시 조천읍 신촌리 1792-6,원호형,원호형,10,360,500,일반,Y,33.5339134197,126.6209912354,Y,N,,제주특별자치도 제주시청,064-728-3742,2024-07-25,I,2026-05-15 18:45:22,2024-09-04 21:39:24
6510000,202465100000600245,,제주특별자치도 제주시 서광로 26길,제주특별자치도,제주시,제주특별자치도 제주시 서사로23길 47-1,제주특별자치도 제주시 삼도일동 581-36,제주특별자치도 제주시 삼도일동 581-36,원호형,가상형,0,360,500,일반,Y,33.4978061400,126.5244950000,Y,N,,제주특별자치도 제주시청,064-728-3742,2024-07-25,I,2026-05-15 18:45:22,2024-09-04 21:39:25
6510000,202465100000600826,,제주특별자치도 제주시 고래소길,제주특별자치도,제주시,제주특별자치도 제주시 고래소길 3,제주특별자치도 제주시 도평동 934-3,제주특별자치도 제주시 도평동 934-3,원호형,원호형,10,360,500,일반,Y,33.4775326165,126.4507122007,Y,N,,제주특별자치도 제주시청,064-728-3742,2024-07-25,I,2026-05-15 18:45:22,2024-09-04 21:39:28
6510000,202465100000600011,,제주특별자치도 제주시 광성로,제주특별자치도,제주시,,제주특별자치도 제주시 애월읍 광령리 1287-9,제주특별자치도 제주시 애월읍 광령리 1287-9,원호형,원호형,10,360,500,일반,Y,33.4610124049,126.4401953787,Y,N,,제주특별자치도 제주시청,064-728-3742,2024-07-25,I,2026-05-15 18:45:22,2024-09-04 21:39:24
6510000,202465100000600709,,제주특별자치도 제주시 수덕9길,제주특별자치도,제주시,제주특별자치도 제주시 수덕5길 65,제주특별자치도 제주시 노형동 2523-1,제주특별자치도 제주시 노형동 2523-1,원호형,원호형,10,360,500,일반,Y,33.4833451200,126.4727236000,Y,N,,제주특별자치도 제주시청,064-728-3742,2024-07-25,I,2026-05-15 18:45:22,2024-09-04 21:39:27
6510000,202465100000600682,,제주특별자치도 제주시 수덕로,제주특별자치도,제주시,제주특별자치도 제주시 정존5길 39,제주특별자치도 제주시 노형동 2528-1,제주특별자치도 제주시 노형동 2528-1,원호형,원호형,10,360,500,일반,Y,33.4851160301,126.4714976544,Y,N,,제주특별자치도 제주시청,064-728-3742,2024-07-25,I,2026-05-15 18:45:22,2024-09-04 21:39:27
6510000,202465100000601042,,제주특별자치도 제주시 다호5길,제주특별자치도,제주시,,제주특별자치도 제주시 도두이동 92-3,제주특별자치도 제주시 도두이동 92-3,원호형,원호형,8,360,500,일반,Y,33.5015558730,126.4902622382,Y,N,,제주특별자치도 제주시청,064-728-3742,2024-07-25,I,2026-05-15 18:45:22,2024-09-04 21:39:29
6510000,202465100000600912,,제주특별자치도 제주시 도근내길,제주특별자치도,제주시,제주특별자치도 제주시 도근내길 18,제주특별자치도 제주시 외도일동 430-9,제주특별자치도 제주시 외도일동 430-9,원호형,원호형,10,360,500,일반,Y,33.4924459100,126.4329585000,Y,N,,제주특별자치도 제주시청,064-728-3742,2024-07-25,I,2026-05-15 18:45:22,2024-09-04 21:39:29
6510000,202465100000600754,,제주특별자치도 제주시 다랑곶2길,제주특별자치도,제주시,,제주특별자치도 제주시 노형동 1139-3,제주특별자치도 제주시 노형동 1139-3,원호형,원호형,8,360,500,일반,Y,33.4933500156,126.4753977821,Y,N,,제주특별자치도 제주시청,064-728-3742,2024-07-25,I,2026-05-15 18:45:22,2024-09-04 21:39:28
6510000,202465100000601262,,제주특별자치도 제주시 태성로2길,제주특별자치도,제주시,제주특별자치도 제주시 태성로2길 10,제주특별자치도 제주시 일도이동 84-1,제주특별자치도 제주시 일도이동 84-1,원호형,원호형,8,360,500,일반,Y,33.4998998000,126.5461742000,Y,N,,제주특별자치도 제주시청,064-728-3742,2024-07-25,I,2026-05-15 18:45:22,2024-09-04 21:39:31
6510000,202465100000601905,,제주특별자치도 제주시 첨단로,제주특별자치도,제주시,제주특별자치도 제주시 첨단로 216-19,제주특별자치도 제주시 영평동 2184,제주특별자치도 제주시 영평동 2184,원호형,원호형,10,360,500,일반,Y,33.4524499500,126.5708658000,Y,N,,제주특별자치도 제주시청,064-728-3742,2024-07-25,I,2026-05-15 18:45:22,2024-09-04 21:39:35
6510000,202465100000600670,,제주특별자치도 제주시 1100로,제주특별자치도,제주시,제주특별자치도 제주시 1100로 3213-27,제주특별자치도 제주시 노형동 683-1,제주특별자치도 제주시 노형동 683-1,원호형,가상형,0,360,500,일반,Y,33.4760038000,126.4815058000,Y,N,,제주특별자치도 제주시청,064-728-3742,2024-07-25,I,2026-05-15 18:45:22,2024-09-04 21:39:27
6510000,202465100000600857,,제주특별자치도 제주시 논세길,제주특별자치도,제주시,제주특별자치도 제주시 논세길 80,제주특별자치도 제주시 내도동 135-1,제주특별자치도 제주시 내도동 135-1,원호형,원호형,10,360,500,일반,Y,33.4871559500,126.4425412000,Y,N,,제주특별자치도 제주시청,064-728-3742,2024-07-25,I,2026-05-15 18:45:22,2024-09-04 21:39:28
6510000,202465100000601880,,제주특별자치도 제주시 인다2길,제주특별자치도,제주시,제주특별자치도 제주시 인다2길 20,제주특별자치도 제주시 아라일동 6117-2,제주특별자치도 제주시 아라일동 6117-2,원호형,원호형,10,360,500,일반,Y,33.4760024800,126.5497341000,Y,N,,제주특별자치도 제주시청,064-728-3742,2024-07-25,I,2026-05-15 18:45:22,2024-09-04 21:39:35
6510000,202465100000601967,,제주특별자치도 제주시 연미길,제주특별자치도,제주시,제주특별자치도 제주시 연사길 153,제주특별자치도 제주시 오라이동 3038-2,제주특별자치도 제주시 오라이동 3038-2,원호형,원호형,10,360,500,일반,Y,33.4865850671,126.5040611881,Y,N,,제주특별자치도 제주시청,064-728-3742,2024-07-25,I,2026-05-15 18:45:22,2024-09-04 21:39:36
6510000,202465100000600166,,제주특별자치도 제주시 미래로,제주특별자치도,제주시,,제주특별자치도 제주시 조천읍 와산리 1166-3,제주특별자치도 제주시 조천읍 와산리 1166-3,원호형,원호형,10,360,500,일반,Y,33.4853677825,126.6795690399,Y,N,,제주특별자치도 제주시청,064-728-3742,2024-07-25,I,2026-05-15 18:45:22,2024-09-04 21:39:24
6510000,202465100000600823,,제주특별자치도 제주시 도평길,제주특별자치도,제주시,제주특별자치도 제주시 도평길 22,제주특별자치도 제주시 도평동 872-1,제주특별자치도 제주시 도평동 872-1,원호형,원호형,10,360,500,일반,Y,33.4799065343,126.4470688640,Y,N,,제주특별자치도 제주시청,064-728-3742,2024-07-25,I,2026-05-15 18:45:22,2024-09-04 21:39:28
6510000,202465100000601290,,제주특별자치도 제주시 한경해안로,제주특별자치도,제주시,,제주특별자치도 제주시 한경면 용수리 4291-2,제주특별자치도 제주시 한경면 용수리 4291-2,원호형,원호형,10,360,500,일반,Y,33.3208944327,126.1683112579,Y,N,,제주특별자치도 제주시청,064-728-3742,2024-07-25,I,2026-05-15 18:45:22,2024-09-04 21:39:31
6510000,202465100000600607,,제주특별자치도 제주시 아봉로,제주특별자치도,제주시,제주특별자치도 제주시 아봉로 727,제주특별자치도 제주시 봉개동 2371-5,제주특별자치도 제주시 봉개동 2371-5,원호형,가상형,0,360,500,일반,Y,33.4886316800,126.5901074000,Y,N,,제주특별자치도 제주시청,064-728-3742,2024-07-25,I,2026-05-15 18:45:22,2024-09-04 21:39:27
6510000,202465100000600616,,제주특별자치도 제주시 아봉로,제주특별자치도,제주시,제주특별자치도 제주시 아봉로 548-11,제주특별자치도 제주시 용강동 678-1,제주특별자치도 제주시 용강동 678-1,원호형,원호형,10,360,500,일반,Y,33.4772150712,126.5874591065,Y,N,,제주특별자치도 제주시청,064-728-3742,2024-07-25,I,2026-05-15 18:45:22,2024-09-04 21:39:27
6510000,202465100000601799,,제주특별자치도 제주시 아란9길,제주특별자치도,제주시,제주특별자치도 제주시 아란9길 22,제주특별자치도 제주시 아라일동 6088,제주특별자치도 제주시 아라일동 6088,원호형,원호형,10,400,500,일반,Y,33.4741024500,126.5420785000,Y,N,,제주특별자치도 제주시청,064-728-3742,2024-07-25,I,2026-05-15 18:45:22,2024-09-04 21:39:35
6510000,202465100000600680,,제주특별자치도 제주시 오도9길,제주특별자치도,제주시,,제주특별자치도 제주시 노형동 2899-2,제주특별자치도 제주시 노형동 2899-2,원호형,원호형,10,360,500,일반,Y,33.4848210956,126.4648297763,Y,N,,제주특별자치도 제주시청,064-728-3742,2024-07-25,I,2026-05-15 18:45:22,2024-09-04 21:39:27
6510000,202465100000601207,,제주특별자치도 제주시 고마로9길,제주특별자치도,제주시,제주특별자치도 제주시 고마로9길 6,제주특별자치도 제주시 일도이동 329,제주특별자치도 제주시 일도이동 329,원호형,원호형,8,360,500,일반,Y,33.5101589749,126.5398317479,Y,N,,제주특별자치도 제주시청,064-728-3742,2024-07-25,I,2026-05-15 18:45:22,2024-09-04 21:39:30
6510000,202465100000600252,,제주특별자치도 제주시 서광로 21길,제주특별자치도,제주시,제주특별자치도 제주시 서광로21길 11-1,제주특별자치도 제주시 삼도일동 550-10,제주특별자치도 제주시 삼도일동 550-10,원호형,가상형,0,360,500,일반,Y,33.5010978000,126.5219041000,Y,N,,제주특별자치도 제주시청,064-728-3742,2024-07-25,I,2026-05-15 18:45:22,2024-09-04 21:39:25
6510000,202465100000601389,,제주특별자치도 제주시 신대로22길,제주특별자치도,제주시,제주특별자치도 제주시 신대로22길 14,제주특별자치도 제주시 연동 298-2,제주특별자치도 제주시 연동 298-2,원호형,가상형,0,360,500,일반,Y,33.4825753600,126.4935029000,Y,N,,제주특별자치도 제주시청,064-728-3742,2024-07-25,I,2026-05-15 18:45:22,2024-09-04 21:39:32
6510000,202465100000600071,,제주특별자치도 제주시 신북로,제주특별자치도,제주시,제주특별자치도 제주시 조천읍 신북로 586-1,제주특별자치도 제주시 조천읍 함덕리 954-27,제주특별자치도 제주시 조천읍 함덕리 954-27,원호형,원호형,10,360,500,일반,Y,33.5396398276,126.6720810787,Y,N,,제주특별자치도 제주시청,064-728-3742,2024-07-25,I,2026-05-15 18:45:22,2024-09-04 21:39:24
6510000,202465100000600914,,제주특별자치도 제주시 도근내길,제주특별자치도,제주시,제주특별자치도 제주시 도근내길 26,제주특별자치도 제주시 외도일동 436-13,제주특별자치도 제주시 외도일동 436-13,원호형,원호형,10,360,500,일반,Y,33.4922822957,126.4338503616,Y,N,,제주특별자치도 제주시청,064-728-3742,2024-07-25,I,2026-05-15 18:45:22,2024-09-04 21:39:29
6510000,202465100000600474,,제주특별자치도 제주시 진서로,제주특별자치도,제주시,,제주특별자치도 제주시 화북일동 4301-4,제주특별자치도 제주시 화북일동 4301-4,원호형,원호형,10,360,500,일반,Y,33.5251333591,126.5624910621,Y,N,,제주특별자치도 제주시청,064-728-3742,2024-07-25,I,2026-05-15 18:45:22,2024-09-04 21:39:26
6510000,202465100000601060,,제주특별자치도 제주시 대림로,제주특별자치도,제주시,제주특별자치도 제주시 한림읍 대림로 13,제주특별자치도 제주시 한림읍 대림리 1394-2,제주특별자치도 제주시 한림읍 대림리 1394-2,원호형,원호형,10,360,500,일반,Y,33.4238297950,126.2792450763,Y,N,,제주특별자치도 제주시청,064-728-3742,2024-07-25,I,2026-05-15 18:45:22,2024-09-04 21:39:29
6510000,202465100000600484,,제주특별자치도 제주시 진북길,제주특별자치도,제주시,제주특별자치도 제주시 진북길 18-2,제주특별자치도 제주시 화북일동 1607,제주특별자치도 제주시 화북일동 1607,원호형,원호형,10,360,500,일반,Y,33.5245061800,126.5663992000,Y,N,,제주특별자치도 제주시청,064-728-3742,2024-07-25,I,2026-05-15 18:45:22,2024-09-04 21:39:26
6510000,202465100000601064,,제주특별자치도 제주시 한수풀로,제주특별자치도,제주시,,제주특별자치도 제주시 한림읍 대림리 589-5,제주특별자치도 제주시 한림읍 대림리 589-5,원호형,원호형,10,360,500,일반,Y,33.4218884842,126.2831173961,Y,N,,제주특별자치도 제주시청,064-728-3742,2024-07-25,I,2026-05-15 18:45:22,2024-09-04 21:39:29
6510000,202465100000600201,,제주특별자치도 제주시 조함해안로,제주특별자치도,제주시,제주특별자치도 제주시 조천읍 조함해안로 122,제주특별자치도 제주시 조천읍 조천리 920-1,제주특별자치도 제주시 조천읍 조천리 920-1,원호형,원호형,10,360,500,일반,Y,33.5468389909,126.6399032528,Y,N,,제주특별자치도 제주시청,064-728-3742,2024-07-25,I,2026-05-15 18:45:22,2024-09-04 21:39:25
6510000,202465100000600840,,제주특별자치도 제주시 우평로,제주특별자치도,제주시,제주특별자치도 제주시 우평로 311,제주특별자치도 제주시 외도일동 755-1,제주특별자치도 제주시 외도일동 755-1,원호형,원호형,10,360,500,일반,Y,33.4838704800,126.4335964000,Y,N,,제주특별자치도 제주시청,064-728-3742,2024-07-25,I,2026-05-15 18:45:22,2024-09-04 21:39:28
6510000,202465100000600138,,제주특별자치도 제주시 북선로,제주특별자치도,제주시,,제주특별자치도 제주시 조천읍 선흘리 3457-2,제주특별자치도 제주시 조천읍 선흘리 3457-2,원호형,원호형,10,360,500,일반,Y,33.5189037127,126.6889737378,Y,N,,제주특별자치도 제주시청,064-728-3742,2024-07-25,I,2026-05-15 18:45:22,2024-09-04 21:39:24
6510000,202465100000600883,,제주특별자치도 제주시 우정로4길,제주특별자치도,제주시,제주특별자치도 제주시 우정로4길 12,제주특별자치도 제주시 외도일동 416-8,제주특별자치도 제주시 외도일동 416-8,원호형,원호형,10,360,500,일반,Y,33.4914798967,126.4293131932,Y,N,,제주특별자치도 제주시청,064-728-3742,2024-07-25,I,2026-05-15 18:45:22,2024-09-04 21:39:28
6510000,202465100000601802,,제주특별자치도 제주시 아란9길,제주특별자치도,제주시,제주특별자치도 제주시 아란9길 33,제주특별자치도 제주시 아라일동 6069,제주특별자치도 제주시 아라일동 6069,원호형,원호형,10,350,500,일반,Y,33.4722582300,126.5419304000,Y,N,,제주특별자치도 제주시청,064-728-3742,2024-07-25,I,2026-05-15 18:45:22,2024-09-04 21:39:35
6510000,202465100000601681,,제주특별자치도 제주시 남성로4길,제주특별자치도,제주시,제주특별자치도 제주시 서광로5길 24,제주특별자치도 제주시 용담일동 2823,제주특별자치도 제주시 용담일동 2823,원호형,원호형,10,360,500,일반,Y,33.5019820613,126.5145477763,Y,N,,제주특별자치도 제주시청,064-728-3742,2024-07-25,I,2026-05-15 18:45:22,2024-09-04 21:39:34
6510000,202465100000600116,,제주특별자치도 제주시 북흘로,제주특별자치도,제주시,,제주특별자치도 제주시 조천읍 북촌리 145,제주특별자치도 제주시 조천읍 북촌리 145,원호형,원호형,10,360,500,일반,Y,33.5394463414,126.7005380592,Y,N,,제주특별자치도 제주시청,064-728-3742,2024-07-25,I,2026-05-15 18:45:22,2024-09-04 21:39:24
6510000,202465100000600289,,제주특별자치도 제주시 서사로 14길,제주특별자치도,제주시,제주특별자치도 제주시 서사로14길 48,제주특별자치도 제주시 삼도일동 498-21,제주특별자치도 제주시 삼도일동 498-21,원호형,가상형,0,360,500,일반,Y,33.5037237700,126.5148518000,Y,N,,제주특별자치도 제주시청,064-728-3742,2024-07-25,I,2026-05-15 18:45:22,2024-09-04 21:39:25
6510000,202465100000601625,,제주특별자치도 제주시 도련길,제주특별자치도,제주시,,제주특별자치도 제주시 도련일동 1665,제주특별자치도 제주시 도련일동 1665,원호형,원호형,10,360,500,일반,Y,33.5088448920,126.5880894087,Y,N,,제주특별자치도 제주시청,064-728-3742,2024-07-25,I,2026-05-15 18:45:22,2024-09-04 21:39:34
6510000,202465100000600359,,제주특별자치도 제주시 월성로4길,제주특별자치도,제주시,제주특별자치도 제주시 월성로4길 25,제주특별자치도 제주시 용담이동 2765,제주특별자치도 제주시 용담이동 2765,원호형,원호형,8,360,500,일반,Y,33.5011819200,126.5029099000,Y,N,,제주특별자치도 제주시청,064-728-3742,2024-07-25,I,2026-05-15 18:45:22,2024-09-04 21:39:25
6510000,202465100000601936,,제주특별자치도 제주시 아연로,제주특별자치도,제주시,제주특별자치도 제주시 아연로 154,제주특별자치도 제주시 오라이동 778,제주특별자치도 제주시 오라이동 778,원호형,원호형,10,360,500,일반,Y,33.4718755689,126.5073873546,Y,N,,제주특별자치도 제주시청,064-728-3742,2024-07-25,I,2026-05-15 18:45:22,2024-09-04 21:39:36
6510000,202465100000600978,,제주특별자치도 제주시 오도4길,제주특별자치도,제주시,제주특별자치도 제주시 오도4길 13,제주특별자치도 제주시 이호이동 882-2,제주특별자치도 제주시 이호이동 882-2,원호형,원호형,10,360,500,일반,Y,33.4930634000,126.4586601000,Y,N,,제주특별자치도 제주시청,064-728-3742,2024-07-25,I,2026-05-15 18:45:22,2024-09-04 21:39:29
6510000,202465100000600257,,제주특별자치도 제주시 서사로 19길,제주특별자치도,제주시,제주특별자치도 제주시 서사로19길 37,제주특별자치도 제주시 삼도일동 319-24,제주특별자치도 제주시 삼도일동 319-24,원호형,가상형,0,360,500,일반,Y,33.5012742300,126.5238897000,Y,N,,제주특별자치도 제주시청,064-728-3742,2024-07-25,I,2026-05-15 18:45:22,2024-09-04 21:39:25
6510000,202465100000601538,,제주특별자치도 제주시 선사로2길,제주특별자치도,제주시,제주특별자치도 제주시 선사로2길 19,제주특별자치도 제주시 삼양일동 1660-12,제주특별자치도 제주시 삼양일동 1660-12,원호형,원호형,10,360,500,일반,Y,33.5236279327,126.5883821761,Y,N,,제주특별자치도 제주시청,064-728-3742,2024-07-25,I,2026-05-15 18:45:22,2024-09-04 21:39:33
6510000,202465100000601901,,제주특별자치도 제주시 첨단로,제주특별자치도,제주시,제주특별자치도 제주시 첨단로 213-4,제주특별자치도 제주시 영평동 2170-2,제주특별자치도 제주시 영평동 2170-2,원호형,원호형,10,390,500,일반,Y,33.4529029642,126.5725520774,Y,N,,제주특별자치도 제주시청,064-728-3742,2024-07-25,I,2026-05-15 18:45:22,2024-09-04 21:39:35
6510000,202465100000601699,,제주특별자치도 제주시 용담로20길,제주특별자치도,제주시,제주특별자치도 제주시 용담로20길 26-1,제주특별자치도 제주시 용담일동 246-20,제주특별자치도 제주시 용담일동 246-20,원호형,원호형,8,360,500,일반,Y,33.5079113694,126.5135122546,Y,N,,제주특별자치도 제주시청,064-728-3742,2024-07-25,I,2026-05-15 18:45:22,2024-09-04 21:39:34
6510000,202465100000601307,,제주특별자치도 제주시 동광로12길,제주특별자치도,제주시,제주특별자치도 제주시 동광로12길 13,제주특별자치도 제주시 이도이동 1166-6,제주특별자치도 제주시 이도이동 1166-6,원호형,원호형,10,360,500,일반,Y,33.5021304400,126.5353050000,Y,N,,제주특별자치도 제주시청,064-728-3742,2024-07-25,I,2026-05-15 18:45:22,2024-09-04 21:39:31
6510000,202465100000600802,,제주특별자치도 제주시 진군중길,제주특별자치도,제주시,제주특별자치도 제주시 진군중길 14,제주특별자치도 제주시 노형동 747-7,제주특별자치도 제주시 노형동 747-7,원호형,원호형,10,360,500,일반,Y,33.4777877270,126.4793408330,Y,N,,제주특별자치도 제주시청,064-728-3742,2024-07-25,I,2026-05-15 18:45:22,2024-09-04 21:39:28
6510000,202465100000600997,,제주특별자치도 제주시 도공로,제주특별자치도,제주시,제주특별자치도 제주시 도공로 11,제주특별자치도 제주시 도두일동 2627-1,제주특별자치도 제주시 도두일동 2627-1,원호형,원호형,10,360,500,일반,Y,33.5051813500,126.4654632000,Y,N,,제주특별자치도 제주시청,064-728-3742,2024-07-25,I,2026-05-15 18:45:22,2024-09-04 21:39:29
6510000,202465100000601990,,제주특별자치도 제주시 오라로,제주특별자치도,제주시,제주특별자치도 제주시 오라로 50,제주특별자치도 제주시 오라삼동 2271-1,제주특별자치도 제주시 오라삼동 2271-1,원호형,원호형,10,360,500,일반,Y,33.4961727745,126.5085628522,Y,N,,제주특별자치도 제주시청,064-728-3742,2024-07-25,I,2026-05-15 18:45:22,2024-09-04 21:39:36
6510000,202465100000601105,,제주특별자치도 제주시 한림로,제주특별자치도,제주시,제주특별자치도 제주시 한림읍 한림로 68,제주특별자치도 제주시 한림읍 금능리 1985-1,제주특별자치도 제주시 한림읍 금능리 1985-1,원호형,원호형,10,360,500,일반,Y,33.3802080535,126.2188118984,Y,N,,제주특별자치도 제주시청,064-728-3742,2024-07-25,I,2026-05-15 18:45:22,2024-09-04 21:39:30
6510000,202465100000601164,,제주특별자치도 제주시 송당6길,제주특별자치도,제주시,제주특별자치도 제주시 구좌읍 송당6길 312,제주특별자치도 제주시 구좌읍 송당리 산 168,제주특별자치도 제주시 구좌읍 송당리 산 168,원호형,원호형,10,360,500,일반,Y,33.4450554971,126.7803186011,Y,N,,제주특별자치도 제주시청,064-728-3742,2024-07-25,I,2026-05-15 18:45:22,2024-09-04 21:39:30
6510000,202465100000600618,,제주특별자치도 제주시 명림로,제주특별자치도,제주시,제주특별자치도 제주시 명림로 163,제주특별자치도 제주시 봉개동 407-1,제주특별자치도 제주시 봉개동 407-1,원호형,원호형,10,360,500,일반,Y,33.4724895000,126.6105004000,Y,N,,제주특별자치도 제주시청,064-728-3742,2024-07-25,I,2026-05-15 18:45:22,2024-09-04 21:39:27
6510000,202465100000601304,,제주특별자치도 제주시 도남로3길,제주특별자치도,제주시,제주특별자치도 제주시 도남로3길 17,제주특별자치도 제주시 도남동 919-8,제주특별자치도 제주시 도남동 919-8,원호형,원호형,10,360,500,일반,Y,33.4980679200,126.5272405000,Y,N,,제주특별자치도 제주시청,064-728-3742,2024-07-25,I,2026-05-15 18:45:22,2024-09-04 21:39:31
6510000,202465100000600559,,제주특별자치도 제주시 황사평6길,제주특별자치도,제주시,,제주특별자치도 제주시 화북이동 5464-5,제주특별자치도 제주시 화북이동 5464-5,원호형,원호형,10,360,500,일반,Y,33.4940283933,126.5589851714,Y,N,,제주특별자치도 제주시청,064-728-3742,2024-07-25,I,2026-05-15 18:45:22,2024-09-04 21:39:26
6510000,202465100000600965,,제주특별자치도 제주시 백포중길,제주특별자치도,제주시,제주특별자치도 제주시 백포동길 21,제주특별자치도 제주시 이호일동 509-3,제주특별자치도 제주시 이호일동 509-3,원호형,원호형,8,360,500,일반,Y,33.5022034800,126.4605289000,Y,N,,제주특별자치도 제주시청,064-728-3742,2024-07-25,I,2026-05-15 18:45:22,2024-09-04 21:39:29
6510000,202465100000600080,,제주특별자치도 제주시 신촌2길,제주특별자치도,제주시,제주특별자치도 제주시 조천읍 신촌3길 48,제주특별자치도 제주시 조천읍 신촌리 2203,제주특별자치도 제주시 조천읍 신촌리 2203,원호형,원호형,10,360,500,일반,Y,33.5372517647,126.6192057393,Y,N,,제주특별자치도 제주시청,064-728-3742,2024-07-25,I,2026-05-15 18:45:22,2024-09-04 21:39:24
6510000,202465100000601451,,제주특별자치도 제주시 선덕로8길,제주특별자치도,제주시,제주특별자치도 제주시 선덕로8길 9,제주특별자치도 제주시 연동 324-20,제주특별자치도 제주시 연동 324-20,원호형,가상형,0,360,500,일반,Y,33.4846143900,126.5011017000,Y,N,,제주특별자치도 제주시청,064-728-3742,2024-07-25,I,2026-05-15 18:45:22,2024-09-04 21:39:32
6510000,202465100000600717,,제주특별자치도 제주시 정존9길,제주특별자치도,제주시,제주특별자치도 제주시 정존9길 1,제주특별자치도 제주시 노형동 2536-6,제주특별자치도 제주시 노형동 2536-6,원호형,원호형,10,360,500,일반,Y,33.4841471100,126.4758753000,Y,N,,제주특별자치도 제주시청,064-728-3742,2024-07-25,I,2026-05-15 18:45:22,2024-09-04 21:39:27
6510000,202465100000601459,,제주특별자치도 제주시 신대로19길,제주특별자치도,제주시,제주특별자치도 제주시 신대로19길 11,제주특별자치도 제주시 연동 315-3,제주특별자치도 제주시 연동 315-3,원호형,원호형,10,360,500,일반,Y,33.4837522100,126.4975571000,Y,N,,제주특별자치도 제주시청,064-728-3742,2024-07-25,I,2026-05-15 18:45:22,2024-09-04 21:39:32
6510000,202465100000600130,,제주특별자치도 제주시 선흘동1길,제주특별자치도,제주시,제주특별자치도 제주시 조천읍 선흘동1길 58,제주특별자치도 제주시 조천읍 선흘리 1032,제주특별자치도 제주시 조천읍 선흘리 1032,원호형,원호형,10,360,500,일반,Y,33.5150977825,126.7063967451,Y,N,,제주특별자치도 제주시청,064-728-3742,2024-07-25,I,2026-05-15 18:45:22,2024-09-04 21:39:24
6510000,202465100000601197,,제주특별자치도 제주시 신산로15길,제주특별자치도,제주시,제주특별자치도 제주시 신산로15길 17,제주특별자치도 제주시 일도이동 341-20,제주특별자치도 제주시 일도이동 341-20,원호형,원호형,8,360,500,일반,Y,33.5059196400,126.5371561000,Y,N,,제주특별자치도 제주시청,064-728-3742,2024-07-25,I,2026-05-15 18:45:22,2024-09-04 21:39:30
6510000,202465100000600882,,제주특별자치도 제주시 우정로7길,제주특별자치도,제주시,제주특별자치도 제주시 절물1길 40,제주특별자치도 제주시 외도일동 476-4,제주특별자치도 제주시 외도일동 476-4,원호형,원호형,10,360,500,일반,Y,33.4894240695,126.4314258730,Y,N,,제주특별자치도 제주시청,064-728-3742,2024-07-25,I,2026-05-15 18:45:22,2024-09-04 21:39:28
6510000,202465100000601557,,제주특별자치도 제주시 설촌로10길,제주특별자치도,제주시,제주특별자치도 제주시 설촌로10길 27,제주특별자치도 제주시 삼양이동 2104-13,제주특별자치도 제주시 삼양이동 2104-13,원호형,원호형,10,360,500,일반,Y,33.5241112500,126.5845122000,Y,N,,제주특별자치도 제주시청,064-728-3742,2024-07-25,I,2026-05-15 18:45:22,2024-09-04 21:39:33
6510000,202465100000600417,,제주특별자치도 제주시 용문로12길,제주특별자치도,제주시,제주특별자치도 제주시 용문로12길 29,제주특별자치도 제주시 용담이동 2690-15,제주특별자치도 제주시 용담이동 2690-15,원호형,원호형,8,360,500,일반,Y,33.5045895800,126.5111155000,Y,N,,제주특별자치도 제주시청,064-728-3742,2024-07-25,I,2026-05-15 18:45:22,2024-09-04 21:39:26
6510000,202465100000600711,,제주특별자치도 제주시 정존1길,제주특별자치도,제주시,제주특별자치도 제주시 정존1길 25,제주특별자치도 제주시 노형동 2592-11,제주특별자치도 제주시 노형동 2592-11,원호형,원호형,10,360,500,일반,Y,33.4828876300,126.4709631000,Y,N,,제주특별자치도 제주시청,064-728-3742,2024-07-25,I,2026-05-15 18:45:22,2024-09-04 21:39:27
6510000,202465100000600545,,제주특별자치도 제주시 황사평길,제주특별자치도,제주시,,제주특별자치도 제주시 화북이동 3071-1,제주특별자치도 제주시 화북이동 3071-1,원호형,원호형,10,360,500,일반,Y,33.4956967460,126.5644018071,Y,N,,제주특별자치도 제주시청,064-728-3742,2024-07-25,I,2026-05-15 18:45:22,2024-09-04 21:39:26
6510000,202465100000600349,,제주특별자치도 제주시 중앙로26길,제주특별자치도,제주시,제주특별자치도 제주시 중앙로26길 24,제주특별자치도 제주시 삼도이동 1240-6,제주특별자치도 제주시 삼도이동 1240-6,원호형,가상형,0,360,500,일반,Y,33.5055154800,126.5229710000,Y,N,,제주특별자치도 제주시청,064-728-3742,2024-07-25,I,2026-05-15 18:45:22,2024-09-04 21:39:25
6510000,202465100000600541,,제주특별자치도 제주시 부록서길,제주특별자치도,제주시,,제주특별자치도 제주시 화북이동 3224-3,제주특별자치도 제주시 화북이동 3224-3,원호형,원호형,10,360,500,일반,Y,33.5030854568,126.5618833634,Y,N,,제주특별자치도 제주시청,064-728-3742,2024-07-25,I,2026-05-15 18:45:22,2024-09-04 21:39:26
6510000,202465100000601536,,제주특별자치도 제주시 선사로4길,제주특별자치도,제주시,제주특별자치도 제주시 선사로4길 33,제주특별자치도 제주시 삼양일동 1641-17,제주특별자치도 제주시 삼양일동 1641-17,원호형,원호형,10,360,500,일반,Y,33.5256173300,126.5889349000,Y,N,,제주특별자치도 제주시청,064-728-3742,2024-07-25,I,2026-05-15 18:45:22,2024-09-04 21:39:33
6510000,202465100000601571,,제주특별자치도 제주시 설촌로2길,제주특별자치도,제주시,제주특별자치도 제주시 설촌로2길 18,제주특별자치도 제주시 삼양이동 2132-2,제주특별자치도 제주시 삼양이동 2132-2,원호형,원호형,10,360,500,일반,Y,33.5217224966,126.5833361044,Y,N,,제주특별자치도 제주시청,064-728-3742,2024-07-25,I,2026-05-15 18:45:22,2024-09-04 21:39:33
6510000,202465100000600281,,제주특별자치도 제주시 서사로 18길,제주특별자치도,제주시,제주특별자치도 제주시 서사로18길 24,제주특별자치도 제주시 삼도일동 513-6,제주특별자치도 제주시 삼도일동 513-6,원호형,원호형,10,360,500,일반,Y,33.5021755100,126.5173307000,Y,N,,제주특별자치도 제주시청,064-728-3742,2024-07-25,I,2026-05-15 18:45:22,2024-09-04 21:39:25
6510000,202465100000601449,,제주특별자치도 제주시 선덕로6길,제주특별자치도,제주시,제주특별자치도 제주시 선덕로6길 8,제주특별자치도 제주시 연동 314-103,제주특별자치도 제주시 연동 314-103,원호형,가상형,0,360,500,일반,Y,33.4848350100,126.4995598000,Y,N,,제주특별자치도 제주시청,064-728-3742,2024-07-25,I,2026-05-15 18:45:22,2024-09-04 21:39:32
6510000,202465100000600061,,제주특별자치도 제주시 신북로,제주특별자치도,제주시,,제주특별자치도 제주시 조천읍 조천리 2685,제주특별자치도 제주시 조천읍 조천리 2685,원호형,원호형,10,360,500,일반,Y,33.5398163701,126.6369569473,Y,N,,제주특별자치도 제주시청,064-728-3742,2024-07-25,I,2026-05-15 18:45:22,2024-09-04 21:39:24
6510000,202465100000601158,,제주특별자치도 제주시 평대11길,제주특별자치도,제주시,,제주특별자치도 제주시 구좌읍 평대리 65-15,제주특별자치도 제주시 구좌읍 평대리 65-15,원호형,원호형,10,360,500,일반,Y,33.5256563116,126.8521217178,Y,N,,제주특별자치도 제주시청,064-728-3742,2024-07-25,I,2026-05-15 18:45:22,2024-09-04 21:39:30
6510000,202465100000600002,,제주특별자치도 제주시 하귀로,제주특별자치도,제주시,제주특별자치도 제주시 애월읍 하귀로 66,제주특별자치도 제주시 애월읍 하귀2리 1386-5,제주특별자치도 제주시 애월읍 하귀2리 1386-5,원호형,원호형,10,360,500,일반,Y,33.4809421605,126.4041659376,Y,N,,제주특별자치도 제주시청,064-728-3742,2024-07-25,I,2026-05-15 18:45:22,2024-09-04 21:39:24
6510000,202465100000601216,,제주특별자치도 제주시 동광로19길,제주특별자치도,제주시,제주특별자치도 제주시 동광로19길 6,제주특별자치도 제주시 일도이동 356-24,제주특별자치도 제주시 일도이동 356-24,원호형,원호형,8,360,500,일반,Y,33.5089918700,126.5413416000,Y,N,,제주특별자치도 제주시청,064-728-3742,2024-07-25,I,2026-05-15 18:45:22,2024-09-04 21:39:30
6510000,202465100000601361,,제주특별자치도 제주시 연화로2길,제주특별자치도,제주시,제주특별자치도 제주시 연화로2길 2,제주특별자치도 제주시 연동 1527,제주특별자치도 제주시 연동 1527,원호형,원호형,10,360,500,일반,Y,33.4773061000,126.4876723000,Y,N,,제주특별자치도 제주시청,064-728-3742,2024-07-25,I,2026-05-15 18:45:22,2024-09-04 21:39:32
6510000,202465100000601458,,제주특별자치도 제주시 신대로19길,제주특별자치도,제주시,제주특별자치도 제주시 신대로19길 21,제주특별자치도 제주시 연동 315-10,제주특별자치도 제주시 연동 315-10,원호형,원호형,10,360,500,일반,Y,33.4837323800,126.4987612000,Y,N,,제주특별자치도 제주시청,064-728-3742,2024-07-25,I,2026-05-15 18:45:22,2024-09-04 21:39:32
6510000,202465100000600640,,제주특별자치도 제주시 방안4길,제주특별자치도,제주시,제주특별자치도 제주시 방일4길 157,제주특별자치도 제주시 노형동 1758-2,제주특별자치도 제주시 노형동 1758-2,원호형,원호형,10,360,500,일반,Y,33.4663046100,126.4746256000,Y,N,,제주특별자치도 제주시청,064-728-3742,2024-07-25,I,2026-05-15 18:45:22,2024-09-04 21:39:27
6510000,202465100000600100,,제주특별자치도 제주시 함덕18길,제주특별자치도,제주시,제주특별자치도 제주시 조천읍 함덕18길 19,제주특별자치도 제주시 조천읍 함덕리 951-1,제주특별자치도 제주시 조천읍 함덕리 951-1,원호형,원호형,10,360,500,일반,Y,33.5394852369,126.6702259533,Y,N,,제주특별자치도 제주시청,064-728-3742,2024-07-25,I,2026-05-15 18:45:22,2024-09-04 21:39:24
6510000,202465100000600949,,제주특별자치도 제주시 도리로,제주특별자치도,제주시,,제주특별자치도 제주시 이호일동 1637-1,제주특별자치도 제주시 이호일동 1637-1,원호형,원호형,10,360,500,일반,Y,33.4969684957,126.4567314168,Y,N,,제주특별자치도 제주시청,064-728-3742,2024-07-25,I,2026-05-15 18:45:22,2024-09-04 21:39:29
6510000,202465100000600819,,제주특별자치도 제주시 고래소길,제주특별자치도,제주시,제주특별자치도 제주시 고래소길 3,제주특별자치도 제주시 도평동 934-3,제주특별자치도 제주시 도평동 934-3,원호형,원호형,10,360,500,일반,Y,33.4775326165,126.4507122007,Y,N,,제주특별자치도 제주시청,064-728-3742,2024-07-25,I,2026-05-15 18:45:22,2024-09-04 21:39:28
6510000,202465100000600742,,제주특별자치도 제주시 달마루길,제주특별자치도,제주시,제주특별자치도 제주시 달마루길 28,제주특별자치도 제주시 노형동 2576-3,제주특별자치도 제주시 노형동 2576-3,원호형,가상형,0,360,500,일반,Y,33.4901265300,126.4735944000,Y,N,,제주특별자치도 제주시청,064-728-3742,2024-07-25,I,2026-05-15 18:45:22,2024-09-04 21:39:28
6510000,202465100000600626,,제주특별자치도 제주시 1100로,제주특별자치도,제주시,,제주특별자치도 제주시 노형동 291-21,제주특별자치도 제주시 노형동 291-21,원호형,가상형,0,360,500,일반,Y,33.4506063127,126.4860209211,Y,N,,제주특별자치도 제주시청,064-728-3742,2024-07-25,I,2026-05-15 18:45:22,2024-09-04 21:39:27
6510000,202465100000600752,,제주특별자치도 제주시 노형11길,제주특별자치도,제주시,제주특별자치도 제주시 노형11길 19-4,제주특별자치도 제주시 노형동 3792-1,제주특별자치도 제주시 노형동 3792-1,원호형,원호형,10,360,500,일반,Y,33.4829662100,126.4780990000,Y,N,,제주특별자치도 제주시청,064-728-3742,2024-07-25,I,2026-05-15 18:45:22,2024-09-04 21:39:28
6510000,202465100000601033,,제주특별자치도 제주시 다호북길,제주특별자치도,제주시,,제주특별자치도 제주시 도두일동 1319-1,제주특별자치도 제주시 도두일동 1319-1,원호형,원호형,8,360,500,일반,Y,33.4994627417,126.4748637582,Y,N,,제주특별자치도 제주시청,064-728-3742,2024-07-25,I,2026-05-15 18:45:22,2024-09-04 21:39:29
6510000,202465100000601423,,제주특별자치도 제주시 성신북길,제주특별자치도,제주시,제주특별자치도 제주시 성신북길 12,제주특별자치도 제주시 연동 1960-1,제주특별자치도 제주시 연동 1960-1,원호형,원호형,10,360,500,일반,Y,33.4919360500,126.4829146000,Y,N,,제주특별자치도 제주시청,064-728-3742,2024-07-25,I,2026-05-15 18:45:22,2024-09-04 21:39:32
6510000,202465100000600601,,제주특별자치도 제주시 봉개동길,제주특별자치도,제주시,제주특별자치도 제주시 봉개동길 8,제주특별자치도 제주시 봉개동 1954,제주특별자치도 제주시 봉개동 1954,원호형,원호형,10,360,500,일반,Y,33.4906317159,126.5927384587,Y,N,,제주특별자치도 제주시청,064-728-3742,2024-07-25,I,2026-05-15 18:45:22,2024-09-04 21:39:27
6510000,202465100000600907,,제주특별자치도 제주시 절물3길,제주특별자치도,제주시,제주특별자치도 제주시 절물3길 18,제주특별자치도 제주시 외도일동 452-6,제주특별자치도 제주시 외도일동 452-6,원호형,원호형,10,360,500,일반,Y,33.4909527383,126.4333801796,Y,N,,제주특별자치도 제주시청,064-728-3742,2024-07-25,I,2026-05-15 18:45:22,2024-09-04 21:39:29
6510000,202465100000601836,,제주특별자치도 제주시 아연로,제주특별자치도,제주시,제주특별자치도 제주시 아연로 539,제주특별자치도 제주시 아라일동 2722-5,제주특별자치도 제주시 아라일동 2722-5,원호형,원호형,10,360,500,일반,Y,33.4780486669,126.5367701760,Y,N,,제주특별자치도 제주시청,064-728-3742,2024-07-25,I,2026-05-15 18:45:22,2024-09-04 21:39:35
6510000,202465100000601919,,제주특별자치도 제주시 한북로,제주특별자치도,제주시,제주특별자치도 제주시 한북로 309,제주특별자치도 제주시 아라일동 1960-5,제주특별자치도 제주시 아라일동 1960-5,원호형,가상형,0,360,500,일반,Y,33.4565299800,126.5468752000,Y,N,,제주특별자치도 제주시청,064-728-3742,2024-07-25,I,2026-05-15 18:45:22,2024-09-04 21:39:36
6510000,202465100000601686,,제주특별자치도 제주시 남성로11길,제주특별자치도,제주시,제주특별자치도 제주시 남성로11길 21,제주특별자치도 제주시 용담일동 261-1,제주특별자치도 제주시 용담일동 261-1,원호형,원호형,8,360,500,일반,Y,33.5067764759,126.5124186940,Y,N,,제주특별자치도 제주시청,064-728-3742,2024-07-25,I,2026-05-15 18:45:22,2024-09-04 21:39:34
6510000,202465100000600600,,제주특별자치도 제주시 버으내길,제주특별자치도,제주시,,제주특별자치도 제주시 회천동 1774-1,제주특별자치도 제주시 회천동 1774-1,원호형,원호형,10,360,500,일반,Y,33.4848218561,126.6138614275,Y,N,,제주특별자치도 제주시청,064-728-3742,2024-07-25,I,2026-05-15 18:45:22,2024-09-04 21:39:27
6510000,202465100000601902,,제주특별자치도 제주시 첨단로,제주특별자치도,제주시,제주특별자치도 제주시 첨단로 213-65,제주특별자치도 제주시 영평동 2170-4,제주특별자치도 제주시 영평동 2170-4,원호형,원호형,10,370,500,일반,Y,33.4523802239,126.5727637318,Y,N,,제주특별자치도 제주시청,064-728-3742,2024-07-25,I,2026-05-15 18:45:22,2024-09-04 21:39:35
6510000,202465100000601380,,제주특별자치도 제주시 신광로10길,제주특별자치도,제주시,제주특별자치도 제주시 신광로10길 29,제주특별자치도 제주시 연동 256,제주특별자치도 제주시 연동 256,원호형,원호형,8,360,500,일반,Y,33.4837857100,126.4867670000,Y,N,,제주특별자치도 제주시청,064-728-3742,2024-07-25,I,2026-05-15 18:45:22,2024-09-04 21:39:32
6510000,202465100000601404,,제주특별자치도 제주시 제성1길,제주특별자치도,제주시,,제주특별자치도 제주시 연동 2441,제주특별자치도 제주시 연동 2441,원호형,원호형,10,360,500,일반,Y,33.4943348659,126.4822372435,Y,N,,제주특별자치도 제주시청,064-728-3742,2024-07-25,I,2026-05-15 18:45:22,2024-09-04 21:39:32
6510000,202465100000600161,,제주특별자치도 제주시 와선로,제주특별자치도,제주시,,제주특별자치도 제주시 조천읍 선흘리 4030-4,제주특별자치도 제주시 조천읍 선흘리 4030-4,원호형,원호형,10,360,500,일반,Y,33.4842357768,126.6979047476,Y,N,,제주특별자치도 제주시청,064-728-3742,2024-07-25,I,2026-05-15 18:45:22,2024-09-04 21:39:24
6510000,202465100000600993,,제주특별자치도 제주시 도두항서길,제주특별자치도,제주시,제주특별자치도 제주시 도두항서길 71,제주특별자치도 제주시 도두일동 2618-6,제주특별자치도 제주시 도두일동 2618-6,원호형,원호형,10,360,500,일반,Y,33.5036778900,126.4635923000,Y,N,,제주특별자치도 제주시청,064-728-3742,2024-07-25,I,2026-05-15 18:45:22,2024-09-04 21:39:29
6510000,202465100000600757,,제주특별자치도 제주시 다랑곶길,제주특별자치도,제주시,제주특별자치도 제주시 다랑곶길 9,제주특별자치도 제주시 노형동 1279-9,제주특별자치도 제주시 노형동 1279-9,원호형,원호형,10,360,500,일반,Y,33.4873616500,126.4792551000,Y,N,,제주특별자치도 제주시청,064-728-3742,2024-07-25,I,2026-05-15 18:45:22,2024-09-04 21:39:28
6510000,202465100000600767,,제주특별자치도 제주시 다랑곶4길,제주특별자치도,제주시,제주특별자치도 제주시 다랑곶4길 12,제주특별자치도 제주시 노형동 1291-17,제주특별자치도 제주시 노형동 1291-17,원호형,원호형,10,360,500,일반,Y,33.4878974700,126.4808694000,Y,N,,제주특별자치도 제주시청,064-728-3742,2024-07-25,I,2026-05-15 18:45:22,2024-09-04 21:39:28
6510000,202465100000601772,,제주특별자치도 제주시 신설로,제주특별자치도,제주시,제주특별자치도 제주시 신설로11길 13,제주특별자치도 제주시 아라이동 3005-5,제주특별자치도 제주시 아라이동 3005-5,원호형,원호형,10,340,500,일반,Y,33.4923093800,126.5446280000,Y,N,,제주특별자치도 제주시청,064-728-3742,2024-07-25,I,2026-05-15 18:45:22,2024-09-04 21:39:35
6510000,202465100000600413,,제주특별자치도 제주시 용담로서길,제주특별자치도,제주시,제주특별자치도 제주시 용담로 12,제주특별자치도 제주시 용담이동 935-21,제주특별자치도 제주시 용담이동 935-21,원호형,가상형,0,360,500,일반,Y,33.5133007300,126.5040360000,Y,N,,제주특별자치도 제주시청,064-728-3742,2024-07-25,I,2026-05-15 18:45:22,2024-09-04 21:39:26
6510000,202465100000601411,,제주특별자치도 제주시 남녕로,제주특별자치도,제주시,제주특별자치도 제주시 남녕로 28-5,제주특별자치도 제주시 연동 1955-7,제주특별자치도 제주시 연동 1955-7,원호형,가상형,0,360,500,일반,Y,33.4909097857,126.4816247499,Y,N,,제주특별자치도 제주시청,064-728-3742,2024-07-25,I,2026-05-15 18:45:22,2024-09-04 21:39:32
6510000,202465100000601787,,제주특별자치도 제주시 아란12길,제주특별자치도,제주시,제주특별자치도 제주시 아란12길 9,제주특별자치도 제주시 아라일동 6076,제주특별자치도 제주시 아라일동 6076,원호형,원호형,10,320,500,일반,Y,33.4701066200,126.5446361000,Y,N,,제주특별자치도 제주시청,064-728-3742,2024-07-25,I,2026-05-15 18:45:22,2024-09-04 21:39:35
6510000,202465100000600876,,제주특별자치도 제주시 우령8길,제주특별자치도,제주시,,제주특별자치도 제주시 외도일동 534-13,제주특별자치도 제주시 외도일동 534-13,원호형,원호형,10,360,500,일반,Y,33.4875280255,126.4272778129,Y,N,,제주특별자치도 제주시청,064-728-3742,2024-07-25,I,2026-05-15 18:45:22,2024-09-04 21:39:28
6510000,202465100000600461,,제주특별자치도 제주시 진서로,제주특별자치도,제주시,제주특별자치도 제주시 진서로 20,제주특별자치도 제주시 화북일동 1958-7,제주특별자치도 제주시 화북일동 1958-7,원호형,원호형,10,360,500,일반,Y,33.5204570700,126.5634280000,Y,N,,제주특별자치도 제주시청,064-728-3742,2024-07-25,I,2026-05-15 18:45:22,2024-09-04 21:39:26
6510000,202465100000601146,,제주특별자치도 제주시 구좌해안로,제주특별자치도,제주시,,제주특별자치도 제주시 구좌읍 동복리 665,제주특별자치도 제주시 구좌읍 동복리 665,원호형,원호형,10,360,500,일반,Y,33.5569534584,126.7200216363,Y,N,,제주특별자치도 제주시청,064-728-3742,2024-07-25,I,2026-05-15 18:45:22,2024-09-04 21:39:30
6510000,202465100000601427,,제주특별자치도 제주시 도령로7길,제주특별자치도,제주시,제주특별자치도 제주시 도령로7길 26,제주특별자치도 제주시 연동 1961-4,제주특별자치도 제주시 연동 1961-4,원호형,원호형,10,360,500,일반,Y,33.4909349500,126.4836791000,Y,N,,제주특별자치도 제주시청,064-728-3742,2024-07-25,I,2026-05-15 18:45:22,2024-09-04 21:39:32
6510000,202465100000601744,,제주특별자치도 제주시 기자길,제주특별자치도,제주시,제주특별자치도 제주시 기자길 41,제주특별자치도 제주시 아라이동 1465-16,제주특별자치도 제주시 아라이동 1465-16,원호형,원호형,8,360,500,일반,Y,33.4829370464,126.5459601251,Y,N,,제주특별자치도 제주시청,064-728-3742,2024-07-25,I,2026-05-15 18:45:22,2024-09-04 21:39:34
6510000,202465100000601226,,제주특별자치도 제주시 가령골길,제주특별자치도,제주시,제주특별자치도 제주시 가령골길 28,제주특별자치도 제주시 일도이동 413-9,제주특별자치도 제주시 일도이동 413-9,원호형,가상형,0,360,500,일반,Y,33.5038816867,126.5409134037,Y,N,,제주특별자치도 제주시청,064-728-3742,2024-07-25,I,2026-05-15 18:45:22,2024-09-04 21:39:31
6510000,202465100000600286,,제주특별자치도 제주시 서광로 9길,제주특별자치도,제주시,제주특별자치도 제주시 서광로9길 46,제주특별자치도 제주시 삼도일동 498-16,제주특별자치도 제주시 삼도일동 498-16,원호형,가상형,0,360,500,일반,Y,33.5038182600,126.5148286000,Y,N,,제주특별자치도 제주시청,064-728-3742,2024-07-25,I,2026-05-15 18:45:22,2024-09-04 21:39:25
6510000,202465100000600877,,제주특별자치도 제주시 우정로3길,제주특별자치도,제주시,제주특별자치도 제주시 우정로3길 16,제주특별자치도 제주시 외도일동 451-1,제주특별자치도 제주시 외도일동 451-1,원호형,원호형,10,360,500,일반,Y,33.4913071200,126.4325252000,Y,N,,제주특별자치도 제주시청,064-728-3742,2024-07-25,I,2026-05-15 18:45:22,2024-09-04 21:39:28
6510000,202465100000600016,,제주특별자치도 제주시 하광로,제주특별자치도,제주시,제주특별자치도 제주시 애월읍 하광로 288,제주특별자치도 제주시 애월읍 광령리 3858-2,제주특별자치도 제주시 애월읍 광령리 3858-2,원호형,원호형,10,360,500,일반,Y,33.4635730745,126.4232940085,Y,N,,제주특별자치도 제주시청,064-728-3742,2024-07-25,I,2026-05-15 18:45:22,2024-09-04 21:39:24
6510000,202465100000601756,,제주특별자치도 제주시 사송길,제주특별자치도,제주시,제주특별자치도 제주시 사송길 37,제주특별자치도 제주시 영평동 1897,제주특별자치도 제주시 영평동 1897,원호형,원호형,10,360,500,일반,Y,33.4745435500,126.5654293000,Y,N,,제주특별자치도 제주시청,064-728-3742,2024-07-25,I,2026-05-15 18:45:22,2024-09-04 21:39:34
6510000,202465100000601725,,제주특별자치도 제주시 구산로,제주특별자치도,제주시,제주특별자치도 제주시 구산로 16,제주특별자치도 제주시 아라일동 2599,제주특별자치도 제주시 아라일동 2599,원호형,원호형,10,380,500,일반,Y,33.4834054900,126.5368396000,Y,N,,제주특별자치도 제주시청,064-728-3742,2024-07-25,I,2026-05-15 18:45:22,2024-09-04 21:39:34
6510000,202465100000600076,,제주특별자치도 제주시 신북로,제주특별자치도,제주시,제주특별자치도 제주시 조천읍 신북로 656,제주특별자치도 제주시 조천읍 북촌리 2109-9,제주특별자치도 제주시 조천읍 북촌리 2109-9,원호형,원호형,10,360,500,일반,Y,33.5405938201,126.6795610248,Y,N,,제주특별자치도 제주시청,064-728-3742,2024-07-25,I,2026-05-15 18:45:22,2024-09-04 21:39:24
6510000,202465100000600768,,제주특별자치도 제주시 월랑로2길,제주특별자치도,제주시,제주특별자치도 제주시 월랑로2길 24-2,제주특별자치도 제주시 노형동 1295-14,제주특별자치도 제주시 노형동 1295-14,원호형,원호형,8,360,500,일반,Y,33.4878123500,126.4814057000,Y,N,,제주특별자치도 제주시청,064-728-3742,2024-07-25,I,2026-05-15 18:45:22,2024-09-04 21:39:28
6510000,202465100000601395,,제주특별자치도 제주시 연동12길,제주특별자치도,제주시,제주특별자치도 제주시 연동12길 27,제주특별자치도 제주시 연동 296-10,제주특별자치도 제주시 연동 296-10,원호형,원호형,10,360,500,일반,Y,33.4834053800,126.4931994000,Y,N,,제주특별자치도 제주시청,064-728-3742,2024-07-25,I,2026-05-15 18:45:22,2024-09-04 21:39:32
6510000,202465100000601313,,제주특별자치도 제주시 정든로1길,제주특별자치도,제주시,제주특별자치도 제주시 정든로1길 14-1,제주특별자치도 제주시 이도이동 392-4,제주특별자치도 제주시 이도이동 392-4,원호형,원호형,10,360,500,일반,Y,33.4987784191,126.5414539832,Y,N,,제주특별자치도 제주시청,064-728-3742,2024-07-25,I,2026-05-15 18:45:22,2024-09-04 21:39:31
6510000,202465100000602007,,제주특별자치도 제주시 서사로25길,제주특별자치도,제주시,제주특별자치도 제주시 서사로25길 16-1,제주특별자치도 제주시 오라일동 2452-11,제주특별자치도 제주시 오라일동 2452-11,원호형,원호형,10,360,500,일반,Y,33.4969468505,126.5204749137,Y,N,,제주특별자치도 제주시청,064-728-3742,2024-07-25,I,2026-05-15 18:45:22,2024-09-04 21:39:36
6510000,202465100000600211,,제주특별자치도 제주시 동광로9길,제주특별자치도,제주시,제주특별자치도 제주시 동광로9길 19,제주특별자치도 제주시 이도일동 1248-1,제주특별자치도 제주시 이도일동 1248-1,원호형,가상형,0,320,500,일반,Y,33.5039627100,126.5323226000,Y,N,,제주특별자치도 제주시청,064-728-3742,2024-07-25,I,2026-05-15 18:45:22,2024-09-04 21:39:25
6510000,202465100000600780,,제주특별자치도 제주시 원노형남2길,제주특별자치도,제주시,제주특별자치도 제주시 원노형남2길 35,제주특별자치도 제주시 노형동 944-16,제주특별자치도 제주시 노형동 944-16,원호형,원호형,10,360,500,일반,Y,33.4826855200,126.4849456000,Y,N,,제주특별자치도 제주시청,064-728-3742,2024-07-25,I,2026-05-15 18:45:22,2024-09-04 21:39:28
6510000,202465100000601350,,제주특별자치도 제주시 과원로,제주특별자치도,제주시,제주특별자치도 제주시 과원로 60,제주특별자치도 제주시 연동 1395-1,제주특별자치도 제주시 연동 1395-1,원호형,원호형,10,360,500,일반,Y,33.4760679572,126.4895547150,Y,N,,제주특별자치도 제주시청,064-728-3742,2024-07-25,I,2026-05-15 18:45:22,2024-09-04 21:39:31
6510000,202465100000600301,,제주특별자치도 제주시 탑동로3길,제주특별자치도,제주시,제주특별자치도 제주시 탑동로3길 10,제주특별자치도 제주시 삼도이동 1179-6,제주특별자치도 제주시 삼도이동 1179-6,원호형,원호형,8,360,500,일반,Y,33.5165548700,126.5218134000,Y,N,,제주특별자치도 제주시청,064-728-3742,2024-07-25,I,2026-05-15 18:45:22,2024-09-04 21:39:25
6510000,202465100000600074,,제주특별자치도 제주시 신북로,제주특별자치도,제주시,제주특별자치도 제주시 조천읍 신북로 637,제주특별자치도 제주시 조천읍 함덕리 261-11,제주특별자치도 제주시 조천읍 함덕리 261-11,원호형,원호형,10,360,500,일반,Y,33.5406466139,126.6775659908,Y,N,,제주특별자치도 제주시청,064-728-3742,2024-07-25,I,2026-05-15 18:45:22,2024-09-04 21:39:24
6510000,202465100000600716,,제주특별자치도 제주시 정존9길,제주특별자치도,제주시,제주특별자치도 제주시 정존9길 6,제주특별자치도 제주시 노형동 2537-9,제주특별자치도 제주시 노형동 2537-9,원호형,원호형,10,360,500,일반,Y,33.4844028800,126.4755110000,Y,N,,제주특별자치도 제주시청,064-728-3742,2024-07-25,I,2026-05-15 18:45:22,2024-09-04 21:39:27
6510000,202465100000600381,,제주특별자치도 제주시 어영길,제주특별자치도,제주시,제주특별자치도 제주시 어영길 32,제주특별자치도 제주시 용담삼동 1181-3,제주특별자치도 제주시 용담삼동 1181-3,원호형,원호형,8,360,500,일반,Y,33.5181578400,126.4963655000,Y,N,,제주특별자치도 제주시청,064-728-3742,2024-07-25,I,2026-05-15 18:45:22,2024-09-04 21:39:25
6510000,202465100000600107,,제주특별자치도 제주시 함와로,제주특별자치도,제주시,제주특별자치도 제주시 조천읍 함와로 66,제주특별자치도 제주시 조천읍 함덕리 72-69,제주특별자치도 제주시 조천읍 함덕리 72-69,원호형,원호형,10,360,500,일반,Y,33.5342166923,126.6757250069,Y,N,,제주특별자치도 제주시청,064-728-3742,2024-07-25,I,2026-05-15 18:45:22,2024-09-04 21:39:24
6510000,202465100000601528,,제주특별자치도 제주시 선사로8길,제주특별자치도,제주시,제주특별자치도 제주시 선사로8길 39,제주특별자치도 제주시 삼양일동 1599-12,제주특별자치도 제주시 삼양일동 1599-12,원호형,원호형,10,360,500,일반,Y,33.5272823300,126.5891069000,Y,N,,제주특별자치도 제주시청,064-728-3742,2024-07-25,I,2026-05-15 18:45:22,2024-09-04 21:39:33
6510000,202465100000600908,,제주특별자치도 제주시 내도7길,제주특별자치도,제주시,제주특별자치도 제주시 내도7길 4,제주특별자치도 제주시 내도동 351-8,제주특별자치도 제주시 내도동 351-8,원호형,원호형,10,360,500,일반,Y,33.4934273500,126.4421691000,Y,N,,제주특별자치도 제주시청,064-728-3742,2024-07-25,I,2026-05-15 18:45:22,2024-09-04 21:39:29
6510000,202465100000600674,,제주특별자치도 제주시 광평길,제주특별자치도,제주시,제주특별자치도 제주시 광평길 46,제주특별자치도 제주시 노형동 3119-1,제주특별자치도 제주시 노형동 3119-1,원호형,원호형,10,360,500,일반,Y,33.4806524527,126.4670814780,Y,N,,제주특별자치도 제주시청,064-728-3742,2024-07-25,I,2026-05-15 18:45:22,2024-09-04 21:39:27
6510000,202465100000600737,,제주특별자치도 제주시 수덕9길,제주특별자치도,제주시,,제주특별자치도 제주시 노형동 2514-1,제주특별자치도 제주시 노형동 2514-1,원호형,가상형,0,360,500,일반,Y,33.4836150680,126.4715486651,Y,N,,제주특별자치도 제주시청,064-728-3742,2024-07-25,I,2026-05-15 18:45:22,2024-09-04 21:39:27
6510000,202465100000600571,,제주특별자치도 제주시 화삼북로4길,제주특별자치도,제주시,제주특별자치도 제주시 화삼북로4길 21,제주특별자치도 제주시 화북일동 1010-2,제주특별자치도 제주시 화북일동 1010-2,원호형,원호형,10,360,500,일반,Y,33.5159469600,126.5774462000,Y,N,,제주특별자치도 제주시청,064-728-3742,2024-07-25,I,2026-05-15 18:45:22,2024-09-04 21:39:27
6510000,202465100000601559,,제주특별자치도 제주시 설촌로10길,제주특별자치도,제주시,제주특별자치도 제주시 설촌로10길 13,제주특별자치도 제주시 삼양이동 2102-12,제주특별자치도 제주시 삼양이동 2102-12,원호형,원호형,10,360,500,일반,Y,33.5240550000,126.5829869000,Y,N,,제주특별자치도 제주시청,064-728-3742,2024-07-25,I,2026-05-15 18:45:22,2024-09-04 21:39:33
6510000,202465100000600613,,제주특별자치도 제주시 아봉로,제주특별자치도,제주시,제주특별자치도 제주시 아봉로 548-5,제주특별자치도 제주시 용강동 679-1,제주특별자치도 제주시 용강동 679-1,원호형,원호형,10,360,500,일반,Y,33.4770345600,126.5868050000,Y,N,,제주특별자치도 제주시청,064-728-3742,2024-07-25,I,2026-05-15 18:45:22,2024-09-04 21:39:27
6510000,202465100000600529,,제주특별자치도 제주시 선반남2길,제주특별자치도,제주시,제주특별자치도 제주시 선반남2길 7,제주특별자치도 제주시 화북일동 2140-4,제주특별자치도 제주시 화북일동 2140-4,원호형,원호형,10,360,500,일반,Y,33.5124502300,126.5603487000,Y,N,,제주특별자치도 제주시청,064-728-3742,2024-07-25,I,2026-05-15 18:45:22,2024-09-04 21:39:26
6510000,202465100000600304,,제주특별자치도 제주시 탑동로13길,제주특별자치도,제주시,제주특별자치도 제주시 탑동로13길 27,제주특별자치도 제주시 삼도이동 1267,제주특별자치도 제주시 삼도이동 1267,원호형,가상형,0,360,500,일반,Y,33.5170104523,126.5196140470,Y,N,,제주특별자치도 제주시청,064-728-3742,2024-07-25,I,2026-05-15 18:45:22,2024-09-04 21:39:25
6510000,202465100000600160,,제주특별자치도 제주시 와선로,제주특별자치도,제주시,제주특별자치도 제주시 조천읍 와선로 188,제주특별자치도 제주시 조천읍 와산리 300-3,제주특별자치도 제주시 조천읍 와산리 300-3,원호형,원호형,10,360,500,일반,Y,33.4817604994,126.6939921840,Y,N,,제주특별자치도 제주시청,064-728-3742,2024-07-25,I,2026-05-15 18:45:22,2024-09-04 21:39:24
6510000,202465100000601371,,제주특별자치도 제주시 국기중길,제주특별자치도,제주시,제주특별자치도 제주시 국기중길 12,제주특별자치도 제주시 연동 1500-5,제주특별자치도 제주시 연동 1500-5,원호형,가상형,0,360,500,일반,Y,33.4799020100,126.4910288000,Y,N,,제주특별자치도 제주시청,064-728-3742,2024-07-25,I,2026-05-15 18:45:22,2024-09-04 21:39:32
6510000,202465100000600104,,제주특별자치도 제주시 함덕남14길,제주특별자치도,제주시,제주특별자치도 제주시 조천읍 함덕남14길 22,제주특별자치도 제주시 조천읍 함덕리 290-61,제주특별자치도 제주시 조천읍 함덕리 290-61,원호형,원호형,10,360,500,일반,Y,33.5342618594,126.6742124550,Y,N,,제주특별자치도 제주시청,064-728-3742,2024-07-25,I,2026-05-15 18:45:22,2024-09-04 21:39:24
6510000,202465100000600531,,제주특별자치도 제주시 선반남2길,제주특별자치도,제주시,제주특별자치도 제주시 선반남2길 21,제주특별자치도 제주시 화북일동 2146-4,제주특별자치도 제주시 화북일동 2146-4,원호형,원호형,10,360,500,일반,Y,33.5125741500,126.5619883000,Y,N,,제주특별자치도 제주시청,064-728-3742,2024-07-25,I,2026-05-15 18:45:22,2024-09-04 21:39:26
6510000,202465100000601632,,제주특별자치도 제주시 도련4길,제주특별자치도,제주시,,제주특별자치도 제주시 도련일동 2267-4,제주특별자치도 제주시 도련일동 2267-4,원호형,원호형,10,360,500,일반,Y,33.5081622811,126.5850500009,Y,N,,제주특별자치도 제주시청,064-728-3742,2024-07-25,I,2026-05-15 18:45:22,2024-09-04 21:39:34
6510000,202465100000601257,,제주특별자치도 제주시 연수로2길,제주특별자치도,제주시,제주특별자치도 제주시 연수로2길 15,제주특별자치도 제주시 일도이동 55-7,제주특별자치도 제주시 일도이동 55-7,원호형,원호형,5,360,500,일반,Y,33.5029711700,126.5448721000,Y,N,,제주특별자치도 제주시청,064-728-3742,2024-07-25,I,2026-05-15 18:45:22,2024-09-04 21:39:31
6510000,202465100000601112,,제주특별자치도 제주시 금능남로,제주특별자치도,제주시,,제주특별자치도 제주시 한림읍 금능리 487-1,제주특별자치도 제주시 한림읍 금능리 487-1,원호형,원호형,10,360,500,일반,Y,33.3621687903,126.2479450847,Y,N,,제주특별자치도 제주시청,064-728-3742,2024-07-25,I,2026-05-15 18:45:22,2024-09-04 21:39:30
6510000,202465100000601243,,제주특별자치도 제주시 고마로19길,제주특별자치도,제주시,제주특별자치도 제주시 고마로19길 18,제주특별자치도 제주시 일도이동 417-3,제주특별자치도 제주시 일도이동 417-3,원호형,원호형,8,360,500,일반,Y,33.5051292300,126.5433553000,Y,N,,제주특별자치도 제주시청,064-728-3742,2024-07-25,I,2026-05-15 18:45:22,2024-09-04 21:39:31
6510000,202465100000601418,,제주특별자치도 제주시 성신북길,제주특별자치도,제주시,제주특별자치도 제주시 성신북길 5-1,제주특별자치도 제주시 연동 2344-8,제주특별자치도 제주시 연동 2344-8,원호형,원호형,10,360,500,일반,Y,33.4917144000,126.4819988000,Y,N,,제주특별자치도 제주시청,064-728-3742,2024-07-25,I,2026-05-15 18:45:22,2024-09-04 21:39:32
6510000,202465100000600855,,제주특별자치도 제주시 논세길,제주특별자치도,제주시,제주특별자치도 제주시 논세길 52,제주특별자치도 제주시 내도동 229-6,제주특별자치도 제주시 내도동 229-6,원호형,원호형,10,360,500,일반,Y,33.4892043705,126.4416615726,Y,N,,제주특별자치도 제주시청,064-728-3742,2024-07-25,I,2026-05-15 18:45:22,2024-09-04 21:39:28
6510000,202465100000600095,,제주특별자치도 제주시 조함해안로,제주특별자치도,제주시,제주특별자치도 제주시 조천읍 조함해안로 552,제주특별자치도 제주시 조천읍 함덕리 산 14-12,제주특별자치도 제주시 조천읍 함덕리 산 14-12,원호형,원호형,10,360,500,일반,Y,33.5425016391,126.6718338312,Y,N,,제주특별자치도 제주시청,064-728-3742,2024-07-25,I,2026-05-15 18:45:22,2024-09-04 21:39:24
6510000,202465100000600075,,제주특별자치도 제주시 신북로,제주특별자치도,제주시,제주특별자치도 제주시 조천읍 신북로 656,제주특별자치도 제주시 조천읍 북촌리 2109-9,제주특별자치도 제주시 조천읍 북촌리 2109-9,원호형,원호형,10,360,500,일반,Y,33.5405938201,126.6795610248,Y,N,,제주특별자치도 제주시청,064-728-3742,2024-07-25,I,2026-05-15 18:45:22,2024-09-04 21:39:24
6510000,202465100000601577,,제주특별자치도 제주시 지석9길,제주특별자치도,제주시,제주특별자치도 제주시 설촌로6길 14-1,제주특별자치도 제주시 삼양이동 2119-1,제주특별자치도 제주시 삼양이동 2119-1,원호형,원호형,10,360,500,일반,Y,33.5227743000,126.5829907000,Y,N,,제주특별자치도 제주시청,064-728-3742,2024-07-25,I,2026-05-15 18:45:22,2024-09-04 21:39:33
6510000,202465100000601302,,제주특별자치도 제주시 도남로,제주특별자치도,제주시,제주특별자치도 제주시 도남로 9-6,제주특별자치도 제주시 도남동 915-15,제주특별자치도 제주시 도남동 915-15,원호형,원호형,10,360,500,일반,Y,33.4990127779,126.5256563206,Y,N,,제주특별자치도 제주시청,064-728-3742,2024-07-25,I,2026-05-15 18:45:22,2024-09-04 21:39:31
6510000,202465100000600706,,제주특별자치도 제주시 수덕9길,제주특별자치도,제주시,제주특별자치도 제주시 수덕9길 65,제주특별자치도 제주시 노형동 2526-1,제주특별자치도 제주시 노형동 2526-1,원호형,원호형,10,360,500,일반,Y,33.4840444103,126.4719234604,Y,N,,제주특별자치도 제주시청,064-728-3742,2024-07-25,I,2026-05-15 18:45:22,2024-09-04 21:39:27
6510000,202465100000600556,,제주특별자치도 제주시 황사평6길,제주특별자치도,제주시,,제주특별자치도 제주시 화북이동 2979-17,제주특별자치도 제주시 화북이동 2979-17,원호형,원호형,10,360,500,일반,Y,33.4934951694,126.5607390485,Y,N,,제주특별자치도 제주시청,064-728-3742,2024-07-25,I,2026-05-15 18:45:22,2024-09-04 21:39:26
6510000,202465100000601321,,제주특별자치도 제주시 신설로7길,제주특별자치도,제주시,제주특별자치도 제주시 신설로7길 45,제주특별자치도 제주시 이도이동 1948-1,제주특별자치도 제주시 이도이동 1948-1,원호형,원호형,10,360,500,일반,Y,33.4950090100,126.5460250000,Y,N,,제주특별자치도 제주시청,064-728-3742,2024-07-25,I,2026-05-15 18:45:22,2024-09-04 21:39:31
6510000,202465100000601055,,제주특별자치도 제주시 누운오름로,제주특별자치도,제주시,,제주특별자치도 제주시 한림읍 금악리 249-29,제주특별자치도 제주시 한림읍 금악리 249-29,원호형,원호형,10,360,500,일반,Y,33.3732454757,126.3151242949,Y,N,,제주특별자치도 제주시청,064-728-3742,2024-07-25,I,2026-05-15 18:45:22,2024-09-04 21:39:29
6510000,202465100000600586,,제주특별자치도 제주시 동화로,제주특별자치도,제주시,제주특별자치도 제주시 동화로 12,제주특별자치도 제주시 화북일동 1221-13,제주특별자치도 제주시 화북일동 1221-13,원호형,원호형,10,360,500,일반,Y,33.5187754100,126.5727071000,Y,N,,제주특별자치도 제주시청,064-728-3742,2024-07-25,I,2026-05-15 18:45:22,2024-09-04 21:39:27
6510000,202465100000601497,,제주특별자치도 제주시 신대로5길,제주특별자치도,제주시,제주특별자치도 제주시 신대로5길 46,제주특별자치도 제주시 연동 320-30,제주특별자치도 제주시 연동 320-30,원호형,원호형,10,360,500,일반,Y,33.4925762200,126.5014951000,Y,N,,제주특별자치도 제주시청,064-728-3742,2024-07-25,I,2026-05-15 18:45:22,2024-09-04 21:39:32
6510000,202465100000600147,,제주특별자치도 제주시 함와로,제주특별자치도,제주시,,제주특별자치도 제주시 조천읍 대흘리 산 6-13,제주특별자치도 제주시 조천읍 대흘리 산 6-13,원호형,원호형,10,360,500,일반,Y,33.5123831286,126.6752749610,Y,N,,제주특별자치도 제주시청,064-728-3742,2024-07-25,I,2026-05-15 18:45:22,2024-09-04 21:39:24
6510000,202465100000600043,,제주특별자치도 제주시 답동 2길,제주특별자치도,제주시,,제주특별자치도 제주시 애월읍 하귀2리 1899-7,제주특별자치도 제주시 애월읍 하귀2리 1899-7,원호형,원호형,10,360,500,일반,Y,33.4773056521,126.4027712962,Y,N,,제주특별자치도 제주시청,064-728-3742,2024-07-25,I,2026-05-15 18:45:22,2024-09-04 21:39:24
6510000,202465100000600957,,제주특별자치도 제주시 서해안로,제주특별자치도,제주시,,제주특별자치도 제주시 이호일동 375-49,제주특별자치도 제주시 이호일동 375-49,원호형,원호형,10,360,500,일반,Y,33.5013874547,126.4556532555,Y,N,,제주특별자치도 제주시청,064-728-3742,2024-07-25,I,2026-05-15 18:45:22,2024-09-04 21:39:29
6510000,202465100000600624,,제주특별자치도 제주시 1100로,제주특별자치도,제주시,,제주특별자치도 제주시 노형동 315-11,제주특별자치도 제주시 노형동 315-11,원호형,원호형,10,360,500,일반,Y,33.4455258164,126.4885072229,Y,N,,제주특별자치도 제주시청,064-728-3742,2024-07-25,I,2026-05-15 18:45:22,2024-09-04 21:39:27
6510000,202465100000600772,,제주특별자치도 제주시 원노형길,제주특별자치도,제주시,,제주특별자치도 제주시 노형동 918,제주특별자치도 제주시 노형동 918,원호형,원호형,10,360,500,일반,Y,33.4857394489,126.4801168215,Y,N,,제주특별자치도 제주시청,064-728-3742,2024-07-25,I,2026-05-15 18:45:22,2024-09-04 21:39:28
6510000,202465100000601898,,제주특별자치도 제주시 아란4길,제주특별자치도,제주시,제주특별자치도 제주시 중앙로 596,제주특별자치도 제주시 아라일동 6080,제주특별자치도 제주시 아라일동 6080,원호형,원호형,10,370,500,일반,Y,33.4701551800,126.5457072000,Y,N,,제주특별자치도 제주시청,064-728-3742,2024-07-25,I,2026-05-15 18:45:22,2024-09-04 21:39:35
6510000,202465100000600621,,제주특별자치도 제주시 명림로,제주특별자치도,제주시,,제주특별자치도 제주시 봉개동 산 51-4,제주특별자치도 제주시 봉개동 산 51-4,원호형,가상형,0,360,500,일반,Y,33.4485434479,126.6226382911,Y,N,,제주특별자치도 제주시청,064-728-3742,2024-07-25,I,2026-05-15 18:45:22,2024-09-04 21:39:27
6510000,202465100000601482,,제주특별자치도 제주시 신대로13길,제주특별자치도,제주시,제주특별자치도 제주시 신대로13길 17,제주특별자치도 제주시 연동 312-21,제주특별자치도 제주시 연동 312-21,원호형,원호형,10,360,500,일반,Y,33.4877863000,126.4984255000,Y,N,,제주특별자치도 제주시청,064-728-3742,2024-07-25,I,2026-05-15 18:45:22,2024-09-04 21:39:32
6510000,202465100000602015,,제주특별자치도 제주시 공설로9길,제주특별자치도,제주시,제주특별자치도 제주시 공설로 39,제주특별자치도 제주시 오라일동 2447-33,제주특별자치도 제주시 오라일동 2447-33,원호형,원호형,10,360,500,일반,Y,33.4969930000,126.5180541000,Y,N,,제주특별자치도 제주시청,064-728-3742,2024-07-25,I,2026-05-15 18:45:22,2024-09-04 21:39:36
6510000,202465100000601028,,제주특별자치도 제주시 다호북길,제주특별자치도,제주시,,제주특별자치도 제주시 도두이동 969-2,제주특별자치도 제주시 도두이동 969-2,원호형,원호형,8,360,500,일반,Y,33.5028572273,126.4819886033,Y,N,,제주특별자치도 제주시청,064-728-3742,2024-07-25,I,2026-05-15 18:45:22,2024-09-04 21:39:29
6510000,202465100000600182,,제주특별자치도 제주시 신와로,제주특별자치도,제주시,,제주특별자치도 제주시 조천읍 신촌리 1267,제주특별자치도 제주시 조천읍 신촌리 1267,원호형,원호형,10,360,500,일반,Y,33.5136503343,126.6213977639,Y,N,,제주특별자치도 제주시청,064-728-3742,2024-07-25,I,2026-05-15 18:45:22,2024-09-04 21:39:24
6510000,202465100000601535,,제주특별자치도 제주시 선사로4길,제주특별자치도,제주시,,제주특별자치도 제주시 삼양일동 1658-12,제주특별자치도 제주시 삼양일동 1658-12,원호형,원호형,10,360,500,일반,Y,33.5248598696,126.5879052570,Y,N,,제주특별자치도 제주시청,064-728-3742,2024-07-25,I,2026-05-15 18:45:22,2024-09-04 21:39:33
6510000,202465100000600189,,제주특별자치도 제주시 신조로,제주특별자치도,제주시,,제주특별자치도 제주시 조천읍 조천리 1932-1,제주특별자치도 제주시 조천읍 조천리 1932-1,원호형,원호형,10,360,500,일반,Y,33.5188617068,126.6358165329,Y,N,,제주특별자치도 제주시청,064-728-3742,2024-07-25,I,2026-05-15 18:45:22,2024-09-04 21:39:24
6510000,202465100000600781,,제주특별자치도 제주시 원노형남2길,제주특별자치도,제주시,,제주특별자치도 제주시 노형동 945-21,제주특별자치도 제주시 노형동 945-21,원호형,원호형,10,360,500,일반,Y,33.4829999670,126.4858522190,Y,N,,제주특별자치도 제주시청,064-728-3742,2024-07-25,I,2026-05-15 18:45:22,2024-09-04 21:39:28
6510000,202465100000601280,,제주특별자치도 제주시 용수1길,제주특별자치도,제주시,,제주특별자치도 제주시 한경면 용수리 4367-1,제주특별자치도 제주시 한경면 용수리 4367-1,원호형,원호형,10,360,500,일반,Y,33.3221211368,126.1711049056,Y,N,,제주특별자치도 제주시청,064-728-3742,2024-07-25,I,2026-05-15 18:45:22,2024-09-04 21:39:31
6510000,202465100000601754,,제주특별자치도 제주시 사송길,제주특별자치도,제주시,제주특별자치도 제주시 사송길 29,제주특별자치도 제주시 영평동 1895-3,제주특별자치도 제주시 영평동 1895-3,원호형,원호형,10,380,500,일반,Y,33.4751375000,126.5656554000,Y,N,,제주특별자치도 제주시청,064-728-3742,2024-07-25,I,2026-05-15 18:45:22,2024-09-04 21:39:34
6510000,202465100000600999,,제주특별자치도 제주시 도공로,제주특별자치도,제주시,제주특별자치도 제주시 서해안로 155,제주특별자치도 제주시 도두일동 2623-3,제주특별자치도 제주시 도두일동 2623-3,원호형,원호형,10,360,500,일반,Y,33.5036781800,126.4656624000,Y,N,,제주특별자치도 제주시청,064-728-3742,2024-07-25,I,2026-05-15 18:45:22,2024-09-04 21:39:29
6510000,202465100000601471,,제주특별자치도 제주시 선덕로3길,제주특별자치도,제주시,제주특별자치도 제주시 선덕로3길 48,제주특별자치도 제주시 연동 322-4,제주특별자치도 제주시 연동 322-4,원호형,원호형,10,360,500,일반,Y,33.4884081400,126.5001465000,Y,N,,제주특별자치도 제주시청,064-728-3742,2024-07-25,I,2026-05-15 18:45:22,2024-09-04 21:39:32
6510000,202465100000600353,,제주특별자치도 제주시 월성로5길,제주특별자치도,제주시,제주특별자치도 제주시 월성로5길 6,제주특별자치도 제주시 용담이동 2749-32,제주특별자치도 제주시 용담이동 2749-32,원호형,원호형,8,360,500,일반,Y,33.5024399200,126.5055270000,Y,N,,제주특별자치도 제주시청,064-728-3742,2024-07-25,I,2026-05-15 18:45:22,2024-09-04 21:39:25
6510000,202465100000601779,,제주특별자치도 제주시 5.16로,제주특별자치도,제주시,,제주특별자치도 제주시 아라일동 370-5,제주특별자치도 제주시 아라일동 370-5,원호형,원호형,10,380,500,일반,Y,33.4474568845,126.5557881072,Y,N,,제주특별자치도 제주시청,064-728-3742,2024-07-25,I,2026-05-15 18:45:22,2024-09-04 21:39:35
6510000,202465100000600566,,제주특별자치도 제주시 화삼북로2길,제주특별자치도,제주시,제주특별자치도 제주시 화삼북로2길 27,제주특별자치도 제주시 화북일동 1012-2,제주특별자치도 제주시 화북일동 1012-2,원호형,원호형,10,660,500,일반,Y,33.5152240900,126.5770050000,Y,N,,제주특별자치도 제주시청,064-728-3742,2024-07-25,I,2026-05-15 18:45:22,2024-09-04 21:39:27
6510000,202465100000600134,,제주특별자치도 제주시 북선로,제주특별자치도,제주시,제주특별자치도 제주시 조천읍 북선로 361,제주특별자치도 제주시 조천읍 선흘리 2511,제주특별자치도 제주시 조천읍 선흘리 2511,원호형,원호형,10,360,500,일반,Y,33.5135350863,126.6996119198,Y,N,,제주특별자치도 제주시청,064-728-3742,2024-07-25,I,2026-05-15 18:45:22,2024-09-04 21:39:24
6510000,202465100000601853,,제주특별자치도 제주시 오등4길,제주특별자치도,제주시,제주특별자치도 제주시 오등4길 12,제주특별자치도 제주시 오등동 1718-9,제주특별자치도 제주시 오등동 1718-9,원호형,원호형,8,390,500,일반,Y,33.4654702900,126.5218285000,Y,N,,제주특별자치도 제주시청,064-728-3742,2024-07-25,I,2026-05-15 18:45:22,2024-09-04 21:39:35
6510000,202465100000600288,,제주특별자치도 제주시 서사로 14길,제주특별자치도,제주시,제주특별자치도 제주시 서사로14길 43,제주특별자치도 제주시 삼도일동 499-4,제주특별자치도 제주시 삼도일동 499-4,원호형,원호형,10,360,500,일반,Y,33.5035337600,126.5152528000,Y,N,,제주특별자치도 제주시청,064-728-3742,2024-07-25,I,2026-05-15 18:45:22,2024-09-04 21:39:25
6510000,202465100000600696,,제주특별자치도 제주시 정존5길,제주특별자치도,제주시,제주특별자치도 제주시 정존5길 21,제주특별자치도 제주시 노형동 2525-11,제주특별자치도 제주시 노형동 2525-11,원호형,원호형,10,360,500,일반,Y,33.4841392800,126.4732412000,Y,N,,제주특별자치도 제주시청,064-728-3742,2024-07-25,I,2026-05-15 18:45:22,2024-09-04 21:39:27
6510000,202465100000600296,,제주특별자치도 제주시 서사로 11길,제주특별자치도,제주시,제주특별자치도 제주시 서사로11길 3,제주특별자치도 제주시 삼도이동 599-14,제주특별자치도 제주시 삼도이동 599-14,원호형,가상형,0,360,500,일반,Y,33.5058822444,126.5204253176,Y,N,,제주특별자치도 제주시청,064-728-3742,2024-07-25,I,2026-05-15 18:45:22,2024-09-04 21:39:25
6510000,202465100000600521,,제주특별자치도 제주시 동제원길,제주특별자치도,제주시,제주특별자치도 제주시 동제원길 41,제주특별자치도 제주시 화북일동 4624-7,제주특별자치도 제주시 화북일동 4624-7,원호형,원호형,10,360,500,일반,Y,33.5188718700,126.5592467000,Y,N,,제주특별자치도 제주시청,064-728-3742,2024-07-25,I,2026-05-15 18:45:22,2024-09-04 21:39:26
6510000,202465100000600488,,제주특별자치도 제주시 진동로,제주특별자치도,제주시,제주특별자치도 제주시 진동로 33,제주특별자치도 제주시 화북일동 1944-14,제주특별자치도 제주시 화북일동 1944-14,원호형,원호형,10,360,500,일반,Y,33.5220024900,126.5677743000,Y,N,,제주특별자치도 제주시청,064-728-3742,2024-07-25,I,2026-05-15 18:45:22,2024-09-04 21:39:26
6510000,202465100000600915,,제주특별자치도 제주시 월대2길,제주특별자치도,제주시,제주특별자치도 제주시 월대2길 6,제주특별자치도 제주시 외도이동 234-19,제주특별자치도 제주시 외도이동 234-19,원호형,원호형,10,360,500,일반,Y,33.4931338619,126.4334593750,Y,N,,제주특별자치도 제주시청,064-728-3742,2024-07-25,I,2026-05-15 18:45:22,2024-09-04 21:39:29
6510000,202465100000600619,,제주특별자치도 제주시 명림로,제주특별자치도,제주시,제주특별자치도 제주시 명림로 430,제주특별자치도 제주시 봉개동 237-2,제주특별자치도 제주시 봉개동 237-2,원호형,가상형,0,360,500,일반,Y,33.4498255894,126.6177476856,Y,N,,제주특별자치도 제주시청,064-728-3742,2024-07-25,I,2026-05-15 18:45:22,2024-09-04 21:39:27
6510000,202465100000601259,,제주특별자치도 제주시 태성로,제주특별자치도,제주시,제주특별자치도 제주시 태성로 6,제주특별자치도 제주시 일도이동 75,제주특별자치도 제주시 일도이동 75,원호형,원호형,8,360,500,일반,Y,33.5017341151,126.5471421164,Y,N,,제주특별자치도 제주시청,064-728-3742,2024-07-25,I,2026-05-15 18:45:22,2024-09-04 21:39:31
6510000,202465100000601512,,제주특별자치도 제주시 신대로10길,제주특별자치도,제주시,제주특별자치도 제주시 신대로10길 18,제주특별자치도 제주시 연동 291-115,제주특별자치도 제주시 연동 291-115,원호형,원호형,10,360,500,일반,Y,33.4909671300,126.4947660000,Y,N,,제주특별자치도 제주시청,064-728-3742,2024-07-25,I,2026-05-15 18:45:22,2024-09-04 21:39:33
6510000,202465100000600024,,제주특별자치도 제주시 중엄안3길,제주특별자치도,제주시,,제주특별자치도 제주시 애월읍 신엄리 814-2,제주특별자치도 제주시 애월읍 신엄리 814-2,원호형,원호형,10,360,500,일반,Y,33.4746735806,126.3722808914,Y,N,,제주특별자치도 제주시청,064-728-3742,2024-07-25,I,2026-05-15 18:45:22,2024-09-04 21:39:24
6510000,202465100000601612,,제주특별자치도 제주시 지석14길,제주특별자치도,제주시,제주특별자치도 제주시 지석14길 4,제주특별자치도 제주시 삼양이동 2180-11,제주특별자치도 제주시 삼양이동 2180-11,원호형,원호형,10,360,500,일반,Y,33.5207372500,126.5852200000,Y,N,,제주특별자치도 제주시청,064-728-3742,2024-07-25,I,2026-05-15 18:45:22,2024-09-04 21:39:33
6510000,202465100000600232,,제주특별자치도 제주시 서광로29길,제주특별자치도,제주시,제주특별자치도 제주시 중앙로 166,제주특별자치도 제주시 이도일동 1689-9,제주특별자치도 제주시 이도일동 1689-9,원호형,원호형,10,360,500,일반,Y,33.5040331500,126.5264431000,Y,N,,제주특별자치도 제주시청,064-728-3742,2024-07-25,I,2026-05-15 18:45:22,2024-09-04 21:39:25
6510000,202465100000600825,,제주특별자치도 제주시 도평길,제주특별자치도,제주시,,제주특별자치도 제주시 도평동 738-2,제주특별자치도 제주시 도평동 738-2,원호형,원호형,10,360,500,일반,Y,33.4809310116,126.4466738729,Y,N,,제주특별자치도 제주시청,064-728-3742,2024-07-25,I,2026-05-15 18:45:22,2024-09-04 21:39:28
6510000,202465100000600943,,제주특별자치도 제주시 현사길,제주특별자치도,제주시,제주특별자치도 제주시 일주서로 7521,제주특별자치도 제주시 이호일동 1764-3,제주특별자치도 제주시 이호일동 1764-3,원호형,원호형,10,360,500,일반,Y,33.4950911800,126.4501439000,Y,N,,제주특별자치도 제주시청,064-728-3742,2024-07-25,I,2026-05-15 18:45:22,2024-09-04 21:39:29
6510000,202465100000600268,,제주특별자치도 제주시 서사로 17길,제주특별자치도,제주시,제주특별자치도 제주시 서사로17길 21,제주특별자치도 제주시 삼도일동 546-30,제주특별자치도 제주시 삼도일동 546-30,원호형,가상형,0,360,500,일반,Y,33.5020688800,126.5221533000,Y,N,,제주특별자치도 제주시청,064-728-3742,2024-07-25,I,2026-05-15 18:45:22,2024-09-04 21:39:25
6510000,202465100000600850,,제주특별자치도 제주시 신산마을길,제주특별자치도,제주시,제주특별자치도 제주시 신산마을동길 16,제주특별자치도 제주시 도평동 587-4,제주특별자치도 제주시 도평동 587-4,원호형,원호형,10,360,500,일반,Y,33.4903317500,126.4507262000,Y,N,,제주특별자치도 제주시청,064-728-3742,2024-07-25,I,2026-05-15 18:45:22,2024-09-04 21:39:28
6510000,202465100000601760,,제주특별자치도 제주시 사송길,제주특별자치도,제주시,제주특별자치도 제주시 사송길 86,제주특별자치도 제주시 영평동 1967-5,제주특별자치도 제주시 영평동 1967-5,원호형,원호형,10,360,500,일반,Y,33.4706607200,126.5661492000,Y,N,,제주특별자치도 제주시청,064-728-3742,2024-07-25,I,2026-05-15 18:45:22,2024-09-04 21:39:34
6510000,202465100000601910,,제주특별자치도 제주시 첨단로,제주특별자치도,제주시,제주특별자치도 제주시 첨단로8길 96,제주특별자치도 제주시 영평동 2191-3,제주특별자치도 제주시 영평동 2191-3,원호형,원호형,10,360,500,일반,Y,33.4441252800,126.5709986000,Y,N,,제주특별자치도 제주시청,064-728-3742,2024-07-25,I,2026-05-15 18:45:22,2024-09-04 21:39:36
6510000,202465100000600373,,제주특별자치도 제주시 어영길,제주특별자치도,제주시,,제주특별자치도 제주시 용담삼동 1258-2,제주특별자치도 제주시 용담삼동 1258-2,원호형,원호형,8,360,500,일반,Y,33.5170325810,126.4979835085,Y,N,,제주특별자치도 제주시청,064-728-3742,2024-07-25,I,2026-05-15 18:45:22,2024-09-04 21:39:25
6510000,202465100000601165,,제주특별자치도 제주시 삼성로5길,제주특별자치도,제주시,제주특별자치도 제주시 삼성로5길 6,제주특별자치도 제주시 일도이동 1045-4,제주특별자치도 제주시 일도이동 1045-4,원호형,원호형,8,360,500,일반,Y,33.5071741300,126.5298319000,Y,N,,제주특별자치도 제주시청,064-728-3742,2024-07-25,I,2026-05-15 18:45:22,2024-09-04 21:39:30
6510000,202465100000601275,,제주특별자치도 제주시 신한로,제주특별자치도,제주시,제주특별자치도 제주시 한경면 신한로 20,제주특별자치도 제주시 한경면 신창리 151-2,제주특별자치도 제주시 한경면 신창리 151-2,원호형,원호형,10,360,500,일반,Y,33.3493779646,126.1850640252,Y,N,,제주특별자치도 제주시청,064-728-3742,2024-07-25,I,2026-05-15 18:45:22,2024-09-04 21:39:31
6510000,202465100000601548,,제주특별자치도 제주시 원당로9길,제주특별자치도,제주시,,제주특별자치도 제주시 삼양일동 1588-3,제주특별자치도 제주시 삼양일동 1588-3,원호형,원호형,10,360,500,일반,Y,33.5280430773,126.5909335755,Y,N,,제주특별자치도 제주시청,064-728-3742,2024-07-25,I,2026-05-15 18:45:22,2024-09-04 21:39:33
6510000,202465100000600405,,제주특별자치도 제주시 용두암길,제주특별자치도,제주시,제주특별자치도 제주시 용두암길 56,제주특별자치도 제주시 용담이동 368-10,제주특별자치도 제주시 용담이동 368-10,원호형,가상형,0,360,500,일반,Y,33.5126336486,126.5137011967,Y,N,,제주특별자치도 제주시청,064-728-3742,2024-07-25,I,2026-05-15 18:45:22,2024-09-04 21:39:26
6510000,202465100000601180,,제주특별자치도 제주시 신산로5길,제주특별자치도,제주시,제주특별자치도 제주시 신산로5길 11,제주특별자치도 제주시 일도이동 1007-45,제주특별자치도 제주시 일도이동 1007-45,원호형,원호형,8,360,500,일반,Y,33.5107039700,126.5334382000,Y,N,,제주특별자치도 제주시청,064-728-3742,2024-07-25,I,2026-05-15 18:45:22,2024-09-04 21:39:30
6510000,202465100000600455,,제주특별자치도 제주시 용화로11길,제주특별자치도,제주시,제주특별자치도 제주시 용화로11길 23,제주특별자치도 제주시 용담이동 603-6,제주특별자치도 제주시 용담이동 603-6,원호형,가상형,0,360,500,일반,Y,33.5115809800,126.5092511000,Y,N,,제주특별자치도 제주시청,064-728-3742,2024-07-25,I,2026-05-15 18:45:22,2024-09-04 21:39:26
6510000,202465100000600638,,제주특별자치도 제주시 방안4길,제주특별자치도,제주시,제주특별자치도 제주시 방일4길 179,제주특별자치도 제주시 노형동 1825,제주특별자치도 제주시 노형동 1825,원호형,원호형,10,360,500,일반,Y,33.4651203800,126.4762261000,Y,N,,제주특별자치도 제주시청,064-728-3742,2024-07-25,I,2026-05-15 18:45:22,2024-09-04 21:39:27
6510000,202465100000601638,,제주특별자치도 제주시 매촌2길,제주특별자치도,제주시,제주특별자치도 제주시 매촌2길 40,제주특별자치도 제주시 도련일동 1809,제주특별자치도 제주시 도련일동 1809,원호형,원호형,10,360,500,일반,Y,33.5123340400,126.5914592000,Y,N,,제주특별자치도 제주시청,064-728-3742,2024-07-25,I,2026-05-15 18:45:22,2024-09-04 21:39:34
6510000,202465100000601870,,제주특별자치도 제주시 인다14길,제주특별자치도,제주시,제주특별자치도 제주시 인다14길 35,제주특별자치도 제주시 아라일동 6155-9,제주특별자치도 제주시 아라일동 6155-9,원호형,원호형,10,360,500,일반,Y,33.4716948268,126.5493361062,Y,N,,제주특별자치도 제주시청,064-728-3742,2024-07-25,I,2026-05-15 18:45:22,2024-09-04 21:39:35
6510000,202465100000601159,,제주특별자치도 제주시 평대동길,제주특별자치도,제주시,,제주특별자치도 제주시 구좌읍 평대리 65-3,제주특별자치도 제주시 구좌읍 평대리 65-3,원호형,원호형,10,360,500,일반,Y,33.5265466118,126.8516747991,Y,N,,제주특별자치도 제주시청,064-728-3742,2024-07-25,I,2026-05-15 18:45:22,2024-09-04 21:39:30
6510000,202465100000601654,,제주특별자치도 제주시 매촌2길,제주특별자치도,제주시,제주특별자치도 제주시 매촌2길 21,제주특별자치도 제주시 도련이동 648-10,제주특별자치도 제주시 도련이동 648-10,원호형,원호형,10,360,500,일반,Y,33.5140897400,126.5910566000,Y,N,,제주특별자치도 제주시청,064-728-3742,2024-07-25,I,2026-05-15 18:45:22,2024-09-04 21:39:34
6510000,202465100000600385,,제주특별자치도 제주시 서해안로,제주특별자치도,제주시,제주특별자치도 제주시 서해안로 446-1,제주특별자치도 제주시 용담삼동 2400-7,제주특별자치도 제주시 용담삼동 2400-7,원호형,원호형,10,360,500,일반,Y,33.5175288400,126.4874718000,Y,N,,제주특별자치도 제주시청,064-728-3742,2024-07-25,I,2026-05-15 18:45:22,2024-09-04 21:39:26
6510000,202465100000600901,,제주특별자치도 제주시 절물1길,제주특별자치도,제주시,제주특별자치도 제주시 절물1길 7,제주특별자치도 제주시 외도일동 429-2,제주특별자치도 제주시 외도일동 429-2,원호형,원호형,10,360,500,일반,Y,33.4921634634,126.4317028063,Y,N,,제주특별자치도 제주시청,064-728-3742,2024-07-25,I,2026-05-15 18:45:22,2024-09-04 21:39:28
6510000,202465100000601340,,제주특별자치도 제주시 1100로,제주특별자치도,제주시,제주특별자치도 제주시 종천길 60,제주특별자치도 제주시 연동 599,제주특별자치도 제주시 연동 599,원호형,원호형,10,360,500,일반,Y,33.4696071666,126.5013919945,Y,N,,제주특별자치도 제주시청,064-728-3742,2024-07-25,I,2026-05-15 18:45:22,2024-09-04 21:39:31
6510000,202465100000600415,,제주특별자치도 제주시 용문로18길,제주특별자치도,제주시,제주특별자치도 제주시 용문로18길 35,제주특별자치도 제주시 용담이동 2688-26,제주특별자치도 제주시 용담이동 2688-26,원호형,원호형,8,360,500,일반,Y,33.5051382700,126.5104489000,Y,N,,제주특별자치도 제주시청,064-728-3742,2024-07-25,I,2026-05-15 18:45:22,2024-09-04 21:39:26
6510000,202465100000601844,,제주특별자치도 제주시 영평길,제주특별자치도,제주시,제주특별자치도 제주시 영평길 145,제주특별자치도 제주시 영평동 946-1,제주특별자치도 제주시 영평동 946-1,원호형,원호형,10,370,500,일반,Y,33.4879280896,126.5733878742,Y,N,,제주특별자치도 제주시청,064-728-3742,2024-07-25,I,2026-05-15 18:45:22,2024-09-04 21:39:35
6510000,202465100000601426,,제주특별자치도 제주시 도령로7길,제주특별자치도,제주시,제주특별자치도 제주시 도령로7길 26,제주특별자치도 제주시 연동 1961-4,제주특별자치도 제주시 연동 1961-4,원호형,원호형,10,360,500,일반,Y,33.4909349500,126.4836791000,Y,N,,제주특별자치도 제주시청,064-728-3742,2024-07-25,I,2026-05-15 18:45:22,2024-09-04 21:39:32
6510000,202465100000600694,,제주특별자치도 제주시 수덕3길,제주특별자치도,제주시,제주특별자치도 제주시 수덕3길 33,제주특별자치도 제주시 노형동 2537-1,제주특별자치도 제주시 노형동 2537-1,원호형,원호형,10,360,500,일반,Y,33.4846010576,126.4752144467,Y,N,,제주특별자치도 제주시청,064-728-3742,2024-07-25,I,2026-05-15 18:45:22,2024-09-04 21:39:27
6510000,202465100000600348,,제주특별자치도 제주시 남성로22길,제주특별자치도,제주시,제주특별자치도 제주시 남성로22길 54-1,제주특별자치도 제주시 삼도이동 593-23,제주특별자치도 제주시 삼도이동 593-23,원호형,원호형,8,360,500,일반,Y,33.5051307500,126.5221235000,Y,N,,제주특별자치도 제주시청,064-728-3742,2024-07-25,I,2026-05-15 18:45:22,2024-09-04 21:39:25
6510000,202465100000601474,,제주특별자치도 제주시 선덕로3길,제주특별자치도,제주시,제주특별자치도 제주시 선덕로3길 20,제주특별자치도 제주시 연동 313-49,제주특별자치도 제주시 연동 313-49,원호형,원호형,10,360,500,일반,Y,33.4874931500,126.4987717000,Y,N,,제주특별자치도 제주시청,064-728-3742,2024-07-25,I,2026-05-15 18:45:22,2024-09-04 21:39:32
6510000,202465100000600017,,제주특별자치도 제주시 하광로,제주특별자치도,제주시,,제주특별자치도 제주시 애월읍 광령리 3861-1,제주특별자치도 제주시 애월읍 광령리 3861-1,원호형,원호형,10,360,500,일반,Y,33.4636198887,126.4223059151,Y,N,,제주특별자치도 제주시청,064-728-3742,2024-07-25,I,2026-05-15 18:45:22,2024-09-04 21:39:24
6510000,202465100000601688,,제주특별자치도 제주시 남성로11길,제주특별자치도,제주시,제주특별자치도 제주시 남성로11길 34,제주특별자치도 제주시 용담일동 256-12,제주특별자치도 제주시 용담일동 256-12,원호형,원호형,8,360,500,일반,Y,33.5078324000,126.5120477000,Y,N,,제주특별자치도 제주시청,064-728-3742,2024-07-25,I,2026-05-15 18:45:22,2024-09-04 21:39:34
6510000,202465100000601407,,제주특별자치도 제주시 남녕로,제주특별자치도,제주시,제주특별자치도 제주시 남녕로4길 35,제주특별자치도 제주시 연동 1952-9,제주특별자치도 제주시 연동 1952-9,원호형,원호형,8,360,500,일반,Y,33.4922867900,126.4806341000,Y,N,,제주특별자치도 제주시청,064-728-3742,2024-07-25,I,2026-05-15 18:45:22,2024-09-04 21:39:32
6510000,202465100000600590,,제주특별자치도 제주시 송이길,제주특별자치도,제주시,제주특별자치도 제주시 송이길 226,제주특별자치도 제주시 회천동 294-22,제주특별자치도 제주시 회천동 294-22,원호형,원호형,10,360,500,일반,Y,33.4613671567,126.6299200803,Y,N,,제주특별자치도 제주시청,064-728-3742,2024-07-25,I,2026-05-15 18:45:22,2024-09-04 21:39:27
6510000,202465100000600220,,제주특별자치도 제주시 돈내길,제주특별자치도,제주시,제주특별자치도 제주시 돈내길 21,제주특별자치도 제주시 이도일동 1250-11,제주특별자치도 제주시 이도일동 1250-11,원호형,가상형,0,320,500,일반,Y,33.5025381398,126.5313546322,Y,N,,제주특별자치도 제주시청,064-728-3742,2024-07-25,I,2026-05-15 18:45:22,2024-09-04 21:39:25
6510000,202465100000601793,,제주특별자치도 제주시 아란1길,제주특별자치도,제주시,제주특별자치도 제주시 아란1길 31,제주특별자치도 제주시 아라일동 6047-14,제주특별자치도 제주시 아라일동 6047-14,원호형,원호형,8,360,500,일반,Y,33.4749031100,126.5403121000,Y,N,,제주특별자치도 제주시청,064-728-3742,2024-07-25,I,2026-05-15 18:45:22,2024-09-04 21:39:35
6510000,202465100000601213,,제주특별자치도 제주시 동광로19길,제주특별자치도,제주시,제주특별자치도 제주시 동광로19길 13,제주특별자치도 제주시 일도이동 328-27,제주특별자치도 제주시 일도이동 328-27,원호형,원호형,8,360,500,일반,Y,33.5094822600,126.5408833000,Y,N,,제주특별자치도 제주시청,064-728-3742,2024-07-25,I,2026-05-15 18:45:22,2024-09-04 21:39:30
6510000,202465100000600162,,제주특별자치도 제주시 와선로,제주특별자치도,제주시,,제주특별자치도 제주시 조천읍 선흘리 4030-4,제주특별자치도 제주시 조천읍 선흘리 4030-4,원호형,원호형,10,360,500,일반,Y,33.4842357768,126.6979047476,Y,N,,제주특별자치도 제주시청,064-728-3742,2024-07-25,I,2026-05-15 18:45:22,2024-09-04 21:39:24
6510000,202465100000600788,,제주특별자치도 제주시 진군길,제주특별자치도,제주시,,제주특별자치도 제주시 노형동 717,제주특별자치도 제주시 노형동 717,원호형,원호형,10,360,500,일반,Y,33.4761277660,126.4825661877,Y,N,,제주특별자치도 제주시청,064-728-3742,2024-07-25,I,2026-05-15 18:45:22,2024-09-04 21:39:28
6510000,202465100000600629,,제주특별자치도 제주시 1100로,제주특별자치도,제주시,,제주특별자치도 제주시 노형동 287-3,제주특별자치도 제주시 노형동 287-3,원호형,원호형,10,360,500,일반,Y,33.4542397012,126.4871066302,Y,N,,제주특별자치도 제주시청,064-728-3742,2024-07-25,I,2026-05-15 18:45:22,2024-09-04 21:39:27
6510000,202465100000600903,,제주특별자치도 제주시 절물2길,제주특별자치도,제주시,제주특별자치도 제주시 절물2길 1,제주특별자치도 제주시 외도일동 435-2,제주특별자치도 제주시 외도일동 435-2,원호형,원호형,10,360,500,일반,Y,33.4922225100,126.4333144000,Y,N,,제주특별자치도 제주시청,064-728-3742,2024-07-25,I,2026-05-15 18:45:22,2024-09-04 21:39:28
6510000,202465100000600651,,제주특별자치도 제주시 방안4길,제주특별자치도,제주시,제주특별자치도 제주시 방일4길 11,제주특별자치도 제주시 노형동 2261-1,제주특별자치도 제주시 노형동 2261-1,원호형,원호형,10,360,500,일반,Y,33.4773797500,126.4698525000,Y,N,,제주특별자치도 제주시청,064-728-3742,2024-07-25,I,2026-05-15 18:45:22,2024-09-04 21:39:27
6510000,202465100000601326,,제주특별자치도 제주시 남광로,제주특별자치도,제주시,제주특별자치도 제주시 남광로 20,제주특별자치도 제주시 이도이동 1994-4,제주특별자치도 제주시 이도이동 1994-4,원호형,가상형,0,360,500,일반,Y,33.4928872700,126.5381652000,Y,N,,제주특별자치도 제주시청,064-728-3742,2024-07-25,I,2026-05-15 18:45:22,2024-09-04 21:39:31
6510000,202465100000600019,,제주특별자치도 제주시 신엄로,제주특별자치도,제주시,제주특별자치도 제주시 애월읍 애월해안로 570-3,제주특별자치도 제주시 애월읍 신엄리 2715-4,제주특별자치도 제주시 애월읍 신엄리 2715-4,원호형,원호형,10,360,500,일반,Y,33.4776134278,126.3648455714,Y,N,,제주특별자치도 제주시청,064-728-3742,2024-07-25,I,2026-05-15 18:45:22,2024-09-04 21:39:24
6510000,202465100000601685,,제주특별자치도 제주시 남성로11길,제주특별자치도,제주시,제주특별자치도 제주시 남성로11길 2,제주특별자치도 제주시 용담일동 251-2,제주특별자치도 제주시 용담일동 251-2,원호형,원호형,10,360,500,일반,Y,33.5055210300,126.5135477000,Y,N,,제주특별자치도 제주시청,064-728-3742,2024-07-25,I,2026-05-15 18:45:22,2024-09-04 21:39:34
6510000,202465100000601966,,제주특별자치도 제주시 연미길,제주특별자치도,제주시,제주특별자치도 제주시 연미길 95,제주특별자치도 제주시 오라이동 3052-1,제주특별자치도 제주시 오라이동 3052-1,원호형,원호형,10,360,500,일반,Y,33.4858687976,126.5034422813,Y,N,,제주특별자치도 제주시청,064-728-3742,2024-07-25,I,2026-05-15 18:45:22,2024-09-04 21:39:36
6510000,202465100000600595,,제주특별자치도 제주시 생목수원로,제주특별자치도,제주시,,제주특별자치도 제주시 회천동 2681-4,제주특별자치도 제주시 회천동 2681-4,원호형,원호형,10,360,500,일반,Y,33.5052032900,126.5996260722,Y,N,,제주특별자치도 제주시청,064-728-3742,2024-07-25,I,2026-05-15 18:45:22,2024-09-04 21:39:27
6510000,202465100000601408,,제주특별자치도 제주시 남녕로8길,제주특별자치도,제주시,제주특별자치도 제주시 남녕로8길 9,제주특별자치도 제주시 연동 1951-6,제주특별자치도 제주시 연동 1951-6,원호형,원호형,10,360,500,일반,Y,33.4925548800,126.4803025000,Y,N,,제주특별자치도 제주시청,064-728-3742,2024-07-25,I,2026-05-15 18:45:22,2024-09-04 21:39:32
6510000,202465100000600001,,제주특별자치도 제주시 하광로,제주특별자치도,제주시,제주특별자치도 제주시 애월읍 하귀동남6길 1,제주특별자치도 제주시 애월읍 하귀1리 745-4,제주특별자치도 제주시 애월읍 하귀1리 745-4,원호형,원호형,10,360,500,일반,Y,33.4798717137,126.4171366017,Y,N,,제주특별자치도 제주시청,064-728-3742,2024-07-25,I,2026-05-15 18:45:22,2024-09-04 21:39:24
6510000,202465100000600524,,제주특별자치도 제주시 거로서길,제주특별자치도,제주시,,제주특별자치도 제주시 화북이동 4955-16,제주특별자치도 제주시 화북이동 4955-16,원호형,원호형,10,360,500,일반,Y,33.5137538581,126.5555274517,Y,N,,제주특별자치도 제주시청,064-728-3742,2024-07-25,I,2026-05-15 18:45:22,2024-09-04 21:39:26
6510000,202465100000600866,,제주특별자치도 제주시 우정로3길,제주특별자치도,제주시,,제주특별자치도 제주시 외도일동 453-2,제주특별자치도 제주시 외도일동 453-2,원호형,원호형,10,360,500,일반,Y,33.4909679054,126.4339377968,Y,N,,제주특별자치도 제주시청,064-728-3742,2024-07-25,I,2026-05-15 18:45:22,2024-09-04 21:39:28
6510000,202465100000600210,,제주특별자치도 제주시 동광로9길,제주특별자치도,제주시,제주특별자치도 제주시 동광로9길 25,제주특별자치도 제주시 이도일동 1248-12,제주특별자치도 제주시 이도일동 1248-12,원호형,가상형,0,360,500,일반,Y,33.5041330914,126.5317216309,Y,N,,제주특별자치도 제주시청,064-728-3742,2024-07-25,I,2026-05-15 18:45:22,2024-09-04 21:39:25
6510000,202465100000600961,,제주특별자치도 제주시 서해안로,제주특별자치도,제주시,제주특별자치도 제주시 서해안로 38,제주특별자치도 제주시 이호일동 417-1,제주특별자치도 제주시 이호일동 417-1,원호형,원호형,10,360,500,일반,Y,33.5009902200,126.4563036000,Y,N,,제주특별자치도 제주시청,064-728-3742,2024-07-25,I,2026-05-15 18:45:22,2024-09-04 21:39:29
6510000,202465100000601360,,제주특별자치도 제주시 연화로2길,제주특별자치도,제주시,제주특별자치도 제주시 연화로2길 16-1,제주특별자치도 제주시 연동 1532-1,제주특별자치도 제주시 연동 1532-1,원호형,원호형,10,360,500,일반,Y,33.4772941841,126.4889783903,Y,N,,제주특별자치도 제주시청,064-728-3742,2024-07-25,I,2026-05-15 18:45:22,2024-09-04 21:39:32
6510000,202465100000600216,,제주특별자치도 제주시 돈내길,제주특별자치도,제주시,제주특별자치도 제주시 돈내길 35,제주특별자치도 제주시 이도일동 1246-16,제주특별자치도 제주시 이도일동 1246-16,원호형,가상형,0,360,500,일반,Y,33.5030813900,126.5325337000,Y,N,,제주특별자치도 제주시청,064-728-3742,2024-07-25,I,2026-05-15 18:45:22,2024-09-04 21:39:25
6510000,202465100000601505,,제주특별자치도 제주시 신대로7길,제주특별자치도,제주시,제주특별자치도 제주시 신대로7길 7,제주특별자치도 제주시 연동 310-12,제주특별자치도 제주시 연동 310-12,원호형,원호형,10,360,500,일반,Y,33.4920033800,126.4975953000,Y,N,,제주특별자치도 제주시청,064-728-3742,2024-07-25,I,2026-05-15 18:45:22,2024-09-04 21:39:32
6510000,202465100000600894,,제주특별자치도 제주시 우정로16길,제주특별자치도,제주시,제주특별자치도 제주시 우정로16길 18,제주특별자치도 제주시 외도일동 542-8,제주특별자치도 제주시 외도일동 542-8,원호형,원호형,10,360,500,일반,Y,33.4860553100,126.4289992000,Y,N,,제주특별자치도 제주시청,064-728-3742,2024-07-25,I,2026-05-15 18:45:22,2024-09-04 21:39:28
6510000,202465100000600841,,제주특별자치도 제주시 우평로,제주특별자치도,제주시,,제주특별자치도 제주시 외도일동 751-1,제주특별자치도 제주시 외도일동 751-1,원호형,원호형,10,360,500,일반,Y,33.4837984237,126.4331589447,Y,N,,제주특별자치도 제주시청,064-728-3742,2024-07-25,I,2026-05-15 18:45:22,2024-09-04 21:39:28
6510000,202465100000600966,,제주특별자치도 제주시 백포서3길,제주특별자치도,제주시,제주특별자치도 제주시 백포서3길 9,제주특별자치도 제주시 이호일동 393,제주특별자치도 제주시 이호일동 393,원호형,원호형,8,360,500,일반,Y,33.5014907800,126.4566100000,Y,N,,제주특별자치도 제주시청,064-728-3742,2024-07-25,I,2026-05-15 18:45:22,2024-09-04 21:39:29
6510000,202465100000600693,,제주특별자치도 제주시 수덕3길,제주특별자치도,제주시,제주특별자치도 제주시 수덕3길 24,제주특별자치도 제주시 노형동 1284-6,제주특별자치도 제주시 노형동 1284-6,원호형,원호형,10,360,500,일반,Y,33.4854804954,126.4758808696,Y,N,,제주특별자치도 제주시청,064-728-3742,2024-07-25,I,2026-05-15 18:45:22,2024-09-04 21:39:27
6510000,202465100000601676,,제주특별자치도 제주시 용담로17길,제주특별자치도,제주시,제주특별자치도 제주시 용담로17길 22,제주특별자치도 제주시 용담일동 166-6,제주특별자치도 제주시 용담일동 166-6,원호형,원호형,10,360,500,일반,Y,33.5096830900,126.5170390000,Y,N,,제주특별자치도 제주시청,064-728-3742,2024-07-25,I,2026-05-15 18:45:22,2024-09-04 21:39:34
6510000,202465100000601647,,제주특별자치도 제주시 매촌서1길,제주특별자치도,제주시,제주특별자치도 제주시 매촌서1길 21,제주특별자치도 제주시 도련이동 625-1,제주특별자치도 제주시 도련이동 625-1,원호형,원호형,10,360,500,일반,Y,33.5151042500,126.5910145000,Y,N,,제주특별자치도 제주시청,064-728-3742,2024-07-25,I,2026-05-15 18:45:22,2024-09-04 21:39:34
6510000,202465100000600110,,제주특별자치도 제주시 북촌7길,제주특별자치도,제주시,,제주특별자치도 제주시 조천읍 북촌리 1283-4,제주특별자치도 제주시 조천읍 북촌리 1283-4,원호형,원호형,10,360,500,일반,Y,33.5498918053,126.6932176114,Y,N,,제주특별자치도 제주시청,064-728-3742,2024-07-25,I,2026-05-15 18:45:22,2024-09-04 21:39:24
6510000,202465100000601591,,제주특별자치도 제주시 지석4길,제주특별자치도,제주시,제주특별자치도 제주시 지석4길 11-3,제주특별자치도 제주시 삼양이동 2149-6,제주특별자치도 제주시 삼양이동 2149-6,원호형,원호형,10,360,500,일반,Y,33.5203538800,126.5802929000,Y,N,,제주특별자치도 제주시청,064-728-3742,2024-07-25,I,2026-05-15 18:45:22,2024-09-04 21:39:33
6510000,202465100000601477,,제주특별자치도 제주시 문송길,제주특별자치도,제주시,제주특별자치도 제주시 문송길 35,제주특별자치도 제주시 연동 313-39,제주특별자치도 제주시 연동 313-39,원호형,원호형,10,360,500,일반,Y,33.4864939500,126.4973998000,Y,N,,제주특별자치도 제주시청,064-728-3742,2024-07-25,I,2026-05-15 18:45:22,2024-09-04 21:39:32
6510000,202465100000600319,,제주특별자치도 제주시 무근성7길,제주특별자치도,제주시,제주특별자치도 제주시 무근성7길 31,제주특별자치도 제주시 삼도이동 1112-7,제주특별자치도 제주시 삼도이동 1112-7,원호형,원호형,10,360,500,일반,Y,33.5152662000,126.5211764000,Y,N,,제주특별자치도 제주시청,064-728-3742,2024-07-25,I,2026-05-15 18:45:22,2024-09-04 21:39:25
6510000,202465100000600879,,제주특별자치도 제주시 우정로3길,제주특별자치도,제주시,제주특별자치도 제주시 우정로3길 19,제주특별자치도 제주시 외도일동 435-5,제주특별자치도 제주시 외도일동 435-5,원호형,원호형,10,360,500,일반,Y,33.4915416700,126.4331665000,Y,N,,제주특별자치도 제주시청,064-728-3742,2024-07-25,I,2026-05-15 18:45:22,2024-09-04 21:39:28
6510000,202465100000600753,,제주특별자치도 제주시 월랑로12길,제주특별자치도,제주시,,제주특별자치도 제주시 노형동 1144-1,제주특별자치도 제주시 노형동 1144-1,원호형,원호형,8,360,500,일반,Y,33.4940994200,126.4765602000,Y,N,,제주특별자치도 제주시청,064-728-3742,2024-07-25,I,2026-05-15 18:45:22,2024-09-04 21:39:28
6510000,202465100000600096,,제주특별자치도 제주시 조함해안로,제주특별자치도,제주시,제주특별자치도 제주시 조천읍 조함해안로 592-4,제주특별자치도 제주시 조천읍 함덕리 251-1,제주특별자치도 제주시 조천읍 함덕리 251-1,원호형,원호형,10,360,500,일반,Y,33.5436263057,126.6745059302,Y,N,,제주특별자치도 제주시청,064-728-3742,2024-07-25,I,2026-05-15 18:45:22,2024-09-04 21:39:24
6510000,202465100000600963,,제주특별자치도 제주시 백포서길,제주특별자치도,제주시,제주특별자치도 제주시 백포서길 15,제주특별자치도 제주시 이호일동 464-1,제주특별자치도 제주시 이호일동 464-1,원호형,원호형,8,360,500,일반,Y,33.5001970100,126.4578272000,Y,N,,제주특별자치도 제주시청,064-728-3742,2024-07-25,I,2026-05-15 18:45:22,2024-09-04 21:39:29
6510000,202465100000600027,,제주특별자치도 제주시 중엄안3길,제주특별자치도,제주시,,제주특별자치도 제주시 애월읍 신엄리 812-1,제주특별자치도 제주시 애월읍 신엄리 812-1,원호형,원호형,10,360,500,일반,Y,33.4744561006,126.3724813702,Y,N,,제주특별자치도 제주시청,064-728-3742,2024-07-25,I,2026-05-15 18:45:22,2024-09-04 21:39:24
6510000,202465100000600552,,제주특별자치도 제주시 황사평4길,제주특별자치도,제주시,제주특별자치도 제주시 황사평4길 30,제주특별자치도 제주시 화북이동 2997-9,제주특별자치도 제주시 화북이동 2997-9,원호형,원호형,10,360,500,일반,Y,33.4937196800,126.5605434000,Y,N,,제주특별자치도 제주시청,064-728-3742,2024-07-25,I,2026-05-15 18:45:22,2024-09-04 21:39:26
6510000,202465100000600518,,제주특별자치도 제주시 동제원길,제주특별자치도,제주시,제주특별자치도 제주시 동제원길 82,제주특별자치도 제주시 화북일동 4144-1,제주특별자치도 제주시 화북일동 4144-1,원호형,원호형,10,360,500,일반,Y,33.5218082800,126.5612080000,Y,N,,제주특별자치도 제주시청,064-728-3742,2024-07-25,I,2026-05-15 18:45:22,2024-09-04 21:39:26
6510000,202465100000601176,,제주특별자치도 제주시 신산로4길,제주특별자치도,제주시,제주특별자치도 제주시 신산로4길 12,제주특별자치도 제주시 일도이동 1028-10,제주특별자치도 제주시 일도이동 1028-10,원호형,원호형,8,360,500,일반,Y,33.5109298732,126.5306850443,Y,N,,제주특별자치도 제주시청,064-728-3742,2024-07-25,I,2026-05-15 18:45:22,2024-09-04 21:39:30
6510000,202465100000600195,,제주특별자치도 제주시 함대로,제주특별자치도,제주시,,제주특별자치도 제주시 조천읍 함덕리 2851-1,제주특별자치도 제주시 조천읍 함덕리 2851-1,원호형,원호형,10,360,500,일반,Y,33.5403261351,126.6580325619,Y,N,,제주특별자치도 제주시청,064-728-3742,2024-07-25,I,2026-05-15 18:45:22,2024-09-04 21:39:25
6510000,202465100000600031,,제주특별자치도 제주시 애월항로,제주특별자치도,제주시,제주특별자치도 제주시 애월읍 애월항로 13,제주특별자치도 제주시 애월읍 애월리 462-5,제주특별자치도 제주시 애월읍 애월리 462-5,원호형,가상형,0,360,500,일반,Y,33.4634642400,126.3262242073,Y,N,,제주특별자치도 제주시청,064-728-3742,2024-07-25,I,2026-05-15 18:45:22,2024-09-04 21:39:24
6510000,202465100000601705,,제주특별자치도 제주시 용담로18길,제주특별자치도,제주시,제주특별자치도 제주시 용담로18길 12,제주특별자치도 제주시 용담일동 241-4,제주특별자치도 제주시 용담일동 241-4,원호형,원호형,8,360,500,일반,Y,33.5091871810,126.5139872816,Y,N,,제주특별자치도 제주시청,064-728-3742,2024-07-25,I,2026-05-15 18:45:22,2024-09-04 21:39:34
6510000,202465100000601718,,제주특별자치도 제주시 구남동8길,제주특별자치도,제주시,제주특별자치도 제주시 구남동8길 35,제주특별자치도 제주시 아라일동 6037-1,제주특별자치도 제주시 아라일동 6037-1,원호형,원호형,10,360,500,일반,Y,33.4863427900,126.5369587000,Y,N,,제주특별자치도 제주시청,064-728-3742,2024-07-25,I,2026-05-15 18:45:22,2024-09-04 21:39:34
6510000,202465100000600424,,제주특별자치도 제주시 성화로6길,제주특별자치도,제주시,제주특별자치도 제주시 성화로6길 28,제주특별자치도 제주시 용담이동 617,제주특별자치도 제주시 용담이동 617,원호형,가상형,0,360,500,일반,Y,33.5110436800,126.5082154000,Y,N,,제주특별자치도 제주시청,064-728-3742,2024-07-25,I,2026-05-15 18:45:22,2024-09-04 21:39:26
6510000,202465100000600821,,제주특별자치도 제주시 도평길,제주특별자치도,제주시,제주특별자치도 제주시 도평길 31,제주특별자치도 제주시 도평동 903-1,제주특별자치도 제주시 도평동 903-1,원호형,원호형,10,360,500,일반,Y,33.4792121300,126.4483028000,Y,N,,제주특별자치도 제주시청,064-728-3742,2024-07-25,I,2026-05-15 18:45:22,2024-09-04 21:39:28
6510000,202465100000600217,,제주특별자치도 제주시 돈내길,제주특별자치도,제주시,제주특별자치도 제주시 돈내길 27,제주특별자치도 제주시 이도일동 1246-41,제주특별자치도 제주시 이도일동 1246-41,원호형,가상형,0,360,500,일반,Y,33.5027494700,126.5318059000,Y,N,,제주특별자치도 제주시청,064-728-3742,2024-07-25,I,2026-05-15 18:45:22,2024-09-04 21:39:25
6510000,202465100000600954,,제주특별자치도 제주시 이호해변길,제주특별자치도,제주시,,제주특별자치도 제주시 이호일동 374-4,제주특별자치도 제주시 이호일동 374-4,원호형,원호형,10,360,500,일반,Y,33.5027648338,126.4536482794,Y,N,,제주특별자치도 제주시청,064-728-3742,2024-07-25,I,2026-05-15 18:45:22,2024-09-04 21:39:29
6510000,202465100000600369,,제주특별자치도 제주시 용마서길,제주특별자치도,제주시,제주특별자치도 제주시 용마서길 34,제주특별자치도 제주시 용담삼동 970-3,제주특별자치도 제주시 용담삼동 970-3,원호형,원호형,8,360,500,일반,Y,33.5149566300,126.5020669000,Y,N,,제주특별자치도 제주시청,064-728-3742,2024-07-25,I,2026-05-15 18:45:22,2024-09-04 21:39:25
6510000,202465100000600326,,제주특별자치도 제주시 관덕로2길,제주특별자치도,제주시,제주특별자치도 제주시 관덕로2길 24,제주특별자치도 제주시 삼도이동 830-14,제주특별자치도 제주시 삼도이동 830-14,원호형,가상형,0,360,500,일반,Y,33.5109746238,126.5209417197,Y,N,,제주특별자치도 제주시청,064-728-3742,2024-07-25,I,2026-05-15 18:45:22,2024-09-04 21:39:25
6510000,202465100000600881,,제주특별자치도 제주시 우정로5길,제주특별자치도,제주시,제주특별자치도 제주시 우정로5길 27,제주특별자치도 제주시 외도일동 453-5,제주특별자치도 제주시 외도일동 453-5,원호형,원호형,10,360,500,일반,Y,33.4902762676,126.4336543447,Y,N,,제주특별자치도 제주시청,064-728-3742,2024-07-25,I,2026-05-15 18:45:22,2024-09-04 21:39:28
6510000,202465100000601838,,제주특별자치도 제주시 아연로,제주특별자치도,제주시,제주특별자치도 제주시 아연로 553,제주특별자치도 제주시 아라일동 2265-1,제주특별자치도 제주시 아라일동 2265-1,원호형,원호형,10,350,500,일반,Y,33.4781857300,126.5386377000,Y,N,,제주특별자치도 제주시청,064-728-3742,2024-07-25,I,2026-05-15 18:45:22,2024-09-04 21:39:35
6510000,202465100000601649,,제주특별자치도 제주시 매촌2길,제주특별자치도,제주시,제주특별자치도 제주시 매촌2길 5,제주특별자치도 제주시 도련이동 632-1,제주특별자치도 제주시 도련이동 632-1,원호형,원호형,10,360,500,일반,Y,33.5150376400,126.5902834000,Y,N,,제주특별자치도 제주시청,064-728-3742,2024-07-25,I,2026-05-15 18:45:22,2024-09-04 21:39:34
6510000,202465100000601827,,제주특별자치도 제주시 아연로,제주특별자치도,제주시,제주특별자치도 제주시 아연로 333,제주특별자치도 제주시 오등동 1674-4,제주특별자치도 제주시 오등동 1674-4,원호형,원호형,10,360,500,일반,Y,33.4680890200,126.5217472000,Y,N,,제주특별자치도 제주시청,064-728-3742,2024-07-25,I,2026-05-15 18:45:22,2024-09-04 21:39:35
6510000,202465100000600420,,제주특별자치도 제주시 용문로18길,제주특별자치도,제주시,제주특별자치도 제주시 용문로18길 61,제주특별자치도 제주시 용담이동 2695-11,제주특별자치도 제주시 용담이동 2695-11,원호형,원호형,8,360,500,일반,Y,33.5030705605,126.5106764637,Y,N,,제주특별자치도 제주시청,064-728-3742,2024-07-25,I,2026-05-15 18:45:22,2024-09-04 21:39:26
6510000,202465100000601500,,제주특별자치도 제주시 귀아랑1길,제주특별자치도,제주시,제주특별자치도 제주시 귀아랑1길 14,제주특별자치도 제주시 연동 310-33,제주특별자치도 제주시 연동 310-33,원호형,원호형,10,360,500,일반,Y,33.4921770604,126.4988731916,Y,N,,제주특별자치도 제주시청,064-728-3742,2024-07-25,I,2026-05-15 18:45:22,2024-09-04 21:39:32
6510000,202465100000601492,,제주특별자치도 제주시 연문6길,제주특별자치도,제주시,제주특별자치도 제주시 연문6길 6,제주특별자치도 제주시 연동 320-42,제주특별자치도 제주시 연동 320-42,원호형,원호형,10,360,500,일반,Y,33.4926919100,126.5012074000,Y,N,,제주특별자치도 제주시청,064-728-3742,2024-07-25,I,2026-05-15 18:45:22,2024-09-04 21:39:32
6510000,202465100000600565,,제주특별자치도 제주시 화삼북로2길,제주특별자치도,제주시,제주특별자치도 제주시 화삼북로2길 32,제주특별자치도 제주시 화북일동 1023-2,제주특별자치도 제주시 화북일동 1023-2,원호형,원호형,10,660,500,일반,Y,33.5144905622,126.5760576296,Y,N,,제주특별자치도 제주시청,064-728-3742,2024-07-25,I,2026-05-15 18:45:22,2024-09-04 21:39:26
6510000,202465100000601947,,제주특별자치도 제주시 오라남로,제주특별자치도,제주시,제주특별자치도 제주시 오라남로 52,제주특별자치도 제주시 오라이동 204-2,제주특별자치도 제주시 오라이동 204-2,원호형,원호형,10,360,500,일반,Y,33.4563929624,126.5123054923,Y,N,,제주특별자치도 제주시청,064-728-3742,2024-07-25,I,2026-05-15 18:45:22,2024-09-04 21:39:36
6510000,202465100000601724,,제주특별자치도 제주시 구산서길,제주특별자치도,제주시,제주특별자치도 제주시 구산서길 1,제주특별자치도 제주시 아라일동 2738-1,제주특별자치도 제주시 아라일동 2738-1,원호형,원호형,10,360,500,일반,Y,33.4765876270,126.5342910972,Y,N,,제주특별자치도 제주시청,064-728-3742,2024-07-25,I,2026-05-15 18:45:22,2024-09-04 21:39:34
6510000,202465100000600771,,제주특별자치도 제주시 남녕로,제주특별자치도,제주시,제주특별자치도 제주시 남녕로 21,제주특별자치도 제주시 노형동 1273-7,제주특별자치도 제주시 노형동 1273-7,원호형,원호형,10,360,500,일반,Y,33.4898076300,126.4816985000,Y,N,,제주특별자치도 제주시청,064-728-3742,2024-07-25,I,2026-05-15 18:45:22,2024-09-04 21:39:28
6510000,202465100000601036,,제주특별자치도 제주시 오일장중길,제주특별자치도,제주시,제주특별자치도 제주시 오일장중길 22,제주특별자치도 제주시 도두일동 2265-5,제주특별자치도 제주시 도두일동 2265-5,원호형,원호형,8,360,500,일반,Y,33.4954225300,126.4705383000,Y,N,,제주특별자치도 제주시청,064-728-3742,2024-07-25,I,2026-05-15 18:45:22,2024-09-04 21:39:29
6510000,202465100000601085,,제주특별자치도 제주시 한림해안로,제주특별자치도,제주시,,제주특별자치도 제주시 한림읍 한수리 912-8,제주특별자치도 제주시 한림읍 한수리 912-8,원호형,원호형,10,360,500,일반,Y,33.4216346555,126.2622219535,Y,N,,제주특별자치도 제주시청,064-728-3742,2024-07-25,I,2026-05-15 18:45:22,2024-09-04 21:39:30
6510000,202465100000600340,,제주특별자치도 제주시 전농로9길,제주특별자치도,제주시,제주특별자치도 제주시 전농로9길 42,제주특별자치도 제주시 삼도이동 802-6,제주특별자치도 제주시 삼도이동 802-6,원호형,원호형,8,360,500,일반,Y,33.5080843349,126.5207164585,Y,N,,제주특별자치도 제주시청,064-728-3742,2024-07-25,I,2026-05-15 18:45:22,2024-09-04 21:39:25
6510000,202465100000600085,,제주특별자치도 제주시 조함해안로,제주특별자치도,제주시,,제주특별자치도 제주시 조천읍 신흥리 546-2,제주특별자치도 제주시 조천읍 신흥리 546-2,원호형,원호형,10,360,500,일반,Y,33.5487259401,126.6487127635,Y,N,,제주특별자치도 제주시청,064-728-3742,2024-07-25,I,2026-05-15 18:45:22,2024-09-04 21:39:24
6510000,202465100000601076,,제주특별자치도 제주시 한림로,제주특별자치도,제주시,제주특별자치도 제주시 한림읍 한림로 788,제주특별자치도 제주시 한림읍 대림리 2006-3,제주특별자치도 제주시 한림읍 대림리 2006-3,원호형,원호형,10,360,500,일반,Y,33.4238982900,126.2672683000,Y,N,,제주특별자치도 제주시청,064-728-3742,2024-07-25,I,2026-05-15 18:45:22,2024-09-04 21:39:30
6510000,202465100000600820,,제주특별자치도 제주시 고래소길,제주특별자치도,제주시,제주특별자치도 제주시 고래소길 7,제주특별자치도 제주시 도평동 942,제주특별자치도 제주시 도평동 942,원호형,원호형,10,360,500,일반,Y,33.4775157106,126.4512309831,Y,N,,제주특별자치도 제주시청,064-728-3742,2024-07-25,I,2026-05-15 18:45:22,2024-09-04 21:39:28
6510000,202465100000601478,,제주특별자치도 제주시 문송길,제주특별자치도,제주시,제주특별자치도 제주시 문송길 31,제주특별자치도 제주시 연동 313-21,제주특별자치도 제주시 연동 313-21,원호형,원호형,10,360,500,일반,Y,33.4870023400,126.4974172000,Y,N,,제주특별자치도 제주시청,064-728-3742,2024-07-25,I,2026-05-15 18:45:22,2024-09-04 21:39:32
6510000,202465100000601416,,제주특별자치도 제주시 남녕로6길,제주특별자치도,제주시,제주특별자치도 제주시 남녕로6길 8,제주특별자치도 제주시 연동 1955-3,제주특별자치도 제주시 연동 1955-3,원호형,원호형,10,360,500,일반,Y,33.4913373600,126.4812039000,Y,N,,제주특별자치도 제주시청,064-728-3742,2024-07-25,I,2026-05-15 18:45:22,2024-09-04 21:39:32
6510000,202465100000600627,,제주특별자치도 제주시 1100로,제주특별자치도,제주시,,제주특별자치도 제주시 노형동 289-18,제주특별자치도 제주시 노형동 289-18,원호형,가상형,0,360,500,일반,Y,33.4526533934,126.4869923064,Y,N,,제주특별자치도 제주시청,064-728-3742,2024-07-25,I,2026-05-15 18:45:22,2024-09-04 21:39:27
6510000,202465100000600178,,제주특별자치도 제주시 신와로,제주특별자치도,제주시,제주특별자치도 제주시 조천읍 신와로 69,제주특별자치도 제주시 조천읍 신촌리 2758-1,제주특별자치도 제주시 조천읍 신촌리 2758-1,원호형,원호형,10,360,500,일반,Y,33.5222818705,126.6170006213,Y,N,,제주특별자치도 제주시청,064-728-3742,2024-07-25,I,2026-05-15 18:45:22,2024-09-04 21:39:24
6510000,202465100000600570,,제주특별자치도 제주시 화삼북로4길,제주특별자치도,제주시,제주특별자치도 제주시 화삼북로4길 25,제주특별자치도 제주시 화북일동 1010-4,제주특별자치도 제주시 화북일동 1010-4,원호형,원호형,10,360,500,일반,Y,33.5159356636,126.5770683784,Y,N,,제주특별자치도 제주시청,064-728-3742,2024-07-25,I,2026-05-15 18:45:22,2024-09-04 21:39:27
6510000,202465100000601102,,제주특별자치도 제주시 한림로,제주특별자치도,제주시,,제주특별자치도 제주시 한림읍 금능리 1282-17,제주특별자치도 제주시 한림읍 금능리 1282-17,원호형,원호형,10,360,500,일반,Y,33.3863971804,126.2272283535,Y,N,,제주특별자치도 제주시청,064-728-3742,2024-07-25,I,2026-05-15 18:45:22,2024-09-04 21:39:30
6510000,202465100000600023,,제주특별자치도 제주시 중엄안3길,제주특별자치도,제주시,제주특별자치도 제주시 애월읍 중엄안3길 7-14,제주특별자치도 제주시 애월읍 신엄리 835-2,제주특별자치도 제주시 애월읍 신엄리 835-2,원호형,원호형,10,360,500,일반,Y,33.4749466905,126.3722734070,Y,N,,제주특별자치도 제주시청,064-728-3742,2024-07-25,I,2026-05-15 18:45:22,2024-09-04 21:39:24
6510000,202465100000600713,,제주특별자치도 제주시 수덕5길,제주특별자치도,제주시,제주특별자치도 제주시 수덕5길 85-11,제주특별자치도 제주시 노형동 2594-8,제주특별자치도 제주시 노형동 2594-8,원호형,원호형,10,360,500,일반,Y,33.4814846900,126.4718577000,Y,N,,제주특별자치도 제주시청,064-728-3742,2024-07-25,I,2026-05-15 18:45:22,2024-09-04 21:39:27
6510000,202465100000601067,,제주특별자치도 제주시 한수풀로,제주특별자치도,제주시,,제주특별자치도 제주시 한림읍 귀덕리 2220-1,제주특별자치도 제주시 한림읍 귀덕리 2220-1,원호형,원호형,10,360,500,일반,Y,33.4180124659,126.2918905475,Y,N,,제주특별자치도 제주시청,064-728-3742,2024-07-25,I,2026-05-15 18:45:22,2024-09-04 21:39:30
6510000,202465100000601132,,제주특별자치도 제주시 덕평로,제주특별자치도,제주시,,제주특별자치도 제주시 구좌읍 한동리 4323,제주특별자치도 제주시 구좌읍 한동리 4323,원호형,원호형,10,360,500,일반,Y,33.5064144993,126.7983084892,Y,N,,제주특별자치도 제주시청,064-728-3742,2024-07-25,I,2026-05-15 18:45:22,2024-09-04 21:39:30
6510000,202465100000601436,,제주특별자치도 제주시 성신로,제주특별자치도,제주시,제주특별자치도 제주시 성신로 33-2,제주특별자치도 제주시 연동 2301-7,제주특별자치도 제주시 연동 2301-7,원호형,원호형,10,360,500,일반,Y,33.4923567900,126.4838819000,Y,N,,제주특별자치도 제주시청,064-728-3742,2024-07-25,I,2026-05-15 18:45:22,2024-09-04 21:39:32
6510000,202465100000600862,,제주특별자치도 제주시 대통길,제주특별자치도,제주시,제주특별자치도 제주시 대통길 111,제주특별자치도 제주시 도평동 1396-4,제주특별자치도 제주시 도평동 1396-4,원호형,원호형,10,360,500,일반,Y,33.4841555300,126.4465603000,Y,N,,제주특별자치도 제주시청,064-728-3742,2024-07-25,I,2026-05-15 18:45:22,2024-09-04 21:39:28
6510000,202465100000601835,,제주특별자치도 제주시 아연로,제주특별자치도,제주시,제주특별자치도 제주시 아연로 529,제주특별자치도 제주시 아라일동 2726-6,제주특별자치도 제주시 아라일동 2726-6,원호형,원호형,10,360,500,일반,Y,33.4776675349,126.5358470595,Y,N,,제주특별자치도 제주시청,064-728-3742,2024-07-25,I,2026-05-15 18:45:22,2024-09-04 21:39:35
6510000,202465100000600956,,제주특별자치도 제주시 이호해변길,제주특별자치도,제주시,,제주특별자치도 제주시 이호일동 374-4,제주특별자치도 제주시 이호일동 374-4,원호형,원호형,10,360,500,일반,Y,33.5027648338,126.4536482794,Y,N,,제주특별자치도 제주시청,064-728-3742,2024-07-25,I,2026-05-15 18:45:22,2024-09-04 21:39:29
6510000,202465100000600588,,제주특별자치도 제주시 동화로,제주특별자치도,제주시,제주특별자치도 제주시 동화로 12-10,제주특별자치도 제주시 화북일동 1143-1,제주특별자치도 제주시 화북일동 1143-1,원호형,원호형,10,360,500,일반,Y,33.5194454300,126.5720947000,Y,N,,제주특별자치도 제주시청,064-728-3742,2024-07-25,I,2026-05-15 18:45:22,2024-09-04 21:39:27
6510000,202465100000601944,,제주특별자치도 제주시 아연로,제주특별자치도,제주시,,제주특별자치도 제주시 오라이동 3256,제주특별자치도 제주시 오라이동 3256,원호형,원호형,10,360,500,일반,Y,33.4764910017,126.5005040152,Y,N,,제주특별자치도 제주시청,064-728-3742,2024-07-25,I,2026-05-15 18:45:22,2024-09-04 21:39:36
6510000,202465100000601088,,제주특별자치도 제주시 한림로 5길,제주특별자치도,제주시,제주특별자치도 제주시 한림읍 한림로5길 26-1,제주특별자치도 제주시 한림읍 한림리 1327-16,제주특별자치도 제주시 한림읍 한림리 1327-16,원호형,원호형,10,360,500,일반,Y,33.4149558400,126.2617074000,Y,N,,제주특별자치도 제주시청,064-728-3742,2024-07-25,I,2026-05-15 18:45:22,2024-09-04 21:39:30
6510000,202465100000600335,,제주특별자치도 제주시 남성로22길,제주특별자치도,제주시,제주특별자치도 제주시 중앙로18길 15-1,제주특별자치도 제주시 삼도이동 257-9,제주특별자치도 제주시 삼도이동 257-9,원호형,가상형,0,360,500,일반,Y,33.5078466200,126.5224769000,Y,N,,제주특별자치도 제주시청,064-728-3742,2024-07-25,I,2026-05-15 18:45:22,2024-09-04 21:39:25
6510000,202465100000601066,,제주특별자치도 제주시 한수풀로,제주특별자치도,제주시,,제주특별자치도 제주시 한림읍 귀덕리 2290-8,제주특별자치도 제주시 한림읍 귀덕리 2290-8,원호형,원호형,10,360,500,일반,Y,33.4189929640,126.2885539689,Y,N,,제주특별자치도 제주시청,064-728-3742,2024-07-25,I,2026-05-15 18:45:22,2024-09-04 21:39:30
6510000,202465100000600973,,제주특별자치도 제주시 항골남길,제주특별자치도,제주시,제주특별자치도 제주시 항골남길 41,제주특별자치도 제주시 이호일동 678-18,제주특별자치도 제주시 이호일동 678-18,원호형,원호형,10,360,500,일반,Y,33.4979793839,126.4584685947,Y,N,,제주특별자치도 제주시청,064-728-3742,2024-07-25,I,2026-05-15 18:45:22,2024-09-04 21:39:29
6510000,202465100000600698,,제주특별자치도 제주시 정존5길,제주특별자치도,제주시,제주특별자치도 제주시 정존5길 21,제주특별자치도 제주시 노형동 2525-11,제주특별자치도 제주시 노형동 2525-11,원호형,원호형,10,360,500,일반,Y,33.4841392800,126.4732412000,Y,N,,제주특별자치도 제주시청,064-728-3742,2024-07-25,I,2026-05-15 18:45:22,2024-09-04 21:39:27
6510000,202465100000601077,,제주특별자치도 제주시 한림로,제주특별자치도,제주시,,제주특별자치도 제주시 한림읍 대림리 1591-2,제주특별자치도 제주시 한림읍 대림리 1591-2,원호형,원호형,10,360,500,일반,Y,33.4257604478,126.2693871390,Y,N,,제주특별자치도 제주시청,064-728-3742,2024-07-25,I,2026-05-15 18:45:22,2024-09-04 21:39:30
6510000,202465100000601098,,제주특별자치도 제주시 한림로,제주특별자치도,제주시,,제주특별자치도 제주시 한림읍 금능리 2020,제주특별자치도 제주시 한림읍 금능리 2020,원호형,원호형,10,360,500,일반,Y,33.3905687874,126.2372813410,Y,N,,제주특별자치도 제주시청,064-728-3742,2024-07-25,I,2026-05-15 18:45:22,2024-09-04 21:39:30
6510000,202465100000600079,,제주특별자치도 제주시 신촌3길,제주특별자치도,제주시,제주특별자치도 제주시 조천읍 신촌3길 33,제주특별자치도 제주시 조천읍 신촌리 2221-1,제주특별자치도 제주시 조천읍 신촌리 2221-1,원호형,원호형,10,360,500,일반,Y,33.5362357722,126.6183013245,Y,N,,제주특별자치도 제주시청,064-728-3742,2024-07-25,I,2026-05-15 18:45:22,2024-09-04 21:39:24
6510000,202465100000600822,,제주특별자치도 제주시 도평길,제주특별자치도,제주시,제주특별자치도 제주시 도평길 22,제주특별자치도 제주시 도평동 872-1,제주특별자치도 제주시 도평동 872-1,원호형,원호형,10,360,500,일반,Y,33.4799065343,126.4470688640,Y,N,,제주특별자치도 제주시청,064-728-3742,2024-07-25,I,2026-05-15 18:45:22,2024-09-04 21:39:28
6510000,202465100000601253,,제주특별자치도 제주시 연수로3길,제주특별자치도,제주시,제주특별자치도 제주시 연수로3길 15,제주특별자치도 제주시 일도이동 53-13,제주특별자치도 제주시 일도이동 53-13,원호형,가상형,0,360,500,일반,Y,33.5030542635,126.5443240191,Y,N,,제주특별자치도 제주시청,064-728-3742,2024-07-25,I,2026-05-15 18:45:22,2024-09-04 21:39:31
6510000,202465100000600225,,제주특별자치도 제주시 돈내길,제주특별자치도,제주시,제주특별자치도 제주시 동광로1길 6,제주특별자치도 제주시 이도일동 1257-7,제주특별자치도 제주시 이도일동 1257-7,원호형,원호형,10,500,500,일반,Y,33.5016721300,126.5294192000,Y,N,,제주특별자치도 제주시청,064-728-3742,2024-07-25,I,2026-05-15 18:45:22,2024-09-04 21:39:25
6510000,202465100000600976,,제주특별자치도 제주시 오도1길,제주특별자치도,제주시,제주특별자치도 제주시 오도1길 8,제주특별자치도 제주시 이호이동 841-2,제주특별자치도 제주시 이호이동 841-2,원호형,원호형,8,360,500,일반,Y,33.4940758528,126.4611754394,Y,N,,제주특별자치도 제주시청,064-728-3742,2024-07-25,I,2026-05-15 18:45:22,2024-09-04 21:39:29
6510000,202465100000600992,,제주특별자치도 제주시 도두항서길,제주특별자치도,제주시,,제주특별자치도 제주시 도두일동 2543-4,제주특별자치도 제주시 도두일동 2543-4,원호형,원호형,10,360,500,일반,Y,33.5030771718,126.4632930666,Y,N,,제주특별자치도 제주시청,064-728-3742,2024-07-25,I,2026-05-15 18:45:22,2024-09-04 21:39:29
6510000,202465100000600587,,제주특별자치도 제주시 동화로,제주특별자치도,제주시,제주특별자치도 제주시 동화로 12-2,제주특별자치도 제주시 화북일동 1221-2,제주특별자치도 제주시 화북일동 1221-2,원호형,원호형,10,360,500,일반,Y,33.5189429200,126.5724975000,Y,N,,제주특별자치도 제주시청,064-728-3742,2024-07-25,I,2026-05-15 18:45:22,2024-09-04 21:39:27
6510000,202465100000600387,,제주특별자치도 제주시 서해안로,제주특별자치도,제주시,,제주특별자치도 제주시 용담삼동 2396-6,제주특별자치도 제주시 용담삼동 2396-6,원호형,원호형,10,360,500,일반,Y,33.5180418314,126.4876590744,Y,N,,제주특별자치도 제주시청,064-728-3742,2024-07-25,I,2026-05-15 18:45:22,2024-09-04 21:39:26
6510000,202465100000601013,,제주특별자치도 제주시 서해안로,제주특별자치도,제주시,제주특별자치도 제주시 서해안로 234,제주특별자치도 제주시 도두일동 1727-7,제주특별자치도 제주시 도두일동 1727-7,원호형,원호형,10,360,500,일반,Y,33.5086264010,126.4709215874,Y,N,,제주특별자치도 제주시청,064-728-3742,2024-07-25,I,2026-05-15 18:45:22,2024-09-04 21:39:29
6510000,202465100000601425,,제주특별자치도 제주시 도령로7길,제주특별자치도,제주시,제주특별자치도 제주시 도령로7길 22,제주특별자치도 제주시 연동 1961-5,제주특별자치도 제주시 연동 1961-5,원호형,원호형,10,360,500,일반,Y,33.4910730600,126.4838278000,Y,N,,제주특별자치도 제주시청,064-728-3742,2024-07-25,I,2026-05-15 18:45:22,2024-09-04 21:39:32
6510000,202465100000601070,,제주특별자치도 제주시 한림중앙로,제주특별자치도,제주시,제주특별자치도 제주시 한림읍 한림중앙로 87,제주특별자치도 제주시 한림읍 한림리 871,제주특별자치도 제주시 한림읍 한림리 871,원호형,원호형,10,360,500,일반,Y,33.4065260377,126.2699123037,Y,N,,제주특별자치도 제주시청,064-728-3742,2024-07-25,I,2026-05-15 18:45:22,2024-09-04 21:39:30
6510000,202465100000601729,,제주특별자치도 제주시 구산로,제주특별자치도,제주시,제주특별자치도 제주시 구산로 58,제주특별자치도 제주시 아라일동 2376-1,제주특별자치도 제주시 아라일동 2376-1,원호형,원호형,10,370,500,일반,Y,33.4844277109,126.5411558155,Y,N,,제주특별자치도 제주시청,064-728-3742,2024-07-25,I,2026-05-15 18:45:22,2024-09-04 21:39:34
6510000,202465100000601576,,제주특별자치도 제주시 지석9길,제주특별자치도,제주시,제주특별자치도 제주시 지석9길 26,제주특별자치도 제주시 삼양이동 2118-7,제주특별자치도 제주시 삼양이동 2118-7,원호형,원호형,10,360,500,일반,Y,33.5232342600,126.5830616000,Y,N,,제주특별자치도 제주시청,064-728-3742,2024-07-25,I,2026-05-15 18:45:22,2024-09-04 21:39:33
6510000,202465100000600458,,제주특별자치도 제주시 용화로11길,제주특별자치도,제주시,제주특별자치도 제주시 용화로11길 24,제주특별자치도 제주시 용담이동 603-75,제주특별자치도 제주시 용담이동 603-75,원호형,원호형,8,360,500,일반,Y,33.5116314300,126.5094453000,Y,N,,제주특별자치도 제주시청,064-728-3742,2024-07-25,I,2026-05-15 18:45:22,2024-09-04 21:39:26
6510000,202465100000601346,,제주특별자치도 제주시 은수길,제주특별자치도,제주시,제주특별자치도 제주시 은수길 37,제주특별자치도 제주시 연동 1345,제주특별자치도 제주시 연동 1345,원호형,가상형,0,360,500,일반,Y,33.4732543014,126.4875320012,Y,N,,제주특별자치도 제주시청,064-728-3742,2024-07-25,I,2026-05-15 18:45:22,2024-09-04 21:39:31
6510000,202465100000600669,,제주특별자치도 제주시 1100로,제주특별자치도,제주시,제주특별자치도 제주시 진군남4길 7-7,제주특별자치도 제주시 노형동 685-1,제주특별자치도 제주시 노형동 685-1,원호형,가상형,0,360,500,일반,Y,33.4751173200,126.4814969000,Y,N,,제주특별자치도 제주시청,064-728-3742,2024-07-25,I,2026-05-15 18:45:22,2024-09-04 21:39:27
6510000,202465100000601575,,제주특별자치도 제주시 지석9길,제주특별자치도,제주시,제주특별자치도 제주시 설촌로8길 13,제주특별자치도 제주시 삼양이동 2103-3,제주특별자치도 제주시 삼양이동 2103-3,원호형,원호형,10,360,500,일반,Y,33.5235426600,126.5830489000,Y,N,,제주특별자치도 제주시청,064-728-3742,2024-07-25,I,2026-05-15 18:45:22,2024-09-04 21:39:33
6510000,202465100000601804,,제주특별자치도 제주시 아란서길,제주특별자치도,제주시,제주특별자치도 제주시 아란서길 71,제주특별자치도 제주시 아라일동 6054,제주특별자치도 제주시 아라일동 6054,원호형,원호형,10,380,500,일반,Y,33.4723764323,126.5400086392,Y,N,,제주특별자치도 제주시청,064-728-3742,2024-07-25,I,2026-05-15 18:45:22,2024-09-04 21:39:35
6510000,202465100000600536,,제주특별자치도 제주시 거로남6길,제주특별자치도,제주시,제주특별자치도 제주시 거로남6길 23,제주특별자치도 제주시 화북이동 3516-1,제주특별자치도 제주시 화북이동 3516-1,원호형,원호형,10,360,500,일반,Y,33.5087421600,126.5625647000,Y,N,,제주특별자치도 제주시청,064-728-3742,2024-07-25,I,2026-05-15 18:45:22,2024-09-04 21:39:26
6510000,202465100000600064,,제주특별자치도 제주시 신북로,제주특별자치도,제주시,,제주특별자치도 제주시 조천읍 조천리 1173-1,제주특별자치도 제주시 조천읍 조천리 1173-1,원호형,원호형,10,360,500,일반,Y,33.5405596706,126.6449023457,Y,N,,제주특별자치도 제주시청,064-728-3742,2024-07-25,I,2026-05-15 18:45:22,2024-09-04 21:39:24
6510000,202465100000601805,,제주특별자치도 제주시 아란서길,제주특별자치도,제주시,제주특별자치도 제주시 아란서길 78,제주특별자치도 제주시 아라일동 2098-16,제주특별자치도 제주시 아라일동 2098-16,원호형,원호형,8,350,500,일반,Y,33.4718393100,126.5399479000,Y,N,,제주특별자치도 제주시청,064-728-3742,2024-07-25,I,2026-05-15 18:45:22,2024-09-04 21:39:35
6510000,202465100000600030,,제주특별자치도 제주시 애월항로,제주특별자치도,제주시,,제주특별자치도 제주시 애월읍 애월리 495-3,제주특별자치도 제주시 애월읍 애월리 495-3,원호형,가상형,0,360,500,일반,Y,33.4638466900,126.3264192375,Y,N,,제주특별자치도 제주시청,064-728-3742,2024-07-25,I,2026-05-15 18:45:22,2024-09-04 21:39:24
6510000,202465100000600728,,제주특별자치도 제주시 정존13길,제주특별자치도,제주시,제주특별자치도 제주시 정존13길 4,제주특별자치도 제주시 노형동 1287-2,제주특별자치도 제주시 노형동 1287-2,원호형,원호형,10,360,500,일반,Y,33.4857372500,126.4777133000,Y,N,,제주특별자치도 제주시청,064-728-3742,2024-07-25,I,2026-05-15 18:45:22,2024-09-04 21:39:27
6510000,202465100000601388,,제주특별자치도 제주시 신대로22길,제주특별자치도,제주시,제주특별자치도 제주시 신대로22길 24,제주특별자치도 제주시 연동 288-8,제주특별자치도 제주시 연동 288-8,원호형,원호형,10,360,500,일반,Y,33.4825322200,126.4926984000,Y,N,,제주특별자치도 제주시청,064-728-3742,2024-07-25,I,2026-05-15 18:45:22,2024-09-04 21:39:32
6510000,202465100000600345,,제주특별자치도 제주시 서사로11길,제주특별자치도,제주시,제주특별자치도 제주시 서사로11길 13,제주특별자치도 제주시 삼도이동 598-11,제주특별자치도 제주시 삼도이동 598-11,원호형,원호형,10,360,500,일반,Y,33.5058772559,126.5214202057,Y,N,,제주특별자치도 제주시청,064-728-3742,2024-07-25,I,2026-05-15 18:45:22,2024-09-04 21:39:25
6510000,202465100000601860,,제주특별자치도 제주시 첨단동길,제주특별자치도,제주시,,제주특별자치도 제주시 월평동 765-3,제주특별자치도 제주시 월평동 765-3,원호형,원호형,10,340,500,일반,Y,33.4599675132,126.5740289889,Y,N,,제주특별자치도 제주시청,064-728-3742,2024-07-25,I,2026-05-15 18:45:22,2024-09-04 21:39:35
6510000,202465100000600213,,제주특별자치도 제주시 동광로9길,제주특별자치도,제주시,제주특별자치도 제주시 동광로9길 16,제주특별자치도 제주시 이도일동 1239-2,제주특별자치도 제주시 이도일동 1239-2,원호형,가상형,0,360,500,일반,Y,33.5039285300,126.5329435000,Y,N,,제주특별자치도 제주시청,064-728-3742,2024-07-25,I,2026-05-15 18:45:22,2024-09-04 21:39:25
6510000,202465100000601912,,제주특별자치도 제주시 첨단로동길,제주특별자치도,제주시,제주특별자치도 제주시 첨단로동길 24,제주특별자치도 제주시 월평동 717,제주특별자치도 제주시 월평동 717,원호형,원호형,10,360,500,일반,Y,33.4580051367,126.5745478361,Y,N,,제주특별자치도 제주시청,064-728-3742,2024-07-25,I,2026-05-15 18:45:22,2024-09-04 21:39:36
6510000,202465100000601192,,제주특별자치도 제주시 신산로9길,제주특별자치도,제주시,제주특별자치도 제주시 신산로9길 40-10,제주특별자치도 제주시 일도이동 318-5,제주특별자치도 제주시 일도이동 318-5,원호형,원호형,8,360,500,일반,Y,33.5098169700,126.5376922000,Y,N,,제주특별자치도 제주시청,064-728-3742,2024-07-25,I,2026-05-15 18:45:22,2024-09-04 21:39:30
6510000,202465100000601387,,제주특별자치도 제주시 신대로22길,제주특별자치도,제주시,제주특별자치도 제주시 신대로22길 30,제주특별자치도 제주시 연동 288-5,제주특별자치도 제주시 연동 288-5,원호형,가상형,0,360,500,일반,Y,33.4824914300,126.4920524000,Y,N,,제주특별자치도 제주시청,064-728-3742,2024-07-25,I,2026-05-15 18:45:22,2024-09-04 21:39:32
6510000,202465100000601989,,제주특별자치도 제주시 오라로,제주특별자치도,제주시,제주특별자치도 제주시 오라로 55,제주특별자치도 제주시 오라이동 2216-7,제주특별자치도 제주시 오라이동 2216-7,원호형,원호형,10,360,500,일반,Y,33.4961633000,126.5094941000,Y,N,,제주특별자치도 제주시청,064-728-3742,2024-07-25,I,2026-05-15 18:45:22,2024-09-04 21:39:36
6510000,202465100000601202,,제주특별자치도 제주시 동광로17길,제주특별자치도,제주시,제주특별자치도 제주시 동광로17길 5,제주특별자치도 제주시 일도이동 359,제주특별자치도 제주시 일도이동 359,원호형,원호형,8,360,500,일반,Y,33.5074241800,126.5393721000,Y,N,,제주특별자치도 제주시청,064-728-3742,2024-07-25,I,2026-05-15 18:45:22,2024-09-04 21:39:30
6510000,202465100000601712,,제주특별자치도 제주시 구남동 1길,제주특별자치도,제주시,제주특별자치도 제주시 구남동1길 46,제주특별자치도 제주시 아라이동 3012-18,제주특별자치도 제주시 아라이동 3012-18,원호형,원호형,10,360,500,일반,Y,33.4931588800,126.5413100000,Y,N,,제주특별자치도 제주시청,064-728-3742,2024-07-25,I,2026-05-15 18:45:22,2024-09-04 21:39:34
6510000,202465100000601710,,제주특별자치도 제주시 간월동로,제주특별자치도,제주시,제주특별자치도 제주시 간월동로 67,제주특별자치도 제주시 아라이동 1200-3,제주특별자치도 제주시 아라이동 1200-3,원호형,가상형,0,380,500,일반,Y,33.4882458200,126.5491955000,Y,N,,제주특별자치도 제주시청,064-728-3742,2024-07-25,I,2026-05-15 18:45:22,2024-09-04 21:39:34
6510000,202465100000600875,,제주특별자치도 제주시 우령8길,제주특별자치도,제주시,제주특별자치도 제주시 우령8길 16,제주특별자치도 제주시 외도일동 454-9,제주특별자치도 제주시 외도일동 454-9,원호형,원호형,10,360,500,일반,Y,33.4899729300,126.4271918000,Y,N,,제주특별자치도 제주시청,064-728-3742,2024-07-25,I,2026-05-15 18:45:22,2024-09-04 21:39:28
6510000,202465100000601694,,제주특별자치도 제주시 용남3길,제주특별자치도,제주시,제주특별자치도 제주시 용남3길 23-1,제주특별자치도 제주시 용담일동 257-12,제주특별자치도 제주시 용담일동 257-12,원호형,원호형,8,360,500,일반,Y,33.5086405100,126.5120271000,Y,N,,제주특별자치도 제주시청,064-728-3742,2024-07-25,I,2026-05-15 18:45:22,2024-09-04 21:39:34
6510000,202465100000600835,,제주특별자치도 제주시 우령서로 18길,제주특별자치도,제주시,,제주특별자치도 제주시 외도일동 1361-2,제주특별자치도 제주시 외도일동 1361-2,원호형,원호형,10,360,500,일반,Y,33.4834020697,126.4264899187,Y,N,,제주특별자치도 제주시청,064-728-3742,2024-07-25,I,2026-05-15 18:45:22,2024-09-04 21:39:28
6510000,202465100000600308,,제주특별자치도 제주시 북성로,제주특별자치도,제주시,제주특별자치도 제주시 북성로 43,제주특별자치도 제주시 삼도이동 1116-4,제주특별자치도 제주시 삼도이동 1116-4,원호형,가상형,0,360,500,일반,Y,33.5154900600,126.5202677000,Y,N,,제주특별자치도 제주시청,064-728-3742,2024-07-25,I,2026-05-15 18:45:22,2024-09-04 21:39:25
6510000,202465100000600599,,제주특별자치도 제주시 생목수원로,제주특별자치도,제주시,,제주특별자치도 제주시 회천동 1192-1,제주특별자치도 제주시 회천동 1192-1,원호형,원호형,10,360,500,일반,Y,33.5064726833,126.6158399032,Y,N,,제주특별자치도 제주시청,064-728-3742,2024-07-25,I,2026-05-15 18:45:22,2024-09-04 21:39:27
6510000,202465100000600393,,제주특별자치도 제주시 서해안로,제주특별자치도,제주시,제주특별자치도 제주시 서해안로 644,제주특별자치도 제주시 용담삼동 1003-5,제주특별자치도 제주시 용담삼동 1003-5,원호형,가상형,0,360,500,일반,Y,33.5164423134,126.5055452410,Y,N,,제주특별자치도 제주시청,064-728-3742,2024-07-25,I,2026-05-15 18:45:22,2024-09-04 21:39:26
6510000,202465100000601190,,제주특별자치도 제주시 신산로9길,제주특별자치도,제주시,제주특별자치도 제주시 신산로9길 19,제주특별자치도 제주시 일도이동 165-6,제주특별자치도 제주시 일도이동 165-6,원호형,원호형,8,360,500,일반,Y,33.5088214300,126.5354493000,Y,N,,제주특별자치도 제주시청,064-728-3742,2024-07-25,I,2026-05-15 18:45:22,2024-09-04 21:39:30
6510000,202465100000600418,,제주특별자치도 제주시 용문로18길,제주특별자치도,제주시,제주특별자치도 제주시 용문로18길 35,제주특별자치도 제주시 용담이동 2688-26,제주특별자치도 제주시 용담이동 2688-26,원호형,가상형,0,360,500,일반,Y,33.5051382700,126.5104489000,Y,N,,제주특별자치도 제주시청,064-728-3742,2024-07-25,I,2026-05-15 18:45:22,2024-09-04 21:39:26
6510000,202465100000601815,,제주특별자치도 제주시 아봉로,제주특별자치도,제주시,제주특별자치도 제주시 아봉로 449-1,제주특별자치도 제주시 월평동 292-5,제주특별자치도 제주시 월평동 292-5,원호형,원호형,10,370,500,일반,Y,33.4709368276,126.5818742854,Y,N,,제주특별자치도 제주시청,064-728-3742,2024-07-25,I,2026-05-15 18:45:22,2024-09-04 21:39:35
6510000,202465100000600229,,제주특별자치도 제주시 서광로29길,제주특별자치도,제주시,제주특별자치도 제주시 서광로29길 13,제주특별자치도 제주시 이도일동 1785-4,제주특별자치도 제주시 이도일동 1785-4,원호형,원호형,10,360,500,일반,Y,33.5014552200,126.5264180554,Y,N,,제주특별자치도 제주시청,064-728-3742,2024-07-25,I,2026-05-15 18:45:22,2024-09-04 21:39:25
6510000,202465100000601569,,제주특별자치도 제주시 설촌로4길,제주특별자치도,제주시,,제주특별자치도 제주시 삼양이동 2121-10,제주특별자치도 제주시 삼양이동 2121-10,원호형,원호형,10,360,500,일반,Y,33.5227973327,126.5849825180,Y,N,,제주특별자치도 제주시청,064-728-3742,2024-07-25,I,2026-05-15 18:45:22,2024-09-04 21:39:33
6510000,202465100000602000,,제주특별자치도 제주시 동성길,제주특별자치도,제주시,,제주특별자치도 제주시 오라삼동 2262-4,제주특별자치도 제주시 오라삼동 2262-4,원호형,원호형,10,360,500,일반,Y,33.4977700328,126.5100018963,Y,N,,제주특별자치도 제주시청,064-728-3742,2024-07-25,I,2026-05-15 18:45:22,2024-09-04 21:39:36
6510000,202465100000601303,,제주특별자치도 제주시 도남로7길,제주특별자치도,제주시,제주특별자치도 제주시 도남로7길 19,제주특별자치도 제주시 도남동 919,제주특별자치도 제주시 도남동 919,원호형,원호형,10,360,500,일반,Y,33.4985169100,126.5270491000,Y,N,,제주특별자치도 제주시청,064-728-3742,2024-07-25,I,2026-05-15 18:45:22,2024-09-04 21:39:31
6510000,202465100000601320,,제주특별자치도 제주시 신설로,제주특별자치도,제주시,제주특별자치도 제주시 신설로 55,제주특별자치도 제주시 이도이동 1956,제주특별자치도 제주시 이도이동 1956,원호형,원호형,10,360,500,일반,Y,33.4931973000,126.5481354000,Y,N,,제주특별자치도 제주시청,064-728-3742,2024-07-25,I,2026-05-15 18:45:22,2024-09-04 21:39:31
6510000,202465100000600389,,제주특별자치도 제주시 서해안로,제주특별자치도,제주시,제주특별자치도 제주시 서해안로 518,제주특별자치도 제주시 용담삼동 2289,제주특별자치도 제주시 용담삼동 2289,원호형,가상형,0,360,500,일반,Y,33.5198132100,126.4944967000,Y,N,,제주특별자치도 제주시청,064-728-3742,2024-07-25,I,2026-05-15 18:45:22,2024-09-04 21:39:26
6510000,202465100000600205,,제주특별자치도 제주시 성지로,제주특별자치도,제주시,제주특별자치도 제주시 성지로 41,제주특별자치도 제주시 일도일동 1097-4,제주특별자치도 제주시 일도일동 1097-4,원호형,원호형,10,370,500,일반,Y,33.5108081523,126.5277888815,Y,N,,제주특별자치도 제주시청,064-728-3742,2024-07-25,I,2026-05-15 18:45:22,2024-09-04 21:39:25
6510000,202465100000601374,,제주특별자치도 제주시 국기로2길,제주특별자치도,제주시,제주특별자치도 제주시 국기로2길 15,제주특별자치도 제주시 연동 1491-11,제주특별자치도 제주시 연동 1491-11,원호형,원호형,10,360,500,일반,Y,33.4801491072,126.4914181294,Y,N,,제주특별자치도 제주시청,064-728-3742,2024-07-25,I,2026-05-15 18:45:22,2024-09-04 21:39:32
6510000,202465100000601396,,제주특별자치도 제주시 신대로22길,제주특별자치도,제주시,제주특별자치도 제주시 신대로20길 27,제주특별자치도 제주시 연동 296-7,제주특별자치도 제주시 연동 296-7,원호형,원호형,8,360,500,일반,Y,33.4835805400,126.4933701000,Y,N,,제주특별자치도 제주시청,064-728-3742,2024-07-25,I,2026-05-15 18:45:22,2024-09-04 21:39:32
6510000,202465100000601618,,제주특별자치도 제주시 도련안길,제주특별자치도,제주시,제주특별자치도 제주시 도련3길 31,제주특별자치도 제주시 도련일동 2260-1,제주특별자치도 제주시 도련일동 2260-1,원호형,원호형,10,360,500,일반,Y,33.5093910400,126.5861028000,Y,N,,제주특별자치도 제주시청,064-728-3742,2024-07-25,I,2026-05-15 18:45:22,2024-09-04 21:39:33
6510000,202465100000601166,,제주특별자치도 제주시 신산로8길,제주특별자치도,제주시,제주특별자치도 제주시 신산로8길 39,제주특별자치도 제주시 일도이동 1044-10,제주특별자치도 제주시 일도이동 1044-10,원호형,원호형,8,360,500,일반,Y,33.5075960900,126.5295517000,Y,N,,제주특별자치도 제주시청,064-728-3742,2024-07-25,I,2026-05-15 18:45:22,2024-09-04 21:39:30
6510000,202465100000600125,,제주특별자치도 제주시 북흘로,제주특별자치도,제주시,,제주특별자치도 제주시 조천읍 선흘리 1160-5,제주특별자치도 제주시 조천읍 선흘리 1160-5,원호형,원호형,10,360,500,일반,Y,33.5118007940,126.7082188746,Y,N,,제주특별자치도 제주시청,064-728-3742,2024-07-25,I,2026-05-15 18:45:22,2024-09-04 21:39:24
6510000,202465100000601703,,제주특별자치도 제주시 남성로13길,제주특별자치도,제주시,제주특별자치도 제주시 남성로13길 13,제주특별자치도 제주시 용담일동 246-23,제주특별자치도 제주시 용담일동 246-23,원호형,원호형,8,360,500,일반,Y,33.5082018200,126.5142139000,Y,N,,제주특별자치도 제주시청,064-728-3742,2024-07-25,I,2026-05-15 18:45:22,2024-09-04 21:39:34
6510000,202465100000600573,,제주특별자치도 제주시 동화로1길,제주특별자치도,제주시,,제주특별자치도 제주시 화북일동 14-1,제주특별자치도 제주시 화북일동 14-1,원호형,원호형,10,360,500,일반,Y,33.5178783484,126.5766652155,Y,N,,제주특별자치도 제주시청,064-728-3742,2024-07-25,I,2026-05-15 18:45:22,2024-09-04 21:39:27
6510000,202465100000601007,,제주특별자치도 제주시 서해안로,제주특별자치도,제주시,,제주특별자치도 제주시 도두일동 2584-3,제주특별자치도 제주시 도두일동 2584-3,원호형,원호형,10,360,500,일반,Y,33.5052823487,126.4677035465,Y,N,,제주특별자치도 제주시청,064-728-3742,2024-07-25,I,2026-05-15 18:45:22,2024-09-04 21:39:29
6510000,202465100000600786,,제주특별자치도 제주시 원노형남11길,제주특별자치도,제주시,제주특별자치도 제주시 원노형10길 20,제주특별자치도 제주시 노형동 943,제주특별자치도 제주시 노형동 943,원호형,원호형,10,360,500,일반,Y,33.4846139592,126.4858422453,Y,N,,제주특별자치도 제주시청,064-728-3742,2024-07-25,I,2026-05-15 18:45:22,2024-09-04 21:39:28
6510000,202465100000600635,,제주특별자치도 제주시 신비마을길,제주특별자치도,제주시,제주특별자치도 제주시 신비마을길 45,제주특별자치도 제주시 노형동 315-43,제주특별자치도 제주시 노형동 315-43,원호형,원호형,10,360,500,일반,Y,33.4461266021,126.4828064486,Y,N,,제주특별자치도 제주시청,064-728-3742,2024-07-25,I,2026-05-15 18:45:22,2024-09-04 21:39:27
6510000,202465100000600540,,제주특별자치도 제주시 거로남4길,제주특별자치도,제주시,,제주특별자치도 제주시 화북이동 3361-2,제주특별자치도 제주시 화북이동 3361-2,원호형,원호형,10,360,500,일반,Y,33.5075170681,126.5615437792,Y,N,,제주특별자치도 제주시청,064-728-3742,2024-07-25,I,2026-05-15 18:45:22,2024-09-04 21:39:26
6510000,202465100000600171,,제주특별자치도 제주시 와흘로,제주특별자치도,제주시,제주특별자치도 제주시 조천읍 와흘로 103,제주특별자치도 제주시 조천읍 와흘리 997,제주특별자치도 제주시 조천읍 와흘리 997,원호형,원호형,10,360,500,일반,Y,33.4940449420,126.6364091420,Y,N,,제주특별자치도 제주시청,064-728-3742,2024-07-25,I,2026-05-15 18:45:22,2024-09-04 21:39:24
6510000,202465100000601300,,제주특별자치도 제주시 도남로13길,제주특별자치도,제주시,제주특별자치도 제주시 도남로13길 11,제주특별자치도 제주시 도남동 83-64,제주특별자치도 제주시 도남동 83-64,원호형,원호형,10,360,500,일반,Y,33.4931930100,126.5294660000,Y,N,,제주특별자치도 제주시청,064-728-3742,2024-07-25,I,2026-05-15 18:45:22,2024-09-04 21:39:31
6510000,202465100000600515,,제주특별자치도 제주시 진남로2길,제주특별자치도,제주시,제주특별자치도 제주시 진남로2길 26,제주특별자치도 제주시 화북일동 1964,제주특별자치도 제주시 화북일동 1964,원호형,원호형,10,360,500,일반,Y,33.5209025707,126.5638709689,Y,N,,제주특별자치도 제주시청,064-728-3742,2024-07-25,I,2026-05-15 18:45:22,2024-09-04 21:39:26
6510000,202465100000600703,,제주특별자치도 제주시 정존5길,제주특별자치도,제주시,제주특별자치도 제주시 정존5길 39,제주특별자치도 제주시 노형동 2528-1,제주특별자치도 제주시 노형동 2528-1,원호형,원호형,10,360,500,일반,Y,33.4851160301,126.4714976544,Y,N,,제주특별자치도 제주시청,064-728-3742,2024-07-25,I,2026-05-15 18:45:22,2024-09-04 21:39:27
6510000,202465100000601716,,제주특별자치도 제주시 구남동8길,제주특별자치도,제주시,제주특별자치도 제주시 구남동8길 51,제주특별자치도 제주시 아라일동 6036-1,제주특별자치도 제주시 아라일동 6036-1,원호형,원호형,10,360,500,일반,Y,33.4855692100,126.5358948000,Y,N,,제주특별자치도 제주시청,064-728-3742,2024-07-25,I,2026-05-15 18:45:22,2024-09-04 21:39:34
6510000,202465100000600691,,제주특별자치도 제주시 정존11길,제주특별자치도,제주시,제주특별자치도 제주시 수덕로 44,제주특별자치도 제주시 노형동 2583-1,제주특별자치도 제주시 노형동 2583-1,원호형,원호형,10,360,500,일반,Y,33.4871157588,126.4732126839,Y,N,,제주특별자치도 제주시청,064-728-3742,2024-07-25,I,2026-05-15 18:45:22,2024-09-04 21:39:27
6510000,202465100000600811,,제주특별자치도 제주시 진군3길,제주특별자치도,제주시,제주특별자치도 제주시 진군3길 26-1,제주특별자치도 제주시 노형동 745-14,제주특별자치도 제주시 노형동 745-14,원호형,원호형,10,360,500,일반,Y,33.4778083100,126.4781905000,Y,N,,제주특별자치도 제주시청,064-728-3742,2024-07-25,I,2026-05-15 18:45:22,2024-09-04 21:39:28
6510000,202465100000601531,,제주특별자치도 제주시 선사로6길,제주특별자치도,제주시,제주특별자치도 제주시 선사로6길 91,제주특별자치도 제주시 삼양일동 1579-11,제주특별자치도 제주시 삼양일동 1579-11,원호형,원호형,10,360,500,일반,Y,33.5293347500,126.5933268000,Y,N,,제주특별자치도 제주시청,064-728-3742,2024-07-25,I,2026-05-15 18:45:22,2024-09-04 21:39:33
6510000,202465100000600177,,제주특별자치도 제주시 조와로,제주특별자치도,제주시,,제주특별자치도 제주시 조천읍 조천리 2200-4,제주특별자치도 제주시 조천읍 조천리 2200-4,원호형,원호형,10,360,500,일반,Y,33.5325310075,126.6355265647,Y,N,,제주특별자치도 제주시청,064-728-3742,2024-07-25,I,2026-05-15 18:45:22,2024-09-04 21:39:24
6510000,202465100000601490,,제주특별자치도 제주시 연문4길,제주특별자치도,제주시,제주특별자치도 제주시 연문4길 7,제주특별자치도 제주시 연동 320-52,제주특별자치도 제주시 연동 320-52,원호형,원호형,10,360,500,일반,Y,33.4926104000,126.5001991000,Y,N,,제주특별자치도 제주시청,064-728-3742,2024-07-25,I,2026-05-15 18:45:22,2024-09-04 21:39:32
6510000,202465100000601122,,제주특별자치도 제주시 충렬로,제주특별자치도,제주시,,제주특별자치도 제주시 구좌읍 세화리 1113-1,제주특별자치도 제주시 구좌읍 세화리 1113-1,원호형,원호형,10,360,500,일반,Y,33.5182246783,126.8544032978,Y,N,,제주특별자치도 제주시청,064-728-3742,2024-07-25,I,2026-05-15 18:45:22,2024-09-04 21:39:30
6510000,202465100000600774,,제주특별자치도 제주시 원노형길,제주특별자치도,제주시,제주특별자치도 제주시 원노형로 61,제주특별자치도 제주시 노형동 944-2,제주특별자치도 제주시 노형동 944-2,원호형,원호형,10,360,500,일반,Y,33.4831928400,126.4850306000,Y,N,,제주특별자치도 제주시청,064-728-3742,2024-07-25,I,2026-05-15 18:45:22,2024-09-04 21:39:28
6510000,202465100000600810,,제주특별자치도 제주시 진군3길,제주특별자치도,제주시,제주특별자치도 제주시 진군3길 17,제주특별자치도 제주시 노형동 746-8,제주특별자치도 제주시 노형동 746-8,원호형,원호형,10,360,500,일반,Y,33.4775454500,126.4789499000,Y,N,,제주특별자치도 제주시청,064-728-3742,2024-07-25,I,2026-05-15 18:45:22,2024-09-04 21:39:28
6510000,202465100000600419,,제주특별자치도 제주시 용문로18길,제주특별자치도,제주시,제주특별자치도 제주시 용문로18길 57,제주특별자치도 제주시 용담이동 2694-15,제주특별자치도 제주시 용담이동 2694-15,원호형,원호형,8,360,500,일반,Y,33.5033851000,126.5106003000,Y,N,,제주특별자치도 제주시청,064-728-3742,2024-07-25,I,2026-05-15 18:45:22,2024-09-04 21:39:26
6510000,202465100000600105,,제주특별자치도 제주시 함덕남12길,제주특별자치도,제주시,제주특별자치도 제주시 조천읍 함덕남12길 14,제주특별자치도 제주시 조천읍 함덕리 290-132,제주특별자치도 제주시 조천읍 함덕리 290-132,원호형,원호형,10,360,500,일반,Y,33.5340016218,126.6745410342,Y,N,,제주특별자치도 제주시청,064-728-3742,2024-07-25,I,2026-05-15 18:45:22,2024-09-04 21:39:24
6510000,202465100000600796,,제주특별자치도 제주시 노형1길,제주특별자치도,제주시,,제주특별자치도 제주시 노형동 3817,제주특별자치도 제주시 노형동 3817,원호형,원호형,10,360,500,일반,Y,33.4832837685,126.4795790489,Y,N,,제주특별자치도 제주시청,064-728-3742,2024-07-25,I,2026-05-15 18:45:22,2024-09-04 21:39:28
6510000,202465100000600010,,제주특별자치도 제주시 평화로,제주특별자치도,제주시,제주특별자치도 제주시 애월읍 광령평화10길 1,제주특별자치도 제주시 애월읍 광령리 167,제주특별자치도 제주시 애월읍 광령리 167,원호형,원호형,10,360,500,일반,Y,33.4548401697,126.4425549104,Y,N,,제주특별자치도 제주시청,064-728-3742,2024-07-25,I,2026-05-15 18:45:22,2024-09-04 21:39:24
6510000,202465100000600315,,제주특별자치도 제주시 무근성3길,제주특별자치도,제주시,제주특별자치도 제주시 무근성3길 8,제주특별자치도 제주시 삼도이동 1146-2,제주특별자치도 제주시 삼도이동 1146-2,원호형,가상형,0,360,500,일반,Y,33.5136668100,126.5190432000,Y,N,,제주특별자치도 제주시청,064-728-3742,2024-07-25,I,2026-05-15 18:45:22,2024-09-04 21:39:25
6510000,202465100000600932,,제주특별자치도 제주시 테우해안로,제주특별자치도,제주시,제주특별자치도 제주시 테우해안로 154,제주특별자치도 제주시 이호일동 1781,제주특별자치도 제주시 이호일동 1781,원호형,원호형,8,360,500,일반,Y,33.4967668500,126.4500980000,Y,N,,제주특별자치도 제주시청,064-728-3742,2024-07-25,I,2026-05-15 18:45:22,2024-09-04 21:39:29
6510000,202465100000601896,,제주특별자치도 제주시 기자길,제주특별자치도,제주시,제주특별자치도 제주시 중앙로 437,제주특별자치도 제주시 아라이동 1474-1,제주특별자치도 제주시 아라이동 1474-1,원호형,원호형,10,370,500,일반,Y,33.4842954000,126.5437784000,Y,N,,제주특별자치도 제주시청,064-728-3742,2024-07-25,I,2026-05-15 18:45:22,2024-09-04 21:39:35
6510000,202465100000601460,,제주특별자치도 제주시 신대로17길,제주특별자치도,제주시,제주특별자치도 제주시 신대로17길 19,제주특별자치도 제주시 연동 314-18,제주특별자치도 제주시 연동 314-18,원호형,원호형,10,360,500,일반,Y,33.4846627400,126.4984050000,Y,N,,제주특별자치도 제주시청,064-728-3742,2024-07-25,I,2026-05-15 18:45:22,2024-09-04 21:39:32
6510000,202465100000600758,,제주특별자치도 제주시 다랑곶길,제주특별자치도,제주시,제주특별자치도 제주시 다랑곶길 9,제주특별자치도 제주시 노형동 1279-9,제주특별자치도 제주시 노형동 1279-9,원호형,원호형,10,360,500,일반,Y,33.4873616500,126.4792551000,Y,N,,제주특별자치도 제주시청,064-728-3742,2024-07-25,I,2026-05-15 18:45:22,2024-09-04 21:39:28
6510000,202465100000601125,,제주특별자치도 제주시 다랑쉬북로,제주특별자치도,제주시,,제주특별자치도 제주시 구좌읍 세화리 2797-3,제주특별자치도 제주시 구좌읍 세화리 2797-3,원호형,원호형,10,360,500,일반,Y,33.4864602533,126.8289311466,Y,N,,제주특별자치도 제주시청,064-728-3742,2024-07-25,I,2026-05-15 18:45:22,2024-09-04 21:39:30
6510000,202465100000600537,,제주특별자치도 제주시 거로남4길,제주특별자치도,제주시,,제주특별자치도 제주시 화북이동 3383,제주특별자치도 제주시 화북이동 3383,원호형,원호형,10,360,500,일반,Y,33.5084651935,126.5622030905,Y,N,,제주특별자치도 제주시청,064-728-3742,2024-07-25,I,2026-05-15 18:45:22,2024-09-04 21:39:26
6510000,202465100000600523,,제주특별자치도 제주시 거로서길,제주특별자치도,제주시,제주특별자치도 제주시 일주동로 80,제주특별자치도 제주시 화북이동 4955-2,제주특별자치도 제주시 화북이동 4955-2,원호형,원호형,10,360,500,일반,Y,33.5137538581,126.5555274517,Y,N,,제주특별자치도 제주시청,064-728-3742,2024-07-25,I,2026-05-15 18:45:22,2024-09-04 21:39:26
6510000,202465100000600454,,제주특별자치도 제주시 용문로17길,제주특별자치도,제주시,제주특별자치도 제주시 용문로17길 17-1,제주특별자치도 제주시 용담이동 646-28,제주특별자치도 제주시 용담이동 646-28,원호형,원호형,8,360,500,일반,Y,33.5076811400,126.5077014985,Y,N,,제주특별자치도 제주시청,064-728-3742,2024-07-25,I,2026-05-15 18:45:22,2024-09-04 21:39:26
6510000,202465100000600831,,제주특별자치도 제주시 제시리길,제주특별자치도,제주시,,제주특별자치도 제주시 외도일동 809,제주특별자치도 제주시 외도일동 809,원호형,원호형,10,360,500,일반,Y,33.4810676823,126.4322857793,Y,N,,제주특별자치도 제주시청,064-728-3742,2024-07-25,I,2026-05-15 18:45:22,2024-09-04 21:39:28
6510000,202465100000601297,,제주특별자치도 제주시 신정로,제주특별자치도,제주시,,제주특별자치도 제주시 한경면 조수리 3732-4,제주특별자치도 제주시 한경면 조수리 3732-4,원호형,원호형,10,360,500,일반,Y,33.2988071660,126.2198299765,Y,N,,제주특별자치도 제주시청,064-728-3742,2024-07-25,I,2026-05-15 18:45:22,2024-09-04 21:39:31
6510000,202465100000601997,,제주특별자치도 제주시 월구길,제주특별자치도,제주시,제주특별자치도 제주시 월구1길 31-4,제주특별자치도 제주시 오라삼동 2669-5,제주특별자치도 제주시 오라삼동 2669-5,원호형,원호형,10,360,500,일반,Y,33.4959944310,126.5038773375,Y,N,,제주특별자치도 제주시청,064-728-3742,2024-07-25,I,2026-05-15 18:45:22,2024-09-04 21:39:36
6510000,202465100000601054,,제주특별자치도 제주시 누운오름로,제주특별자치도,제주시,,제주특별자치도 제주시 한림읍 금악리 199-1,제주특별자치도 제주시 한림읍 금악리 199-1,원호형,원호형,10,360,500,일반,Y,33.3671405934,126.3323989727,Y,N,,제주특별자치도 제주시청,064-728-3742,2024-07-25,I,2026-05-15 18:45:22,2024-09-04 21:39:29
6510000,202465100000601950,,제주특별자치도 제주시 연사2길,제주특별자치도,제주시,,제주특별자치도 제주시 오라이동 1519-2,제주특별자치도 제주시 오라이동 1519-2,원호형,원호형,10,360,500,일반,Y,33.4823841849,126.5118239081,Y,N,,제주특별자치도 제주시청,064-728-3742,2024-07-25,I,2026-05-15 18:45:22,2024-09-04 21:39:36
6510000,202465100000600804,,제주특별자치도 제주시 진군중길,제주특별자치도,제주시,제주특별자치도 제주시 진군중길 8,제주특별자치도 제주시 노형동 747-4,제주특별자치도 제주시 노형동 747-4,원호형,원호형,10,360,500,일반,Y,33.4782223600,126.4793557000,Y,N,,제주특별자치도 제주시청,064-728-3742,2024-07-25,I,2026-05-15 18:45:22,2024-09-04 21:39:28
6510000,202465100000600034,,제주특별자치도 제주시 애원로,제주특별자치도,제주시,,제주특별자치도 제주시 애월읍 애월리 1621,제주특별자치도 제주시 애월읍 애월리 1621,원호형,원호형,10,360,500,일반,Y,33.4633399754,126.3202228141,Y,N,,제주특별자치도 제주시청,064-728-3742,2024-07-25,I,2026-05-15 18:45:22,2024-09-04 21:39:24
6510000,202465100000601998,,제주특별자치도 제주시 동성길,제주특별자치도,제주시,,제주특별자치도 제주시 오라삼동 2267-4,제주특별자치도 제주시 오라삼동 2267-4,원호형,원호형,10,360,500,일반,Y,33.4969365858,126.5094304651,Y,N,,제주특별자치도 제주시청,064-728-3742,2024-07-25,I,2026-05-15 18:45:22,2024-09-04 21:39:36
6510000,202465100000601908,,제주특별자치도 제주시 첨단로,제주특별자치도,제주시,제주특별자치도 제주시 첨단로7길 3,제주특별자치도 제주시 영평동 2230-3,제주특별자치도 제주시 영평동 2230-3,원호형,원호형,10,360,500,일반,Y,33.4491904800,126.5721200000,Y,N,,제주특별자치도 제주시청,064-728-3742,2024-07-25,I,2026-05-15 18:45:22,2024-09-04 21:39:35
6510000,202465100000602027,,제주특별자치도 제주시 사라봉길,제주특별자치도,제주시,,제주특별자치도 제주시 건입동 768-2,제주특별자치도 제주시 건입동 768-2,원호형,원호형,10,360,500,일반,Y,33.5159314015,126.5425321536,Y,N,,제주특별자치도 제주시청,064-728-3742,2024-07-25,I,2026-05-15 18:45:22,2024-09-04 21:39:36
6510000,202465100000600793,,제주특별자치도 제주시 노형7길,제주특별자치도,제주시,제주특별자치도 제주시 노형7길 3-7,제주특별자치도 제주시 노형동 3799-6,제주특별자치도 제주시 노형동 3799-6,원호형,원호형,8,360,500,일반,Y,33.4807926419,126.4774761652,Y,N,,제주특별자치도 제주시청,064-728-3742,2024-07-25,I,2026-05-15 18:45:22,2024-09-04 21:39:28
6510000,202465100000600923,,제주특별자치도 제주시 연대마을길,제주특별자치도,제주시,제주특별자치도 제주시 연대마을길 54,제주특별자치도 제주시 외도이동 1985-7,제주특별자치도 제주시 외도이동 1985-7,원호형,원호형,10,360,500,일반,Y,33.4944392400,126.4241043000,Y,N,,제주특별자치도 제주시청,064-728-3742,2024-07-25,I,2026-05-15 18:45:22,2024-09-04 21:39:29
6510000,202465100000601199,,제주특별자치도 제주시 신산로15길,제주특별자치도,제주시,제주특별자치도 제주시 신산로15길 35,제주특별자치도 제주시 일도이동 352,제주특별자치도 제주시 일도이동 352,원호형,원호형,8,360,500,일반,Y,33.5069912200,126.5377690000,Y,N,,제주특별자치도 제주시청,064-728-3742,2024-07-25,I,2026-05-15 18:45:22,2024-09-04 21:39:30
6510000,202465100000601469,,제주특별자치도 제주시 선덕로5길,제주특별자치도,제주시,제주특별자치도 제주시 선덕로5길 26,제주특별자치도 제주시 연동 313-63,제주특별자치도 제주시 연동 313-63,원호형,원호형,10,360,500,일반,Y,33.4874568100,126.4997077000,Y,N,,제주특별자치도 제주시청,064-728-3742,2024-07-25,I,2026-05-15 18:45:22,2024-09-04 21:39:32
6510000,202465100000600596,,제주특별자치도 제주시 생목수원로,제주특별자치도,제주시,,제주특별자치도 제주시 회천동 2677-1,제주특별자치도 제주시 회천동 2677-1,원호형,가상형,0,360,500,일반,Y,33.5053109016,126.6009301005,Y,N,,제주특별자치도 제주시청,064-728-3742,2024-07-25,I,2026-05-15 18:45:22,2024-09-04 21:39:27
6510000,202465100000600299,,제주특별자치도 제주시 탑동로4길,제주특별자치도,제주시,제주특별자치도 제주시 탑동로 26,제주특별자치도 제주시 삼도이동 1261-15,제주특별자치도 제주시 삼도이동 1261-15,원호형,원호형,8,360,500,일반,Y,33.5176852695,126.5221845360,Y,N,,제주특별자치도 제주시청,064-728-3742,2024-07-25,I,2026-05-15 18:45:22,2024-09-04 21:39:25
6510000,202465100000601008,,제주특별자치도 제주시 서해안로,제주특별자치도,제주시,,제주특별자치도 제주시 도두일동 1764-1,제주특별자치도 제주시 도두일동 1764-1,원호형,원호형,10,360,500,일반,Y,33.5053889121,126.4681253186,Y,N,,제주특별자치도 제주시청,064-728-3742,2024-07-25,I,2026-05-15 18:45:22,2024-09-04 21:39:29
6510000,202465100000601964,,제주특별자치도 제주시 연사길,제주특별자치도,제주시,,제주특별자치도 제주시 오라이동 3045,제주특별자치도 제주시 오라이동 3045,원호형,원호형,10,360,500,일반,Y,33.4862910400,126.5047342000,Y,N,,제주특별자치도 제주시청,064-728-3742,2024-07-25,I,2026-05-15 18:45:22,2024-09-04 21:39:36
6510000,202465100000601235,,제주특별자치도 제주시 동광로20길,제주특별자치도,제주시,제주특별자치도 제주시 동광로20길 21,제주특별자치도 제주시 일도이동 396,제주특별자치도 제주시 일도이동 396,원호형,원호형,8,360,500,일반,Y,33.5077920942,126.5433344403,Y,N,,제주특별자치도 제주시청,064-728-3742,2024-07-25,I,2026-05-15 18:45:22,2024-09-04 21:39:31
6510000,202465100000601314,,제주특별자치도 제주시 정든로1길,제주특별자치도,제주시,제주특별자치도 제주시 정든로1길 6-1,제주특별자치도 제주시 이도이동 394-7,제주특별자치도 제주시 이도이동 394-7,원호형,원호형,10,360,500,일반,Y,33.4984444500,126.5408159000,Y,N,,제주특별자치도 제주시청,064-728-3742,2024-07-25,I,2026-05-15 18:45:22,2024-09-04 21:39:31
6510000,202465100000600663,,제주특별자치도 제주시 월산남길,제주특별자치도,제주시,제주특별자치도 제주시 월산남길 26,제주특별자치도 제주시 노형동 3311-1,제주특별자치도 제주시 노형동 3311-1,원호형,가상형,0,360,500,일반,Y,33.4712098801,126.4650270765,Y,N,,제주특별자치도 제주시청,064-728-3742,2024-07-25,I,2026-05-15 18:45:22,2024-09-04 21:39:27
6510000,202465100000601278,,제주특별자치도 제주시 두신로,제주특별자치도,제주시,제주특별자치도 제주시 한경면 두신로 14,제주특별자치도 제주시 한경면 신창리 680-6,제주특별자치도 제주시 한경면 신창리 680-6,원호형,원호형,10,360,500,일반,Y,33.3442449959,126.1827264723,Y,N,,제주특별자치도 제주시청,064-728-3742,2024-07-25,I,2026-05-15 18:45:22,2024-09-04 21:39:31
6510000,202465100000601524,,제주특별자치도 제주시 서흘길,제주특별자치도,제주시,제주특별자치도 제주시 서흘길 5,제주특별자치도 제주시 삼양일동 1609,제주특별자치도 제주시 삼양일동 1609,원호형,원호형,10,360,500,일반,Y,33.5266070300,126.5875872000,Y,N,,제주특별자치도 제주시청,064-728-3742,2024-07-25,I,2026-05-15 18:45:22,2024-09-04 21:39:33
6510000,202465100000600169,,제주특별자치도 제주시 와흘로,제주특별자치도,제주시,,제주특별자치도 제주시 조천읍 와흘리 246-15,제주특별자치도 제주시 조천읍 와흘리 246-15,원호형,원호형,10,360,500,일반,Y,33.4743703727,126.6443699966,Y,N,,제주특별자치도 제주시청,064-728-3742,2024-07-25,I,2026-05-15 18:45:22,2024-09-04 21:39:24
6510000,202465100000601204,,제주특별자치도 제주시 동광로19길,제주특별자치도,제주시,제주특별자치도 제주시 동광로19길 47,제주특별자치도 제주시 일도이동 149-11,제주특별자치도 제주시 일도이동 149-11,원호형,원호형,8,360,500,일반,Y,33.5123981500,126.5402655000,Y,N,,제주특별자치도 제주시청,064-728-3742,2024-07-25,I,2026-05-15 18:45:22,2024-09-04 21:39:30
6510000,202465100000600829,,제주특별자치도 제주시 창오길,제주특별자치도,제주시,제주특별자치도 제주시 창오길 33,제주특별자치도 제주시 도평동 1296-1,제주특별자치도 제주시 도평동 1296-1,원호형,원호형,10,360,500,일반,Y,33.4790698247,126.4447019576,Y,N,,제주특별자치도 제주시청,064-728-3742,2024-07-25,I,2026-05-15 18:45:22,2024-09-04 21:39:28
6510000,202465100000600517,,제주특별자치도 제주시 진남로2길,제주특별자치도,제주시,,제주특별자치도 제주시 화북일동 1953,제주특별자치도 제주시 화북일동 1953,원호형,원호형,10,360,500,일반,Y,33.5218948104,126.5636176238,Y,N,,제주특별자치도 제주시청,064-728-3742,2024-07-25,I,2026-05-15 18:45:22,2024-09-04 21:39:26
6510000,202465100000600089,,제주특별자치도 제주시 조함해안로,제주특별자치도,제주시,제주특별자치도 제주시 조천읍 조함해안로 378,제주특별자치도 제주시 조천읍 함덕리 3294,제주특별자치도 제주시 조천읍 함덕리 3294,원호형,원호형,10,360,500,일반,Y,33.5478023263,126.6568192964,Y,N,,제주특별자치도 제주시청,064-728-3742,2024-07-25,I,2026-05-15 18:45:22,2024-09-04 21:39:24
6510000,202465100000601050,,제주특별자치도 제주시 광산로,제주특별자치도,제주시,,제주특별자치도 제주시 한림읍 금악리 270-3,제주특별자치도 제주시 한림읍 금악리 270-3,원호형,원호형,10,360,500,일반,Y,33.3736332846,126.3162331631,Y,N,,제주특별자치도 제주시청,064-728-3742,2024-07-25,I,2026-05-15 18:45:22,2024-09-04 21:39:29
6510000,202465100000600611,,제주특별자치도 제주시 아봉로,제주특별자치도,제주시,제주특별자치도 제주시 아봉로 549,제주특별자치도 제주시 용강동 1276-1,제주특별자치도 제주시 용강동 1276-1,원호형,원호형,10,360,500,일반,Y,33.4770902145,126.5858683778,Y,N,,제주특별자치도 제주시청,064-728-3742,2024-07-25,I,2026-05-15 18:45:22,2024-09-04 21:39:27
6510000,202465100000601879,,제주특별자치도 제주시 인다2길,제주특별자치도,제주시,제주특별자치도 제주시 인다2길 12,제주특별자치도 제주시 아라일동 6118-4,제주특별자치도 제주시 아라일동 6118-4,원호형,원호형,10,360,500,일반,Y,33.4766892700,126.5497468000,Y,N,,제주특별자치도 제주시청,064-728-3742,2024-07-25,I,2026-05-15 18:45:22,2024-09-04 21:39:35
6510000,202465100000600853,,제주특별자치도 제주시 논세길,제주특별자치도,제주시,제주특별자치도 제주시 논세길 5,제주특별자치도 제주시 내도동 691-1,제주특별자치도 제주시 내도동 691-1,원호형,원호형,10,360,500,일반,Y,33.4919255568,126.4383172839,Y,N,,제주특별자치도 제주시청,064-728-3742,2024-07-25,I,2026-05-15 18:45:22,2024-09-04 21:39:28
6510000,202465100000601206,,제주특별자치도 제주시 고마로5길,제주특별자치도,제주시,,제주특별자치도 제주시 일도이동 154,제주특별자치도 제주시 일도이동 154,원호형,원호형,8,360,500,일반,Y,33.5112638081,126.5418367202,Y,N,,제주특별자치도 제주시청,064-728-3742,2024-07-25,I,2026-05-15 18:45:22,2024-09-04 21:39:30
6510000,202465100000601570,,제주특별자치도 제주시 설촌로2길,제주특별자치도,제주시,제주특별자치도 제주시 설촌로2길 21,제주특별자치도 제주시 삼양이동 2130-9,제주특별자치도 제주시 삼양이동 2130-9,원호형,원호형,10,360,500,일반,Y,33.5220060055,126.5835649926,Y,N,,제주특별자치도 제주시청,064-728-3742,2024-07-25,I,2026-05-15 18:45:22,2024-09-04 21:39:33
6510000,202465100000601955,,제주특별자치도 제주시 연사길,제주특별자치도,제주시,제주특별자치도 제주시 연사길 13,제주특별자치도 제주시 오라이동 969-1,제주특별자치도 제주시 오라이동 969-1,원호형,원호형,10,360,500,일반,Y,33.4884253600,126.5166938000,Y,N,,제주특별자치도 제주시청,064-728-3742,2024-07-25,I,2026-05-15 18:45:22,2024-09-04 21:39:36
6510000,202465100000600945,,제주특별자치도 제주시 현사안길,제주특별자치도,제주시,제주특별자치도 제주시 현사안길 29,제주특별자치도 제주시 이호일동 1769-9,제주특별자치도 제주시 이호일동 1769-9,원호형,원호형,8,360,500,일반,Y,33.4961627957,126.4494107629,Y,N,,제주특별자치도 제주시청,064-728-3742,2024-07-25,I,2026-05-15 18:45:22,2024-09-04 21:39:29
6510000,202465100000601911,,제주특별자치도 제주시 첨단로 5길,제주특별자치도,제주시,제주특별자치도 제주시 첨단로동길 106,제주특별자치도 제주시 월평동 747,제주특별자치도 제주시 월평동 747,원호형,원호형,10,360,500,일반,Y,33.4514056200,126.5764772000,Y,N,,제주특별자치도 제주시청,064-728-3742,2024-07-25,I,2026-05-15 18:45:22,2024-09-04 21:39:36
6510000,202465100000601550,,제주특별자치도 제주시 원당로5길,제주특별자치도,제주시,제주특별자치도 제주시 원당로5길 27,제주특별자치도 제주시 삼양일동 1638-29,제주특별자치도 제주시 삼양일동 1638-29,원호형,원호형,10,360,500,일반,Y,33.5262231851,126.5885512678,Y,N,,제주특별자치도 제주시청,064-728-3742,2024-07-25,I,2026-05-15 18:45:22,2024-09-04 21:39:33
6510000,202465100000601759,,제주특별자치도 제주시 사송길,제주특별자치도,제주시,제주특별자치도 제주시 사송길 43,제주특별자치도 제주시 영평동 1958-1,제주특별자치도 제주시 영평동 1958-1,원호형,원호형,10,360,500,일반,Y,33.4740641226,126.5652873548,Y,N,,제주특별자치도 제주시청,064-728-3742,2024-07-25,I,2026-05-15 18:45:22,2024-09-04 21:39:34
6510000,202465100000600215,,제주특별자치도 제주시 동광로11길,제주특별자치도,제주시,제주특별자치도 제주시 동광로11길 15,제주특별자치도 제주시 이도일동 1239-3,제주특별자치도 제주시 이도일동 1239-3,원호형,원호형,10,360,500,일반,Y,33.5039911300,126.5336438000,Y,N,,제주특별자치도 제주시청,064-728-3742,2024-07-25,I,2026-05-15 18:45:22,2024-09-04 21:39:25
6510000,202465100000601349,,제주특별자치도 제주시 은수길,제주특별자치도,제주시,제주특별자치도 제주시 은수길 17,제주특별자치도 제주시 연동 1354-12,제주특별자치도 제주시 연동 1354-12,원호형,원호형,10,360,500,일반,Y,33.4746934900,126.4866756000,Y,N,,제주특별자치도 제주시청,064-728-3742,2024-07-25,I,2026-05-15 18:45:22,2024-09-04 21:39:31
6510000,202465100000601096,,제주특별자치도 제주시 한림로,제주특별자치도,제주시,제주특별자치도 제주시 한림읍 한림로 363,제주특별자치도 제주시 한림읍 협재리 1730,제주특별자치도 제주시 한림읍 협재리 1730,원호형,원호형,10,360,500,일반,Y,33.3954387200,126.2422675000,Y,N,,제주특별자치도 제주시청,064-728-3742,2024-07-25,I,2026-05-15 18:45:22,2024-09-04 21:39:30
6510000,202465100000600615,,제주특별자치도 제주시 아봉로,제주특별자치도,제주시,제주특별자치도 제주시 아봉로 548-9,제주특별자치도 제주시 용강동 678,제주특별자치도 제주시 용강동 678,원호형,가상형,0,360,500,일반,Y,33.4771770744,126.5872576682,Y,N,,제주특별자치도 제주시청,064-728-3742,2024-07-25,I,2026-05-15 18:45:22,2024-09-04 21:39:27
6510000,202465100000600330,,제주특별자치도 제주시 전농로9길,제주특별자치도,제주시,제주특별자치도 제주시 전농로9길 40-1,제주특별자치도 제주시 삼도이동 606-6,제주특별자치도 제주시 삼도이동 606-6,원호형,원호형,8,360,500,일반,Y,33.5078867177,126.5206961305,Y,N,,제주특별자치도 제주시청,064-728-3742,2024-07-25,I,2026-05-15 18:45:22,2024-09-04 21:39:25
6510000,202465100000601255,,제주특별자치도 제주시 연수로3길,제주특별자치도,제주시,제주특별자치도 제주시 연수로3길 27,제주특별자치도 제주시 일도이동 57-13,제주특별자치도 제주시 일도이동 57-13,원호형,원호형,8,360,500,일반,Y,33.5035583000,126.5451475000,Y,N,,제주특별자치도 제주시청,064-728-3742,2024-07-25,I,2026-05-15 18:45:22,2024-09-04 21:39:31
6510000,202465100000600983,,제주특별자치도 제주시 오도9길,제주특별자치도,제주시,제주특별자치도 제주시 오도9길 11-6,제주특별자치도 제주시 이호이동 941-2,제주특별자치도 제주시 이호이동 941-2,원호형,원호형,8,360,500,일반,Y,33.4915599715,126.4604513513,Y,N,,제주특별자치도 제주시청,064-728-3742,2024-07-25,I,2026-05-15 18:45:22,2024-09-04 21:39:29
6510000,202465100000600140,,제주특별자치도 제주시 함선로,제주특별자치도,제주시,제주특별자치도 제주시 조천읍 선흘서4길 3,제주특별자치도 제주시 조천읍 선흘리 3381-1,제주특별자치도 제주시 조천읍 선흘리 3381-1,원호형,원호형,10,360,500,일반,Y,33.5138141068,126.6931643837,Y,N,,제주특별자치도 제주시청,064-728-3742,2024-07-25,I,2026-05-15 18:45:22,2024-09-04 21:39:24
6510000,202465100000601609,,제주특별자치도 제주시 지석10길,제주특별자치도,제주시,,제주특별자치도 제주시 삼양이동 2255-7,제주특별자치도 제주시 삼양이동 2255-7,원호형,원호형,10,360,500,일반,Y,33.5198668513,126.5830253498,Y,N,,제주특별자치도 제주시청,064-728-3742,2024-07-25,I,2026-05-15 18:45:22,2024-09-04 21:39:33
6510000,202465100000601263,,제주특별자치도 제주시 태성로2길,제주특별자치도,제주시,제주특별자치도 제주시 태성로2길 10,제주특별자치도 제주시 일도이동 84-1,제주특별자치도 제주시 일도이동 84-1,원호형,가상형,0,360,500,일반,Y,33.4998998000,126.5461742000,Y,N,,제주특별자치도 제주시청,064-728-3742,2024-07-25,I,2026-05-15 18:45:22,2024-09-04 21:39:31
6510000,202465100000600686,,제주특별자치도 제주시 수덕로,제주특별자치도,제주시,제주특별자치도 제주시 수덕로 35-1,제주특별자치도 제주시 노형동 2615-7,제주특별자치도 제주시 노형동 2615-7,원호형,가상형,0,360,500,일반,Y,33.4864730000,126.4732940000,Y,N,,제주특별자치도 제주시청,064-728-3742,2024-07-25,I,2026-05-15 18:45:22,2024-09-04 21:39:27
6510000,202465100000600677,,제주특별자치도 제주시 진군남4길,제주특별자치도,제주시,제주특별자치도 제주시 진군남4길 10,제주특별자치도 제주시 노형동 671-8,제주특별자치도 제주시 노형동 671-8,원호형,원호형,10,360,500,일반,Y,33.4756040124,126.4799192565,Y,N,,제주특별자치도 제주시청,064-728-3742,2024-07-25,I,2026-05-15 18:45:22,2024-09-04 21:39:27
6510000,202465100000601672,,제주특별자치도 제주시 서문로5길,제주특별자치도,제주시,제주특별자치도 제주시 비룡1길 16,제주특별자치도 제주시 용담일동 84,제주특별자치도 제주시 용담일동 84,원호형,원호형,8,360,500,일반,Y,33.5123724506,126.5171104488,Y,N,,제주특별자치도 제주시청,064-728-3742,2024-07-25,I,2026-05-15 18:45:22,2024-09-04 21:39:34
6510000,202465100000601029,,제주특별자치도 제주시 다호북길,제주특별자치도,제주시,,제주특별자치도 제주시 도두이동 972-3,제주특별자치도 제주시 도두이동 972-3,원호형,원호형,8,360,500,일반,Y,33.5027582104,126.4813225963,Y,N,,제주특별자치도 제주시청,064-728-3742,2024-07-25,I,2026-05-15 18:45:22,2024-09-04 21:39:29
6510000,202465100000600438,,제주특별자치도 제주시 용화로4길,제주특별자치도,제주시,제주특별자치도 제주시 용화로4길 11,제주특별자치도 제주시 용담이동 796-23,제주특별자치도 제주시 용담이동 796-23,원호형,원호형,8,360,500,일반,Y,33.5088368992,126.5048311371,Y,N,,제주특별자치도 제주시청,064-728-3742,2024-07-25,I,2026-05-15 18:45:22,2024-09-04 21:39:26
6510000,202465100000602021,,제주특별자치도 제주시 공설로5길,제주특별자치도,제주시,제주특별자치도 제주시 공설로5길 20,제주특별자치도 제주시 오라일동 2448,제주특별자치도 제주시 오라일동 2448,원호형,원호형,10,360,500,일반,Y,33.4979190300,126.5185191000,Y,N,,제주특별자치도 제주시청,064-728-3742,2024-07-25,I,2026-05-15 18:45:22,2024-09-04 21:39:36
6510000,202465100000600323,,제주특별자치도 제주시 관덕로2길,제주특별자치도,제주시,제주특별자치도 제주시 관덕로2길 1,제주특별자치도 제주시 삼도이동 905,제주특별자치도 제주시 삼도이동 905,원호형,원호형,8,360,500,일반,Y,33.5125597600,126.5204192000,Y,N,,제주특별자치도 제주시청,064-728-3742,2024-07-25,I,2026-05-15 18:45:22,2024-09-04 21:39:25
6510000,202465100000600165,,제주특별자치도 제주시 미래로,제주특별자치도,제주시,,제주특별자치도 제주시 조천읍 와산리 1338-1,제주특별자치도 제주시 조천읍 와산리 1338-1,원호형,원호형,10,360,500,일반,Y,33.4760964819,126.6778807803,Y,N,,제주특별자치도 제주시청,064-728-3742,2024-07-25,I,2026-05-15 18:45:22,2024-09-04 21:39:24
6510000,202465100000601504,,제주특별자치도 제주시 신대로7길,제주특별자치도,제주시,제주특별자치도 제주시 신대로7길 10,제주특별자치도 제주시 연동 311-74,제주특별자치도 제주시 연동 311-74,원호형,원호형,10,360,500,일반,Y,33.4917288635,126.4977113835,Y,N,,제주특별자치도 제주시청,064-728-3742,2024-07-25,I,2026-05-15 18:45:22,2024-09-04 21:39:32
6510000,202465100000600012,,제주특별자치도 제주시 광성로,제주특별자치도,제주시,제주특별자치도 제주시 애월읍 광성로 269,제주특별자치도 제주시 애월읍 광령리 2216-1,제주특별자치도 제주시 애월읍 광령리 2216-1,원호형,원호형,10,360,500,일반,Y,33.4606806722,126.4360315259,Y,N,,제주특별자치도 제주시청,064-728-3742,2024-07-25,I,2026-05-15 18:45:22,2024-09-04 21:39:24
6510000,202465100000600287,,제주특별자치도 제주시 서사로 14길,제주특별자치도,제주시,제주특별자치도 제주시 서사로14길 41,제주특별자치도 제주시 삼도일동 502,제주특별자치도 제주시 삼도일동 502,원호형,원호형,10,360,500,일반,Y,33.5035414000,126.5154793000,Y,N,,제주특별자치도 제주시청,064-728-3742,2024-07-25,I,2026-05-15 18:45:22,2024-09-04 21:39:25
6510000,202465100000601631,,제주특별자치도 제주시 도련4길,제주특별자치도,제주시,제주특별자치도 제주시 도련4길 19,제주특별자치도 제주시 도련일동 2293-15,제주특별자치도 제주시 도련일동 2293-15,원호형,원호형,10,360,500,일반,Y,33.5084487000,126.5847030000,Y,N,,제주특별자치도 제주시청,064-728-3742,2024-07-25,I,2026-05-15 18:45:22,2024-09-04 21:39:34
6510000,202465100000600468,,제주특별자치도 제주시 진서로,제주특별자치도,제주시,제주특별자치도 제주시 진서로 59,제주특별자치도 제주시 화북일동 4098-20,제주특별자치도 제주시 화북일동 4098-20,원호형,원호형,10,360,500,일반,Y,33.5239117900,126.5620523000,Y,N,,제주특별자치도 제주시청,064-728-3742,2024-07-25,I,2026-05-15 18:45:22,2024-09-04 21:39:26
6510000,202465100000601671,,제주특별자치도 제주시 비룡1길,제주특별자치도,제주시,제주특별자치도 제주시 비룡1길 11,제주특별자치도 제주시 용담일동 97-1,제주특별자치도 제주시 용담일동 97-1,원호형,원호형,8,360,500,일반,Y,33.5120952398,126.5176036425,Y,N,,제주특별자치도 제주시청,064-728-3742,2024-07-25,I,2026-05-15 18:45:22,2024-09-04 21:39:34
6510000,202465100000600114,,제주특별자치도 제주시 북흘로,제주특별자치도,제주시,,제주특별자치도 제주시 조천읍 북촌리 751-2,제주특별자치도 제주시 조천읍 북촌리 751-2,원호형,원호형,10,360,500,일반,Y,33.5462287790,126.6959604962,Y,N,,제주특별자치도 제주시청,064-728-3742,2024-07-25,I,2026-05-15 18:45:22,2024-09-04 21:39:24
6510000,202465100000601228,,제주특별자치도 제주시 고마로17길,제주특별자치도,제주시,제주특별자치도 제주시 고마로17길 13,제주특별자치도 제주시 일도이동 393-21,제주특별자치도 제주시 일도이동 393-21,원호형,원호형,8,360,500,일반,Y,33.5062082000,126.5422664000,Y,N,,제주특별자치도 제주시청,064-728-3742,2024-07-25,I,2026-05-15 18:45:22,2024-09-04 21:39:31
6510000,202465100000601817,,제주특별자치도 제주시 아봉로,제주특별자치도,제주시,제주특별자치도 제주시 아봉로 76,제주특별자치도 제주시 아라이동 908-2,제주특별자치도 제주시 아라이동 908-2,원호형,가상형,0,360,500,일반,Y,33.4779033300,126.5520764000,Y,N,,제주특별자치도 제주시청,064-728-3742,2024-07-25,I,2026-05-15 18:45:22,2024-09-04 21:39:35
6510000,202465100000600761,,제주특별자치도 제주시 월랑로2길,제주특별자치도,제주시,제주특별자치도 제주시 월랑로2길 30,제주특별자치도 제주시 노형동 1295-1,제주특별자치도 제주시 노형동 1295-1,원호형,원호형,10,360,500,일반,Y,33.4882268956,126.4817104643,Y,N,,제주특별자치도 제주시청,064-728-3742,2024-07-25,I,2026-05-15 18:45:22,2024-09-04 21:39:28
6510000,202465100000601747,,제주특별자치도 제주시 대원북길,제주특별자치도,제주시,제주특별자치도 제주시 대원북길 14,제주특별자치도 제주시 아라일동 2753-1,제주특별자치도 제주시 아라일동 2753-1,원호형,원호형,10,380,500,일반,Y,33.4764877500,126.5327869000,Y,N,,제주특별자치도 제주시청,064-728-3742,2024-07-25,I,2026-05-15 18:45:22,2024-09-04 21:39:34
6510000,202465100000601110,,제주특별자치도 제주시 금능남로,제주특별자치도,제주시,,제주특별자치도 제주시 한림읍 금능리 432-1,제주특별자치도 제주시 한림읍 금능리 432-1,원호형,원호형,10,360,500,일반,Y,33.3590333934,126.2484805553,Y,N,,제주특별자치도 제주시청,064-728-3742,2024-07-25,I,2026-05-15 18:45:22,2024-09-04 21:39:30
6510000,202465100000601721,,제주특별자치도 제주시 구남로6길,제주특별자치도,제주시,제주특별자치도 제주시 구남로6길 49,제주특별자치도 제주시 이도이동 2015-16,제주특별자치도 제주시 이도이동 2015-16,원호형,원호형,10,360,500,일반,Y,33.4867215600,126.5371077000,Y,N,,제주특별자치도 제주시청,064-728-3742,2024-07-25,I,2026-05-15 18:45:22,2024-09-04 21:39:34
6510000,202465100000601182,,제주특별자치도 제주시 삼성로15길,제주특별자치도,제주시,제주특별자치도 제주시 삼성로15길 1,제주특별자치도 제주시 일도이동 1007-42,제주특별자치도 제주시 일도이동 1007-42,원호형,원호형,8,360,500,일반,Y,33.5116136000,126.5328217000,Y,N,,제주특별자치도 제주시청,064-728-3742,2024-07-25,I,2026-05-15 18:45:22,2024-09-04 21:39:30
6510000,202465100000600168,,제주특별자치도 제주시 와흘로,제주특별자치도,제주시,제주특별자치도 제주시 조천읍 와흘로 364,제주특별자치도 제주시 조천읍 와흘리 246-8,제주특별자치도 제주시 조천읍 와흘리 246-8,원호형,원호형,10,360,500,일반,Y,33.4738113528,126.6446542939,Y,N,,제주특별자치도 제주시청,064-728-3742,2024-07-25,I,2026-05-15 18:45:22,2024-09-04 21:39:24
6510000,202465100000600700,,제주특별자치도 제주시 정존5길,제주특별자치도,제주시,제주특별자치도 제주시 수덕9길 49,제주특별자치도 제주시 노형동 2531-4,제주특별자치도 제주시 노형동 2531-4,원호형,원호형,10,360,500,일반,Y,33.4850203600,126.4732524000,Y,N,,제주특별자치도 제주시청,064-728-3742,2024-07-25,I,2026-05-15 18:45:22,2024-09-04 21:39:27
6510000,202465100000601481,,제주특별자치도 제주시 신대로15길,제주특별자치도,제주시,제주특별자치도 제주시 신대로15길 5,제주특별자치도 제주시 연동 313-22,제주특별자치도 제주시 연동 313-22,원호형,원호형,10,360,500,일반,Y,33.4868395800,126.4976123000,Y,N,,제주특별자치도 제주시청,064-728-3742,2024-07-25,I,2026-05-15 18:45:22,2024-09-04 21:39:32
6510000,202465100000600827,,제주특별자치도 제주시 고래소길,제주특별자치도,제주시,제주특별자치도 제주시 고래소길 7,제주특별자치도 제주시 도평동 942,제주특별자치도 제주시 도평동 942,원호형,원호형,10,360,500,일반,Y,33.4775157106,126.4512309831,Y,N,,제주특별자치도 제주시청,064-728-3742,2024-07-25,I,2026-05-15 18:45:22,2024-09-04 21:39:28
6510000,202465100000600065,,제주특별자치도 제주시 신북로,제주특별자치도,제주시,제주특별자치도 제주시 조천읍 신흥로 1-3,제주특별자치도 제주시 조천읍 신흥리 245-1,제주특별자치도 제주시 조천읍 신흥리 245-1,원호형,원호형,10,360,500,일반,Y,33.5434874338,126.6529173935,Y,N,,제주특별자치도 제주시청,064-728-3742,2024-07-25,I,2026-05-15 18:45:22,2024-09-04 21:39:24
6510000,202465100000600922,,제주특별자치도 제주시 연대마을길,제주특별자치도,제주시,제주특별자치도 제주시 연대마을길 44,제주특별자치도 제주시 외도이동 1972-1,제주특별자치도 제주시 외도이동 1972-1,원호형,원호형,10,360,500,일반,Y,33.4949489398,126.4248874321,Y,N,,제주특별자치도 제주시청,064-728-3742,2024-07-25,I,2026-05-15 18:45:22,2024-09-04 21:39:29
6510000,202465100000601238,,제주특별자치도 제주시 고마로17길,제주특별자치도,제주시,제주특별자치도 제주시 고마로17길 42,제주특별자치도 제주시 일도이동 402-24,제주특별자치도 제주시 일도이동 402-24,원호형,원호형,8,360,500,일반,Y,33.5077011800,126.5445018000,Y,N,,제주특별자치도 제주시청,064-728-3742,2024-07-25,I,2026-05-15 18:45:22,2024-09-04 21:39:31
6510000,202465100000601475,,제주특별자치도 제주시 선덕로3길,제주특별자치도,제주시,제주특별자치도 제주시 선덕로3길 11,제주특별자치도 제주시 연동 313-36,제주특별자치도 제주시 연동 313-36,원호형,원호형,10,360,500,일반,Y,33.4868524500,126.4985209000,Y,N,,제주특별자치도 제주시청,064-728-3742,2024-07-25,I,2026-05-15 18:45:22,2024-09-04 21:39:32
6510000,202465100000600088,,제주특별자치도 제주시 조함해안로,제주특별자치도,제주시,,제주특별자치도 제주시 조천읍 신흥리 39-1,제주특별자치도 제주시 조천읍 신흥리 39-1,원호형,원호형,10,360,500,일반,Y,33.5492720315,126.6532697418,Y,N,,제주특별자치도 제주시청,064-728-3742,2024-07-25,I,2026-05-15 18:45:22,2024-09-04 21:39:24
6510000,202465100000601040,,제주특별자치도 제주시 오일장중길,제주특별자치도,제주시,제주특별자치도 제주시 오일장중길 90,제주특별자치도 제주시 도두일동 1285-4,제주특별자치도 제주시 도두일동 1285-4,원호형,원호형,8,360,500,일반,Y,33.4981640511,126.4763872782,Y,N,,제주특별자치도 제주시청,064-728-3742,2024-07-25,I,2026-05-15 18:45:22,2024-09-04 21:39:29
6510000,202465100000601974,,제주특별자치도 제주시 사평4길,제주특별자치도,제주시,제주특별자치도 제주시 사평4길 44,제주특별자치도 제주시 오라이동 1349-3,제주특별자치도 제주시 오라이동 1349-3,원호형,원호형,10,360,500,일반,Y,33.4895280458,126.5121013274,Y,N,,제주특별자치도 제주시청,064-728-3742,2024-07-25,I,2026-05-15 18:45:22,2024-09-04 21:39:36
6510000,202465100000601706,,제주특별자치도 제주시 간월동로,제주특별자치도,제주시,제주특별자치도 제주시 간월동로 21,제주특별자치도 제주시 아라이동 1384-9,제주특별자치도 제주시 아라이동 1384-9,원호형,원호형,10,370,500,일반,Y,33.4865356900,126.5447343000,Y,N,,제주특별자치도 제주시청,064-728-3742,2024-07-25,I,2026-05-15 18:45:22,2024-09-04 21:39:34
6510000,202465100000601123,,제주특별자치도 제주시 다랑쉬북로,제주특별자치도,제주시,,제주특별자치도 제주시 구좌읍 세화리 2754,제주특별자치도 제주시 구좌읍 세화리 2754,원호형,원호형,10,360,500,일반,Y,33.4863089232,126.8301494028,Y,N,,제주특별자치도 제주시청,064-728-3742,2024-07-25,I,2026-05-15 18:45:22,2024-09-04 21:39:30
6510000,202465100000601858,,제주특별자치도 제주시 오등봉길,제주특별자치도,제주시,제주특별자치도 제주시 오등봉길 91,제주특별자치도 제주시 오등동 1317-4,제주특별자치도 제주시 오등동 1317-4,원호형,가상형,0,330,500,일반,Y,33.4732664200,126.5228415000,Y,N,,제주특별자치도 제주시청,064-728-3742,2024-07-25,I,2026-05-15 18:45:22,2024-09-04 21:39:35
6510000,202465100000601100,,제주특별자치도 제주시 한림로,제주특별자치도,제주시,제주특별자치도 제주시 한림읍 한림로 232,제주특별자치도 제주시 한림읍 금능리 2054-3,제주특별자치도 제주시 한림읍 금능리 2054-3,원호형,원호형,10,360,500,일반,Y,33.3872678391,126.2326283500,Y,N,,제주특별자치도 제주시청,064-728-3742,2024-07-25,I,2026-05-15 18:45:22,2024-09-04 21:39:30
6510000,202465100000601370,,제주특별자치도 제주시 국기로,제주특별자치도,제주시,제주특별자치도 제주시 국기로 21,제주특별자치도 제주시 연동 1497-1,제주특별자치도 제주시 연동 1497-1,원호형,가상형,0,360,500,일반,Y,33.4797884600,126.4900108000,Y,N,,제주특별자치도 제주시청,064-728-3742,2024-07-25,I,2026-05-15 18:45:22,2024-09-04 21:39:32
6510000,202465100000600317,,제주특별자치도 제주시 무근성5길,제주특별자치도,제주시,제주특별자치도 제주시 무근성5길 10,제주특별자치도 제주시 삼도이동 1077-1,제주특별자치도 제주시 삼도이동 1077-1,원호형,가상형,0,360,500,일반,Y,33.5135824100,126.5195285000,Y,N,,제주특별자치도 제주시청,064-728-3742,2024-07-25,I,2026-05-15 18:45:22,2024-09-04 21:39:25
6510000,202465100000600382,,제주특별자치도 제주시 어영길,제주특별자치도,제주시,제주특별자치도 제주시 어영길 42,제주특별자치도 제주시 용담삼동 1200-1,제주특별자치도 제주시 용담삼동 1200-1,원호형,원호형,8,360,500,일반,Y,33.5179580200,126.4973789000,Y,N,,제주특별자치도 제주시청,064-728-3742,2024-07-25,I,2026-05-15 18:45:22,2024-09-04 21:39:25
6510000,202465100000601214,,제주특별자치도 제주시 동광로19길,제주특별자치도,제주시,제주특별자치도 제주시 동광로19길 11,제주특별자치도 제주시 일도이동 355,제주특별자치도 제주시 일도이동 355,원호형,원호형,8,360,500,일반,Y,33.5093144900,126.5409595000,Y,N,,제주특별자치도 제주시청,064-728-3742,2024-07-25,I,2026-05-15 18:45:22,2024-09-04 21:39:30
6510000,202465100000600276,,제주특별자치도 제주시 서사로 18길,제주특별자치도,제주시,제주특별자치도 제주시 서사로18길 3,제주특별자치도 제주시 삼도일동 533,제주특별자치도 제주시 삼도일동 533,원호형,가상형,0,360,500,일반,Y,33.5018939700,126.5193108000,Y,N,,제주특별자치도 제주시청,064-728-3742,2024-07-25,I,2026-05-15 18:45:22,2024-09-04 21:39:25
6510000,202465100000601016,,제주특별자치도 제주시 서해안로,제주특별자치도,제주시,,제주특별자치도 제주시 도두이동 1664-11,제주특별자치도 제주시 도두이동 1664-11,원호형,원호형,10,360,500,일반,Y,33.5087697209,126.4770079997,Y,N,,제주특별자치도 제주시청,064-728-3742,2024-07-25,I,2026-05-15 18:45:22,2024-09-04 21:39:29
6510000,202465100000600157,,제주특별자치도 제주시 와선로,제주특별자치도,제주시,,제주특별자치도 제주시 조천읍 와산리 1019-5,제주특별자치도 제주시 조천읍 와산리 1019-5,원호형,원호형,10,360,500,일반,Y,33.4888139624,126.6813072969,Y,N,,제주특별자치도 제주시청,064-728-3742,2024-07-25,I,2026-05-15 18:45:22,2024-09-04 21:39:24
6510000,202465100000600092,,제주특별자치도 제주시 조함해안로,제주특별자치도,제주시,,제주특별자치도 제주시 조천읍 함덕리 3113-1,제주특별자치도 제주시 조천읍 함덕리 3113-1,원호형,원호형,10,360,500,일반,Y,33.5454866120,126.6619074515,Y,N,,제주특별자치도 제주시청,064-728-3742,2024-07-25,I,2026-05-15 18:45:22,2024-09-04 21:39:24
6510000,202465100000602022,,제주특별자치도 제주시 공설로5길,제주특별자치도,제주시,제주특별자치도 제주시 공설로11길 1,제주특별자치도 제주시 오라일동 2449,제주특별자치도 제주시 오라일동 2449,원호형,원호형,10,360,500,일반,Y,33.4979271700,126.5191997000,Y,N,,제주특별자치도 제주시청,064-728-3742,2024-07-25,I,2026-05-15 18:45:22,2024-09-04 21:39:36
6510000,202465100000601822,,제주특별자치도 제주시 아봉로,제주특별자치도,제주시,제주특별자치도 제주시 아봉로 98-12,제주특별자치도 제주시 아라이동 907-3,제주특별자치도 제주시 아라이동 907-3,원호형,원호형,8,350,500,일반,Y,33.4779241400,126.5535724000,Y,N,,제주특별자치도 제주시청,064-728-3742,2024-07-25,I,2026-05-15 18:45:22,2024-09-04 21:39:35
6510000,202465100000601138,,제주특별자치도 제주시 덕행로,제주특별자치도,제주시,,제주특별자치도 제주시 구좌읍 행원리 1143-5,제주특별자치도 제주시 구좌읍 행원리 1143-5,원호형,원호형,10,360,500,일반,Y,33.5450849980,126.8037125973,Y,N,,제주특별자치도 제주시청,064-728-3742,2024-07-25,I,2026-05-15 18:45:22,2024-09-04 21:39:30
6510000,202465100000601833,,제주특별자치도 제주시 아연로,제주특별자치도,제주시,제주특별자치도 제주시 아연로 464,제주특별자치도 제주시 오등동 619-4,제주특별자치도 제주시 오등동 619-4,원호형,원호형,10,360,500,일반,Y,33.4750075011,126.5298520205,Y,N,,제주특별자치도 제주시청,064-728-3742,2024-07-25,I,2026-05-15 18:45:22,2024-09-04 21:39:35
6510000,202465100000601598,,제주특별자치도 제주시 삼봉로2길,제주특별자치도,제주시,제주특별자치도 제주시 지석14길 7,제주특별자치도 제주시 삼양이동 2181-28,제주특별자치도 제주시 삼양이동 2181-28,원호형,원호형,10,360,500,일반,Y,33.5208591334,126.5858905876,Y,N,,제주특별자치도 제주시청,064-728-3742,2024-07-25,I,2026-05-15 18:45:22,2024-09-04 21:39:33
6510000,202465100000600302,,제주특별자치도 제주시 탑동로3길,제주특별자치도,제주시,제주특별자치도 제주시 탑동로15길 47,제주특별자치도 제주시 삼도이동 1179-7,제주특별자치도 제주시 삼도이동 1179-7,원호형,원호형,8,360,500,일반,Y,33.5163305500,126.5218121000,Y,N,,제주특별자치도 제주시청,064-728-3742,2024-07-25,I,2026-05-15 18:45:22,2024-09-04 21:39:25
6510000,202465100000601811,,제주특별자치도 제주시 아봉로,제주특별자치도,제주시,제주특별자치도 제주시 아봉로 370,제주특별자치도 제주시 월평동 1002-5,제주특별자치도 제주시 월평동 1002-5,원호형,원호형,10,350,500,일반,Y,33.4695872300,126.5750104000,Y,N,,제주특별자치도 제주시청,064-728-3742,2024-07-25,I,2026-05-15 18:45:22,2024-09-04 21:39:35
6510000,202465100000600733,,제주특별자치도 제주시 정존13길,제주특별자치도,제주시,제주특별자치도 제주시 정존13길 14,제주특별자치도 제주시 노형동 1283-12,제주특별자치도 제주시 노형동 1283-12,원호형,원호형,10,360,500,일반,Y,33.4861288500,126.4768033000,Y,N,,제주특별자치도 제주시청,064-728-3742,2024-07-25,I,2026-05-15 18:45:22,2024-09-04 21:39:27
6510000,202465100000601841,,제주특별자치도 제주시 영강길,제주특별자치도,제주시,제주특별자치도 제주시 영강길 108,제주특별자치도 제주시 영평동 1021-1,제주특별자치도 제주시 영평동 1021-1,원호형,원호형,10,350,500,일반,Y,33.4881650867,126.5709236249,Y,N,,제주특별자치도 제주시청,064-728-3742,2024-07-25,I,2026-05-15 18:45:22,2024-09-04 21:39:35
6510000,202465100000600300,,제주특별자치도 제주시 탑동로5길,제주특별자치도,제주시,제주특별자치도 제주시 탑동로15길 37,제주특별자치도 제주시 삼도이동 1177-2,제주특별자치도 제주시 삼도이동 1177-2,원호형,원호형,8,360,500,일반,Y,33.5165773497,126.5205624240,Y,N,,제주특별자치도 제주시청,064-728-3742,2024-07-25,I,2026-05-15 18:45:22,2024-09-04 21:39:25
6510000,202465100000601282,,제주특별자치도 제주시 고산로,제주특별자치도,제주시,제주특별자치도 제주시 한경면 고산로 73,제주특별자치도 제주시 한경면 고산리 2634-9,제주특별자치도 제주시 한경면 고산리 2634-9,원호형,원호형,10,360,500,일반,Y,33.3073383281,126.1780317394,Y,N,,제주특별자치도 제주시청,064-728-3742,2024-07-25,I,2026-05-15 18:45:22,2024-09-04 21:39:31
6510000,202465100000601027,,제주특별자치도 제주시 다호북길,제주특별자치도,제주시,,제주특별자치도 제주시 도두이동 926-3,제주특별자치도 제주시 도두이동 926-3,원호형,원호형,8,360,500,일반,Y,33.5031178431,126.4838753251,Y,N,,제주특별자치도 제주시청,064-728-3742,2024-07-25,I,2026-05-15 18:45:22,2024-09-04 21:39:29
6510000,202465100000601399,,제주특별자치도 제주시 연동12길,제주특별자치도,제주시,제주특별자치도 제주시 연동12길 13,제주특별자치도 제주시 연동 294-13,제주특별자치도 제주시 연동 294-13,원호형,원호형,8,360,500,일반,Y,33.4845624320,126.4932515918,Y,N,,제주특별자치도 제주시청,064-728-3742,2024-07-25,I,2026-05-15 18:45:22,2024-09-04 21:39:32
6510000,202465100000600224,,제주특별자치도 제주시 돈내길,제주특별자치도,제주시,,제주특별자치도 제주시 이도일동 1258-6,제주특별자치도 제주시 이도일동 1258-6,원호형,원호형,10,450,500,일반,Y,33.5016049425,126.5300799867,Y,N,,제주특별자치도 제주시청,064-728-3742,2024-07-25,I,2026-05-15 18:45:22,2024-09-04 21:39:25
6510000,202465100000601233,,제주특별자치도 제주시 동광로20길,제주특별자치도,제주시,제주특별자치도 제주시 동광로20길 9,제주특별자치도 제주시 일도이동 403-1,제주특별자치도 제주시 일도이동 403-1,원호형,원호형,8,360,500,일반,Y,33.5071792600,126.5440877000,Y,N,,제주특별자치도 제주시청,064-728-3742,2024-07-25,I,2026-05-15 18:45:22,2024-09-04 21:39:31
6510000,202465100000601136,,제주특별자치도 제주시 덕행로,제주특별자치도,제주시,,제주특별자치도 제주시 구좌읍 행원리 2345-3,제주특별자치도 제주시 구좌읍 행원리 2345-3,원호형,원호형,10,360,500,일반,Y,33.5340691418,126.7961398751,Y,N,,제주특별자치도 제주시청,064-728-3742,2024-07-25,I,2026-05-15 18:45:22,2024-09-04 21:39:30
6510000,202465100000600580,,제주특별자치도 제주시 동화로1길,제주특별자치도,제주시,제주특별자치도 제주시 동화로1길 49-5,제주특별자치도 제주시 화북일동 13-11,제주특별자치도 제주시 화북일동 13-11,원호형,원호형,10,360,500,일반,Y,33.5182209700,126.5770546000,Y,N,,제주특별자치도 제주시청,064-728-3742,2024-07-25,I,2026-05-15 18:45:22,2024-09-04 21:39:27
6510000,202465100000600960,,제주특별자치도 제주시 서해안로,제주특별자치도,제주시,제주특별자치도 제주시 서해안로 124,제주특별자치도 제주시 이호일동 322,제주특별자치도 제주시 이호일동 322,원호형,원호형,10,360,500,일반,Y,33.5024149880,126.4628730982,Y,N,,제주특별자치도 제주시청,064-728-3742,2024-07-25,I,2026-05-15 18:45:22,2024-09-04 21:39:29
6510000,202465100000600208,,제주특별자치도 제주시 중앙로 13길,제주특별자치도,제주시,제주특별자치도 제주시 동문로4길 9,제주특별자치도 제주시 일도일동 1103,제주특별자치도 제주시 일도일동 1103,원호형,원호형,10,440,500,일반,Y,33.5120874300,126.5282423000,Y,N,,제주특별자치도 제주시청,064-728-3742,2024-07-25,I,2026-05-15 18:45:22,2024-09-04 21:39:25
6510000,202465100000600440,,제주특별자치도 제주시 용화로4길,제주특별자치도,제주시,제주특별자치도 제주시 용화로4길 2,제주특별자치도 제주시 용담이동 865,제주특별자치도 제주시 용담이동 865,원호형,원호형,8,360,500,일반,Y,33.5097758320,126.5047677782,Y,N,,제주특별자치도 제주시청,064-728-3742,2024-07-25,I,2026-05-15 18:45:22,2024-09-04 21:39:26
6510000,202465100000601287,,제주특별자치도 제주시 고산로1길,제주특별자치도,제주시,제주특별자치도 제주시 한경면 고산로1길 16,제주특별자치도 제주시 한경면 고산리 2684-1,제주특별자치도 제주시 한경면 고산리 2684-1,원호형,원호형,10,360,500,일반,Y,33.3045269693,126.1768734874,Y,N,,제주특별자치도 제주시청,064-728-3742,2024-07-25,I,2026-05-15 18:45:22,2024-09-04 21:39:31
6510000,202465100000600222,,제주특별자치도 제주시 돈내길,제주특별자치도,제주시,제주특별자치도 제주시 돈내길 18,제주특별자치도 제주시 이도일동 1252-12,제주특별자치도 제주시 이도일동 1252-12,원호형,가상형,0,470,500,일반,Y,33.5021601602,126.5309887241,Y,N,,제주특별자치도 제주시청,064-728-3742,2024-07-25,I,2026-05-15 18:45:22,2024-09-04 21:39:25
6510000,202465100000601579,,제주특별자치도 제주시 설촌로8길,제주특별자치도,제주시,제주특별자치도 제주시 설촌로8길 19-6,제주특별자치도 제주시 삼양이동 2103-29,제주특별자치도 제주시 삼양이동 2103-29,원호형,원호형,10,360,500,일반,Y,33.5237073200,126.5836770000,Y,N,,제주특별자치도 제주시청,064-728-3742,2024-07-25,I,2026-05-15 18:45:22,2024-09-04 21:39:33
6510000,202465100000601424,,제주특별자치도 제주시 성신북길,제주특별자치도,제주시,제주특별자치도 제주시 성신북길 14-2,제주특별자치도 제주시 연동 1960-7,제주특별자치도 제주시 연동 1960-7,원호형,원호형,10,360,500,일반,Y,33.4919973500,126.4831295000,Y,N,,제주특별자치도 제주시청,064-728-3742,2024-07-25,I,2026-05-15 18:45:22,2024-09-04 21:39:32
6510000,202465100000601842,,제주특별자치도 제주시 영평길,제주특별자치도,제주시,제주특별자치도 제주시 영평길 131,제주특별자치도 제주시 영평동 1069-2,제주특별자치도 제주시 영평동 1069-2,원호형,원호형,8,350,500,일반,Y,33.4891778900,126.5737057000,Y,N,,제주특별자치도 제주시청,064-728-3742,2024-07-25,I,2026-05-15 18:45:22,2024-09-04 21:39:35
6510000,202465100000601748,,제주특별자치도 제주시 대원길,제주특별자치도,제주시,제주특별자치도 제주시 대원북길 20,제주특별자치도 제주시 아라일동 2904-2,제주특별자치도 제주시 아라일동 2904-2,원호형,원호형,10,380,500,일반,Y,33.4764130190,126.5320253034,Y,N,,제주특별자치도 제주시청,064-728-3742,2024-07-25,I,2026-05-15 18:45:22,2024-09-04 21:39:34
6510000,202465100000601334,,제주특별자치도 제주시 복지로북길,제주특별자치도,제주시,제주특별자치도 제주시 복지로북길 22,제주특별자치도 제주시 도남동 730-1,제주특별자치도 제주시 도남동 730-1,원호형,원호형,10,360,500,일반,Y,33.4888585351,126.5226143857,Y,N,,제주특별자치도 제주시청,064-728-3742,2024-07-25,I,2026-05-15 18:45:22,2024-09-04 21:39:31
6510000,202465100000600704,,제주특별자치도 제주시 수덕9길,제주특별자치도,제주시,제주특별자치도 제주시 수덕9길 65,제주특별자치도 제주시 노형동 2526-1,제주특별자치도 제주시 노형동 2526-1,원호형,원호형,10,360,500,일반,Y,33.4840444103,126.4719234604,Y,N,,제주특별자치도 제주시청,064-728-3742,2024-07-25,I,2026-05-15 18:45:22,2024-09-04 21:39:27
6510000,202465100000600784,,제주특별자치도 제주시 원노형남6길,제주특별자치도,제주시,제주특별자치도 제주시 연북로 8,제주특별자치도 제주시 노형동 711,제주특별자치도 제주시 노형동 711,원호형,원호형,10,360,500,일반,Y,33.4817092800,126.4820710000,Y,N,,제주특별자치도 제주시청,064-728-3742,2024-07-25,I,2026-05-15 18:45:22,2024-09-04 21:39:28
6510000,202465100000600813,,제주특별자치도 제주시 도평동길,제주특별자치도,제주시,제주특별자치도 제주시 도평동길 19,제주특별자치도 제주시 도평동 833,제주특별자치도 제주시 도평동 833,원호형,원호형,10,360,500,일반,Y,33.4792582329,126.4500346897,Y,N,,제주특별자치도 제주시청,064-728-3742,2024-07-25,I,2026-05-15 18:45:22,2024-09-04 21:39:28
6510000,202465100000601114,,제주특별자치도 제주시 금능남로,제주특별자치도,제주시,,제주특별자치도 제주시 한림읍 금능리 487-5,제주특별자치도 제주시 한림읍 금능리 487-5,원호형,원호형,10,360,500,일반,Y,33.3617319215,126.2471162298,Y,N,,제주특별자치도 제주시청,064-728-3742,2024-07-25,I,2026-05-15 18:45:22,2024-09-04 21:39:30
6510000,202465100000601722,,제주특별자치도 제주시 구남로6길,제주특별자치도,제주시,제주특별자치도 제주시 구남로6길 54,제주특별자치도 제주시 아라일동 6037-2,제주특별자치도 제주시 아라일동 6037-2,원호형,원호형,10,360,500,일반,Y,33.4861994700,126.5371384000,Y,N,,제주특별자치도 제주시청,064-728-3742,2024-07-25,I,2026-05-15 18:45:22,2024-09-04 21:39:34
6510000,202465100000600437,,제주특별자치도 제주시 용문로11길,제주특별자치도,제주시,제주특별자치도 제주시 용문로11길 45,제주특별자치도 제주시 용담이동 801-1,제주특별자치도 제주시 용담이동 801-1,원호형,원호형,8,360,500,일반,Y,33.5085316913,126.5047811076,Y,N,,제주특별자치도 제주시청,064-728-3742,2024-07-25,I,2026-05-15 18:45:22,2024-09-04 21:39:26
6510000,202465100000600885,,제주특별자치도 제주시 우정로4길,제주특별자치도,제주시,제주특별자치도 제주시 우정로4길 32,제주특별자치도 제주시 외도일동 438-2,제주특별자치도 제주시 외도일동 438-2,원호형,원호형,10,360,500,일반,Y,33.4914544600,126.4275317000,Y,N,,제주특별자치도 제주시청,064-728-3742,2024-07-25,I,2026-05-15 18:45:22,2024-09-04 21:39:28
6510000,202465100000601800,,제주특별자치도 제주시 아란9길,제주특별자치도,제주시,제주특별자치도 제주시 아란9길 22,제주특별자치도 제주시 아라일동 6088,제주특별자치도 제주시 아라일동 6088,원호형,원호형,10,400,500,일반,Y,33.4741024500,126.5420785000,Y,N,,제주특별자치도 제주시청,064-728-3742,2024-07-25,I,2026-05-15 18:45:22,2024-09-04 21:39:35
6510000,202465100000601271,,제주특별자치도 제주시 남광로,제주특별자치도,제주시,제주특별자치도 제주시 남광로 131,제주특별자치도 제주시 일도이동 111-10,제주특별자치도 제주시 일도이동 111-10,원호형,가상형,0,360,500,일반,Y,33.4987586850,126.5480332622,Y,N,,제주특별자치도 제주시청,064-728-3742,2024-07-25,I,2026-05-15 18:45:22,2024-09-04 21:39:31
6510000,202465100000600726,,제주특별자치도 제주시 정존7길,제주특별자치도,제주시,제주특별자치도 제주시 정존7길 34,제주특별자치도 제주시 노형동 2614-5,제주특별자치도 제주시 노형동 2614-5,원호형,원호형,10,360,500,일반,Y,33.4859246400,126.4736310000,Y,N,,제주특별자치도 제주시청,064-728-3742,2024-07-25,I,2026-05-15 18:45:22,2024-09-04 21:39:27
6510000,202465100000601885,,제주특별자치도 제주시 인다4길,제주특별자치도,제주시,제주특별자치도 제주시 인다4길 41-12,제주특별자치도 제주시 아라일동 6152-7,제주특별자치도 제주시 아라일동 6152-7,원호형,원호형,10,360,500,일반,Y,33.4708187700,126.5498902000,Y,N,,제주특별자치도 제주시청,064-728-3742,2024-07-25,I,2026-05-15 18:45:22,2024-09-04 21:39:35
6510000,202465100000600898,,제주특별자치도 제주시 우정로18길,제주특별자치도,제주시,제주특별자치도 제주시 우정로18길 26,제주특별자치도 제주시 외도일동 633-4,제주특별자치도 제주시 외도일동 633-4,원호형,원호형,10,360,500,일반,Y,33.4851184000,126.4282036000,Y,N,,제주특별자치도 제주시청,064-728-3742,2024-07-25,I,2026-05-15 18:45:22,2024-09-04 21:39:28
6510000,202465100000601629,,제주특별자치도 제주시 도련남길,제주특별자치도,제주시,,제주특별자치도 제주시 도련일동 2290-18,제주특별자치도 제주시 도련일동 2290-18,원호형,원호형,10,360,500,일반,Y,33.5067701800,126.5853871492,Y,N,,제주특별자치도 제주시청,064-728-3742,2024-07-25,I,2026-05-15 18:45:22,2024-09-04 21:39:34
6510000,202465100000600430,,제주특별자치도 제주시 용문로,제주특별자치도,제주시,제주특별자치도 제주시 용문로21길 6,제주특별자치도 제주시 용담이동 626-11,제주특별자치도 제주시 용담이동 626-11,원호형,원호형,8,360,500,일반,Y,33.5089136046,126.5091762066,Y,N,,제주특별자치도 제주시청,064-728-3742,2024-07-25,I,2026-05-15 18:45:22,2024-09-04 21:39:26
6510000,202465100000601740,,제주특별자치도 제주시 기자길,제주특별자치도,제주시,제주특별자치도 제주시 기자길 14,제주특별자치도 제주시 아라이동 1474-1,제주특별자치도 제주시 아라이동 1474-1,원호형,원호형,10,360,500,일반,Y,33.4845311600,126.5437510000,Y,N,,제주특별자치도 제주시청,064-728-3742,2024-07-25,I,2026-05-15 18:45:22,2024-09-04 21:39:34
6510000,202465100000600093,,제주특별자치도 제주시 조함해안로,제주특별자치도,제주시,제주특별자치도 제주시 조천읍 조함해안로 468,제주특별자치도 제주시 조천읍 함덕리 1020-16,제주특별자치도 제주시 조천읍 함덕리 1020-16,원호형,원호형,10,360,500,일반,Y,33.5438795909,126.6633214964,Y,N,,제주특별자치도 제주시청,064-728-3742,2024-07-25,I,2026-05-15 18:45:22,2024-09-04 21:39:24
6510000,202465100000601154,,제주특별자치도 제주시 해맞이해안로,제주특별자치도,제주시,제주특별자치도 제주시 구좌읍 세평항로 46-11,제주특별자치도 제주시 구좌읍 세화리 3641-1,제주특별자치도 제주시 구좌읍 세화리 3641-1,원호형,원호형,10,360,500,일반,Y,33.5268904552,126.8562701265,Y,N,,제주특별자치도 제주시청,064-728-3742,2024-07-25,I,2026-05-15 18:45:22,2024-09-04 21:39:30
6510000,202465100000601053,,제주특별자치도 제주시 누운오름로,제주특별자치도,제주시,,제주특별자치도 제주시 한림읍 금악리 199-1,제주특별자치도 제주시 한림읍 금악리 199-1,원호형,원호형,10,360,500,일반,Y,33.3671405934,126.3323989727,Y,N,,제주특별자치도 제주시청,064-728-3742,2024-07-25,I,2026-05-15 18:45:22,2024-09-04 21:39:29
6510000,202465100000601315,,제주특별자치도 제주시 이도공원길,제주특별자치도,제주시,제주특별자치도 제주시 이도공원길 10,제주특별자치도 제주시 이도이동 437-7,제주특별자치도 제주시 이도이동 437-7,원호형,가상형,0,360,500,일반,Y,33.4965619923,126.5424432057,Y,N,,제주특별자치도 제주시청,064-728-3742,2024-07-25,I,2026-05-15 18:45:22,2024-09-04 21:39:31
6510000,202465100000600736,,제주특별자치도 제주시 정존11길,제주특별자치도,제주시,,제주특별자치도 제주시 노형동 1285-2,제주특별자치도 제주시 노형동 1285-2,원호형,원호형,10,360,500,일반,Y,33.4854870775,126.4766321794,Y,N,,제주특별자치도 제주시청,064-728-3742,2024-07-25,I,2026-05-15 18:45:22,2024-09-04 21:39:27
6510000,202465100000601444,,제주특별자치도 제주시 비원길,제주특별자치도,제주시,제주특별자치도 제주시 비월길 7,제주특별자치도 제주시 연동 314-88,제주특별자치도 제주시 연동 314-88,원호형,원호형,10,360,500,일반,Y,33.4849578800,126.4973953000,Y,N,,제주특별자치도 제주시청,064-728-3742,2024-07-25,I,2026-05-15 18:45:22,2024-09-04 21:39:32
6510000,202465100000601072,,제주특별자치도 제주시 명랑남동길,제주특별자치도,제주시,제주특별자치도 제주시 한림읍 명랑남동길 25,제주특별자치도 제주시 한림읍 한림리 474-2,제주특별자치도 제주시 한림읍 한림리 474-2,원호형,원호형,10,360,500,일반,Y,33.4166156400,126.2739553000,Y,N,,제주특별자치도 제주시청,064-728-3742,2024-07-25,I,2026-05-15 18:45:22,2024-09-04 21:39:30
6510000,202465100000601073,,제주특별자치도 제주시 한수풀로,제주특별자치도,제주시,제주특별자치도 제주시 한림읍 한수풀로 56,제주특별자치도 제주시 한림읍 대림리 1854,제주특별자치도 제주시 한림읍 대림리 1854,원호형,원호형,10,360,500,일반,Y,33.4184392794,126.2687059916,Y,N,,제주특별자치도 제주시청,064-728-3742,2024-07-25,I,2026-05-15 18:45:22,2024-09-04 21:39:30
6510000,202465100000600055,,제주특별자치도 제주시 신북로,제주특별자치도,제주시,제주특별자치도 제주시 조천읍 신북로 204,제주특별자치도 제주시 조천읍 조천리 2217,제주특별자치도 제주시 조천읍 조천리 2217,원호형,원호형,10,360,500,일반,Y,33.5350737180,126.6348992751,Y,N,,제주특별자치도 제주시청,064-728-3742,2024-07-25,I,2026-05-15 18:45:22,2024-09-04 21:39:24
6510000,202465100000601151,,제주특별자치도 제주시 종달로,제주특별자치도,제주시,,제주특별자치도 제주시 구좌읍 종달리 2020-2,제주특별자치도 제주시 구좌읍 종달리 2020-2,원호형,원호형,10,360,500,일반,Y,33.4919450402,126.8962233359,Y,N,,제주특별자치도 제주시청,064-728-3742,2024-07-25,I,2026-05-15 18:45:22,2024-09-04 21:39:30
6510000,202465100000601012,,제주특별자치도 제주시 서해안로,제주특별자치도,제주시,제주특별자치도 제주시 서해안로 228,제주특별자치도 제주시 도두일동 1727,제주특별자치도 제주시 도두일동 1727,원호형,원호형,10,360,500,일반,Y,33.5083889700,126.4704896000,Y,N,,제주특별자치도 제주시청,064-728-3742,2024-07-25,I,2026-05-15 18:45:22,2024-09-04 21:39:29
6510000,202465100000601738,,제주특별자치도 제주시 기와4길,제주특별자치도,제주시,제주특별자치도 제주시 기와4길 25,제주특별자치도 제주시 영평동 2479-6,제주특별자치도 제주시 영평동 2479-6,원호형,원호형,8,360,500,일반,Y,33.4813539500,126.5601655000,Y,N,,제주특별자치도 제주시청,064-728-3742,2024-07-25,I,2026-05-15 18:45:22,2024-09-04 21:39:34
6510000,202465100000601126,,제주특별자치도 제주시 세송로,제주특별자치도,제주시,,제주특별자치도 제주시 구좌읍 송당리 1444,제주특별자치도 제주시 구좌읍 송당리 1444,원호형,원호형,10,360,500,일반,Y,33.4712077851,126.7891891611,Y,N,,제주특별자치도 제주시청,064-728-3742,2024-07-25,I,2026-05-15 18:45:22,2024-09-04 21:39:30
6510000,202465100000601780,,제주특별자치도 제주시 산천단동길,제주특별자치도,제주시,제주특별자치도 제주시 산천단동길 26,제주특별자치도 제주시 아라일동 368-20,제주특별자치도 제주시 아라일동 368-20,원호형,원호형,10,360,500,일반,Y,33.4466192800,126.5603373000,Y,N,,제주특별자치도 제주시청,064-728-3742,2024-07-25,I,2026-05-15 18:45:22,2024-09-04 21:39:35
6510000,202465100000601916,,제주특별자치도 제주시 한북로,제주특별자치도,제주시,제주특별자치도 제주시 한북로 176,제주특별자치도 제주시 오등동 455-4,제주특별자치도 제주시 오등동 455-4,원호형,원호형,10,360,500,일반,Y,33.4622526200,126.5341067000,Y,N,,제주특별자치도 제주시청,064-728-3742,2024-07-25,I,2026-05-15 18:45:22,2024-09-04 21:39:36
6510000,202465100000600924,,제주특별자치도 제주시 연대마을길,제주특별자치도,제주시,제주특별자치도 제주시 연대마을길 55,제주특별자치도 제주시 외도이동 1989-1,제주특별자치도 제주시 외도이동 1989-1,원호형,원호형,10,360,500,일반,Y,33.4941000400,126.4241953000,Y,N,,제주특별자치도 제주시청,064-728-3742,2024-07-25,I,2026-05-15 18:45:22,2024-09-04 21:39:29
6510000,202465100000600926,,제주특별자치도 제주시 연대마을길,제주특별자치도,제주시,제주특별자치도 제주시 연대마을길 65-1,제주특별자치도 제주시 외도이동 2005,제주특별자치도 제주시 외도이동 2005,원호형,원호형,10,360,500,일반,Y,33.4931946449,126.4239199239,Y,N,,제주특별자치도 제주시청,064-728-3742,2024-07-25,I,2026-05-15 18:45:22,2024-09-04 21:39:29
6510000,202465100000601537,,제주특별자치도 제주시 선사로2길,제주특별자치도,제주시,제주특별자치도 제주시 선사로2길 13,제주특별자치도 제주시 삼양일동 1660-5,제주특별자치도 제주시 삼양일동 1660-5,원호형,원호형,10,360,500,일반,Y,33.5235045800,126.5879995000,Y,N,,제주특별자치도 제주시청,064-728-3742,2024-07-25,I,2026-05-15 18:45:22,2024-09-04 21:39:33
6510000,202465100000601592,,제주특별자치도 제주시 지석4길,제주특별자치도,제주시,제주특별자치도 제주시 지석6길 8,제주특별자치도 제주시 삼양이동 2149-10,제주특별자치도 제주시 삼양이동 2149-10,원호형,원호형,10,360,500,일반,Y,33.5205567600,126.5808849000,Y,N,,제주특별자치도 제주시청,064-728-3742,2024-07-25,I,2026-05-15 18:45:22,2024-09-04 21:39:33
6510000,202465100000601437,,제주특별자치도 제주시 성신북길,제주특별자치도,제주시,제주특별자치도 제주시 성신로 33-4,제주특별자치도 제주시 연동 2301-6,제주특별자치도 제주시 연동 2301-6,원호형,원호형,10,360,500,일반,Y,33.4922126100,126.4835738000,Y,N,,제주특별자치도 제주시청,064-728-3742,2024-07-25,I,2026-05-15 18:45:22,2024-09-04 21:39:32
6510000,202465100000600127,,제주특별자치도 제주시 동백로,제주특별자치도,제주시,,제주특별자치도 제주시 조천읍 선흘리 881,제주특별자치도 제주시 조천읍 선흘리 881,원호형,원호형,10,360,500,일반,Y,33.5092319276,126.7115973848,Y,N,,제주특별자치도 제주시청,064-728-3742,2024-07-25,I,2026-05-15 18:45:22,2024-09-04 21:39:24
6510000,202465100000600777,,제주특별자치도 제주시 과원북2길,제주특별자치도,제주시,제주특별자치도 제주시 과원북2길 12,제주특별자치도 제주시 노형동 754,제주특별자치도 제주시 노형동 754,원호형,원호형,10,360,500,일반,Y,33.4786088600,126.4841412000,Y,N,,제주특별자치도 제주시청,064-728-3742,2024-07-25,I,2026-05-15 18:45:22,2024-09-04 21:39:28
6510000,202465100000601510,,제주특별자치도 제주시 삼무로7길,제주특별자치도,제주시,제주특별자치도 제주시 삼무로7길 24,제주특별자치도 제주시 연동 281-41,제주특별자치도 제주시 연동 281-41,원호형,원호형,10,360,500,일반,Y,33.4916490883,126.4932200004,Y,N,,제주특별자치도 제주시청,064-728-3742,2024-07-25,I,2026-05-15 18:45:22,2024-09-04 21:39:32
6510000,202465100000600870,,제주특별자치도 제주시 우령2길,제주특별자치도,제주시,제주특별자치도 제주시 우령2길 2,제주특별자치도 제주시 외도일동 499-13,제주특별자치도 제주시 외도일동 499-13,원호형,원호형,10,360,500,일반,Y,33.4890324600,126.4314149000,Y,N,,제주특별자치도 제주시청,064-728-3742,2024-07-25,I,2026-05-15 18:45:22,2024-09-04 21:39:28
6510000,202465100000601883,,제주특별자치도 제주시 인다4길,제주특별자치도,제주시,제주특별자치도 제주시 인다4길 31,제주특별자치도 제주시 아라일동 6155-10,제주특별자치도 제주시 아라일동 6155-10,원호형,원호형,10,360,500,일반,Y,33.4716712500,126.5489024000,Y,N,,제주특별자치도 제주시청,064-728-3742,2024-07-25,I,2026-05-15 18:45:22,2024-09-04 21:39:35
6510000,202465100000601668,,제주특별자치도 제주시 용한로,제주특별자치도,제주시,제주특별자치도 제주시 용한로 20,제주특별자치도 제주시 용담일동 308,제주특별자치도 제주시 용담일동 308,원호형,원호형,10,360,500,일반,Y,33.5106765100,126.5129062000,Y,N,,제주특별자치도 제주시청,064-728-3742,2024-07-25,I,2026-05-15 18:45:22,2024-09-04 21:39:34
6510000,202465100000601059,,제주특별자치도 제주시 대림로,제주특별자치도,제주시,,제주특별자치도 제주시 한림읍 대림리 1354-1,제주특별자치도 제주시 한림읍 대림리 1354-1,원호형,원호형,10,360,500,일반,Y,33.4240063545,126.2783480445,Y,N,,제주특별자치도 제주시청,064-728-3742,2024-07-25,I,2026-05-15 18:45:22,2024-09-04 21:39:29
6510000,202465100000601715,,제주특별자치도 제주시 구남로2길,제주특별자치도,제주시,제주특별자치도 제주시 구남로2길 49,제주특별자치도 제주시 이도이동 2024-4,제주특별자치도 제주시 이도이동 2024-4,원호형,원호형,10,360,500,일반,Y,33.4859929900,126.5359775000,Y,N,,제주특별자치도 제주시청,064-728-3742,2024-07-25,I,2026-05-15 18:45:22,2024-09-04 21:39:34
6510000,202465100000601973,,제주특별자치도 제주시 사평4길,제주특별자치도,제주시,,제주특별자치도 제주시 오라이동 1338-2,제주특별자치도 제주시 오라이동 1338-2,원호형,원호형,10,360,500,일반,Y,33.4905501911,126.5121597728,Y,N,,제주특별자치도 제주시청,064-728-3742,2024-07-25,I,2026-05-15 18:45:22,2024-09-04 21:39:36
6510000,202465100000601503,,제주특별자치도 제주시 신대로7길,제주특별자치도,제주시,제주특별자치도 제주시 신대로7길 20,제주특별자치도 제주시 연동 311-15,제주특별자치도 제주시 연동 311-15,원호형,원호형,10,360,500,일반,Y,33.4916543800,126.4985999000,Y,N,,제주특별자치도 제주시청,064-728-3742,2024-07-25,I,2026-05-15 18:45:22,2024-09-04 21:39:32
6510000,202465100000601450,,제주특별자치도 제주시 선덕로6길,제주특별자치도,제주시,제주특별자치도 제주시 선덕로6길 3,제주특별자치도 제주시 연동 324-33,제주특별자치도 제주시 연동 324-33,원호형,원호형,10,360,500,일반,Y,33.4852086600,126.4999473000,Y,N,,제주특별자치도 제주시청,064-728-3742,2024-07-25,I,2026-05-15 18:45:22,2024-09-04 21:39:32
6510000,202465100000601523,,제주특별자치도 제주시 서흘길,제주특별자치도,제주시,제주특별자치도 제주시 서흘길 13,제주특별자치도 제주시 삼양일동 1625,제주특별자치도 제주시 삼양일동 1625,원호형,원호형,10,360,500,일반,Y,33.5270647600,126.5881273000,Y,N,,제주특별자치도 제주시청,064-728-3742,2024-07-25,I,2026-05-15 18:45:22,2024-09-04 21:39:33
6510000,202465100000600269,,제주특별자치도 제주시 서사로 17길,제주특별자치도,제주시,제주특별자치도 제주시 서사로17길 21,제주특별자치도 제주시 삼도일동 546-30,제주특별자치도 제주시 삼도일동 546-30,원호형,가상형,0,360,500,일반,Y,33.5020688800,126.5221533000,Y,N,,제주특별자치도 제주시청,064-728-3742,2024-07-25,I,2026-05-15 18:45:22,2024-09-04 21:39:25
6510000,202465100000600199,,제주특별자치도 제주시 선흘서4길,제주특별자치도,제주시,,제주특별자치도 제주시 조천읍 선흘리 3228-11,제주특별자치도 제주시 조천읍 선흘리 3228-11,원호형,원호형,10,360,500,일반,Y,33.5088153267,126.6927979778,Y,N,,제주특별자치도 제주시청,064-728-3742,2024-07-25,I,2026-05-15 18:45:22,2024-09-04 21:39:25
6510000,202465100000601034,,제주특별자치도 제주시 다호북길,제주특별자치도,제주시,,제주특별자치도 제주시 도두일동 2191,제주특별자치도 제주시 도두일동 2191,원호형,원호형,8,360,500,일반,Y,33.4975694309,126.4698788203,Y,N,,제주특별자치도 제주시청,064-728-3742,2024-07-25,I,2026-05-15 18:45:22,2024-09-04 21:39:29
6510000,202465100000601679,,제주특별자치도 제주시 전농로,제주특별자치도,제주시,제주특별자치도 제주시 전농로 6-1,제주특별자치도 제주시 용담일동 2815-14,제주특별자치도 제주시 용담일동 2815-14,원호형,원호형,10,360,500,일반,Y,33.5043489747,126.5138263129,Y,N,,제주특별자치도 제주시청,064-728-3742,2024-07-25,I,2026-05-15 18:45:22,2024-09-04 21:39:34
6510000,202465100000601336,,제주특별자치도 제주시 독짓골8길,제주특별자치도,제주시,제주특별자치도 제주시 독짓골8길 53-9,제주특별자치도 제주시 이도이동 1909-66,제주특별자치도 제주시 이도이동 1909-66,원호형,원호형,10,360,500,일반,Y,33.4892806100,126.5317931000,Y,N,,제주특별자치도 제주시청,064-728-3742,2024-07-25,I,2026-05-15 18:45:22,2024-09-04 21:39:31
6510000,202465100000600152,,제주특별자치도 제주시 중산간동로,제주특별자치도,제주시,제주특별자치도 제주시 조천읍 중산간동로 945,제주특별자치도 제주시 조천읍 와산리 965-1,제주특별자치도 제주시 조천읍 와산리 965-1,원호형,원호형,10,360,500,일반,Y,33.4913933935,126.6820332781,Y,N,,제주특별자치도 제주시청,064-728-3742,2024-07-25,I,2026-05-15 18:45:22,2024-09-04 21:39:24
6510000,202465100000601186,,제주특별자치도 제주시 동문로20길,제주특별자치도,제주시,제주특별자치도 제주시 동문로20길 3,제주특별자치도 제주시 일도이동 981-22,제주특별자치도 제주시 일도이동 981-22,원호형,원호형,8,360,500,일반,Y,33.5135107200,126.5366121000,Y,N,,제주특별자치도 제주시청,064-728-3742,2024-07-25,I,2026-05-15 18:45:22,2024-09-04 21:39:30
6510000,202465100000601364,,제주특별자치도 제주시 연화중길,제주특별자치도,제주시,제주특별자치도 제주시 연화중길 18,제주특별자치도 제주시 연동 1527-6,제주특별자치도 제주시 연동 1527-6,원호형,원호형,10,360,500,일반,Y,33.4773030058,126.4885815586,Y,N,,제주특별자치도 제주시청,064-728-3742,2024-07-25,I,2026-05-15 18:45:22,2024-09-04 21:39:32
6510000,202465100000601312,,제주특별자치도 제주시 정든로1길,제주특별자치도,제주시,제주특별자치도 제주시 정든로1길 10,제주특별자치도 제주시 이도이동 394,제주특별자치도 제주시 이도이동 394,원호형,원호형,10,360,500,일반,Y,33.4985971900,126.5408676000,Y,N,,제주특별자치도 제주시청,064-728-3742,2024-07-25,I,2026-05-15 18:45:22,2024-09-04 21:39:31
6510000,202465100000601457,,제주특별자치도 제주시 신대로19길,제주특별자치도,제주시,제주특별자치도 제주시 신대로19길 29,제주특별자치도 제주시 연동 315-12,제주특별자치도 제주시 연동 315-12,원호형,가상형,0,360,500,일반,Y,33.4837002713,126.4993377579,Y,N,,제주특별자치도 제주시청,064-728-3742,2024-07-25,I,2026-05-15 18:45:22,2024-09-04 21:39:32
6510000,202465100000600508,,제주특별자치도 제주시 진동로5길,제주특별자치도,제주시,제주특별자치도 제주시 진동로5길 9,제주특별자치도 제주시 화북일동 1953-11,제주특별자치도 제주시 화북일동 1953-11,원호형,원호형,10,360,500,일반,Y,33.5212190700,126.5641382000,Y,N,,제주특별자치도 제주시청,064-728-3742,2024-07-25,I,2026-05-15 18:45:22,2024-09-04 21:39:26
6510000,202465100000600968,,제주특별자치도 제주시 백포동길,제주특별자치도,제주시,,제주특별자치도 제주시 이호일동 335-4,제주특별자치도 제주시 이호일동 335-4,원호형,원호형,8,360,500,일반,Y,33.5025700551,126.4606757636,Y,N,,제주특별자치도 제주시청,064-728-3742,2024-07-25,I,2026-05-15 18:45:22,2024-09-04 21:39:29
6510000,202465100000601651,,제주특별자치도 제주시 매촌서2길,제주특별자치도,제주시,,제주특별자치도 제주시 도련이동 574-1,제주특별자치도 제주시 도련이동 574-1,원호형,원호형,10,360,500,일반,Y,33.5143770418,126.5903585408,Y,N,,제주특별자치도 제주시청,064-728-3742,2024-07-25,I,2026-05-15 18:45:22,2024-09-04 21:39:34
6510000,202465100000601003,,제주특별자치도 제주시 도공로,제주특별자치도,제주시,제주특별자치도 제주시 도공로 46,제주특별자치도 제주시 도두일동 2525-3,제주특별자치도 제주시 도두일동 2525-3,원호형,원호형,10,360,500,일반,Y,33.5025077854,126.4662583951,Y,N,,제주특별자치도 제주시청,064-728-3742,2024-07-25,I,2026-05-15 18:45:22,2024-09-04 21:39:29
6510000,202465100000601104,,제주특별자치도 제주시 한림로,제주특별자치도,제주시,,제주특별자치도 제주시 한림읍 금능리 1776-2,제주특별자치도 제주시 한림읍 금능리 1776-2,원호형,원호형,10,360,500,일반,Y,33.3857368155,126.2236246642,Y,N,,제주특별자치도 제주시청,064-728-3742,2024-07-25,I,2026-05-15 18:45:22,2024-09-04 21:39:30
6510000,202465100000601115,,제주특별자치도 제주시 금능남로,제주특별자치도,제주시,,제주특별자치도 제주시 한림읍 금능리 485-3,제주특별자치도 제주시 한림읍 금능리 485-3,원호형,원호형,10,360,500,일반,Y,33.3626172807,126.2470192531,Y,N,,제주특별자치도 제주시청,064-728-3742,2024-07-25,I,2026-05-15 18:45:22,2024-09-04 21:39:30
6510000,202465100000600606,,제주특별자치도 제주시 아봉로,제주특별자치도,제주시,제주특별자치도 제주시 아봉로 742,제주특별자치도 제주시 봉개동 2399-6,제주특별자치도 제주시 봉개동 2399-6,원호형,원호형,10,360,500,일반,Y,33.4896732900,126.5905404000,Y,N,,제주특별자치도 제주시청,064-728-3742,2024-07-25,I,2026-05-15 18:45:22,2024-09-04 21:39:27
6510000,202465100000601161,,제주특별자치도 제주시 해맞이해안로,제주특별자치도,제주시,,제주특별자치도 제주시 구좌읍 평대리 1994-6,제주특별자치도 제주시 구좌읍 평대리 1994-6,원호형,원호형,10,360,500,일반,Y,33.5329308370,126.8407630616,Y,N,,제주특별자치도 제주시청,064-728-3742,2024-07-25,I,2026-05-15 18:45:22,2024-09-04 21:39:30
6510000,202465100000600622,,제주특별자치도 제주시 명림로,제주특별자치도,제주시,,제주특별자치도 제주시 회천동 산 6-70,제주특별자치도 제주시 회천동 산 6-70,원호형,가상형,0,360,500,일반,Y,33.4391436621,126.6319005185,Y,N,,제주특별자치도 제주시청,064-728-3742,2024-07-25,I,2026-05-15 18:45:22,2024-09-04 21:39:27
6510000,202465100000600658,,제주특별자치도 제주시 월산북길,제주특별자치도,제주시,제주특별자치도 제주시 월산북길 52,제주특별자치도 제주시 노형동 3563-1,제주특별자치도 제주시 노형동 3563-1,원호형,원호형,10,360,500,일반,Y,33.4754268615,126.4610639007,Y,N,,제주특별자치도 제주시청,064-728-3742,2024-07-25,I,2026-05-15 18:45:22,2024-09-04 21:39:27
6510000,202465100000600363,,제주특별자치도 제주시 다호길,제주특별자치도,제주시,제주특별자치도 제주시 다호길 131,제주특별자치도 제주시 용담이동 1960-1,제주특별자치도 제주시 용담이동 1960-1,원호형,가상형,0,360,500,일반,Y,33.5032442600,126.4933287000,Y,N,,제주특별자치도 제주시청,064-728-3742,2024-07-25,I,2026-05-15 18:45:22,2024-09-04 21:39:25
6510000,202465100000601808,,제주특별자치도 제주시 아봉로,제주특별자치도,제주시,제주특별자치도 제주시 아봉로 363-1,제주특별자치도 제주시 월평동 984-1,제주특별자치도 제주시 월평동 984-1,원호형,원호형,10,380,500,일반,Y,33.4702304800,126.5743677000,Y,N,,제주특별자치도 제주시청,064-728-3742,2024-07-25,I,2026-05-15 18:45:22,2024-09-04 21:39:35
6510000,202465100000600255,,제주특별자치도 제주시 홍랑길,제주특별자치도,제주시,제주특별자치도 제주시 서광로25길 19,제주특별자치도 제주시 삼도일동 557,제주특별자치도 제주시 삼도일동 557,원호형,원호형,10,360,500,일반,Y,33.5009669800,126.5232146000,Y,N,,제주특별자치도 제주시청,064-728-3742,2024-07-25,I,2026-05-15 18:45:22,2024-09-04 21:39:25
6510000,202465100000601673,,제주특별자치도 제주시 서문로6길,제주특별자치도,제주시,제주특별자치도 제주시 서문로6길 5-1,제주특별자치도 제주시 용담일동 157-2,제주특별자치도 제주시 용담일동 157-2,원호형,원호형,10,360,500,일반,Y,33.5115110500,126.5184935000,Y,N,,제주특별자치도 제주시청,064-728-3742,2024-07-25,I,2026-05-15 18:45:22,2024-09-04 21:39:34
6510000,202465100000601934,,제주특별자치도 제주시 아연로,제주특별자치도,제주시,제주특별자치도 제주시 아연로 180,제주특별자치도 제주시 오라이동 700-1,제주특별자치도 제주시 오라이동 700-1,원호형,원호형,10,360,500,일반,Y,33.4703244141,126.5090336872,Y,N,,제주특별자치도 제주시청,064-728-3742,2024-07-25,I,2026-05-15 18:45:22,2024-09-04 21:39:36
6510000,202465100000602026,,제주특별자치도 제주시 사라봉길,제주특별자치도,제주시,,제주특별자치도 제주시 건입동 766-5,제주특별자치도 제주시 건입동 766-5,원호형,원호형,10,360,500,일반,Y,33.5157549273,126.5417984463,Y,N,,제주특별자치도 제주시청,064-728-3742,2024-07-25,I,2026-05-15 18:45:22,2024-09-04 21:39:36
6510000,202465100000601821,,제주특별자치도 제주시 아봉로,제주특별자치도,제주시,제주특별자치도 제주시 아봉로 98-12,제주특별자치도 제주시 아라이동 907-3,제주특별자치도 제주시 아라이동 907-3,원호형,원호형,8,350,500,일반,Y,33.4779241400,126.5535724000,Y,N,,제주특별자치도 제주시청,064-728-3742,2024-07-25,I,2026-05-15 18:45:22,2024-09-04 21:39:35
6510000,202465100000600785,,제주특별자치도 제주시 원노형남11길,제주특별자치도,제주시,제주특별자치도 제주시 원노형10길 20,제주특별자치도 제주시 노형동 943,제주특별자치도 제주시 노형동 943,원호형,원호형,10,360,500,일반,Y,33.4846139592,126.4858422453,Y,N,,제주특별자치도 제주시청,064-728-3742,2024-07-25,I,2026-05-15 18:45:22,2024-09-04 21:39:28
6510000,202465100000601750,,제주특별자치도 제주시 대원북길,제주특별자치도,제주시,제주특별자치도 제주시 대원북길 9,제주특별자치도 제주시 아라일동 2755-2,제주특별자치도 제주시 아라일동 2755-2,원호형,원호형,10,390,500,일반,Y,33.4761498300,126.5331220000,Y,N,,제주특별자치도 제주시청,064-728-3742,2024-07-25,I,2026-05-15 18:45:22,2024-09-04 21:39:34
6510000,202465100000600584,,제주특별자치도 제주시 동화로1길,제주특별자치도,제주시,제주특별자치도 제주시 동화로1길 44,제주특별자치도 제주시 화북일동 12-2,제주특별자치도 제주시 화북일동 12-2,원호형,원호형,10,360,500,일반,Y,33.5185292700,126.5757482000,Y,N,,제주특별자치도 제주시청,064-728-3742,2024-07-25,I,2026-05-15 18:45:22,2024-09-04 21:39:27
6510000,202465100000601925,,제주특별자치도 제주시 오등13길,제주특별자치도,제주시,제주특별자치도 제주시 오등13길 56,제주특별자치도 제주시 오등동 596-5,제주특별자치도 제주시 오등동 596-5,원호형,원호형,10,340,500,일반,Y,33.4764611300,126.5297994000,Y,N,,제주특별자치도 제주시청,064-728-3742,2024-07-25,I,2026-05-15 18:45:22,2024-09-04 21:39:36
6510000,202465100000600815,,제주특별자치도 제주시 도평길,제주특별자치도,제주시,제주특별자치도 제주시 도평길 49,제주특별자치도 제주시 도평동 916-1,제주특별자치도 제주시 도평동 916-1,원호형,원호형,10,360,500,일반,Y,33.4782915300,126.4493814000,Y,N,,제주특별자치도 제주시청,064-728-3742,2024-07-25,I,2026-05-15 18:45:22,2024-09-04 21:39:28
6510000,202465100000601849,,제주특별자치도 제주시 능산길,제주특별자치도,제주시,,제주특별자치도 제주시 영평동 2449-2,제주특별자치도 제주시 영평동 2449-2,원호형,가상형,0,360,500,일반,Y,33.4785889054,126.5626931099,Y,N,,제주특별자치도 제주시청,064-728-3742,2024-07-25,I,2026-05-15 18:45:22,2024-09-04 21:39:35
6510000,202465100000601767,,제주특별자치도 제주시 산천단남길,제주특별자치도,제주시,제주특별자치도 제주시 산천단남길 34,제주특별자치도 제주시 아라일동 362-51,제주특별자치도 제주시 아라일동 362-51,원호형,원호형,10,360,500,일반,Y,33.4462795768,126.5614890691,Y,N,,제주특별자치도 제주시청,064-728-3742,2024-07-25,I,2026-05-15 18:45:22,2024-09-04 21:39:34
6510000,202465100000600306,,제주특별자치도 제주시 탑동로15길,제주특별자치도,제주시,제주특별자치도 제주시 탑동로15길 34,제주특별자치도 제주시 삼도이동 1176-10,제주특별자치도 제주시 삼도이동 1176-10,원호형,가상형,0,360,500,일반,Y,33.5161039309,126.5203077879,Y,N,,제주특별자치도 제주시청,064-728-3742,2024-07-25,I,2026-05-15 18:45:22,2024-09-04 21:39:25
6510000,202465100000602003,,제주특별자치도 제주시 동성길,제주특별자치도,제주시,,제주특별자치도 제주시 오라삼동 2401-39,제주특별자치도 제주시 오라삼동 2401-39,원호형,원호형,10,360,500,일반,Y,33.4990680701,126.5104148998,Y,N,,제주특별자치도 제주시청,064-728-3742,2024-07-25,I,2026-05-15 18:45:22,2024-09-04 21:39:36
6510000,202465100000602013,,제주특별자치도 제주시 공설로11길,제주특별자치도,제주시,제주특별자치도 제주시 공설로11길 2,제주특별자치도 제주시 오라일동 2448-4,제주특별자치도 제주시 오라일동 2448-4,원호형,원호형,10,360,500,일반,Y,33.4978788400,126.5189430000,Y,N,,제주특별자치도 제주시청,064-728-3742,2024-07-25,I,2026-05-15 18:45:22,2024-09-04 21:39:36
6510000,202465100000601325,,제주특별자치도 제주시 남광로,제주특별자치도,제주시,제주특별자치도 제주시 남광로 36,제주특별자치도 제주시 이도이동 1972-9,제주특별자치도 제주시 이도이동 1972-9,원호형,원호형,10,360,500,일반,Y,33.4939747700,126.5397155000,Y,N,,제주특별자치도 제주시청,064-728-3742,2024-07-25,I,2026-05-15 18:45:22,2024-09-04 21:39:31
6510000,202465100000600797,,제주특별자치도 제주시 노형1길,제주특별자치도,제주시,,제주특별자치도 제주시 노형동 3819,제주특별자치도 제주시 노형동 3819,원호형,원호형,10,360,500,일반,Y,33.4802276653,126.4758243433,Y,N,,제주특별자치도 제주시청,064-728-3742,2024-07-25,I,2026-05-15 18:45:22,2024-09-04 21:39:28
6510000,202465100000600237,,제주특별자치도 제주시 서광로 18길,제주특별자치도,제주시,제주특별자치도 제주시 서광로18길 18,제주특별자치도 제주시 삼도일동 571-7,제주특별자치도 제주시 삼도일동 571-7,원호형,원호형,10,360,500,일반,Y,33.4983383319,126.5203490829,Y,N,,제주특별자치도 제주시청,064-728-3742,2024-07-25,I,2026-05-15 18:45:22,2024-09-04 21:39:25
6510000,202465100000601141,,제주특별자치도 제주시 월행남길,제주특별자치도,제주시,,제주특별자치도 제주시 구좌읍 월정리 990-14,제주특별자치도 제주시 구좌읍 월정리 990-14,원호형,원호형,10,360,500,일반,Y,33.5500511482,126.7909167913,Y,N,,제주특별자치도 제주시청,064-728-3742,2024-07-25,I,2026-05-15 18:45:22,2024-09-04 21:39:30
6510000,202465100000600004,,제주특별자치도 제주시 하귀로,제주특별자치도,제주시,제주특별자치도 제주시 애월읍 하귀로 45,제주특별자치도 제주시 애월읍 하귀2리 1876-1,제주특별자치도 제주시 애월읍 하귀2리 1876-1,원호형,원호형,10,360,500,일반,Y,33.4803902359,126.4021309941,Y,N,,제주특별자치도 제주시청,064-728-3742,2024-07-25,I,2026-05-15 18:45:22,2024-09-04 21:39:24
6510000,202465100000600371,,제주특별자치도 제주시 어영길,제주특별자치도,제주시,,제주특별자치도 제주시 용담삼동 1221,제주특별자치도 제주시 용담삼동 1221,원호형,원호형,8,360,500,일반,Y,33.5173242849,126.4993085874,Y,N,,제주특별자치도 제주시청,064-728-3742,2024-07-25,I,2026-05-15 18:45:22,2024-09-04 21:39:25
6510000,202465100000601097,,제주특별자치도 제주시 협재4길,제주특별자치도,제주시,제주특별자치도 제주시 한림읍 협재4길 1-1,제주특별자치도 제주시 한림읍 협재리 2436-2,제주특별자치도 제주시 한림읍 협재리 2436-2,원호형,원호형,10,360,500,일반,Y,33.3946344200,126.2414423000,Y,N,,제주특별자치도 제주시청,064-728-3742,2024-07-25,I,2026-05-15 18:45:22,2024-09-04 21:39:30
6510000,202465100000601094,,제주특별자치도 제주시 한림로,제주특별자치도,제주시,제주특별자치도 제주시 한림읍 한림로 416,제주특별자치도 제주시 한림읍 협재리 1495,제주특별자치도 제주시 한림읍 협재리 1495,원호형,원호형,10,360,500,일반,Y,33.3986159400,126.2463124000,Y,N,,제주특별자치도 제주시청,064-728-3742,2024-07-25,I,2026-05-15 18:45:22,2024-09-04 21:39:30
6510000,202465100000601620,,제주특별자치도 제주시 도련길,제주특별자치도,제주시,,제주특별자치도 제주시 도련일동 2293-2,제주특별자치도 제주시 도련일동 2293-2,원호형,원호형,10,360,500,일반,Y,33.5084728513,126.5844866882,Y,N,,제주특별자치도 제주시청,064-728-3742,2024-07-25,I,2026-05-15 18:45:22,2024-09-04 21:39:33
6510000,202465100000600775,,제주특별자치도 제주시 원노형길,제주특별자치도,제주시,제주특별자치도 제주시 원노형로 90,제주특별자치도 제주시 노형동 731-1,제주특별자치도 제주시 노형동 731-1,원호형,원호형,10,360,500,일반,Y,33.4804338200,126.4835023000,Y,N,,제주특별자치도 제주시청,064-728-3742,2024-07-25,I,2026-05-15 18:45:22,2024-09-04 21:39:28
6510000,202465100000600578,,제주특별자치도 제주시 동화로1길,제주특별자치도,제주시,제주특별자치도 제주시 동화로1길 49-13,제주특별자치도 제주시 화북일동 16-7,제주특별자치도 제주시 화북일동 16-7,원호형,원호형,10,360,500,일반,Y,33.5182119400,126.5777098000,Y,N,,제주특별자치도 제주시청,064-728-3742,2024-07-25,I,2026-05-15 18:45:22,2024-09-04 21:39:27
6510000,202465100000601532,,제주특별자치도 제주시 선사로6길,제주특별자치도,제주시,,제주특별자치도 제주시 삼양일동 1579-12,제주특별자치도 제주시 삼양일동 1579-12,원호형,원호형,10,360,500,일반,Y,33.5290423884,126.5930885020,Y,N,,제주특별자치도 제주시청,064-728-3742,2024-07-25,I,2026-05-15 18:45:22,2024-09-04 21:39:33
6510000,202465100000600846,,제주특별자치도 제주시 신산마을길,제주특별자치도,제주시,,제주특별자치도 제주시 도평동 573-1,제주특별자치도 제주시 도평동 573-1,원호형,원호형,10,360,500,일반,Y,33.4889166912,126.4510407119,Y,N,,제주특별자치도 제주시청,064-728-3742,2024-07-25,I,2026-05-15 18:45:22,2024-09-04 21:39:28
6510000,202465100000600633,,제주특별자치도 제주시 1100로,제주특별자치도,제주시,,제주특별자치도 제주시 노형동 291,제주특별자치도 제주시 노형동 291,원호형,원호형,10,360,500,일반,Y,33.4492903215,126.4878615719,Y,N,,제주특별자치도 제주시청,064-728-3742,2024-07-25,I,2026-05-15 18:45:22,2024-09-04 21:39:27
6510000,202465100000600859,,제주특별자치도 제주시 대통길,제주특별자치도,제주시,제주특별자치도 제주시 대통길 78,제주특별자치도 제주시 내도동 152-6,제주특별자치도 제주시 내도동 152-6,원호형,원호형,10,360,500,일반,Y,33.4869020300,126.4447033000,Y,N,,제주특별자치도 제주시청,064-728-3742,2024-07-25,I,2026-05-15 18:45:22,2024-09-04 21:39:28
6510000,202465100000601846,,제주특별자치도 제주시 영평길,제주특별자치도,제주시,제주특별자치도 제주시 영평길 218,제주특별자치도 제주시 영평동 792-1,제주특별자치도 제주시 영평동 792-1,원호형,원호형,10,430,500,일반,Y,33.4821720900,126.5705103000,Y,N,,제주특별자치도 제주시청,064-728-3742,2024-07-25,I,2026-05-15 18:45:22,2024-09-04 21:39:35
6510000,202465100000600321,,제주특별자치도 제주시 관덕로7길,제주특별자치도,제주시,제주특별자치도 제주시 관덕로 25,제주특별자치도 제주시 삼도이동 1045-1,제주특별자치도 제주시 삼도이동 1045-1,원호형,원호형,8,360,500,일반,Y,33.5140017100,126.5218039000,Y,N,,제주특별자치도 제주시청,064-728-3742,2024-07-25,I,2026-05-15 18:45:22,2024-09-04 21:39:25
6510000,202465100000600805,,제주특별자치도 제주시 진군중길,제주특별자치도,제주시,제주특별자치도 제주시 진군중길 1,제주특별자치도 제주시 노형동 748,제주특별자치도 제주시 노형동 748,원호형,원호형,10,360,500,일반,Y,33.4786445800,126.4796364000,Y,N,,제주특별자치도 제주시청,064-728-3742,2024-07-25,I,2026-05-15 18:45:22,2024-09-04 21:39:28
6510000,202465100000600497,,제주특별자치도 제주시 진남로,제주특별자치도,제주시,제주특별자치도 제주시 진남로 56,제주특별자치도 제주시 화북일동 1936-6,제주특별자치도 제주시 화북일동 1936-6,원호형,원호형,10,360,500,일반,Y,33.5234342942,126.5660689530,Y,N,,제주특별자치도 제주시청,064-728-3742,2024-07-25,I,2026-05-15 18:45:22,2024-09-04 21:39:26
6510000,202465100000601382,,제주특별자치도 제주시 신광로10길,제주특별자치도,제주시,제주특별자치도 제주시 신광로10길 29,제주특별자치도 제주시 연동 256,제주특별자치도 제주시 연동 256,원호형,원호형,8,360,500,일반,Y,33.4837857100,126.4867670000,Y,N,,제주특별자치도 제주시청,064-728-3742,2024-07-25,I,2026-05-15 18:45:22,2024-09-04 21:39:32
6510000,202465100000600351,,제주특별자치도 제주시 전농로,제주특별자치도,제주시,제주특별자치도 제주시 전농로 87,제주특별자치도 제주시 삼도이동 300-53,제주특별자치도 제주시 삼도이동 300-53,원호형,원호형,10,360,500,일반,Y,33.5045215150,126.5225137751,Y,N,,제주특별자치도 제주시청,064-728-3742,2024-07-25,I,2026-05-15 18:45:22,2024-09-04 21:39:25
6510000,202465100000601239,,제주특별자치도 제주시 고마로17길,제주특별자치도,제주시,제주특별자치도 제주시 고마로17길 42,제주특별자치도 제주시 일도이동 402-24,제주특별자치도 제주시 일도이동 402-24,원호형,원호형,8,360,500,일반,Y,33.5077011800,126.5445018000,Y,N,,제주특별자치도 제주시청,064-728-3742,2024-07-25,I,2026-05-15 18:45:22,2024-09-04 21:39:31
6510000,202465100000601128,,제주특별자치도 제주시 세송로,제주특별자치도,제주시,,제주특별자치도 제주시 구좌읍 상도리 산 316-2,제주특별자치도 제주시 구좌읍 상도리 산 316-2,원호형,원호형,10,360,500,일반,Y,33.4783140230,126.8449856456,Y,N,,제주특별자치도 제주시청,064-728-3742,2024-07-25,I,2026-05-15 18:45:22,2024-09-04 21:39:30
6510000,202465100000600667,,제주특별자치도 제주시 월산남길,제주특별자치도,제주시,제주특별자치도 제주시 월산남길 72,제주특별자치도 제주시 노형동 3416,제주특별자치도 제주시 노형동 3416,원호형,원호형,10,360,500,일반,Y,33.4682967900,126.4679510000,Y,N,,제주특별자치도 제주시청,064-728-3742,2024-07-25,I,2026-05-15 18:45:22,2024-09-04 21:39:27
6510000,202465100000601448,,제주특별자치도 제주시 선덕로6길,제주특별자치도,제주시,제주특별자치도 제주시 선덕로6길 14,제주특별자치도 제주시 연동 314-77,제주특별자치도 제주시 연동 314-77,원호형,원호형,10,360,500,일반,Y,33.4843686100,126.4995801000,Y,N,,제주특별자치도 제주시청,064-728-3742,2024-07-25,I,2026-05-15 18:45:22,2024-09-04 21:39:32
6510000,202465100000601355,,제주특별자치도 제주시 연화로3길,제주특별자치도,제주시,제주특별자치도 제주시 연화로3길 14,제주특별자치도 제주시 연동 1535-1,제주특별자치도 제주시 연동 1535-1,원호형,가상형,0,360,500,일반,Y,33.4769100700,126.4889703000,Y,N,,제주특별자치도 제주시청,064-728-3742,2024-07-25,I,2026-05-15 18:45:22,2024-09-04 21:39:31
6510000,202465100000600705,,제주특별자치도 제주시 수덕9길,제주특별자치도,제주시,제주특별자치도 제주시 수덕9길 65,제주특별자치도 제주시 노형동 2526-1,제주특별자치도 제주시 노형동 2526-1,원호형,원호형,10,360,500,일반,Y,33.4840444103,126.4719234604,Y,N,,제주특별자치도 제주시청,064-728-3742,2024-07-25,I,2026-05-15 18:45:22,2024-09-04 21:39:27
6510000,202465100000601617,,제주특별자치도 제주시 도련안길,제주특별자치도,제주시,제주특별자치도 제주시 도련안길 46,제주특별자치도 제주시 도련일동 2254-1,제주특별자치도 제주시 도련일동 2254-1,원호형,원호형,10,360,500,일반,Y,33.5090268000,126.5845411000,Y,N,,제주특별자치도 제주시청,064-728-3742,2024-07-25,I,2026-05-15 18:45:22,2024-09-04 21:39:33
6510000,202465100000601225,,제주특별자치도 제주시 고마로,제주특별자치도,제주시,제주특별자치도 제주시 고마로 110,제주특별자치도 제주시 일도이동 392-10,제주특별자치도 제주시 일도이동 392-10,원호형,가상형,0,360,500,일반,Y,33.5045791189,126.5412434536,Y,N,,제주특별자치도 제주시청,064-728-3742,2024-07-25,I,2026-05-15 18:45:22,2024-09-04 21:39:31
6510000,202465100000600115,,제주특별자치도 제주시 북흘로,제주특별자치도,제주시,,제주특별자치도 제주시 조천읍 북촌리 147,제주특별자치도 제주시 조천읍 북촌리 147,원호형,원호형,10,360,500,일반,Y,33.5398065353,126.6999835278,Y,N,,제주특별자치도 제주시청,064-728-3742,2024-07-25,I,2026-05-15 18:45:22,2024-09-04 21:39:24
6510000,202465100000601937,,제주특별자치도 제주시 아연로,제주특별자치도,제주시,,제주특별자치도 제주시 오라이동 795-3,제주특별자치도 제주시 오라이동 795-3,원호형,원호형,10,360,500,일반,Y,33.4726597047,126.5059775862,Y,N,,제주특별자치도 제주시청,064-728-3742,2024-07-25,I,2026-05-15 18:45:22,2024-09-04 21:39:36
6510000,202465100000600421,,제주특별자치도 제주시 성화로6길,제주특별자치도,제주시,제주특별자치도 제주시 성화로6길 54,제주특별자치도 제주시 용담이동 620-1,제주특별자치도 제주시 용담이동 620-1,원호형,원호형,8,360,500,일반,Y,33.5113068600,126.5110651000,Y,N,,제주특별자치도 제주시청,064-728-3742,2024-07-25,I,2026-05-15 18:45:22,2024-09-04 21:39:26
6510000,202465100000601564,,제주특별자치도 제주시 설촌로8길,제주특별자치도,제주시,제주특별자치도 제주시 지석13길 29,제주특별자치도 제주시 삼양이동 2103-20,제주특별자치도 제주시 삼양이동 2103-20,원호형,원호형,10,360,500,일반,Y,33.5235690300,126.5843513000,Y,N,,제주특별자치도 제주시청,064-728-3742,2024-07-25,I,2026-05-15 18:45:22,2024-09-04 21:39:33
6510000,202465100000600838,,제주특별자치도 제주시 우평로,제주특별자치도,제주시,,제주특별자치도 제주시 도평동 781-4,제주특별자치도 제주시 도평동 781-4,원호형,원호형,10,360,500,일반,Y,33.4797256156,126.4514642374,Y,N,,제주특별자치도 제주시청,064-728-3742,2024-07-25,I,2026-05-15 18:45:22,2024-09-04 21:39:28
6510000,202465100000600207,,제주특별자치도 제주시 중앙로 13길,제주특별자치도,제주시,제주특별자치도 제주시 동문로6길 7,제주특별자치도 제주시 일도일동 1139-2,제주특별자치도 제주시 일도일동 1139-2,원호형,원호형,10,360,500,일반,Y,33.5122883300,126.5289825331,Y,N,,제주특별자치도 제주시청,064-728-3742,2024-07-25,I,2026-05-15 18:45:22,2024-09-04 21:39:25
6510000,202465100000600277,,제주특별자치도 제주시 서사로 18길,제주특별자치도,제주시,제주특별자치도 제주시 서사로18길 5,제주특별자치도 제주시 삼도일동 523-4,제주특별자치도 제주시 삼도일동 523-4,원호형,가상형,0,360,500,일반,Y,33.5019222600,126.5190715000,Y,N,,제주특별자치도 제주시청,064-728-3742,2024-07-25,I,2026-05-15 18:45:22,2024-09-04 21:39:25
6510000,202465100000601581,,제주특별자치도 제주시 지석11길,제주특별자치도,제주시,제주특별자치도 제주시 지석11길 4,제주특별자치도 제주시 삼양이동 2135-12,제주특별자치도 제주시 삼양이동 2135-12,원호형,원호형,10,360,500,일반,Y,33.5215152200,126.5844096000,Y,N,,제주특별자치도 제주시청,064-728-3742,2024-07-25,I,2026-05-15 18:45:22,2024-09-04 21:39:33
6510000,202465100000601086,,제주특별자치도 제주시 한림해안로,제주특별자치도,제주시,제주특별자치도 제주시 한림읍 한림해안로 204,제주특별자치도 제주시 한림읍 한수리 906-14,제주특별자치도 제주시 한림읍 한수리 906-14,원호형,원호형,10,360,500,일반,Y,33.4202712967,126.2623550159,Y,N,,제주특별자치도 제주시청,064-728-3742,2024-07-25,I,2026-05-15 18:45:22,2024-09-04 21:39:30
6510000,202465100000601148,,제주특별자치도 제주시 김녕로,제주특별자치도,제주시,제주특별자치도 제주시 구좌읍 김녕로 103,제주특별자치도 제주시 구좌읍 김녕리 1633,제주특별자치도 제주시 구좌읍 김녕리 1633,원호형,원호형,10,360,500,일반,Y,33.5544196849,126.7491361440,Y,N,,제주특별자치도 제주시청,064-728-3742,2024-07-25,I,2026-05-15 18:45:22,2024-09-04 21:39:30
6510000,202465100000600445,,제주특별자치도 제주시 용화로,제주특별자치도,제주시,제주특별자치도 제주시 용화로5길 34,제주특별자치도 제주시 용담이동 592-34,제주특별자치도 제주시 용담이동 592-34,원호형,가상형,0,360,500,일반,Y,33.5127949000,126.5068946000,Y,N,,제주특별자치도 제주시청,064-728-3742,2024-07-25,I,2026-05-15 18:45:22,2024-09-04 21:39:26
6510000,202465100000600429,,제주특별자치도 제주시 용화로,제주특별자치도,제주시,제주특별자치도 제주시 용화로 41,제주특별자치도 제주시 용담이동 616-71,제주특별자치도 제주시 용담이동 616-71,원호형,가상형,0,360,500,일반,Y,33.5098907300,126.5080805000,Y,N,,제주특별자치도 제주시청,064-728-3742,2024-07-25,I,2026-05-15 18:45:22,2024-09-04 21:39:26
6510000,202465100000601170,,제주특별자치도 제주시 신선서길,제주특별자치도,제주시,제주특별자치도 제주시 신선서길 9,제주특별자치도 제주시 일도이동 1043-43,제주특별자치도 제주시 일도이동 1043-43,원호형,원호형,8,360,500,일반,Y,33.5088715100,126.5295608000,Y,N,,제주특별자치도 제주시청,064-728-3742,2024-07-25,I,2026-05-15 18:45:22,2024-09-04 21:39:30
6510000,202465100000601394,,제주특별자치도 제주시 사장3길,제주특별자치도,제주시,제주특별자치도 제주시 사장3길 18,제주특별자치도 제주시 연동 287-16,제주특별자치도 제주시 연동 287-16,원호형,원호형,10,360,500,일반,Y,33.4829610189,126.4929640659,Y,N,,제주특별자치도 제주시청,064-728-3742,2024-07-25,I,2026-05-15 18:45:22,2024-09-04 21:39:32
6510000,202465100000600490,,제주특별자치도 제주시 진동로,제주특별자치도,제주시,,제주특별자치도 제주시 화북일동 1969-8,제주특별자치도 제주시 화북일동 1969-8,원호형,원호형,10,360,500,일반,Y,33.5199111779,126.5683824633,Y,N,,제주특별자치도 제주시청,064-728-3742,2024-07-25,I,2026-05-15 18:45:22,2024-09-04 21:39:26
6510000,202465100000600462,,제주특별자치도 제주시 진서로,제주특별자치도,제주시,제주특별자치도 제주시 진서로 44,제주특별자치도 제주시 화북일동 1930-1,제주특별자치도 제주시 화북일동 1930-1,원호형,원호형,10,360,500,일반,Y,33.5225881600,126.5628148000,Y,N,,제주특별자치도 제주시청,064-728-3742,2024-07-25,I,2026-05-15 18:45:22,2024-09-04 21:39:26
6510000,202465100000601107,,제주특별자치도 제주시 금능남로,제주특별자치도,제주시,,제주특별자치도 제주시 한림읍 금능리 368-9,제주특별자치도 제주시 한림읍 금능리 368-9,원호형,원호형,10,360,500,일반,Y,33.3539276486,126.2532770968,Y,N,,제주특별자치도 제주시청,064-728-3742,2024-07-25,I,2026-05-15 18:45:22,2024-09-04 21:39:30
6510000,202465100000600634,,제주특별자치도 제주시 신비마을길,제주특별자치도,제주시,제주특별자치도 제주시 신비마을길 40,제주특별자치도 제주시 노형동 315-5,제주특별자치도 제주시 노형동 315-5,원호형,원호형,10,360,500,일반,Y,33.4469490951,126.4836052557,Y,N,,제주특별자치도 제주시청,064-728-3742,2024-07-25,I,2026-05-15 18:45:22,2024-09-04 21:39:27
6510000,202465100000601205,,제주특별자치도 제주시 동광로21길,제주특별자치도,제주시,제주특별자치도 제주시 동광로21길 31,제주특별자치도 제주시 일도이동 151-16,제주특별자치도 제주시 일도이동 151-16,원호형,원호형,8,360,500,일반,Y,33.5119569700,126.5414732000,Y,N,,제주특별자치도 제주시청,064-728-3742,2024-07-25,I,2026-05-15 18:45:22,2024-09-04 21:39:30
6510000,202465100000600557,,제주특별자치도 제주시 황사평6길,제주특별자치도,제주시,제주특별자치도 제주시 황사평6길 74-1,제주특별자치도 제주시 화북이동 2995-12,제주특별자치도 제주시 화북이동 2995-12,원호형,원호형,10,360,500,일반,Y,33.4931064600,126.5608603000,Y,N,,제주특별자치도 제주시청,064-728-3742,2024-07-25,I,2026-05-15 18:45:22,2024-09-04 21:39:26
6520000,202465200000600677,558,한마음초등로,제주특별자치도,서귀포시,제주특별자치도 서귀포시 표선면 한마음초등로 406,제주특별자치도 서귀포시 표선면 하천리 2611,제주특별자치도 서귀포시 표선면 한마음초등로 406,원호형,원호형,10,360,1220,일반,Y,33.352998,126.815055,Y,N,,제주특별자치도 서귀포시청,064-760-3092,2024-07-22,I,2026-05-15 18:45:21,2024-07-22 14:51:55
6520000,202465200000600617,697,효돈로,제주특별자치도,서귀포시,제주특별자치도 서귀포시 효돈로 172,제주특별자치도 서귀포시 하효동 1460,제주특별자치도 서귀포시 효돈로 172,원호형,원호형,10,370,850,일반,Y,33.263653,126.617003,Y,N,,제주특별자치도 서귀포시청,064-760-3092,2024-07-22,I,2026-05-15 18:45:21,2024-07-22 14:51:55
6520000,202465200000600437,602,마소물로8번길,제주특별자치도,서귀포시,제주특별자치도 서귀포시 마소물로8번길 8,제주특별자치도 서귀포시 보목동 1637,제주특별자치도 서귀포시 마소물로8번길 8,원호형,원호형,10,360,510,일반,Y,33.244127,126.599902,Y,N,,제주특별자치도 서귀포시청,064-760-3092,2024-01-24,I,2026-05-15 18:45:21,2024-07-22 14:51:53
6520000,202465200000600657,538,토평남로,제주특별자치도,서귀포시,제주특별자치도 서귀포시 토평남로 92,제주특별자치도 서귀포시 토평동 1208,제주특별자치도 서귀포시 토평남로 92,원호형,원호형,10,360,650,일반,Y,33.266556,126.588766,Y,N,,제주특별자치도 서귀포시청,064-760-3092,2024-07-22,I,2026-05-15 18:45:21,2024-07-22 14:51:55
6520000,202465200000600716,483,중산간동로,제주특별자치도,서귀포시,제주특별자치도 서귀포시 성산읍 중산간동로 3297,제주특별자치도 서귀포시 성산읍 수산리 4764,제주특별자치도 서귀포시 성산읍 중산간동로 3297,원호형,원호형,10,170,690,일반,N,33.446365,126.885056,Y,N,,제주특별자치도 서귀포시청,064-760-3092,2024-07-22,I,2026-05-15 18:45:21,2024-07-22 14:51:56
6520000,202465200000600432,597,추사로55번길,제주특별자치도,서귀포시,제주특별자치도 서귀포시 대정읍 추사로55번길 2,제주특별자치도 서귀포시 대정읍 보성리 1738,제주특별자치도 서귀포시 대정읍 추사로55번길 2,원호형,원호형,10,350,620,일반,N,33.249636,126.276905,Y,N,,제주특별자치도 서귀포시청,064-760-3092,2024-01-24,I,2026-05-15 18:45:21,2024-07-22 14:51:53
6520000,202465200000600738,389,중산간동로,제주특별자치도,서귀포시,제주특별자치도 서귀포시 남원읍 중산간동로 7097,제주특별자치도 서귀포시 남원읍 신례리 834-2,제주특별자치도 서귀포시 남원읍 중산간동로 7097,원호형,원호형,10,410,720,일반,Y,33.284878,126.633519,Y,N,,제주특별자치도 서귀포시청,064-760-3092,2024-07-22,I,2026-05-15 18:45:21,2024-07-22 14:51:56
6520000,202465200000600419,584,호근남로,제주특별자치도,서귀포시,제주특별자치도 서귀포시 호근남로 40,제주특별자치도 서귀포시 호근동 1706-1,제주특별자치도 서귀포시 호근남로 40,원호형,원호형,10,370,850,일반,Y,33.254251,126.528613,Y,N,,제주특별자치도 서귀포시청,064-760-3092,2024-01-24,I,2026-05-15 18:45:21,2024-07-22 14:51:53
6520000,202465200000600504,669,하예로,제주특별자치도,서귀포시,제주특별자치도 서귀포시 하예로 57,제주특별자치도 서귀포시 하예동 14-1,제주특별자치도 서귀포시 하예로 57,원호형,원호형,10,400,620,일반,Y,33.245718,126.390458,Y,N,,제주특별자치도 서귀포시청,064-760-3092,2024-07-22,I,2026-05-15 18:45:21,2024-07-22 14:51:54
6520000,202465200000600679,446,동홍북로,제주특별자치도,서귀포시,제주특별자치도 서귀포시 동홍북로 22-1,제주특별자치도 서귀포시 동홍동 657-1,제주특별자치도 서귀포시 동홍북로 22-1,원호형,원호형,10,360,700,일반,Y,33.259113,126.570657,Y,N,,제주특별자치도 서귀포시청,064-760-3092,2024-07-22,I,2026-05-15 18:45:21,2024-07-22 14:51:55
6520000,202465200000600749,400,신례로,제주특별자치도,서귀포시,제주특별자치도 서귀포시 남원읍 신례로 226,제주특별자치도 서귀포시 남원읍 신례리 840-6,제주특별자치도 서귀포시 남원읍 신례로 226,원호형,원호형,10,360,750,일반,Y,33.284778,126.632808,Y,N,,제주특별자치도 서귀포시청,064-760-3092,2024-07-22,I,2026-05-15 18:45:21,2024-07-22 14:51:56
6520000,202465200000600794,445,동홍북로,제주특별자치도,서귀포시,제주특별자치도 서귀포시 동홍북로 22-1,제주특별자치도 서귀포시 동홍동 657-1,제주특별자치도 서귀포시 동홍북로 22-1,원호형,원호형,10,360,320,일반,N,33.259015,126.570677,Y,N,,제주특별자치도 서귀포시청,064-760-3092,2024-07-22,I,2026-05-15 18:45:21,2024-07-22 14:51:57
6520000,202465200000600535,731,태위로,제주특별자치도,서귀포시,제주특별자치도 서귀포시 남원읍 태위로 77,제주특별자치도 서귀포시 남원읍 위미리 4610,제주특별자치도 서귀포시 남원읍 태위로 77,원호형,원호형,10,330,830,일반,N,33.273971,126.655731,Y,N,,제주특별자치도 서귀포시청,064-760-3092,2024-07-22,I,2026-05-15 18:45:21,2024-07-22 14:51:54
6520000,202465200000600726,377,중앙로101번길,제주특별자치도,서귀포시,제주특별자치도 서귀포시 중앙로101번길 32,제주특별자치도 서귀포시 서홍동 444-34,제주특별자치도 서귀포시 중앙로101번길 32,원호형,원호형,10,680,770,일반,Y,33.253506,126.557563,Y,N,,제주특별자치도 서귀포시청,064-760-3092,2024-07-22,I,2026-05-15 18:45:21,2024-07-22 14:51:56
6520000,202465200000600753,404,중산간동로,제주특별자치도,서귀포시,제주특별자치도 서귀포시 남원읍 중산간동로 7121,제주특별자치도 서귀포시 남원읍 신례리 830-1,제주특별자치도 서귀포시 남원읍 중산간동로 7121,원호형,원호형,10,360,890,일반,Y,33.283475,126.631632,Y,N,,제주특별자치도 서귀포시청,064-760-3092,2024-07-22,I,2026-05-15 18:45:21,2024-07-22 14:51:56
6520000,202465200000600407,572,태위로,제주특별자치도,서귀포시,제주특별자치도 서귀포시 남원읍 태위로 912,제주특별자치도 서귀포시 남원읍 태흥리 2003,제주특별자치도 서귀포시 남원읍 태위로 912,원호형,원호형,10,360,820,일반,Y,33.285452,126.743001,Y,N,,제주특별자치도 서귀포시청,064-760-3092,2024-01-24,I,2026-05-15 18:45:21,2024-07-22 14:51:53
6520000,202465200000600459,624,태위로,제주특별자치도,서귀포시,제주특별자치도 서귀포시 남원읍 태위로 651,제주특별자치도 서귀포시 남원읍 남원리 2490-116,제주특별자치도 서귀포시 남원읍 태위로 651,원호형,원호형,10,360,910,일반,Y,33.278402,126.716312,Y,N,,제주특별자치도 서귀포시청,064-760-3092,2024-01-24,I,2026-05-15 18:45:21,2024-07-22 14:51:54
6520000,202465200000600413,578,태수로,제주특별자치도,서귀포시,제주특별자치도 서귀포시 남원읍 태수로 2-12,제주특별자치도 서귀포시 남원읍 태흥리 971-4,제주특별자치도 서귀포시 남원읍 태수로 2-12,원호형,원호형,10,360,640,일반,Y,33.286139,126.742258,Y,N,,제주특별자치도 서귀포시청,064-760-3092,2024-01-24,I,2026-05-15 18:45:21,2024-07-22 14:51:53
6520000,202465200000600673,554,한마음초등로,제주특별자치도,서귀포시,제주특별자치도 서귀포시 표선면 한마음초등로 406,제주특별자치도 서귀포시 표선면 하천리 2611,제주특별자치도 서귀포시 표선면 한마음초등로 406,원호형,원호형,10,360,1210,일반,Y,33.353062,126.815475,Y,N,,제주특별자치도 서귀포시청,064-760-3092,2024-07-22,I,2026-05-15 18:45:21,2024-07-22 14:51:55
6520000,202465200000600435,600,추사로,제주특별자치도,서귀포시,제주특별자치도 서귀포시 대정읍 추사로 43,제주특별자치도 서귀포시 대정읍 안성리 2038,제주특별자치도 서귀포시 대정읍 추사로 43,원호형,원호형,10,350,680,일반,N,33.249708,126.278353,Y,N,,제주특별자치도 서귀포시청,064-760-3092,2024-01-24,I,2026-05-15 18:45:21,2024-07-22 14:51:53
6520000,202465200000600704,471,가파로67번길,제주특별자치도,서귀포시,제주특별자치도 서귀포시 대정읍 가파로67번길 46,제주특별자치도 서귀포시 대정읍 가파리 464,제주특별자치도 서귀포시 대정읍 가파로67번길 46,원호형,원호형,10,220,440,일반,N,33.169154,126.270845,Y,N,,제주특별자치도 서귀포시청,064-760-3092,2024-07-22,I,2026-05-15 18:45:21,2024-07-22 14:51:56
6520000,202465200000600620,700,효돈로,제주특별자치도,서귀포시,제주특별자치도 서귀포시 효돈로 154,제주특별자치도 서귀포시 하효동 1460,제주특별자치도 서귀포시 효돈로 154,원호형,원호형,10,340,840,일반,N,33.263649,126.615356,Y,N,,제주특별자치도 서귀포시청,064-760-3092,2024-07-22,I,2026-05-15 18:45:21,2024-07-22 14:51:55
6520000,202465200000600564,717,태위로,제주특별자치도,서귀포시,제주특별자치도 서귀포시 남원읍 태위로 82,제주특별자치도 서귀포시 남원읍 위미리 4610,제주특별자치도 서귀포시 남원읍 태위로 82,원호형,원호형,10,350,820,일반,N,33.274086,126.656191,Y,N,,제주특별자치도 서귀포시청,064-760-3092,2024-07-22,I,2026-05-15 18:45:21,2024-07-22 14:51:55
6520000,202465200000600489,654,중동로8번길,제주특별자치도,서귀포시,제주특별자치도 서귀포시 중동로8번길 2,제주특별자치도 서귀포시 서귀동 339,제주특별자치도 서귀포시 중동로8번길 2,원호형,원호형,10,400,750,일반,Y,33.253462,126.565366,Y,N,,제주특별자치도 서귀포시청,064-760-3092,2024-07-22,I,2026-05-15 18:45:21,2024-07-22 14:51:54
6520000,202465200000600520,498,중산간동로,제주특별자치도,서귀포시,제주특별자치도 서귀포시 성산읍 중산간동로 3289,제주특별자치도 서귀포시 성산읍 수산리 640-3,제주특별자치도 서귀포시 성산읍 중산간동로 3289,원호형,원호형,10,200,670,일반,N,33.4467809,126.884729,Y,N,,제주특별자치도 서귀포시청,064-760-3092,2024-07-22,I,2026-05-15 18:45:21,2024-07-22 14:51:54
6520000,202465200000600734,385,중산간동로,제주특별자치도,서귀포시,제주특별자치도 서귀포시 남원읍 중산간동로 7113,제주특별자치도 서귀포시 남원읍 신례리 830-1,제주특별자치도 서귀포시 남원읍 중산간동로 7113,원호형,원호형,10,570,900,일반,Y,33.2835407,126.632257,Y,N,,제주특별자치도 서귀포시청,064-760-3092,2024-07-22,I,2026-05-15 18:45:21,2024-07-22 14:51:56
6520000,202465200000600612,692,효돈로,제주특별자치도,서귀포시,제주특별자치도 서귀포시 효돈로 168,제주특별자치도 서귀포시 하효동 147-16,제주특별자치도 서귀포시 효돈로 168,원호형,원호형,10,360,860,일반,Y,33.263689,126.616654,Y,N,,제주특별자치도 서귀포시청,064-760-3092,2024-07-22,I,2026-05-15 18:45:21,2024-07-22 14:51:55
6520000,202465200000600638,759,시흥상동로,제주특별자치도,서귀포시,제주특별자치도 서귀포시 성산읍 시흥상동로 135,제주특별자치도 서귀포시 성산읍 시흥리 2644,제주특별자치도 서귀포시 성산읍 시흥상동로 135,원호형,원호형,10,310,720,일반,N,33.480676,126.897337,Y,N,,제주특별자치도 서귀포시청,064-760-3092,2024-07-22,I,2026-05-15 18:45:21,2024-07-22 14:51:55
6520000,202465200000600611,691,효돈로,제주특별자치도,서귀포시,제주특별자치도 서귀포시 효돈로 168,제주특별자치도 서귀포시 하효동 147-16,제주특별자치도 서귀포시 효돈로 168,원호형,원호형,10,360,860,일반,Y,33.263689,126.616654,Y,N,,제주특별자치도 서귀포시청,064-760-3092,2024-07-22,I,2026-05-15 18:45:21,2024-07-22 14:51:55
6520000,202465200000600779,430,솜반천로43번길,제주특별자치도,서귀포시,제주특별자치도 서귀포시 솜반천로43번길 2,제주특별자치도 서귀포시 서홍동 451,제주특별자치도 서귀포시 솜반천로43번길 2,원호형,원호형,10,410,570,일반,Y,33.253696,126.556068,Y,N,,제주특별자치도 서귀포시청,064-760-3092,2024-07-22,I,2026-05-15 18:45:21,2024-07-22 14:51:56
6520000,202465200000600605,685,월평하원로,제주특별자치도,서귀포시,제주특별자치도 서귀포시 월평하원로 141,제주특별자치도 서귀포시 하원동 314-9,제주특별자치도 서귀포시 월평하원로 141,원호형,원호형,10,380,560,일반,Y,33.252017,126.460283,Y,N,,제주특별자치도 서귀포시청,064-760-3092,2024-07-22,I,2026-05-15 18:45:21,2024-07-22 14:51:55
6520000,202465200000600662,543,토평남로,제주특별자치도,서귀포시,제주특별자치도 서귀포시 토평남로 79,제주특별자치도 서귀포시 토평동 1194-2,제주특별자치도 서귀포시 토평남로 79,원호형,원호형,10,360,650,일반,Y,33.265133,126.588907,Y,N,,제주특별자치도 서귀포시청,064-760-3092,2024-07-22,I,2026-05-15 18:45:21,2024-07-22 14:51:55
6520000,202465200000600490,655,무릉중앙로11번길,제주특별자치도,서귀포시,제주특별자치도 서귀포시 대정읍 무릉중앙로11번길 17,제주특별자치도 서귀포시 대정읍 무릉리 2894-2,제주특별자치도 서귀포시 대정읍 무릉중앙로11번길 17,원호형,원호형,10,360,980,일반,Y,33.270938,126.202637,Y,N,,제주특별자치도 서귀포시청,064-760-3092,2024-07-22,I,2026-05-15 18:45:21,2024-07-22 14:51:54
6520000,202465200000600523,501,수시로,제주특별자치도,서귀포시,제주특별자치도 서귀포시 성산읍 수시로 3,제주특별자치도 서귀포시 성산읍 수산리 4764,제주특별자치도 서귀포시 성산읍 수시로 3,원호형,원호형,10,170,910,일반,N,33.446145,126.885415,Y,N,,제주특별자치도 서귀포시청,064-760-3092,2024-07-22,I,2026-05-15 18:45:21,2024-07-22 14:51:54
6520000,202465200000600603,683,월평하원로,제주특별자치도,서귀포시,제주특별자치도 서귀포시 월평하원로 150,제주특별자치도 서귀포시 월평동 755-1,제주특별자치도 서귀포시 월평하원로 150,원호형,원호형,10,380,570,일반,Y,33.252694,126.460172,Y,N,,제주특별자치도 서귀포시청,064-760-3092,2024-07-22,I,2026-05-15 18:45:21,2024-07-22 14:51:55
6520000,202465200000600640,761,시흥상동로,제주특별자치도,서귀포시,제주특별자치도 서귀포시 성산읍 시흥상동로 130,제주특별자치도 서귀포시 성산읍 시흥리 1177-4,제주특별자치도 서귀포시 성산읍 시흥상동로 130,원호형,원호형,10,380,800,일반,Y,33.479274,126.896711,Y,N,,제주특별자치도 서귀포시청,064-760-3092,2024-07-22,I,2026-05-15 18:45:21,2024-07-22 14:51:55
6520000,202465200000600555,708,태위로,제주특별자치도,서귀포시,제주특별자치도 서귀포시 남원읍 태위로 87,제주특별자치도 서귀포시 남원읍 위미리 4610,제주특별자치도 서귀포시 남원읍 태위로 87,원호형,원호형,10,350,820,일반,N,33.274285,126.656855,Y,N,,제주특별자치도 서귀포시청,064-760-3092,2024-07-22,I,2026-05-15 18:45:21,2024-07-22 14:51:54
6520000,202465200000600782,433,신서귀로76번길,제주특별자치도,서귀포시,제주특별자치도 서귀포시 신서귀로76번길 6-4,제주특별자치도 서귀포시 서호동 1481,제주특별자치도 서귀포시 신서귀로76번길 6-4,원호형,원호형,10,290,510,일반,N,33.255839,126.5126204,Y,N,,제주특별자치도 서귀포시청,064-760-3092,2024-07-22,I,2026-05-15 18:45:21,2024-07-22 14:51:56
6520000,202465200000600503,668,열리로,제주특별자치도,서귀포시,제주특별자치도 서귀포시 열리로 46,제주특별자치도 서귀포시 상예동 1211-2,제주특별자치도 서귀포시 열리로 46,원호형,원호형,10,520,630,일반,Y,33.247441,126.392517,Y,N,,제주특별자치도 서귀포시청,064-760-3092,2024-07-22,I,2026-05-15 18:45:21,2024-07-22 14:51:54
6520000,202465200000600797,563,한마음초등로,제주특별자치도,서귀포시,제주특별자치도 서귀포시 표선면 한마음초등로 406,제주특별자치도 서귀포시 표선면 하천리 2611,제주특별자치도 서귀포시 표선면 한마음초등로 406,원호형,원호형,10,360,1080,일반,Y,33.352969,126.814265,Y,N,,제주특별자치도 서귀포시청,064-760-3092,2024-07-22,I,2026-05-15 18:45:21,2024-07-22 14:51:57
6520000,202465200000600682,449,동홍북로,제주특별자치도,서귀포시,제주특별자치도 서귀포시 동홍북로 20,제주특별자치도 서귀포시 동홍동 657-1,제주특별자치도 서귀포시 동홍북로 20,원호형,원호형,10,360,920,일반,Y,33.259245,126.570324,Y,N,,제주특별자치도 서귀포시청,064-760-3092,2024-07-22,I,2026-05-15 18:45:21,2024-07-22 14:51:56
6520000,202465200000600790,441,한도로242번길,제주특별자치도,서귀포시,제주특별자치도 서귀포시 성산읍 한도로242번길 10-18,제주특별자치도 서귀포시 성산읍 성산리 254-7,제주특별자치도 서귀포시 성산읍 한도로242번길 10-18,원호형,원호형,10,370,710,일반,Y,33.467329,126.931681,Y,N,,제주특별자치도 서귀포시청,064-760-3092,2024-07-22,I,2026-05-15 18:45:21,2024-07-22 14:51:56
6520000,202465200000600428,593,호근남로,제주특별자치도,서귀포시,제주특별자치도 서귀포시 호근남로 35-1,제주특별자치도 서귀포시 호근동 1421-18,제주특별자치도 서귀포시 호근남로 35-1,원호형,원호형,10,360,700,일반,Y,33.254712,126.529468,Y,N,,제주특별자치도 서귀포시청,064-760-3092,2024-01-24,I,2026-05-15 18:45:21,2024-07-22 14:51:53
6520000,202465200000600571,724,태위로67번길,제주특별자치도,서귀포시,제주특별자치도 서귀포시 남원읍 태위로67번길 17,제주특별자치도 서귀포시 남원읍 위미리 4610,제주특별자치도 서귀포시 남원읍 태위로67번길 17,원호형,원호형,10,360,730,일반,Y,33.274795,126.654387,Y,N,,제주특별자치도 서귀포시청,064-760-3092,2024-07-22,I,2026-05-15 18:45:21,2024-07-22 14:51:55
6520000,202465200000600788,439,한도로,제주특별자치도,서귀포시,제주특별자치도 서귀포시 성산읍 한도로 214,제주특별자치도 서귀포시 성산읍 성산리 372-1,제주특별자치도 서귀포시 성산읍 한도로 214,원호형,원호형,10,390,1000,일반,Y,33.467817,126.930554,Y,N,,제주특별자치도 서귀포시청,064-760-3092,2024-07-22,I,2026-05-15 18:45:21,2024-07-22 14:51:56
6520000,202465200000600681,448,동홍북로,제주특별자치도,서귀포시,제주특별자치도 서귀포시 동홍북로 24,제주특별자치도 서귀포시 동홍동 657-1,제주특별자치도 서귀포시 동홍북로 24,원호형,원호형,10,660,860,일반,Y,33.259281,126.570883,Y,N,,제주특별자치도 서귀포시청,064-760-3092,2024-07-22,I,2026-05-15 18:45:21,2024-07-22 14:51:56
6520000,202465200000600647,768,고성오조로,제주특별자치도,서귀포시,제주특별자치도 서귀포시 성산읍 고성오조로 58,제주특별자치도 서귀포시 성산읍 고성리 2747,제주특별자치도 서귀포시 성산읍 고성오조로 58,원호형,원호형,10,360,810,일반,Y,33.448815,126.915008,Y,N,,제주특별자치도 서귀포시청,064-760-3092,2024-07-22,I,2026-05-15 18:45:21,2024-07-22 14:51:55
6520000,202465200000600608,688,월평하원로,제주특별자치도,서귀포시,제주특별자치도 서귀포시 월평하원로 154,제주특별자치도 서귀포시 월평동 239-3,제주특별자치도 서귀포시 월평하원로 154,원호형,원호형,10,380,260,일반,N,33.253061,126.460088,Y,N,,제주특별자치도 서귀포시청,064-760-3092,2024-07-22,I,2026-05-15 18:45:21,2024-07-22 14:51:55
6520000,202465200000600731,382,신례로,제주특별자치도,서귀포시,제주특별자치도 서귀포시 남원읍 신례로 212,제주특별자치도 서귀포시 남원읍 신례리 836-12,제주특별자치도 서귀포시 남원읍 신례로 212,원호형,원호형,10,360,920,일반,Y,33.283823,126.633439,Y,N,,제주특별자치도 서귀포시청,064-760-3092,2024-07-22,I,2026-05-15 18:45:21,2024-07-22 14:51:56
6520000,202465200000600534,730,태위로,제주특별자치도,서귀포시,제주특별자치도 서귀포시 남원읍 태위로 77,제주특별자치도 서귀포시 남원읍 위미리 4610,제주특별자치도 서귀포시 남원읍 태위로 77,원호형,원호형,10,330,830,일반,N,33.273971,126.655731,Y,N,,제주특별자치도 서귀포시청,064-760-3092,2024-07-22,I,2026-05-15 18:45:21,2024-07-22 14:51:54
6520000,202465200000600464,629,태위로,제주특별자치도,서귀포시,제주특별자치도 서귀포시 남원읍 태위로 646-1,제주특별자치도 서귀포시 남원읍 남원리 2490-116,제주특별자치도 서귀포시 남원읍 태위로 646-1,원호형,원호형,10,360,870,일반,Y,33.278227,126.715556,Y,N,,제주특별자치도 서귀포시청,064-760-3092,2024-01-24,I,2026-05-15 18:45:21,2024-07-22 14:51:54
6520000,202465200000600706,473,수시로,제주특별자치도,서귀포시,제주특별자치도 서귀포시 성산읍 수시로 2-2,제주특별자치도 서귀포시 성산읍 수산리 4764,제주특별자치도 서귀포시 성산읍 수시로 2-2,원호형,원호형,10,140,590,일반,N,33.446038,126.885434,Y,N,,제주특별자치도 서귀포시청,064-760-3092,2024-07-22,I,2026-05-15 18:45:21,2024-07-22 14:51:56
6520000,202465200000600792,443,한도로242번길,제주특별자치도,서귀포시,제주특별자치도 서귀포시 성산읍 한도로242번길 10-18,제주특별자치도 서귀포시 성산읍 성산리 254-7,제주특별자치도 서귀포시 성산읍 한도로242번길 10-18,원호형,원호형,10,370,710,일반,Y,33.467329,126.931681,Y,N,,제주특별자치도 서귀포시청,064-760-3092,2024-07-22,I,2026-05-15 18:45:21,2024-07-22 14:51:56
6520000,202465200000600528,506,중산간동로,제주특별자치도,서귀포시,제주특별자치도 서귀포시 성산읍 중산간동로 3308-1,제주특별자치도 서귀포시 성산읍 수산리 4764,제주특별자치도 서귀포시 성산읍 중산간동로 3308-1,원호형,원호형,10,170,1070,일반,N,33.445786,126.885075,Y,N,,제주특별자치도 서귀포시청,064-760-3092,2024-07-22,I,2026-05-15 18:45:21,2024-07-22 14:51:54
6520000,202465200000600526,504,중산간동로,제주특별자치도,서귀포시,제주특별자치도 서귀포시 성산읍 중산간동로 3308-1,제주특별자치도 서귀포시 성산읍 수산리 4764,제주특별자치도 서귀포시 성산읍 중산간동로 3308-1,원호형,원호형,10,180,900,일반,N,33.4457309,126.885078,Y,N,,제주특별자치도 서귀포시청,064-760-3092,2024-07-22,I,2026-05-15 18:45:21,2024-07-22 14:51:54
6520000,202465200000600548,744,표선중앙로43번길,제주특별자치도,서귀포시,제주특별자치도 서귀포시 표선면 표선중앙로43번길 31,제주특별자치도 서귀포시 표선면 표선리 507-4,제주특별자치도 서귀포시 표선면 표선중앙로43번길 31,원호형,원호형,10,300,450,일반,N,33.328755,126.834394,Y,N,,제주특별자치도 서귀포시청,064-760-3092,2024-07-22,I,2026-05-15 18:45:21,2024-07-22 14:51:54
6520000,202465200000600469,634,태위로641번길,제주특별자치도,서귀포시,제주특별자치도 서귀포시 남원읍 태위로641번길 5,제주특별자치도 서귀포시 남원읍 남원리 2490-116,제주특별자치도 서귀포시 남원읍 태위로641번길 5,원호형,원호형,10,360,640,일반,Y,33.278761,126.715076,Y,N,,제주특별자치도 서귀포시청,064-760-3092,2024-01-24,I,2026-05-15 18:45:21,2024-07-22 14:51:54
6520000,202465200000600442,607,마소물로,제주특별자치도,서귀포시,제주특별자치도 서귀포시 마소물로 23,제주특별자치도 서귀포시 보목동 881-3,제주특별자치도 서귀포시 마소물로 23,원호형,원호형,10,360,670,일반,Y,33.245164,126.599246,Y,N,,제주특별자치도 서귀포시청,064-760-3092,2024-01-24,I,2026-05-15 18:45:21,2024-07-22 14:51:54
6520000,202465200000600443,608,마소물로,제주특별자치도,서귀포시,제주특별자치도 서귀포시 마소물로 20,제주특별자치도 서귀포시 보목동 881-3,제주특별자치도 서귀포시 마소물로 20,원호형,원호형,10,360,670,일반,Y,33.244813,126.599192,Y,N,,제주특별자치도 서귀포시청,064-760-3092,2024-01-24,I,2026-05-15 18:45:21,2024-07-22 14:51:54
6520000,202465200000600639,760,시흥상동로,제주특별자치도,서귀포시,제주특별자치도 서귀포시 성산읍 시흥상동로 130,제주특별자치도 서귀포시 성산읍 시흥리 1177-4,제주특별자치도 서귀포시 성산읍 시흥상동로 130,원호형,원호형,10,380,800,일반,Y,33.479274,126.896711,Y,N,,제주특별자치도 서귀포시청,064-760-3092,2024-07-22,I,2026-05-15 18:45:21,2024-07-22 14:51:55
6520000,202465200000600732,383,중산간동로,제주특별자치도,서귀포시,제주특별자치도 서귀포시 남원읍 중산간동로 7113,제주특별자치도 서귀포시 남원읍 신례리 830-1,제주특별자치도 서귀포시 남원읍 중산간동로 7113,원호형,원호형,10,570,900,일반,Y,33.2835407,126.632257,Y,N,,제주특별자치도 서귀포시청,064-760-3092,2024-07-22,I,2026-05-15 18:45:21,2024-07-22 14:51:56
6520000,202465200000600693,460,고성오조로,제주특별자치도,서귀포시,제주특별자치도 서귀포시 성산읍 고성오조로 107-1,제주특별자치도 서귀포시 성산읍 오조리 2210,제주특별자치도 서귀포시 성산읍 고성오조로 107-1,원호형,원호형,10,360,830,일반,Y,33.453231,126.913716,Y,N,,제주특별자치도 서귀포시청,064-760-3092,2024-07-22,I,2026-05-15 18:45:21,2024-07-22 14:51:56
6520000,202465200000600607,687,월평하원로,제주특별자치도,서귀포시,제주특별자치도 서귀포시 월평하원로 154,제주특별자치도 서귀포시 월평동 239-3,제주특별자치도 서귀포시 월평하원로 154,원호형,원호형,10,380,540,일반,Y,33.253061,126.460088,Y,N,,제주특별자치도 서귀포시청,064-760-3092,2024-07-22,I,2026-05-15 18:45:21,2024-07-22 14:51:55
6520000,202465200000600446,611,칠십리로,제주특별자치도,서귀포시,제주특별자치도 서귀포시 칠십리로 447,제주특별자치도 서귀포시 보목동 1637,제주특별자치도 서귀포시 칠십리로 447,원호형,원호형,10,360,860,일반,Y,33.242966,126.598957,Y,N,,제주특별자치도 서귀포시청,064-760-3092,2024-01-24,I,2026-05-15 18:45:21,2024-07-22 14:51:54
6520000,202465200000600631,752,표선동서로,제주특별자치도,서귀포시,제주특별자치도 서귀포시 표선면 표선동서로 299,제주특별자치도 서귀포시 표선면 표선리 447-11,제주특별자치도 서귀포시 표선면 표선동서로 299,원호형,원호형,10,330,740,일반,N,33.329645,126.836107,Y,N,,제주특별자치도 서귀포시청,064-760-3092,2024-07-22,I,2026-05-15 18:45:21,2024-07-22 14:51:55
6520000,202465200000600648,769,고성오조로,제주특별자치도,서귀포시,제주특별자치도 서귀포시 성산읍 고성오조로 56,제주특별자치도 서귀포시 성산읍 고성리 2747,제주특별자치도 서귀포시 성산읍 고성오조로 56,원호형,원호형,10,360,820,일반,Y,33.4486109,126.915043,Y,N,,제주특별자치도 서귀포시청,064-760-3092,2024-07-22,I,2026-05-15 18:45:21,2024-07-22 14:51:55
6520000,202465200000600624,704,효돈로,제주특별자치도,서귀포시,제주특별자치도 서귀포시 효돈로 158,제주특별자치도 서귀포시 하효동 153-4,제주특별자치도 서귀포시 효돈로 158,원호형,원호형,10,360,860,일반,Y,33.263627,126.615615,Y,N,,제주특별자치도 서귀포시청,064-760-3092,2024-07-22,I,2026-05-15 18:45:21,2024-07-22 14:51:55
6520000,202465200000600746,397,신례로,제주특별자치도,서귀포시,제주특별자치도 서귀포시 남원읍 신례로 230,제주특별자치도 서귀포시 남원읍 신례리 841-3,제주특별자치도 서귀포시 남원읍 신례로 230,원호형,원호형,10,360,790,일반,Y,33.285227,126.632451,Y,N,,제주특별자치도 서귀포시청,064-760-3092,2024-07-22,I,2026-05-15 18:45:21,2024-07-22 14:51:56
6520000,202465200000600444,609,칠십리로,제주특별자치도,서귀포시,제주특별자치도 서귀포시 칠십리로 458,제주특별자치도 서귀포시 보목동 682-7,제주특별자치도 서귀포시 칠십리로 458,원호형,원호형,10,360,860,일반,Y,33.242437,126.599817,Y,N,,제주특별자치도 서귀포시청,064-760-3092,2024-01-24,I,2026-05-15 18:45:21,2024-07-22 14:51:54
6520000,202465200000600429,594,중산간서로,제주특별자치도,서귀포시,제주특별자치도 서귀포시 안덕면 중산간서로 1835,제주특별자치도 서귀포시 안덕면 서광리 340-2,제주특별자치도 서귀포시 안덕면 중산간서로 1835,원호형,원호형,10,360,690,일반,Y,33.287588,126.326617,Y,N,,제주특별자치도 서귀포시청,064-760-3092,2024-01-24,I,2026-05-15 18:45:21,2024-07-22 14:51:53
6520000,202465200000600418,583,호근남로,제주특별자치도,서귀포시,제주특별자치도 서귀포시 호근남로 42,제주특별자치도 서귀포시 호근동 1333-4,제주특별자치도 서귀포시 호근남로 42,원호형,원호형,10,360,570,일반,Y,33.253886,126.530019,Y,N,,제주특별자치도 서귀포시청,064-760-3092,2024-01-24,I,2026-05-15 18:45:21,2024-07-22 14:51:53
6520000,202465200000600583,517,화순중앙로,제주특별자치도,서귀포시,제주특별자치도 서귀포시 안덕면 화순중앙로 28,제주특별자치도 서귀포시 안덕면 화순리 1291-18,제주특별자치도 서귀포시 안덕면 화순중앙로 28,원호형,원호형,10,350,580,일반,N,33.249676,126.335507,Y,N,,제주특별자치도 서귀포시청,064-760-3092,2024-07-22,I,2026-05-15 18:45:21,2024-07-22 14:51:55
6520000,202465200000600530,508,중산간동로,제주특별자치도,서귀포시,제주특별자치도 서귀포시 성산읍 중산간동로 3285,제주특별자치도 서귀포시 성산읍 수산리 640-3,제주특별자치도 서귀포시 성산읍 중산간동로 3285,원호형,원호형,10,350,680,일반,N,33.4471006,126.884304,Y,N,,제주특별자치도 서귀포시청,064-760-3092,2024-07-22,I,2026-05-15 18:45:21,2024-07-22 14:51:54
6520000,202465200000600527,505,중산간동로,제주특별자치도,서귀포시,제주특별자치도 서귀포시 성산읍 중산간동로 3308-1,제주특별자치도 서귀포시 성산읍 수산리 4764,제주특별자치도 서귀포시 성산읍 중산간동로 3308-1,원호형,원호형,10,170,1070,일반,N,33.445786,126.885075,Y,N,,제주특별자치도 서귀포시청,064-760-3092,2024-07-22,I,2026-05-15 18:45:21,2024-07-22 14:51:54
6520000,202465200000600586,520,한신로,제주특별자치도,서귀포시,제주특별자치도 서귀포시 남원읍 한신로 229,제주특별자치도 서귀포시 남원읍 의귀리 2008,제주특별자치도 서귀포시 남원읍 한신로 229,원호형,원호형,10,360,640,일반,Y,33.310378,126.715289,Y,N,,제주특별자치도 서귀포시청,064-760-3092,2024-07-22,I,2026-05-15 18:45:21,2024-07-22 14:51:55
6520000,202465200000600618,698,효돈로,제주특별자치도,서귀포시,제주특별자치도 서귀포시 효돈로 172,제주특별자치도 서귀포시 하효동 1460,제주특별자치도 서귀포시 효돈로 172,원호형,원호형,10,370,850,일반,Y,33.263653,126.617003,Y,N,,제주특별자치도 서귀포시청,064-760-3092,2024-07-22,I,2026-05-15 18:45:21,2024-07-22 14:51:55
6520000,202465200000600614,694,효돈로,제주특별자치도,서귀포시,제주특별자치도 서귀포시 효돈로 150-1,제주특별자치도 서귀포시 신효동110,제주특별자치도 서귀포시 효돈로 150-1,원호형,원호형,10,360,870,일반,Y,33.263641,126.614898,Y,N,,제주특별자치도 서귀포시청,064-760-3092,2024-07-22,I,2026-05-15 18:45:21,2024-07-22 14:51:55
6520000,202465200000600514,492,중산간동로,제주특별자치도,서귀포시,제주특별자치도 서귀포시 성산읍 중산간동로 3297,제주특별자치도 서귀포시 성산읍 수산리 653-2,제주특별자치도 서귀포시 성산읍 중산간동로 3297,원호형,원호형,10,150,450,일반,N,33.446414,126.885023,Y,N,,제주특별자치도 서귀포시청,064-760-3092,2024-07-22,I,2026-05-15 18:45:21,2024-07-22 14:51:54
6520000,202465200000600501,666,산방로,제주특별자치도,서귀포시,제주특별자치도 서귀포시 안덕면 산방로 352,제주특별자치도 서귀포시 안덕면 사계리 1769-2,제주특별자치도 서귀포시 안덕면 산방로 352,원호형,원호형,10,360,920,일반,Y,33.232189,126.299242,Y,N,,제주특별자치도 서귀포시청,064-760-3092,2024-07-22,I,2026-05-15 18:45:21,2024-07-22 14:51:54
6520000,202465200000600739,390,중산간동로,제주특별자치도,서귀포시,제주특별자치도 서귀포시 남원읍 중산간동로 7097,제주특별자치도 서귀포시 남원읍 신례리 834-2,제주특별자치도 서귀포시 남원읍 중산간동로 7097,원호형,원호형,10,410,720,일반,Y,33.284878,126.633519,Y,N,,제주특별자치도 서귀포시청,064-760-3092,2024-07-22,I,2026-05-15 18:45:21,2024-07-22 14:51:56
6520000,202465200000600481,646,흙담솔로,제주특별자치도,서귀포시,제주특별자치도 서귀포시 흙담솔로 9-4,제주특별자치도 서귀포시 서홍동 2566,제주특별자치도 서귀포시 흙담솔로 9-4,원호형,원호형,10,320,690,일반,N,33.260441,126.557818,Y,N,,제주특별자치도 서귀포시청,064-760-3092,2024-07-22,I,2026-05-15 18:45:21,2024-07-22 14:51:54
6520000,202465200000600777,428,솜반천로,제주특별자치도,서귀포시,제주특별자치도 서귀포시 솜반천로 35-1,제주특별자치도 서귀포시 서홍동 451,제주특별자치도 서귀포시 솜반천로 35-1,원호형,원호형,10,750,750,일반,Y,33.253823,126.557055,Y,N,,제주특별자치도 서귀포시청,064-760-3092,2024-07-22,I,2026-05-15 18:45:21,2024-07-22 14:51:56
6520000,202465200000600791,442,한도로242번길,제주특별자치도,서귀포시,제주특별자치도 서귀포시 성산읍 한도로242번길 10-18,제주특별자치도 서귀포시 성산읍 성산리 254-7,제주특별자치도 서귀포시 성산읍 한도로242번길 10-18,원호형,원호형,10,370,710,일반,Y,33.467329,126.931681,Y,N,,제주특별자치도 서귀포시청,064-760-3092,2024-07-22,I,2026-05-15 18:45:21,2024-07-22 14:51:56
6520000,202465200000600452,617,도순남로,제주특별자치도,서귀포시,제주특별자치도 서귀포시 도순남로 77-6,제주특별자치도 서귀포시 도순동 356-2,제주특별자치도 서귀포시 도순남로 77-6,원호형,원호형,10,230,660,일반,N,33.248195,126.477134,Y,N,,제주특별자치도 서귀포시청,064-760-3092,2024-01-24,I,2026-05-15 18:45:21,2024-07-22 14:51:54
6520000,202465200000600591,525,한신로,제주특별자치도,서귀포시,제주특별자치도 서귀포시 남원읍 한신로 217,제주특별자치도 서귀포시 남원읍 의귀리 1483-8,제주특별자치도 서귀포시 남원읍 한신로 217,원호형,원호형,10,360,1060,일반,Y,33.309929,126.714569,Y,N,,제주특별자치도 서귀포시청,064-760-3092,2024-07-22,I,2026-05-15 18:45:21,2024-07-22 14:51:55
6520000,202465200000600505,670,하예로,제주특별자치도,서귀포시,제주특별자치도 서귀포시 하예로 61,제주특별자치도 서귀포시 하예동 3-1,제주특별자치도 서귀포시 하예로 61,원호형,원호형,10,360,530,일반,Y,33.24606002,126.3906908,Y,N,,제주특별자치도 서귀포시청,064-760-3092,2024-07-22,I,2026-05-15 18:45:21,2024-07-22 14:51:54
6520000,202465200000600411,576,태수로,제주특별자치도,서귀포시,제주특별자치도 서귀포시 남원읍 태수로 2-12,제주특별자치도 서귀포시 남원읍 태흥리 971-4,제주특별자치도 서귀포시 남원읍 태수로 2-12,원호형,원호형,10,360,640,일반,Y,33.286139,126.742258,Y,N,,제주특별자치도 서귀포시청,064-760-3092,2024-01-24,I,2026-05-15 18:45:21,2024-07-22 14:51:53
6520000,202465200000600747,398,신례로,제주특별자치도,서귀포시,제주특별자치도 서귀포시 남원읍 신례로 226,제주특별자치도 서귀포시 남원읍 신례리 840-6,제주특별자치도 서귀포시 남원읍 신례로 226,원호형,원호형,10,360,750,일반,Y,33.284778,126.632808,Y,N,,제주특별자치도 서귀포시청,064-760-3092,2024-07-22,I,2026-05-15 18:45:21,2024-07-22 14:51:56
6520000,202465200000600479,644,남한로,제주특별자치도,서귀포시,제주특별자치도 서귀포시 남원읍 남한로 27,제주특별자치도 서귀포시 남원읍 남원리 158-6,제주특별자치도 서귀포시 남원읍 남한로 27,원호형,원호형,10,360,860,일반,Y,33.281473,126.717257,Y,N,,제주특별자치도 서귀포시청,064-760-3092,2024-07-22,I,2026-05-15 18:45:21,2024-07-22 14:51:54
6520000,202465200000600542,738,표선중앙로43번길,제주특별자치도,서귀포시,제주특별자치도 서귀포시 표선면 표선중앙로43번길 20,제주특별자치도 서귀포시 표선면 표선리 2954,제주특별자치도 서귀포시 표선면 표선중앙로43번길 20,원호형,원호형,10,360,1000,일반,Y,33.328564,126.833025,Y,N,,제주특별자치도 서귀포시청,064-760-3092,2024-07-22,I,2026-05-15 18:45:21,2024-07-22 14:51:54
6520000,202465200000600765,416,천지연로8번길,제주특별자치도,서귀포시,제주특별자치도 서귀포시 천지연로8번길 20,제주특별자치도 서귀포시 서귀동 566-10,제주특별자치도 서귀포시 천지연로8번길 20,원호형,원호형,10,360,410,일반,Y,33.243392,126.565789,Y,N,,제주특별자치도 서귀포시청,064-760-3092,2024-07-22,I,2026-05-15 18:45:21,2024-07-22 14:51:56
6520000,202465200000600405,570,태위로,제주특별자치도,서귀포시,제주특별자치도 서귀포시 남원읍 태위로 912,제주특별자치도 서귀포시 남원읍 태흥리 2003,제주특별자치도 서귀포시 남원읍 태위로 912,원호형,원호형,10,360,820,일반,Y,33.285452,126.743001,Y,N,,제주특별자치도 서귀포시청,064-760-3092,2024-01-24,I,2026-05-15 18:45:21,2024-07-22 14:51:53
6520000,202465200000600702,469,고성오조로,제주특별자치도,서귀포시,제주특별자치도 서귀포시 성산읍 고성오조로 111,제주특별자치도 서귀포시 성산읍 오조리 2210,제주특별자치도 서귀포시 성산읍 고성오조로 111,원호형,원호형,10,360,830,일반,Y,33.453634,126.913541,Y,N,,제주특별자치도 서귀포시청,064-760-3092,2024-07-22,I,2026-05-15 18:45:21,2024-07-22 14:51:56
6520000,202465200000600420,585,호근로26번길,제주특별자치도,서귀포시,제주특별자치도 서귀포시 호근로26번길 10,제주특별자치도 서귀포시 호근동 1726-1,제주특별자치도 서귀포시 호근로26번길 10,원호형,원호형,10,370,870,일반,Y,33.254154,126.5269104,Y,N,,제주특별자치도 서귀포시청,064-760-3092,2024-01-24,I,2026-05-15 18:45:21,2024-07-22 14:51:53
6520000,202465200000600424,589,호근로26번길,제주특별자치도,서귀포시,제주특별자치도 서귀포시 호근로26번길 10,제주특별자치도 서귀포시 호근동 1726-1,제주특별자치도 서귀포시 호근로26번길 10,원호형,원호형,10,370,870,일반,Y,33.254135,126.526675,Y,N,,제주특별자치도 서귀포시청,064-760-3092,2024-01-24,I,2026-05-15 18:45:21,2024-07-22 14:51:53
6520000,202465200000600410,575,태위로,제주특별자치도,서귀포시,제주특별자치도 서귀포시 남원읍 태위로 920,제주특별자치도 서귀포시 남원읍 태흥리 2003,제주특별자치도 서귀포시 남원읍 태위로 920,원호형,원호형,10,360,820,일반,Y,33.285655,126.743507,Y,N,,제주특별자치도 서귀포시청,064-760-3092,2024-01-24,I,2026-05-15 18:45:21,2024-07-22 14:51:53
6520000,202465200000600783,434,신서귀로76번길,제주특별자치도,서귀포시,제주특별자치도 서귀포시 신서귀로76번길 6-8,제주특별자치도 서귀포시 서호동 1481,제주특별자치도 서귀포시 신서귀로76번길 6-8,원호형,원호형,10,280,510,일반,N,33.255786,126.512838,Y,N,,제주특별자치도 서귀포시청,064-760-3092,2024-07-22,I,2026-05-15 18:45:21,2024-07-22 14:51:56
6520000,202465200000600408,573,태위로,제주특별자치도,서귀포시,제주특별자치도 서귀포시 남원읍 태위로 920,제주특별자치도 서귀포시 남원읍 태흥리 2003,제주특별자치도 서귀포시 남원읍 태위로 920,원호형,원호형,10,360,820,일반,Y,33.285655,126.743507,Y,N,,제주특별자치도 서귀포시청,064-760-3092,2024-01-24,I,2026-05-15 18:45:21,2024-07-22 14:51:53
6520000,202465200000600455,620,도순남로,제주특별자치도,서귀포시,제주특별자치도 서귀포시 도순남로 86,제주특별자치도 서귀포시 도순동 348-14,제주특별자치도 서귀포시 도순남로 86,원호형,원호형,10,360,520,일반,Y,33.2474907,126.476703,Y,N,,제주특별자치도 서귀포시청,064-760-3092,2024-01-24,I,2026-05-15 18:45:21,2024-07-22 14:51:54
6520000,202465200000600445,610,칠십리로,제주특별자치도,서귀포시,제주특별자치도 서귀포시 칠십리로 452,제주특별자치도 서귀포시 보목동 661-5,제주특별자치도 서귀포시 칠십리로 452,원호형,원호형,10,360,860,일반,Y,33.242891,126.599043,Y,N,,제주특별자치도 서귀포시청,064-760-3092,2024-01-24,I,2026-05-15 18:45:21,2024-07-22 14:51:54
6520000,202465200000600634,755,표선동서로,제주특별자치도,서귀포시,제주특별자치도 서귀포시 표선면 표선동서로 300,제주특별자치도 서귀포시 표선면 표선리 449-4,제주특별자치도 서귀포시 표선면 표선동서로 300,원호형,원호형,10,370,750,일반,Y,33.329964,126.836402,Y,N,,제주특별자치도 서귀포시청,064-760-3092,2024-07-22,I,2026-05-15 18:45:21,2024-07-22 14:51:55
6520000,202465200000600771,422,솜반천로,제주특별자치도,서귀포시,제주특별자치도 서귀포시 솜반천로 43,제주특별자치도 서귀포시 서홍동 451,제주특별자치도 서귀포시 솜반천로 43,원호형,원호형,10,570,730,일반,Y,33.253643,126.556146,Y,N,,제주특별자치도 서귀포시청,064-760-3092,2024-07-22,I,2026-05-15 18:45:21,2024-07-22 14:51:56
6520000,202465200000600735,386,중산간동로,제주특별자치도,서귀포시,제주특별자치도 서귀포시 남원읍 중산간동로 7097,제주특별자치도 서귀포시 남원읍 신례리 834-2,제주특별자치도 서귀포시 남원읍 중산간동로 7097,원호형,원호형,10,420,720,일반,Y,33.284919,126.633478,Y,N,,제주특별자치도 서귀포시청,064-760-3092,2024-07-22,I,2026-05-15 18:45:21,2024-07-22 14:51:56
6520000,202465200000600401,566,한마음초등로,제주특별자치도,서귀포시,제주특별자치도 서귀포시 표선면 한마음초등로 406,제주특별자치도 서귀포시 표선면 하천리 2611,제주특별자치도 서귀포시 표선면 한마음초등로 406,원호형,원호형,10,360,1080,일반,Y,33.352969,126.814265,Y,N,,제주특별자치도 서귀포시청,064-760-3092,2024-01-24,I,2026-05-15 18:45:21,2024-07-22 14:51:53
6520000,202465200000600725,376,일주동로6285번길,제주특별자치도,서귀포시,제주특별자치도 서귀포시 표선면 일주동로6285번길 7,제주특별자치도 서귀포시 표선면 세화리 1538-3,제주특별자치도 서귀포시 표선면 일주동로6285번길 7,원호형,원호형,10,270,560,일반,N,33.305976,126.800317,Y,N,,제주특별자치도 서귀포시청,064-760-3092,2024-07-22,I,2026-05-15 18:45:21,2024-07-22 14:51:56
6520000,202465200000600615,695,효돈로,제주특별자치도,서귀포시,제주특별자치도 서귀포시 효돈로 150-1,제주특별자치도 서귀포시 신효동110,제주특별자치도 서귀포시 효돈로 150-1,원호형,원호형,10,360,870,일반,Y,33.263641,126.614898,Y,N,,제주특별자치도 서귀포시청,064-760-3092,2024-07-22,I,2026-05-15 18:45:21,2024-07-22 14:51:55
6520000,202465200000600500,665,산방로,제주특별자치도,서귀포시,제주특별자치도 서귀포시 안덕면 산방로 338,제주특별자치도 서귀포시 안덕면 사계리 1734-1,제주특별자치도 서귀포시 안덕면 산방로 338,원호형,원호형,10,360,310,일반,N,33.232586,126.300254,Y,N,,제주특별자치도 서귀포시청,064-760-3092,2024-07-22,I,2026-05-15 18:45:21,2024-07-22 14:51:54
6520000,202465200000600625,705,효돈로,제주특별자치도,서귀포시,제주특별자치도 서귀포시 효돈로 164-4,제주특별자치도 서귀포시 하효동 147-9,제주특별자치도 서귀포시 효돈로 164-4,원호형,원호형,10,360,860,일반,Y,33.263647,126.616425,Y,N,,제주특별자치도 서귀포시청,064-760-3092,2024-07-22,I,2026-05-15 18:45:21,2024-07-22 14:51:55
6520000,202465200000600654,535,서의로,제주특별자치도,서귀포시,제주특별자치도 서귀포시 남원읍 서의로 222,제주특별자치도 서귀포시 남원읍 의귀리 2008,제주특별자치도 서귀포시 남원읍 서의로 222,원호형,원호형,10,360,400,일반,Y,33.309882,126.713804,Y,N,,제주특별자치도 서귀포시청,064-760-3092,2024-07-22,I,2026-05-15 18:45:21,2024-07-22 14:51:55
6520000,202465200000600756,407,솔동산로11번길,제주특별자치도,서귀포시,제주특별자치도 서귀포시 솔동산로11번길 29,제주특별자치도 서귀포시 서귀동 44-3,제주특별자치도 서귀포시 솔동산로11번길 29,원호형,원호형,10,360,630,일반,Y,33.243403,126.567204,Y,N,,제주특별자치도 서귀포시청,064-760-3092,2024-07-22,I,2026-05-15 18:45:21,2024-07-22 14:51:56
6520000,202465200000600743,394,중산간동로,제주특별자치도,서귀포시,제주특별자치도 서귀포시 남원읍 중산간동로 7089,제주특별자치도 서귀포시 남원읍 신례리 834-2,제주특별자치도 서귀포시 남원읍 중산간동로 7089,원호형,원호형,10,360,960,일반,Y,33.285128,126.633806,Y,N,,제주특별자치도 서귀포시청,064-760-3092,2024-07-22,I,2026-05-15 18:45:21,2024-07-22 14:51:56
6520000,202465200000600658,539,토평남로,제주특별자치도,서귀포시,제주특별자치도 서귀포시 토평남로 92,제주특별자치도 서귀포시 토평동 1208,제주특별자치도 서귀포시 토평남로 92,원호형,원호형,10,360,650,일반,Y,33.266556,126.588766,Y,N,,제주특별자치도 서귀포시청,064-760-3092,2024-07-22,I,2026-05-15 18:45:21,2024-07-22 14:51:55
6520000,202465200000600511,676,강정하로,제주특별자치도,서귀포시,제주특별자치도 서귀포시 강정하로 95,제주특별자치도 서귀포시 강정동 4571,제주특별자치도 서귀포시 강정하로 95,원호형,원호형,10,420,410,일반,Y,33.235386,126.478752,Y,N,,제주특별자치도 서귀포시청,064-760-3092,2024-07-22,I,2026-05-15 18:45:21,2024-07-22 14:51:54
6520000,202465200000600568,721,태위로,제주특별자치도,서귀포시,제주특별자치도 서귀포시 남원읍 태위로 72,제주특별자치도 서귀포시 남원읍 위미리 4610,제주특별자치도 서귀포시 남원읍 태위로 72,원호형,원호형,10,360,760,일반,Y,33.273775,126.655131,Y,N,,제주특별자치도 서귀포시청,064-760-3092,2024-07-22,I,2026-05-15 18:45:21,2024-07-22 14:51:55
6520000,202465200000600606,686,월평하원로,제주특별자치도,서귀포시,제주특별자치도 서귀포시 월평하원로 137,제주특별자치도 서귀포시 하원동 314-8,제주특별자치도 서귀포시 월평하원로 137,원호형,원호형,10,350,240,일반,N,33.251748,126.460223,Y,N,,제주특별자치도 서귀포시청,064-760-3092,2024-07-22,I,2026-05-15 18:45:21,2024-07-22 14:51:55
6520000,202465200000600721,488,중산간동로,제주특별자치도,서귀포시,제주특별자치도 서귀포시 성산읍 중산간동로 3297,제주특별자치도 서귀포시 성산읍 수산리 4764,제주특별자치도 서귀포시 성산읍 중산간동로 3297,원호형,원호형,10,150,360,일반,N,33.446455,126.885077,Y,N,,제주특별자치도 서귀포시청,064-760-3092,2024-07-22,I,2026-05-15 18:45:21,2024-07-22 14:51:56
6520000,202465200000600502,667,산방로,제주특별자치도,서귀포시,제주특별자치도 서귀포시 안덕면 산방로 334,제주특별자치도 서귀포시 안덕면 사계리 1732-5,제주특별자치도 서귀포시 안덕면 산방로 334,원호형,원호형,10,360,620,일반,Y,33.232819,126.300909,Y,N,,제주특별자치도 서귀포시청,064-760-3092,2024-07-22,I,2026-05-15 18:45:21,2024-07-22 14:51:54
6520000,202465200000600496,661,상모대서로,제주특별자치도,서귀포시,제주특별자치도 서귀포시 대정읍 상모대서로 7,제주특별자치도 서귀포시 대정읍 상모리 3868-3,제주특별자치도 서귀포시 대정읍 상모대서로 7,원호형,원호형,10,230,660,일반,N,33.224205,126.255622,Y,N,,제주특별자치도 서귀포시청,064-760-3092,2024-07-22,I,2026-05-15 18:45:21,2024-07-22 14:51:54
6520000,202465200000600486,651,중동로8번길,제주특별자치도,서귀포시,제주특별자치도 서귀포시 중동로8번길 12,제주특별자치도 서귀포시 서귀동 283-3,제주특별자치도 서귀포시 중동로8번길 12,원호형,원호형,10,400,440,일반,Y,33.253343,126.564269,Y,N,,제주특별자치도 서귀포시청,064-760-3092,2024-07-22,I,2026-05-15 18:45:21,2024-07-22 14:51:54
6520000,202465200000600713,480,수시로,제주특별자치도,서귀포시,제주특별자치도 서귀포시 성산읍 수시로 3,제주특별자치도 서귀포시 성산읍 수산리 4764,제주특별자치도 서귀포시 성산읍 수시로 3,원호형,원호형,10,220,760,일반,N,33.446143,126.885492,Y,N,,제주특별자치도 서귀포시청,064-760-3092,2024-07-22,I,2026-05-15 18:45:21,2024-07-22 14:51:56
6520000,202465200000600795,561,한마음초등로,제주특별자치도,서귀포시,제주특별자치도 서귀포시 표선면 한마음초등로 406,제주특별자치도 서귀포시 표선면 하천리 2611,제주특별자치도 서귀포시 표선면 한마음초등로 406,원호형,원호형,10,360,1080,일반,Y,33.352969,126.814265,Y,N,,제주특별자치도 서귀포시청,064-760-3092,2024-07-22,I,2026-05-15 18:45:21,2024-07-22 14:51:57
6520000,202465200000600737,388,중산간동로,제주특별자치도,서귀포시,제주특별자치도 서귀포시 남원읍 중산간동로 7097,제주특별자치도 서귀포시 남원읍 신례리 834-2,제주특별자치도 서귀포시 남원읍 중산간동로 7097,원호형,원호형,10,420,720,일반,Y,33.284919,126.633478,Y,N,,제주특별자치도 서귀포시청,064-760-3092,2024-07-22,I,2026-05-15 18:45:21,2024-07-22 14:51:56
6520000,202465200000600574,727,태위로,제주특별자치도,서귀포시,제주특별자치도 서귀포시 남원읍 태위로 58,제주특별자치도 서귀포시 남원읍 위미리 4610,제주특별자치도 서귀포시 남원읍 태위로 58,원호형,원호형,10,370,830,일반,Y,33.273401,126.653853,Y,N,,제주특별자치도 서귀포시청,064-760-3092,2024-07-22,I,2026-05-15 18:45:21,2024-07-22 14:51:55
6520000,202465200000600551,747,표선동서로,제주특별자치도,서귀포시,제주특별자치도 서귀포시 표선면 표선동서로 285,제주특별자치도 서귀포시 표선면 표선리 463-6,제주특별자치도 서귀포시 표선면 표선동서로 285,원호형,원호형,10,360,880,일반,Y,33.328497,126.835064,Y,N,,제주특별자치도 서귀포시청,064-760-3092,2024-07-22,I,2026-05-15 18:45:21,2024-07-22 14:51:54
6520000,202465200000600570,723,태위로,제주특별자치도,서귀포시,제주특별자치도 서귀포시 남원읍 태위로 72,제주특별자치도 서귀포시 남원읍 위미리 4610,제주특별자치도 서귀포시 남원읍 태위로 72,원호형,원호형,10,360,760,일반,Y,33.273775,126.655131,Y,N,,제주특별자치도 서귀포시청,064-760-3092,2024-07-22,I,2026-05-15 18:45:21,2024-07-22 14:51:55
6520000,202465200000600748,399,신례로,제주특별자치도,서귀포시,제주특별자치도 서귀포시 남원읍 신례로 226,제주특별자치도 서귀포시 남원읍 신례리 840-6,제주특별자치도 서귀포시 남원읍 신례로 226,원호형,원호형,10,360,750,일반,Y,33.284778,126.632808,Y,N,,제주특별자치도 서귀포시청,064-760-3092,2024-07-22,I,2026-05-15 18:45:21,2024-07-22 14:51:56
6520000,202465200000600567,720,태위로,제주특별자치도,서귀포시,제주특별자치도 서귀포시 남원읍 태위로 86,제주특별자치도 서귀포시 남원읍 위미리 4610,제주특별자치도 서귀포시 남원읍 태위로 86,원호형,원호형,10,360,830,일반,Y,33.274215,126.656584,Y,N,,제주특별자치도 서귀포시청,064-760-3092,2024-07-22,I,2026-05-15 18:45:21,2024-07-22 14:51:55
6520000,202465200000600595,529,한신로,제주특별자치도,서귀포시,제주특별자치도 서귀포시 남원읍 한신로 234-2,제주특별자치도 서귀포시 남원읍 의귀리 1502-2,제주특별자치도 서귀포시 남원읍 한신로 234-2,원호형,원호형,10,360,780,일반,Y,33.310652,126.715712,Y,N,,제주특별자치도 서귀포시청,064-760-3092,2024-07-22,I,2026-05-15 18:45:21,2024-07-22 14:51:55
6520000,202465200000600580,514,화순중앙로,제주특별자치도,서귀포시,제주특별자치도 서귀포시 안덕면 화순중앙로 23,제주특별자치도 서귀포시 안덕면 화순리 1128-1,제주특별자치도 서귀포시 안덕면 화순중앙로 23,원호형,원호형,10,350,610,일반,N,33.250059,126.335133,Y,N,,제주특별자치도 서귀포시청,064-760-3092,2024-07-22,I,2026-05-15 18:45:21,2024-07-22 14:51:55
6520000,202465200000600653,534,서의로,제주특별자치도,서귀포시,제주특별자치도 서귀포시 남원읍 서의로 222,제주특별자치도 서귀포시 남원읍 의귀리 2008,제주특별자치도 서귀포시 남원읍 서의로 222,원호형,원호형,10,360,400,일반,Y,33.309882,126.713804,Y,N,,제주특별자치도 서귀포시청,064-760-3092,2024-07-22,I,2026-05-15 18:45:21,2024-07-22 14:51:55
6520000,202465200000600672,553,한마음초등로,제주특별자치도,서귀포시,제주특별자치도 서귀포시 표선면 한마음초등로 406,제주특별자치도 서귀포시 표선면 하천리 2611,제주특별자치도 서귀포시 표선면 한마음초등로 406,원호형,원호형,10,360,1210,일반,Y,33.353062,126.815475,Y,N,,제주특별자치도 서귀포시청,064-760-3092,2024-07-22,I,2026-05-15 18:45:21,2024-07-22 14:51:55
6520000,202465200000600698,465,고성오조로,제주특별자치도,서귀포시,제주특별자치도 서귀포시 성산읍 고성오조로 107-1,제주특별자치도 서귀포시 성산읍 오조리 2210,제주특별자치도 서귀포시 성산읍 고성오조로 107-1,원호형,원호형,10,360,830,일반,Y,33.453231,126.913716,Y,N,,제주특별자치도 서귀포시청,064-760-3092,2024-07-22,I,2026-05-15 18:45:21,2024-07-22 14:51:56
6520000,202465200000600400,565,한마음초등로,제주특별자치도,서귀포시,제주특별자치도 서귀포시 표선면 한마음초등로 406,제주특별자치도 서귀포시 표선면 하천리 2611,제주특별자치도 서귀포시 표선면 한마음초등로 406,원호형,원호형,10,360,1080,일반,Y,33.352969,126.814265,Y,N,,제주특별자치도 서귀포시청,064-760-3092,2024-01-24,I,2026-05-15 18:45:21,2024-07-22 14:51:53
6520000,202465200000600517,495,중산간동로,제주특별자치도,서귀포시,제주특별자치도 서귀포시 성산읍 중산간동로 3289,제주특별자치도 서귀포시 성산읍 수산리 640-3,제주특별자치도 서귀포시 성산읍 중산간동로 3289,원호형,원호형,10,170,670,일반,N,33.446722,126.884756,Y,N,,제주특별자치도 서귀포시청,064-760-3092,2024-07-22,I,2026-05-15 18:45:21,2024-07-22 14:51:54
6520000,202465200000600700,467,고성오조로,제주특별자치도,서귀포시,제주특별자치도 서귀포시 성산읍 고성오조로 111,제주특별자치도 서귀포시 성산읍 오조리 2210,제주특별자치도 서귀포시 성산읍 고성오조로 111,원호형,원호형,10,360,830,일반,Y,33.453634,126.913541,Y,N,,제주특별자치도 서귀포시청,064-760-3092,2024-07-22,I,2026-05-15 18:45:21,2024-07-22 14:51:56
6520000,202465200000600572,725,태위로67번길,제주특별자치도,서귀포시,제주특별자치도 서귀포시 남원읍 태위로67번길 17,제주특별자치도 서귀포시 남원읍 위미리 4610,제주특별자치도 서귀포시 남원읍 태위로67번길 17,원호형,원호형,10,360,730,일반,Y,33.274795,126.654387,Y,N,,제주특별자치도 서귀포시청,064-760-3092,2024-07-22,I,2026-05-15 18:45:21,2024-07-22 14:51:55
6520000,202465200000600761,412,솔동산로11번길,제주특별자치도,서귀포시,제주특별자치도 서귀포시 솔동산로11번길 29,제주특별자치도 서귀포시 서귀동 46-3,제주특별자치도 서귀포시 솔동산로11번길 29,원호형,원호형,10,360,470,일반,Y,33.243383,126.566857,Y,N,,제주특별자치도 서귀포시청,064-760-3092,2024-07-22,I,2026-05-15 18:45:21,2024-07-22 14:51:56
6520000,202465200000600541,737,표선중앙로43번길,제주특별자치도,서귀포시,제주특별자치도 서귀포시 표선면 표선중앙로43번길 20,제주특별자치도 서귀포시 표선면 표선리 2954,제주특별자치도 서귀포시 표선면 표선중앙로43번길 20,원호형,원호형,10,360,1000,일반,Y,33.328564,126.833025,Y,N,,제주특별자치도 서귀포시청,064-760-3092,2024-07-22,I,2026-05-15 18:45:21,2024-07-22 14:51:54
6520000,202465200000600755,406,중산간동로,제주특별자치도,서귀포시,제주특별자치도 서귀포시 남원읍 중산간동로 7121,제주특별자치도 서귀포시 남원읍 신례리 830-1,제주특별자치도 서귀포시 남원읍 중산간동로 7121,원호형,원호형,10,360,890,일반,Y,33.283475,126.631632,Y,N,,제주특별자치도 서귀포시청,064-760-3092,2024-07-22,I,2026-05-15 18:45:21,2024-07-22 14:51:56
6520000,202465200000600712,479,수시로,제주특별자치도,서귀포시,제주특별자치도 서귀포시 성산읍 수시로 3,제주특별자치도 서귀포시 성산읍 수산리 4764,제주특별자치도 서귀포시 성산읍 수시로 3,원호형,원호형,10,220,760,일반,N,33.446143,126.885492,Y,N,,제주특별자치도 서귀포시청,064-760-3092,2024-07-22,I,2026-05-15 18:45:21,2024-07-22 14:51:56
6520000,202465200000600577,511,화순중앙로,제주특별자치도,서귀포시,제주특별자치도 서귀포시 안덕면 화순중앙로 20,제주특별자치도 서귀포시 안덕면 화순리 1141-2,제주특별자치도 서귀포시 안덕면 화순중앙로 20,원호형,원호형,10,350,710,일반,N,33.250516,126.334546,Y,N,,제주특별자치도 서귀포시청,064-760-3092,2024-07-22,I,2026-05-15 18:45:21,2024-07-22 14:51:55
6520000,202465200000600499,664,산방로,제주특별자치도,서귀포시,제주특별자치도 서귀포시 안덕면 산방로 342,제주특별자치도 서귀포시 안덕면 사계리 1732-5,제주특별자치도 서귀포시 안덕면 산방로 342,원호형,원호형,10,360,660,일반,Y,33.232507,126.300088,Y,N,,제주특별자치도 서귀포시청,064-760-3092,2024-07-22,I,2026-05-15 18:45:21,2024-07-22 14:51:54
6520000,202465200000600609,689,월평하원로,제주특별자치도,서귀포시,제주특별자치도 서귀포시 월평하원로 154,제주특별자치도 서귀포시 월평동 239-3,제주특별자치도 서귀포시 월평하원로 154,원호형,원호형,10,380,250,일반,N,33.253061,126.460088,Y,N,,제주특별자치도 서귀포시청,064-760-3092,2024-07-22,I,2026-05-15 18:45:21,2024-07-22 14:51:55
6520000,202465200000600488,653,동문동로,제주특별자치도,서귀포시,제주특별자치도 서귀포시 동문동로 51,제주특별자치도 서귀포시 서귀동 285-21,제주특별자치도 서귀포시 동문동로 51,원호형,원호형,10,240,490,일반,N,33.252255,126.563287,Y,N,,제주특별자치도 서귀포시청,064-760-3092,2024-07-22,I,2026-05-15 18:45:21,2024-07-22 14:51:54
6520000,202465200000600742,393,중산간동로,제주특별자치도,서귀포시,제주특별자치도 서귀포시 남원읍 중산간동로 7089,제주특별자치도 서귀포시 남원읍 신례리 834-2,제주특별자치도 서귀포시 남원읍 중산간동로 7089,원호형,원호형,10,360,960,일반,Y,33.285128,126.633806,Y,N,,제주특별자치도 서귀포시청,064-760-3092,2024-07-22,I,2026-05-15 18:45:21,2024-07-22 14:51:56
6520000,202465200000600467,632,태위로,제주특별자치도,서귀포시,제주특별자치도 서귀포시 남원읍 태위로 642,제주특별자치도 서귀포시 남원읍 남원리 2490-116,제주특별자치도 서귀포시 남원읍 태위로 642,원호형,원호형,10,360,910,일반,Y,33.278088,126.715098,Y,N,,제주특별자치도 서귀포시청,064-760-3092,2024-01-24,I,2026-05-15 18:45:21,2024-07-22 14:51:54
6520000,202465200000600506,671,열리로,제주특별자치도,서귀포시,제주특별자치도 서귀포시 열리로 62,제주특별자치도 서귀포시 상예동 4999,제주특별자치도 서귀포시 열리로 62,원호형,원호형,10,430,620,일반,Y,33.246487,126.391565,Y,N,,제주특별자치도 서귀포시청,064-760-3092,2024-07-22,I,2026-05-15 18:45:21,2024-07-22 14:51:54
6520000,202465200000600687,454,동홍중앙로,제주특별자치도,서귀포시,제주특별자치도 서귀포시 동홍중앙로 29,제주특별자치도 서귀포시 동홍동 657-6,제주특별자치도 서귀포시 동홍중앙로 29,원호형,원호형,10,360,800,일반,Y,33.253285,126.571847,Y,N,,제주특별자치도 서귀포시청,064-760-3092,2024-07-22,I,2026-05-15 18:45:21,2024-07-22 14:51:56
6520000,202465200000600646,767,고성오조로,제주특별자치도,서귀포시,제주특별자치도 서귀포시 성산읍 고성오조로 58,제주특별자치도 서귀포시 성산읍 고성리 2747,제주특별자치도 서귀포시 성산읍 고성오조로 58,원호형,원호형,10,360,810,일반,Y,33.448815,126.915008,Y,N,,제주특별자치도 서귀포시청,064-760-3092,2024-07-22,I,2026-05-15 18:45:21,2024-07-22 14:51:55
6520000,202465200000600524,502,중산간동로,제주특별자치도,서귀포시,제주특별자치도 서귀포시 성산읍 중산간동로 3308-1,제주특별자치도 서귀포시 성산읍 수산리 4764,제주특별자치도 서귀포시 성산읍 중산간동로 3308-1,원호형,원호형,10,180,900,일반,N,33.4457309,126.885078,Y,N,,제주특별자치도 서귀포시청,064-760-3092,2024-07-22,I,2026-05-15 18:45:21,2024-07-22 14:51:54
6520000,202465200000600516,494,중산간동로,제주특별자치도,서귀포시,제주특별자치도 서귀포시 성산읍 중산간동로 3289,제주특별자치도 서귀포시 성산읍 수산리 640-3,제주특별자치도 서귀포시 성산읍 중산간동로 3289,원호형,원호형,10,170,670,일반,N,33.446722,126.884756,Y,N,,제주특별자치도 서귀포시청,064-760-3092,2024-07-22,I,2026-05-15 18:45:21,2024-07-22 14:51:54
6520000,202465200000600545,741,표선중앙로43번길,제주특별자치도,서귀포시,제주특별자치도 서귀포시 표선면 표선중앙로43번길 32,제주특별자치도 서귀포시 표선면 표선리 507-6,제주특별자치도 서귀포시 표선면 표선중앙로43번길 32,원호형,원호형,10,360,480,일반,Y,33.328736,126.834142,Y,N,,제주특별자치도 서귀포시청,064-760-3092,2024-07-22,I,2026-05-15 18:45:21,2024-07-22 14:51:54
6520000,202465200000600741,392,중산간동로,제주특별자치도,서귀포시,제주특별자치도 서귀포시 남원읍 중산간동로 7089,제주특별자치도 서귀포시 남원읍 신례리 834-2,제주특별자치도 서귀포시 남원읍 중산간동로 7089,원호형,원호형,10,360,960,일반,Y,33.285128,126.633806,Y,N,,제주특별자치도 서귀포시청,064-760-3092,2024-07-22,I,2026-05-15 18:45:21,2024-07-22 14:51:56
6520000,202465200000600796,562,한마음초등로,제주특별자치도,서귀포시,제주특별자치도 서귀포시 표선면 한마음초등로 406,제주특별자치도 서귀포시 표선면 하천리 2611,제주특별자치도 서귀포시 표선면 한마음초등로 406,원호형,원호형,10,360,1080,일반,Y,33.352969,126.814265,Y,N,,제주특별자치도 서귀포시청,064-760-3092,2024-07-22,I,2026-05-15 18:45:21,2024-07-22 14:51:57
6520000,202465200000600449,614,이어도로,제주특별자치도,서귀포시,제주특별자치도 서귀포시 이어도로 882,제주특별자치도 서귀포시 법환동 1289-5,제주특별자치도 서귀포시 이어도로 882,원호형,원호형,10,360,1170,일반,Y,33.236623,126.5087707,Y,N,,제주특별자치도 서귀포시청,064-760-3092,2024-01-24,I,2026-05-15 18:45:21,2024-07-22 14:51:54
6520000,202465200000600776,427,솜반천로,제주특별자치도,서귀포시,제주특별자치도 서귀포시 솜반천로 35-1,제주특별자치도 서귀포시 서홍동 451,제주특별자치도 서귀포시 솜반천로 35-1,원호형,원호형,10,760,760,일반,Y,33.253797,126.556844,Y,N,,제주특별자치도 서귀포시청,064-760-3092,2024-07-22,I,2026-05-15 18:45:21,2024-07-22 14:51:56
6520000,202465200000600476,641,태위로641번길,제주특별자치도,서귀포시,제주특별자치도 서귀포시 남원읍 태위로641번길 19,제주특별자치도 서귀포시 남원읍 남원리 1293-3,제주특별자치도 서귀포시 남원읍 태위로641번길 19,원호형,원호형,10,360,600,일반,Y,33.279839,126.715111,Y,N,,제주특별자치도 서귀포시청,064-760-3092,2024-07-22,I,2026-05-15 18:45:21,2024-07-22 14:51:54
6520000,202465200000600558,711,태위로,제주특별자치도,서귀포시,제주특별자치도 서귀포시 남원읍 태위로 62-1,제주특별자치도 서귀포시 남원읍 위미리 4610,제주특별자치도 서귀포시 남원읍 태위로 62-1,원호형,원호형,10,370,780,일반,Y,33.273561,126.654402,Y,N,,제주특별자치도 서귀포시청,064-760-3092,2024-07-22,I,2026-05-15 18:45:21,2024-07-22 14:51:54
6520000,202465200000600434,599,추사로,제주특별자치도,서귀포시,제주특별자치도 서귀포시 대정읍 추사로 57,제주특별자치도 서귀포시 대정읍 보성리 2138,제주특별자치도 서귀포시 대정읍 추사로 57,원호형,원호형,10,350,580,일반,N,33.249927,126.276614,Y,N,,제주특별자치도 서귀포시청,064-760-3092,2024-01-24,I,2026-05-15 18:45:21,2024-07-22 14:51:53
6520000,202465200000600670,551,토평로50번길,제주특별자치도,서귀포시,제주특별자치도 서귀포시 토평로50번길 45,제주특별자치도 서귀포시 토평동 1219-2,제주특별자치도 서귀포시 토평로50번길 45,원호형,원호형,10,360,780,일반,Y,33.266035,126.590292,Y,N,,제주특별자치도 서귀포시청,064-760-3092,2024-07-22,I,2026-05-15 18:45:21,2024-07-22 14:51:55
6520000,202465200000600727,378,중앙로101번길,제주특별자치도,서귀포시,제주특별자치도 서귀포시 중앙로101번길 32,제주특별자치도 서귀포시 서홍동 444-34,제주특별자치도 서귀포시 중앙로101번길 32,원호형,원호형,10,250,770,일반,N,33.253506,126.557563,Y,N,,제주특별자치도 서귀포시청,064-760-3092,2024-07-22,I,2026-05-15 18:45:21,2024-07-22 14:51:56
6520000,202465200000600575,509,중산간동로,제주특별자치도,서귀포시,제주특별자치도 서귀포시 성산읍 중산간동로 3285,제주특별자치도 서귀포시 성산읍 수산리 640-3,제주특별자치도 서귀포시 성산읍 중산간동로 3285,원호형,원호형,10,350,680,일반,N,33.447123,126.884315,Y,N,,제주특별자치도 서귀포시청,064-760-3092,2024-07-22,I,2026-05-15 18:45:21,2024-07-22 14:51:55
6520000,202465200000600651,679,이어도로,제주특별자치도,서귀포시,제주특별자치도 서귀포시 이어도로 596,제주특별자치도 서귀포시 강정동 5652,제주특별자치도 서귀포시 이어도로 596,원호형,원호형,10,370,870,일반,Y,33.235542,126.480165,Y,N,,제주특별자치도 서귀포시청,064-760-3092,2024-07-22,I,2026-05-15 18:45:21,2024-07-22 14:51:55
6520000,202465200000600560,713,태위로,제주특별자치도,서귀포시,제주특별자치도 서귀포시 남원읍 태위로 62-1,제주특별자치도 서귀포시 남원읍 위미리 4610,제주특별자치도 서귀포시 남원읍 태위로 62-1,원호형,원호형,10,370,780,일반,Y,33.273561,126.654402,Y,N,,제주특별자치도 서귀포시청,064-760-3092,2024-07-22,I,2026-05-15 18:45:21,2024-07-22 14:51:54
6520000,202465200000600600,773,고성오조로,제주특별자치도,서귀포시,제주특별자치도 서귀포시 성산읍 고성오조로 48-1,제주특별자치도 서귀포시 성산읍 고성리 2747,제주특별자치도 서귀포시 성산읍 고성오조로 48-1,원호형,원호형,10,360,1010,일반,Y,33.448038,126.915073,Y,N,,제주특별자치도 서귀포시청,064-760-3092,2024-07-22,I,2026-05-15 18:45:21,2024-07-22 14:51:55
6520000,202465200000600509,674,말질로,제주특별자치도,서귀포시,제주특별자치도 서귀포시 말질로 196,제주특별자치도 서귀포시 강정동 5652,제주특별자치도 서귀포시 말질로 196,원호형,원호형,10,300,750,일반,N,33.233856,126.479595,Y,N,,제주특별자치도 서귀포시청,064-760-3092,2024-07-22,I,2026-05-15 18:45:21,2024-07-22 14:51:54
6520000,202465200000600736,387,중산간동로,제주특별자치도,서귀포시,제주특별자치도 서귀포시 남원읍 중산간동로 7097,제주특별자치도 서귀포시 남원읍 신례리 834-2,제주특별자치도 서귀포시 남원읍 중산간동로 7097,원호형,원호형,10,420,720,일반,Y,33.284919,126.633478,Y,N,,제주특별자치도 서귀포시청,064-760-3092,2024-07-22,I,2026-05-15 18:45:21,2024-07-22 14:51:56
6520000,202465200000600549,745,표선동서로,제주특별자치도,서귀포시,제주특별자치도 서귀포시 표선면 표선동서로 285,제주특별자치도 서귀포시 표선면 표선리 463-6,제주특별자치도 서귀포시 표선면 표선동서로 285,원호형,원호형,10,360,880,일반,Y,33.328497,126.835064,Y,N,,제주특별자치도 서귀포시청,064-760-3092,2024-07-22,I,2026-05-15 18:45:21,2024-07-22 14:51:54
6520000,202465200000600536,732,태위로,제주특별자치도,서귀포시,제주특별자치도 서귀포시 남원읍 태위로 77,제주특별자치도 서귀포시 남원읍 위미리 4610,제주특별자치도 서귀포시 남원읍 태위로 77,원호형,원호형,10,330,830,일반,N,33.273971,126.655731,Y,N,,제주특별자치도 서귀포시청,064-760-3092,2024-07-22,I,2026-05-15 18:45:21,2024-07-22 14:51:54
6520000,202465200000600522,500,수시로,제주특별자치도,서귀포시,제주특별자치도 서귀포시 성산읍 수시로 3,제주특별자치도 서귀포시 성산읍 수산리 4764,제주특별자치도 서귀포시 성산읍 수시로 3,원호형,원호형,10,170,910,일반,N,33.446145,126.885415,Y,N,,제주특별자치도 서귀포시청,064-760-3092,2024-07-22,I,2026-05-15 18:45:21,2024-07-22 14:51:54
6520000,202465200000600441,606,마소물로,제주특별자치도,서귀포시,제주특별자치도 서귀포시 마소물로 31,제주특별자치도 서귀포시 보목동 881-3,제주특별자치도 서귀포시 마소물로 31,원호형,원호형,10,360,330,일반,N,33.245819,126.599474,Y,N,,제주특별자치도 서귀포시청,064-760-3092,2024-01-24,I,2026-05-15 18:45:21,2024-07-22 14:51:53
6520000,202465200000600406,571,태위로,제주특별자치도,서귀포시,제주특별자치도 서귀포시 남원읍 태위로 912,제주특별자치도 서귀포시 남원읍 태흥리 2003,제주특별자치도 서귀포시 남원읍 태위로 912,원호형,원호형,10,360,820,일반,Y,33.285452,126.743001,Y,N,,제주특별자치도 서귀포시청,064-760-3092,2024-01-24,I,2026-05-15 18:45:21,2024-07-22 14:51:53
6520000,202465200000600798,564,한마음초등로,제주특별자치도,서귀포시,제주특별자치도 서귀포시 표선면 한마음초등로 406,제주특별자치도 서귀포시 표선면 하천리 2611,제주특별자치도 서귀포시 표선면 한마음초등로 406,원호형,원호형,10,360,1080,일반,Y,33.352969,126.814265,Y,N,,제주특별자치도 서귀포시청,064-760-3092,2024-07-22,I,2026-05-15 18:45:21,2024-07-22 14:51:57
6520000,202465200000600669,550,토평로50번길,제주특별자치도,서귀포시,제주특별자치도 서귀포시 토평로50번길 45,제주특별자치도 서귀포시 토평동 1219-2,제주특별자치도 서귀포시 토평로50번길 45,원호형,원호형,10,360,780,일반,Y,33.266035,126.590292,Y,N,,제주특별자치도 서귀포시청,064-760-3092,2024-07-22,I,2026-05-15 18:45:21,2024-07-22 14:51:55
6520000,202465200000600692,459,고성오조로,제주특별자치도,서귀포시,제주특별자치도 서귀포시 성산읍 고성오조로 107-1,제주특별자치도 서귀포시 성산읍 오조리 2210,제주특별자치도 서귀포시 성산읍 고성오조로 107-1,원호형,원호형,10,360,830,일반,Y,33.453231,126.913716,Y,N,,제주특별자치도 서귀포시청,064-760-3092,2024-07-22,I,2026-05-15 18:45:21,2024-07-22 14:51:56
6520000,202465200000600733,384,중산간동로,제주특별자치도,서귀포시,제주특별자치도 서귀포시 남원읍 중산간동로 7113,제주특별자치도 서귀포시 남원읍 신례리 830-1,제주특별자치도 서귀포시 남원읍 중산간동로 7113,원호형,원호형,10,570,900,일반,Y,33.2835407,126.632257,Y,N,,제주특별자치도 서귀포시청,064-760-3092,2024-07-22,I,2026-05-15 18:45:21,2024-07-22 14:51:56
6520000,202465200000600691,458,고성오조로,제주특별자치도,서귀포시,제주특별자치도 서귀포시 성산읍 고성오조로 107-1,제주특별자치도 서귀포시 성산읍 오조리 2210,제주특별자치도 서귀포시 성산읍 고성오조로 107-1,원호형,원호형,10,360,830,일반,Y,33.453231,126.913716,Y,N,,제주특별자치도 서귀포시청,064-760-3092,2024-07-22,I,2026-05-15 18:45:21,2024-07-22 14:51:56
6520000,202465200000600664,545,토평남로,제주특별자치도,서귀포시,제주특별자치도 서귀포시 토평남로 79,제주특별자치도 서귀포시 토평동 1194-2,제주특별자치도 서귀포시 토평남로 79,원호형,원호형,10,360,650,일반,Y,33.265133,126.588907,Y,N,,제주특별자치도 서귀포시청,064-760-3092,2024-07-22,I,2026-05-15 18:45:21,2024-07-22 14:51:55
6520000,202465200000600491,656,무릉중앙로,제주특별자치도,서귀포시,제주특별자치도 서귀포시 대정읍 무릉중앙로 1,제주특별자치도 서귀포시 대정읍 무릉리 4097,제주특별자치도 서귀포시 대정읍 무릉중앙로 1,원호형,원호형,10,360,980,일반,Y,33.271364,126.201785,Y,N,,제주특별자치도 서귀포시청,064-760-3092,2024-07-22,I,2026-05-15 18:45:21,2024-07-22 14:51:54
6520000,202465200000600786,437,신동로67번길,제주특별자치도,서귀포시,제주특별자치도 서귀포시 신동로67번길 13,제주특별자치도 서귀포시 법환동 753,제주특별자치도 서귀포시 신동로67번길 13,원호형,원호형,10,350,1480,일반,N,33.255192,126.511993,Y,N,,제주특별자치도 서귀포시청,064-760-3092,2024-07-22,I,2026-05-15 18:45:21,2024-07-22 14:51:56
6520000,202465200000600671,552,한마음초등로,제주특별자치도,서귀포시,제주특별자치도 서귀포시 표선면 한마음초등로 406,제주특별자치도 서귀포시 표선면 하천리 2611,제주특별자치도 서귀포시 표선면 한마음초등로 406,원호형,원호형,10,360,1210,일반,Y,33.353062,126.815475,Y,N,,제주특별자치도 서귀포시청,064-760-3092,2024-07-22,I,2026-05-15 18:45:21,2024-07-22 14:51:55
6520000,202465200000600695,462,고성오조로,제주특별자치도,서귀포시,제주특별자치도 서귀포시 성산읍 고성오조로 111,제주특별자치도 서귀포시 성산읍 오조리 2210,제주특별자치도 서귀포시 성산읍 고성오조로 111,원호형,원호형,10,360,830,일반,Y,33.453634,126.913541,Y,N,,제주특별자치도 서귀포시청,064-760-3092,2024-07-22,I,2026-05-15 18:45:21,2024-07-22 14:51:56
6520000,202465200000600645,766,고성오조로,제주특별자치도,서귀포시,제주특별자치도 서귀포시 성산읍 고성오조로 58,제주특별자치도 서귀포시 성산읍 고성리 2747,제주특별자치도 서귀포시 성산읍 고성오조로 58,원호형,원호형,10,360,810,일반,Y,33.448815,126.915008,Y,N,,제주특별자치도 서귀포시청,064-760-3092,2024-07-22,I,2026-05-15 18:45:21,2024-07-22 14:51:55
6520000,202465200000600592,526,한신로,제주특별자치도,서귀포시,제주특별자치도 서귀포시 남원읍 한신로 217,제주특별자치도 서귀포시 남원읍 의귀리 1483-8,제주특별자치도 서귀포시 남원읍 한신로 217,원호형,원호형,10,360,1060,일반,Y,33.309929,126.714569,Y,N,,제주특별자치도 서귀포시청,064-760-3092,2024-07-22,I,2026-05-15 18:45:21,2024-07-22 14:51:55
6520000,202465200000600630,751,표선동서로,제주특별자치도,서귀포시,제주특별자치도 서귀포시 표선면 표선동서로 299,제주특별자치도 서귀포시 표선면 표선리 447-11,제주특별자치도 서귀포시 표선면 표선동서로 299,원호형,원호형,10,330,740,일반,N,33.329645,126.836107,Y,N,,제주특별자치도 서귀포시청,064-760-3092,2024-07-22,I,2026-05-15 18:45:21,2024-07-22 14:51:55
6520000,202465200000600515,493,중산간동로,제주특별자치도,서귀포시,제주특별자치도 서귀포시 성산읍 중산간동로 3289,제주특별자치도 서귀포시 성산읍 수산리 640-3,제주특별자치도 서귀포시 성산읍 중산간동로 3289,원호형,원호형,10,170,670,일반,N,33.446722,126.884756,Y,N,,제주특별자치도 서귀포시청,064-760-3092,2024-07-22,I,2026-05-15 18:45:21,2024-07-22 14:51:54
6520000,202465200000600769,420,솜반천로,제주특별자치도,서귀포시,제주특별자치도 서귀포시 솜반천로 43,제주특별자치도 서귀포시 서홍동 451,제주특별자치도 서귀포시 솜반천로 43,원호형,원호형,10,480,570,일반,Y,33.253643,126.556146,Y,N,,제주특별자치도 서귀포시청,064-760-3092,2024-07-22,I,2026-05-15 18:45:21,2024-07-22 14:51:56
6520000,202465200000600462,627,태위로,제주특별자치도,서귀포시,제주특별자치도 서귀포시 남원읍 태위로 646-1,제주특별자치도 서귀포시 남원읍 남원리 2490-116,제주특별자치도 서귀포시 남원읍 태위로 646-1,원호형,원호형,10,360,870,일반,Y,33.278227,126.715556,Y,N,,제주특별자치도 서귀포시청,064-760-3092,2024-01-24,I,2026-05-15 18:45:21,2024-07-22 14:51:54
6520000,202465200000600573,726,태위로67번길,제주특별자치도,서귀포시,제주특별자치도 서귀포시 남원읍 태위로67번길 17,제주특별자치도 서귀포시 남원읍 위미리 4610,제주특별자치도 서귀포시 남원읍 태위로67번길 17,원호형,원호형,10,360,730,일반,Y,33.274795,126.654387,Y,N,,제주특별자치도 서귀포시청,064-760-3092,2024-07-22,I,2026-05-15 18:45:21,2024-07-22 14:51:55
6520000,202465200000600659,540,토평남로,제주특별자치도,서귀포시,제주특별자치도 서귀포시 토평남로 79,제주특별자치도 서귀포시 토평동 1196,제주특별자치도 서귀포시 토평남로 79,원호형,원호형,10,360,600,일반,Y,33.265388,126.588868,Y,N,,제주특별자치도 서귀포시청,064-760-3092,2024-07-22,I,2026-05-15 18:45:21,2024-07-22 14:51:55
6520000,202465200000600581,515,화순로56번길,제주특별자치도,서귀포시,제주특별자치도 서귀포시 안덕면 화순로56번길 30,제주특별자치도 서귀포시 안덕면 화순리 1293-2,제주특별자치도 서귀포시 안덕면 화순로56번길 30,원호형,원호형,10,350,690,일반,N,33.249343,126.336086,Y,N,,제주특별자치도 서귀포시청,064-760-3092,2024-07-22,I,2026-05-15 18:45:21,2024-07-22 14:51:55
6520000,202465200000600414,579,풍천로,제주특별자치도,서귀포시,제주특별자치도 서귀포시 성산읍 풍천로 20,제주특별자치도 서귀포시 성산읍 신천리 862-9,제주특별자치도 서귀포시 성산읍 풍천로 20,원호형,원호형,10,530,740,일반,Y,33.347377,126.850584,Y,N,,제주특별자치도 서귀포시청,064-760-3092,2024-01-24,I,2026-05-15 18:45:21,2024-07-22 14:51:53
6520000,202465200000600480,645,중앙로,제주특별자치도,서귀포시,제주특별자치도 서귀포시 중앙로 175,제주특별자치도 서귀포시 서홍동 2566,제주특별자치도 서귀포시 중앙로 175,원호형,원호형,10,350,580,일반,N,33.260533,126.558214,Y,N,,제주특별자치도 서귀포시청,064-760-3092,2024-07-22,I,2026-05-15 18:45:21,2024-07-22 14:51:54
6520000,202465200000600439,604,마소물로,제주특별자치도,서귀포시,제주특별자치도 서귀포시 마소물로 41,제주특별자치도 서귀포시 보목동 893-11,제주특별자치도 서귀포시 마소물로 41,원호형,원호형,10,360,670,일반,Y,33.2464704,126.599518,Y,N,,제주특별자치도 서귀포시청,064-760-3092,2024-01-24,I,2026-05-15 18:45:21,2024-07-22 14:51:53
6520000,202465200000600521,499,수시로,제주특별자치도,서귀포시,제주특별자치도 서귀포시 성산읍 수시로 3,제주특별자치도 서귀포시 성산읍 수산리 4764,제주특별자치도 서귀포시 성산읍 수시로 3,원호형,원호형,10,170,910,일반,N,33.446145,126.885415,Y,N,,제주특별자치도 서귀포시청,064-760-3092,2024-07-22,I,2026-05-15 18:45:21,2024-07-22 14:51:54
6520000,202465200000600781,432,신동로67번길,제주특별자치도,서귀포시,제주특별자치도 서귀포시 신동로67번길 22,제주특별자치도 서귀포시 서호동 1481,제주특별자치도 서귀포시 신동로67번길 22,원호형,원호형,10,360,750,일반,Y,33.255804,126.512261,Y,N,,제주특별자치도 서귀포시청,064-760-3092,2024-07-22,I,2026-05-15 18:45:21,2024-07-22 14:51:56
6520000,202465200000600589,523,한신로,제주특별자치도,서귀포시,제주특별자치도 서귀포시 남원읍 한신로 220,제주특별자치도 서귀포시 남원읍 의귀리 1486-28,제주특별자치도 서귀포시 남원읍 한신로 220,원호형,원호형,10,360,930,일반,Y,33.309686,126.7149707,Y,N,,제주특별자치도 서귀포시청,064-760-3092,2024-07-22,I,2026-05-15 18:45:21,2024-07-22 14:51:55
6520000,202465200000600766,417,소암로12번길,제주특별자치도,서귀포시,제주특별자치도 서귀포시 소암로12번길 19,제주특별자치도 서귀포시 서귀동 45-1,제주특별자치도 서귀포시 소암로12번길 19,원호형,원호형,10,360,820,일반,Y,33.243316,126.566968,Y,N,,제주특별자치도 서귀포시청,064-760-3092,2024-07-22,I,2026-05-15 18:45:21,2024-07-22 14:51:56
6520000,202465200000600684,451,동홍중앙로,제주특별자치도,서귀포시,제주특별자치도 서귀포시 동홍중앙로 17,제주특별자치도 서귀포시 동홍동 657-6,제주특별자치도 서귀포시 동홍중앙로 17,원호형,원호형,10,360,800,일반,Y,33.252466,126.571866,Y,N,,제주특별자치도 서귀포시청,064-760-3092,2024-07-22,I,2026-05-15 18:45:21,2024-07-22 14:51:56
6520000,202465200000600707,474,수시로,제주특별자치도,서귀포시,제주특별자치도 서귀포시 성산읍 수시로 2-2,제주특별자치도 서귀포시 성산읍 수산리 4764,제주특별자치도 서귀포시 성산읍 수시로 2-2,원호형,원호형,10,140,590,일반,N,33.446038,126.885434,Y,N,,제주특별자치도 서귀포시청,064-760-3092,2024-07-22,I,2026-05-15 18:45:21,2024-07-22 14:51:56
6520000,202465200000600433,598,추사로,제주특별자치도,서귀포시,제주특별자치도 서귀포시 대정읍 추사로 49,제주특별자치도 서귀포시 대정읍 인성리 728,제주특별자치도 서귀포시 대정읍 추사로 49,원호형,원호형,10,350,620,일반,N,33.249805,126.277471,Y,N,,제주특별자치도 서귀포시청,064-760-3092,2024-01-24,I,2026-05-15 18:45:21,2024-07-22 14:51:53
6520000,202465200000600430,595,중산간서로,제주특별자치도,서귀포시,제주특별자치도 서귀포시 안덕면 중산간서로 1841,제주특별자치도 서귀포시 안덕면 서광리 2471,제주특별자치도 서귀포시 안덕면 중산간서로 1841,원호형,원호형,10,360,690,일반,Y,33.287891,126.325909,Y,N,,제주특별자치도 서귀포시청,064-760-3092,2024-01-24,I,2026-05-15 18:45:21,2024-07-22 14:51:53
6520000,202465200000600431,596,추사로55번길,제주특별자치도,서귀포시,제주특별자치도 서귀포시 대정읍 추사로55번길 7-1,제주특별자치도 서귀포시 대정읍 보성리 2138,제주특별자치도 서귀포시 대정읍 추사로55번길 7-1,원호형,원호형,10,350,620,일반,N,33.249209,126.276894,Y,N,,제주특별자치도 서귀포시청,064-760-3092,2024-01-24,I,2026-05-15 18:45:21,2024-07-22 14:51:53
6520000,202465200000600685,452,동홍중앙로,제주특별자치도,서귀포시,제주특별자치도 서귀포시 동홍중앙로 17,제주특별자치도 서귀포시 동홍동 657-6,제주특별자치도 서귀포시 동홍중앙로 17,원호형,원호형,10,360,800,일반,Y,33.252269,126.571921,Y,N,,제주특별자치도 서귀포시청,064-760-3092,2024-07-22,I,2026-05-15 18:45:21,2024-07-22 14:51:56
6520000,202465200000600438,603,마소물로,제주특별자치도,서귀포시,제주특별자치도 서귀포시 마소물로 12,제주특별자치도 서귀포시 보목동 883-1,제주특별자치도 서귀포시 마소물로 12,원호형,원호형,10,270,760,일반,N,33.243541,126.599295,Y,N,,제주특별자치도 서귀포시청,064-760-3092,2024-01-24,I,2026-05-15 18:45:21,2024-07-22 14:51:53
6520000,202465200000600556,709,태위로,제주특별자치도,서귀포시,제주특별자치도 서귀포시 남원읍 태위로 87,제주특별자치도 서귀포시 남원읍 위미리 4610,제주특별자치도 서귀포시 남원읍 태위로 87,원호형,원호형,10,350,820,일반,N,33.274285,126.656855,Y,N,,제주특별자치도 서귀포시청,064-760-3092,2024-07-22,I,2026-05-15 18:45:21,2024-07-22 14:51:54
6520000,202465200000600585,519,한신로,제주특별자치도,서귀포시,제주특별자치도 서귀포시 남원읍 한신로 229,제주특별자치도 서귀포시 남원읍 의귀리 2008,제주특별자치도 서귀포시 남원읍 한신로 229,원호형,원호형,10,360,640,일반,Y,33.310378,126.715289,Y,N,,제주특별자치도 서귀포시청,064-760-3092,2024-07-22,I,2026-05-15 18:45:21,2024-07-22 14:51:55
6520000,202465200000600619,699,효돈로,제주특별자치도,서귀포시,제주특별자치도 서귀포시 효돈로 154,제주특별자치도 서귀포시 하효동 1460,제주특별자치도 서귀포시 효돈로 154,원호형,원호형,10,340,840,일반,N,33.263649,126.615356,Y,N,,제주특별자치도 서귀포시청,064-760-3092,2024-07-22,I,2026-05-15 18:45:21,2024-07-22 14:51:55
6520000,202465200000600610,690,효돈로,제주특별자치도,서귀포시,제주특별자치도 서귀포시 효돈로 168,제주특별자치도 서귀포시 하효동 147-16,제주특별자치도 서귀포시 효돈로 168,원호형,원호형,10,360,860,일반,Y,33.263689,126.616654,Y,N,,제주특별자치도 서귀포시청,064-760-3092,2024-07-22,I,2026-05-15 18:45:21,2024-07-22 14:51:55
6520000,202465200000600719,486,중산간동로,제주특별자치도,서귀포시,제주특별자치도 서귀포시 성산읍 중산간동로 3297,제주특별자치도 서귀포시 성산읍 수산리 653-4,제주특별자치도 서귀포시 성산읍 중산간동로 3297,원호형,원호형,10,170,630,일반,N,33.446405,126.885114,Y,N,,제주특별자치도 서귀포시청,064-760-3092,2024-07-22,I,2026-05-15 18:45:21,2024-07-22 14:51:56
6520000,202465200000600778,429,솜반천로43번길,제주특별자치도,서귀포시,제주특별자치도 서귀포시 솜반천로43번길 2,제주특별자치도 서귀포시 서홍동 451,제주특별자치도 서귀포시 솜반천로43번길 2,원호형,원호형,10,570,570,일반,Y,33.253696,126.556068,Y,N,,제주특별자치도 서귀포시청,064-760-3092,2024-07-22,I,2026-05-15 18:45:21,2024-07-22 14:51:56
6520000,202465200000600559,712,태위로,제주특별자치도,서귀포시,제주특별자치도 서귀포시 남원읍 태위로 62-1,제주특별자치도 서귀포시 남원읍 위미리 4610,제주특별자치도 서귀포시 남원읍 태위로 62-1,원호형,원호형,10,370,780,일반,Y,33.273561,126.654402,Y,N,,제주특별자치도 서귀포시청,064-760-3092,2024-07-22,I,2026-05-15 18:45:21,2024-07-22 14:51:54
6520000,202465200000600468,633,태위로641번길,제주특별자치도,서귀포시,제주특별자치도 서귀포시 남원읍 태위로641번길 5,제주특별자치도 서귀포시 남원읍 남원리 2490-116,제주특별자치도 서귀포시 남원읍 태위로641번길 5,원호형,원호형,10,360,640,일반,Y,33.278761,126.715076,Y,N,,제주특별자치도 서귀포시청,064-760-3092,2024-01-24,I,2026-05-15 18:45:21,2024-07-22 14:51:54
6520000,202465200000600412,577,태수로,제주특별자치도,서귀포시,제주특별자치도 서귀포시 남원읍 태수로 2-12,제주특별자치도 서귀포시 남원읍 태흥리 971-4,제주특별자치도 서귀포시 남원읍 태수로 2-12,원호형,원호형,10,360,640,일반,Y,33.286139,126.742258,Y,N,,제주특별자치도 서귀포시청,064-760-3092,2024-01-24,I,2026-05-15 18:45:21,2024-07-22 14:51:53
6520000,202465200000600540,736,표선중앙로43번길,제주특별자치도,서귀포시,제주특별자치도 서귀포시 표선면 표선중앙로43번길 20,제주특별자치도 서귀포시 표선면 표선리 2954,제주특별자치도 서귀포시 표선면 표선중앙로43번길 20,원호형,원호형,10,360,1000,일반,Y,33.328564,126.833025,Y,N,,제주특별자치도 서귀포시청,064-760-3092,2024-07-22,I,2026-05-15 18:45:21,2024-07-22 14:51:54
6520000,202465200000600594,528,한신로,제주특별자치도,서귀포시,제주특별자치도 서귀포시 남원읍 한신로 234-2,제주특별자치도 서귀포시 남원읍 의귀리 1502-2,제주특별자치도 서귀포시 남원읍 한신로 234-2,원호형,원호형,10,360,780,일반,Y,33.310652,126.715712,Y,N,,제주특별자치도 서귀포시청,064-760-3092,2024-07-22,I,2026-05-15 18:45:21,2024-07-22 14:51:55
6520000,202465200000600485,650,중동로8번길,제주특별자치도,서귀포시,제주특별자치도 서귀포시 중동로8번길 9,제주특별자치도 서귀포시 서귀동 339,제주특별자치도 서귀포시 중동로8번길 9,원호형,원호형,10,370,560,일반,Y,33.253281,126.564525,Y,N,,제주특별자치도 서귀포시청,064-760-3092,2024-07-22,I,2026-05-15 18:45:21,2024-07-22 14:51:54
6520000,202465200000600550,746,표선동서로,제주특별자치도,서귀포시,제주특별자치도 서귀포시 표선면 표선동서로 285,제주특별자치도 서귀포시 표선면 표선리 463-6,제주특별자치도 서귀포시 표선면 표선동서로 285,원호형,원호형,10,360,880,일반,Y,33.328497,126.835064,Y,N,,제주특별자치도 서귀포시청,064-760-3092,2024-07-22,I,2026-05-15 18:45:21,2024-07-22 14:51:54
6520000,202465200000600465,630,태위로,제주특별자치도,서귀포시,제주특별자치도 서귀포시 남원읍 태위로 642,제주특별자치도 서귀포시 남원읍 남원리 2490-116,제주특별자치도 서귀포시 남원읍 태위로 642,원호형,원호형,10,360,910,일반,Y,33.278088,126.715098,Y,N,,제주특별자치도 서귀포시청,064-760-3092,2024-01-24,I,2026-05-15 18:45:21,2024-07-22 14:51:54
6520000,202465200000600751,402,중산간동로,제주특별자치도,서귀포시,제주특별자치도 서귀포시 남원읍 중산간동로 7113-1,제주특별자치도 서귀포시 남원읍 신례리 834-2,제주특별자치도 서귀포시 남원읍 중산간동로 7113-1,원호형,원호형,10,360,920,일반,Y,33.283893,126.632727,Y,N,,제주특별자치도 서귀포시청,064-760-3092,2024-07-22,I,2026-05-15 18:45:21,2024-07-22 14:51:56
6520000,202465200000600694,461,고성오조로,제주특별자치도,서귀포시,제주특별자치도 서귀포시 성산읍 고성오조로 111,제주특별자치도 서귀포시 성산읍 오조리 2210,제주특별자치도 서귀포시 성산읍 고성오조로 111,원호형,원호형,10,360,830,일반,Y,33.453634,126.913541,Y,N,,제주특별자치도 서귀포시청,064-760-3092,2024-07-22,I,2026-05-15 18:45:21,2024-07-22 14:51:56
6520000,202465200000600668,549,토평로50번길,제주특별자치도,서귀포시,제주특별자치도 서귀포시 토평로50번길 45,제주특별자치도 서귀포시 토평동 1219-2,제주특별자치도 서귀포시 토평로50번길 45,원호형,원호형,10,360,780,일반,Y,33.266035,126.590292,Y,N,,제주특별자치도 서귀포시청,064-760-3092,2024-07-22,I,2026-05-15 18:45:21,2024-07-22 14:51:55
6520000,202465200000600423,588,호근남로,제주특별자치도,서귀포시,제주특별자치도 서귀포시 호근남로 3,제주특별자치도 서귀포시 호근동 2142,제주특별자치도 서귀포시 호근남로 3,원호형,원호형,10,400,870,일반,Y,33.257351,126.528291,Y,N,,제주특별자치도 서귀포시청,064-760-3092,2024-01-24,I,2026-05-15 18:45:21,2024-07-22 14:51:53
6520000,202465200000600544,740,표선중앙로43번길,제주특별자치도,서귀포시,제주특별자치도 서귀포시 표선면 표선중앙로43번길 32,제주특별자치도 서귀포시 표선면 표선리 507-6,제주특별자치도 서귀포시 표선면 표선중앙로43번길 32,원호형,원호형,10,360,480,일반,Y,33.328736,126.834142,Y,N,,제주특별자치도 서귀포시청,064-760-3092,2024-07-22,I,2026-05-15 18:45:21,2024-07-22 14:51:54
6520000,202465200000600621,701,효돈로,제주특별자치도,서귀포시,제주특별자치도 서귀포시 효돈로 154,제주특별자치도 서귀포시 하효동 1460,제주특별자치도 서귀포시 효돈로 154,원호형,원호형,10,340,840,일반,N,33.263649,126.615356,Y,N,,제주특별자치도 서귀포시청,064-760-3092,2024-07-22,I,2026-05-15 18:45:21,2024-07-22 14:51:55
6520000,202465200000600416,581,풍천로,제주특별자치도,서귀포시,제주특별자치도 서귀포시 성산읍 풍천로 20,제주특별자치도 서귀포시 성산읍 신천리 862-9,제주특별자치도 서귀포시 성산읍 풍천로 20,원호형,원호형,10,530,740,일반,Y,33.347377,126.850584,Y,N,,제주특별자치도 서귀포시청,064-760-3092,2024-01-24,I,2026-05-15 18:45:21,2024-07-22 14:51:53
6520000,202465200000600529,507,중산간동로,제주특별자치도,서귀포시,제주특별자치도 서귀포시 성산읍 중산간동로 3308-1,제주특별자치도 서귀포시 성산읍 수산리 4764,제주특별자치도 서귀포시 성산읍 중산간동로 3308-1,원호형,원호형,10,170,1070,일반,N,33.445786,126.885075,Y,N,,제주특별자치도 서귀포시청,064-760-3092,2024-07-22,I,2026-05-15 18:45:21,2024-07-22 14:51:54
6520000,202465200000600477,642,남한로,제주특별자치도,서귀포시,제주특별자치도 서귀포시 남원읍 남한로 27,제주특별자치도 서귀포시 남원읍 남원리 158-6,제주특별자치도 서귀포시 남원읍 남한로 27,원호형,원호형,10,360,860,일반,Y,33.281473,126.717257,Y,N,,제주특별자치도 서귀포시청,064-760-3092,2024-07-22,I,2026-05-15 18:45:21,2024-07-22 14:51:54
6520000,202465200000600427,592,호근남로,제주특별자치도,서귀포시,제주특별자치도 서귀포시 호근남로 35-1,제주특별자치도 서귀포시 호근동 1328-2,제주특별자치도 서귀포시 호근남로 35-1,원호형,원호형,10,360,690,일반,Y,33.254957,126.529263,Y,N,,제주특별자치도 서귀포시청,064-760-3092,2024-01-24,I,2026-05-15 18:45:21,2024-07-22 14:51:53
6520000,202465200000600601,681,말질로,제주특별자치도,서귀포시,제주특별자치도 서귀포시 말질로 189-1,제주특별자치도 서귀포시 강정동 5652,제주특별자치도 서귀포시 말질로 189-1,원호형,원호형,10,370,650,일반,Y,33.234862,126.479812,Y,N,,제주특별자치도 서귀포시청,064-760-3092,2024-07-22,I,2026-05-15 18:45:21,2024-07-22 14:51:55
6520000,202465200000600565,718,태위로,제주특별자치도,서귀포시,제주특별자치도 서귀포시 남원읍 태위로 86,제주특별자치도 서귀포시 남원읍 위미리 4610,제주특별자치도 서귀포시 남원읍 태위로 86,원호형,원호형,10,360,830,일반,Y,33.274215,126.656584,Y,N,,제주특별자치도 서귀포시청,064-760-3092,2024-07-22,I,2026-05-15 18:45:21,2024-07-22 14:51:55
6520000,202465200000600493,658,동일하모로220번길,제주특별자치도,서귀포시,제주특별자치도 서귀포시 대정읍 동일하모로220번길 10,제주특별자치도 서귀포시 대정읍 하모리 1557-3,제주특별자치도 서귀포시 대정읍 동일하모로220번길 10,원호형,원호형,10,360,560,일반,Y,33.224766,126.254603,Y,N,,제주특별자치도 서귀포시청,064-760-3092,2024-07-22,I,2026-05-15 18:45:21,2024-07-22 14:51:54
6520000,202465200000600487,652,중동로8번길,제주특별자치도,서귀포시,제주특별자치도 서귀포시 중동로8번길 9,제주특별자치도 서귀포시 서귀동 339,제주특별자치도 서귀포시 중동로8번길 9,원호형,원호형,10,350,540,일반,N,33.253319,126.564692,Y,N,,제주특별자치도 서귀포시청,064-760-3092,2024-07-22,I,2026-05-15 18:45:21,2024-07-22 14:51:54
6520000,202465200000600623,703,효돈로,제주특별자치도,서귀포시,제주특별자치도 서귀포시 효돈로 158,제주특별자치도 서귀포시 하효동 153-4,제주특별자치도 서귀포시 효돈로 158,원호형,원호형,10,360,860,일반,Y,33.263627,126.615615,Y,N,,제주특별자치도 서귀포시청,064-760-3092,2024-07-22,I,2026-05-15 18:45:21,2024-07-22 14:51:55
6520000,202465200000600472,637,태위로,제주특별자치도,서귀포시,제주특별자치도 서귀포시 남원읍 태위로 647,제주특별자치도 서귀포시 남원읍 남원리 1305-5,제주특별자치도 서귀포시 남원읍 태위로 647,원호형,원호형,10,360,470,일반,Y,33.279022,126.7150704,Y,N,,제주특별자치도 서귀포시청,064-760-3092,2024-01-24,I,2026-05-15 18:45:21,2024-07-22 14:51:54
6520000,202465200000600507,672,열리로,제주특별자치도,서귀포시,제주특별자치도 서귀포시 열리로 72,제주특별자치도 서귀포시 상예동 1250-2,제주특별자치도 서귀포시 열리로 72,원호형,원호형,10,350,680,일반,N,33.246602,126.391091,Y,N,,제주특별자치도 서귀포시청,064-760-3092,2024-07-22,I,2026-05-15 18:45:21,2024-07-22 14:51:54
6520000,202465200000600770,421,솜반천로,제주특별자치도,서귀포시,제주특별자치도 서귀포시 솜반천로 43,제주특별자치도 서귀포시 서홍동 451,제주특별자치도 서귀포시 솜반천로 43,원호형,원호형,10,200,570,일반,N,33.253643,126.556146,Y,N,,제주특별자치도 서귀포시청,064-760-3092,2024-07-22,I,2026-05-15 18:45:21,2024-07-22 14:51:56
6520000,202465200000600656,537,토평남로,제주특별자치도,서귀포시,제주특별자치도 서귀포시 토평남로 92,제주특별자치도 서귀포시 토평동 1208,제주특별자치도 서귀포시 토평남로 92,원호형,원호형,10,360,650,일반,Y,33.266556,126.588766,Y,N,,제주특별자치도 서귀포시청,064-760-3092,2024-07-22,I,2026-05-15 18:45:21,2024-07-22 14:51:55
6520000,202465200000600409,574,태위로,제주특별자치도,서귀포시,제주특별자치도 서귀포시 남원읍 태위로 920,제주특별자치도 서귀포시 남원읍 태흥리 2003,제주특별자치도 서귀포시 남원읍 태위로 920,원호형,원호형,10,360,820,일반,Y,33.285655,126.743507,Y,N,,제주특별자치도 서귀포시청,064-760-3092,2024-01-24,I,2026-05-15 18:45:21,2024-07-22 14:51:53
6520000,202465200000600454,619,말질로,제주특별자치도,서귀포시,제주특별자치도 서귀포시 말질로 29,제주특별자치도 서귀포시 도순동 1372,제주특별자치도 서귀포시 말질로 29,원호형,원호형,10,300,550,일반,N,33.247915,126.478012,Y,N,,제주특별자치도 서귀포시청,064-760-3092,2024-01-24,I,2026-05-15 18:45:21,2024-07-22 14:51:54
6520000,202465200000600475,640,태위로641번길,제주특별자치도,서귀포시,제주특별자치도 서귀포시 남원읍 태위로641번길 19,제주특별자치도 서귀포시 남원읍 남원리 1293-3,제주특별자치도 서귀포시 남원읍 태위로641번길 19,원호형,원호형,10,360,600,일반,Y,33.279839,126.715111,Y,N,,제주특별자치도 서귀포시청,064-760-3092,2024-07-22,I,2026-05-15 18:45:21,2024-07-22 14:51:54
6520000,202465200000600569,722,태위로,제주특별자치도,서귀포시,제주특별자치도 서귀포시 남원읍 태위로 72,제주특별자치도 서귀포시 남원읍 위미리 4610,제주특별자치도 서귀포시 남원읍 태위로 72,원호형,원호형,10,360,760,일반,Y,33.273775,126.655131,Y,N,,제주특별자치도 서귀포시청,064-760-3092,2024-07-22,I,2026-05-15 18:45:21,2024-07-22 14:51:55
6520000,202465200000600588,522,한신로,제주특별자치도,서귀포시,제주특별자치도 서귀포시 남원읍 한신로 220,제주특별자치도 서귀포시 남원읍 의귀리 1486-28,제주특별자치도 서귀포시 남원읍 한신로 220,원호형,원호형,10,360,930,일반,Y,33.309686,126.7149707,Y,N,,제주특별자치도 서귀포시청,064-760-3092,2024-07-22,I,2026-05-15 18:45:21,2024-07-22 14:51:55
6520000,202465200000600578,512,화순중앙로12번길,제주특별자치도,서귀포시,제주특별자치도 서귀포시 안덕면 화순중앙로12번길 2,제주특별자치도 서귀포시 안덕면 화순리 1154-7,제주특별자치도 서귀포시 안덕면 화순중앙로12번길 2,원호형,원호형,10,350,710,일반,N,33.250743,126.334148,Y,N,,제주특별자치도 서귀포시청,064-760-3092,2024-07-22,I,2026-05-15 18:45:21,2024-07-22 14:51:55
6520000,202465200000600759,410,솔동산로11번길,제주특별자치도,서귀포시,제주특별자치도 서귀포시 솔동산로11번길 29,제주특별자치도 서귀포시 서귀동 54-1,제주특별자치도 서귀포시 솔동산로11번길 29,원호형,원호형,10,360,780,일반,Y,33.243613,126.566972,Y,N,,제주특별자치도 서귀포시청,064-760-3092,2024-07-22,I,2026-05-15 18:45:21,2024-07-22 14:51:56
6520000,202465200000600774,425,솜반천로,제주특별자치도,서귀포시,제주특별자치도 서귀포시 솜반천로 35-1,제주특별자치도 서귀포시 서홍동 451,제주특별자치도 서귀포시 솜반천로 35-1,원호형,원호형,10,200,760,일반,N,33.253797,126.556844,Y,N,,제주특별자치도 서귀포시청,064-760-3092,2024-07-22,I,2026-05-15 18:45:21,2024-07-22 14:51:56
6520000,202465200000600667,548,토평로50번길,제주특별자치도,서귀포시,제주특별자치도 서귀포시 토평로50번길 45,제주특별자치도 서귀포시 토평동 1219-2,제주특별자치도 서귀포시 토평로50번길 45,원호형,원호형,10,360,780,일반,Y,33.2658909,126.590315,Y,N,,제주특별자치도 서귀포시청,064-760-3092,2024-07-22,I,2026-05-15 18:45:21,2024-07-22 14:51:55
6520000,202465200000600663,544,토평남로,제주특별자치도,서귀포시,제주특별자치도 서귀포시 토평남로 79,제주특별자치도 서귀포시 토평동 1194-2,제주특별자치도 서귀포시 토평남로 79,원호형,원호형,10,360,650,일반,Y,33.265133,126.588907,Y,N,,제주특별자치도 서귀포시청,064-760-3092,2024-07-22,I,2026-05-15 18:45:21,2024-07-22 14:51:55
6520000,202465200000600471,636,태위로,제주특별자치도,서귀포시,제주특별자치도 서귀포시 남원읍 태위로 647,제주특별자치도 서귀포시 남원읍 남원리 1305-5,제주특별자치도 서귀포시 남원읍 태위로 647,원호형,원호형,10,360,470,일반,Y,33.279022,126.7150704,Y,N,,제주특별자치도 서귀포시청,064-760-3092,2024-01-24,I,2026-05-15 18:45:21,2024-07-22 14:51:54
6520000,202465200000600547,743,표선중앙로43번길,제주특별자치도,서귀포시,제주특별자치도 서귀포시 표선면 표선중앙로43번길 31,제주특별자치도 서귀포시 표선면 표선리 507-4,제주특별자치도 서귀포시 표선면 표선중앙로43번길 31,원호형,원호형,10,300,450,일반,N,33.328755,126.834394,Y,N,,제주특별자치도 서귀포시청,064-760-3092,2024-07-22,I,2026-05-15 18:45:21,2024-07-22 14:51:54
6520000,202465200000600460,625,태위로,제주특별자치도,서귀포시,제주특별자치도 서귀포시 남원읍 태위로 651,제주특별자치도 서귀포시 남원읍 남원리 2490-116,제주특별자치도 서귀포시 남원읍 태위로 651,원호형,원호형,10,360,910,일반,Y,33.278402,126.716312,Y,N,,제주특별자치도 서귀포시청,064-760-3092,2024-01-24,I,2026-05-15 18:45:21,2024-07-22 14:51:54
6520000,202465200000600587,521,한신로,제주특별자치도,서귀포시,제주특별자치도 서귀포시 남원읍 한신로 229,제주특별자치도 서귀포시 남원읍 의귀리 2008,제주특별자치도 서귀포시 남원읍 한신로 229,원호형,원호형,10,360,640,일반,Y,33.310378,126.715289,Y,N,,제주특별자치도 서귀포시청,064-760-3092,2024-07-22,I,2026-05-15 18:45:21,2024-07-22 14:51:55
6520000,202465200000600495,660,상모대서로,제주특별자치도,서귀포시,제주특별자치도 서귀포시 대정읍 상모대서로 4,제주특별자치도 서귀포시 대정읍 상모리 4165,제주특별자치도 서귀포시 대정읍 상모대서로 4,원호형,원호형,10,360,910,일반,Y,33.224007,126.255415,Y,N,,제주특별자치도 서귀포시청,064-760-3092,2024-07-22,I,2026-05-15 18:45:21,2024-07-22 14:51:54
6520000,202465200000600632,753,표선동서로,제주특별자치도,서귀포시,제주특별자치도 서귀포시 표선면 표선동서로 299,제주특별자치도 서귀포시 표선면 표선리 447-11,제주특별자치도 서귀포시 표선면 표선동서로 299,원호형,원호형,10,330,740,일반,N,33.329645,126.836107,Y,N,,제주특별자치도 서귀포시청,064-760-3092,2024-07-22,I,2026-05-15 18:45:21,2024-07-22 14:51:55
6520000,202465200000600710,477,수시로,제주특별자치도,서귀포시,제주특별자치도 서귀포시 성산읍 수시로 2-2,제주특별자치도 서귀포시 성산읍 수산리 4764,제주특별자치도 서귀포시 성산읍 수시로 2-2,원호형,원호형,10,180,520,일반,N,33.446057,126.885501,Y,N,,제주특별자치도 서귀포시청,064-760-3092,2024-07-22,I,2026-05-15 18:45:21,2024-07-22 14:51:56
6520000,202465200000600757,408,솔동산로11번길,제주특별자치도,서귀포시,제주특별자치도 서귀포시 솔동산로11번길 29,제주특별자치도 서귀포시 서귀동 46-3,제주특별자치도 서귀포시 솔동산로11번길 29,원호형,원호형,10,360,630,일반,Y,33.243398,126.567091,Y,N,,제주특별자치도 서귀포시청,064-760-3092,2024-07-22,I,2026-05-15 18:45:21,2024-07-22 14:51:56
6520000,202465200000600763,414,솔동산로11번길,제주특별자치도,서귀포시,제주특별자치도 서귀포시 솔동산로11번길 22,제주특별자치도 서귀포시 서귀동 564-5,제주특별자치도 서귀포시 솔동산로11번길 22,원호형,원호형,10,190,490,일반,N,33.243388,126.566314,Y,N,,제주특별자치도 서귀포시청,064-760-3092,2024-07-22,I,2026-05-15 18:45:21,2024-07-22 14:51:56
6520000,202465200000600740,391,중산간동로,제주특별자치도,서귀포시,제주특별자치도 서귀포시 남원읍 중산간동로 7097,제주특별자치도 서귀포시 남원읍 신례리 834-2,제주특별자치도 서귀포시 남원읍 중산간동로 7097,원호형,원호형,10,410,720,일반,Y,33.284878,126.633519,Y,N,,제주특별자치도 서귀포시청,064-760-3092,2024-07-22,I,2026-05-15 18:45:21,2024-07-22 14:51:56
6520000,202465200000600552,748,표선동서로,제주특별자치도,서귀포시,제주특별자치도 서귀포시 표선면 표선동서로 285,제주특별자치도 서귀포시 표선면 표선리 458-5,제주특별자치도 서귀포시 표선면 표선동서로 285,원호형,원호형,10,360,560,일반,Y,33.328727,126.834909,Y,N,,제주특별자치도 서귀포시청,064-760-3092,2024-07-22,I,2026-05-15 18:45:21,2024-07-22 14:51:54
6520000,202465200000600655,536,서의로,제주특별자치도,서귀포시,제주특별자치도 서귀포시 남원읍 서의로 222,제주특별자치도 서귀포시 남원읍 의귀리 2008,제주특별자치도 서귀포시 남원읍 서의로 222,원호형,원호형,10,360,400,일반,Y,33.309882,126.713804,Y,N,,제주특별자치도 서귀포시청,064-760-3092,2024-07-22,I,2026-05-15 18:45:21,2024-07-22 14:51:55
6520000,202465200000600643,764,시흥상동로68번길,제주특별자치도,서귀포시,제주특별자치도 서귀포시 성산읍 시흥상동로68번길 30,제주특별자치도 서귀포시 성산읍 시흥리 2644,제주특별자치도 서귀포시 성산읍 시흥상동로68번길 30,원호형,원호형,10,350,1070,일반,N,33.476973,126.896162,Y,N,,제주특별자치도 서귀포시청,064-760-3092,2024-07-22,I,2026-05-15 18:45:21,2024-07-22 14:51:55
6520000,202465200000600650,771,고성오조로,제주특별자치도,서귀포시,제주특별자치도 서귀포시 성산읍 고성오조로 56,제주특별자치도 서귀포시 성산읍 고성리 2747,제주특별자치도 서귀포시 성산읍 고성오조로 56,원호형,원호형,10,360,820,일반,Y,33.4486109,126.915043,Y,N,,제주특별자치도 서귀포시청,064-760-3092,2024-07-22,I,2026-05-15 18:45:21,2024-07-22 14:51:55
6520000,202465200000600708,475,수시로,제주특별자치도,서귀포시,제주특별자치도 서귀포시 성산읍 수시로 2-2,제주특별자치도 서귀포시 성산읍 수산리 4764,제주특별자치도 서귀포시 성산읍 수시로 2-2,원호형,원호형,10,180,520,일반,N,33.446057,126.885501,Y,N,,제주특별자치도 서귀포시청,064-760-3092,2024-07-22,I,2026-05-15 18:45:21,2024-07-22 14:51:56
6520000,202465200000600785,436,신동로67번길,제주특별자치도,서귀포시,제주특별자치도 서귀포시 신동로67번길 13,제주특별자치도 서귀포시 법환동 753,제주특별자치도 서귀포시 신동로67번길 13,원호형,원호형,10,360,1330,일반,Y,33.255012,126.511957,Y,N,,제주특별자치도 서귀포시청,064-760-3092,2024-07-22,I,2026-05-15 18:45:21,2024-07-22 14:51:56
6520000,202465200000600593,527,한신로,제주특별자치도,서귀포시,제주특별자치도 서귀포시 남원읍 한신로 217,제주특별자치도 서귀포시 남원읍 의귀리 1483-8,제주특별자치도 서귀포시 남원읍 한신로 217,원호형,원호형,10,360,1060,일반,Y,33.309929,126.714569,Y,N,,제주특별자치도 서귀포시청,064-760-3092,2024-07-22,I,2026-05-15 18:45:21,2024-07-22 14:51:55
6520000,202465200000600453,618,도순남로,제주특별자치도,서귀포시,제주특별자치도 서귀포시 도순남로 77-6,제주특별자치도 서귀포시 도순동 356-2,제주특별자치도 서귀포시 도순남로 77-6,원호형,원호형,10,130,660,일반,N,33.248195,126.477134,Y,N,,제주특별자치도 서귀포시청,064-760-3092,2024-01-24,I,2026-05-15 18:45:21,2024-07-22 14:51:54
6520000,202465200000600720,487,중산간동로,제주특별자치도,서귀포시,제주특별자치도 서귀포시 성산읍 중산간동로 3297,제주특별자치도 서귀포시 성산읍 수산리 4764,제주특별자치도 서귀포시 성산읍 중산간동로 3297,원호형,원호형,10,150,360,일반,N,33.446455,126.885077,Y,N,,제주특별자치도 서귀포시청,064-760-3092,2024-07-22,I,2026-05-15 18:45:21,2024-07-22 14:51:56
6520000,202465200000600497,662,상모대서로,제주특별자치도,서귀포시,제주특별자치도 서귀포시 대정읍 상모대서로 16-1,제주특별자치도 서귀포시 대정읍 상모리 3870-1,제주특별자치도 서귀포시 대정읍 상모대서로 16-1,원호형,원호형,10,230,660,일반,N,33.224917,126.256398,Y,N,,제주특별자치도 서귀포시청,064-760-3092,2024-07-22,I,2026-05-15 18:45:21,2024-07-22 14:51:54
6520000,202465200000600510,675,말질로,제주특별자치도,서귀포시,제주특별자치도 서귀포시 말질로 196,제주특별자치도 서귀포시 강정동 5652,제주특별자치도 서귀포시 말질로 196,원호형,원호형,10,210,790,일반,N,33.234103,126.479626,Y,N,,제주특별자치도 서귀포시청,064-760-3092,2024-07-22,I,2026-05-15 18:45:21,2024-07-22 14:51:54
6520000,202465200000600661,542,토평남로,제주특별자치도,서귀포시,제주특별자치도 서귀포시 토평남로 79,제주특별자치도 서귀포시 토평동 1196,제주특별자치도 서귀포시 토평남로 79,원호형,원호형,10,360,600,일반,Y,33.265388,126.588868,Y,N,,제주특별자치도 서귀포시청,064-760-3092,2024-07-22,I,2026-05-15 18:45:21,2024-07-22 14:51:55
6520000,202465200000600789,440,한도로,제주특별자치도,서귀포시,제주특별자치도 서귀포시 성산읍 한도로 214,제주특별자치도 서귀포시 성산읍 성산리 372-1,제주특별자치도 서귀포시 성산읍 한도로 214,원호형,원호형,10,390,1000,일반,Y,33.467817,126.930554,Y,N,,제주특별자치도 서귀포시청,064-760-3092,2024-07-22,I,2026-05-15 18:45:21,2024-07-22 14:51:56
6520000,202465200000600675,556,한마음초등로,제주특별자치도,서귀포시,제주특별자치도 서귀포시 표선면 한마음초등로 406,제주특별자치도 서귀포시 표선면 하천리 2611,제주특별자치도 서귀포시 표선면 한마음초등로 406,원호형,원호형,10,360,1210,일반,Y,33.353062,126.815475,Y,N,,제주특별자치도 서귀포시청,064-760-3092,2024-07-22,I,2026-05-15 18:45:21,2024-07-22 14:51:55
6520000,202465200000600447,612,칠십리로,제주특별자치도,서귀포시,제주특별자치도 서귀포시 칠십리로 441,제주특별자치도 서귀포시 보목동 881-5,제주특별자치도 서귀포시 칠십리로 441,원호형,원호형,10,360,860,일반,Y,33.243116,126.598502,Y,N,,제주특별자치도 서귀포시청,064-760-3092,2024-01-24,I,2026-05-15 18:45:21,2024-07-22 14:51:54
6520000,202465200000600752,403,중산간동로,제주특별자치도,서귀포시,제주특별자치도 서귀포시 남원읍 중산간동로 7113-1,제주특별자치도 서귀포시 남원읍 신례리 834-2,제주특별자치도 서귀포시 남원읍 중산간동로 7113-1,원호형,원호형,10,360,920,일반,Y,33.283893,126.632727,Y,N,,제주특별자치도 서귀포시청,064-760-3092,2024-07-22,I,2026-05-15 18:45:21,2024-07-22 14:51:56
6520000,202465200000600602,682,월평하원로,제주특별자치도,서귀포시,제주특별자치도 서귀포시 월평하원로 154,제주특별자치도 서귀포시 월평동 239-3,제주특별자치도 서귀포시 월평하원로 154,원호형,원호형,10,300,270,일반,N,33.253048,126.460074,Y,N,,제주특별자치도 서귀포시청,064-760-3092,2024-07-22,I,2026-05-15 18:45:21,2024-07-22 14:51:55
6520000,202465200000600780,431,신서귀로76번길,제주특별자치도,서귀포시,제주특별자치도 서귀포시 신서귀로76번길 5,제주특별자치도 서귀포시 서호동 1481,제주특별자치도 서귀포시 신서귀로76번길 5,원호형,원호형,10,360,700,일반,Y,33.256048,126.512372,Y,N,,제주특별자치도 서귀포시청,064-760-3092,2024-07-22,I,2026-05-15 18:45:21,2024-07-22 14:51:56
6520000,202465200000600635,756,표선동서로,제주특별자치도,서귀포시,제주특별자치도 서귀포시 표선면 표선동서로 300,제주특별자치도 서귀포시 표선면 표선리 449-4,제주특별자치도 서귀포시 표선면 표선동서로 300,원호형,원호형,10,370,750,일반,Y,33.329964,126.836402,Y,N,,제주특별자치도 서귀포시청,064-760-3092,2024-07-22,I,2026-05-15 18:45:21,2024-07-22 14:51:55
6520000,202465200000600784,435,신서귀로76번길,제주특별자치도,서귀포시,제주특별자치도 서귀포시 신서귀로76번길 6-8,제주특별자치도 서귀포시 서호동 1460-3,제주특별자치도 서귀포시 신서귀로76번길 6-8,원호형,원호형,10,360,630,일반,Y,33.255649,126.513021,Y,N,,제주특별자치도 서귀포시청,064-760-3092,2024-07-22,I,2026-05-15 18:45:21,2024-07-22 14:51:56
6520000,202465200000600690,457,성읍민속로,제주특별자치도,서귀포시,제주특별자치도 서귀포시 표선면 성읍민속로 84-3,제주특별자치도 서귀포시 표선면 성읍리 3294,제주특별자치도 서귀포시 표선면 성읍민속로 84-3,원호형,원호형,10,360,690,일반,Y,33.384708,126.799429,Y,N,,제주특별자치도 서귀포시청,064-760-3092,2024-07-22,I,2026-05-15 18:45:21,2024-07-22 14:51:56
6520000,202465200000600627,707,효돈로,제주특별자치도,서귀포시,제주특별자치도 서귀포시 효돈로 164-4,제주특별자치도 서귀포시 하효동 147-9,제주특별자치도 서귀포시 효돈로 164-4,원호형,원호형,10,360,860,일반,Y,33.263647,126.616425,Y,N,,제주특별자치도 서귀포시청,064-760-3092,2024-07-22,I,2026-05-15 18:45:21,2024-07-22 14:51:55
6520000,202465200000600425,590,호근로26번길,제주특별자치도,서귀포시,제주특별자치도 서귀포시 호근로26번길 15,제주특별자치도 서귀포시 호근동 2142,제주특별자치도 서귀포시 호근로26번길 15,원호형,원호형,10,370,870,일반,Y,33.254149,126.526816,Y,N,,제주특별자치도 서귀포시청,064-760-3092,2024-01-24,I,2026-05-15 18:45:21,2024-07-22 14:51:53
6520000,202465200000600715,482,중산간동로,제주특별자치도,서귀포시,제주특별자치도 서귀포시 성산읍 중산간동로 3297,제주특별자치도 서귀포시 성산읍 수산리 4764,제주특별자치도 서귀포시 성산읍 중산간동로 3297,원호형,원호형,10,170,690,일반,N,33.446365,126.885056,Y,N,,제주특별자치도 서귀포시청,064-760-3092,2024-07-22,I,2026-05-15 18:45:21,2024-07-22 14:51:56
6520000,202465200000600518,496,중산간동로,제주특별자치도,서귀포시,제주특별자치도 서귀포시 성산읍 중산간동로 3289,제주특별자치도 서귀포시 성산읍 수산리 640-3,제주특별자치도 서귀포시 성산읍 중산간동로 3289,원호형,원호형,10,200,670,일반,N,33.4467809,126.884729,Y,N,,제주특별자치도 서귀포시청,064-760-3092,2024-07-22,I,2026-05-15 18:45:21,2024-07-22 14:51:54
6520000,202465200000600699,466,고성오조로,제주특별자치도,서귀포시,제주특별자치도 서귀포시 성산읍 고성오조로 107-1,제주특별자치도 서귀포시 성산읍 오조리 2210,제주특별자치도 서귀포시 성산읍 고성오조로 107-1,원호형,원호형,10,360,830,일반,Y,33.453231,126.913716,Y,N,,제주특별자치도 서귀포시청,064-760-3092,2024-07-22,I,2026-05-15 18:45:21,2024-07-22 14:51:56
6520000,202465200000600714,481,중산간동로,제주특별자치도,서귀포시,제주특별자치도 서귀포시 성산읍 중산간동로 3297,제주특별자치도 서귀포시 성산읍 수산리 4764,제주특별자치도 서귀포시 성산읍 중산간동로 3297,원호형,원호형,10,170,690,일반,N,33.446365,126.885056,Y,N,,제주특별자치도 서귀포시청,064-760-3092,2024-07-22,I,2026-05-15 18:45:21,2024-07-22 14:51:56
6520000,202465200000600470,635,태위로641번길,제주특별자치도,서귀포시,제주특별자치도 서귀포시 남원읍 태위로641번길 5,제주특별자치도 서귀포시 남원읍 남원리 2490-116,제주특별자치도 서귀포시 남원읍 태위로641번길 5,원호형,원호형,10,360,640,일반,Y,33.278761,126.715076,Y,N,,제주특별자치도 서귀포시청,064-760-3092,2024-01-24,I,2026-05-15 18:45:21,2024-07-22 14:51:54
6520000,202465200000600436,601,마소물로8번길,제주특별자치도,서귀포시,제주특별자치도 서귀포시 마소물로8번길 18,제주특별자치도 서귀포시 보목동 1637,제주특별자치도 서귀포시 마소물로8번길 18,원호형,원호형,10,360,590,일반,Y,33.244317,126.600723,Y,N,,제주특별자치도 서귀포시청,064-760-3092,2024-01-24,I,2026-05-15 18:45:21,2024-07-22 14:51:53
6520000,202465200000600596,530,한신로,제주특별자치도,서귀포시,제주특별자치도 서귀포시 남원읍 한신로 234-2,제주특별자치도 서귀포시 남원읍 의귀리 1502-2,제주특별자치도 서귀포시 남원읍 한신로 234-2,원호형,원호형,10,360,780,일반,Y,33.310652,126.715712,Y,N,,제주특별자치도 서귀포시청,064-760-3092,2024-07-22,I,2026-05-15 18:45:21,2024-07-22 14:51:55
6520000,202465200000600512,677,강정하로,제주특별자치도,서귀포시,제주특별자치도 서귀포시 강정하로 89,제주특별자치도 서귀포시 강정동 5652,제주특별자치도 서귀포시 강정하로 89,원호형,원호형,10,410,390,일반,Y,33.235131,126.478397,Y,N,,제주특별자치도 서귀포시청,064-760-3092,2024-07-22,I,2026-05-15 18:45:21,2024-07-22 14:51:54
6520000,202465200000600637,758,시흥상동로,제주특별자치도,서귀포시,제주특별자치도 서귀포시 성산읍 시흥상동로 135,제주특별자치도 서귀포시 성산읍 시흥리 2644,제주특별자치도 서귀포시 성산읍 시흥상동로 135,원호형,원호형,10,310,720,일반,N,33.480676,126.897337,Y,N,,제주특별자치도 서귀포시청,064-760-3092,2024-07-22,I,2026-05-15 18:45:21,2024-07-22 14:51:55
6520000,202465200000600613,693,효돈로,제주특별자치도,서귀포시,제주특별자치도 서귀포시 효돈로 150-1,제주특별자치도 서귀포시 신효동 110,제주특별자치도 서귀포시 효돈로 150-1,원호형,원호형,10,360,870,일반,Y,33.263641,126.614898,Y,N,,제주특별자치도 서귀포시청,064-760-3092,2024-07-22,I,2026-05-15 18:45:21,2024-07-22 14:51:55
6520000,202465200000600539,735,표선중앙로43번길,제주특별자치도,서귀포시,제주특별자치도 서귀포시 표선면 표선중앙로43번길 16,제주특별자치도 서귀포시 표선면 표선리 2954,제주특별자치도 서귀포시 표선면 표선중앙로43번길 16,원호형,원호형,10,360,1000,일반,Y,33.328624,126.832382,Y,N,,제주특별자치도 서귀포시청,064-760-3092,2024-07-22,I,2026-05-15 18:45:21,2024-07-22 14:51:54
6520000,202465200000600622,702,효돈로,제주특별자치도,서귀포시,제주특별자치도 서귀포시 효돈로 158,제주특별자치도 서귀포시 하효동 153-4,제주특별자치도 서귀포시 효돈로 158,원호형,원호형,10,360,860,일반,Y,33.263627,126.615615,Y,N,,제주특별자치도 서귀포시청,064-760-3092,2024-07-22,I,2026-05-15 18:45:21,2024-07-22 14:51:55
6520000,202465200000600674,555,한마음초등로,제주특별자치도,서귀포시,제주특별자치도 서귀포시 표선면 한마음초등로 406,제주특별자치도 서귀포시 표선면 하천리 2611,제주특별자치도 서귀포시 표선면 한마음초등로 406,원호형,원호형,10,360,1210,일반,Y,33.353062,126.815475,Y,N,,제주특별자치도 서귀포시청,064-760-3092,2024-07-22,I,2026-05-15 18:45:21,2024-07-22 14:51:55
6520000,202465200000600758,409,솔동산로11번길,제주특별자치도,서귀포시,제주특별자치도 서귀포시 솔동산로11번길 31,제주특별자치도 서귀포시 서귀동 962-92,제주특별자치도 서귀포시 솔동산로11번길 31,원호형,원호형,10,360,750,일반,Y,33.243714,126.566973,Y,N,,제주특별자치도 서귀포시청,064-760-3092,2024-07-22,I,2026-05-15 18:45:21,2024-07-22 14:51:56
6520000,202465200000600773,424,솜반천로,제주특별자치도,서귀포시,제주특별자치도 서귀포시 솜반천로 35-1,제주특별자치도 서귀포시 서홍동 451,제주특별자치도 서귀포시 솜반천로 35-1,원호형,원호형,10,760,760,일반,Y,33.253797,126.556844,Y,N,,제주특별자치도 서귀포시청,064-760-3092,2024-07-22,I,2026-05-15 18:45:21,2024-07-22 14:51:56
6520000,202465200000600494,659,동일하모로220번길,제주특별자치도,서귀포시,제주특별자치도 서귀포시 대정읍 동일하모로220번길 17,제주특별자치도 서귀포시 대정읍 하모리 1545-1,제주특별자치도 서귀포시 대정읍 동일하모로220번길 17,원호형,원호형,10,360,590,일반,Y,33.224263,126.254688,Y,N,,제주특별자치도 서귀포시청,064-760-3092,2024-07-22,I,2026-05-15 18:45:21,2024-07-22 14:51:54
6520000,202465200000600652,680,말질로,제주특별자치도,서귀포시,제주특별자치도 서귀포시 말질로 194,제주특별자치도 서귀포시 강정동 5652,제주특별자치도 서귀포시 말질로 194,원호형,원호형,10,350,810,일반,N,33.234645,126.479766,Y,N,,제주특별자치도 서귀포시청,064-760-3092,2024-07-22,I,2026-05-15 18:45:21,2024-07-22 14:51:55
6520000,202465200000600532,728,태위로,제주특별자치도,서귀포시,제주특별자치도 서귀포시 남원읍 태위로 58,제주특별자치도 서귀포시 남원읍 위미리 4610,제주특별자치도 서귀포시 남원읍 태위로 58,원호형,원호형,10,370,830,일반,Y,33.273401,126.653853,Y,N,,제주특별자치도 서귀포시청,064-760-3092,2024-07-22,I,2026-05-15 18:45:21,2024-07-22 14:51:54
6520000,202465200000600533,729,태위로,제주특별자치도,서귀포시,제주특별자치도 서귀포시 남원읍 태위로 58,제주특별자치도 서귀포시 남원읍 위미리 4610,제주특별자치도 서귀포시 남원읍 태위로 58,원호형,원호형,10,370,830,일반,Y,33.273401,126.653853,Y,N,,제주특별자치도 서귀포시청,064-760-3092,2024-07-22,I,2026-05-15 18:45:21,2024-07-22 14:51:54
6520000,202465200000600421,586,호근남로,제주특별자치도,서귀포시,제주특별자치도 서귀포시 호근남로 57,제주특별자치도 서귀포시 호근동 2142,제주특별자치도 서귀포시 호근남로 57,원호형,원호형,10,360,500,일반,Y,33.253192,126.530348,Y,N,,제주특별자치도 서귀포시청,064-760-3092,2024-01-24,I,2026-05-15 18:45:21,2024-07-22 14:51:53
6520000,202465200000600676,557,한마음초등로,제주특별자치도,서귀포시,제주특별자치도 서귀포시 표선면 한마음초등로 406,제주특별자치도 서귀포시 표선면 하천리 2611,제주특별자치도 서귀포시 표선면 한마음초등로 406,원호형,원호형,10,360,1210,일반,Y,33.353062,126.815475,Y,N,,제주특별자치도 서귀포시청,064-760-3092,2024-07-22,I,2026-05-15 18:45:21,2024-07-22 14:51:55
6520000,202465200000600404,569,태위로,제주특별자치도,서귀포시,제주특별자치도 서귀포시 남원읍 태위로 912,제주특별자치도 서귀포시 남원읍 태흥리 2003,제주특별자치도 서귀포시 남원읍 태위로 912,원호형,원호형,10,360,820,일반,Y,33.285452,126.743001,Y,N,,제주특별자치도 서귀포시청,064-760-3092,2024-01-24,I,2026-05-15 18:45:21,2024-07-22 14:51:53
6520000,202465200000600458,623,동일하모로,제주특별자치도,서귀포시,제주특별자치도 서귀포시 대정읍 동일하모로 37,제주특별자치도 서귀포시 대정읍 동일리 3168-2,제주특별자치도 서귀포시 대정읍 동일하모로 37,원호형,원호형,10,360,1040,일반,Y,33.232234,126.237895,Y,N,,제주특별자치도 서귀포시청,064-760-3092,2024-01-24,I,2026-05-15 18:45:21,2024-07-22 14:51:54
6520000,202465200000600686,453,동홍중앙로,제주특별자치도,서귀포시,제주특별자치도 서귀포시 동홍중앙로 28,제주특별자치도 서귀포시 동홍동 657-6,제주특별자치도 서귀포시 동홍중앙로 28,원호형,원호형,10,360,800,일반,Y,33.253151,126.571829,Y,N,,제주특별자치도 서귀포시청,064-760-3092,2024-07-22,I,2026-05-15 18:45:21,2024-07-22 14:51:56
6520000,202465200000600642,763,시흥상동로68번길,제주특별자치도,서귀포시,제주특별자치도 서귀포시 성산읍 시흥상동로68번길 30,제주특별자치도 서귀포시 성산읍 시흥리 2644,제주특별자치도 서귀포시 성산읍 시흥상동로68번길 30,원호형,원호형,10,350,1070,일반,N,33.476973,126.896162,Y,N,,제주특별자치도 서귀포시청,064-760-3092,2024-07-22,I,2026-05-15 18:45:21,2024-07-22 14:51:55
6520000,202465200000600422,587,호근서호로,제주특별자치도,서귀포시,제주특별자치도 서귀포시 호근서호로 133,제주특별자치도 서귀포시 호근동 1786-4,제주특별자치도 서귀포시 호근서호로 133,원호형,원호형,10,400,780,일반,Y,33.257365,126.526858,Y,N,,제주특별자치도 서귀포시청,064-760-3092,2024-01-24,I,2026-05-15 18:45:21,2024-07-22 14:51:53
6520000,202465200000600513,678,이어도로,제주특별자치도,서귀포시,제주특별자치도 서귀포시 이어도로 596,제주특별자치도 서귀포시 강정동 5652,제주특별자치도 서귀포시 이어도로 596,원호형,원호형,10,370,870,일반,Y,33.235542,126.480165,Y,N,,제주특별자치도 서귀포시청,064-760-3092,2024-07-22,I,2026-05-15 18:45:21,2024-07-22 14:51:54
6520000,202465200000600745,396,신례로,제주특별자치도,서귀포시,제주특별자치도 서귀포시 남원읍 신례로 230,제주특별자치도 서귀포시 남원읍 신례리 841-3,제주특별자치도 서귀포시 남원읍 신례로 230,원호형,원호형,10,360,790,일반,Y,33.285227,126.632451,Y,N,,제주특별자치도 서귀포시청,064-760-3092,2024-07-22,I,2026-05-15 18:45:21,2024-07-22 14:51:56
6520000,202465200000600557,710,태위로,제주특별자치도,서귀포시,제주특별자치도 서귀포시 남원읍 태위로 87,제주특별자치도 서귀포시 남원읍 위미리 4610,제주특별자치도 서귀포시 남원읍 태위로 87,원호형,원호형,10,350,820,일반,N,33.274285,126.656855,Y,N,,제주특별자치도 서귀포시청,064-760-3092,2024-07-22,I,2026-05-15 18:45:21,2024-07-22 14:51:54
6520000,202465200000600562,715,태위로,제주특별자치도,서귀포시,제주특별자치도 서귀포시 남원읍 태위로 82,제주특별자치도 서귀포시 남원읍 위미리 4610,제주특별자치도 서귀포시 남원읍 태위로 82,원호형,원호형,10,350,820,일반,N,33.274086,126.656191,Y,N,,제주특별자치도 서귀포시청,064-760-3092,2024-07-22,I,2026-05-15 18:45:21,2024-07-22 14:51:55
6520000,202465200000600450,615,이어도로,제주특별자치도,서귀포시,제주특별자치도 서귀포시 이어도로 906,제주특별자치도 서귀포시 법환동 1280-1,제주특별자치도 서귀포시 이어도로 906,원호형,원호형,10,360,320,일반,N,33.236895,126.511313,Y,N,,제주특별자치도 서귀포시청,064-760-3092,2024-01-24,I,2026-05-15 18:45:21,2024-07-22 14:51:54
6520000,202465200000600482,647,흙담솔로,제주특별자치도,서귀포시,제주특별자치도 서귀포시 흙담솔로 2-1,제주특별자치도 서귀포시 서홍동 2566,제주특별자치도 서귀포시 흙담솔로 2-1,원호형,원호형,10,310,580,일반,N,33.260691,126.558769,Y,N,,제주특별자치도 서귀포시청,064-760-3092,2024-07-22,I,2026-05-15 18:45:21,2024-07-22 14:51:54
6520000,202465200000600426,591,호근남로,제주특별자치도,서귀포시,제주특별자치도 서귀포시 호근남로 53-4,제주특별자치도 서귀포시 호근동 1421-5,제주특별자치도 서귀포시 호근남로 53-4,원호형,원호형,10,360,620,일반,Y,33.253518,126.530288,Y,N,,제주특별자치도 서귀포시청,064-760-3092,2024-01-24,I,2026-05-15 18:45:21,2024-07-22 14:51:53
6520000,202465200000600478,643,남한로,제주특별자치도,서귀포시,제주특별자치도 서귀포시 남원읍 남한로 27,제주특별자치도 서귀포시 남원읍 남원리 158-6,제주특별자치도 서귀포시 남원읍 남한로 27,원호형,원호형,10,360,860,일반,Y,33.281473,126.717257,Y,N,,제주특별자치도 서귀포시청,064-760-3092,2024-07-22,I,2026-05-15 18:45:21,2024-07-22 14:51:54
6520000,202465200000600463,628,태위로,제주특별자치도,서귀포시,제주특별자치도 서귀포시 남원읍 태위로 646-1,제주특별자치도 서귀포시 남원읍 남원리 2490-116,제주특별자치도 서귀포시 남원읍 태위로 646-1,원호형,원호형,10,360,870,일반,Y,33.278227,126.715556,Y,N,,제주특별자치도 서귀포시청,064-760-3092,2024-01-24,I,2026-05-15 18:45:21,2024-07-22 14:51:54
6520000,202465200000600466,631,태위로,제주특별자치도,서귀포시,제주특별자치도 서귀포시 남원읍 태위로 642,제주특별자치도 서귀포시 남원읍 남원리 2490-116,제주특별자치도 서귀포시 남원읍 태위로 642,원호형,원호형,10,360,910,일반,Y,33.278088,126.715098,Y,N,,제주특별자치도 서귀포시청,064-760-3092,2024-01-24,I,2026-05-15 18:45:21,2024-07-22 14:51:54
6520000,202465200000600498,663,동일하모로220번길,제주특별자치도,서귀포시,제주특별자치도 서귀포시 대정읍 동일하모로220번길 6,제주특별자치도 서귀포시 대정읍 하모리 1559-3,제주특별자치도 서귀포시 대정읍 동일하모로220번길 6,원호형,원호형,10,360,640,일반,Y,33.225139,126.254602,Y,N,,제주특별자치도 서귀포시청,064-760-3092,2024-07-22,I,2026-05-15 18:45:21,2024-07-22 14:51:54
6520000,202465200000600730,381,신례로,제주특별자치도,서귀포시,제주특별자치도 서귀포시 남원읍 신례로 212,제주특별자치도 서귀포시 남원읍 신례리 836-12,제주특별자치도 서귀포시 남원읍 신례로 212,원호형,원호형,10,360,920,일반,Y,33.283823,126.633439,Y,N,,제주특별자치도 서귀포시청,064-760-3092,2024-07-22,I,2026-05-15 18:45:21,2024-07-22 14:51:56
6520000,202465200000600563,716,태위로,제주특별자치도,서귀포시,제주특별자치도 서귀포시 남원읍 태위로 82,제주특별자치도 서귀포시 남원읍 위미리 4610,제주특별자치도 서귀포시 남원읍 태위로 82,원호형,원호형,10,350,820,일반,N,33.274086,126.656191,Y,N,,제주특별자치도 서귀포시청,064-760-3092,2024-07-22,I,2026-05-15 18:45:21,2024-07-22 14:51:55
6520000,202465200000600762,413,솔동산로11번길,제주특별자치도,서귀포시,제주특별자치도 서귀포시 솔동산로11번길 24,제주특별자치도 서귀포시 서귀동 47-2,제주특별자치도 서귀포시 솔동산로11번길 24,원호형,원호형,10,190,460,일반,N,33.243389,126.566603,Y,N,,제주특별자치도 서귀포시청,064-760-3092,2024-07-22,I,2026-05-15 18:45:21,2024-07-22 14:51:56
6520000,202465200000600402,567,태위로,제주특별자치도,서귀포시,제주특별자치도 서귀포시 남원읍 태위로 912,제주특별자치도 서귀포시 남원읍 태흥리 2003,제주특별자치도 서귀포시 남원읍 태위로 912,원호형,원호형,10,360,820,일반,Y,33.285452,126.743001,Y,N,,제주특별자치도 서귀포시청,064-760-3092,2024-01-24,I,2026-05-15 18:45:21,2024-07-22 14:51:53
6520000,202465200000600678,559,한마음초등로,제주특별자치도,서귀포시,제주특별자치도 서귀포시 표선면 한마음초등로 406,제주특별자치도 서귀포시 표선면 하천리 2611,제주특별자치도 서귀포시 표선면 한마음초등로 406,원호형,원호형,10,360,1220,일반,Y,33.352998,126.815055,Y,N,,제주특별자치도 서귀포시청,064-760-3092,2024-07-22,I,2026-05-15 18:45:21,2024-07-22 14:51:55
6520000,202465200000600629,750,표선동서로,제주특별자치도,서귀포시,제주특별자치도 서귀포시 표선면 표선동서로 285,제주특별자치도 서귀포시 표선면 표선리 458-5,제주특별자치도 서귀포시 표선면 표선동서로 285,원호형,원호형,10,360,560,일반,Y,33.328727,126.834909,Y,N,,제주특별자치도 서귀포시청,064-760-3092,2024-07-22,I,2026-05-15 18:45:21,2024-07-22 14:51:55
6520000,202465200000600576,510,중산간동로,제주특별자치도,서귀포시,제주특별자치도 서귀포시 성산읍 중산간동로 3285,제주특별자치도 서귀포시 성산읍 수산리 640-3,제주특별자치도 서귀포시 성산읍 중산간동로 3285,원호형,원호형,10,350,680,일반,N,33.447123,126.884315,Y,N,,제주특별자치도 서귀포시청,064-760-3092,2024-07-22,I,2026-05-15 18:45:21,2024-07-22 14:51:55
6520000,202465200000600554,772,고성오조로,제주특별자치도,서귀포시,제주특별자치도 서귀포시 성산읍 고성오조로 48-1,제주특별자치도 서귀포시 성산읍 고성리 2747,제주특별자치도 서귀포시 성산읍 고성오조로 48-1,원호형,원호형,10,360,1010,일반,Y,33.448038,126.915073,Y,N,,제주특별자치도 서귀포시청,064-760-3092,2024-07-22,I,2026-05-15 18:45:21,2024-07-22 14:51:54
6520000,202465200000600767,418,소암로12번길,제주특별자치도,서귀포시,제주특별자치도 서귀포시 소암로12번길 20,제주특별자치도 서귀포시 서귀동 29-2,제주특별자치도 서귀포시 소암로12번길 20,원호형,원호형,10,360,820,일반,Y,33.243018,126.566928,Y,N,,제주특별자치도 서귀포시청,064-760-3092,2024-07-22,I,2026-05-15 18:45:21,2024-07-22 14:51:56
6520000,202465200000600717,484,중산간동로,제주특별자치도,서귀포시,제주특별자치도 서귀포시 성산읍 중산간동로 3297,제주특별자치도 서귀포시 성산읍 수산리 653-4,제주특별자치도 서귀포시 성산읍 중산간동로 3297,원호형,원호형,10,170,630,일반,N,33.446405,126.885114,Y,N,,제주특별자치도 서귀포시청,064-760-3092,2024-07-22,I,2026-05-15 18:45:21,2024-07-22 14:51:56
6520000,202465200000600754,405,중산간동로,제주특별자치도,서귀포시,제주특별자치도 서귀포시 남원읍 중산간동로 7121,제주특별자치도 서귀포시 남원읍 신례리 830-1,제주특별자치도 서귀포시 남원읍 중산간동로 7121,원호형,원호형,10,360,890,일반,Y,33.283475,126.631632,Y,N,,제주특별자치도 서귀포시청,064-760-3092,2024-07-22,I,2026-05-15 18:45:21,2024-07-22 14:51:56
6520000,202465200000600508,673,하예로,제주특별자치도,서귀포시,제주특별자치도 서귀포시 하예로 65,제주특별자치도 서귀포시 하예동 2-1,제주특별자치도 서귀포시 하예로 65,원호형,원호형,10,360,580,일반,Y,33.246279,126.390746,Y,N,,제주특별자치도 서귀포시청,064-760-3092,2024-07-22,I,2026-05-15 18:45:21,2024-07-22 14:51:54
6520000,202465200000600696,463,고성오조로,제주특별자치도,서귀포시,제주특별자치도 서귀포시 성산읍 고성오조로 111,제주특별자치도 서귀포시 성산읍 오조리 2210,제주특별자치도 서귀포시 성산읍 고성오조로 111,원호형,원호형,10,360,830,일반,Y,33.453634,126.913541,Y,N,,제주특별자치도 서귀포시청,064-760-3092,2024-07-22,I,2026-05-15 18:45:21,2024-07-22 14:51:56
6520000,202465200000600764,415,천지연로8번길,제주특별자치도,서귀포시,제주특별자치도 서귀포시 천지연로8번길 20,제주특별자치도 서귀포시 서귀동 564-3,제주특별자치도 서귀포시 천지연로8번길 20,원호형,원호형,10,360,470,일반,Y,33.243389,126.566079,Y,N,,제주특별자치도 서귀포시청,064-760-3092,2024-07-22,I,2026-05-15 18:45:21,2024-07-22 14:51:56
6520000,202465200000600626,706,효돈로,제주특별자치도,서귀포시,제주특별자치도 서귀포시 효돈로 164-4,제주특별자치도 서귀포시 하효동 147-9,제주특별자치도 서귀포시 효돈로 164-4,원호형,원호형,10,360,860,일반,Y,33.263647,126.616425,Y,N,,제주특별자치도 서귀포시청,064-760-3092,2024-07-22,I,2026-05-15 18:45:21,2024-07-22 14:51:55
6520000,202465200000600579,513,화순중앙로,제주특별자치도,서귀포시,제주특별자치도 서귀포시 안덕면 화순중앙로 7,제주특별자치도 서귀포시 안덕면 화순리 1234-3,제주특별자치도 서귀포시 안덕면 화순중앙로 7,원호형,원호형,10,290,370,일반,N,33.251111,126.333971,Y,N,,제주특별자치도 서귀포시청,064-760-3092,2024-07-22,I,2026-05-15 18:45:21,2024-07-22 14:51:55
6520000,202465200000600705,472,수시로,제주특별자치도,서귀포시,제주특별자치도 서귀포시 성산읍 수시로 2-2,제주특별자치도 서귀포시 성산읍 수산리 4764,제주특별자치도 서귀포시 성산읍 수시로 2-2,원호형,원호형,10,140,590,일반,N,33.446038,126.885434,Y,N,,제주특별자치도 서귀포시청,064-760-3092,2024-07-22,I,2026-05-15 18:45:21,2024-07-22 14:51:56
6520000,202465200000600649,770,고성오조로,제주특별자치도,서귀포시,제주특별자치도 서귀포시 성산읍 고성오조로 56,제주특별자치도 서귀포시 성산읍 고성리 2747,제주특별자치도 서귀포시 성산읍 고성오조로 56,원호형,원호형,10,360,820,일반,Y,33.4486109,126.915043,Y,N,,제주특별자치도 서귀포시청,064-760-3092,2024-07-22,I,2026-05-15 18:45:21,2024-07-22 14:51:55
6520000,202465200000600724,491,중산간동로,제주특별자치도,서귀포시,제주특별자치도 서귀포시 성산읍 중산간동로 3297,제주특별자치도 서귀포시 성산읍 수산리 653-2,제주특별자치도 서귀포시 성산읍 중산간동로 3297,원호형,원호형,10,150,450,일반,N,33.446414,126.885023,Y,N,,제주특별자치도 서귀포시청,064-760-3092,2024-07-22,I,2026-05-15 18:45:21,2024-07-22 14:51:56
6520000,202465200000600543,739,표선중앙로43번길,제주특별자치도,서귀포시,제주특별자치도 서귀포시 표선면 표선중앙로43번길 32,제주특별자치도 서귀포시 표선면 표선리 507-6,제주특별자치도 서귀포시 표선면 표선중앙로43번길 32,원호형,원호형,10,360,480,일반,Y,33.328736,126.834142,Y,N,,제주특별자치도 서귀포시청,064-760-3092,2024-07-22,I,2026-05-15 18:45:21,2024-07-22 14:51:54
6520000,202465200000600718,485,중산간동로,제주특별자치도,서귀포시,제주특별자치도 서귀포시 성산읍 중산간동로 3297,제주특별자치도 서귀포시 성산읍 수산리 653-4,제주특별자치도 서귀포시 성산읍 중산간동로 3297,원호형,원호형,10,170,630,일반,N,33.446405,126.885114,Y,N,,제주특별자치도 서귀포시청,064-760-3092,2024-07-22,I,2026-05-15 18:45:21,2024-07-22 14:51:56
6520000,202465200000600590,524,한신로,제주특별자치도,서귀포시,제주특별자치도 서귀포시 남원읍 한신로 220,제주특별자치도 서귀포시 남원읍 의귀리 1486-28,제주특별자치도 서귀포시 남원읍 한신로 220,원호형,원호형,10,360,930,일반,Y,33.309686,126.7149707,Y,N,,제주특별자치도 서귀포시청,064-760-3092,2024-07-22,I,2026-05-15 18:45:21,2024-07-22 14:51:55
6520000,202465200000600538,734,표선중앙로43번길,제주특별자치도,서귀포시,제주특별자치도 서귀포시 표선면 표선중앙로43번길 16,제주특별자치도 서귀포시 표선면 표선리 2954,제주특별자치도 서귀포시 표선면 표선중앙로43번길 16,원호형,원호형,10,360,1000,일반,Y,33.328624,126.832382,Y,N,,제주특별자치도 서귀포시청,064-760-3092,2024-07-22,I,2026-05-15 18:45:21,2024-07-22 14:51:54
6520000,202465200000600644,765,시흥상동로68번길,제주특별자치도,서귀포시,제주특별자치도 서귀포시 성산읍 시흥상동로68번길 30,제주특별자치도 서귀포시 성산읍 시흥리 2644,제주특별자치도 서귀포시 성산읍 시흥상동로68번길 30,원호형,원호형,10,350,1070,일반,N,33.476973,126.896162,Y,N,,제주특별자치도 서귀포시청,064-760-3092,2024-07-22,I,2026-05-15 18:45:21,2024-07-22 14:51:55
6520000,202465200000600775,426,솜반천로,제주특별자치도,서귀포시,제주특별자치도 서귀포시 솜반천로 35-1,제주특별자치도 서귀포시 서홍동 451,제주특별자치도 서귀포시 솜반천로 35-1,원호형,원호형,10,200,760,일반,N,33.253797,126.556844,Y,N,,제주특별자치도 서귀포시청,064-760-3092,2024-07-22,I,2026-05-15 18:45:21,2024-07-22 14:51:56
6520000,202465200000600680,447,동홍북로,제주특별자치도,서귀포시,제주특별자치도 서귀포시 동홍북로 28,제주특별자치도 서귀포시 동홍동 657-1,제주특별자치도 서귀포시 동홍북로 28,원호형,원호형,10,480,920,일반,Y,33.259262,126.571226,Y,N,,제주특별자치도 서귀포시청,064-760-3092,2024-07-22,I,2026-05-15 18:45:21,2024-07-22 14:51:56
6520000,202465200000600760,411,솔동산로11번길,제주특별자치도,서귀포시,제주특별자치도 서귀포시 솔동산로11번길 29,제주특별자치도 서귀포시 서귀동 54-1,제주특별자치도 서귀포시 솔동산로11번길 29,원호형,원호형,10,360,770,일반,Y,33.243507,126.567001,Y,N,,제주특별자치도 서귀포시청,064-760-3092,2024-07-22,I,2026-05-15 18:45:21,2024-07-22 14:51:56
6520000,202465200000600461,626,태위로,제주특별자치도,서귀포시,제주특별자치도 서귀포시 남원읍 태위로 651,제주특별자치도 서귀포시 남원읍 남원리 2490-116,제주특별자치도 서귀포시 남원읍 태위로 651,원호형,원호형,10,360,910,일반,Y,33.278402,126.716312,Y,N,,제주특별자치도 서귀포시청,064-760-3092,2024-01-24,I,2026-05-15 18:45:21,2024-07-22 14:51:54
6520000,202465200000600666,547,토평로50번길,제주특별자치도,서귀포시,제주특별자치도 서귀포시 토평로50번길 45,제주특별자치도 서귀포시 토평동 1219-2,제주특별자치도 서귀포시 토평로50번길 45,원호형,원호형,10,360,780,일반,Y,33.2658909,126.590315,Y,N,,제주특별자치도 서귀포시청,064-760-3092,2024-07-22,I,2026-05-15 18:45:21,2024-07-22 14:51:55
6520000,202465200000600525,503,중산간동로,제주특별자치도,서귀포시,제주특별자치도 서귀포시 성산읍 중산간동로 3308-1,제주특별자치도 서귀포시 성산읍 수산리 4764,제주특별자치도 서귀포시 성산읍 중산간동로 3308-1,원호형,원호형,10,180,900,일반,N,33.4457309,126.885078,Y,N,,제주특별자치도 서귀포시청,064-760-3092,2024-07-22,I,2026-05-15 18:45:21,2024-07-22 14:51:54
6520000,202465200000600633,754,표선동서로,제주특별자치도,서귀포시,제주특별자치도 서귀포시 표선면 표선동서로 300,제주특별자치도 서귀포시 표선면 표선리 449-4,제주특별자치도 서귀포시 표선면 표선동서로 300,원호형,원호형,10,370,750,일반,Y,33.329964,126.836402,Y,N,,제주특별자치도 서귀포시청,064-760-3092,2024-07-22,I,2026-05-15 18:45:21,2024-07-22 14:51:55
6520000,202465200000600689,456,성읍민속로,제주특별자치도,서귀포시,제주특별자치도 서귀포시 표선면 성읍민속로 63,제주특별자치도 서귀포시 표선면 성읍리 993-3,제주특별자치도 서귀포시 표선면 성읍민속로 63,원호형,원호형,10,360,690,일반,Y,33.383209,126.799729,Y,N,,제주특별자치도 서귀포시청,064-760-3092,2024-07-22,I,2026-05-15 18:45:21,2024-07-22 14:51:56
6520000,202465200000600604,684,월평하원로,제주특별자치도,서귀포시,제주특별자치도 서귀포시 월평하원로 146,제주특별자치도 서귀포시 하원동 323-1,제주특별자치도 서귀포시 월평하원로 146,원호형,원호형,10,360,250,일반,N,33.252409,126.460221,Y,N,,제주특별자치도 서귀포시청,064-760-3092,2024-07-22,I,2026-05-15 18:45:21,2024-07-22 14:51:55
6520000,202465200000600665,546,토평로50번길,제주특별자치도,서귀포시,제주특별자치도 서귀포시 토평로50번길 45,제주특별자치도 서귀포시 토평동 1219-2,제주특별자치도 서귀포시 토평로50번길 45,원호형,원호형,10,360,780,일반,Y,33.2658909,126.590315,Y,N,,제주특별자치도 서귀포시청,064-760-3092,2024-07-22,I,2026-05-15 18:45:21,2024-07-22 14:51:55
6520000,202465200000600456,621,도순남로,제주특별자치도,서귀포시,제주특별자치도 서귀포시 도순남로 82,제주특별자치도 서귀포시 도순동 1372,제주특별자치도 서귀포시 도순남로 82,원호형,원호형,10,310,600,일반,N,33.247879,126.476811,Y,N,,제주특별자치도 서귀포시청,064-760-3092,2024-01-24,I,2026-05-15 18:45:21,2024-07-22 14:51:54
6520000,202465200000600628,774,고성오조로,제주특별자치도,서귀포시,제주특별자치도 서귀포시 성산읍 고성오조로 48-1,제주특별자치도 서귀포시 성산읍 고성리 2747,제주특별자치도 서귀포시 성산읍 고성오조로 48-1,원호형,원호형,10,360,1010,일반,Y,33.448038,126.915073,Y,N,,제주특별자치도 서귀포시청,064-760-3092,2024-07-22,I,2026-05-15 18:45:21,2024-07-22 14:51:55
6520000,202465200000600484,649,중앙로62번길,제주특별자치도,서귀포시,제주특별자치도 서귀포시 중앙로62번길 52,제주특별자치도 서귀포시 서귀동 282-6,제주특별자치도 서귀포시 중앙로62번길 52,원호형,원호형,10,340,450,일반,N,33.252283,126.564601,Y,N,,제주특별자치도 서귀포시청,064-760-3092,2024-07-22,I,2026-05-15 18:45:21,2024-07-22 14:51:54
6520000,202465200000600473,638,태위로,제주특별자치도,서귀포시,제주특별자치도 서귀포시 남원읍 태위로 647,제주특별자치도 서귀포시 남원읍 남원리 1305-5,제주특별자치도 서귀포시 남원읍 태위로 647,원호형,원호형,10,360,470,일반,Y,33.279022,126.7150704,Y,N,,제주특별자치도 서귀포시청,064-760-3092,2024-07-22,I,2026-05-15 18:45:21,2024-07-22 14:51:54
6520000,202465200000600772,423,솜반천로,제주특별자치도,서귀포시,제주특별자치도 서귀포시 솜반천로 43,제주특별자치도 서귀포시 서홍동 451,제주특별자치도 서귀포시 솜반천로 43,원호형,원호형,10,400,570,일반,Y,33.253643,126.556146,Y,N,,제주특별자치도 서귀포시청,064-760-3092,2024-07-22,I,2026-05-15 18:45:21,2024-07-22 14:51:56
6520000,202465200000600519,497,중산간동로,제주특별자치도,서귀포시,제주특별자치도 서귀포시 성산읍 중산간동로 3289,제주특별자치도 서귀포시 성산읍 수산리 640-3,제주특별자치도 서귀포시 성산읍 중산간동로 3289,원호형,원호형,10,200,670,일반,N,33.4467809,126.884729,Y,N,,제주특별자치도 서귀포시청,064-760-3092,2024-07-22,I,2026-05-15 18:45:21,2024-07-22 14:51:54
6520000,202465200000600415,580,풍천로,제주특별자치도,서귀포시,제주특별자치도 서귀포시 성산읍 풍천로 20,제주특별자치도 서귀포시 성산읍 신천리 862-9,제주특별자치도 서귀포시 성산읍 풍천로 20,원호형,원호형,10,530,740,일반,Y,33.347377,126.850584,Y,N,,제주특별자치도 서귀포시청,064-760-3092,2024-01-24,I,2026-05-15 18:45:21,2024-07-22 14:51:53
6520000,202465200000600599,533,서의로,제주특별자치도,서귀포시,제주특별자치도 서귀포시 남원읍 서의로 222,제주특별자치도 서귀포시 남원읍 의귀리 1483-8,제주특별자치도 서귀포시 남원읍 서의로 222,원호형,원호형,10,360,780,일반,Y,33.309874,126.713913,Y,N,,제주특별자치도 서귀포시청,064-760-3092,2024-07-22,I,2026-05-15 18:45:21,2024-07-22 14:51:55
6520000,202465200000600553,749,표선동서로,제주특별자치도,서귀포시,제주특별자치도 서귀포시 표선면 표선동서로 285,제주특별자치도 서귀포시 표선면 표선리 458-5,제주특별자치도 서귀포시 표선면 표선동서로 285,원호형,원호형,10,360,560,일반,Y,33.328727,126.834909,Y,N,,제주특별자치도 서귀포시청,064-760-3092,2024-07-22,I,2026-05-15 18:45:21,2024-07-22 14:51:54
6520000,202465200000600403,568,태위로,제주특별자치도,서귀포시,제주특별자치도 서귀포시 남원읍 태위로 912,제주특별자치도 서귀포시 남원읍 태흥리 2003,제주특별자치도 서귀포시 남원읍 태위로 912,원호형,원호형,10,360,820,일반,Y,33.285452,126.743001,Y,N,,제주특별자치도 서귀포시청,064-760-3092,2024-01-24,I,2026-05-15 18:45:21,2024-07-22 14:51:53
6520000,202465200000600483,648,중앙로62번길,제주특별자치도,서귀포시,제주특별자치도 서귀포시 중앙로62번길 58,제주특별자치도 서귀포시 서귀동 283-3,제주특별자치도 서귀포시 중앙로62번길 58,원호형,원호형,10,410,450,일반,Y,33.253143,126.564333,Y,N,,제주특별자치도 서귀포시청,064-760-3092,2024-07-22,I,2026-05-15 18:45:21,2024-07-22 14:51:54
6520000,202465200000600641,762,시흥상동로,제주특별자치도,서귀포시,제주특별자치도 서귀포시 성산읍 시흥상동로 130,제주특별자치도 서귀포시 성산읍 시흥리 1177-4,제주특별자치도 서귀포시 성산읍 시흥상동로 130,원호형,원호형,10,380,800,일반,Y,33.479274,126.896711,Y,N,,제주특별자치도 서귀포시청,064-760-3092,2024-07-22,I,2026-05-15 18:45:21,2024-07-22 14:51:55
6520000,202465200000600417,582,호근남로,제주특별자치도,서귀포시,제주특별자치도 서귀포시 호근남로 42,제주특별자치도 서귀포시 호근동 2142,제주특별자치도 서귀포시 호근남로 42,원호형,원호형,10,360,570,일반,Y,33.254156,126.529837,Y,N,,제주특별자치도 서귀포시청,064-760-3092,2024-01-24,I,2026-05-15 18:45:21,2024-07-22 14:51:53
6520000,202465200000600722,489,중산간동로,제주특별자치도,서귀포시,제주특별자치도 서귀포시 성산읍 중산간동로 3297,제주특별자치도 서귀포시 성산읍 수산리 4764,제주특별자치도 서귀포시 성산읍 중산간동로 3297,원호형,원호형,10,150,360,일반,N,33.446455,126.885077,Y,N,,제주특별자치도 서귀포시청,064-760-3092,2024-07-22,I,2026-05-15 18:45:21,2024-07-22 14:51:56
6520000,202465200000600697,464,고성오조로,제주특별자치도,서귀포시,제주특별자치도 서귀포시 성산읍 고성오조로 107-1,제주특별자치도 서귀포시 성산읍 오조리 2210,제주특별자치도 서귀포시 성산읍 고성오조로 107-1,원호형,원호형,10,360,830,일반,Y,33.453231,126.913716,Y,N,,제주특별자치도 서귀포시청,064-760-3092,2024-07-22,I,2026-05-15 18:45:21,2024-07-22 14:51:56
6520000,202465200000600787,438,한도로,제주특별자치도,서귀포시,제주특별자치도 서귀포시 성산읍 한도로 214,제주특별자치도 서귀포시 성산읍 성산리 372-1,제주특별자치도 서귀포시 성산읍 한도로 214,원호형,원호형,10,390,1000,일반,Y,33.467817,126.930554,Y,N,,제주특별자치도 서귀포시청,064-760-3092,2024-07-22,I,2026-05-15 18:45:21,2024-07-22 14:51:56
6520000,202465200000600566,719,태위로,제주특별자치도,서귀포시,제주특별자치도 서귀포시 남원읍 태위로 86,제주특별자치도 서귀포시 남원읍 위미리 4610,제주특별자치도 서귀포시 남원읍 태위로 86,원호형,원호형,10,360,830,일반,Y,33.274215,126.656584,Y,N,,제주특별자치도 서귀포시청,064-760-3092,2024-07-22,I,2026-05-15 18:45:21,2024-07-22 14:51:55
6520000,202465200000600440,605,마소물로,제주특별자치도,서귀포시,제주특별자치도 서귀포시 마소물로 38-3,제주특별자치도 서귀포시 보목동 881-3,제주특별자치도 서귀포시 마소물로 38-3,원호형,원호형,10,360,670,일반,Y,33.246072,126.599537,Y,N,,제주특별자치도 서귀포시청,064-760-3092,2024-01-24,I,2026-05-15 18:45:21,2024-07-22 14:51:53
6520000,202465200000600616,696,효돈로,제주특별자치도,서귀포시,제주특별자치도 서귀포시 효돈로 172,제주특별자치도 서귀포시 하효동 1460,제주특별자치도 서귀포시 효돈로 172,원호형,원호형,10,370,850,일반,Y,33.263653,126.617003,Y,N,,제주특별자치도 서귀포시청,064-760-3092,2024-07-22,I,2026-05-15 18:45:21,2024-07-22 14:51:55
6520000,202465200000600703,470,가파로67번길,제주특별자치도,서귀포시,제주특별자치도 서귀포시 대정읍 가파로67번길 46,제주특별자치도 서귀포시 대정읍 가파리 464,제주특별자치도 서귀포시 대정읍 가파로67번길 46,원호형,원호형,10,240,440,일반,N,33.168921,126.270918,Y,N,,제주특별자치도 서귀포시청,064-760-3092,2024-07-22,I,2026-05-15 18:45:21,2024-07-22 14:51:56
6520000,202465200000600729,380,신례로,제주특별자치도,서귀포시,제주특별자치도 서귀포시 남원읍 신례로 212,제주특별자치도 서귀포시 남원읍 신례리 836-12,제주특별자치도 서귀포시 남원읍 신례로 212,원호형,원호형,10,360,920,일반,Y,33.283823,126.633439,Y,N,,제주특별자치도 서귀포시청,064-760-3092,2024-07-22,I,2026-05-15 18:45:21,2024-07-22 14:51:56
6520000,202465200000600531,560,한마음초등로,제주특별자치도,서귀포시,제주특별자치도 서귀포시 표선면 한마음초등로 406,제주특별자치도 서귀포시 표선면 하천리 2611,제주특별자치도 서귀포시 표선면 한마음초등로 406,원호형,원호형,10,360,1220,일반,Y,33.352998,126.815055,Y,N,,제주특별자치도 서귀포시청,064-760-3092,2024-07-22,I,2026-05-15 18:45:21,2024-07-22 14:51:54
6520000,202465200000600561,714,태위로,제주특별자치도,서귀포시,제주특별자치도 서귀포시 남원읍 태위로 60,제주특별자치도 서귀포시 남원읍 위미리 4610,제주특별자치도 서귀포시 남원읍 태위로 60,원호형,원호형,10,870,1230,일반,Y,33.273498,126.654184,Y,N,,제주특별자치도 서귀포시청,064-760-3092,2024-07-22,I,2026-05-15 18:45:21,2024-07-22 14:51:54
6520000,202465200000600723,490,중산간동로,제주특별자치도,서귀포시,제주특별자치도 서귀포시 성산읍 중산간동로 3297,제주특별자치도 서귀포시 성산읍 수산리 653-2,제주특별자치도 서귀포시 성산읍 중산간동로 3297,원호형,원호형,10,150,450,일반,N,33.446414,126.885023,Y,N,,제주특별자치도 서귀포시청,064-760-3092,2024-07-22,I,2026-05-15 18:45:21,2024-07-22 14:51:56
6520000,202465200000600492,657,서삼중로,제주특별자치도,서귀포시,제주특별자치도 서귀포시 대정읍 서삼중로 120,제주특별자치도 서귀포시 대정읍 무릉리 3291-5,제주특별자치도 서귀포시 대정읍 서삼중로 120,원호형,원호형,10,360,870,일반,Y,33.272129,126.200221,Y,N,,제주특별자치도 서귀포시청,064-760-3092,2024-07-22,I,2026-05-15 18:45:21,2024-07-22 14:51:54
6520000,202465200000600584,518,화순중앙로,제주특별자치도,서귀포시,제주특별자치도 서귀포시 안덕면 화순중앙로 20,제주특별자치도 서귀포시 안덕면 화순리 1128-9,제주특별자치도 서귀포시 안덕면 화순중앙로 20,원호형,원호형,10,350,590,일반,N,33.250367,126.3348506,Y,N,,제주특별자치도 서귀포시청,064-760-3092,2024-07-22,I,2026-05-15 18:45:21,2024-07-22 14:51:55
6520000,202465200000600598,532,서의로,제주특별자치도,서귀포시,제주특별자치도 서귀포시 남원읍 서의로 222,제주특별자치도 서귀포시 남원읍 의귀리 1483-8,제주특별자치도 서귀포시 남원읍 서의로 222,원호형,원호형,10,360,780,일반,Y,33.309874,126.713913,Y,N,,제주특별자치도 서귀포시청,064-760-3092,2024-07-22,I,2026-05-15 18:45:21,2024-07-22 14:51:55
6520000,202465200000600451,616,이어도로,제주특별자치도,서귀포시,제주특별자치도 서귀포시 이어도로 879,제주특별자치도 서귀포시 강정동 458-6,제주특별자치도 서귀포시 이어도로 879,원호형,원호형,10,340,450,일반,N,33.237829,126.508699,Y,N,,제주특별자치도 서귀포시청,064-760-3092,2024-01-24,I,2026-05-15 18:45:21,2024-07-22 14:51:54
6520000,202465200000600688,455,동홍중앙로,제주특별자치도,서귀포시,제주특별자치도 서귀포시 동홍중앙로 31,제주특별자치도 서귀포시 동홍동 657-6,제주특별자치도 서귀포시 동홍중앙로 31,원호형,원호형,10,360,800,일반,Y,33.253473,126.571871,Y,N,,제주특별자치도 서귀포시청,064-760-3092,2024-07-22,I,2026-05-15 18:45:21,2024-07-22 14:51:56
6520000,202465200000600474,639,태위로641번길,제주특별자치도,서귀포시,제주특별자치도 서귀포시 남원읍 태위로641번길 19,제주특별자치도 서귀포시 남원읍 남원리 1293-3,제주특별자치도 서귀포시 남원읍 태위로641번길 19,원호형,원호형,10,360,600,일반,Y,33.279839,126.715111,Y,N,,제주특별자치도 서귀포시청,064-760-3092,2024-07-22,I,2026-05-15 18:45:21,2024-07-22 14:51:54
6520000,202465200000600768,419,소암로12번길,제주특별자치도,서귀포시,제주특별자치도 서귀포시 소암로12번길 21,제주특별자치도 서귀포시 서귀동 28-3,제주특별자치도 서귀포시 소암로12번길 21,원호형,원호형,10,360,820,일반,Y,33.242998,126.566966,Y,N,,제주특별자치도 서귀포시청,064-760-3092,2024-07-22,I,2026-05-15 18:45:21,2024-07-22 14:51:56
6520000,202465200000600448,613,이어도로,제주특별자치도,서귀포시,제주특별자치도 서귀포시 이어도로 887,제주특별자치도 서귀포시 법환동 1298-1,제주특별자치도 서귀포시 이어도로 887,원호형,원호형,10,340,1090,일반,N,33.236656,126.509393,Y,N,,제주특별자치도 서귀포시청,064-760-3092,2024-01-24,I,2026-05-15 18:45:21,2024-07-22 14:51:54
6520000,202465200000600728,379,글로벌에듀로145번길,제주특별자치도,서귀포시,제주특별자치도 서귀포시 대정읍 글로벌에듀로145번길 24,제주특별자치도 서귀포시 대정읍 구억리 1079,제주특별자치도 서귀포시 대정읍 글로벌에듀로145번길 24,원호형,원호형,10,360,700,일반,Y,33.296127,126.287167,Y,N,,제주특별자치도 서귀포시청,064-760-3092,2024-07-22,I,2026-05-15 18:45:21,2024-07-22 14:51:56
6520000,202465200000600457,622,도순남로,제주특별자치도,서귀포시,제주특별자치도 서귀포시 도순남로 77-8,제주특별자치도 서귀포시 도순동 1372,제주특별자치도 서귀포시 도순남로 77-8,원호형,원호형,10,360,630,일반,Y,33.248334,126.477676,Y,N,,제주특별자치도 서귀포시청,064-760-3092,2024-01-24,I,2026-05-15 18:45:21,2024-07-22 14:51:54
6520000,202465200000600711,478,수시로,제주특별자치도,서귀포시,제주특별자치도 서귀포시 성산읍 수시로 3,제주특별자치도 서귀포시 성산읍 수산리 4764,제주특별자치도 서귀포시 성산읍 수시로 3,원호형,원호형,10,220,760,일반,N,33.446143,126.885492,Y,N,,제주특별자치도 서귀포시청,064-760-3092,2024-07-22,I,2026-05-15 18:45:21,2024-07-22 14:51:56
6520000,202465200000600660,541,토평남로,제주특별자치도,서귀포시,제주특별자치도 서귀포시 토평남로 79,제주특별자치도 서귀포시 토평동 1196,제주특별자치도 서귀포시 토평남로 79,원호형,원호형,10,360,600,일반,Y,33.265388,126.588868,Y,N,,제주특별자치도 서귀포시청,064-760-3092,2024-07-22,I,2026-05-15 18:45:21,2024-07-22 14:51:55
6520000,202465200000600683,450,동홍북로,제주특별자치도,서귀포시,제주특별자치도 서귀포시 동홍북로 14,제주특별자치도 서귀포시 동홍동 657-1,제주특별자치도 서귀포시 동홍북로 14,원호형,원호형,10,360,920,일반,Y,33.259214,126.569702,Y,N,,제주특별자치도 서귀포시청,064-760-3092,2024-07-22,I,2026-05-15 18:45:21,2024-07-22 14:51:56
6520000,202465200000600744,395,신례로,제주특별자치도,서귀포시,제주특별자치도 서귀포시 남원읍 신례로 230,제주특별자치도 서귀포시 남원읍 신례리 841-3,제주특별자치도 서귀포시 남원읍 신례로 230,원호형,원호형,10,360,790,일반,Y,33.285227,126.632451,Y,N,,제주특별자치도 서귀포시청,064-760-3092,2024-07-22,I,2026-05-15 18:45:21,2024-07-22 14:51:56
6520000,202465200000600582,516,화순로56번길,제주특별자치도,서귀포시,제주특별자치도 서귀포시 안덕면 화순로56번길 30,제주특별자치도 서귀포시 안덕면 화순리 1293-2,제주특별자치도 서귀포시 안덕면 화순로56번길 30,원호형,원호형,10,350,690,일반,N,33.249375,126.335971,Y,N,,제주특별자치도 서귀포시청,064-760-3092,2024-07-22,I,2026-05-15 18:45:21,2024-07-22 14:51:55
6520000,202465200000600709,476,수시로,제주특별자치도,서귀포시,제주특별자치도 서귀포시 성산읍 수시로 2-2,제주특별자치도 서귀포시 성산읍 수산리 4764,제주특별자치도 서귀포시 성산읍 수시로 2-2,원호형,원호형,10,180,520,일반,N,33.446057,126.885501,Y,N,,제주특별자치도 서귀포시청,064-760-3092,2024-07-22,I,2026-05-15 18:45:21,2024-07-22 14:51:56
6520000,202465200000600701,468,고성오조로,제주특별자치도,서귀포시,제주특별자치도 서귀포시 성산읍 고성오조로 111,제주특별자치도 서귀포시 성산읍 오조리 2210,제주특별자치도 서귀포시 성산읍 고성오조로 111,원호형,원호형,10,360,830,일반,Y,33.453634,126.913541,Y,N,,제주특별자치도 서귀포시청,064-760-3092,2024-07-22,I,2026-05-15 18:45:21,2024-07-22 14:51:56
6520000,202465200000600793,444,동홍서로112번길,제주특별자치도,서귀포시,제주특별자치도 서귀포시 동홍서로112번길 9,제주특별자치도 서귀포시 동홍동 657-1,제주특별자치도 서귀포시 동홍서로112번길 9,원호형,원호형,10,360,330,일반,N,33.258917,126.570676,Y,N,,제주특별자치도 서귀포시청,064-760-3092,2024-07-22,I,2026-05-15 18:45:21,2024-07-22 14:51:57
6520000,202465200000600597,531,서의로,제주특별자치도,서귀포시,제주특별자치도 서귀포시 남원읍 서의로 222,제주특별자치도 서귀포시 남원읍 의귀리 1483-8,제주특별자치도 서귀포시 남원읍 서의로 222,원호형,원호형,10,360,780,일반,Y,33.309874,126.713913,Y,N,,제주특별자치도 서귀포시청,064-760-3092,2024-07-22,I,2026-05-15 18:45:21,2024-07-22 14:51:55
6520000,202465200000600546,742,표선중앙로43번길,제주특별자치도,서귀포시,제주특별자치도 서귀포시 표선면 표선중앙로43번길 31,제주특별자치도 서귀포시 표선면 표선리 507-4,제주특별자치도 서귀포시 표선면 표선중앙로43번길 31,원호형,원호형,10,300,450,일반,N,33.328755,126.834394,Y,N,,제주특별자치도 서귀포시청,064-760-3092,2024-07-22,I,2026-05-15 18:45:21,2024-07-22 14:51:54
6520000,202465200000600636,757,시흥상동로,제주특별자치도,서귀포시,제주특별자치도 서귀포시 성산읍 시흥상동로 135,제주특별자치도 서귀포시 성산읍 시흥리 2644,제주특별자치도 서귀포시 성산읍 시흥상동로 135,원호형,원호형,10,310,720,일반,N,33.480676,126.897337,Y,N,,제주특별자치도 서귀포시청,064-760-3092,2024-07-22,I,2026-05-15 18:45:21,2024-07-22 14:51:55
6520000,202465200000600750,401,중산간동로,제주특별자치도,서귀포시,제주특별자치도 서귀포시 남원읍 중산간동로 7113-1,제주특별자치도 서귀포시 남원읍 신례리 834-2,제주특별자치도 서귀포시 남원읍 중산간동로 7113-1,원호형,원호형,10,360,920,일반,Y,33.283893,126.632727,Y,N,,제주특별자치도 서귀포시청,064-760-3092,2024-07-22,I,2026-05-15 18:45:21,2024-07-22 14:51:56
6520000,202465200000600537,733,표선중앙로43번길,제주특별자치도,서귀포시,제주특별자치도 서귀포시 표선면 표선중앙로43번길 16,제주특별자치도 서귀포시 표선면 표선리 2954,제주특별자치도 서귀포시 표선면 표선중앙로43번길 16,원호형,원호형,10,360,1000,일반,Y,33.328624,126.832382,Y,N,,제주특별자치도 서귀포시청,064-760-3092,2024-07-22,I,2026-05-15 18:45:21,2024-07-22 14:51:54
