개방자치단체코드,관리번호,관리기관명,소재지도로명주소,소재지지번주소,설치목적구분,카메라대수,카메라화소수,촬영방면정보,보관일수,설치연월,관리기관전화번호,WGS84위도,WGS84경도,데이터기준일자,데이터갱신구분,데이터갱신시점,최종수정시점
6510000,202565100000800006,제주특별자치도 제주시청,,제주특별자치도 제주시 노형동 3784-1,교통단속,5,200,360도 전방면,30,,064-728-7352,33.483785,126.480497,2025-11-05,I,2026-05-15 18:45:38,2025-12-09 16:23:09
6510000,202565100000800115,제주특별자치도 제주시청,,제주특별자치도 제주시 일도1동 1476-11,교통단속,4,200,360도 전방면,30,,064-728-7352,33.513337,126.526969,2025-11-05,I,2026-05-15 18:45:38,2025-12-09 16:23:10
6510000,202565100000800352,제주특별자치도 제주시청,,제주특별자치도 제주시 노형동 920-13,교통단속,3,200,360도 전방면,30,,064-728-7352,33.48269,126.4818,2025-11-05,I,2026-05-15 18:45:38,2025-12-09 16:23:11
6510000,202565100000800148,제주특별자치도 제주시청,,제주특별자치도 제주시 애월읍 애월리 1584-4,교통단속,5,200,360도 전방면,30,,064-728-7352,33.464389,126.32034,2025-11-05,I,2026-05-15 18:45:38,2025-12-09 16:23:10
6510000,202565100000800236,제주특별자치도 제주시청,,제주특별자치도 제주시 용담2동 1719-4,교통단속,4,200,360도 전방면,30,,064-728-7352,33.498555,126.497009,2025-11-05,I,2026-05-15 18:45:38,2025-12-09 16:23:10
6510000,202565100000800181,제주특별자치도 제주시청,,제주특별자치도 제주시 연동 303-15,교통단속,5,200,360도 전방면,30,,064-728-7352,33.485704,126.496501,2025-11-05,I,2026-05-15 18:45:38,2025-12-09 16:23:10
6510000,202565100000800073,제주특별자치도 제주시청,,제주특별자치도 제주시 삼도2동 21,교통단속,4,200,360도 전방면,30,,064-728-7352,33.514595,126.523082,2025-11-05,I,2026-05-15 18:45:38,2025-12-09 16:23:10
6510000,202565100000800238,제주특별자치도 제주시청,,제주특별자치도 제주시 영평동 2169-3,교통단속,4,200,360도 전방면,30,,064-728-7352,33.454847,126.571493,2025-11-05,I,2026-05-15 18:45:38,2025-12-09 16:23:10
6510000,202565100000800244,제주특별자치도 제주시청,,제주특별자치도 제주시 이도2동 1061-10,교통단속,4,200,360도 전방면,30,,064-728-7352,33.497654,126.537973,2025-11-05,I,2026-05-15 18:45:38,2025-12-09 16:23:10
6510000,202565100000800186,제주특별자치도 제주시청,,제주특별자치도 제주시 도련1동 1976-1,교통단속,5,200,360도 전방면,30,,064-728-7352,33.51585,126.58075,2025-11-05,I,2026-05-15 18:45:38,2025-12-09 16:23:10
6510000,202565100000800117,제주특별자치도 제주시청,,제주특별자치도 제주시 일도1동 1425-3,교통단속,3,200,360도 전방면,30,,064-728-7352,33.513151,126.524709,2025-11-05,I,2026-05-15 18:45:38,2025-12-09 16:23:10
6510000,202565100000800349,제주특별자치도 제주시청,,제주특별자치도 제주시 삼도2동 1265,교통단속,1,200,360도 전방면,30,,064-728-7352,33.518117,126.516426,2025-11-05,I,2026-05-15 18:45:38,2025-12-09 16:23:11
6510000,202565100000800229,제주특별자치도 제주시청,,제주특별자치도 제주시 노형동 919,교통단속,4,200,360도 전방면,30,,064-728-7352,33.485282,126.479906,2025-11-05,I,2026-05-15 18:45:38,2025-12-09 16:23:10
6510000,202565100000800106,제주특별자치도 제주시청,,제주특별자치도 제주시 건입동 1164,교통단속,3,200,360도 전방면,30,,064-728-7352,33.5159,126.53,2025-11-05,I,2026-05-15 18:45:38,2025-12-09 16:23:10
6510000,202565100000800136,제주특별자치도 제주시청,,제주특별자치도 제주시 도남동 651,교통단속,4,200,360도 전방면,30,,064-728-7352,33.487648,126.526478,2025-11-05,I,2026-05-15 18:45:38,2025-12-09 16:23:10
6510000,202565100000800127,제주특별자치도 제주시청,,제주특별자치도 제주시 애월읍 광령리 1333-12,교통단속,3,200,360도 전방면,30,,064-728-7352,33.460709,126.4374,2025-11-05,I,2026-05-15 18:45:38,2025-12-09 16:23:10
6510000,202565100000800050,제주특별자치도 제주시청,,제주특별자치도 제주시 연동 2319-5,교통단속,3,200,360도 전방면,30,,064-728-7352,33.491495,126.485345,2025-11-05,I,2026-05-15 18:45:38,2025-12-09 16:23:09
6510000,202565100000800356,제주특별자치도 제주시청,,제주특별자치도 제주시 화북일동 2055-1,교통단속,4,200,360도 전방면,30,,064-728-7352,33.51899,126.5691,2025-11-05,I,2026-05-15 18:45:38,2025-12-09 16:23:11
6510000,202565100000800163,제주특별자치도 제주시청,,제주특별자치도 제주시 애월읍 하귀1리 214-1,교통단속,4,200,360도 전방면,30,,064-728-7352,33.48313,126.412539,2025-11-05,I,2026-05-15 18:45:38,2025-12-09 16:23:10
6510000,202565100000800165,제주특별자치도 제주시청,,제주특별자치도 제주시 애월읍 하귀1리 158-2,교통단속,3,200,360도 전방면,30,,064-728-7352,33.48445,126.41545,2025-11-05,I,2026-05-15 18:45:38,2025-12-09 16:23:10
6510000,202565100000800072,제주특별자치도 제주시청,,제주특별자치도 제주시 삼도2동 14-30,교통단속,4,200,360도 전방면,30,,064-728-7352,33.515725,126.523315,2025-11-05,I,2026-05-15 18:45:38,2025-12-09 16:23:10
6510000,202565100000800355,제주특별자치도 제주시청,,제주특별자치도 제주시 아라일동 6161-4,교통단속,2,200,360도 전방면,30,,064-728-7352,33.47205,126.5526,2025-11-05,I,2026-05-15 18:45:38,2025-12-09 16:23:11
6510000,202565100000800277,제주특별자치도 제주시청,,제주특별자치도 제주시 외도1동 559-1,교통단속,5,200,360도 전방면,30,,064-728-7352,33.486979,126.431543,2025-11-05,I,2026-05-15 18:45:38,2025-12-09 16:23:11
6510000,202565100000800307,제주특별자치도 제주시청,,제주특별자치도 제주시 용담2동 1462,교통단속,5,200,360도 전방면,30,,064-728-7352,33.5055,126.4961,2025-11-05,I,2026-05-15 18:45:38,2025-12-09 16:23:11
6510000,202565100000800328,제주특별자치도 제주시청,,제주특별자치도 제주시 노형동 3789-4,교통단속,5,200,360도 전방면,30,,064-728-7352,33.4836,126.47795,2025-11-05,I,2026-05-15 18:45:38,2025-12-09 16:23:11
6510000,202565100000800217,제주특별자치도 제주시청,,제주특별자치도 제주시 아라1동 6089,교통단속,3,200,360도 전방면,30,,064-728-7352,33.4734,126.5439,2025-11-05,I,2026-05-15 18:45:38,2025-12-09 16:23:10
6510000,202565100000800034,제주특별자치도 제주시청,,제주특별자치도 제주시 오라1동 1006,교통단속,5,200,360도 전방면,30,,064-728-7352,33.4957,126.519235,2025-11-05,I,2026-05-15 18:45:38,2025-12-09 16:23:09
6510000,202565100000800118,제주특별자치도 제주시청,,제주특별자치도 ?제주시 삼도1동 536,교통단속,5,200,360도 전방면,30,,064-728-7352,33.50198,126.519913,2025-11-05,I,2026-05-15 18:45:38,2025-12-09 16:23:10
6510000,202565100000800084,제주특별자치도 제주시청,,제주특별자치도 제주시 연동 271-6,교통단속,5,200,360도 전방면,30,,064-728-7352,33.489894,126.490147,2025-11-05,I,2026-05-15 18:45:38,2025-12-09 16:23:10
6510000,202565100000800147,제주특별자치도 제주시청,,제주특별자치도 제주시 노형동 1282-1,교통단속,4,200,360도 전방면,30,,064-728-7352,33.486154,126.47793,2025-11-05,I,2026-05-15 18:45:38,2025-12-09 16:23:10
6510000,202565100000800207,제주특별자치도 제주시청,,제주특별자치도 제주시 노형동 2569,교통단속,4,200,360도 전방면,30,,064-728-7352,33.487522,126.468676,2025-11-05,I,2026-05-15 18:45:38,2025-12-09 16:23:10
6510000,202565100000800101,제주특별자치도 제주시청,,제주특별자치도 제주시 조천읍 함덕리 1252-4,교통단속,5,200,360도 전방면,30,,064-728-7352,33.541958,126.665147,2025-11-05,I,2026-05-15 18:45:38,2025-12-09 16:23:10
6510000,202565100000800288,제주특별자치도 제주시청,,제주특별자치도 제주시 연동 1549,교통단속,3,200,360도 전방면,30,,064-728-7352,33.48175,126.4922,2025-11-05,I,2026-05-15 18:45:38,2025-12-09 16:23:11
6510000,202565100000800230,제주특별자치도 제주시청,,제주특별자치도 제주시 노형동 919,교통단속,4,200,360도 전방면,30,,064-728-7352,33.484499,126.481046,2025-11-05,I,2026-05-15 18:45:38,2025-12-09 16:23:10
6510000,202565100000800062,제주특별자치도 제주시청,,제주특별자치도 제주시 연동 1397,교통단속,5,200,360도 전방면,30,,064-728-7352,33.481055,126.487333,2025-11-05,I,2026-05-15 18:45:38,2025-12-09 16:23:09
6510000,202565100000800294,제주특별자치도 제주시청,,제주특별자치도 제주시 화북2동 4949,교통단속,4,200,360도 전방면,30,,064-728-7352,33.5134,126.5535,2025-11-05,I,2026-05-15 18:45:38,2025-12-09 16:23:11
6510000,202565100000800069,제주특별자치도 제주시청,,제주특별자치도 제주시 삼도1동 518-5,교통단속,5,200,360도 전방면,30,,064-728-7352,33.499956,126.516533,2025-11-05,I,2026-05-15 18:45:38,2025-12-09 16:23:10
6510000,202565100000800026,제주특별자치도 제주시청,,제주특별자치도 제주시 연동 272-31,교통단속,5,200,360도 전방면,30,,064-728-7352,33.488785,126.490851,2025-11-05,I,2026-05-15 18:45:38,2025-12-09 16:23:09
6510000,202565100000800081,제주특별자치도 제주시청,,제주특별자치도 제주시 용담1동 2824-7,교통단속,5,200,360도 전방면,30,,064-728-7352,33.500078,126.512858,2025-11-05,I,2026-05-15 18:45:38,2025-12-09 16:23:10
6510000,202565100000800031,제주특별자치도 제주시청,,제주특별자치도 제주시 화북1동 1154-17,교통단속,4,200,360도 전방면,30,,064-728-7352,33.519165,126.572931,2025-11-05,I,2026-05-15 18:45:38,2025-12-09 16:23:09
6510000,202565100000800320,제주특별자치도 제주시청,,제주특별자치도 제주시 일도2동 323-15,교통단속,5,200,360도 전방면,30,,064-728-7352,33.5098,126.5432,2025-11-05,I,2026-05-15 18:45:38,2025-12-09 16:23:11
6510000,202565100000800172,제주특별자치도 제주시청,,제주특별자치도 제주시 도남동 669-2,교통단속,4,200,360도 전방면,30,,064-728-7352,33.487395,126.52025,2025-11-05,I,2026-05-15 18:45:38,2025-12-09 16:23:10
6510000,202565100000800182,제주특별자치도 제주시청,,제주특별자치도 제주시 연동 274-46,교통단속,5,200,360도 전방면,30,,064-728-7352,33.485775,126.491968,2025-11-05,I,2026-05-15 18:45:38,2025-12-09 16:23:10
6510000,202565100000800075,제주특별자치도 제주시청,,제주특별자치도 제주시 이도1동 1687-10,교통단속,4,200,360도 전방면,30,,064-728-7352,33.503116,126.52619,2025-11-05,I,2026-05-15 18:45:38,2025-12-09 16:23:10
6510000,202565100000800005,제주특별자치도 제주시청,,제주특별자치도 제주시 연동 273-1,교통단속,5,200,360도 전방면,30,,064-728-7352,33.487862,126.490102,2025-11-05,I,2026-05-15 18:45:38,2025-12-09 16:23:09
6510000,202565100000800282,제주특별자치도 제주시청,,제주특별자치도 제주시 도남동 1049,교통단속,3,200,360도 전방면,30,,064-728-7352,33.490283,126.519428,2025-11-05,I,2026-05-15 18:45:38,2025-12-09 16:23:11
6510000,202565100000800348,제주특별자치도 제주시청,,제주특별자치도 제주시 김녕리 3613,교통단속,3,200,360도 전방면,30,,064-728-7352,33.554267,126.747373,2025-11-05,I,2026-05-15 18:45:38,2025-12-09 16:23:11
6510000,202565100000800112,제주특별자치도 제주시청,,제주특별자치도 제주시 용담2동 2002,교통단속,3,200,360도 전방면,30,,064-728-7352,33.5061,126.49605,2025-11-05,I,2026-05-15 18:45:38,2025-12-09 16:23:10
6510000,202565100000800190,제주특별자치도 제주시청,,제주특별자치도 제주시 일도2동 365-13,교통단속,3,200,360도 전방면,30,,064-728-7352,33.5056,126.538299,2025-11-05,I,2026-05-15 18:45:38,2025-12-09 16:23:10
6510000,202565100000800340,제주특별자치도 제주시청,,제주특별자치도 제주시 오라2동 1496-3,교통단속,3,200,360도 전방면,30,,064-728-7352,33.486882,126.51299,2025-11-05,I,2026-05-15 18:45:38,2025-12-09 16:23:11
6510000,202565100000800333,제주특별자치도 제주시청,,제주특별자치도 제주시 도남동 835-8,교통단속,4,200,360도 전방면,30,,064-728-7352,33.492484,126.524715,2025-11-05,I,2026-05-15 18:45:38,2025-12-09 16:23:11
6510000,202565100000800016,제주특별자치도 제주시청,,제주특별자치도 제주시 노형동 710-1,교통단속,5,200,360도 전방면,30,,064-728-7352,33.482068,126.483324,2025-11-05,I,2026-05-15 18:45:38,2025-12-09 16:23:09
6510000,202565100000800292,제주특별자치도 제주시청,,제주특별자치도 제주시 일도2동 992-18,교통단속,4,200,360도 전방면,30,,064-728-7352,33.5137,126.5353,2025-11-05,I,2026-05-15 18:45:38,2025-12-09 16:23:11
6510000,202565100000800060,제주특별자치도 제주시청,,제주특별자치도 제주시 노형동 720-4,교통단속,3,200,360도 전방면,30,,064-728-7352,33.481171,126.483031,2025-11-05,I,2026-05-15 18:45:38,2025-12-09 16:23:09
6510000,202565100000800178,제주특별자치도 제주시청,,제주특별자치도 제주시 연동 263-1,교통단속,5,200,360도 전방면,30,,064-728-7352,33.48584,126.489993,2025-11-05,I,2026-05-15 18:45:38,2025-12-09 16:23:10
6510000,202565100000800097,제주특별자치도 제주시청,,제주특별자치도 제주시 아라1동 6118-5,교통단속,4,200,360도 전방면,30,,064-728-7352,33.47626,126.54997,2025-11-05,I,2026-05-15 18:45:38,2025-12-09 16:23:10
6510000,202565100000800058,제주특별자치도 제주시청,,제주특별자치도 제주시 연동 1510-2,교통단속,3,200,360도 전방면,30,,064-728-7352,33.478217,126.487286,2025-11-05,I,2026-05-15 18:45:38,2025-12-09 16:23:09
6510000,202565100000800341,제주특별자치도 제주시청,,제주특별자치도 제주시 오라2동 1504-1 부근,교통단속,3,200,360도 전방면,30,,064-728-7352,33.485355,126.512992,2025-11-05,I,2026-05-15 18:45:38,2025-12-09 16:23:11
6510000,202565100000800243,제주특별자치도 제주시청,,제주특별자치도 제주시 애월읍 하귀1리 154-1,교통단속,3,200,360도 전방면,30,,064-728-7352,33.4849,126.41653,2025-11-05,I,2026-05-15 18:45:38,2025-12-09 16:23:10
6510000,202565100000800046,제주특별자치도 제주시청,,제주특별자치도 제주시 연동 323-14,교통단속,4,200,360도 전방면,30,,064-728-7352,33.4856,126.4998,2025-11-05,I,2026-05-15 18:45:38,2025-12-09 16:23:09
6510000,202565100000800033,제주특별자치도 제주시청,,제주특별자치도 제주시 연동 273-35,교통단속,5,200,360도 전방면,30,,064-728-7352,33.48685,126.490668,2025-11-05,I,2026-05-15 18:45:38,2025-12-09 16:23:09
6510000,202565100000800161,제주특별자치도 제주시청,,제주특별자치도 제주시 용담2동 358-29,교통단속,4,200,360도 전방면,30,,064-728-7352,33.511437,126.511332,2025-11-05,I,2026-05-15 18:45:38,2025-12-09 16:23:10
6510000,202565100000800149,제주특별자치도 제주시청,,제주특별자치도 제주시 한림읍 동명리 1592-3,교통단속,5,200,360도 전방면,30,,064-728-7352,33.410225,126.265687,2025-11-05,I,2026-05-15 18:45:38,2025-12-09 16:23:10
6510000,202565100000800024,제주특별자치도 제주시청,,제주특별자치도 제주시 이도2동 417-3,교통단속,3,200,360도 전방면,30,,064-728-7352,33.499374,126.544805,2025-11-05,I,2026-05-15 18:45:38,2025-12-09 16:23:09
6510000,202565100000800078,제주특별자치도 제주시청,,제주특별자치도 제주시 삼도2동 303-9,교통단속,5,200,360도 전방면,30,,064-728-7352,33.504474,126.525465,2025-11-05,I,2026-05-15 18:45:38,2025-12-09 16:23:10
6510000,202565100000800228,제주특별자치도 제주시청,,제주특별자치도 제주시 노형동 928,교통단속,4,200,360도 전방면,30,,064-728-7352,33.486049,126.482366,2025-11-05,I,2026-05-15 18:45:38,2025-12-09 16:23:10
6510000,202565100000800158,제주특별자치도 제주시청,,제주특별자치도 제주시 조천읍 조천리 2211-4,교통단속,5,200,360도 전방면,30,,064-728-7352,33.535394,126.63578,2025-11-05,I,2026-05-15 18:45:38,2025-12-09 16:23:10
6510000,202565100000800225,제주특별자치도 제주시청,,제주특별자치도 제주시 조천읍 함덕리 962,교통단속,4,200,360도 전방면,30,,064-728-7352,33.540891,126.669287,2025-11-05,I,2026-05-15 18:45:38,2025-12-09 16:23:10
6510000,202565100000800066,제주특별자치도 제주시청,,제주특별자치도 제주시 일도1동 1145-4,교통단속,4,200,360도 전방면,30,,064-728-7352,33.513081,126.527462,2025-11-05,I,2026-05-15 18:45:38,2025-12-09 16:23:09
6510000,202565100000800204,제주특별자치도 제주시청,,제주특별자치도 제주시 화북1동 1019-1,교통단속,4,200,360도 전방면,30,,064-728-7352,33.51422,126.5747,2025-11-05,I,2026-05-15 18:45:38,2025-12-09 16:23:10
6510000,202565100000800359,제주특별자치도 제주시청,,제주특별자치도 제주시 건입동 1045-1,교통단속,6,200,360도 전방면,30,,064-728-7352,33.51423,126.5384,2025-11-05,I,2026-05-15 18:45:38,2025-12-09 16:23:11
6510000,202565100000800305,제주특별자치도 제주시청,,제주특별자치도 제주시 한림리 970-1,교통단속,4,200,360도 전방면,30,,064-728-7352,33.41205,126.2683,2025-11-05,I,2026-05-15 18:45:38,2025-12-09 16:23:11
6510000,202565100000800327,제주특별자치도 제주시청,,제주특별자치도 제주시 노형동 3788-6,교통단속,4,200,360도 전방면,30,,064-728-7352,33.4836,126.4769,2025-11-05,I,2026-05-15 18:45:38,2025-12-09 16:23:11
6510000,202565100000800094,제주특별자치도 제주시청,,제주특별자치도 제주시 일도1동 1276-5,교통단속,5,200,360도 전방면,30,,064-728-7352,33.5154,126.5268,2025-11-05,I,2026-05-15 18:45:38,2025-12-09 16:23:10
6510000,202565100000800237,제주특별자치도 제주시청,,제주특별자치도 제주시 이도1동 1413-1,교통단속,5,200,360도 전방면,30,,064-728-7352,33.511311,126.524373,2025-11-05,I,2026-05-15 18:45:38,2025-12-09 16:23:10
6510000,202565100000800319,제주특별자치도 제주시청,,제주특별자치도 제주시 외도1동 495-6,교통단속,5,200,360도 전방면,30,,064-728-7352,33.48925,126.43093,2025-11-05,I,2026-05-15 18:45:38,2025-12-09 16:23:11
6510000,202565100000800142,제주특별자치도 제주시청,,제주특별자치도 제주시 노형동 3782-7,교통단속,4,200,360도 전방면,30,,064-728-7352,33.483809,126.47894,2025-11-05,I,2026-05-15 18:45:38,2025-12-09 16:23:10
6510000,202565100000800029,제주특별자치도 제주시청,,제주특별자치도 제주시 노형동 2736,교통단속,4,200,360도 전방면,30,,064-728-7352,33.492434,126.472268,2025-11-05,I,2026-05-15 18:45:38,2025-12-09 16:23:09
6510000,202565100000800215,제주특별자치도 제주시청,,제주특별자치도 제주시 도련1동 1938-5,교통단속,5,200,360도 전방면,30,,064-728-7352,33.515904,126.580581,2025-11-05,I,2026-05-15 18:45:38,2025-12-09 16:23:10
6510000,202565100000800051,제주특별자치도 제주시청,,제주특별자치도 제주시 연동 251-57,교통단속,7,200,360도 전방면,30,,064-728-7352,33.489953,126.48661,2025-11-05,I,2026-05-15 18:45:38,2025-12-09 16:23:09
6510000,202565100000800227,제주특별자치도 제주시청,,제주특별자치도 제주시 이도2동 1058-24,교통단속,4,200,360도 전방면,30,,064-728-7352,33.495488,126.53474,2025-11-05,I,2026-05-15 18:45:38,2025-12-09 16:23:10
6510000,202565100000800083,제주특별자치도 제주시청,,제주특별자치도 제주시 연동 260-9,교통단속,4,200,360도 전방면,30,,064-728-7352,33.491427,126.489051,2025-11-05,I,2026-05-15 18:45:38,2025-12-09 16:23:10
6510000,202565100000800247,제주특별자치도 제주시청,,제주특별자치도 제주시 연동 2476-3,교통단속,5,200,360도 전방면,30,,064-728-7352,33.494757,126.478256,2025-11-05,I,2026-05-15 18:45:38,2025-12-09 16:23:10
6510000,202565100000800192,제주특별자치도 제주시청,,제주특별자치도 제주시 삼도1동 579-5,교통단속,3,200,360도 전방면,30,,064-728-7352,33.499745,126.522581,2025-11-05,I,2026-05-15 18:45:38,2025-12-09 16:23:10
6510000,202565100000800308,제주특별자치도 제주시청,,제주특별자치도 제주시 봉성리 3276-1,교통단속,3,200,360도 전방면,30,,064-728-7352,33.4198,126.3125,2025-11-05,I,2026-05-15 18:45:38,2025-12-09 16:23:11
6510000,202565100000800280,제주특별자치도 제주시청,,제주특별자치도  제주시 도남동 1049,교통단속,4,200,360도 전방면,30,,064-728-7352,33.490956,126.51971,2025-11-05,I,2026-05-15 18:45:38,2025-12-09 16:23:11
6510000,202565100000800289,제주특별자치도 제주시청,,제주특별자치도 제주시 연동 1549,교통단속,3,200,360도 전방면,30,,064-728-7352,33.48183,126.4922,2025-11-05,I,2026-05-15 18:45:38,2025-12-09 16:23:11
6510000,202565100000800059,제주특별자치도 제주시청,,제주특별자치도 제주시 연동 1511-1,교통단속,3,200,360도 전방면,30,,064-728-7352,33.4774,126.4873,2025-11-05,I,2026-05-15 18:45:38,2025-12-09 16:23:09
6510000,202565100000800362,제주특별자치도 제주시청,,제주특별자치도 제주시 노형동 722,교통단속,1,200,360도 전방면,30,,064-728-7352,33.482546,126.485449,2025-11-05,I,2026-05-15 18:45:38,2025-12-09 16:23:11
6510000,202565100000800123,제주특별자치도 제주시청,,제주특별자치도 제주시 삼도1동 1227-33,교통단속,5,200,360도 전방면,30,,064-728-7352,33.50955,126.517823,2025-11-05,I,2026-05-15 18:45:38,2025-12-09 16:23:10
6510000,202565100000800168,제주특별자치도 제주시청,,제주특별자치도 제주시 일도2동 409-11,교통단속,5,200,360도 전방면,30,,064-728-7352,33.504775,126.54232,2025-11-05,I,2026-05-15 18:45:38,2025-12-09 16:23:10
6510000,202565100000800234,제주특별자치도 제주시청,,제주특별자치도 제주시 외도2동 234-23,교통단속,4,200,360도 전방면,30,,064-728-7352,33.493619,126.433791,2025-11-05,I,2026-05-15 18:45:38,2025-12-09 16:23:10
6510000,202565100000800087,제주특별자치도 제주시청,,제주특별자치도 제주시 일도1동 1306-13,교통단속,5,200,360도 전방면,30,,064-728-7352,33.514845,126.526784,2025-11-05,I,2026-05-15 18:45:38,2025-12-09 16:23:10
6510000,202565100000800175,제주특별자치도 제주시청,,제주특별자치도 제주시 오라2동 1920-1,교통단속,3,200,360도 전방면,30,,064-728-7352,33.48665,126.50693,2025-11-05,I,2026-05-15 18:45:38,2025-12-09 16:23:10
6510000,202565100000800346,제주특별자치도 제주시청,,제주특별자치도 제주시 외도1동1409-4,교통단속,4,200,360도 전방면,30,,064-728-7352,33.484045,126.426883,2025-11-05,I,2026-05-15 18:45:38,2025-12-09 16:23:11
6510000,202565100000800290,제주특별자치도 제주시청,,제주특별자치도 제주시 아라1동 6092-11,교통단속,4,200,360도 전방면,30,,064-728-7352,33.4739,126.54495,2025-11-05,I,2026-05-15 18:45:38,2025-12-09 16:23:11
6510000,202565100000800223,제주특별자치도 제주시청,,제주특별자치도 제주시 구좌읍 월정리 6,교통단속,3,200,360도 전방면,30,,064-728-7352,33.555335,126.797039,2025-11-05,I,2026-05-15 18:45:38,2025-12-09 16:23:10
6510000,202565100000800218,제주특별자치도 제주시청,,제주특별자치도 제주시 화북1동 29-3,교통단속,4,200,360도 전방면,30,,064-728-7352,33.520246,126.572779,2025-11-05,I,2026-05-15 18:45:38,2025-12-09 16:23:10
6510000,202565100000800336,제주특별자치도 제주시청,,제주특별자치도 제주시 화북1동 1150-4,교통단속,1,200,360도 전방면,30,,064-728-7352,33.518429,126.572985,2025-11-05,I,2026-05-15 18:45:38,2025-12-09 16:23:11
6510000,202565100000800298,제주특별자치도 제주시청,,제주특별자치도 제주시 화북1동 1025,교통단속,4,200,360도 전방면,30,,064-728-7352,33.5149,126.57465,2025-11-05,I,2026-05-15 18:45:38,2025-12-09 16:23:11
6510000,202565100000800021,제주특별자치도 제주시청,,제주특별자치도 제주시 이도2동 75-2,교통단속,4,200,360도 전방면,30,,064-728-7352,33.49444,126.54853,2025-11-05,I,2026-05-15 18:45:38,2025-12-09 16:23:09
6510000,202565100000800354,제주특별자치도 제주시청,,제주특별자치도 제주시 삼도이동 114,교통단속,3,200,360도 전방면,30,,064-728-7352,33.51207,126.5235,2025-11-05,I,2026-05-15 18:45:38,2025-12-09 16:23:11
6510000,202565100000800077,제주특별자치도 제주시청,,제주특별자치도 제주시 삼도1동 511-13,교통단속,3,200,360도 전방면,30,,064-728-7352,33.503154,126.516591,2025-11-05,I,2026-05-15 18:45:38,2025-12-09 16:23:10
6510000,202565100000800339,제주특별자치도 제주시청,,제주특별자치도 제주시 연사2길 20입구,교통단속,4,200,360도 전방면,30,,064-728-7352,33.487433,126.513491,2025-11-05,I,2026-05-15 18:45:38,2025-12-09 16:23:11
6510000,202565100000800124,제주특별자치도 제주시청,,제주특별자치도 제주시 삼도1동 1227-33,교통단속,5,200,360도 전방면,30,,064-728-7352,33.50955,126.5177,2025-11-05,I,2026-05-15 18:45:38,2025-12-09 16:23:10
6510000,202565100000800321,제주특별자치도 제주시청,,제주특별자치도 제주시 연동 1373-5,교통단속,5,200,360도 전방면,30,,064-728-7352,33.4819,126.48987,2025-11-05,I,2026-05-15 18:45:38,2025-12-09 16:23:11
6510000,202565100000800193,제주특별자치도 제주시청,,제주특별자치도 제주시 삼도1동 534-10,교통단속,5,200,360도 전방면,30,,064-728-7352,33.499847,126.51987,2025-11-05,I,2026-05-15 18:45:38,2025-12-09 16:23:10
6510000,202565100000800295,제주특별자치도 제주시청,,제주특별자치도 제주시 해안동 1975-6,교통단속,3,200,360도 전방면,30,,064-728-7352,33.4569,126.45495,2025-11-05,I,2026-05-15 18:45:38,2025-12-09 16:23:11
6510000,202565100000800194,제주특별자치도 제주시청,,제주특별자치도 제주시 연동 1498,교통단속,4,200,360도 전방면,30,,064-728-7352,33.478909,126.489805,2025-11-05,I,2026-05-15 18:45:38,2025-12-09 16:23:10
6510000,202565100000800048,제주특별자치도 제주시청,,제주특별자치도 제주시 노형동 1284-6,교통단속,4,200,360도 전방면,30,,064-728-7352,33.485269,126.475928,2025-11-05,I,2026-05-15 18:45:38,2025-12-09 16:23:09
6510000,202565100000800264,제주특별자치도 제주시청,,제주특별자치도 제주시 구좌로 65,교통단속,4,200,360도 전방면,30,,064-728-7352,33.522142,126.858122,2025-11-05,I,2026-05-15 18:45:38,2025-12-09 16:23:10
6510000,202565100000800052,제주특별자치도 제주시청,,제주특별자치도 제주시 연동 316,교통단속,3,200,360도 전방면,30,,064-728-7352,33.4832,126.4971,2025-11-05,I,2026-05-15 18:45:38,2025-12-09 16:23:09
6510000,202565100000800242,제주특별자치도 제주시청,,제주특별자치도 제주시 용담1동 2578-3,교통단속,3,200,360도 전방면,30,,064-728-7352,33.50518,126.5145,2025-11-05,I,2026-05-15 18:45:38,2025-12-09 16:23:10
6510000,202565100000800231,제주특별자치도 제주시청,,제주특별자치도 제주시 노형동 903-5,교통단속,4,200,360도 전방면,30,,064-728-7352,33.486065,126.480633,2025-11-05,I,2026-05-15 18:45:38,2025-12-09 16:23:10
6510000,202565100000800135,제주특별자치도 제주시청,,제주특별자치도 제주시 이도2동 1026-12,교통단속,5,200,360도 전방면,30,,064-728-7352,33.49271,126.535626,2025-11-05,I,2026-05-15 18:45:38,2025-12-09 16:23:10
6510000,202565100000800139,제주특별자치도 제주시청,,제주특별자치도 제주시 연동 271-24,교통단속,5,200,360도 전방면,30,,064-728-7352,33.48983,126.49205,2025-11-05,I,2026-05-15 18:45:38,2025-12-09 16:23:10
6510000,202565100000800065,제주특별자치도 제주시청,,제주특별자치도 제주시 일도2동 167-8,교통단속,5,200,360도 전방면,30,,064-728-7352,33.508374,126.533609,2025-11-05,I,2026-05-15 18:45:38,2025-12-09 16:23:09
6510000,202565100000800111,제주특별자치도 제주시청,,제주특별자치도 제주시 용담2동 2002,교통단속,3,200,360도 전방면,30,,064-728-7352,33.50505,126.4923,2025-11-05,I,2026-05-15 18:45:38,2025-12-09 16:23:10
6510000,202565100000800079,제주특별자치도 제주시청,,제주특별자치도 제주시 봉개동 1855,교통단속,3,200,360도 전방면,30,,064-728-7352,33.489951,126.595711,2025-11-05,I,2026-05-15 18:45:38,2025-12-09 16:23:10
6510000,202565100000800152,제주특별자치도 제주시청,,제주특별자치도 제주시 한림읍 한림리 1528-6,교통단속,5,200,360도 전방면,30,,064-728-7352,33.410534,126.26275,2025-11-05,I,2026-05-15 18:45:38,2025-12-09 16:23:10
6510000,202565100000800187,제주특별자치도 제주시청,,제주특별자치도 제주시 이도1동 1244-7,교통단속,3,200,360도 전방면,30,,064-728-7352,33.50285,126.53375,2025-11-05,I,2026-05-15 18:45:38,2025-12-09 16:23:10
6510000,202565100000800053,제주특별자치도 제주시청,,제주특별자치도 제주시 이도2동 1920,교통단속,4,200,360도 전방면,30,,064-728-7352,33.487228,126.532225,2025-11-05,I,2026-05-15 18:45:38,2025-12-09 16:23:09
6510000,202565100000800138,제주특별자치도 제주시청,,제주특별자치도 제주시 연동 1457-1,교통단속,4,200,360도 전방면,30,,064-728-7352,33.48099,126.48983,2025-11-05,I,2026-05-15 18:45:38,2025-12-09 16:23:10
6510000,202565100000800150,제주특별자치도 제주시청,,제주특별자치도 제주시 한림읍 한림리 1558-5,교통단속,4,200,360도 전방면,30,,064-728-7352,33.409229,126.263914,2025-11-05,I,2026-05-15 18:45:38,2025-12-09 16:23:10
6510000,202565100000800233,제주특별자치도 제주시청,,제주특별자치도 제주시 건입동 996-19,교통단속,3,200,360도 전방면,30,,064-728-7352,33.514662,126.533196,2025-11-05,I,2026-05-15 18:45:38,2025-12-09 16:23:10
6510000,202565100000800018,제주특별자치도 제주시청,,제주특별자치도 제주시 이도1동 1736-16,교통단속,5,200,360도 전방면,30,,064-728-7352,33.500775,126.529131,2025-11-05,I,2026-05-15 18:45:38,2025-12-09 16:23:09
6510000,202565100000800345,제주특별자치도 제주시청,,제주특별자치도 제주시 외도1동 660-1,교통단속,4,200,360도 전방면,30,,064-728-7352,33.487739,126.43426,2025-11-05,I,2026-05-15 18:45:38,2025-12-09 16:23:11
6510000,202565100000800171,제주특별자치도 제주시청,,제주특별자치도 제주시 오라3동 2241-4,교통단속,3,200,360도 전방면,30,,064-728-7352,33.498105,126.50739,2025-11-05,I,2026-05-15 18:45:38,2025-12-09 16:23:10
6510000,202565100000800342,제주특별자치도 제주시청,,제주특별자치도 제주시 오라2동 1516-3,교통단속,3,200,360도 전방면,30,,064-728-7352,33.483706,126.512299,2025-11-05,I,2026-05-15 18:45:38,2025-12-09 16:23:11
6510000,202565100000800360,제주특별자치도 제주시청,,제주특별자치도 제주시 용담이동 2690-19,교통단속,3,200,360도 전방면,30,,064-728-7352,33.505,126.5103,2025-11-05,I,2026-05-15 18:45:38,2025-12-09 16:23:11
6510000,202565100000800057,제주특별자치도 제주시청,,제주특별자치도 제주시 노형동 1046-1,교통단속,3,200,360도 전방면,30,,064-728-7352,33.492215,126.479271,2025-11-05,I,2026-05-15 18:45:38,2025-12-09 16:23:09
6510000,202565100000800268,제주특별자치도 제주시청,,제주특별자치도 제주시 봉개동 1890-1,교통단속,3,200,360도 전방면,30,,064-728-7352,33.48911,126.594336,2025-11-05,I,2026-05-15 18:45:38,2025-12-09 16:23:10
6510000,202565100000800284,제주특별자치도 제주시청,,제주특별자치도 제주시 애월리 549-2,교통단속,4,200,360도 전방면,30,,064-728-7352,33.463712,126.323466,2025-11-05,I,2026-05-15 18:45:38,2025-12-09 16:23:11
6510000,202565100000800205,제주특별자치도 제주시청,,제주특별자치도 제주시 애월읍 하귀2리 1388-2,교통단속,3,200,360도 전방면,30,,064-728-7352,33.480769,126.403798,2025-11-05,I,2026-05-15 18:45:38,2025-12-09 16:23:10
6510000,202565100000800256,제주특별자치도 제주시청,,제주특별자치도 제주시 건입동 1453-1,교통단속,3,200,360도 전방면,30,,064-728-7352,33.52265,126.5468,2025-11-05,I,2026-05-15 18:45:38,2025-12-09 16:23:10
6510000,202565100000800114,제주특별자치도 제주시청,,제주특별자치도 제주시 삼양2동 2300-6,교통단속,5,200,360도 전방면,30,,064-728-7352,33.517324,126.580651,2025-11-05,I,2026-05-15 18:45:38,2025-12-09 16:23:10
6510000,202565100000800002,제주특별자치도 제주시청,,제주특별자치도 제주시 이도2동 1179-24,교통단속,5,200,360도 전방면,30,,064-728-7352,33.498767,126.530539,2025-11-05,I,2026-05-15 18:45:38,2025-12-09 16:23:09
6510000,202565100000800216,제주특별자치도 제주시청,,제주특별자치도 제주시 노형동 917-10,교통단속,3,200,360도 전방면,30,,064-728-7352,33.485934,126.486312,2025-11-05,I,2026-05-15 18:45:38,2025-12-09 16:23:10
6510000,202565100000800279,제주특별자치도 제주시청,,제주특별자치도 제주시 일도2동 115-9,교통단속,3,200,360도 전방면,30,,064-728-7352,33.500715,126.547232,2025-11-05,I,2026-05-15 18:45:38,2025-12-09 16:23:11
6510000,202565100000800047,제주특별자치도 제주시청,,제주특별자치도 제주시 노형동 3810-1,교통단속,5,200,360도 전방면,30,,064-728-7352,33.480403,126.475499,2025-11-05,I,2026-05-15 18:45:38,2025-12-09 16:23:09
6510000,202565100000800096,제주특별자치도 제주시청,,제주특별자치도 제주시 아라1동 6097-27,교통단속,5,200,360도 전방면,30,,064-728-7352,33.474403,126.541745,2025-11-05,I,2026-05-15 18:45:38,2025-12-09 16:23:10
6510000,202565100000800032,제주특별자치도 제주시청,,제주특별자치도 제주시 노형동 2577-4,교통단속,5,200,360도 전방면,30,,064-728-7352,33.490217,126.474568,2025-11-05,I,2026-05-15 18:45:38,2025-12-09 16:23:09
6510000,202565100000800185,제주특별자치도 제주시청,,제주특별자치도 제주시 도련1동 1938-5,교통단속,5,200,360도 전방면,30,,064-728-7352,33.514271,126.580656,2025-11-05,I,2026-05-15 18:45:38,2025-12-09 16:23:10
6510000,202565100000800273,제주특별자치도 제주시청,,제주특별자치도 제주시 삼성로 9길,교통단속,3,200,360도 전방면,30,,064-728-7352,33.50968,126.52998,2025-11-05,I,2026-05-15 18:45:38,2025-12-09 16:23:10
6510000,202565100000800092,제주특별자치도 제주시청,,제주특별자치도 제주시 도남동 694-6,교통단속,3,200,360도 전방면,30,,064-728-7352,33.489804,126.522852,2025-11-05,I,2026-05-15 18:45:38,2025-12-09 16:23:10
6510000,202565100000800283,제주특별자치도 제주시청,,제주특별자치도 제주시 도평동 872-2,교통단속,3,200,360도 전방면,30,,064-728-7352,33.48,126.44723,2025-11-05,I,2026-05-15 18:45:38,2025-12-09 16:23:11
6510000,202565100000800027,제주특별자치도 제주시청,,제주특별자치도 제주시 아라2동 3003-9,교통단속,5,200,360도 전방면,30,,064-728-7352,33.492006,126.543193,2025-11-05,I,2026-05-15 18:45:38,2025-12-09 16:23:09
6510000,202565100000800189,제주특별자치도 제주시청,,제주특별자치도 제주시 일도2동 356-16,교통단속,3,200,360도 전방면,30,,064-728-7352,33.4733,126.4881,2025-11-05,I,2026-05-15 18:45:38,2025-12-09 16:23:10
6510000,202565100000800293,제주특별자치도 제주시청,,제주특별자치도 제주시 도두일동 2426-9,교통단속,5,200,360도 전방면,30,,064-728-7352,33.5015,126.4664,2025-11-05,I,2026-05-15 18:45:38,2025-12-09 16:23:11
6510000,202565100000800130,제주특별자치도 제주시청,,제주특별자치도 제주시 아라1동 6099,교통단속,4,200,360도 전방면,30,,064-728-7352,33.476212,126.542452,2025-11-05,I,2026-05-15 18:45:38,2025-12-09 16:23:10
6510000,202565100000800174,제주특별자치도 제주시청,,제주특별자치도 제주시 오라2동 3030-1,교통단속,3,200,360도 전방면,30,,064-728-7352,33.48648,126.50565,2025-11-05,I,2026-05-15 18:45:38,2025-12-09 16:23:10
6510000,202565100000800208,제주특별자치도 제주시청,,제주특별자치도 제주시 노형동 2536-7,교통단속,4,200,360도 전방면,30,,064-728-7352,33.483962,126.476264,2025-11-05,I,2026-05-15 18:45:38,2025-12-09 16:23:10
6510000,202565100000800270,제주특별자치도 제주시청,,제주특별자치도 제주시 남성로 11길,교통단속,5,200,360도 전방면,30,,064-728-7352,33.506468,126.512766,2025-11-05,I,2026-05-15 18:45:38,2025-12-09 16:23:10
6510000,202565100000800334,제주특별자치도 제주시청,,제주특별자치도 제주시 이도2동 256-1 부근,교통단속,5,200,360도 전방면,30,,064-728-7352,33.497499,126.546261,2025-11-05,I,2026-05-15 18:45:38,2025-12-09 16:23:11
6510000,202565100000800109,제주특별자치도 제주시청,,제주특별자치도 제주시 중앙로 13,교통단속,4,200,360도 전방면,30,,064-728-7352,33.516814,126.524872,2025-11-05,I,2026-05-15 18:45:38,2025-12-09 16:23:10
6510000,202565100000800203,제주특별자치도 제주시청,,제주특별자치도 제주시 조천읍 조천리 3146-2,교통단속,3,200,360도 전방면,30,,064-728-7352,33.534828,126.633556,2025-11-05,I,2026-05-15 18:45:38,2025-12-09 16:23:10
6510000,202565100000800103,제주특별자치도 제주시청,,제주특별자치도 제주시 오라2동 1371-4,교통단속,3,200,360도 전방면,30,,064-728-7352,33.488996,126.513126,2025-11-05,I,2026-05-15 18:45:38,2025-12-09 16:23:10
6510000,202565100000800011,제주특별자치도 제주시청,,제주특별자치도 제주시 용담2동 2002,교통단속,4,200,360도 전방면,30,,064-728-7352,33.506386,126.49401,2025-11-05,I,2026-05-15 18:45:38,2025-12-09 16:23:09
6510000,202565100000800013,제주특별자치도 제주시청,,제주특별자치도 제주시 노형동 2529-3,교통단속,3,200,360도 전방면,30,,064-728-7352,33.48607,126.47239,2025-11-05,I,2026-05-15 18:45:38,2025-12-09 16:23:09
6510000,202565100000800302,제주특별자치도 제주시청,,제주특별자치도 제주시 고산리 2750-30,교통단속,4,200,360도 전방면,30,,064-728-7352,33.30365,126.178,2025-11-05,I,2026-05-15 18:45:38,2025-12-09 16:23:11
6510000,202565100000800082,제주특별자치도 제주시청,,제주특별자치도 제주시 연동 2332-6,교통단속,5,200,360도 전방면,30,,064-728-7352,33.492393,126.490338,2025-11-05,I,2026-05-15 18:45:38,2025-12-09 16:23:10
6510000,202565100000800183,제주특별자치도 제주시청,,제주특별자치도 제주시 도련2동 551,교통단속,5,200,360도 전방면,30,,064-728-7352,33.514932,126.588883,2025-11-05,I,2026-05-15 18:45:38,2025-12-09 16:23:10
6510000,202565100000800151,제주특별자치도 제주시청,,제주특별자치도 제주시 한림읍 한림리 1458-9,교통단속,3,200,360도 전방면,30,,064-728-7352,33.411957,126.26143,2025-11-05,I,2026-05-15 18:45:38,2025-12-09 16:23:10
6510000,202565100000800344,제주특별자치도 제주시청,,제주특별자치도 제주시 외도1동 624-2,교통단속,4,200,360도 전방면,30,,064-728-7352,33.484016,126.434349,2025-11-05,I,2026-05-15 18:45:38,2025-12-09 16:23:11
6510000,202565100000800154,제주특별자치도 제주시청,,제주특별자치도 제주시 조천읍 함덕리 1004-27,교통단속,4,200,360도 전방면,30,,064-728-7352,33.542628,126.668419,2025-11-05,I,2026-05-15 18:45:38,2025-12-09 16:23:10
6510000,202565100000800201,제주특별자치도 제주시청,,제주특별자치도 제주시 도남동 220-2,교통단속,3,200,360도 전방면,30,,064-728-7352,33.48342,126.530063,2025-11-05,I,2026-05-15 18:45:38,2025-12-09 16:23:10
6510000,202565100000800107,제주특별자치도 제주시청,,제주특별자치도 제주시 중앙로13길 27,교통단속,4,200,360도 전방면,30,,064-728-7352,33.511472,126.527309,2025-11-05,I,2026-05-15 18:45:38,2025-12-09 16:23:10
6510000,202565100000800076,제주특별자치도 제주시청,,제주특별자치도 제주시 삼도1동 504-18,교통단속,5,200,360도 전방면,30,,064-728-7352,33.502032,126.516563,2025-11-05,I,2026-05-15 18:45:38,2025-12-09 16:23:10
6510000,202565100000800285,제주특별자치도 제주시청,,제주특별자치도 제주시 연동1375-5,교통단속,5,200,360도 전방면,30,,064-728-7352,33.48175,126.49485,2025-11-05,I,2026-05-15 18:45:38,2025-12-09 16:23:11
6510000,202565100000800156,제주특별자치도 제주시청,,제주특별자치도 제주시 조천읍 조천리 2345-6,교통단속,4,200,360도 전방면,30,,064-728-7352,33.538066,126.639572,2025-11-05,I,2026-05-15 18:45:38,2025-12-09 16:23:10
6510000,202565100000800299,제주특별자치도 제주시청,,제주특별자치도 제주시 협재리 2497-2,교통단속,3,200,360도 전방면,30,,064-728-7352,33.3923,126.2394,2025-11-05,I,2026-05-15 18:45:38,2025-12-09 16:23:11
6510000,202565100000800266,제주특별자치도 제주시청,,제주특별자치도 제주시 삼봉로2길,교통단속,5,200,360도 전방면,30,,064-728-7352,33.519579,126.585475,2025-11-05,I,2026-05-15 18:45:38,2025-12-09 16:23:10
6510000,202565100000800332,제주특별자치도 제주시청,,제주특별자치도 제주시 삼도2동 1264,교통단속,4,200,360도 전방면,30,,064-728-7352,33.519164,126.519314,2025-11-05,I,2026-05-15 18:45:38,2025-12-09 16:23:11
6510000,202565100000800317,제주특별자치도 제주시청,,제주특별자치도 제주시 외도1동 644-3,교통단속,4,200,360도 전방면,30,,064-728-7352,33.48403,126.4309,2025-11-05,I,2026-05-15 18:45:38,2025-12-09 16:23:11
6510000,202565100000800221,제주특별자치도 제주시청,,제주특별자치도 제주시 오라1동 1165,교통단속,4,200,360도 전방면,30,,064-728-7352,33.495701,126.512517,2025-11-05,I,2026-05-15 18:45:38,2025-12-09 16:23:10
6510000,202565100000800347,제주특별자치도 제주시청,,제주특별자치도 제주시 구엄리 1073-7,교통단속,4,200,360도 전방면,30,,064-728-7352,33.474182,126.375673,2025-11-05,I,2026-05-15 18:45:38,2025-12-09 16:23:11
6510000,202565100000800144,제주특별자치도 제주시청,,제주특별자치도 제주시 노형동 735-8,교통단속,5,200,360도 전방면,30,,064-728-7352,33.478987,126.4795,2025-11-05,I,2026-05-15 18:45:38,2025-12-09 16:23:10
6510000,202565100000800301,제주특별자치도 제주시청,,제주특별자치도 제주시 신창리 265-1,교통단속,4,200,360도 전방면,30,,064-728-7352,33.3494,126.1827,2025-11-05,I,2026-05-15 18:45:38,2025-12-09 16:23:11
6510000,202565100000800315,제주특별자치도 제주시청,,제주특별자치도 제주시 노형동 3812-2,교통단속,3,200,360도 전방면,30,,064-728-7352,33.4765,126.47717,2025-11-05,I,2026-05-15 18:45:38,2025-12-09 16:23:11
6510000,202565100000800071,제주특별자치도 제주시청,,제주특별자치도 제주시 용담2동 1462-2,교통단속,3,200,360도 전방면,30,,064-728-7352,33.50455,126.494717,2025-11-05,I,2026-05-15 18:45:38,2025-12-09 16:23:10
6510000,202565100000800099,제주특별자치도 제주시청,,제주특별자치도 제주시 애월읍 하귀1리 165-1,교통단속,5,200,360도 전방면,30,,064-728-7352,33.481593,126.415029,2025-11-05,I,2026-05-15 18:45:38,2025-12-09 16:23:10
6510000,202565100000800157,제주특별자치도 제주시청,,제주특별자치도 제주시 조천읍 조천리 2366,교통단속,3,200,360도 전방면,30,,064-728-7352,33.5369,126.63805,2025-11-05,I,2026-05-15 18:45:38,2025-12-09 16:23:10
6510000,202565100000800128,제주특별자치도 제주시청,,제주특별자치도 제주시 도남동 101-1,교통단속,4,200,360도 전방면,30,,064-728-7352,33.489459,126.529368,2025-11-05,I,2026-05-15 18:45:38,2025-12-09 16:23:10
6510000,202565100000800330,제주특별자치도 제주시청,,제주특별자치도 제주시 건입동 115-3,교통단속,4,200,360도 전방면,30,,064-728-7352,33.5082116,126.5454732,2025-11-05,I,2026-05-15 18:45:38,2025-12-09 16:23:11
6510000,202565100000800143,제주특별자치도 제주시청,,제주특별자치도 제주시 노형동 706,교통단속,5,200,360도 전방면,30,,064-728-7352,33.482,126.478443,2025-11-05,I,2026-05-15 18:45:38,2025-12-09 16:23:10
6510000,202565100000800211,제주특별자치도 제주시청,,제주특별자치도 제주시 연동 353-1,교통단속,3,200,360도 전방면,30,,064-728-7352,33.485538,126.501579,2025-11-05,I,2026-05-15 18:45:38,2025-12-09 16:23:10
6510000,202565100000800170,제주특별자치도 제주시청,,제주특별자치도 제주시 오라2동 2216-1,교통단속,4,200,360도 전방면,30,,064-728-7352,33.496166,126.509117,2025-11-05,I,2026-05-15 18:45:38,2025-12-09 16:23:10
6510000,202565100000800093,제주특별자치도 제주시청,,제주특별자치도 제주시 도남동 56,교통단속,3,200,360도 전방면,30,,064-728-7352,33.493557,126.52646,2025-11-05,I,2026-05-15 18:45:38,2025-12-09 16:23:10
6510000,202565100000800331,제주특별자치도 제주시청,,제주특별자치도 제주시 삼도2동 175-5,교통단속,1,200,360도 전방면,30,,064-728-7352,33.510386,126.523317,2025-11-05,I,2026-05-15 18:45:38,2025-12-09 16:23:11
6510000,202565100000800274,제주특별자치도 제주시청,,제주특별자치도 제주시 구남로2길 17,교통단속,5,200,360도 전방면,30,,064-728-7352,33.488077,126.533195,2025-11-05,I,2026-05-15 18:45:38,2025-12-09 16:23:11
6510000,202565100000800134,제주특별자치도 제주시청,,제주특별자치도 제주시 이도2동 2034-9,교통단속,5,200,360도 전방면,30,,064-728-7352,33.488998,126.532279,2025-11-05,I,2026-05-15 18:45:38,2025-12-09 16:23:10
6510000,202565100000800095,제주특별자치도 제주시청,,제주특별자치도 제주시 아라2동 1575-1,교통단속,5,200,360도 전방면,30,,064-728-7352,33.477554,126.544128,2025-11-05,I,2026-05-15 18:45:38,2025-12-09 16:23:10
6510000,202565100000800304,제주특별자치도 제주시청,,제주특별자치도 제주시 광령리 901-7,교통단속,5,200,360도 전방면,30,,064-728-7352,33.44835,126.43595,2025-11-05,I,2026-05-15 18:45:38,2025-12-09 16:23:11
6510000,202565100000800275,제주특별자치도 제주시청,,제주특별자치도 제주시 이도1동 1294,교통단속,4,200,360도 전방면,30,,064-728-7352,33.50213,126.52892,2025-11-05,I,2026-05-15 18:45:38,2025-12-09 16:23:11
6510000,202565100000800206,제주특별자치도 제주시청,,제주특별자치도 제주시 오라2동 1918-1,교통단속,3,200,360도 전방면,30,,064-728-7352,33.487096,126.50734,2025-11-05,I,2026-05-15 18:45:38,2025-12-09 16:23:10
6510000,202565100000800169,제주특별자치도 제주시청,,제주특별자치도 제주시 아라1동 6078-6,교통단속,3,200,360도 전방면,30,,064-728-7352,33.468767,126.54565,2025-11-05,I,2026-05-15 18:45:38,2025-12-09 16:23:10
6510000,202565100000800188,제주특별자치도 제주시청,,제주특별자치도 제주시 이도2동 1174-2,교통단속,5,200,360도 전방면,30,,064-728-7352,33.50179,126.53153,2025-11-05,I,2026-05-15 18:45:38,2025-12-09 16:23:10
6510000,202565100000800159,제주특별자치도 제주시청,,제주특별자치도 제주시 조천읍 신촌리 1792-1,교통단속,4,200,360도 전방면,30,,064-728-7352,33.533979,126.620731,2025-11-05,I,2026-05-15 18:45:38,2025-12-09 16:23:10
6510000,202565100000800262,제주특별자치도 제주시청,,제주특별자치도 제주시 애월읍 애월리 2008-4,교통단속,3,200,360도 전방면,30,,064-728-7352,33.463393,126.313662,2025-11-05,I,2026-05-15 18:45:38,2025-12-09 16:23:10
6510000,202565100000800042,제주특별자치도 제주시청,,제주특별자치도 제주시 아라1동 6138-3,교통단속,5,200,360도 전방면,30,,064-728-7352,33.471759,126.545639,2025-11-05,I,2026-05-15 18:45:38,2025-12-09 16:23:09
6510000,202565100000800162,제주특별자치도 제주시청,,제주특별자치도 제주시 애월읍 하귀1리 189-10,교통단속,3,200,360도 전방면,30,,064-728-7352,33.485,126.41275,2025-11-05,I,2026-05-15 18:45:38,2025-12-09 16:23:10
6510000,202565100000800350,제주특별자치도 제주시청,,제주특별자치도 제주시 외도1동 166-8,교통단속,1,200,360도 전방면,30,,064-728-7352,33.486127,126.437595,2025-11-05,I,2026-05-15 18:45:38,2025-12-09 16:23:11
6510000,202565100000800121,제주특별자치도 제주시청,,제주특별자치도 제주시 화북1동 1958-8,교통단속,4,200,360도 전방면,30,,064-728-7352,33.520034,126.563353,2025-11-05,I,2026-05-15 18:45:38,2025-12-09 16:23:10
6510000,202565100000800045,제주특별자치도 제주시청,,제주특별자치도 제주시 연동 314-7,교통단속,3,200,360도 전방면,30,,064-728-7352,33.4856,126.4979,2025-11-05,I,2026-05-15 18:45:38,2025-12-09 16:23:09
6510000,202565100000800226,제주특별자치도 제주시청,,제주특별자치도 제주시 노형동 929-15,교통단속,4,200,360도 전방면,30,,064-728-7352,33.484011,126.482257,2025-11-05,I,2026-05-15 18:45:38,2025-12-09 16:23:10
6510000,202565100000800074,제주특별자치도 제주시청,,제주특별자치도 제주시 삼도2동 100-3,교통단속,4,200,360도 전방면,30,,064-728-7352,33.51321,126.523357,2025-11-05,I,2026-05-15 18:45:38,2025-12-09 16:23:10
6510000,202565100000800003,제주특별자치도 제주시청,,제주특별자치도 제주시 이도2동 1768-27,교통단속,5,200,360도 전방면,30,,064-728-7352,33.499138,126.530007,2025-11-05,I,2026-05-15 18:45:38,2025-12-09 16:23:09
6510000,202565100000800239,제주특별자치도 제주시청,,제주특별자치도 제주시 영평동 2169-18,교통단속,5,200,360도 전방면,30,,064-728-7352,33.451662,126.571407,2025-11-05,I,2026-05-15 18:45:38,2025-12-09 16:23:10
6510000,202565100000800167,제주특별자치도 제주시청,,제주특별자치도 제주시 이도2동 1052-2,교통단속,5,200,360도 전방면,30,,064-728-7352,33.496705,126.53532,2025-11-05,I,2026-05-15 18:45:38,2025-12-09 16:23:10
6510000,202565100000800338,제주특별자치도 제주시청,,제주특별자치도 제주시 도련1동 1619,교통단속,3,200,360도 전방면,30,,064-728-7352,33.506932,126.58869,2025-11-05,I,2026-05-15 18:45:38,2025-12-09 16:23:11
6510000,202565100000800213,제주특별자치도 제주시청,,제주특별자치도 제주시 오라3동 2912-5,교통단속,3,200,360도 전방면,30,,064-728-7352,33.489551,126.501722,2025-11-05,I,2026-05-15 18:45:38,2025-12-09 16:23:10
6510000,202565100000800259,제주특별자치도 제주시청,,제주특별자치도 제주시 한림읍 옹포리 220-4,교통단속,5,200,360도 전방면,30,,064-728-7352,33.405275,126.255565,2025-11-05,I,2026-05-15 18:45:38,2025-12-09 16:23:10
6510000,202565100000800012,제주특별자치도 제주시청,,제주특별자치도 제주시 노형동 1043-5,교통단속,5,200,360도 전방면,30,,064-728-7352,33.488887,126.476064,2025-11-05,I,2026-05-15 18:45:38,2025-12-09 16:23:09
6510000,202565100000800286,제주특별자치도 제주시청,,제주특별자치도 제주시 외도1동 559-3,교통단속,4,200,360도 전방면,30,,064-728-7352,33.486472,126.432584,2025-11-05,I,2026-05-15 18:45:38,2025-12-09 16:23:11
6510000,202565100000800133,제주특별자치도 제주시청,,제주특별자치도 제주시 이도2동 1963-7,교통단속,4,200,360도 전방면,30,,064-728-7352,33.49258,126.5454,2025-11-05,I,2026-05-15 18:45:38,2025-12-09 16:23:10
6510000,202565100000800129,제주특별자치도 제주시청,,제주특별자치도 제주시 일도2동 358-7,교통단속,5,200,360도 전방면,30,,064-728-7352,33.50745,126.5403,2025-11-05,I,2026-05-15 18:45:38,2025-12-09 16:23:10
6510000,202565100000800329,제주특별자치도 제주시청,,제주특별자치도 제주시 외도1동 2552-20,교통단속,4,200,360도 전방면,30,,064-728-7352,33.492087,126.434827,2025-11-05,I,2026-05-15 18:45:38,2025-12-09 16:23:11
6510000,202565100000800019,제주특별자치도 제주시청,,제주특별자치도 제주시 이도2동 1776-15,교통단속,5,200,360도 전방면,30,,064-728-7352,33.50023,126.526848,2025-11-05,I,2026-05-15 18:45:38,2025-12-09 16:23:09
6510000,202565100000800108,제주특별자치도 제주시청,,제주특별자치도 제주시 일도1동 1277-14,교통단속,5,200,360도 전방면,30,,064-728-7352,33.515551,126.524711,2025-11-05,I,2026-05-15 18:45:38,2025-12-09 16:23:10
6510000,202565100000800110,제주특별자치도 제주시청,,제주특별자치도 제주시 용담2동 2002,교통단속,3,200,360도 전방면,30,,064-728-7352,33.50385,126.49335,2025-11-05,I,2026-05-15 18:45:38,2025-12-09 16:23:10
6510000,202565100000800010,제주특별자치도 제주시청,,제주특별자치도 제주시 용담2동 2002,교통단속,3,200,360도 전방면,30,,064-728-7352,33.506367,126.492973,2025-11-05,I,2026-05-15 18:45:38,2025-12-09 16:23:09
6510000,202565100000800267,제주특별자치도 제주시청,,제주특별자치도 제주시 과원북2길 24,교통단속,5,200,360도 전방면,30,,064-728-7352,33.478895,126.484734,2025-11-05,I,2026-05-15 18:45:38,2025-12-09 16:23:10
6510000,202565100000800044,제주특별자치도 제주시청,,제주특별자치도 제주시 이도2동 398-22,교통단속,3,200,360도 전방면,30,,064-728-7352,33.496231,126.539185,2025-11-05,I,2026-05-15 18:45:38,2025-12-09 16:23:09
6510000,202565100000800318,제주특별자치도 제주시청,,제주특별자치도 제주시 외도1동 447-3,교통단속,5,200,360도 전방면,30,,064-728-7352,33.4914,126.43093,2025-11-05,I,2026-05-15 18:45:38,2025-12-09 16:23:11
6510000,202565100000800063,제주특별자치도 제주시청,,제주특별자치도 제주시 노형동 937-15,교통단속,3,200,360도 전방면,30,,064-728-7352,33.483553,126.484856,2025-11-05,I,2026-05-15 18:45:38,2025-12-09 16:23:09
6510000,202565100000800263,제주특별자치도 제주시청,,제주특별자치도 제주시 노형동 945,교통단속,5,200,360도 전방면,30,,064-728-7352,33.483883,126.486349,2025-11-05,I,2026-05-15 18:45:38,2025-12-09 16:23:10
6510000,202565100000800173,제주특별자치도 제주시청,,제주특별자치도 제주시 도남동 573-1,교통단속,4,200,360도 전방면,30,,064-728-7352,33.489787,126.520273,2025-11-05,I,2026-05-15 18:45:38,2025-12-09 16:23:10
6510000,202565100000800122,제주특별자치도 제주시청,,제주특별자치도 제주시 용담2동 603-13,교통단속,4,200,360도 전방면,30,,064-728-7352,33.5126,126.51044,2025-11-05,I,2026-05-15 18:45:38,2025-12-09 16:23:10
6510000,202565100000800105,제주특별자치도 제주시청,,제주특별자치도 제주시 일도1동 1189,교통단속,4,200,360도 전방면,30,,064-728-7352,33.514537,126.528896,2025-11-05,I,2026-05-15 18:45:38,2025-12-09 16:23:10
6510000,202565100000800361,제주특별자치도 제주시청,,제주특별자치도 제주시 하귀1리 265-1,교통단속,3,200,360도 전방면,30,,064-728-7352,33.488601,126.418554,2025-11-05,I,2026-05-15 18:45:38,2025-12-09 16:23:11
6510000,202565100000800004,제주특별자치도 제주시청,,제주특별자치도 제주시 오라1동 2441-1,교통단속,5,200,360도 전방면,30,,064-728-7352,33.499956,126.515138,2025-11-05,I,2026-05-15 18:45:38,2025-12-09 16:23:09
6510000,202565100000800098,제주특별자치도 제주시청,,제주특별자치도 제주시 아라1동 6122,교통단속,5,200,360도 전방면,30,,064-728-7352,33.47442,126.549986,2025-11-05,I,2026-05-15 18:45:38,2025-12-09 16:23:10
6510000,202565100000800037,제주특별자치도 제주시청,,제주특별자치도 제주시 한림읍 한림리 1073,교통단속,5,200,360도 전방면,30,,064-728-7352,33.414729,126.264864,2025-11-05,I,2026-05-15 18:45:38,2025-12-09 16:23:09
6510000,202565100000800353,제주특별자치도 제주시청,,제주특별자치도 제주시 아라일동 6056-2,교통단속,3,200,360도 전방면,30,,064-728-7352,33.47237,126.5417,2025-11-05,I,2026-05-15 18:45:38,2025-12-09 16:23:11
6510000,202565100000800070,제주특별자치도 제주시청,,제주특별자치도 제주시 용담2동 1462-2,교통단속,3,200,360도 전방면,30,,064-728-7352,33.50455,126.494717,2025-11-05,I,2026-05-15 18:45:38,2025-12-09 16:23:10
6510000,202565100000800014,제주특별자치도 제주시청,,제주특별자치도 제주시 노형동 2511-4,교통단속,3,200,360도 전방면,30,,064-728-7352,33.484302,126.470155,2025-11-05,I,2026-05-15 18:45:38,2025-12-09 16:23:09
6510000,202565100000800035,제주특별자치도 제주시청,,제주특별자치도 제주시 삼도1동 568-1,교통단속,3,200,360도 전방면,30,,064-728-7352,33.498344,126.519814,2025-11-05,I,2026-05-15 18:45:38,2025-12-09 16:23:09
6510000,202565100000800271,제주특별자치도 제주시청,,제주특별자치도 제주시 노형동 1085,교통단속,3,200,360도 전방면,30,,064-728-7352,33.491954,126.477776,2025-11-05,I,2026-05-15 18:45:38,2025-12-09 16:23:10
6510000,202565100000800252,제주특별자치도 제주시청,,제주특별자치도 제주시 조천읍 교래리 산 137-22,교통단속,3,200,360도 전방면,30,,064-728-7352,33.385351,126.620255,2025-11-05,I,2026-05-15 18:45:38,2025-12-09 16:23:10
6510000,202565100000800258,제주특별자치도 제주시청,,제주특별자치도 제주시 한림읍 옹포리 403-1,교통단속,3,200,360도 전방면,30,,064-728-7352,33.40712,126.25728,2025-11-05,I,2026-05-15 18:45:38,2025-12-09 16:23:10
6510000,202565100000800199,제주특별자치도 제주시청,,제주특별자치도 제주시 도남동 180-1,교통단속,4,200,360도 전방면,30,,064-728-7352,33.4872,126.529527,2025-11-05,I,2026-05-15 18:45:38,2025-12-09 16:23:10
6510000,202565100000800337,제주특별자치도 제주시청,,제주특별자치도 제주시 도련1동 1853-2,교통단속,3,200,360도 전방면,30,,064-728-7352,33.511606,126.587328,2025-11-05,I,2026-05-15 18:45:38,2025-12-09 16:23:11
6510000,202565100000800160,제주특별자치도 제주시청,,제주특별자치도 제주시 조천읍 신촌리 1812-4,교통단속,4,200,360도 전방면,30,,064-728-7352,33.53295,126.61905,2025-11-05,I,2026-05-15 18:45:38,2025-12-09 16:23:10
6510000,202565100000800030,제주특별자치도 제주시청,,제주특별자치도 제주시 노형동 2733-3,교통단속,4,200,360도 전방면,30,,064-728-7352,33.491521,126.473212,2025-11-05,I,2026-05-15 18:45:38,2025-12-09 16:23:09
6510000,202565100000800214,제주특별자치도 제주시청,,제주특별자치도 제주시 연동 321-12,교통단속,3,200,360도 전방면,30,,064-728-7352,33.491684,126.501781,2025-11-05,I,2026-05-15 18:45:38,2025-12-09 16:23:10
6510000,202565100000800089,제주특별자치도 제주시청,,제주특별자치도 제주시 일도2동 1046-11,교통단속,3,200,360도 전방면,30,,064-728-7352,33.506441,126.529928,2025-11-05,I,2026-05-15 18:45:38,2025-12-09 16:23:10
6510000,202565100000800325,제주특별자치도 제주시청,,제주특별자치도 제주시 일도2동 161-23,교통단속,4,200,360도 전방면,30,,064-728-7352,33.51215,126.5384,2025-11-05,I,2026-05-15 18:45:38,2025-12-09 16:23:11
6510000,202565100000800080,제주특별자치도 제주시청,,제주특별자치도 제주시 일도2동 89,교통단속,4,200,360도 전방면,30,,064-728-7352,33.501307,126.548477,2025-11-05,I,2026-05-15 18:45:38,2025-12-09 16:23:10
6510000,202565100000800311,제주특별자치도 제주시청,,제주특별자치도 제주시 아라1동 6100-12,교통단속,5,200,360도 전방면,30,,064-728-7352,33.4753,126.5436,2025-11-05,I,2026-05-15 18:45:38,2025-12-09 16:23:11
6510000,202565100000800166,제주특별자치도 제주시청,,제주특별자치도 제주시 애월읍 하귀1리 157-6,교통단속,3,200,360도 전방면,30,,064-728-7352,33.483876,126.4162,2025-11-05,I,2026-05-15 18:45:38,2025-12-09 16:23:10
6510000,202565100000800126,제주특별자치도 제주시청,,제주특별자치도 제주시 애월읍 하귀2리 1750-3,교통단속,4,200,360도 전방면,30,,064-728-7352,33.480251,126.402109,2025-11-05,I,2026-05-15 18:45:38,2025-12-09 16:23:10
6510000,202565100000800155,제주특별자치도 제주시청,,제주특별자치도 제주시 조천읍 함덕리 산 14-58,교통단속,4,200,360도 전방면,30,,064-728-7352,33.542637,126.6703,2025-11-05,I,2026-05-15 18:45:38,2025-12-09 16:23:10
6510000,202565100000800132,제주특별자치도 제주시청,,제주특별자치도 제주시 이도2동 1974-5,교통단속,5,200,360도 전방면,30,,064-728-7352,33.492133,126.53955,2025-11-05,I,2026-05-15 18:45:38,2025-12-09 16:23:10
6510000,202565100000800272,제주특별자치도 제주시청,,제주특별자치도 제주시 신대로 19길,교통단속,5,200,360도 전방면,30,,064-728-7352,33.483526,126.498503,2025-11-05,I,2026-05-15 18:45:38,2025-12-09 16:23:10
6510000,202565100000800212,제주특별자치도 제주시청,,제주특별자치도 제주시 연동 322-16,교통단속,4,200,360도 전방면,30,,064-728-7352,33.487542,126.501633,2025-11-05,I,2026-05-15 18:45:38,2025-12-09 16:23:10
6510000,202565100000800179,제주특별자치도 제주시청,,제주특별자치도 제주시 노형동 918,교통단속,4,200,360도 전방면,30,,064-728-7352,33.48565,126.4804,2025-11-05,I,2026-05-15 18:45:38,2025-12-09 16:23:10
6510000,202565100000800235,제주특별자치도 제주시청,,제주특별자치도 제주시 용담2동 1719-4,교통단속,4,200,360도 전방면,30,,064-728-7352,33.498527,126.496832,2025-11-05,I,2026-05-15 18:45:38,2025-12-09 16:23:10
6510000,202565100000800278,제주특별자치도 제주시청,,제주특별자치도 제주시 노형동 1297-2,교통단속,4,200,360도 전방면,30,,064-728-7352,33.492435,126.477163,2025-11-05,I,2026-05-15 18:45:38,2025-12-09 16:23:11
6510000,202565100000800222,제주특별자치도 제주시청,,제주특별자치도 제주시 노형동 707,교통단속,5,200,360도 전방면,30,,064-728-7352,33.48204,126.48117,2025-11-05,I,2026-05-15 18:45:38,2025-12-09 16:23:10
6510000,202565100000800064,제주특별자치도 제주시청,,제주특별자치도 제주시 일도2동 875,교통단속,3,200,360도 전방면,30,,064-728-7352,33.505925,126.535207,2025-11-05,I,2026-05-15 18:45:38,2025-12-09 16:23:09
6510000,202565100000800195,제주특별자치도 제주시청,,제주특별자치도 제주시 연동 275,교통단속,5,200,360도 전방면,30,,064-728-7352,33.483779,126.489928,2025-11-05,I,2026-05-15 18:45:38,2025-12-09 16:23:10
6510000,202565100000800202,제주특별자치도 제주시청,,제주특별자치도 제주시 도남동 214-1,교통단속,3,200,360도 전방면,30,,064-728-7352,33.48205,126.530056,2025-11-05,I,2026-05-15 18:45:38,2025-12-09 16:23:10
6510000,202565100000800197,제주특별자치도 제주시청,,제주특별자치도 ?제주시 용담2동 595-2,교통단속,3,200,360도 전방면,30,,064-728-7352,33.512807,126.508605,2025-11-05,I,2026-05-15 18:45:38,2025-12-09 16:23:10
6510000,202565100000800254,제주특별자치도 제주시청,,제주특별자치도 제주시 건입동 984-124,교통단속,4,200,360도 전방면,30,,064-728-7352,33.518315,126.534436,2025-11-05,I,2026-05-15 18:45:38,2025-12-09 16:23:10
6510000,202565100000800265,제주특별자치도 제주시청,,제주특별자치도 제주시 김녕로 117,교통단속,3,200,360도 전방면,30,,064-728-7352,33.554734,126.750524,2025-11-05,I,2026-05-15 18:45:38,2025-12-09 16:23:10
6510000,202565100000800153,제주특별자치도 제주시청,,제주특별자치도 제주시 조천읍 함덕리 1010,교통단속,4,200,360도 전방면,30,,064-728-7352,33.54365,126.66363,2025-11-05,I,2026-05-15 18:45:38,2025-12-09 16:23:10
6510000,202565100000800055,제주특별자치도 제주시청,,제주특별자치도 제주시 삼양2동 2135-8,교통단속,6,200,360도 전방면,30,,064-728-7352,33.521049,126.58532,2025-11-05,I,2026-05-15 18:45:38,2025-12-09 16:23:09
6510000,202565100000800009,제주특별자치도 제주시청,,제주특별자치도 제주시 용담2동 2002,교통단속,3,200,360도 전방면,30,,064-728-7352,33.506692,126.494224,2025-11-05,I,2026-05-15 18:45:38,2025-12-09 16:23:09
6510000,202565100000800125,제주특별자치도 제주시청,,제주특별자치도 제주시 삼도2동 811-7,교통단속,5,200,360도 전방면,30,,064-728-7352,33.509233,126.521721,2025-11-05,I,2026-05-15 18:45:38,2025-12-09 16:23:10
6510000,202565100000800309,제주특별자치도 제주시청,,제주특별자치도 제주시 해안동 220-2,교통단속,3,200,360도 전방면,30,,064-728-7352,33.39015,126.4854,2025-11-05,I,2026-05-15 18:45:38,2025-12-09 16:23:11
6510000,202565100000800343,제주특별자치도 제주시청,,제주특별자치도 제주시 노형동 1043-1,교통단속,5,200,360도 전방면,30,,064-728-7352,33.489606,126.476836,2025-11-05,I,2026-05-15 18:45:38,2025-12-09 16:23:11
6510000,202565100000800358,제주특별자치도 제주시청,,제주특별자치도 제주시 아라이동 1259-3,교통단속,5,200,360도 전방면,30,,064-728-7352,33.49035,126.5447,2025-11-05,I,2026-05-15 18:45:38,2025-12-09 16:23:11
6510000,202565100000800310,제주특별자치도 제주시청,,제주특별자치도 제주시 용담1동 148-2,교통단속,5,200,360도 전방면,30,,064-728-7352,33.5124,126.5192,2025-11-05,I,2026-05-15 18:45:38,2025-12-09 16:23:11
6510000,202565100000800313,제주특별자치도 제주시청,,제주특별자치도 제주시 일도2동 58,교통단속,4,200,360도 전방면,30,,064-728-7352,33.5039,126.5463,2025-11-05,I,2026-05-15 18:45:38,2025-12-09 16:23:11
6510000,202565100000800250,제주특별자치도 제주시청,,제주특별자치도 제주시 조천읍 조천리 2254-1,교통단속,3,200,360도 전방면,30,,064-728-7352,33.534366,126.635738,2025-11-05,I,2026-05-15 18:45:38,2025-12-09 16:23:10
6510000,202565100000800091,제주특별자치도 제주시청,,제주특별자치도 ?제주시 도남동 663-16,교통단속,4,200,360도 전방면,30,,064-728-7352,33.489845,126.526188,2025-11-05,I,2026-05-15 18:45:38,2025-12-09 16:23:10
6510000,202565100000800281,제주특별자치도 제주시청,,제주특별자치도 제주시 도남동 1049,교통단속,4,200,360도 전방면,30,,064-728-7352,33.490623,126.520494,2025-11-05,I,2026-05-15 18:45:38,2025-12-09 16:23:11
6510000,202565100000800326,제주특별자치도 제주시청,,제주특별자치도 제주시 화북1동 1029,교통단속,1,200,360도 전방면,30,,064-728-7352,33.5146,126.57466,2025-11-05,I,2026-05-15 18:45:38,2025-12-09 16:23:11
6510000,202565100000800116,제주특별자치도 제주시청,,제주특별자치도 제주시 일도1동 1210,교통단속,3,200,360도 전방면,30,,064-728-7352,33.514114,126.528012,2025-11-05,I,2026-05-15 18:45:38,2025-12-09 16:23:10
6510000,202565100000800140,제주특별자치도 제주시청,,제주특별자치도 제주시 연동 292-27,교통단속,5,200,360도 전방면,30,,064-728-7352,33.489766,126.4946,2025-11-05,I,2026-05-15 18:45:38,2025-12-09 16:23:10
6510000,202565100000800253,제주특별자치도 제주시청,,제주특별자치도 제주시 조천읍 교래리 산 137-22,교통단속,3,200,360도 전방면,30,,064-728-7352,33.387359,126.618183,2025-11-05,I,2026-05-15 18:45:38,2025-12-09 16:23:10
6510000,202565100000800297,제주특별자치도 제주시청,,제주특별자치도 제주시 함덕리 4151,교통단속,3,200,360도 전방면,30,,064-728-7352,33.5399,126.6743,2025-11-05,I,2026-05-15 18:45:38,2025-12-09 16:23:11
6510000,202565100000800316,제주특별자치도 제주시청,,제주특별자치도 제주시 외도1동 637-1,교통단속,5,200,360도 전방면,30,,064-728-7352,33.48595,126.43091,2025-11-05,I,2026-05-15 18:45:38,2025-12-09 16:23:11
6510000,202565100000800090,제주특별자치도 제주시청,,제주특별자치도 제주시 오라1동 2444-10,교통단속,4,200,360도 전방면,30,,064-728-7352,33.498268,126.51419,2025-11-05,I,2026-05-15 18:45:38,2025-12-09 16:23:10
6510000,202565100000800224,제주특별자치도 제주시청,,제주특별자치도 제주시 구좌읍 월정리 544,교통단속,3,200,360도 전방면,30,,064-728-7352,33.556106,126.795503,2025-11-05,I,2026-05-15 18:45:38,2025-12-09 16:23:10
6510000,202565100000800085,제주특별자치도 제주시청,,제주특별자치도 제주시 봉개동 1943,교통단속,5,200,360도 전방면,30,,064-728-7352,33.491195,126.593348,2025-11-05,I,2026-05-15 18:45:38,2025-12-09 16:23:10
6510000,202565100000800028,제주특별자치도 제주시청,,제주특별자치도 제주시 연동 309,교통단속,6,200,360도 전방면,30,,064-728-7352,33.483605,126.496412,2025-11-05,I,2026-05-15 18:45:38,2025-12-09 16:23:09
6510000,202565100000800180,제주특별자치도 제주시청,,제주특별자치도 제주시 연동 293-36,교통단속,5,200,360도 전방면,30,,064-728-7352,33.485722,126.494473,2025-11-05,I,2026-05-15 18:45:38,2025-12-09 16:23:10
6510000,202565100000800251,제주특별자치도 제주시청,,제주특별자치도 제주시 도련1동 1766-5,교통단속,3,200,360도 전방면,30,,064-728-7352,33.5109,126.5892,2025-11-05,I,2026-05-15 18:45:38,2025-12-09 16:23:10
6510000,202565100000800257,제주특별자치도 제주시청,,제주특별자치도 제주시 건입동 1453-1,교통단속,3,200,360도 전방면,30,,064-728-7352,33.52273,126.5468,2025-11-05,I,2026-05-15 18:45:38,2025-12-09 16:23:10
6510000,202565100000800020,제주특별자치도 제주시청,,제주특별자치도 제주시 이도2동 1080-8,교통단속,5,200,360도 전방면,30,,064-728-7352,33.491942,126.536435,2025-11-05,I,2026-05-15 18:45:38,2025-12-09 16:23:09
6510000,202565100000800176,제주특별자치도 제주시청,,제주특별자치도 제주시 오라2동 1837,교통단속,3,200,360도 전방면,30,,064-728-7352,33.4878,126.5098,2025-11-05,I,2026-05-15 18:45:38,2025-12-09 16:23:10
6510000,202565100000800261,제주특별자치도 제주시청,,제주특별자치도 제주시 애월읍 애월리 2470-10,교통단속,3,200,360도 전방면,30,,064-728-7352,33.46095,126.31178,2025-11-05,I,2026-05-15 18:45:38,2025-12-09 16:23:10
6510000,202565100000800260,제주특별자치도 제주시청,,제주특별자치도 제주시 한림읍 한림로 617,교통단속,3,200,360도 전방면,30,,064-728-7352,33.41152,126.260193,2025-11-05,I,2026-05-15 18:45:38,2025-12-09 16:23:10
6510000,202565100000800119,제주특별자치도 제주시청,,제주특별자치도 제주시 이도2동 1176-53,교통단속,4,200,360도 전방면,30,,064-728-7352,33.499992,126.530981,2025-11-05,I,2026-05-15 18:45:38,2025-12-09 16:23:10
6510000,202565100000800040,제주특별자치도 제주시청,,제주특별자치도 제주시 노형동 917-3,교통단속,5,200,360도 전방면,30,,064-728-7352,33.486016,126.484974,2025-11-05,I,2026-05-15 18:45:38,2025-12-09 16:23:09
6510000,202565100000800008,제주특별자치도 제주시청,,제주특별자치도 제주시 용담2동 2002,교통단속,3,200,360도 전방면,30,,064-728-7352,33.506269,126.493091,2025-11-05,I,2026-05-15 18:45:38,2025-12-09 16:23:09
6510000,202565100000800102,제주특별자치도 제주시청,,제주특별자치도 제주시 조천읍 함덕리 1047,교통단속,3,200,360도 전방면,30,,064-728-7352,33.543258,126.661806,2025-11-05,I,2026-05-15 18:45:38,2025-12-09 16:23:10
6510000,202565100000800100,제주특별자치도 제주시청,,제주특별자치도 제주시 조천읍 함덕리 1002-9,교통단속,4,200,360도 전방면,30,,064-728-7352,33.5414,126.6675,2025-11-05,I,2026-05-15 18:45:38,2025-12-09 16:23:10
6510000,202565100000800001,제주특별자치도 제주시청,,제주특별자치도 제주시 일도2동 377-23,교통단속,3,200,360도 전방면,30,,064-728-7352,33.5055,126.5412,2025-11-05,I,2026-05-15 18:45:38,2025-12-09 16:23:09
6510000,202565100000800104,제주특별자치도 제주시청,,제주특별자치도 제주시 일도1동 1104,교통단속,3,200,360도 전방면,30,,064-728-7352,33.511956,126.5288,2025-11-05,I,2026-05-15 18:45:38,2025-12-09 16:23:10
6510000,202565100000800088,제주특별자치도 제주시청,,제주특별자치도 제주시 일도1동 1476-1,교통단속,3,200,360도 전방면,30,,064-728-7352,33.514119,126.525983,2025-11-05,I,2026-05-15 18:45:38,2025-12-09 16:23:10
6510000,202565100000800276,제주특별자치도 제주시청,,제주특별자치도 제주시 우정로 15길 5,교통단속,4,200,360도 전방면,30,,064-728-7352,33.48591,126.431533,2025-11-05,I,2026-05-15 18:45:38,2025-12-09 16:23:11
6510000,202565100000800022,제주특별자치도 제주시청,,제주특별자치도 제주시 이도2동 1941-6,교통단속,3,200,360도 전방면,30,,064-728-7352,33.495997,126.547288,2025-11-05,I,2026-05-15 18:45:38,2025-12-09 16:23:09
6510000,202565100000800068,제주특별자치도 제주시청,,제주특별자치도 제주시 일도1동 1477-7,교통단속,3,200,360도 전방면,30,,064-728-7352,33.5129,126.5207,2025-11-05,I,2026-05-15 18:45:38,2025-12-09 16:23:10
6510000,202565100000800241,제주특별자치도 제주시청,,제주특별자치도 제주시 용담1동 2578-3,교통단속,3,200,360도 전방면,30,,064-728-7352,33.50518,126.5144,2025-11-05,I,2026-05-15 18:45:38,2025-12-09 16:23:10
6510000,202565100000800209,제주특별자치도 제주시청,,제주특별자치도 제주시 연동 1495,교통단속,5,200,360도 전방면,30,,064-728-7352,33.478879,126.487302,2025-11-05,I,2026-05-15 18:45:38,2025-12-09 16:23:10
6510000,202565100000800357,제주특별자치도 제주시청,,제주특별자치도 제주시 이도일동 1513-2,교통단속,5,200,360도 전방면,30,,064-728-7352,33.50944,126.5236,2025-11-05,I,2026-05-15 18:45:38,2025-12-09 16:23:11
6510000,202565100000800145,제주특별자치도 제주시청,,제주특별자치도 제주시 노형동 737-2,교통단속,4,200,360도 전방면,30,,064-728-7352,33.478974,126.4809,2025-11-05,I,2026-05-15 18:45:38,2025-12-09 16:23:10
6510000,202565100000800017,제주특별자치도 제주시청,,제주특별자치도 제주시 노형동 1294-1,교통단속,6,200,360도 전방면,30,,064-728-7352,33.488368,126.483449,2025-11-05,I,2026-05-15 18:45:38,2025-12-09 16:23:09
6510000,202565100000800177,제주특별자치도 제주시청,,제주특별자치도 제주시 오라2동 1354-9,교통단속,4,200,360도 전방면,30,,064-728-7352,33.488949,126.5111,2025-11-05,I,2026-05-15 18:45:38,2025-12-09 16:23:10
6510000,202565100000800314,제주특별자치도 제주시청,,제주특별자치도 제주시 노형동 762-8,교통단속,3,200,360도 전방면,30,,064-728-7352,33.4763,126.48085,2025-11-05,I,2026-05-15 18:45:38,2025-12-09 16:23:11
6510000,202565100000800245,제주특별자치도 제주시청,,제주특별자치도 제주시 이도2동 1060-9,교통단속,3,200,360도 전방면,30,,064-728-7352,33.496218,126.535841,2025-11-05,I,2026-05-15 18:45:38,2025-12-09 16:23:10
6510000,202565100000800219,제주특별자치도 제주시청,,제주특별자치도 제주시 이도2동 1994-2,교통단속,5,200,360도 전방면,30,,064-728-7352,33.493315,126.538507,2025-11-05,I,2026-05-15 18:45:38,2025-12-09 16:23:10
6510000,202565100000800039,제주특별자치도 제주시청,,제주특별자치도 제주시 연동 262-34,교통단속,3,200,360도 전방면,30,,064-728-7352,33.485917,126.487966,2025-11-05,I,2026-05-15 18:45:38,2025-12-09 16:23:09
6510000,202565100000800255,제주특별자치도 제주시청,,제주특별자치도 제주시 건입동 908-26,교통단속,4,200,360도 전방면,30,,064-728-7352,33.522455,126.544543,2025-11-05,I,2026-05-15 18:45:38,2025-12-09 16:23:10
6510000,202565100000800041,제주특별자치도 제주시청,,제주특별자치도 제주시 아라1동 1803-8,교통단속,7,200,360도 전방면,30,,064-728-7352,33.469305,126.547228,2025-11-05,I,2026-05-15 18:45:38,2025-12-09 16:23:09
6510000,202565100000800249,제주특별자치도 제주시청,,제주특별자치도 제주시 이도2동 1180-13,교통단속,5,200,360도 전방면,30,,064-728-7352,33.497742,126.531215,2025-11-05,I,2026-05-15 18:45:38,2025-12-09 16:23:10
6510000,202565100000800300,제주특별자치도 제주시청,,제주특별자치도 제주시 협재리 2472-1,교통단속,3,200,360도 전방면,30,,064-728-7352,33.39027,126.2372,2025-11-05,I,2026-05-15 18:45:38,2025-12-09 16:23:11
6510000,202565100000800335,제주특별자치도 제주시청,,제주특별자치도 제주시 일도2동 15-27 앞,교통단속,4,200,360도 전방면,30,,064-728-7352,33.498318,126.547747,2025-11-05,I,2026-05-15 18:45:38,2025-12-09 16:23:11
6510000,202565100000800007,제주특별자치도 제주시청,,제주특별자치도 제주시 용담2동 2002,교통단속,3,200,360도 전방면,30,,064-728-7352,33.506591,126.494403,2025-11-05,I,2026-05-15 18:45:38,2025-12-09 16:23:09
6510000,202565100000800303,제주특별자치도 제주시청,,제주특별자치도 제주시 노형동 3779-6,교통단속,4,200,360도 전방면,30,,064-728-7352,33.48487,126.47862,2025-11-05,I,2026-05-15 18:45:38,2025-12-09 16:23:11
6510000,202565100000800054,제주특별자치도 제주시청,,제주특별자치도 제주시 화북1동 1023-1,교통단속,3,200,360도 전방면,30,,064-728-7352,33.515123,126.576311,2025-11-05,I,2026-05-15 18:45:38,2025-12-09 16:23:09
6510000,202565100000800113,제주특별자치도 제주시청,,제주특별자치도 제주시 도련2동 550,교통단속,3,200,360도 전방면,30,,064-728-7352,33.514295,126.5845,2025-11-05,I,2026-05-15 18:45:38,2025-12-09 16:23:10
6510000,202565100000800043,제주특별자치도 제주시청,,제주특별자치도 제주시 아라1동 6105-22,교통단속,7,200,360도 전방면,30,,064-728-7352,33.474456,126.545657,2025-11-05,I,2026-05-15 18:45:38,2025-12-09 16:23:09
6510000,202565100000800131,제주특별자치도 제주시청,,제주특별자치도 제주시 아라2동 3014-10,교통단속,5,200,360도 전방면,30,,064-728-7352,33.4935,126.5416,2025-11-05,I,2026-05-15 18:45:38,2025-12-09 16:23:10
6510000,202565100000800248,제주특별자치도 제주시청,,제주특별자치도 제주시 일도1동 1298-14,교통단속,4,200,360도 전방면,30,,064-728-7352,33.514897,126.524714,2025-11-05,I,2026-05-15 18:45:38,2025-12-09 16:23:10
6510000,202565100000800191,제주특별자치도 제주시청,,제주특별자치도 제주시 이도2동 1931-1,교통단속,5,200,360도 전방면,30,,064-728-7352,33.504119,126.536448,2025-11-05,I,2026-05-15 18:45:38,2025-12-09 16:23:10
6510000,202565100000800246,제주특별자치도 제주시청,,제주특별자치도 제주시 이도2동 1019-11,교통단속,5,200,360도 전방면,30,,064-728-7352,33.494769,126.533621,2025-11-05,I,2026-05-15 18:45:38,2025-12-09 16:23:10
6510000,202565100000800198,제주특별자치도 제주시청,,제주특별자치도 제주시 일주동로 163,교통단속,4,200,360도 전방면,30,,064-728-7352,33.518197,126.56315,2025-11-05,I,2026-05-15 18:45:38,2025-12-09 16:23:10
6510000,202565100000800184,제주특별자치도 제주시청,,제주특별자치도 제주시 삼양2동 2181-45,교통단속,4,200,360도 전방면,30,,064-728-7352,33.519834,126.588035,2025-11-05,I,2026-05-15 18:45:38,2025-12-09 16:23:10
6510000,202565100000800120,제주특별자치도 제주시청,,제주특별자치도 제주시 이도1동 1252-10,교통단속,5,200,360도 전방면,30,,064-728-7352,33.502102,126.53065,2025-11-05,I,2026-05-15 18:45:38,2025-12-09 16:23:10
6510000,202565100000800038,제주특별자치도 제주시청,,제주특별자치도 제주시 한림읍 한림리 1314-11,교통단속,3,200,360도 전방면,30,,064-728-7352,33.416352,126.265029,2025-11-05,I,2026-05-15 18:45:38,2025-12-09 16:23:09
6510000,202565100000800351,제주특별자치도 제주시청,,제주특별자치도 제주시 연동 277-1,교통단속,2,200,360도 전방면,30,,064-728-7352,33.48331,126.4919,2025-11-05,I,2026-05-15 18:45:38,2025-12-09 16:23:11
6510000,202565100000800323,제주특별자치도 제주시청,,제주특별자치도 제주시 노형동 1297-5,교통단속,5,200,360도 전방면,30,,064-728-7352,33.4871,126.4814,2025-11-05,I,2026-05-15 18:45:38,2025-12-09 16:23:11
6510000,202565100000800164,제주특별자치도 제주시청,,제주특별자치도 제주시 애월읍 하귀1리 138-1,교통단속,5,200,360도 전방면,30,,064-728-7352,33.485969,126.415235,2025-11-05,I,2026-05-15 18:45:38,2025-12-09 16:23:10
6510000,202565100000800322,제주특별자치도 제주시청,,제주특별자치도 제주시 연동 302-4,교통단속,5,200,360도 전방면,30,,064-728-7352,33.4886,126.49658,2025-11-05,I,2026-05-15 18:45:38,2025-12-09 16:23:11
6510000,202565100000800291,제주특별자치도 제주시청,,제주특별자치도 제주시 삼도2동 1222-2,교통단속,3,200,360도 전방면,30,,064-728-7352,33.51513,126.52137,2025-11-05,I,2026-05-15 18:45:38,2025-12-09 16:23:11
6510000,202565100000800049,제주특별자치도 제주시청,,제주특별자치도 제주시 노형동 2584-1,교통단속,3,200,360도 전방면,30,,064-728-7352,33.486122,126.470674,2025-11-05,I,2026-05-15 18:45:38,2025-12-09 16:23:09
6510000,202565100000800210,제주특별자치도 제주시청,,제주특별자치도 ?제주시 연동 324-22,교통단속,3,200,360도 전방면,30,,064-728-7352,33.484213,126.50152,2025-11-05,I,2026-05-15 18:45:38,2025-12-09 16:23:10
6510000,202565100000800196,제주특별자치도 제주시청,,제주특별자치도 제주시 용담2동 592-7,교통단속,3,200,360도 전방면,30,,064-728-7352,33.513019,126.506878,2025-11-05,I,2026-05-15 18:45:38,2025-12-09 16:23:10
6510000,202565100000800296,제주특별자치도 제주시청,,제주특별자치도 제주시 함덕리 4144-1,교통단속,3,200,360도 전방면,30,,064-728-7352,33.54,126.6738,2025-11-05,I,2026-05-15 18:45:38,2025-12-09 16:23:11
6510000,202565100000800056,제주특별자치도 제주시청,,제주특별자치도 제주시 노형동 1286-3,교통단속,3,200,360도 전방면,30,,064-728-7352,33.484732,126.477126,2025-11-05,I,2026-05-15 18:45:38,2025-12-09 16:23:09
6510000,202565100000800023,제주특별자치도 제주시청,,제주특별자치도 제주시 노형동 1065-3,교통단속,3,200,360도 전방면,30,,064-728-7352,33.487453,126.477788,2025-11-05,I,2026-05-15 18:45:38,2025-12-09 16:23:09
6510000,202565100000800061,제주특별자치도 제주시청,,제주특별자치도 제주시 노형동 724-1,교통단속,5,200,360도 전방면,30,,064-728-7352,33.481154,126.484828,2025-11-05,I,2026-05-15 18:45:38,2025-12-09 16:23:09
6510000,202565100000800232,제주특별자치도 제주시청,,제주특별자치도 제주시 일도2동 352,교통단속,4,200,360도 전방면,30,,064-728-7352,33.506883,126.538595,2025-11-05,I,2026-05-15 18:45:38,2025-12-09 16:23:10
6510000,202565100000800287,제주특별자치도 제주시청,,제주특별자치도 제주시 한림리 1115-2,교통단속,5,200,360도 전방면,30,,064-728-7352,33.412563,126.264936,2025-11-05,I,2026-05-15 18:45:38,2025-12-09 16:23:11
6510000,202565100000800240,제주특별자치도 제주시청,,제주특별자치도 제주시 영평동 2230-3,교통단속,5,200,360도 전방면,30,,064-728-7352,33.449012,126.571456,2025-11-05,I,2026-05-15 18:45:38,2025-12-09 16:23:10
6510000,202565100000800220,제주특별자치도 제주시청,,제주특별자치도 제주시 봉개동 1795-1,교통단속,3,200,360도 전방면,30,,064-728-7352,33.49297,126.59389,2025-11-05,I,2026-05-15 18:45:38,2025-12-09 16:23:10
6510000,202565100000800200,제주특별자치도 제주시청,,제주특별자치도 제주시 도남동 168-2,교통단속,3,200,360도 전방면,30,,064-728-7352,33.485748,126.52988,2025-11-05,I,2026-05-15 18:45:38,2025-12-09 16:23:10
6510000,202565100000800269,제주특별자치도 제주시청,,제주특별자치도 제주시 화북1동 29-6,교통단속,5,200,360도 전방면,30,,064-728-7352,33.517294,126.576514,2025-11-05,I,2026-05-15 18:45:38,2025-12-09 16:23:10
6510000,202565100000800324,제주특별자치도 제주시청,,제주특별자치도 제주시 일도2동 162-30,교통단속,3,200,360도 전방면,30,,064-728-7352,33.51038,126.53635,2025-11-05,I,2026-05-15 18:45:38,2025-12-09 16:23:11
6510000,202565100000800146,제주특별자치도 제주시청,,제주특별자치도 ?제주시 노형동 2582-2,교통단속,3,200,360도 전방면,30,,064-728-7352,33.488535,126.472242,2025-11-05,I,2026-05-15 18:45:38,2025-12-09 16:23:10
6510000,202565100000800141,제주특별자치도 제주시청,,제주특별자치도 제주시 노형동 3797,교통단속,5,200,360도 전방면,30,,064-728-7352,33.48225,126.47705,2025-11-05,I,2026-05-15 18:45:38,2025-12-09 16:23:10
6510000,202565100000800306,제주특별자치도 제주시청,,제주특별자치도 제주시 한림리 956-4,교통단속,3,200,360도 전방면,30,,064-728-7352,33.4118,126.268,2025-11-05,I,2026-05-15 18:45:38,2025-12-09 16:23:11
6510000,202565100000800015,제주특별자치도 제주시청,,제주특별자치도 제주시 노형동 725-4,교통단속,5,200,360도 전방면,30,,064-728-7352,33.481918,126.485699,2025-11-05,I,2026-05-15 18:45:38,2025-12-09 16:23:09
6510000,202565100000800312,제주특별자치도 제주시청,,제주특별자치도 제주시 화북1동 29-5,교통단속,3,200,360도 전방면,30,,064-728-7352,33.5195,126.5745,2025-11-05,I,2026-05-15 18:45:38,2025-12-09 16:23:11
6510000,202565100000800086,제주특별자치도 제주시청,,제주특별자치도 제주시 삼도2동 142-3,교통단속,3,200,360도 전방면,30,,064-728-7352,33.511364,126.522597,2025-11-05,I,2026-05-15 18:45:38,2025-12-09 16:23:10
6510000,202565100000800025,제주특별자치도 제주시청,,제주특별자치도 제주시 일도2동 49-5,교통단속,4,200,360도 전방면,30,,064-728-7352,33.502133,126.542938,2025-11-05,I,2026-05-15 18:45:38,2025-12-09 16:23:09
6510000,202565100000800036,제주특별자치도 제주시청,,제주특별자치도 제주시 한림읍 한림리 1365-1,교통단속,3,200,360도 전방면,30,,064-728-7352,33.414104,126.262978,2025-11-05,I,2026-05-15 18:45:38,2025-12-09 16:23:09
6510000,202565100000800137,제주특별자치도 제주시청,,제주특별자치도 제주시 삼도1동 559-11,교통단속,4,200,360도 전방면,30,,064-728-7352,33.499984,126.524898,2025-11-05,I,2026-05-15 18:45:38,2025-12-09 16:23:10
6510000,202565100000800067,제주특별자치도 제주시청,,제주특별자치도 제주시 연동 282-13,교통단속,4,200,360도 전방면,30,,064-728-7352,33.489247,126.492088,2025-11-05,I,2026-05-15 18:45:38,2025-12-09 16:23:10
6520000,202665200000800502,제주특별자치도 서귀포시 표선면,제주특별자치도 서귀포시 표선면 토산중앙로16번길 1,제주특별자치도 서귀포시 표선면 토산리 537-3,시설물관리,2,,반경10M,30,,064-760-4462,33.30887497,126.7797207,2025-05-12,I,2026-05-15 18:45:39,2026-05-13 10:41:02
6520000,202665200000800639,제주특별자치도 서귀포시 대륜동,,제주특별자치도 서귀포시 법환동 754,시설물관리,3,,반경 5m,30,,064-760-4762,33.2540204523,126.5092806479,2025-05-12,I,2026-05-15 18:45:39,2026-05-13 10:41:04
6520000,202665200000800631,제주특별자치도 서귀포시 서홍동,제주특별자치도 서귀포시 중앙로 125,제주특별자치도 서귀포시 서홍동 397-24,시설물관리,2,,서홍동주민센터 내·외부,30,,064-760-4723,33.25607801,126.5599846,2025-05-12,I,2026-05-15 18:45:39,2026-05-13 10:41:04
6520000,202665200000800301,제주특별자치도 서귀포시 대정읍,제주특별자치도 서귀포시 대정읍 최남단해안로30번길 18,제주특별자치도 서귀포시 대정읍 하모리 2144,시설물관리,6,,최남단해안로30번길 18,30,,064-760-4062,33.2187535978,126.2512133906,2025-05-12,I,2026-05-15 18:45:39,2026-05-13 10:41:00
6520000,202665200000800318,제주특별자치도 서귀포시 대정읍,,제주특별자치도 서귀포시 대정읍 무릉리 1139-3,시설물관리,4,,무릉리 1139-3,30,,064-760-4062,33.2769266201,126.2318774231,2025-05-12,I,2026-05-15 18:45:39,2026-05-13 10:41:00
6520000,202665200000800310,제주특별자치도 서귀포시 대정읍,제주특별자치도 서귀포시 대정읍 암반수마농로 61,제주특별자치도 서귀포시 대정읍 일과리 226,시설물관리,4,,일과리 226,30,,064-760-4062,33.23489746,126.2428056,2025-05-12,I,2026-05-15 18:45:39,2026-05-13 10:41:00
6520000,202665200000800309,제주특별자치도 서귀포시 대정읍,제주특별자치도 서귀포시 대정읍 동일하모로 90,제주특별자치도 서귀포시 대정읍 동일리 2829-3,시설물관리,5,,동일하모로 90,30,,064-760-4062,33.2285250143,126.2414527421,2025-05-12,I,2026-05-15 18:45:39,2026-05-13 10:41:00
6520000,202665200000800123,제주특별자치도 서귀포시 안전총괄과,,제주특별자치도 서귀포시 동홍동 1703,재난재해,1,,시설 외부 360도,30,,064-760-3283,33.265486649,126.5647909769,2025-05-12,I,2026-05-15 18:45:39,2026-05-13 10:40:59
6520000,202665200000800038,제주특별자치도 서귀포시 체육진흥과,제주특별자치도 서귀포시 월드컵로 33,제주특별자치도 서귀포시 법환동 914,시설물관리,64,,시설 내 외부,30,,064-760-3626,33.2462193733,126.5092753406,2025-05-12,I,2026-05-15 18:45:39,2026-05-13 10:40:58
6520000,202665200000800030,제주특별자치도 서귀포시 여성가족과,제주특별자치도 서귀포시 성산읍 서성일로 260,제주특별자치도 서귀포시 성산읍 난산리 2971,시설물관리,10,,야영장주변 및 산책로,30,,064-760-3408,33.4066281683,126.8221589839,2025-05-12,I,2026-05-15 18:45:39,2026-05-13 10:40:58
6520000,202665200000800617,제주특별자치도 서귀포시 동홍동,,제주특별자치도 서귀포시 동홍동 377-12,시설물관리,3,,4단지 서측 골목 인근,30,,064-760-4693,33.2489204497,126.571925207,2025-05-12,I,2026-05-15 18:45:39,2026-05-13 10:41:04
6520000,202665200000800638,제주특별자치도 서귀포시 대륜동,제주특별자치도 서귀포시 태평로92번길 49,제주특별자치도 서귀포시 호근동 1619,시설물관리,2,,반경 5m,30,,064-760-4762,33.24016952,126.5318428,2025-05-12,I,2026-05-15 18:45:39,2026-05-13 10:41:04
6520000,202665200000800630,제주특별자치도 서귀포시 서홍동,제주특별자치도 서귀포시 분토왓로 1,제주특별자치도 서귀포시 서홍동 1990-1,시설물관리,7,,재활용도움센터 내·외부,30,,064-760-4748,33.2653270572,126.5545516417,2025-05-12,I,2026-05-15 18:45:39,2026-05-13 10:41:04
6520000,202665200000800604,제주특별자치도 서귀포시 동홍동,,제주특별자치도 서귀포시 동홍동 151,시설물관리,2,,클린하우스 인근,30,,064-760-4693,33.2526399357,126.5741798607,2025-05-12,I,2026-05-15 18:45:39,2026-05-13 10:41:03
6520000,202665200000800650,제주특별자치도 서귀포시 대륜동,제주특별자치도 서귀포시 일주동로 9146,제주특별자치도 서귀포시 서호동 1609,시설물관리,3,,반경 5m,30,,064-760-4762,33.2481628843,126.5159145083,2025-05-12,I,2026-05-15 18:45:39,2026-05-13 10:41:04
6520000,202665200000800658,제주특별자치도 서귀포시 중문동,제주특별자치도 서귀포시 중문로81번길 38-1,제주특별자치도 서귀포시 중문동 1543-1,생활방범,3,,중문동 1543-1번지 일원,30,,064-760-4837,33.2572068,126.4238597,2025-05-12,I,2026-05-15 18:45:39,2026-05-13 10:41:04
6520000,202665200000800045,제주특별자치도 서귀포시 체육진흥과,제주특별자치도 서귀포시 중산간서로 95,제주특별자치도 서귀포시 강정동 1461,시설물관리,14,,시설 내 외부,30,,064-760-3626,33.25987408,126.5017753,2025-05-12,I,2026-05-15 18:45:39,2026-05-13 10:40:58
6520000,202665200000800341,제주특별자치도 서귀포시 성산읍,제주특별자치도 서귀포시 성산읍 삼달하동로31번길 31,제주특별자치도 서귀포시 성산읍 삼달리 1-9,시설물관리,7,,재활용도움센터 내외부,30,,064-760-4263,33.3699392959,126.8721688779,2025-05-12,I,2026-05-15 18:45:39,2026-05-13 10:41:01
6520000,202665200000800349,제주특별자치도 서귀포시 성산읍,제주특별자치도 서귀포시 성산읍 고성오조로 42,제주특별자치도 서귀포시 성산읍 고성리 336-2,시설물관리,2,,영농폐기물집하장 주변,30,,064-760-4262,33.44655494,126.9157478,2025-05-12,I,2026-05-15 18:45:39,2026-05-13 10:41:01
6520000,202665200000800052,제주특별자치도 서귀포시 체육진흥과,제주특별자치도 서귀포시 표선면 민속해안로 631-12,제주특별자치도 서귀포시 표선면 표선리 40-115,시설물관리,28,,시설 내 외부,30,,064-760-3626,33.323601133,126.8395239472,2025-05-12,I,2026-05-15 18:45:39,2026-05-13 10:40:59
6520000,202665200000800377,제주특별자치도 서귀포시 성산읍,제주특별자치도 서귀포시 성산읍 시흥상동로 31,제주특별자치도 서귀포시 성산읍 시흥리 700-1,시설물관리,2,,클린하우스 주변,30,,064-760-4262,33.4721101631,126.8998530968,2025-05-12,I,2026-05-15 18:45:39,2026-05-13 10:41:01
6520000,202665200000800325,제주특별자치도 서귀포시 대정읍,제주특별자치도 서귀포시 대정읍 영어도시로 35-3,제주특별자치도 서귀포시 대정읍 보성리 173-1,시설물관리,5,,영어도시로 35-3,30,,064-760-4062,33.2756465326,126.2784252143,2025-05-12,I,2026-05-15 18:45:39,2026-05-13 10:41:01
6520000,202665200000800127,제주특별자치도 서귀포시 안전총괄과,제주특별자치도 서귀포시 남원읍 신례천로 124,제주특별자치도 서귀포시 남원읍 신례리 1223,재난재해,1,,시설 외부 360도,30,,064-760-3283,33.29311366,126.6253166,2025-05-12,I,2026-05-15 18:45:39,2026-05-13 10:40:59
6520000,202665200000800137,제주특별자치도 서귀포시 안전총괄과,제주특별자치도 서귀포시 대정읍 하모항구로 40,제주특별자치도 서귀포시 대정읍 하모리 770-31,재난재해,1,,시설 외부 360도,30,,064-760-3283,33.2175424806,126.2497973289,2025-05-12,I,2026-05-15 18:45:39,2026-05-13 10:40:59
6520000,202665200000800072,제주특별자치도 서귀포시 서귀포공립미술관,제주특별자치도 서귀포시 소암로 15,제주특별자치도 서귀포시 서귀동 157-1,시설물관리,20,,시설 내외부(전방),30,,064-760-3513,33.2451236,126.5674212,2025-05-12,I,2026-05-15 18:45:39,2026-05-13 10:40:59
6520000,202665200000800168,제주특별자치도 서귀포시 안전총괄과,,제주특별자치도 서귀포시 안덕면 감산리 982-3,재난재해,1,,시설 외부 360도,30,,064-760-3283,33.2370953072,126.3614016946,2025-05-12,I,2026-05-15 18:45:39,2026-05-13 10:40:59
6520000,202665200000800160,제주특별자치도 서귀포시 안전총괄과,,제주특별자치도 서귀포시 색달동 3381-8,재난재해,1,,시설 외부 360도,30,,064-760-3283,33.2452627746,126.4181880364,2025-05-12,I,2026-05-15 18:45:39,2026-05-13 10:40:59
6520000,202665200000800395,제주특별자치도 서귀포시 성산읍,,제주특별자치도 서귀포시 성산읍 신산리 1026-2,생활방범,5,,신산리 1026-2 카메라주변,30,,064-760-4271,33.3825486007,126.8770324856,2025-05-12,I,2026-05-15 18:45:39,2026-05-13 10:41:01
6520000,202665200000800273,제주특별자치도 서귀포시 서부보건소,제주특별자치도 서귀포시 대정읍 가파로67번길 30,제주특별자치도 서귀포시 대정읍 가파리 83-1,시설물관리,3,,반경 10m,30,,064-760-6212,33.16803291,126.2717085,2025-05-12,I,2026-05-15 18:45:39,2026-05-13 10:41:00
6520000,202665200000800082,제주특별자치도 서귀포시 해양수산과,제주특별자치도 서귀포시 남성중로 39,제주특별자치도 서귀포시 서홍동 705-5,시설물관리,8,,서귀포시 서홍동 705-5 등 서귀포항 일원,30,,064-760-2754,33.2407833479,126.5591335904,2025-05-12,I,2026-05-15 18:45:39,2026-05-13 10:40:59
6520000,202665200000800431,제주특별자치도 서귀포시 안덕면,제주특별자치도 서귀포시 안덕면 화순서동로 389-12,제주특별자치도 서귀포시 안덕면 서광리 74-1,시설물관리,2,,반경10m,30,,064-760-4366,33.28527131,126.3302541,2025-05-12,I,2026-05-15 18:45:39,2026-05-13 10:41:01
6520000,202665200000800439,제주특별자치도 서귀포시 안덕면,,제주특별자치도 서귀포시 안덕면 상창리 650-6,시설물관리,2,,반경10m,30,,064-760-4366,33.2720236765,126.3654969907,2025-05-12,I,2026-05-15 18:45:39,2026-05-13 10:41:01
6520000,202665200000800465,제주특별자치도 서귀포시 안덕면,,제주특별자치도 서귀포시 안덕면 서광리 2024,시설물관리,2,,반경10m,30,,064-760-4363,33.2855401406,126.2956613936,2025-05-12,I,2026-05-15 18:45:39,2026-05-13 10:41:02
6520000,202665200000800002,제주특별자치도 서귀포시 종합민원실,제주특별자치도 서귀포시 중앙로 105,제주특별자치도 서귀포시 서홍동 440-1,생활방범,1,,"반경10m(정면, 좌우)",30,,064-760-2102,33.25420363,126.5602182,2025-05-12,I,2026-05-15 18:45:39,2026-05-13 10:40:58
6520000,202665200000800472,제주특별자치도 서귀포시 안덕면,,제주특별자치도 서귀포시 안덕면 상창리 1575,시설물관리,3,,반경10m,30,,064-760-4363,33.2638862413,126.3525633098,2025-05-12,I,2026-05-15 18:45:39,2026-05-13 10:41:02
6520000,202665200000800512,제주특별자치도 서귀포시 표선면,제주특별자치도 서귀포시 표선면 세화강왓로 17,제주특별자치도 서귀포시 표선면 세화리 2404-1,시설물관리,6,,반경10M,30,,064-760-4462,33.3215668597,126.7909077953,2025-05-12,I,2026-05-15 18:45:39,2026-05-13 10:41:02
6520000,202665200000800316,제주특별자치도 서귀포시 대정읍,제주특별자치도 서귀포시 대정읍 영락하동로 9-6,제주특별자치도 서귀포시 대정읍 영락리 2169,시설물관리,4,,영락리2169,30,,064-760-4062,33.25639645,126.2099545,2025-05-12,I,2026-05-15 18:45:39,2026-05-13 10:41:00
6520000,202665200000800257,제주특별자치도 서귀포시 동부보건소,제주특별자치도 서귀포시 남원읍 남한로420번길 13,제주특별자치도 서귀포시 남원읍 한남리 334-7,시설물관리,4,,한남보건진료소 외부 청사,30,,064-760-6115,33.3116445222,126.6975587045,2025-05-12,I,2026-05-15 18:45:39,2026-05-13 10:41:00
6520000,202665200000800501,제주특별자치도 서귀포시 표선면,제주특별자치도 서귀포시 표선면 민속해안로 292,제주특별자치도 서귀포시 표선면 표선리 1311-6,시설물관리,2,,반경10M,30,,064-760-4462,33.3076604937,126.8295056049,2025-05-12,I,2026-05-15 18:45:39,2026-05-13 10:41:02
6520000,202665200000800509,제주특별자치도 서귀포시 표선면,제주특별자치도 서귀포시 표선면 일주동로5645번길 13-5,제주특별자치도 서귀포시 표선면 하천리 10,시설물관리,6,,반경10M,30,,064-760-4462,33.3400708468,126.846863107,2025-05-12,I,2026-05-15 18:45:39,2026-05-13 10:41:02
6520000,202665200000800558,제주특별자치도 서귀포시 천지동,,제주특별자치도 서귀포시 호근동 317-9,생활방범,1,,서귀포시 호근동 317-9,30,,064-760-4603,33.2447007943,126.5445014616,2025-05-12,I,2026-05-15 18:45:39,2026-05-13 10:41:02
6520000,202665200000800550,제주특별자치도 서귀포시 천지동,제주특별자치도 서귀포시 하논로67번길 32-2,제주특별자치도 서귀포시 서홍동 2577,시설물관리,2,,"서귀포시 서홍동 2577, 천지동영농폐기물집하장",30,,064-760-4603,33.25106988,126.5513705,2025-05-12,I,2026-05-15 18:45:39,2026-05-13 10:41:02
6520000,202665200000800397,제주특별자치도 서귀포시 성산읍,제주특별자치도 서귀포시 성산읍 신풍하동로19번길 2,제주특별자치도 서귀포시 성산읍 신풍리 819-4,생활방범,4,,신풍리 819-4 카메라주변,30,,064-760-4271,33.36191269,126.838719,2025-05-12,I,2026-05-15 18:45:39,2026-05-13 10:41:01
6520000,202665200000800591,제주특별자치도 서귀포시 영천동,제주특별자치도 서귀포시 상효로 135-1,제주특별자치도 서귀포시 상효동 876-1,생활방범,1,,360º 회전,30,,064-760-4651,33.27123452,126.5975465,2025-05-12,I,2026-05-15 18:45:39,2026-05-13 10:41:03
6520000,202665200000800599,제주특별자치도 서귀포시 동홍동,,제주특별자치도 서귀포시 동홍동 1380-8,시설물관리,2,,클린하우스 인근,30,,064-760-4693,33.2589882624,126.5609289052,2025-05-12,I,2026-05-15 18:45:39,2026-05-13 10:41:03
6520000,202665200000800014,제주특별자치도 서귀포시 노인복지과,제주특별자치도 서귀포시 태평로537번길 40-9,제주특별자치도 서귀포시 동홍동 646-1,시설물관리,9,,정면,30,,064-760-2382,33.25398806,126.570696,2025-05-12,I,2026-05-15 18:45:39,2026-05-13 10:40:58
6520000,202665200000800590,제주특별자치도 서귀포시 영천동,,제주특별자치도 서귀포시 토평동 1271,생활방범,1,,360º 회전,30,,064-760-4651,33.2673311987,126.5889436948,2025-05-12,I,2026-05-15 18:45:39,2026-05-13 10:41:03
6520000,202665200000800598,제주특별자치도 서귀포시 동홍동,,제주특별자치도 서귀포시 동홍동 1242-5,시설물관리,2,,클린하우스 인근,30,,064-760-4693,33.2621385437,126.5669867329,2025-05-12,I,2026-05-15 18:45:39,2026-05-13 10:41:03
6520000,202665200000800646,제주특별자치도 서귀포시 대륜동,제주특별자치도 서귀포시 서호로 75,제주특별자치도 서귀포시 서호동 644,시설물관리,2,,반경 5m,30,,064-760-4762,33.2596463822,126.5223526939,2025-05-12,I,2026-05-15 18:45:39,2026-05-13 10:41:04
6520000,202665200000800036,제주특별자치도 서귀포시 문화예술과,제주특별자치도 서귀포시 월드컵로 33,제주특별자치도 서귀포시 법환동 914,시설물관리,3,,생활문화플랫폼 내부,30,,064-760-2495,33.2462193733,126.5092753406,2025-05-12,I,2026-05-15 18:45:39,2026-05-13 10:40:58
6520000,202665200000800597,제주특별자치도 서귀포시 동홍동,제주특별자치도 서귀포시 동홍로162번길 25,제주특별자치도 서귀포시 동홍동 1209-1,시설물관리,2,,클린하우스 인근,30,,064-760-4693,33.26404204,126.5698902,2025-05-12,I,2026-05-15 18:45:39,2026-05-13 10:41:03
6520000,202665200000800314,제주특별자치도 서귀포시 대정읍,제주특별자치도 서귀포시 대정읍 일주서로2842번길 38,제주특별자치도 서귀포시 대정읍 일과리 930,시설물관리,2,,일과리 930,30,,064-760-4062,33.2438373,126.2331538,2025-05-12,I,2026-05-15 18:45:39,2026-05-13 10:41:00
6520000,202665200000800427,제주특별자치도 서귀포시 안덕면,,제주특별자치도 서귀포시 안덕면 서광리 2470,시설물관리,3,,반경10m,30,,064-760-4366,33.2816244229,126.3000724038,2025-05-12,I,2026-05-15 18:45:39,2026-05-13 10:41:01
6520000,202665200000800149,제주특별자치도 서귀포시 안전총괄과,,제주특별자치도 서귀포시 하원동 산 76-4,재난재해,1,,시설 외부 360도,30,,064-760-3283,33.290708857,126.4602136063,2025-05-12,I,2026-05-15 18:45:39,2026-05-13 10:40:59
6520000,202665200000800141,제주특별자치도 서귀포시 안전총괄과,제주특별자치도 서귀포시 보목포로 50,제주특별자치도 서귀포시 보목동 566-3,재난재해,1,,시설 외부 360도,30,,064-760-3283,33.2390842647,126.6072278251,2025-05-12,I,2026-05-15 18:45:39,2026-05-13 10:40:59
6520000,202665200000800386,제주특별자치도 서귀포시 성산읍,,제주특별자치도 서귀포시 성산읍 고성리 2143-1,시설물관리,1,,설치장소 주변,30,,064-760-4262,33.4473388237,126.8989002454,2025-05-12,I,2026-05-15 18:45:39,2026-05-13 10:41:01
6520000,202665200000800283,제주특별자치도 서귀포시 서부보건소,제주특별자치도 서귀포시 안덕면 대평감산로 19,제주특별자치도 서귀포시 안덕면 창천리 850-4,시설물관리,4,,반경 10m,30,,064-760-6212,33.23632306,126.3663143,2025-05-12,I,2026-05-15 18:45:39,2026-05-13 10:41:00
6520000,202665200000800644,제주특별자치도 서귀포시 대륜동,제주특별자치도 서귀포시 신월동로 29,제주특별자치도 서귀포시 강정동 101-3,시설물관리,2,,반경 5m,30,,064-760-4762,33.2634169196,126.5081133612,2025-05-12,I,2026-05-15 18:45:39,2026-05-13 10:41:04
6520000,202665200000800053,제주특별자치도 서귀포시 체육진흥과,,제주특별자치도 서귀포시 남원읍 신례리 334,시설물관리,21,,시설 내 외부,30,,064-760-3626,33.2753140697,126.6417638325,2025-05-12,I,2026-05-15 18:45:39,2026-05-13 10:40:59
6520000,202665200000800106,제주특별자치도 서귀포시 산림휴양관리소,제주특별자치도 서귀포시 산록남로 2271,제주특별자치도 서귀포시 호근동 산 1,시설물관리,20,,반경 10M,30,,064-760-3776,33.29193862,126.5279023,2025-05-12,I,2026-05-15 18:45:39,2026-05-13 10:40:59
6520000,202665200000800362,제주특별자치도 서귀포시 성산읍,제주특별자치도 서귀포시 성산읍 서성일로1222번길 36,제주특별자치도 서귀포시 성산읍 고성리 1040-1,시설물관리,3,,클린하우스 주변,30,,064-760-4262,33.44483911,126.9120221,2025-05-12,I,2026-05-15 18:45:39,2026-05-13 10:41:01
6520000,202665200000800073,제주특별자치도 서귀포시 서귀포공립미술관,제주특별자치도 서귀포시 이중섭로 33,제주특별자치도 서귀포시 서귀동 514,시설물관리,12,,시설 내외부(전방),31,,064-760-3514,33.24515928,126.5644705,2025-05-12,I,2026-05-15 18:45:39,2026-05-13 10:40:59
6520000,202665200000800470,제주특별자치도 서귀포시 안덕면,,제주특별자치도 서귀포시 안덕면 창천리 141,시설물관리,3,,반경10m,30,,064-760-4363,33.2669319541,126.3720075515,2025-05-12,I,2026-05-15 18:45:39,2026-05-13 10:41:02
6520000,202665200000800478,제주특별자치도 서귀포시 표선면,제주특별자치도 서귀포시 표선면 성읍이리로 52,제주특별자치도 서귀포시 표선면 성읍리 2901,시설물관리,2,,반경10M,30,,064-760-4462,33.41328017,126.7719811,2025-05-12,I,2026-05-15 18:45:39,2026-05-13 10:41:02
6520000,202665200000800276,제주특별자치도 서귀포시 서부보건소,제주특별자치도 서귀포시 대정읍 중산간서로 2600,제주특별자치도 서귀포시 대정읍 신평리 369-8,시설물관리,4,,반경 10m,30,,064-760-6212,33.26596056,126.259353,2025-05-12,I,2026-05-15 18:45:39,2026-05-13 10:41:00
6520000,202665200000800627,제주특별자치도 서귀포시 서홍동,제주특별자치도 서귀포시 중앙로101번길 52,제주특별자치도 서귀포시 서홍동 447-3,시설물관리,2,,클린하우스 인근,30,,064-760-4748,33.25348127,126.5553573,2025-05-12,I,2026-05-15 18:45:39,2026-05-13 10:41:04
6520000,202665200000800446,제주특별자치도 서귀포시 안덕면,제주특별자치도 서귀포시 안덕면 대평감산로 43,제주특별자치도 서귀포시 안덕면 창천리 930-4,시설물관리,2,,반경10m,30,,064-760-4366,33.2383350309,126.3658899385,2025-05-12,I,2026-05-15 18:45:39,2026-05-13 10:41:01
6520000,202665200000800364,제주특별자치도 서귀포시 성산읍,,제주특별자치도 서귀포시 성산읍 고성리 1144-3,시설물관리,4,,클린하우스 주변,30,,064-760-4262,33.4514117497,126.9099931242,2025-05-12,I,2026-05-15 18:45:39,2026-05-13 10:41:01
6520000,202665200000800549,제주특별자치도 서귀포시 천지동,제주특별자치도 서귀포시 서문로 14,제주특별자치도 서귀포시 서귀동 300-19,시설물관리,3,,"서귀포시 서귀동 300-19, 재활용도움센터 내외",30,,064-760-4603,33.25155179,126.5596938,2025-05-12,I,2026-05-15 18:45:39,2026-05-13 10:41:02
6520000,202665200000800541,제주특별자치도 서귀포시 중앙동,제주특별자치도 서귀포시 중앙로 50,제주특별자치도 서귀포시 서귀동 291-40,시설물관리,1,,재활용도움센터 내부,30,,064-760-4565,33.2490811536,126.5617887898,2025-05-12,I,2026-05-15 18:45:39,2026-05-13 10:41:02
6520000,202665200000800133,제주특별자치도 서귀포시 안전총괄과,,제주특별자치도 서귀포시 표선면 성읍리 483-7,재난재해,1,,시설 외부 360도,30,,064-760-3283,33.3954288401,126.8018297869,2025-05-12,I,2026-05-15 18:45:39,2026-05-13 10:40:59
6520000,202665200000800116,제주특별자치도 서귀포시 안전총괄과,제주특별자치도 서귀포시 중산간서로 363,제주특별자치도 서귀포시 도순동 1135,재난재해,1,,시설 외부 360도,30,,064-760-3283,33.2588145396,126.4738338379,2025-05-12,I,2026-05-15 18:45:39,2026-05-13 10:40:59
6520000,202665200000800401,제주특별자치도 서귀포시 성산읍,,제주특별자치도 서귀포시 성산읍 온평리 863-9,생활방범,5,,온평리 863-9 카메라주변,30,,064-760-4271,33.4065836483,126.9019742803,2025-05-12,I,2026-05-15 18:45:39,2026-05-13 10:41:01
6520000,202665200000800409,제주특별자치도 서귀포시 안덕면,제주특별자치도 서귀포시 안덕면 화순서서로 74,제주특별자치도 서귀포시 안덕면 화순리 1961-1,시설물관리,1,,반경10m,30,,064-760-4354,33.25758153,126.3306244,2025-05-12,I,2026-05-15 18:45:39,2026-05-13 10:41:01
6520000,202665200000800220,제주특별자치도 서귀포시 교통행정과,제주특별자치도 서귀포시 태평로431번길 23,제주특별자치도 서귀포시 서귀동 403-6,시설물관리,44,,"서귀포시 서귀동 403-6
(정방동공영주차장)",30,,064-760-3138,33.2477154794,126.5657547317,2025-05-12,I,2026-05-15 18:45:39,2026-05-13 10:41:00
6520000,202665200000800228,제주특별자치도 서귀포시 교통행정과,,제주특별자치도 서귀포시 성산읍 고성리 327-1,시설물관리,8,,"고성리 327-1 외 1필지, 성산고성 공영노외1주차장",30,,064-760-3138,33.44855946,126.9166393065,2025-05-12,I,2026-05-15 18:45:39,2026-05-13 10:41:00
6520000,202665200000800227,제주특별자치도 서귀포시 교통행정과,,제주특별자치도 서귀포시 남원읍 남원리 141,시설물관리,18,,"남원리 141, 남원 중앙동 공영주차장",30,,064-760-3138,33.27888735,126.716855,2025-05-12,I,2026-05-15 18:45:39,2026-05-13 10:41:00
6520000,202665200000800214,제주특별자치도 서귀포시 도시과,제주특별자치도 서귀포시 서호남로 19-16,제주특별자치도 서귀포시 서호동 1604,시설물관리,20,,시설전반,30,,064-760-2978,33.2511597671,126.5154807759,2025-05-12,I,2026-05-15 18:45:39,2026-05-13 10:41:00
6520000,202665200000800193,제주특별자치도 서귀포시 안전총괄과,,제주특별자치도 서귀포시 표선면 하천리 1700,재난재해,1,,시설 외부 360도,30,,064-760-3283,33.3420907087,126.8227527572,2025-05-12,I,2026-05-15 18:45:39,2026-05-13 10:41:00
6520000,202665200000800197,제주특별자치도 서귀포시 안전총괄과,,제주특별자치도 서귀포시 표선면 표선리 1922-2,재난재해,1,,시설 외부 360도,30,,064-760-3154,33.3406589847,126.8241269434,2025-05-12,I,2026-05-15 18:45:39,2026-05-13 10:41:00
6520000,202665200000800553,제주특별자치도 서귀포시 천지동,제주특별자치도 서귀포시 서문로29번길 10,제주특별자치도 서귀포시 서귀동 321-10,시설물관리,4,,"서귀포시 서귀동 321-10, 평생학습관 후문 쪽 클린하우스",30,,064-760-4603,33.24930428,126.5585438,2025-05-12,I,2026-05-15 18:45:39,2026-05-13 10:41:02
6520000,202665200000800109,제주특별자치도 서귀포시 산림휴양관리소,제주특별자치도 서귀포시 표선면 남조로 1487-73,제주특별자치도 서귀포시 표선면 가시리 산 158,시설물관리,10,,반경 2M,30,,064-760-3552,33.40142876,126.6756706,2025-05-12,I,2026-05-15 18:45:39,2026-05-13 10:40:59
6520000,202665200000800484,제주특별자치도 서귀포시 표선면,,제주특별자치도 서귀포시 표선면 세화리 209-3,시설물관리,2,,반경10M,30,,064-760-4462,33.3041518281,126.8031072368,2025-05-12,I,2026-05-15 18:45:39,2026-05-13 10:41:02
6520000,202665200000800101,제주특별자치도 서귀포시 생활환경과,제주특별자치도 서귀포시 산록남로1241번길 145,제주특별자치도 서귀포시 색달동 산 8-2,시설물관리,9,,정면,30,,064-760-3853,33.3069474346,126.4189701447,2025-05-12,I,2026-05-15 18:45:39,2026-05-13 10:40:59
6520000,202665200000800121,제주특별자치도 서귀포시 안전총괄과,,제주특별자치도 서귀포시 상효동 1627-578,재난재해,1,,시설 외부 360도,30,,064-760-3283,33.3086444322,126.5597858498,2025-05-12,I,2026-05-15 18:45:39,2026-05-13 10:40:59
6520000,202665200000800129,제주특별자치도 서귀포시 안전총괄과,제주특별자치도 서귀포시 남원읍 한신로 29-16,제주특별자치도 서귀포시 남원읍 한남리 277,재난재해,1,,시설 외부 360도,30,,064-760-3283,33.31383385,126.6959335,2025-05-12,I,2026-05-15 18:45:39,2026-05-13 10:40:59
6520000,202665200000800647,제주특별자치도 서귀포시 대륜동,,제주특별자치도 서귀포시 서호동 794-4,시설물관리,3,,반경 5m,30,,064-760-4762,33.257208412,126.5212721129,2025-05-12,I,2026-05-15 18:45:39,2026-05-13 10:41:04
6520000,202665200000800105,제주특별자치도 서귀포시 공원녹지과,제주특별자치도 서귀포시 1100로 1555,제주특별자치도 서귀포시 색달동 산 1-3,시설물관리,6,,전방,30,,064-760-3395,33.3578491474,126.4624244824,2025-05-12,I,2026-05-15 18:45:39,2026-05-13 10:40:59
6520000,202665200000800320,제주특별자치도 서귀포시 대정읍,,제주특별자치도 서귀포시 대정읍 신도리 2692-14,시설물관리,5,,신도리 2692-14,30,,064-760-4062,33.2805203872,126.1748966287,2025-05-12,I,2026-05-15 18:45:39,2026-05-13 10:41:01
6520000,202665200000800328,제주특별자치도 서귀포시 대정읍,,제주특별자치도 서귀포시 대정읍 보성리 2403,시설물관리,2,,보성리 2403 씨유옆,30,,064-760-4062,33.2908807919,126.2823797571,2025-05-12,I,2026-05-15 18:45:39,2026-05-13 10:41:01
6520000,202665200000800474,제주특별자치도 서귀포시 표선면,제주특별자치도 서귀포시 표선면 표선백사로 63,제주특별자치도 서귀포시 표선면 표선리 966-3,시설물관리,5,,반경10M,30,,064-760-4462,33.32187522,126.8334227,2025-05-12,I,2026-05-15 18:45:39,2026-05-13 10:41:02
6520000,202665200000800584,제주특별자치도 서귀포시 효돈동,,제주특별자치도 서귀포시 하효동 538,시설물관리,2,,반경5m,30,,064-760-4642,33.2585231282,126.6223056742,2025-05-12,I,2026-05-15 18:45:39,2026-05-13 10:41:03
6520000,202665200000800637,제주특별자치도 서귀포시 대륜동,제주특별자치도 서귀포시 중산간동로 8290-4,제주특별자치도 서귀포시 호근동 2142,시설물관리,3,,반경 5m,30,,064-760-4762,33.26171142,126.5312,2025-05-12,I,2026-05-15 18:45:39,2026-05-13 10:41:04
6520000,202665200000800043,제주특별자치도 서귀포시 체육진흥과,제주특별자치도 서귀포시 중앙로 140,제주특별자치도 서귀포시 동홍동 1460-6,시설물관리,4,,시설 내 외부,30,,064-760-3626,33.257017252,126.5631080147,2025-05-12,I,2026-05-15 18:45:39,2026-05-13 10:40:58
6520000,202665200000800110,제주특별자치도 서귀포시 안전총괄과,,제주특별자치도 서귀포시 안덕면 상천리 산 99-4,재난재해,1,,시설 외부 360도,30,,064-760-3283,33.3268408688,126.3811353956,2025-05-12,I,2026-05-15 18:45:39,2026-05-13 10:40:59
6520000,202665200000800118,제주특별자치도 서귀포시 안전총괄과,제주특별자치도 서귀포시 일주서로 184,제주특별자치도 서귀포시 강정동 3313-5,재난재해,1,,시설 외부 360도,30,,064-760-3283,33.250732656,126.4883138348,2025-05-12,I,2026-05-15 18:45:39,2026-05-13 10:40:59
6520000,202665200000800366,제주특별자치도 서귀포시 성산읍,,제주특별자치도 서귀포시 성산읍 고성리 1188-2,시설물관리,3,,클린하우스 주변,30,,064-760-4262,33.4518623236,126.9128147254,2025-05-12,I,2026-05-15 18:45:39,2026-05-13 10:41:01
6520000,202665200000800042,제주특별자치도 서귀포시 체육진흥과,,제주특별자치도 서귀포시 강정동 1353,시설물관리,6,,시설 내 외부,30,,064-760-3626,33.2573164886,126.4996856713,2025-05-12,I,2026-05-15 18:45:39,2026-05-13 10:40:58
6520000,202665200000800592,제주특별자치도 서귀포시 동홍동,제주특별자치도 서귀포시 동홍로 104,제주특별자치도 서귀포시 동홍동 577,시설물관리,17,,반경 20M(정면),30,,064-760-4684,33.2578531473,126.5689193859,2025-05-12,I,2026-05-15 18:45:39,2026-05-13 10:41:03
6520000,202665200000800176,제주특별자치도 서귀포시 안전총괄과,,제주특별자치도 서귀포시 동홍동 2142-14,재난재해,1,,시설 외부 360도,30,,064-760-3283,33.2921255888,126.5570092494,2025-05-12,I,2026-05-15 18:45:39,2026-05-13 10:40:59
6520000,202665200000800312,제주특별자치도 서귀포시 대정읍,제주특별자치도 서귀포시 대정읍 서림로 6,제주특별자치도 서귀포시 대정읍 일과리 1516-3,시설물관리,6,,서림로 6,30,,064-760-4062,33.2460626846,126.2233450416,2025-05-12,I,2026-05-15 18:45:39,2026-05-13 10:41:00
6520000,202665200000800623,제주특별자치도 서귀포시 서홍동,,제주특별자치도 서귀포시 서홍동 298-1,시설물관리,2,,클린하우스 인근,30,,064-760-4748,33.2615617619,126.5559095193,2025-05-12,I,2026-05-15 18:45:39,2026-05-13 10:41:04
6520000,202665200000800367,제주특별자치도 서귀포시 성산읍,,제주특별자치도 서귀포시 성산읍 고성리 302-4,시설물관리,2,,클린하우스 주변,30,,064-760-4262,33.4508612067,126.916350446,2025-05-12,I,2026-05-15 18:45:39,2026-05-13 10:41:01
6520000,202665200000800649,제주특별자치도 서귀포시 대륜동,제주특별자치도 서귀포시 서호중앙로 63,제주특별자치도 서귀포시 서호동 1530,시설물관리,3,,반경 5m,30,,064-760-4762,33.25366924,126.5186144,2025-05-12,I,2026-05-15 18:45:39,2026-05-13 10:41:04
6520000,202665200000800641,제주특별자치도 서귀포시 대륜동,,제주특별자치도 서귀포시 법환동 284,시설물관리,4,,반경 5m,30,,064-760-4762,33.2375193085,126.5153641388,2025-05-12,I,2026-05-15 18:45:39,2026-05-13 10:41:04
6520000,202665200000800031,제주특별자치도 서귀포시 여성가족과,제주특별자치도 서귀포시 신중로 55,제주특별자치도 서귀포시 법환동 731,생활방범,1,,아동보호팀 상담실,90,,064-760-6458,33.25558176,126.5105274,2025-05-12,I,2026-05-15 18:45:39,2026-05-13 10:40:58
6520000,202665200000800039,제주특별자치도 서귀포시 체육진흥과,,제주특별자치도 서귀포시 중문동 1921-2,시설물관리,33,,시설 내 외부,30,,064-760-3626,33.2511507761,126.4324001964,2025-05-12,I,2026-05-15 18:45:39,2026-05-13 10:40:58
6520000,202665200000800432,제주특별자치도 서귀포시 안덕면,제주특별자치도 서귀포시 안덕면 중산간서로 1833,제주특별자치도 서귀포시 안덕면 서광리 340-1,시설물관리,3,,반경10m,30,,064-760-4366,33.28722199,126.3265409,2025-05-12,I,2026-05-15 18:45:39,2026-05-13 10:41:01
6520000,202665200000800225,제주특별자치도 서귀포시 교통행정과,,제주특별자치도 서귀포시 대정읍 하모리 861,시설물관리,12,,"하모리 860-7,861, 대정하모 공영노외4주차장",30,,064-760-3138,33.2233656738,126.2538151378,2025-05-12,I,2026-05-15 18:45:39,2026-05-13 10:41:00
6520000,202665200000800505,제주특별자치도 서귀포시 표선면,제주특별자치도 서귀포시 표선면 가마병풍로 29,제주특별자치도 서귀포시 표선면 세화리 273-2,시설물관리,7,,반경10M,30,,064-760-4462,33.3086984934,126.8038563423,2025-05-12,I,2026-05-15 18:45:39,2026-05-13 10:41:02
6520000,202665200000800351,제주특별자치도 서귀포시 성산읍,제주특별자치도 서귀포시 성산읍 신산중앙로18번길 38,제주특별자치도 서귀포시 성산읍 신산리 1087,시설물관리,2,,영농폐기물집하장 주변,30,,064-760-4262,33.3774601269,126.874775192,2025-05-12,I,2026-05-15 18:45:39,2026-05-13 10:41:01
6520000,202665200000800359,제주특별자치도 서귀포시 성산읍,제주특별자치도 서귀포시 성산읍 고성중앙로 65-4,제주특별자치도 서귀포시 성산읍 고성리 1138-1,시설물관리,3,,클린하우스 주변,30,,064-760-4262,33.4752072856,126.8973305204,2025-05-12,I,2026-05-15 18:45:39,2026-05-13 10:41:01
6520000,202665200000800532,제주특별자치도 서귀포시 정방동,제주특별자치도 서귀포시 태평로431번길 23,제주특별자치도 서귀포시 서귀동 403-6,쓰레기단속,2,,서귀동403-4 (정방동공영주차장 클린하우스) 클린하우스 앞 정면 5m,30,,064-760-4536,33.2477154794,126.5657547317,2025-05-12,I,2026-05-15 18:45:39,2026-05-13 10:41:02
6520000,202665200000800280,제주특별자치도 서귀포시 서부보건소,제주특별자치도 서귀포시 안덕면 중산간서로 1811,제주특별자치도 서귀포시 안덕면 서광리 274-17,시설물관리,4,,반경 10m,30,,064-760-6212,33.2866537053,126.3288916775,2025-05-12,I,2026-05-15 18:45:39,2026-05-13 10:41:00
6520000,202665200000800288,제주특별자치도 서귀포시 대정읍,,제주특별자치도 서귀포시 대정읍 신도리 668-3,시설물관리,2,,영농폐기물 집하장 주변,30,,064-760-4068,33.2820638489,126.2027760524,2025-05-12,I,2026-05-15 18:45:39,2026-05-13 10:41:00
6520000,202665200000800413,제주특별자치도 서귀포시 안덕면,제주특별자치도 서귀포시 안덕면 화순로 109,제주특별자치도 서귀포시 안덕면 화순리 1069-5,시설물관리,3,,반경10m,30,,064-760-4366,33.24631232,126.3346395,2025-05-12,I,2026-05-15 18:45:39,2026-05-13 10:41:01
6520000,202665200000800657,제주특별자치도 서귀포시 중문동,,제주특별자치도 서귀포시 중문동 1452,생활방범,4,,중문동 1452번지 일원,30,,064-760-4837,33.2576177109,126.4252601633,2025-05-12,I,2026-05-15 18:45:39,2026-05-13 10:41:04
6520000,202665200000800384,제주특별자치도 서귀포시 성산읍,,제주특별자치도 서귀포시 성산읍 오조리 9-1,시설물관리,2,,클린하우스 주변,30,,064-760-4262,33.4693368551,126.9209547891,2025-05-12,I,2026-05-15 18:45:39,2026-05-13 10:41:01
6520000,202665200000800342,제주특별자치도 서귀포시 성산읍,제주특별자치도 서귀포시 성산읍 신고로 28,제주특별자치도 서귀포시 성산읍 고성리 526,시설물관리,6,,재활용도움센터 내외부,30,,064-760-4263,33.43851848,126.9174461853,2025-05-12,I,2026-05-15 18:45:39,2026-05-13 10:41:01
6520000,202665200000800679,제주특별자치도 서귀포시 중문동,,제주특별자치도 서귀포시 회수동 982,생활방범,2,,회수동 982번지 일원,30,,064-760-4837,33.2668078319,126.4466700093,2025-05-12,I,2026-05-15 18:45:39,2026-05-13 10:41:10
6520000,202665200000800671,제주특별자치도 서귀포시 중문동,,제주특별자치도 서귀포시 하원동 1276,생활방범,3,,하원동 1276번지 일원,30,,064-760-4837,33.2574071537,126.4576879364,2025-05-12,I,2026-05-15 18:45:39,2026-05-13 10:41:10
6520000,202665200000800543,제주특별자치도 서귀포시 중앙동,,제주특별자치도 서귀포시 서귀동 250-8,시설물관리,1,,반경 30m,30,,064-760-4565,33.2489594832,126.5698209909,2025-05-12,I,2026-05-15 18:45:39,2026-05-13 10:41:02
6520000,202665200000800456,제주특별자치도 서귀포시 안덕면,제주특별자치도 서귀포시 안덕면 광평로 41,제주특별자치도 서귀포시 안덕면 광평리 195-2,시설물관리,2,,반경10m,30,,064-760-4366,33.32958733,126.3812427,2025-05-12,I,2026-05-15 18:45:39,2026-05-13 10:41:02
6520000,202665200000800323,제주특별자치도 서귀포시 대정읍,,제주특별자치도 서귀포시 대정읍 안성리 1696,시설물관리,6,,안성리 1696,30,,064-760-4062,33.2529269729,126.280884541,2025-05-12,I,2026-05-15 18:45:39,2026-05-13 10:41:01
6520000,202665200000800554,제주특별자치도 서귀포시 천지동,,제주특별자치도 서귀포시 서홍동 2575,시설물관리,4,,"서귀포시 서홍동 2575, 한성전기 맞은편 클린하우스",30,,064-760-4603,33.2505877734,126.55388201,2025-05-12,I,2026-05-15 18:45:39,2026-05-13 10:41:02
6520000,202665200000800336,제주특별자치도 서귀포시 성산읍,제주특별자치도 서귀포시 성산읍 온평포구로62번길 13,제주특별자치도 서귀포시 성산읍 온평리 1107-6,시설물관리,11,,재활용도움센터 내외부,30,,064-760-4263,33.40134616,126.9028025,2025-05-12,I,2026-05-15 18:45:39,2026-05-13 10:41:01
6520000,202665200000800172,제주특별자치도 서귀포시 안전총괄과,,제주특별자치도 서귀포시 성산읍 신풍리 1694-1,재난재해,1,,시설 외부 360도,30,,064-760-3283,33.3840224535,126.8040725885,2025-05-12,I,2026-05-15 18:45:39,2026-05-13 10:40:59
6520000,202665200000800380,제주특별자치도 서귀포시 성산읍,,제주특별자치도 서귀포시 성산읍 오조리 61-26,시설물관리,3,,클린하우스 주변,30,,064-760-4262,33.4534485482,126.9143637937,2025-05-12,I,2026-05-15 18:45:39,2026-05-13 10:41:01
6520000,202665200000800388,제주특별자치도 서귀포시 성산읍,,제주특별자치도 서귀포시 성산읍 삼달리 11-1,생활방범,5,,삼달리 11-1 카메라주변,30,,064-760-4271,33.366482775,126.866552527,2025-05-12,I,2026-05-15 18:45:39,2026-05-13 10:41:01
6520000,202665200000800010,제주특별자치도 서귀포시 장애인복지과,제주특별자치도 서귀포시 칠십리로72번길 9,제주특별자치도 서귀포시 서귀동 783-15,시설물관리,18,,시설 전반,30,,064-760-4964,33.23976829,126.5645589,2025-05-12,I,2026-05-15 18:45:39,2026-05-13 10:40:58
6520000,202665200000800018,제주특별자치도 서귀포시 여성가족과,제주특별자치도 서귀포시 대정읍 동일하모로149번길 21-8,제주특별자치도 서귀포시 대정읍 하모리 1268-1,시설물관리,13,,시설전반,30,,064-760-6423,33.2278859251,126.247729105,2025-05-12,I,2026-05-15 18:45:39,2026-05-13 10:40:58
6520000,202665200000800034,제주특별자치도 서귀포시 문화예술과,제주특별자치도 서귀포시 칠십리로 156-8,제주특별자치도 서귀포시 서귀동 100-2,시설물관리,11,,서복전시관 내·외부,30,,064-760-2495,33.24480923,126.5706571,2025-05-12,I,2026-05-15 18:45:39,2026-05-13 10:40:58
6520000,202665200000800145,제주특별자치도 서귀포시 안전총괄과,제주특별자치도 서귀포시 성산읍 환해장성로 208,제주특별자치도 서귀포시 성산읍 신산리 565-7,재난재해,1,,시설 외부 360도,30,,064-760-3283,33.38595131,126.8882659,2025-05-12,I,2026-05-15 18:45:39,2026-05-13 10:40:59
6520000,202665200000800166,제주특별자치도 서귀포시 안전총괄과,,제주특별자치도 서귀포시 호근동 1628,재난재해,1,,시설 외부 360도,30,,064-760-3283,33.2407866555,126.5264792094,2025-05-12,I,2026-05-15 18:45:39,2026-05-13 10:40:59
6520000,202665200000800444,제주특별자치도 서귀포시 안덕면,,제주특별자치도 서귀포시 안덕면 창천리 252-1,시설물관리,2,,반경10m,30,,064-760-4366,33.2648400678,126.3652024182,2025-05-12,I,2026-05-15 18:45:39,2026-05-13 10:41:01
6520000,202665200000800202,제주특별자치도 서귀포시 안전총괄과,,제주특별자치도 서귀포시 하예동 1825,재난재해,1,,소하천 제외지,30,,064-760-3924,33.2344125306,126.3684006759,2025-05-12,I,2026-05-15 18:45:39,2026-05-13 10:41:00
6520000,202665200000800479,제주특별자치도 서귀포시 표선면,제주특별자치도 서귀포시 표선면 성읍이리로 89,제주특별자치도 서귀포시 표선면 성읍리 2888,시설물관리,2,,반경10M,30,,064-760-4462,33.41118034,126.7747581,2025-05-12,I,2026-05-15 18:45:39,2026-05-13 10:41:02
6520000,202665200000800471,제주특별자치도 서귀포시 안덕면,,제주특별자치도 서귀포시 안덕면 창천리 979-2,시설물관리,2,,반경10m,30,,064-760-4363,33.2416743233,126.3640422989,2025-05-12,I,2026-05-15 18:45:39,2026-05-13 10:41:02
6520000,202665200000800177,제주특별자치도 서귀포시 안전총괄과,,제주특별자치도 서귀포시 남원읍 수망리 산 210,재난재해,1,,시설 외부 360도,30,,064-760-3283,33.345863261,126.69997534,2025-05-12,I,2026-05-15 18:45:39,2026-05-13 10:40:59
6520000,202665200000800234,제주특별자치도 서귀포시 교통행정과,,제주특별자치도 서귀포시 서홍동 397-4,시설물관리,5,,"서홍동 397-4, 서홍 공영노외1주차장",30,,064-760-3138,33.2563076687,126.5593513181,2025-05-12,I,2026-05-15 18:45:39,2026-05-13 10:41:00
6520000,202665200000800433,제주특별자치도 서귀포시 안덕면,,제주특별자치도 서귀포시 안덕면 서광리 212-6,시설물관리,2,,반경10m,30,,064-760-4366,33.2852919922,126.3278907547,2025-05-12,I,2026-05-15 18:45:39,2026-05-13 10:41:01
6520000,202665200000800086,제주특별자치도 서귀포시 해양수산과,,제주특별자치도 서귀포시 중문동 2658-1,시설물관리,4,,서귀포시 중문동 2658-1 등 중문성천포구 일원,30,,064-760-2754,33.2435047095,126.4197779397,2025-05-12,I,2026-05-15 18:45:39,2026-05-13 10:40:59
6520000,202665200000800097,제주특별자치도 서귀포시 기후환경과,제주특별자치도 서귀포시 남원읍 하례로 393-1,제주특별자치도 서귀포시 남원읍 하례리 산 124,시설물관리,18,,센터 내부 및 주차장 일대,30,,064-760-2914,33.2820608949,126.6212151681,2025-05-12,I,2026-05-15 18:45:39,2026-05-13 10:40:59
6520000,202665200000800295,제주특별자치도 서귀포시 대정읍,제주특별자치도 서귀포시 대정읍 영서중로 64,제주특별자치도 서귀포시 대정읍 상모리 4165,시설물관리,6,,영서중로 64,30,,064-760-4062,33.22552946,126.2615879,2025-05-12,I,2026-05-15 18:45:39,2026-05-13 10:41:00
6520000,202665200000800664,제주특별자치도 서귀포시 중문동,제주특별자치도 서귀포시 대포중앙로 47,제주특별자치도 서귀포시 대포동 778,생활방범,3,,대포동 778번지 일원,30,,064-760-4837,33.2468866297,126.43264216,2025-05-12,I,2026-05-15 18:45:39,2026-05-13 10:41:04
6520000,202665200000800252,제주특별자치도 서귀포시 보건행정과,제주특별자치도 서귀포시 천제연로 277,제주특별자치도 서귀포시 중문동 1864-1,시설물관리,9,,주차장 및 건물 내외부,30,,064-760-6061,33.2513887572,126.4346930314,2025-05-12,I,2026-05-15 18:45:39,2026-05-13 10:41:00
6520000,202665200000800013,제주특별자치도 서귀포시 장애인복지과,제주특별자치도 서귀포시 안덕면 화순서서로 326-7,제주특별자치도 서귀포시 안덕면 덕수리 1471,시설물관리,22,,"공간 전체, 생활영상",30,,064-760-4933,33.2749684027,126.3139308884,2025-05-12,I,2026-05-15 18:45:39,2026-05-13 10:40:58
6520000,202665200000800277,제주특별자치도 서귀포시 서부보건소,제주특별자치도 서귀포시 대정읍 중산간서로 2877,제주특별자치도 서귀포시 대정읍 무릉리 605-4,시설물관리,4,,반경 10m,30,,064-760-6212,33.27436924,126.2342074,2025-05-12,I,2026-05-15 18:45:39,2026-05-13 10:41:00
6520000,202665200000800582,제주특별자치도 서귀포시 효돈동,,제주특별자치도 서귀포시 하효동 255,시설물관리,2,,반경5m,30,,064-760-4642,33.2615604946,126.620814031,2025-05-12,I,2026-05-15 18:45:39,2026-05-13 10:41:03
6520000,202665200000800215,제주특별자치도 서귀포시 도시과,제주특별자치도 서귀포시 중산간동로 7757,제주특별자치도 서귀포시 토평동 1200,생활방범,8,,시설전반,30,,064-760-3022,33.2666195121,126.5875545461,2025-05-12,I,2026-05-15 18:45:39,2026-05-13 10:41:00
6520000,202665200000800586,제주특별자치도 서귀포시 효돈동,,제주특별자치도 서귀포시 하효동 1304-4,시설물관리,2,,반경5m,30,,064-760-4642,33.2496720581,126.619185535,2025-05-12,I,2026-05-15 18:45:39,2026-05-13 10:41:03
6520000,202665200000800156,제주특별자치도 서귀포시 안전총괄과,,제주특별자치도 서귀포시 성산읍 성산리 399-81,재난재해,1,,시설 외부 360도,30,,064-760-3283,33.4608644815,126.9340323318,2025-05-12,I,2026-05-15 18:45:39,2026-05-13 10:40:59
6520000,202665200000800566,제주특별자치도 서귀포시 효돈동,제주특별자치도 서귀포시 신효로 27,제주특별자치도 서귀포시 신효동 848-5,생활방범,1,,반경10m,30,,064-760-4621,33.26302215,126.6135312,2025-05-12,I,2026-05-15 18:45:39,2026-05-13 10:41:03
6520000,202665200000800483,제주특별자치도 서귀포시 표선면,제주특별자치도 서귀포시 표선면 토산중앙로49번길 11,제주특별자치도 서귀포시 표선면 토산리 485,시설물관리,2,,반경10M,30,,064-760-4462,33.3092429,126.7766781,2025-05-12,I,2026-05-15 18:45:39,2026-05-13 10:41:02
6520000,202665200000800608,제주특별자치도 서귀포시 동홍동,제주특별자치도 서귀포시 동홍중앙로 56,제주특별자치도 서귀포시 동홍동 470-1,시설물관리,2,,클린하우스 인근,30,,064-760-4693,33.25544842,126.5722643,2025-05-12,I,2026-05-15 18:45:39,2026-05-13 10:41:03
6520000,202665200000800414,제주특별자치도 서귀포시 안덕면,,제주특별자치도 서귀포시 안덕면 화순리 363-3,시설물관리,2,,반경10m,30,,064-760-4366,33.2436244005,126.3360972803,2025-05-12,I,2026-05-15 18:45:39,2026-05-13 10:41:01
6520000,202665200000800600,제주특별자치도 서귀포시 동홍동,,제주특별자치도 서귀포시 동홍동 1504-3,시설물관리,2,,클린하우스 인근,30,,064-760-4693,33.2542521155,126.5637321827,2025-05-12,I,2026-05-15 18:45:39,2026-05-13 10:41:03
6520000,202665200000800291,제주특별자치도 서귀포시 대정읍,제주특별자치도 서귀포시 대정읍 송악관광로411번길 3,제주특별자치도 서귀포시 대정읍 상모리 125-1,시설물관리,3,,상모리 125-1,30,,064-760-4062,33.20894118,126.2903328,2025-05-12,I,2026-05-15 18:45:39,2026-05-13 10:41:00
6520000,202665200000800299,제주특별자치도 서귀포시 대정읍,,제주특별자치도 서귀포시 대정읍 하모리 2121-28,시설물관리,3,,하모리 2121-28,30,,064-760-4062,33.2267198888,126.2499335567,2025-05-12,I,2026-05-15 18:45:39,2026-05-13 10:41:00
6520000,202665200000800343,제주특별자치도 서귀포시 성산읍,제주특별자치도 서귀포시 성산읍 신산중앙로18번길 38,제주특별자치도 서귀포시 성산읍 신산리 1087,시설물관리,6,,재활용도움센터 내외부,30,,064-760-4263,33.3774601269,126.874775192,2025-05-12,I,2026-05-15 18:45:39,2026-05-13 10:41:01
6520000,202665200000800477,제주특별자치도 서귀포시 표선면,제주특별자치도 서귀포시 표선면 표선관정로 48-36,제주특별자치도 서귀포시 표선면 표선리 2078,시설물관리,2,,반경10M,30,,064-760-4462,33.32775022,126.8236817,2025-05-12,I,2026-05-15 18:45:39,2026-05-13 10:41:02
6520000,202665200000800091,제주특별자치도 서귀포시 해양수산과,제주특별자치도 서귀포시 보목포로 51-1,제주특별자치도 서귀포시 보목동 559,시설물관리,3,,서귀포시 보목동 559 등 보목포구 일원,30,,064-760-2754,33.2395301,126.6071638,2025-05-12,I,2026-05-15 18:45:39,2026-05-13 10:40:59
6520000,202665200000800099,제주특별자치도 서귀포시 생활환경과,제주특별자치도 서귀포시 산록남로1241번길 145,제주특별자치도 서귀포시 색달동 산 8-2,시설물관리,2,,정면,30,,064-760-3853,33.3069474346,126.4189701447,2025-05-12,I,2026-05-15 18:45:39,2026-05-13 10:40:59
6520000,202665200000800112,제주특별자치도 서귀포시 안전총괄과,제주특별자치도 서귀포시 안덕면 일주서로 1322-1,제주특별자치도 서귀포시 안덕면 창천리 154,재난재해,1,,시설 외부 360도,30,,064-760-3283,33.26547413,126.3719535,2025-05-12,I,2026-05-15 18:45:39,2026-05-13 10:40:59
6520000,202665200000800556,제주특별자치도 서귀포시 천지동,제주특별자치도 서귀포시 중정로47번길 3,제주특별자치도 서귀포시 서귀동 294-15,생활방범,4,,서귀포시 중정로 47번길 3(서귀동) 천지동주민센터 내,30,,064-760-4603,33.24776153,126.5611768,2025-05-12,I,2026-05-15 18:45:39,2026-05-13 10:41:02
6520000,202665200000800445,제주특별자치도 서귀포시 안덕면,,제주특별자치도 서귀포시 안덕면 창천리 380-1,시설물관리,2,,반경10m,30,,064-760-4366,33.2627124438,126.3664872851,2025-05-12,I,2026-05-15 18:45:39,2026-05-13 10:41:01
6520000,202665200000800232,제주특별자치도 서귀포시 교통행정과,,제주특별자치도 서귀포시 동홍동 514-2,시설물관리,12,,"동홍동 514-2, 동홍 공영노외1주차장",30,,064-760-3138,33.2561618481,126.5684381777,2025-05-12,I,2026-05-15 18:45:39,2026-05-13 10:41:00
6520000,202665200000800675,제주특별자치도 서귀포시 중문동,제주특별자치도 서귀포시 중문상로17번길 3,제주특별자치도 서귀포시 중문동 2129-3,생활방범,7,,중문상로17번길 3 일원,30,,064-760-4837,33.2499671586,126.4240600238,2025-05-12,I,2026-05-15 18:45:39,2026-05-13 10:41:10
6520000,202665200000800392,제주특별자치도 서귀포시 성산읍,제주특별자치도 서귀포시 성산읍 금백조로131번길 52,제주특별자치도 서귀포시 성산읍 수산리 3166-2,생활방범,4,,수산리 3166-2 카메라주변,30,,064-760-4271,33.43593827,126.8548206,2025-05-12,I,2026-05-15 18:45:39,2026-05-13 10:41:01
6520000,202665200000800056,제주특별자치도 서귀포시 서귀포예술의전당,제주특별자치도 서귀포시 태평로 270,제주특별자치도 서귀포시 서홍동 551-1,시설물관리,30,,반영 10m,30,,064-760-3362,33.24633342,126.5507911,2025-05-12,I,2026-05-15 18:45:39,2026-05-13 10:40:59
6520000,202665200000800209,제주특별자치도 서귀포시 도시과,제주특별자치도 서귀포시 대정읍 신영로 46,제주특별자치도 서귀포시 대정읍 하모리 1088-2,생활방범,5,,대정특화센터,30,,064-760-2994,33.2214717059,126.2478058878,2025-05-12,I,2026-05-15 18:45:39,2026-05-13 10:41:00
6520000,202665200000800253,제주특별자치도 서귀포시 동부보건소,제주특별자치도 서귀포시 남원읍 태위로 527,제주특별자치도 서귀포시 남원읍 남원리 2359-1,시설물관리,8,,동부보건소 외부 청사,30,,064-760-6115,33.2756284615,126.7034248757,2025-05-12,I,2026-05-15 18:45:39,2026-05-13 10:41:00
6520000,202665200000800201,제주특별자치도 서귀포시 안전총괄과,,제주특별자치도 서귀포시 상예동 5005,재난재해,1,,소하천 제외지,30,,064-760-3924,33.2735489366,126.3811580361,2025-05-12,I,2026-05-15 18:45:39,2026-05-13 10:41:00
6520000,202665200000800419,제주특별자치도 서귀포시 안덕면,,제주특별자치도 서귀포시 안덕면 사계리 129-6,시설물관리,3,,반경10m,30,,064-760-4366,33.2328457317,126.310193233,2025-05-12,I,2026-05-15 18:45:39,2026-05-13 10:41:01
6520000,202665200000800411,제주특별자치도 서귀포시 안덕면,,제주특별자치도 서귀포시 안덕면 화순리 2107,시설물관리,2,,반경10m,30,,064-760-4366,33.2531992298,126.3278349693,2025-05-12,I,2026-05-15 18:45:39,2026-05-13 10:41:01
6520000,202665200000800352,제주특별자치도 서귀포시 성산읍,제주특별자치도 서귀포시 성산읍 독자봉로60번길 179-10,제주특별자치도 서귀포시 성산읍 난산리 1161-1,시설물관리,2,,영농폐기물집하장 주변,30,,064-760-4262,33.3981862198,126.8693534443,2025-05-12,I,2026-05-15 18:45:39,2026-05-13 10:41:01
6520000,202665200000800681,제주특별자치도 서귀포시 예래동,,제주특별자치도 서귀포시 상예동 604,시설물관리,1,,동 청사 내부,30,,064-760-4842,33.2549645448,126.4002118301,2025-05-12,I,2026-05-15 18:45:39,2026-05-13 10:41:10
6520000,202665200000800074,제주특별자치도 서귀포시 서귀포공립미술관,제주특별자치도 서귀포시 남성중로153번길 15,제주특별자치도 서귀포시 서홍동 621,시설물관리,16,,시설 내외부(전방),32,,064-760-6561,33.24484755,126.5511958,2025-05-12,I,2026-05-15 18:45:39,2026-05-13 10:40:59
6520000,202665200000800423,제주특별자치도 서귀포시 안덕면,제주특별자치도 서귀포시 안덕면 사계남로 12-1,제주특별자치도 서귀포시 안덕면 사계리 2449,시설물관리,4,,반경10m,30,,064-760-4366,33.22936542,126.2932454,2025-05-12,I,2026-05-15 18:45:39,2026-05-13 10:41:01
6520000,202665200000800547,제주특별자치도 서귀포시 중앙동,,제주특별자치도 서귀포시 서귀동 261-4,시설물관리,1,,반경 30m,30,,064-760-4565,33.2526348004,126.5664417422,2025-05-12,I,2026-05-15 18:45:39,2026-05-13 10:41:02
6520000,202665200000800356,제주특별자치도 서귀포시 성산읍,,제주특별자치도 서귀포시 성산읍 신풍리 149-3,시설물관리,2,,클린하우스 주변,30,,064-760-4262,33.3619413315,126.8611246251,2025-05-12,I,2026-05-15 18:45:39,2026-05-13 10:41:01
6520000,202665200000800132,제주특별자치도 서귀포시 안전총괄과,,제주특별자치도 서귀포시 표선면 가시리 1114-3,재난재해,1,,시설 외부 360도,30,,064-760-3283,33.3473028605,126.7774667661,2025-05-12,I,2026-05-15 18:45:39,2026-05-13 10:40:59
6520000,202665200000800265,제주특별자치도 서귀포시 동부보건소,제주특별자치도 서귀포시 성산읍 환해장성로111번길 21-12,제주특별자치도 서귀포시 성산읍 신산리 529-3,시설물관리,4,,신산보건진료소 외부 청사,30,,064-760-6115,33.38223597,126.8773483,2025-05-12,I,2026-05-15 18:45:39,2026-05-13 10:41:00
6520000,202665200000800455,제주특별자치도 서귀포시 안덕면,제주특별자치도 서귀포시 안덕면 화순로 154-42,제주특별자치도 서귀포시 안덕면 화순리 1989,시설물관리,4,,반경10m,30,,064-760-4366,33.2504297162,126.3304206497,2025-05-12,I,2026-05-15 18:45:39,2026-05-13 10:41:02
6520000,202665200000800643,제주특별자치도 서귀포시 대륜동,,제주특별자치도 서귀포시 서호동 1453,시설물관리,2,,반경 5m,30,,064-760-4762,33.2572773136,126.5115525537,2025-05-12,I,2026-05-15 18:45:39,2026-05-13 10:41:04
6520000,202665200000800152,제주특별자치도 서귀포시 안전총괄과,,제주특별자치도 서귀포시 남원읍 하례리 산 53-1,재난재해,1,,시설 외부 360도,30,,064-760-3283,33.3166918762,126.5974151698,2025-05-12,I,2026-05-15 18:45:39,2026-05-13 10:40:59
6520000,202665200000800183,제주특별자치도 서귀포시 안전총괄과,,제주특별자치도 서귀포시 대정읍 상모리 130-8,재난재해,1,,시설 외부 360도,30,,064-760-3283,33.2070631433,126.2907999812,2025-05-12,I,2026-05-15 18:45:39,2026-05-13 10:40:59
6520000,202665200000800551,제주특별자치도 서귀포시 천지동,제주특별자치도 서귀포시 중앙로89번길 28,제주특별자치도 서귀포시 서귀동 330-10,시설물관리,3,,"서귀포시 서귀동 330-10, 탐라마트 앞쪽 클린하우스",30,,064-760-4603,33.2522074316,126.557602671,2025-05-12,I,2026-05-15 18:45:39,2026-05-13 10:41:02
6520000,202665200000800559,제주특별자치도 서귀포시 천지동,제주특별자치도 서귀포시 중앙로71번길 13,제주특별자치도 서귀포시 서귀동 307-1,생활방범,1,,서귀포시 서귀동 307-1 옆 삼거리(세븐일레븐 삼거리),30,,064-760-4603,33.2505007441,126.5600192713,2025-05-12,I,2026-05-15 18:45:39,2026-05-13 10:41:02
6520000,202665200000800267,제주특별자치도 서귀포시 동부보건소,제주특별자치도 서귀포시 성산읍 난산로 28,제주특별자치도 서귀포시 성산읍 난산리 324-6,시설물관리,4,,난산보건진료소 외부 청사,30,,064-760-6115,33.40104587,126.8719516,2025-05-12,I,2026-05-15 18:45:39,2026-05-13 10:41:00
6520000,202665200000800163,제주특별자치도 서귀포시 안전총괄과,제주특별자치도 서귀포시 일주동로 8078,제주특별자치도 서귀포시 하효동 1460,재난재해,1,,시설 외부 360도,30,,064-760-3283,33.26367944,126.6230171,2025-05-12,I,2026-05-15 18:45:39,2026-05-13 10:40:59
6520000,202665200000800083,제주특별자치도 서귀포시 해양수산과,제주특별자치도 서귀포시 남성중로 39,제주특별자치도 서귀포시 서홍동 705-5,시설물관리,6,,서귀포시 서홍동 705-5 등 서귀포항 일원,30,,064-760-2754,33.2407833479,126.5591335904,2025-05-12,I,2026-05-15 18:45:39,2026-05-13 10:40:59
6520000,202665200000800385,제주특별자치도 서귀포시 성산읍,,제주특별자치도 서귀포시 성산읍 오조리 1065-27,시설물관리,4,,클린하우스 주변,30,,064-760-4262,33.4542142584,126.9066002748,2025-05-12,I,2026-05-15 18:45:39,2026-05-13 10:41:01
6520000,202665200000800242,제주특별자치도 서귀포시 교통행정과,제주특별자치도 서귀포시 대정읍 상모로 306-1,제주특별자치도 서귀포시 대정읍 상모리 3964-1,시설물관리,8,,"상모리 3964-1, 대정상모공영노외1주차장",30,,064-760-3138,33.22324159,126.2563765,2025-05-12,I,2026-05-15 18:45:39,2026-05-13 10:41:00
6520000,202665200000800330,제주특별자치도 서귀포시 대정읍,,제주특별자치도 서귀포시 대정읍 가파리 210,시설물관리,2,,가파리 210,30,,064-760-4062,33.1742207632,126.2698647801,2025-05-12,I,2026-05-15 18:45:39,2026-05-13 10:41:01
6520000,202665200000800175,제주특별자치도 서귀포시 안전총괄과,제주특별자치도 서귀포시 안덕면 화순해안로 69,제주특별자치도 서귀포시 안덕면 화순리 833-2,재난재해,1,,시설 외부 360도,30,,064-760-3283,33.2408567,126.3339459,2025-05-12,I,2026-05-15 18:45:39,2026-05-13 10:40:59
6520000,202665200000800447,제주특별자치도 서귀포시 안덕면,,제주특별자치도 서귀포시 안덕면 창천리 772-1,시설물관리,2,,반경10m,30,,064-760-4366,33.2357759909,126.3682725218,2025-05-12,I,2026-05-15 18:45:39,2026-05-13 10:41:01
6520000,202665200000800338,제주특별자치도 서귀포시 성산읍,제주특별자치도 서귀포시 성산읍 고성오조로 42,제주특별자치도 서귀포시 성산읍 고성리 336-2,시설물관리,4,,재활용도움센터 내외부,30,,064-760-4263,33.44655494,126.9157478,2025-05-12,I,2026-05-15 18:45:39,2026-05-13 10:41:01
6520000,202665200000800059,제주특별자치도 서귀포시 도서관운영사무소,제주특별자치도 서귀포시 남성중로153번길 15,제주특별자치도 서귀포시 서홍동 621,시설물관리,9,,도서관 내 외부,30,,,33.24484755,126.5511958,2025-05-12,I,2026-05-15 18:45:39,2026-05-13 10:40:59
6520000,202665200000800051,제주특별자치도 서귀포시 체육진흥과,제주특별자치도 서귀포시 남원읍 태위로 551-27,제주특별자치도 서귀포시 남원읍 남원리 2337-1,시설물관리,29,,시설 내 외부,30,,064-760-3626,33.2774052208,126.7033505986,2025-05-12,I,2026-05-15 18:45:39,2026-05-13 10:40:59
6520000,202665200000800577,제주특별자치도 서귀포시 효돈동,,제주특별자치도 서귀포시 신효동 690-11,시설물관리,2,,반경5m,30,,064-760-4642,33.2659243353,126.6138763092,2025-05-12,I,2026-05-15 18:45:39,2026-05-13 10:41:03
6520000,202665200000800135,제주특별자치도 서귀포시 안전총괄과,,제주특별자치도 서귀포시 성산읍 수산리 3193,재난재해,1,,시설 외부 360도,30,,064-760-3283,33.4342969566,126.8538731983,2025-05-12,I,2026-05-15 18:45:39,2026-05-13 10:40:59
6520000,202665200000800525,제주특별자치도 서귀포시 송산동,,제주특별자치도 서귀포시 보목동 1093-2,시설물관리,2,,보목동 1093-2 일원,30,,064-760-4513,33.2521425875,126.5974410671,2025-05-12,I,2026-05-15 18:45:39,2026-05-13 10:41:02
6520000,202665200000800581,제주특별자치도 서귀포시 효돈동,제주특별자치도 서귀포시 효돈로 169-1,제주특별자치도 서귀포시 하효동 137,시설물관리,2,,반경5m,30,,064-760-4642,33.26379287,126.6169717,2025-05-12,I,2026-05-15 18:45:39,2026-05-13 10:41:03
6520000,202665200000800589,제주특별자치도 서귀포시 영천동,제주특별자치도 서귀포시 토평로 15,제주특별자치도 서귀포시 토평동 2202-3,시설물관리,1,,동 청사 내부,30,,064-760-4653,33.26876029,126.5866437,2025-05-12,I,2026-05-15 18:45:39,2026-05-13 10:41:03
6520000,202665200000800212,제주특별자치도 서귀포시 도시과,제주특별자치도 서귀포시 월평로50번길 10,제주특별자치도 서귀포시 월평동 410-3,생활방범,2,,월평식탁,30,,064-760-2994,33.24544359,126.461295,2025-05-12,I,2026-05-15 18:45:39,2026-05-13 10:41:00
6520000,202665200000800576,제주특별자치도 서귀포시 효돈동,제주특별자치도 서귀포시 월라봉로34번길 37,제주특별자치도 서귀포시 신효동 593-5,시설물관리,4,,반경5m,30,,064-760-4642,33.2663753028,126.609228873,2025-05-12,I,2026-05-15 18:45:39,2026-05-13 10:41:03
6520000,202665200000800337,제주특별자치도 서귀포시 성산읍,제주특별자치도 서귀포시 성산읍 삼달로 249,제주특별자치도 서귀포시 성산읍 삼달리 1152-11,시설물관리,9,,재활용도움센터 내외부,30,,064-760-4263,33.37591865,126.8437795,2025-05-12,I,2026-05-15 18:45:39,2026-05-13 10:41:01
6520000,202665200000800296,제주특별자치도 서귀포시 대정읍,제주특별자치도 서귀포시 대정읍 상모대서로20번길 48,제주특별자치도 서귀포시 대정읍 상모리 4165,시설물관리,2,,상모리 4165,30,,064-760-4062,33.22552946,126.2615879,2025-05-12,I,2026-05-15 18:45:39,2026-05-13 10:41:00
6520000,202665200000800412,제주특별자치도 서귀포시 안덕면,,제주특별자치도 서귀포시 안덕면 화순리 1143-1,시설물관리,2,,반경10m,30,,064-760-4366,33.2506951751,126.3347812865,2025-05-12,I,2026-05-15 18:45:39,2026-05-13 10:41:01
6520000,202665200000800611,제주특별자치도 서귀포시 동홍동,,제주특별자치도 서귀포시 동홍동 1385-8,시설물관리,2,,클린하우스 인근,30,,064-760-4693,33.2606372884,126.562275533,2025-05-12,I,2026-05-15 18:45:39,2026-05-13 10:41:03
6520000,202665200000800619,제주특별자치도 서귀포시 동홍동,,제주특별자치도 서귀포시 동홍동 944-7,시설물관리,5,,사거리 인근,30,,064-760-4693,33.2748611408,126.5674056953,2025-05-12,I,2026-05-15 18:45:39,2026-05-13 10:41:04
6520000,202665200000800009,제주특별자치도 서귀포시 주민복지과,제주특별자치도 서귀포시 중동로 69-9,제주특별자치도 서귀포시 동홍동 398-6,시설물관리,39,,복지관 전체,30,,064-760-2524,33.2506912776,126.569250597,2025-05-12,I,2026-05-15 18:45:39,2026-05-13 10:40:58
6520000,202665200000800001,제주특별자치도 서귀포시 시민소통지원실,제주특별자치도 서귀포시 강정통물로 125-10,제주특별자치도 서귀포시 강정동 4362-5,시설물관리,7,,강정마을커뮤니티센터,30,,064-760-2581,33.2379754797,126.4770063447,2025-05-12,I,2026-05-15 18:45:39,2026-05-13 10:40:58
6520000,202665200000800077,제주특별자치도 서귀포시 경제일자리과,제주특별자치도 서귀포시 대정읍 영서중로13번길 9-8,제주특별자치도 서귀포시 대정읍 하모리 824-8,시설물관리,8,,반경10m,30,,064-760-2635,33.2219796367,126.2545143592,2025-05-12,I,2026-05-15 18:45:39,2026-05-13 10:40:59
6520000,202665200000800511,제주특별자치도 서귀포시 표선면,제주특별자치도 서귀포시 표선면 돈오름로 30,제주특별자치도 서귀포시 표선면 세화리 1048-1,시설물관리,3,,반경10M,30,,064-760-4462,33.3322024405,126.8013853714,2025-05-12,I,2026-05-15 18:45:39,2026-05-13 10:41:02
6520000,202665200000800519,제주특별자치도 서귀포시 송산동,,제주특별자치도 서귀포시 서귀동 44-3,시설물관리,2,,서귀동 44-4 일원,30,,064-760-4513,33.2434072819,126.567271483,2025-05-12,I,2026-05-15 18:45:39,2026-05-13 10:41:02
6520000,202665200000800565,제주특별자치도 서귀포시 효돈동,,제주특별자치도 서귀포시 신효동 1124-3,생활방범,1,,반경10m,30,,064-760-4621,33.2626274014,126.6085011194,2025-05-12,I,2026-05-15 18:45:39,2026-05-13 10:41:03
6520000,202665200000800400,제주특별자치도 서귀포시 성산읍,,제주특별자치도 서귀포시 성산읍 온평리 534-3,생활방범,4,,온평리 534-3 카메라주변,30,,064-760-4271,33.4107345651,126.8994091202,2025-05-12,I,2026-05-15 18:45:39,2026-05-13 10:41:01
6520000,202665200000800408,제주특별자치도 서귀포시 안덕면,제주특별자치도 서귀포시 안덕면 화순서서로 74,제주특별자치도 서귀포시 안덕면 화순리 1961-1,시설물관리,8,,반경10m,30,,064-760-4316,33.25758153,126.3306244,2025-05-12,I,2026-05-15 18:45:39,2026-05-13 10:41:01
6520000,202665200000800022,제주특별자치도 서귀포시 여성가족과,제주특별자치도 서귀포시 안덕면 화순로56번길 20,제주특별자치도 서귀포시 안덕면 화순리 1298-13,시설물관리,6,,시설전반,30,,064-760-4393,33.24941613,126.3370021,2025-05-12,I,2026-05-15 18:45:39,2026-05-13 10:40:58
6520000,202665200000800460,제주특별자치도 서귀포시 안덕면,제주특별자치도 서귀포시 안덕면 덕수서로 149,제주특별자치도 서귀포시 안덕면 덕수리 1921,시설물관리,2,,반경10m,30,,064-760-4366,33.2639064569,126.3040247712,2025-05-12,I,2026-05-15 18:45:39,2026-05-13 10:41:02
6520000,202665200000800468,제주특별자치도 서귀포시 안덕면,,제주특별자치도 서귀포시 안덕면 동광리 1583-17,시설물관리,2,,반경10m,30,,064-760-4363,33.3082388751,126.3396792666,2025-05-12,I,2026-05-15 18:45:39,2026-05-13 10:41:02
6520000,202665200000800410,제주특별자치도 서귀포시 안덕면,,제주특별자치도 서귀포시 안덕면 화순리 776-8,시설물관리,3,,반경10m,30,,064-760-4366,33.2396147417,126.335649517,2025-05-12,I,2026-05-15 18:45:39,2026-05-13 10:41:01
6520000,202665200000800418,제주특별자치도 서귀포시 안덕면,,제주특별자치도 서귀포시 안덕면 사계리 2292-4,시설물관리,2,,반경10m,30,,064-760-4366,33.2271398985,126.2996695597,2025-05-12,I,2026-05-15 18:45:39,2026-05-13 10:41:01
6520000,202665200000800361,제주특별자치도 서귀포시 성산읍,,제주특별자치도 서귀포시 성산읍 고성리 1618-3,시설물관리,3,,클린하우스 주변,30,,064-760-4262,33.4457129669,126.9055802012,2025-05-12,I,2026-05-15 18:45:39,2026-05-13 10:41:01
6520000,202665200000800369,제주특별자치도 서귀포시 성산읍,제주특별자치도 서귀포시 성산읍 고성동서로56번길 11-1,제주특별자치도 서귀포시 성산읍 고성리 2747,시설물관리,2,,클린하우스 주변,30,,064-760-4262,33.45003532,126.9142704,2025-05-12,I,2026-05-15 18:45:39,2026-05-13 10:41:01
6520000,202665200000800085,제주특별자치도 서귀포시 해양수산과,,제주특별자치도 서귀포시 대정읍 하모리 1089-38,시설물관리,13,,서귀포시 대정읍 하모리 1089-38 등 모슬포항 일원,30,,064-760-2754,33.2173187621,126.2475023032,2025-05-12,I,2026-05-15 18:45:39,2026-05-13 10:40:59
6520000,202665200000800560,제주특별자치도 서귀포시 천지동,제주특별자치도 서귀포시 남성중로 134,제주특별자치도 서귀포시 서홍동 581-5,시설물관리,7,,서귀포시 서홍동 581-5 남성마을재활용도움센터 내외,30,,064-760-4603,33.2441764228,126.5547731486,2025-05-12,I,2026-05-15 18:45:39,2026-05-13 10:41:03
6520000,202665200000800568,제주특별자치도 서귀포시 효돈동,,제주특별자치도 서귀포시 하효동 421-3,생활방범,1,,반경10m,30,,064-760-4621,33.2591295195,126.6221941735,2025-05-12,I,2026-05-15 18:45:39,2026-05-13 10:41:03
6520000,202665200000800607,제주특별자치도 서귀포시 동홍동,제주특별자치도 서귀포시 동홍북로 75,제주특별자치도 서귀포시 동홍동 663,시설물관리,3,,클린하우스 인근,30,,064-760-4693,33.25885874,126.576372,2025-05-12,I,2026-05-15 18:45:39,2026-05-13 10:41:03
6520000,202665200000800020,제주특별자치도 서귀포시 여성가족과,제주특별자치도 서귀포시 표선면 표선중앙로 13,제주특별자치도 서귀포시 표선면 표선리 311-2,시설물관리,9,,시설전반,30,,064-760-4493,33.33157252,126.8304339,2025-05-12,I,2026-05-15 18:45:39,2026-05-13 10:40:58
6520000,202665200000800028,제주특별자치도 서귀포시 여성가족과,제주특별자치도 서귀포시 중산간동로 7950,제주특별자치도 서귀포시 동홍동 1041-8,시설물관리,6,,시설전반,30,,064-760-3476,33.26628508,126.5670489,2025-05-12,I,2026-05-15 18:45:39,2026-05-13 10:40:58
6520000,202665200000800402,제주특별자치도 서귀포시 성산읍,제주특별자치도 서귀포시 성산읍 수송로 36,제주특별자치도 서귀포시 성산읍 수산리 2834-1,생활방범,4,,수산리 2834-1 카메라주변,30,,064-760-4271,33.4417192564,126.8608233839,2025-05-12,I,2026-05-15 18:45:39,2026-05-13 10:41:01
6520000,202665200000800302,제주특별자치도 서귀포시 대정읍,,제주특별자치도 서귀포시 대정읍 하모리 1077-1,시설물관리,2,,하모리 1077-1,30,,064-760-4062,33.2216558626,126.2495852337,2025-05-12,I,2026-05-15 18:45:39,2026-05-13 10:41:00
6520000,202665200000800150,제주특별자치도 서귀포시 안전총괄과,,제주특별자치도 서귀포시 상효동 2296-3,재난재해,1,,시설 외부 360도,30,,064-760-3283,33.3024669305,126.5761186848,2025-05-12,I,2026-05-15 18:45:39,2026-05-13 10:40:59
6520000,202665200000800158,제주특별자치도 서귀포시 안전총괄과,제주특별자치도 서귀포시 서홍로178번길 126,제주특별자치도 서귀포시 서홍동 1254-3,재난재해,1,,시설 외부 360도,30,,064-760-3283,33.25438935,126.5534094,2025-05-12,I,2026-05-15 18:45:39,2026-05-13 10:40:59
6520000,202665200000800035,제주특별자치도 서귀포시 문화예술과,제주특별자치도 서귀포시 김정문화로 36,제주특별자치도 서귀포시 강정동 176,시설물관리,2,,홀입구,30,,064-760-2495,33.25106853,126.5086639,2025-05-12,I,2026-05-15 18:45:39,2026-05-13 10:40:58
6520000,202665200000800357,제주특별자치도 서귀포시 성산읍,,제주특별자치도 서귀포시 성산읍 오조리 1252-1,시설물관리,2,,클린하우스 주변,30,,064-760-4262,33.4638270804,126.9081267384,2025-05-12,I,2026-05-15 18:45:39,2026-05-13 10:41:01
6520000,202665200000800155,제주특별자치도 서귀포시 안전총괄과,제주특별자치도 서귀포시 대정읍 마라로 82,제주특별자치도 서귀포시 대정읍 가파리 581-9,재난재해,1,,시설 외부 360도,30,,064-760-3283,33.11679064,126.2655441,2025-05-12,I,2026-05-15 18:45:39,2026-05-13 10:40:59
6520000,202665200000800515,제주특별자치도 서귀포시 표선면,,제주특별자치도 서귀포시 표선면 표선리 709,교통정보수집,8,,차량번호판,30,,064-760-4489,33.3260667768,126.8308727555,2025-05-12,I,2026-05-15 18:45:39,2026-05-13 10:41:02
6520000,202665200000800327,제주특별자치도 서귀포시 대정읍,,제주특별자치도 서귀포시 대정읍 보성리 2434,시설물관리,3,,보성리 2434,30,,064-760-4062,33.2829111148,126.2778901079,2025-05-12,I,2026-05-15 18:45:39,2026-05-13 10:41:01
6520000,202665200000800146,제주특별자치도 서귀포시 안전총괄과,,제주특별자치도 서귀포시 성산읍 고성리 127-1,재난재해,1,,시설 외부 360도,30,,064-760-3283,33.43297686,126.9277955,2025-05-12,I,2026-05-15 18:45:39,2026-05-13 10:40:59
6520000,202665200000800379,제주특별자치도 서귀포시 성산읍,,제주특별자치도 서귀포시 성산읍 신산리 584-1,시설물관리,5,,클린하우스 주변,30,,064-760-4262,33.3836489656,126.8822439546,2025-05-12,I,2026-05-15 18:45:39,2026-05-13 10:41:01
6520000,202665200000800371,제주특별자치도 서귀포시 성산읍,,제주특별자치도 서귀포시 성산읍 고성리 588-7,시설물관리,2,,클린하우스 주변,30,,064-760-4262,33.4343332968,126.9159352041,2025-05-12,I,2026-05-15 18:45:39,2026-05-13 10:41:01
6520000,202665200000800504,제주특별자치도 서귀포시 표선면,제주특별자치도 서귀포시 표선면 세화강왓로 104,제주특별자치도 서귀포시 표선면 세화리 2489,시설물관리,4,,반경10M,30,,064-760-4462,33.3348861156,126.8062849305,2025-05-12,I,2026-05-15 18:45:39,2026-05-13 10:41:02
6520000,202665200000800266,제주특별자치도 서귀포시 동부보건소,제주특별자치도 서귀포시 성산읍 삼달로 215,제주특별자치도 서귀포시 성산읍 삼달리 723-7,시설물관리,4,,삼달보건진료소 외부 청사,30,,064-760-6115,33.37426663,126.846764,2025-05-12,I,2026-05-15 18:45:39,2026-05-13 10:41:00
6520000,202665200000800476,제주특별자치도 서귀포시 표선면,제주특별자치도 서귀포시 표선면 성읍정의현로22번길 18-10,제주특별자치도 서귀포시 표선면 성읍리 987-1,시설물관리,3,,반경10M,30,,064-760-4462,33.38450567,126.8032492,2025-05-12,I,2026-05-15 18:45:39,2026-05-13 10:41:02
6520000,202665200000800442,제주특별자치도 서귀포시 안덕면,제주특별자치도 서귀포시 안덕면 창천중앙로24번길 14,제주특별자치도 서귀포시 안덕면 창천리 160,시설물관리,2,,반경10m,30,,064-760-4366,33.2645493145,126.3702895421,2025-05-12,I,2026-05-15 18:45:39,2026-05-13 10:41:01
6520000,202665200000800015,제주특별자치도 서귀포시 노인복지과,제주특별자치도 서귀포시 남원읍 일주동로 7166,제주특별자치도 서귀포시 남원읍 남원리 1251-1,시설물관리,44,,"정면, 좌우",90,,064-760-2402,33.28294771,126.7153749,2025-05-12,I,2026-05-15 18:45:39,2026-05-13 10:40:58
6520000,202665200000800297,제주특별자치도 서귀포시 대정읍,제주특별자치도 서귀포시 대정읍 상모대서로20번길 61,제주특별자치도 서귀포시 대정읍 상모리 4165,시설물관리,6,,상모대서로 20번길 61,30,,064-760-4062,33.22552946,126.2615879,2025-05-12,I,2026-05-15 18:45:39,2026-05-13 10:41:00
6520000,202665200000800103,제주특별자치도 서귀포시 생활환경과,제주특별자치도 서귀포시 산록남로1241번길 145,제주특별자치도 서귀포시 색달동 산 8-2,시설물관리,2,,정면,30,,064-760-3853,33.3069474346,126.4189701447,2025-05-12,I,2026-05-15 18:45:39,2026-05-13 10:40:59
6520000,202665200000800333,제주특별자치도 서귀포시 성산읍,제주특별자치도 서귀포시 성산읍 일주동로 4330,제주특별자치도 서귀포시 성산읍 고성리 1023-2,시설물관리,30,,설치장소 주변,30,,064-760-4212,33.44264183,126.9110601,2025-05-12,I,2026-05-15 18:45:39,2026-05-13 10:41:01
6520000,202665200000800546,제주특별자치도 서귀포시 중앙동,,제주특별자치도 서귀포시 동홍동 1541-20,시설물관리,1,,반경 30m,30,,064-760-4565,33.253482644,126.5658275228,2025-05-12,I,2026-05-15 18:45:39,2026-05-13 10:41:02
6520000,202665200000800286,제주특별자치도 서귀포시 대정읍,,제주특별자치도 서귀포시 대정읍 영락리 1339-1,시설물관리,2,,영농폐기물 집하장 주변,30,,064-760-4068,33.2550770943,126.208347866,2025-05-12,I,2026-05-15 18:45:39,2026-05-13 10:41:00
6520000,202665200000800179,제주특별자치도 서귀포시 안전총괄과,,제주특별자치도 서귀포시 상효동 2296-3,재난재해,1,,시설 외부 360도,30,,064-760-3283,33.3024669305,126.5761186848,2025-05-12,I,2026-05-15 18:45:39,2026-05-13 10:40:59
6520000,202665200000800171,제주특별자치도 서귀포시 안전총괄과,,제주특별자치도 서귀포시 성산읍 온평리 1001-4,재난재해,1,,시설 외부 360도,30,,064-760-3283,33.40537112,126.9044923,2025-05-12,I,2026-05-15 18:45:39,2026-05-13 10:40:59
6520000,202665200000800130,제주특별자치도 서귀포시 안전총괄과,제주특별자치도 서귀포시 남원읍 원님로 1-54,제주특별자치도 서귀포시 남원읍 의귀리 1657-1,재난재해,1,,시설 외부 360도,30,,064-760-3283,33.3156189978,126.7148770012,2025-05-12,I,2026-05-15 18:45:39,2026-05-13 10:40:59
6520000,202665200000800138,제주특별자치도 서귀포시 안전총괄과,,제주특별자치도 서귀포시 대정읍 하모리 141,재난재해,1,,시설 외부 360도,30,,064-760-3283,33.20893504,126.2892261,2025-05-12,I,2026-05-15 18:45:39,2026-05-13 10:40:59
6520000,202665200000800353,제주특별자치도 서귀포시 성산읍,,제주특별자치도 서귀포시 성산읍 수산리 1992-1,시설물관리,2,,영농폐기물집하장 주변,30,,064-760-4262,33.4388552229,126.8673337486,2025-05-12,I,2026-05-15 18:45:39,2026-05-13 10:41:01
6520000,202665200000800346,제주특별자치도 서귀포시 성산읍,제주특별자치도 서귀포시 성산읍 독자봉로60번길 179-10,제주특별자치도 서귀포시 성산읍 난산리 1161-1,시설물관리,6,,재활용도움센터 내외부,30,,064-760-4263,33.3981862198,126.8693534443,2025-05-12,I,2026-05-15 18:45:39,2026-05-13 10:41:01
6520000,202665200000800464,제주특별자치도 서귀포시 안덕면,,제주특별자치도 서귀포시 안덕면 덕수리 2022,시설물관리,5,,반경10m,30,,064-760-4363,33.2649066359,126.3059751385,2025-05-12,I,2026-05-15 18:45:39,2026-05-13 10:41:02
6520000,202665200000800587,제주특별자치도 서귀포시 영천동,,제주특별자치도 서귀포시 토평동 32-1,시설물관리,2,,반경 5m(정면),30,,064-760-4665,33.2853275099,126.5955927971,2025-05-12,I,2026-05-15 18:45:39,2026-05-13 10:41:03
6520000,202665200000800287,제주특별자치도 서귀포시 대정읍,,제주특별자치도 서귀포시 대정읍 무릉리 2276-1,시설물관리,2,,영농폐기물 집하장 주변,30,,064-760-4068,33.2709553934,126.2100413669,2025-05-12,I,2026-05-15 18:45:39,2026-05-13 10:41:00
6520000,202665200000800545,제주특별자치도 서귀포시 중앙동,제주특별자치도 서귀포시 중앙로62번길 48,제주특별자치도 서귀포시 서귀동 265-5,시설물관리,1,,반경 30m,30,,064-760-4565,33.2522571968,126.5647302025,2025-05-12,I,2026-05-15 18:45:39,2026-05-13 10:41:02
6520000,202665200000800063,제주특별자치도 서귀포시 도서관운영사무소,제주특별자치도 서귀포시 안덕면 화순서서로 44,제주특별자치도 서귀포시 안덕면 화순리 1963,시설물관리,6,,반경10M,30,,064-760-3744,33.255053179,126.330650983,2025-05-12,I,2026-05-15 18:45:39,2026-05-13 10:40:59
6520000,202665200000800070,제주특별자치도 서귀포시 관광지관리소,제주특별자치도 서귀포시 안덕면 사계남로216번길 28,제주특별자치도 서귀포시 안덕면 사계리 118-3,시설물관리,9,,반경 10M,30,,064-760-6326,33.23379281,126.3108416,2025-05-12,I,2026-05-15 18:45:39,2026-05-13 10:40:59
6520000,202665200000800078,제주특별자치도 서귀포시 경제일자리과,제주특별자치도 서귀포시 토평서로11번길 150,제주특별자치도 서귀포시 동홍동 774-3,시설물관리,17,,반경10m,30,,064-760-2635,33.26652134,126.5732903,2025-05-12,I,2026-05-15 18:45:39,2026-05-13 10:40:59
6520000,202665200000800027,제주특별자치도 서귀포시 여성가족과,제주특별자치도 서귀포시 소암로 4,제주특별자치도 서귀포시 서귀동 556-2,시설물관리,6,,시설전반,30,,064-760-4892,33.24503292,126.5660061,2025-05-12,I,2026-05-15 18:45:39,2026-05-13 10:40:58
6520000,202665200000800634,제주특별자치도 서귀포시 대륜동,제주특별자치도 서귀포시 법환로 87,제주특별자치도 서귀포시 법환동 1063,시설물관리,5,,반경 5m,30,,064-760-4762,33.2402765,126.5078448,2025-05-12,I,2026-05-15 18:45:39,2026-05-13 10:41:04
6520000,202665200000800642,제주특별자치도 서귀포시 대륜동,제주특별자치도 서귀포시 신북로24번길 12,제주특별자치도 서귀포시 서호동 1150,시설물관리,3,,반경 5m,30,,064-760-4762,33.2593070178,126.5125959242,2025-05-12,I,2026-05-15 18:45:39,2026-05-13 10:41:04
6520000,202665200000800594,제주특별자치도 서귀포시 동홍동,제주특별자치도 서귀포시 동홍중앙로 99,제주특별자치도 서귀포시 동홍동 2174,시설물관리,6,,"재활용도움센터 내,외부",30,,064-760-4693,33.25941541,126.5719233,2025-05-12,I,2026-05-15 18:45:39,2026-05-13 10:41:03
6520000,202665200000800616,제주특별자치도 서귀포시 동홍동,제주특별자치도 서귀포시 중앙로182번길 58-4,제주특별자치도 서귀포시 동홍동 1355,시설물관리,4,,삼거리 인근,30,,064-760-4693,33.26209842,126.5650733,2025-05-12,I,2026-05-15 18:45:39,2026-05-13 10:41:03
6520000,202665200000800120,제주특별자치도 서귀포시 안전총괄과,제주특별자치도 서귀포시 중산간동로 8070,제주특별자치도 서귀포시 서홍동 1610,재난재해,1,,시설 외부 360도,30,,064-760-3283,33.2645175602,126.5544744374,2025-05-12,I,2026-05-15 18:45:39,2026-05-13 10:40:59
6520000,202665200000800128,제주특별자치도 서귀포시 안전총괄과,,제주특별자치도 서귀포시 남원읍 위미리 3482-1,재난재해,1,,시설 외부 360도,30,,064-760-3283,33.2897055623,126.6569307244,2025-05-12,I,2026-05-15 18:45:39,2026-05-13 10:40:59
6520000,202665200000800032,제주특별자치도 서귀포시 문화예술과,제주특별자치도 서귀포시 남성중로 130-1,제주특별자치도 서귀포시 서홍동 581-1,시설물관리,8,,스페이스 70 내·외부,30,,064-760-2495,33.24459354,126.5552043,2025-05-12,I,2026-05-15 18:45:39,2026-05-13 10:40:58
6520000,202665200000800313,제주특별자치도 서귀포시 대정읍,,제주특별자치도 서귀포시 대정읍 일과리 산 1-8,시설물관리,3,,일과리 산 1-8,30,,064-760-4062,33.2557942731,126.2253085957,2025-05-12,I,2026-05-15 18:45:39,2026-05-13 10:41:00
6520000,202665200000800011,제주특별자치도 서귀포시 장애인복지과,제주특별자치도 서귀포시 분토왓로174번길 49-8,제주특별자치도 서귀포시 서홍동 2478,시설물관리,30,,시설 전반,30,,064-760-4932,33.28062191,126.5515001,2025-05-12,I,2026-05-15 18:45:39,2026-05-13 10:40:58
6520000,202665200000800019,제주특별자치도 서귀포시 여성가족과,제주특별자치도 서귀포시 성산읍 일주동로 5101-1,제주특별자치도 서귀포시 성산읍 신산리 1037-5,시설물관리,6,,시설전반,30,,064-760-4259,33.38126442,126.8772913,2025-05-12,I,2026-05-15 18:45:39,2026-05-13 10:40:58
6520000,202665200000800378,제주특별자치도 서귀포시 성산읍,,제주특별자치도 서귀포시 성산읍 시흥리 12-78,시설물관리,2,,클린하우스 주변,30,,064-760-4262,33.4750332577,126.9067785681,2025-05-12,I,2026-05-15 18:45:39,2026-05-13 10:41:01
6520000,202665200000800663,제주특별자치도 서귀포시 중문동,제주특별자치도 서귀포시 중문관광로 335,제주특별자치도 서귀포시 중문동 2439-1,생활방범,3,,중문동 2439-1번지 일원,30,,064-760-4837,33.2501156827,126.4305466195,2025-05-12,I,2026-05-15 18:45:39,2026-05-13 10:41:04
6520000,202665200000800370,제주특별자치도 서귀포시 성산읍,제주특별자치도 서귀포시 성산읍 섭지코지로 71,제주특별자치도 서귀포시 성산읍 고성리 224-7,시설물관리,3,,클린하우스 주변,30,,064-760-4262,33.4366973524,126.9228301998,2025-05-12,I,2026-05-15 18:45:39,2026-05-13 10:41:01
6520000,202665200000800434,제주특별자치도 서귀포시 안덕면,제주특별자치도 서귀포시 안덕면 동광본동로 35,제주특별자치도 서귀포시 안덕면 동광리 958-1,시설물관리,2,,반경10m,30,,064-760-4366,33.3085031377,126.3355551778,2025-05-12,I,2026-05-15 18:45:39,2026-05-13 10:41:01
6520000,202665200000800080,제주특별자치도 서귀포시 경제일자리과,제주특별자치도 서귀포시 천제연로188번길 12,제주특별자치도 서귀포시 중문동 2123-1,시설물관리,16,,반경10m,30,,064-760-2635,33.2505829,126.4239475,2025-05-12,I,2026-05-15 18:45:39,2026-05-13 10:40:59
6520000,202665200000800088,제주특별자치도 서귀포시 해양수산과,제주특별자치도 서귀포시 표선면 민속해안로 566-9,제주특별자치도 서귀포시 표선면 표선리 1-2,시설물관리,5,,서귀포시 표선면 표선리 1-2 등 표선항 일원,30,,064-760-2754,33.32505466,126.8458039,2025-05-12,I,2026-05-15 18:45:39,2026-05-13 10:40:59
6520000,202665200000800453,제주특별자치도 서귀포시 안덕면,,제주특별자치도 서귀포시 안덕면 감산리 107-1,시설물관리,2,,반경10m,30,,064-760-4366,33.2586182301,126.357880575,2025-05-12,I,2026-05-15 18:45:39,2026-05-13 10:41:02
6520000,202665200000800374,제주특별자치도 서귀포시 성산읍,제주특별자치도 서귀포시 성산읍 성산등용로17번길 6,제주특별자치도 서귀포시 성산읍 성산리 234-29,시설물관리,5,,클린하우스 주변,30,,064-760-4262,33.46480731,126.9323462,2025-05-12,I,2026-05-15 18:45:39,2026-05-13 10:41:01
6520000,202665200000800210,제주특별자치도 서귀포시 도시과,제주특별자치도 서귀포시 월평로 37,제주특별자치도 서귀포시 월평동 429-1,생활방범,14,,월평커뮤니티센터,30,,064-760-2994,33.24638601,126.4602024,2025-05-12,I,2026-05-15 18:45:39,2026-05-13 10:41:00
6520000,202665200000800218,제주특별자치도 서귀포시 교통행정과,제주특별자치도 서귀포시 서문로 16,제주특별자치도 서귀포시 서귀동 305-1,시설물관리,33,,"서귀포시 서귀동 305-1
(천지공영주차빌딩)",30,,064-760-3138,33.2515234418,126.5593511871,2025-05-12,I,2026-05-15 18:45:39,2026-05-13 10:41:00
6520000,202665200000800596,제주특별자치도 서귀포시 동홍동,제주특별자치도 서귀포시 중산간동로 7950,제주특별자치도 서귀포시 동홍동 1041-8,시설물관리,2,,클린하우스 인근,30,,064-760-4693,33.26628508,126.5670489,2025-05-12,I,2026-05-15 18:45:39,2026-05-13 10:41:03
6520000,202665200000800451,제주특별자치도 서귀포시 안덕면,,제주특별자치도 서귀포시 안덕면 감산리 1509-3,시설물관리,3,,반경10m,30,,064-760-4366,33.2570832871,126.3495807323,2025-05-12,I,2026-05-15 18:45:39,2026-05-13 10:41:02
6520000,202665200000800459,제주특별자치도 서귀포시 안덕면,제주특별자치도 서귀포시 안덕면 중산간서로 2063,제주특별자치도 서귀포시 안덕면 서광리 1762-1,시설물관리,6,,반경10m,30,,064-760-4366,33.2860367976,126.3048402158,2025-05-12,I,2026-05-15 18:45:39,2026-05-13 10:41:02
6520000,202665200000800237,제주특별자치도 서귀포시 교통행정과,,제주특별자치도 서귀포시 서홍동 327-3,시설물관리,18,,"서홍동 327-3, 서홍공영노외2주차장",30,,064-760-3138,33.259257579,126.5572982788,2025-05-12,I,2026-05-15 18:45:39,2026-05-13 10:41:00
6520000,202665200000800417,제주특별자치도 서귀포시 안덕면,제주특별자치도 서귀포시 안덕면 화순서서로 15,제주특별자치도 서귀포시 안덕면 화순리 1202-1,시설물관리,2,,반경10m,30,,064-760-4366,33.2525941452,126.3289505303,2025-05-12,I,2026-05-15 18:45:39,2026-05-13 10:41:01
6520000,202665200000800557,제주특별자치도 서귀포시 천지동,,제주특별자치도 서귀포시 서귀동 332-16,생활방범,2,,서귀포시 서귀동 332-16번지 풍경이 있는 오솔길,30,,064-760-4603,33.2503087523,126.5571390091,2025-05-12,I,2026-05-15 18:45:39,2026-05-13 10:41:02
6520000,202665200000800245,제주특별자치도 서귀포시 교통행정과,제주특별자치도 서귀포시 솔동산로 8-1,제주특별자치도 서귀포시 서귀동 585-5,시설물관리,4,,"서귀동 585-5, 솔동산 공영주차장",30,,064-760-3138,33.24404328,126.5639136,2025-05-12,I,2026-05-15 18:45:39,2026-05-13 10:41:00
6520000,202665200000800184,제주특별자치도 서귀포시 안전총괄과,,제주특별자치도 서귀포시 대정읍 영락리 2169-4,재난재해,1,,시설 외부 360도,30,,064-760-3283,33.2458612816,126.204348017,2025-05-12,I,2026-05-15 18:45:39,2026-05-13 10:40:59
6520000,202665200000800136,제주특별자치도 서귀포시 안전총괄과,,제주특별자치도 서귀포시 대정읍 신도리 3076,재난재해,1,,시설 외부 360도,30,,064-760-3283,33.2764158092,126.1712769874,2025-05-12,I,2026-05-15 18:45:39,2026-05-13 10:40:59
6520000,202665200000800254,제주특별자치도 서귀포시 동부보건소,제주특별자치도 서귀포시 성산읍 고성오조로 42,제주특별자치도 서귀포시 성산읍 고성리 336-2,시설물관리,9,,성산보건지소 외부 청사,30,,064-760-6115,33.44655494,126.9157478,2025-05-12,I,2026-05-15 18:45:39,2026-05-13 10:41:00
6520000,202665200000800510,제주특별자치도 서귀포시 표선면,제주특별자치도 서귀포시 표선면 중산간동로5570번길 5-1,제주특별자치도 서귀포시 표선면 토산리 1376-2,시설물관리,6,,반경10M,30,,064-760-4462,33.3258413725,126.7654907085,2025-05-12,I,2026-05-15 18:45:39,2026-05-13 10:41:02
6520000,202665200000800230,제주특별자치도 서귀포시 교통행정과,,제주특별자치도 서귀포시 서귀동 28-3,시설물관리,12,,"서귀동 28-3, 자구리 공영주차장",30,,064-760-3138,33.2428699248,126.5666082175,2025-05-12,I,2026-05-15 18:45:39,2026-05-13 10:41:00
6520000,202665200000800238,제주특별자치도 서귀포시 교통행정과,제주특별자치도 서귀포시 칠십리로 523,제주특별자치도 서귀포시 보목동 393,시설물관리,12,,"보목동 393-4, 보목공영노외1주차장",30,,064-760-3138,33.24324132,126.6060817,2025-05-12,I,2026-05-15 18:45:39,2026-05-13 10:41:00
6520000,202665200000800518,제주특별자치도 서귀포시 송산동,,제주특별자치도 서귀포시 서귀동 558-15,시설물관리,2,,서귀동 558-15 일원,30,,064-760-4513,33.2445640783,126.5655394445,2025-05-12,I,2026-05-15 18:45:39,2026-05-13 10:41:02
6520000,202665200000800645,제주특별자치도 서귀포시 대륜동,제주특별자치도 서귀포시 호근북로 56,제주특별자치도 서귀포시 호근동 1141-5,시설물관리,3,,반경 5m,30,,064-760-4762,33.26177844,126.5303245,2025-05-12,I,2026-05-15 18:45:39,2026-05-13 10:41:04
6520000,202665200000800605,제주특별자치도 서귀포시 동홍동,제주특별자치도 서귀포시 태평로 550,제주특별자치도 서귀포시 동홍동 190-2,시설물관리,2,,클린하우스 인근,30,,064-760-4693,33.2524994324,126.576259881,2025-05-12,I,2026-05-15 18:45:39,2026-05-13 10:41:03
6520000,202665200000800513,제주특별자치도 서귀포시 표선면,제주특별자치도 서귀포시 표선면 서성일로 73-47,제주특별자치도 서귀포시 표선면 성읍리 1730-3,시설물관리,6,,반경10M,30,,064-760-4417,33.3997955459,126.7994090872,2025-05-12,I,2026-05-15 18:45:39,2026-05-13 10:41:02
6520000,202665200000800114,제주특별자치도 서귀포시 안전총괄과,,제주특별자치도 서귀포시 색달동 1713,재난재해,1,,시설 외부 360도,30,,064-760-3283,33.2633596864,126.4226005367,2025-05-12,I,2026-05-15 18:45:39,2026-05-13 10:40:59
6520000,202665200000800430,제주특별자치도 서귀포시 안덕면,,제주특별자치도 서귀포시 안덕면 서광리 324-3,시설물관리,2,,반경10m,30,,064-760-4366,33.2877226736,126.329329612,2025-05-12,I,2026-05-15 18:45:39,2026-05-13 10:41:01
6520000,202665200000800438,제주특별자치도 서귀포시 안덕면,,제주특별자치도 서귀포시 안덕면 상천리 470-20,시설물관리,2,,반경10m,30,,064-760-4366,33.3071981317,126.3818306458,2025-05-12,I,2026-05-15 18:45:39,2026-05-13 10:41:01
6520000,202665200000800186,제주특별자치도 서귀포시 안전총괄과,,제주특별자치도 서귀포시 남원읍 태흥리 364-3,재난재해,1,,시설 외부 360도,30,,064-760-3283,33.2880789057,126.7508877489,2025-05-12,I,2026-05-15 18:45:39,2026-05-13 10:40:59
6520000,202665200000800066,제주특별자치도 서귀포시 관광지관리소,제주특별자치도 서귀포시 남성중로 2-9,제주특별자치도 서귀포시 서홍동 680,시설물관리,12,,반경 10M,30,,064-760-6316,33.24383811,126.5598315,2025-05-12,I,2026-05-15 18:45:39,2026-05-13 10:40:59
6520000,202665200000800256,제주특별자치도 서귀포시 동부보건소,제주특별자치도 서귀포시 남원읍 신례중앙로 36-1,제주특별자치도 서귀포시 남원읍 신례리 1081-7,시설물관리,4,,신례보건진료소 외부 청사,30,,064-760-6115,33.28794913,126.6263887,2025-05-12,I,2026-05-15 18:45:39,2026-05-13 10:41:00
6520000,202665200000800403,제주특별자치도 서귀포시 성산읍,,제주특별자치도 서귀포시 성산읍 수산리 1143-1,생활방범,5,,수산리 1143-1 카메라주변,30,,064-760-4271,33.4432880133,126.8781015632,2025-05-12,I,2026-05-15 18:45:39,2026-05-13 10:41:01
6520000,202665200000800652,제주특별자치도 서귀포시 대륜동,제주특별자치도 서귀포시 서호남로 11,제주특별자치도 서귀포시 서호동 1528,시설물관리,3,,반경 5m,30,,064-760-4762,33.25131497,126.5138568,2025-05-12,I,2026-05-15 18:45:39,2026-05-13 10:41:04
6520000,202665200000800241,제주특별자치도 서귀포시 교통행정과,,제주특별자치도 서귀포시 안덕면 동광리 827,시설물관리,9,,"동광리 827, 안덕 동광육거리 공영주차장",30,,064-760-3138,33.3109979416,126.3416551728,2025-05-12,I,2026-05-15 18:45:39,2026-05-13 10:41:00
6520000,202665200000800087,제주특별자치도 서귀포시 해양수산과,제주특별자치도 서귀포시 남원읍 위미해안로 47,제주특별자치도 서귀포시 남원읍 위미리 2937-2,시설물관리,7,,서귀포시 남원읍 위미리 2937-2 등 위미항 일원,30,,064-760-2754,33.27074384,126.6588691,2025-05-12,I,2026-05-15 18:45:39,2026-05-13 10:40:59
6520000,202665200000800249,제주특별자치도 서귀포시 교통행정과,,제주특별자치도 서귀포시 안덕면 동광리 827,시설물관리,9,,안덕면 동관리 827 동광육거리 공영주차장,30,,064-760-3138,33.3109979416,126.3416551728,2025-05-12,I,2026-05-15 18:45:39,2026-05-13 10:41:00
6520000,202665200000800448,제주특별자치도 서귀포시 안덕면,,제주특별자치도 서귀포시 안덕면 창천리 777-5,시설물관리,3,,반경10m,30,,064-760-4366,33.2349147947,126.3670775388,2025-05-12,I,2026-05-15 18:45:39,2026-05-13 10:41:01
6520000,202665200000800440,제주특별자치도 서귀포시 안덕면,,제주특별자치도 서귀포시 안덕면 상창리 621,시설물관리,3,,반경10m,30,,064-760-4366,33.2740228514,126.3627587265,2025-05-12,I,2026-05-15 18:45:39,2026-05-13 10:41:01
6520000,202665200000800507,제주특별자치도 서귀포시 표선면,,제주특별자치도 서귀포시 표선면 성읍리 9,시설물관리,4,,반경10M,30,,064-760-4462,33.4276061409,126.8193916795,2025-05-12,I,2026-05-15 18:45:39,2026-05-13 10:41:02
6520000,202665200000800255,제주특별자치도 서귀포시 동부보건소,제주특별자치도 서귀포시 표선면 표선중앙로 17,제주특별자치도 서귀포시 표선면 표선리 312,시설물관리,7,,표선보건지소 외부 청사,30,,064-760-6115,33.33112995,126.8302633,2025-05-12,I,2026-05-15 18:45:39,2026-05-13 10:41:00
6520000,202665200000800655,제주특별자치도 서귀포시 대륜동,제주특별자치도 서귀포시 일주동로 9185,제주특별자치도 서귀포시 법환동 873-2,시설물관리,10,,건물 내·외부 및 승강기,30,,064-760-4753,33.24818748,126.5111842,2025-05-12,I,2026-05-15 18:45:39,2026-05-13 10:41:04
6520000,202665200000800534,제주특별자치도 서귀포시 정방동,,제주특별자치도 서귀포시 서귀동 127-3,쓰레기단속,2,,서귀동127-4 (가야밀면 남쪽 클린하우스) 클린하우스 앞 정면 5m,30,,064-760-4536,33.2464053076,126.5681665575,2025-05-12,I,2026-05-15 18:45:39,2026-05-13 10:41:02
6520000,202665200000800429,제주특별자치도 서귀포시 안덕면,,제주특별자치도 서귀포시 안덕면 서광리 366-9,시설물관리,2,,반경10m,30,,064-760-4366,33.2894427177,126.3255017905,2025-05-12,I,2026-05-15 18:45:39,2026-05-13 10:41:01
6520000,202665200000800195,제주특별자치도 서귀포시 안전총괄과,,제주특별자치도 서귀포시 안덕면 화순리 1929,재난재해,1,,시설 외부 360도,30,,064-760-3283,33.2439149768,126.3417781043,2025-05-12,I,2026-05-15 18:45:39,2026-05-13 10:41:00
6520000,202665200000800420,제주특별자치도 서귀포시 안덕면,제주특별자치도 서귀포시 안덕면 형제해안로 13,제주특별자치도 서귀포시 안덕면 사계리 2147-32,시설물관리,2,,반경10m,30,,064-760-4366,33.22806467,126.3053971,2025-05-12,I,2026-05-15 18:45:39,2026-05-13 10:41:01
6520000,202665200000800428,제주특별자치도 서귀포시 안덕면,제주특별자치도 서귀포시 안덕면 서광남로82번길 49,제주특별자치도 서귀포시 안덕면 서광리 2165-5,시설물관리,3,,반경10m,30,,064-760-4366,33.2851657,126.3024781,2025-05-12,I,2026-05-15 18:45:39,2026-05-13 10:41:01
6520000,202665200000800492,제주특별자치도 서귀포시 표선면,,제주특별자치도 서귀포시 표선면 표선리 2919-2,시설물관리,2,,반경10M,30,,064-760-4462,33.3079647949,126.812727747,2025-05-12,I,2026-05-15 18:45:39,2026-05-13 10:41:02
6520000,202665200000800223,제주특별자치도 서귀포시 교통행정과,,제주특별자치도 서귀포시 대정읍 하모리 964-2,시설물관리,8,,"하모리 964-2, 대정하모 공영노외2주차장",30,,064-760-3138,33.2230388773,126.2520070823,2025-05-12,I,2026-05-15 18:45:39,2026-05-13 10:41:00
6520000,202665200000800421,제주특별자치도 서귀포시 안덕면,,제주특별자치도 서귀포시 안덕면 사계리 1838-2,시설물관리,4,,반경10m,30,,064-760-4366,33.2330050547,126.301440463,2025-05-12,I,2026-05-15 18:45:39,2026-05-13 10:41:01
6520000,202665200000800482,제주특별자치도 서귀포시 표선면,제주특별자치도 서귀포시 표선면 돈오름로 55,제주특별자치도 서귀포시 표선면 세화리 669-5,시설물관리,2,,반경10M,30,,064-760-4462,33.3330691001,126.8040637276,2025-05-12,I,2026-05-15 18:45:39,2026-05-13 10:41:02
6520000,202665200000800571,제주특별자치도 서귀포시 효돈동,,제주특별자치도 서귀포시 하효동 488,생활방범,1,,360도 회전,30,,064-760-4621,33.2606706609,126.6210146493,2025-05-12,I,2026-05-15 18:45:39,2026-05-13 10:41:03
6520000,202665200000800579,제주특별자치도 서귀포시 효돈동,,제주특별자치도 서귀포시 신효동 820-4,시설물관리,2,,반경5m,30,,064-760-4642,33.2639243648,126.6123751797,2025-05-12,I,2026-05-15 18:45:39,2026-05-13 10:41:03
6520000,202665200000800268,제주특별자치도 서귀포시 동부보건소,제주특별자치도 서귀포시 성산읍 수산서남로 17-1,제주특별자치도 서귀포시 성산읍 수산리 703-3,시설물관리,4,,수산보건진료소 외부 청사,30,,064-760-6115,33.44602762,126.8827174,2025-05-12,I,2026-05-15 18:45:39,2026-05-13 10:41:00
6520000,202665200000800260,제주특별자치도 서귀포시 동부보건소,제주특별자치도 서귀포시 표선면 중산간동로 5561,제주특별자치도 서귀포시 표선면 토산리 1364-2,시설물관리,4,,토산보건진료소 외부 청사,30,,064-760-6115,33.32623555,126.7670172,2025-05-12,I,2026-05-15 18:45:39,2026-05-13 10:41:00
6520000,202665200000800315,제주특별자치도 서귀포시 대정읍,제주특별자치도 서귀포시 대정읍 영락중동로 11,제주특별자치도 서귀포시 대정읍 영락리 1282-2,시설물관리,5,,영락중동로 11,30,,064-760-4062,33.25845192,126.210761,2025-05-12,I,2026-05-15 18:45:39,2026-05-13 10:41:00
6520000,202665200000800365,제주특별자치도 서귀포시 성산읍,제주특별자치도 서귀포시 성산읍 난고로34번길 90-20,제주특별자치도 서귀포시 성산읍 고성리 917-1,시설물관리,3,,클린하우스 주변,30,,064-760-4262,33.4415849437,126.9106644421,2025-05-12,I,2026-05-15 18:45:39,2026-05-13 10:41:01
6520000,202665200000800143,제주특별자치도 서귀포시 안전총괄과,,제주특별자치도 서귀포시 남원읍 태흥리 73,재난재해,1,,시설 외부 360도,30,,064-760-3283,33.27944812,126.7244167,2025-05-12,I,2026-05-15 18:45:39,2026-05-13 10:40:59
6520000,202665200000800640,제주특별자치도 서귀포시 대륜동,제주특별자치도 서귀포시 신중로 56,제주특별자치도 서귀포시 법환동 734,시설물관리,4,,반경 5m,30,,064-760-4762,33.2541065,126.5107976,2025-05-12,I,2026-05-15 18:45:39,2026-05-13 10:41:04
6520000,202665200000800648,제주특별자치도 서귀포시 대륜동,,제주특별자치도 서귀포시 호근동 1786-2,시설물관리,3,,반경 5m,30,,064-760-4762,33.2575184869,126.52683792,2025-05-12,I,2026-05-15 18:45:39,2026-05-13 10:41:04
6520000,202665200000800095,제주특별자치도 서귀포시 해양수산과,,제주특별자치도 서귀포시 대포동 2184-11,시설물관리,3,,서귀포시 대포동 2184-11 등 대포포구 일원,30,,064-760-2754,33.2384609298,126.4389094903,2025-05-12,I,2026-05-15 18:45:39,2026-05-13 10:40:59
6520000,202665200000800104,제주특별자치도 서귀포시 공원녹지과,,제주특별자치도 서귀포시 동홍동 산 23,시설물관리,9,,360도,30,,064-760-3395,33.3029747925,126.5510338014,2025-05-12,I,2026-05-15 18:45:39,2026-05-13 10:40:59
6520000,202665200000800416,제주특별자치도 서귀포시 안덕면,,제주특별자치도 서귀포시 안덕면 화순리 1999,시설물관리,2,,반경10m,30,,064-760-4366,33.251668598,126.3272427484,2025-05-12,I,2026-05-15 18:45:39,2026-05-13 10:41:01
6520000,202665200000800537,제주특별자치도 서귀포시 중앙동,제주특별자치도 서귀포시 동문로 39,제주특별자치도 서귀포시 서귀동 269-4,시설물관리,55,,"센터 및 부속시설 내,외부",30,,064-760-4565,33.25063519,126.5649939,2025-05-12,I,2026-05-15 18:45:39,2026-05-13 10:41:02
6520000,202665200000800523,제주특별자치도 서귀포시 송산동,제주특별자치도 서귀포시 칠십리로485번길 27,제주특별자치도 서귀포시 보목동 869,시설물관리,2,,보목동 869-1 일원,30,,064-760-4513,33.24396843,126.6011979,2025-05-12,I,2026-05-15 18:45:39,2026-05-13 10:41:02
6520000,202665200000800345,제주특별자치도 서귀포시 성산읍,제주특별자치도 서귀포시 성산읍 중산간동로 3330-34,제주특별자치도 서귀포시 성산읍 수산리 1084,시설물관리,6,,재활용도움센터 내외부,30,,064-760-4263,33.4437614462,126.880511155,2025-05-12,I,2026-05-15 18:45:39,2026-05-13 10:41:01
6520000,202665200000800065,제주특별자치도 서귀포시 도서관운영사무소,제주특별자치도 서귀포시 표선면 표선백사로110번길 17-10,제주특별자치도 서귀포시 표선면 표선리 40-65,시설물관리,5,,반경10M,30,,064-760-3754,33.3237750711,126.8384959815,2025-05-12,I,2026-05-15 18:45:39,2026-05-13 10:40:59
6520000,202665200000800046,제주특별자치도 서귀포시 체육진흥과,제주특별자치도 서귀포시 토평남로 47-13,제주특별자치도 서귀포시 토평동 1128-1,시설물관리,7,,시설 내 외부,30,,064-760-3626,33.2623415114,126.5895314738,2025-05-12,I,2026-05-15 18:45:39,2026-05-13 10:40:59
6520000,202665200000800148,제주특별자치도 서귀포시 안전총괄과,,제주특별자치도 서귀포시 안덕면 상천리 산 99-4,재난재해,1,,시설 외부 360도,30,,064-760-3283,33.3268408688,126.3811353956,2025-05-12,I,2026-05-15 18:45:39,2026-05-13 10:40:59
6520000,202665200000800140,제주특별자치도 서귀포시 안전총괄과,,제주특별자치도 서귀포시 서홍동 718-3,재난재해,1,,시설 외부 360도,30,,064-760-3283,33.2415978261,126.5583833453,2025-05-12,I,2026-05-15 18:45:39,2026-05-13 10:40:59
6520000,202665200000800270,제주특별자치도 서귀포시 서부보건소,제주특별자치도 서귀포시 대정읍 최남단해안로15번길 12,제주특별자치도 서귀포시 대정읍 하모리 767-8,시설물관리,11,,반경 10m,30,,064-760-6212,33.21867194,126.2532449,2025-05-12,I,2026-05-15 18:45:39,2026-05-13 10:41:00
6520000,202665200000800278,제주특별자치도 서귀포시 서부보건소,제주특별자치도 서귀포시 대정읍 중산간서로 2364,제주특별자치도 서귀포시 대정읍 구억리 972-1,시설물관리,4,,반경 10m,30,,064-760-6212,33.27424732,126.2798232,2025-05-12,I,2026-05-15 18:45:39,2026-05-13 10:41:00
6520000,202665200000800107,제주특별자치도 서귀포시 산림휴양관리소,제주특별자치도 서귀포시 1100로 882,제주특별자치도 서귀포시 대포동 산 1-8,시설물관리,15,,반경 30M,30,,064-760-3063,33.31150196,126.4587547,2025-05-12,I,2026-05-15 18:45:39,2026-05-13 10:40:59
6520000,202665200000800173,제주특별자치도 서귀포시 안전총괄과,제주특별자치도 서귀포시 대정읍 마라로 129,제주특별자치도 서귀포시 대정읍 가파리 683,재난재해,1,,시설 외부 360도,30,,064-760-3283,33.11400764,126.2680381,2025-05-12,I,2026-05-15 18:45:39,2026-05-13 10:40:59
6520000,202665200000800622,제주특별자치도 서귀포시 서홍동,제주특별자치도 서귀포시 중앙로 189,제주특별자치도 서귀포시 서홍동 305-2,시설물관리,2,,클린하우스 인근,30,,064-760-4748,33.26089381,126.5578298,2025-05-12,I,2026-05-15 18:45:39,2026-05-13 10:41:04
6520000,202665200000800497,제주특별자치도 서귀포시 표선면,제주특별자치도 서귀포시 표선면 일주동로 5915,제주특별자치도 서귀포시 표선면 표선리 2075,시설물관리,3,,반경10M,30,,064-760-4462,33.32866813,126.8225164,2025-05-12,I,2026-05-15 18:45:39,2026-05-13 10:41:02
6520000,202665200000800570,제주특별자치도 서귀포시 효돈동,,제주특별자치도 서귀포시 신효동 232-1,생활방범,1,,360도 회전,30,,064-760-4621,33.2672907306,126.6155916577,2025-05-12,I,2026-05-15 18:45:39,2026-05-13 10:41:03
6520000,202665200000800578,제주특별자치도 서귀포시 효돈동,,제주특별자치도 서귀포시 신효동 798,시설물관리,2,,반경5m,30,,064-760-4642,33.2620173648,126.6112228767,2025-05-12,I,2026-05-15 18:45:39,2026-05-13 10:41:03
6520000,202665200000800272,제주특별자치도 서귀포시 서부보건소,제주특별자치도 서귀포시 안덕면 화순중앙로12번길 30-9,제주특별자치도 서귀포시 안덕면 화순리 1158-11,시설물관리,4,,반경 10m,30,,064-760-6212,33.2505864546,126.3313995951,2025-05-12,I,2026-05-15 18:45:39,2026-05-13 10:41:00
6520000,202665200000800435,제주특별자치도 서귀포시 안덕면,,제주특별자치도 서귀포시 안덕면 동광리 1590,시설물관리,2,,반경10m,30,,064-760-4366,33.304961598,126.3381233199,2025-05-12,I,2026-05-15 18:45:39,2026-05-13 10:41:01
6520000,202665200000800449,제주특별자치도 서귀포시 안덕면,제주특별자치도 서귀포시 안덕면 일주서로 1519,제주특별자치도 서귀포시 안덕면 감산리 346-2,시설물관리,4,,반경10m,30,,064-760-4366,33.2582459535,126.3539487233,2025-05-12,I,2026-05-15 18:45:39,2026-05-13 10:41:01
6520000,202665200000800441,제주특별자치도 서귀포시 안덕면,,제주특별자치도 서귀포시 안덕면 상창리 594-16,시설물관리,2,,반경10m,30,,064-760-4366,33.2735770804,126.3645091243,2025-05-12,I,2026-05-15 18:45:39,2026-05-13 10:41:01
6520000,202665200000800475,제주특별자치도 서귀포시 표선면,제주특별자치도 서귀포시 표선면 표선중앙로43번길 20,제주특별자치도 서귀포시 표선면 표선리 580-1,시설물관리,2,,반경10M,30,,064-760-4462,33.3284180564,126.832809455,2025-05-12,I,2026-05-15 18:45:39,2026-05-13 10:41:02
6520000,202665200000800024,제주특별자치도 서귀포시 여성가족과,제주특별자치도 서귀포시 천제연로185번길 11-1,제주특별자치도 서귀포시 중문동 2073-36,시설물관리,12,,시설전반,30,,064-760-4872,33.2530810951,126.4243918966,2025-05-12,I,2026-05-15 18:45:39,2026-05-13 10:40:58
6520000,202665200000800562,제주특별자치도 서귀포시 효돈동,제주특별자치도 서귀포시 하효중앙로 132,제주특별자치도 서귀포시 하효동 236,생활방범,1,,반경10m,30,,064-760-4621,33.26201946,126.6189108,2025-05-12,I,2026-05-15 18:45:39,2026-05-13 10:41:03
6520000,202665200000800654,제주특별자치도 서귀포시 대륜동,제주특별자치도 서귀포시 호근북로 122,제주특별자치도 서귀포시 호근동 1114,시설물관리,2,,반경 5m,30,,064-760-4762,33.26692094,126.5330489,2025-05-12,I,2026-05-15 18:45:39,2026-05-13 10:41:04
6520000,202665200000800244,제주특별자치도 서귀포시 교통행정과,제주특별자치도 서귀포시 이중섭로 5-11,제주특별자치도 서귀포시 서귀동 403-2,시설물관리,5,,"서귀동 403-2, 정방 공영주차장",30,,064-760-3138,33.2477910742,126.5654300818,2025-05-12,I,2026-05-15 18:45:39,2026-05-13 10:41:00
6520000,202665200000800307,제주특별자치도 서귀포시 대정읍,,제주특별자치도 서귀포시 대정읍 하모리 908,시설물관리,3,,하모리 908,30,,064-760-4062,33.2223321927,126.2528121772,2025-05-12,I,2026-05-15 18:45:39,2026-05-13 10:41:00
6520000,202665200000800274,제주특별자치도 서귀포시 서부보건소,제주특별자치도 서귀포시 대정읍 마라로101번길 22,제주특별자치도 서귀포시 대정읍 가파리 650,시설물관리,3,,반경 10m,30,,064-760-6212,33.11653482,126.2671941,2025-05-12,I,2026-05-15 18:45:39,2026-05-13 10:41:00
6520000,202665200000800005,제주특별자치도 서귀포시 평생교육과,제주특별자치도 서귀포시 서문로29번길 10,제주특별자치도 서귀포시 서귀동 321-10,시설물관리,26,,반경 10M,30,,064-760-2262,33.24930428,126.5585438,2025-05-12,I,2026-05-15 18:45:39,2026-05-13 10:40:58
6520000,202665200000800055,제주특별자치도 서귀포시 체육진흥과,제주특별자치도 서귀포시 안덕면 화순서서로 89,제주특별자치도 서귀포시 안덕면 화순리 2026-36,시설물관리,27,,시설 내 외부,30,,064-760-3626,33.2588874113,126.3279080177,2025-05-12,I,2026-05-15 18:45:39,2026-05-13 10:40:59
6520000,202665200000800305,제주특별자치도 서귀포시 대정읍,,제주특별자치도 서귀포시 대정읍 하모리 1173-1,시설물관리,3,,하모리 1173-1,30,,064-760-4062,33.2236790379,126.2480870834,2025-05-12,I,2026-05-15 18:45:39,2026-05-13 10:41:00
6520000,202665200000800258,제주특별자치도 서귀포시 동부보건소,제주특별자치도 서귀포시 남원읍 한신로 220,제주특별자치도 서귀포시 남원읍 의귀리 1486-3,시설물관리,4,,의귀보건진료소 외부 청사,30,,064-760-6115,33.30972013,126.7147705,2025-05-12,I,2026-05-15 18:45:39,2026-05-13 10:41:00
6520000,202665200000800250,제주특별자치도 서귀포시 보건행정과,제주특별자치도 서귀포시 중앙로101번길 52,제주특별자치도 서귀포시 서홍동 447-3,시설물관리,8,,주차장 및 건물 내외부,30,,064-760-6048,33.25348127,126.5553573,2025-05-12,I,2026-05-15 18:45:39,2026-05-13 10:41:00
6520000,202665200000800144,제주특별자치도 서귀포시 안전총괄과,제주특별자치도 서귀포시 표선면 민속해안로 566-9,제주특별자치도 서귀포시 표선면 표선리 1-2,재난재해,1,,시설 외부 360도,30,,064-760-3283,33.32505466,126.8458039,2025-05-12,I,2026-05-15 18:45:39,2026-05-13 10:40:59
6520000,202665200000800612,제주특별자치도 서귀포시 동홍동,제주특별자치도 서귀포시 동홍서로 7,제주특별자치도 서귀포시 동홍동 392-1,시설물관리,2,,클린하우스 인근,30,,064-760-4693,33.24987176,126.5705139,2025-05-12,I,2026-05-15 18:45:39,2026-05-13 10:41:03
6520000,202665200000800084,제주특별자치도 서귀포시 해양수산과,제주특별자치도 서귀포시 남성중로 39,제주특별자치도 서귀포시 서홍동 705-5,시설물관리,20,,서귀포시 서홍동 705-5 등 서귀포항 일원,30,,064-760-2754,33.2407833479,126.5591335904,2025-05-12,I,2026-05-15 18:45:39,2026-05-13 10:40:59
6520000,202665200000800555,제주특별자치도 서귀포시 천지동,제주특별자치도 서귀포시 서문서로 43,제주특별자치도 서귀포시 서귀동 304-4,시설물관리,3,,"서귀포시 서귀동 304-4, 천지공원(어린이놀이터) 앞 클린하우스",30,,064-760-4603,33.2511839846,126.5585140545,2025-05-12,I,2026-05-15 18:45:39,2026-05-13 10:41:02
6520000,202665200000800324,제주특별자치도 서귀포시 대정읍,제주특별자치도 서귀포시 대정읍 신평로 10,제주특별자치도 서귀포시 대정읍 신평리 564-1,시설물관리,5,,신평로 10,30,,064-760-4062,33.2674334587,126.2595254239,2025-05-12,I,2026-05-15 18:45:39,2026-05-13 10:41:01
6520000,202665200000800115,제주특별자치도 서귀포시 안전총괄과,,제주특별자치도 서귀포시 도순동 1185-1,재난재해,1,,시설 외부 360도,30,,064-760-3283,33.2591550627,126.4747981337,2025-05-12,I,2026-05-15 18:45:39,2026-05-13 10:40:59
6520000,202665200000800243,제주특별자치도 서귀포시 교통행정과,제주특별자치도 서귀포시 동홍중앙로 56,제주특별자치도 서귀포시 동홍동 470-1,시설물관리,29,,"동홍동 470-1, 동홍2공영주차빌딩",30,,064-760-3138,33.25544842,126.5722643,2025-05-12,I,2026-05-15 18:45:39,2026-05-13 10:41:00
6520000,202665200000800493,제주특별자치도 서귀포시 표선면,,제주특별자치도 서귀포시 표선면 가시리 2316-1,시설물관리,2,,반경10M,30,,064-760-4462,33.3517796885,126.7656381986,2025-05-12,I,2026-05-15 18:45:39,2026-05-13 10:41:02
6520000,202665200000800216,제주특별자치도 서귀포시 교통행정과,제주특별자치도 서귀포시 토평공단로 20,제주특별자치도 서귀포시 토평동 1768-1,시설물관리,7,,"서귀포시 토평공단로 20, 공영버스 차고지
차고지4개소, 사무실2개소, 정비동 1개소",30,,064-760-3114,33.2846606365,126.5886717081,2025-05-12,I,2026-05-15 18:45:39,2026-05-13 10:41:00
6520000,202665200000800503,제주특별자치도 서귀포시 표선면,제주특별자치도 서귀포시 표선면 표선동서로 203-1,제주특별자치도 서귀포시 표선면 표선리 1001-1,시설물관리,4,,반경10M,30,,064-760-4462,33.3227171973,126.8303826235,2025-05-12,I,2026-05-15 18:45:39,2026-05-13 10:41:02
6520000,202665200000800033,제주특별자치도 서귀포시 문화예술과,제주특별자치도 서귀포시 동홍로 30,제주특별자치도 서귀포시 동홍동 396-1,시설물관리,54,,시민문화체육복합센터 내·외부,30,,064-760-2495,33.2510345582,126.5684695986,2025-05-12,I,2026-05-15 18:45:39,2026-05-13 10:40:58
6520000,202665200000800317,제주특별자치도 서귀포시 대정읍,제주특별자치도 서귀포시 대정읍 서삼중로 128-1,제주특별자치도 서귀포시 대정읍 무릉리 3314-1,시설물관리,5,,서삼중로 128-1,30,,064-760-4062,33.27346043,126.1989563,2025-05-12,I,2026-05-15 18:45:39,2026-05-13 10:41:00
6520000,202665200000800487,제주특별자치도 서귀포시 표선면,제주특별자치도 서귀포시 표선면 표선백사로110번길 23,제주특별자치도 서귀포시 표선면 표선리 40-66,시설물관리,2,,반경10M,30,,064-760-4462,33.32338124,126.8383556,2025-05-12,I,2026-05-15 18:45:39,2026-05-13 10:41:02
6520000,202665200000800387,제주특별자치도 서귀포시 성산읍,,제주특별자치도 서귀포시 성산읍 고성리 2321-1,시설물관리,1,,설치장소 주변,30,,064-760-4262,33.4500935061,126.9033616095,2025-05-12,I,2026-05-15 18:45:39,2026-05-13 10:41:01
6520000,202665200000800226,제주특별자치도 서귀포시 교통행정과,,제주특별자치도 서귀포시 남원읍 남원리 180,시설물관리,20,,"남원리 180, 남원 비안동 공영주차장",30,,064-760-3138,33.2800573961,126.7183420739,2025-05-12,I,2026-05-15 18:45:39,2026-05-13 10:41:00
6520000,202665200000800498,제주특별자치도 서귀포시 표선면,제주특별자치도 서귀포시 표선면 서성일로 74,제주특별자치도 서귀포시 표선면 성읍리 468-5,시설물관리,2,,반경10M,30,,064-760-4462,33.3977398,126.8044468,2025-05-12,I,2026-05-15 18:45:39,2026-05-13 10:41:02
6520000,202665200000800490,제주특별자치도 서귀포시 표선면,,제주특별자치도 서귀포시 표선면 토산리 425-10,시설물관리,2,,반경10M,30,,064-760-4462,33.3064575692,126.7835568637,2025-05-12,I,2026-05-15 18:45:39,2026-05-13 10:41:02
6520000,202665200000800624,제주특별자치도 서귀포시 서홍동,,제주특별자치도 서귀포시 서홍동 382-1,시설물관리,2,,클린하우스 인근,30,,064-760-4748,33.2575806983,126.5582387031,2025-05-12,I,2026-05-15 18:45:39,2026-05-13 10:41:04
6520000,202665200000800520,제주특별자치도 서귀포시 송산동,,제주특별자치도 서귀포시 보목동 562,시설물관리,2,,보목동 566-3 일원,30,,064-760-4513,33.2394720906,126.6068701753,2025-05-12,I,2026-05-15 18:45:39,2026-05-13 10:41:02
6520000,202665200000800528,제주특별자치도 서귀포시 정방동,제주특별자치도 서귀포시 태평로421번길 7,제주특별자치도 서귀포시 서귀동 540-3,생활방범,1,,"서귀포시 태평로421번길 7, 정방동주민센터 민원실 내부",30,,064-760-4542,33.24586036,126.5651044,2025-05-12,I,2026-05-15 18:45:39,2026-05-13 10:41:02
6520000,202665200000800308,제주특별자치도 서귀포시 대정읍,제주특별자치도 서귀포시 대정읍 최남단해안로 120,제주특별자치도 서귀포시 대정읍 하모리 646-20,시설물관리,6,,하모리 646-20,30,,064-760-4062,33.21006508,126.2583798,2025-05-12,I,2026-05-15 18:45:39,2026-05-13 10:41:00
6520000,202665200000800300,제주특별자치도 서귀포시 대정읍,제주특별자치도 서귀포시 대정읍 신영로36번길 69-11,제주특별자치도 서귀포시 대정읍 하모리 1089-40,시설물관리,4,,신영로36번길 69-11,30,,064-760-4062,33.22056722,126.2474831,2025-05-12,I,2026-05-15 18:45:39,2026-05-13 10:41:00
6520000,202665200000800248,제주특별자치도 서귀포시 교통행정과,제주특별자치도 서귀포시 대정읍 상모로 306-1,제주특별자치도 서귀포시 대정읍 상모리 3964-1,시설물관리,8,,대정읍 상모리 3964-1 대정상모공영노외1주차장,30,,064-760-3138,33.22324159,126.2563765,2025-05-12,I,2026-05-15 18:45:39,2026-05-13 10:41:00
6520000,202665200000800406,제주특별자치도 서귀포시 성산읍,,제주특별자치도 서귀포시 성산읍 고성리 62-3,시설물관리,8,,섭지코지주차장 내,30,,064-760-4282,33.4238624788,126.9290133256,2025-05-12,I,2026-05-15 18:45:39,2026-05-13 10:41:01
6520000,202665200000800240,제주특별자치도 서귀포시 교통행정과,제주특별자치도 서귀포시 중동로 69-3,제주특별자치도 서귀포시 동홍동 395-2,시설물관리,66,,"동홍동 395-2, 동홍1공영주차빌딩",30,,064-760-3138,33.2504046488,126.5688326011,2025-05-12,I,2026-05-15 18:45:39,2026-05-13 10:41:00
6520000,202665200000800524,제주특별자치도 서귀포시 송산동,,제주특별자치도 서귀포시 서귀동 738-1,시설물관리,2,,서귀동 738-2 일원,30,,064-760-4513,33.2426830555,126.5661963475,2025-05-12,I,2026-05-15 18:45:39,2026-05-13 10:41:02
6520000,202665200000800092,제주특별자치도 서귀포시 해양수산과,제주특별자치도 서귀포시 남원읍 남태해안로 508,제주특별자치도 서귀포시 남원읍 태흥리 364-4,시설물관리,1,,서귀포시 남원읍 태흥리 364-4 등 태흥2리항 일원,30,,064-760-2754,33.28678692,126.7504825,2025-05-12,I,2026-05-15 18:45:39,2026-05-13 10:40:59
6520000,202665200000800007,제주특별자치도 서귀포시 주민복지과,제주특별자치도 서귀포시 성산읍 일출로 14-11,제주특별자치도 서귀포시 성산읍 고성리 1108,시설물관리,36,,복지관 전체,30,,064-760-2524,33.4466837386,126.9132007433,2025-05-12,I,2026-05-15 18:45:39,2026-05-13 10:40:58
6520000,202665200000800665,제주특별자치도 서귀포시 중문동,,제주특별자치도 서귀포시 대포동 1598-4,생활방범,3,,대포동 1598-4번지 일원,30,,064-760-4837,33.2429153393,126.4320039138,2025-05-12,I,2026-05-15 18:45:39,2026-05-13 10:41:04
6520000,202665200000800540,제주특별자치도 서귀포시 중앙동,제주특별자치도 서귀포시 중앙로62번길 20,제주특별자치도 서귀포시 서귀동 277-1,시설물관리,5,,"클린하우스 내,외부",30,,064-760-4565,33.2503908,126.5635907,2025-05-12,I,2026-05-15 18:45:39,2026-05-13 10:41:02
6520000,202665200000800548,제주특별자치도 서귀포시 중앙동,,제주특별자치도 서귀포시 서귀동 250-4,시설물관리,1,,반경 30m,30,,064-760-4565,33.2503629461,126.5683472979,2025-05-12,I,2026-05-15 18:45:39,2026-05-13 10:41:02
6520000,202665200000800125,제주특별자치도 서귀포시 안전총괄과,,제주특별자치도 서귀포시 남원읍 하례리 1642,재난재해,1,,시설 외부 360도,30,,064-760-3283,33.2868717196,126.6074877069,2025-05-12,I,2026-05-15 18:45:39,2026-05-13 10:40:59
6520000,202665200000800602,제주특별자치도 서귀포시 동홍동,,제주특별자치도 서귀포시 동홍동 426-7,시설물관리,2,,클린하우스 인근,30,,064-760-4693,33.2514762159,126.5698688565,2025-05-12,I,2026-05-15 18:45:39,2026-05-13 10:41:03
6520000,202665200000800322,제주특별자치도 서귀포시 대정읍,제주특별자치도 서귀포시 대정읍 단산로 90,제주특별자치도 서귀포시 대정읍 안성리 1560-1,시설물관리,3,,안성리 1560-1,30,,064-760-4062,33.2479444759,126.2850463976,2025-05-12,I,2026-05-15 18:45:39,2026-05-13 10:41:01
6520000,202665200000800567,제주특별자치도 서귀포시 효돈동,제주특별자치도 서귀포시 하효중앙로 98,제주특별자치도 서귀포시 하효동 665-10,생활방범,1,,반경10m,30,,064-760-4621,33.2593098532,126.6197561776,2025-05-12,I,2026-05-15 18:45:39,2026-05-13 10:41:03
6520000,202665200000800340,제주특별자치도 서귀포시 성산읍,제주특별자치도 서귀포시 성산읍 신천동로 26,제주특별자치도 서귀포시 성산읍 신천리 541-4,시설물관리,6,,재활용도움센터 내외부,30,,064-760-4263,33.345555318,126.8546880229,2025-05-12,I,2026-05-15 18:45:39,2026-05-13 10:41:01
6520000,202665200000800348,제주특별자치도 서귀포시 성산읍,제주특별자치도 서귀포시 성산읍 일주동로 3916,제주특별자치도 서귀포시 성산읍 시흥리 980-21,시설물관리,6,,재활용도움센터 내외부,30,,064-760-4263,33.4761520037,126.8989934536,2025-05-12,I,2026-05-15 18:45:39,2026-05-13 10:41:01
6520000,202665200000800572,제주특별자치도 서귀포시 효돈동,,제주특별자치도 서귀포시 하효동 60-4,생활방범,1,,360도 회전,30,,064-760-4621,33.2652914663,126.6194637183,2025-05-12,I,2026-05-15 18:45:39,2026-05-13 10:41:03
6520000,202665200000800595,제주특별자치도 서귀포시 동홍동,,제주특별자치도 서귀포시 동홍동 1687-1,시설물관리,2,,클린하우스 인근,30,,064-760-4693,33.264947848,126.5634187986,2025-05-12,I,2026-05-15 18:45:39,2026-05-13 10:41:03
6520000,202665200000800373,제주특별자치도 서귀포시 성산읍,제주특별자치도 서귀포시 성산읍 성산등용로 100-9,제주특별자치도 서귀포시 성산읍 성산리 347-15,시설물관리,2,,클린하우스 주변,30,,064-760-4262,33.47073125,126.930907,2025-05-12,I,2026-05-15 18:45:39,2026-05-13 10:41:01
6520000,202665200000800153,제주특별자치도 서귀포시 안전총괄과,,제주특별자치도 서귀포시 표선면 성읍리 2197-3,재난재해,1,,시설 외부 360도,30,,064-760-3283,33.3822597524,126.7922843526,2025-05-12,I,2026-05-15 18:45:39,2026-05-13 10:40:59
6520000,202665200000800363,제주특별자치도 서귀포시 성산읍,제주특별자치도 서귀포시 성산읍 동류암로36번길 5,제주특별자치도 서귀포시 성산읍 고성리 298-1,시설물관리,3,,클린하우스 주변,30,,064-760-4262,33.449668512,126.916198319,2025-05-12,I,2026-05-15 18:45:39,2026-05-13 10:41:01
6520000,202665200000800633,제주특별자치도 서귀포시 대륜동,제주특별자치도 서귀포시 신서귀로 87,제주특별자치도 서귀포시 법환동 731-2,시설물관리,5,,반경 5m,30,,064-760-4762,33.25632666,126.5107507,2025-05-12,I,2026-05-15 18:45:39,2026-05-13 10:41:04
6520000,202665200000800615,제주특별자치도 서귀포시 동홍동,제주특별자치도 서귀포시 태평로 495,제주특별자치도 서귀포시 동홍동 385,시설물관리,2,,클린하우스 인근,30,,064-760-4693,33.2495785864,126.5710222482,2025-05-12,I,2026-05-15 18:45:39,2026-05-13 10:41:03
6520000,202665200000800003,제주특별자치도 서귀포시 총무과,제주특별자치도 서귀포시 중앙로 105,제주특별자치도 서귀포시 서홍동 440-1,시설물관리,98,,청사 내외부,30,,064-760-3431,33.25420363,126.5602182,2025-05-12,I,2026-05-15 18:45:39,2026-05-13 10:40:58
6520000,202665200000800398,제주특별자치도 서귀포시 성산읍,,제주특별자치도 서귀포시 성산읍 오조리 1964-3,생활방범,5,,오조리 1964-3 카메라주변,30,,064-760-4271,33.4587542882,126.8885325406,2025-05-12,I,2026-05-15 18:45:39,2026-05-13 10:41:01
6520000,202665200000800390,제주특별자치도 서귀포시 성산읍,,제주특별자치도 서귀포시 성산읍 수산리 2381-3,생활방범,4,,수산리 2381-3 카메라주변,30,,064-760-4271,33.4424707411,126.8646733994,2025-05-12,I,2026-05-15 18:45:39,2026-05-13 10:41:01
6520000,202665200000800191,제주특별자치도 서귀포시 안전총괄과,,제주특별자치도 서귀포시 대정읍 신도리 105-2,재난재해,1,,시설 외부 360도,30,,064-760-3283,33.2857966995,126.2126729298,2025-05-12,I,2026-05-15 18:45:39,2026-05-13 10:41:00
6520000,202665200000800199,제주특별자치도 서귀포시 안전총괄과,,제주특별자치도 서귀포시 성산읍 오조리 124-4,재난재해,1,,시설 외부 361도,30,,064-760-3154,33.4574885329,126.9150868859,2025-05-12,I,2026-05-15 18:45:39,2026-05-13 10:41:00
6520000,202665200000800674,제주특별자치도 서귀포시 중문동,제주특별자치도 서귀포시 대포중앙로 5,제주특별자치도 서귀포시 대포동 735,생활방범,3,,대포동 735번지 일원,30,,064-760-4837,33.2505465439,126.4338985831,2025-05-12,I,2026-05-15 18:45:39,2026-05-13 10:41:10
6520000,202665200000800081,제주특별자치도 서귀포시 경제일자리과,제주특별자치도 서귀포시 1100로 506-1,제주특별자치도 서귀포시 하원동 산 70,시설물관리,7,,"천문관입구, 1층 복도, 2층 복도
2층 계단입구, 강의실, 전시실, 관측실",30,,064-760-6492,33.2888519762,126.460413683,2025-05-12,I,2026-05-15 18:45:39,2026-05-13 10:40:59
6520000,202665200000800089,제주특별자치도 서귀포시 해양수산과,,제주특별자치도 서귀포시 성산읍 고성리 612-2,시설물관리,4,,서귀포시 성산읍 고성리 612-2,30,,064-760-2754,33.4280440189,126.9176541145,2025-05-12,I,2026-05-15 18:45:39,2026-05-13 10:40:59
6520000,202665200000800054,제주특별자치도 서귀포시 체육진흥과,제주특별자치도 서귀포시 대포복개로 26-7,제주특별자치도 서귀포시 대포동 2044-1,시설물관리,6,,시설 내 외부,30,,064-760-3626,33.2416876455,126.4361917462,2025-05-12,I,2026-05-15 18:45:39,2026-05-13 10:40:59
6520000,202665200000800094,제주특별자치도 서귀포시 해양수산과,,제주특별자치도 서귀포시 법환동 286-3,시설물관리,3,,서귀포시 법환동 286-3 등 법환포구 일원,30,,064-760-2754,33.2373178538,126.5156080867,2025-05-12,I,2026-05-15 18:45:39,2026-05-13 10:40:59
6520000,202665200000800126,제주특별자치도 서귀포시 안전총괄과,,제주특별자치도 서귀포시 남원읍 하례리 156,재난재해,1,,시설 외부 360도,30,,064-760-3283,33.2583682118,126.6242701067,2025-05-12,I,2026-05-15 18:45:39,2026-05-13 10:40:59
6520000,202665200000800666,제주특별자치도 서귀포시 중문동,,제주특별자치도 서귀포시 대포동 1908-3,생활방범,2,,대포동 1908-3번지 일원,30,,064-760-4837,33.2397283603,126.4317532778,2025-05-12,I,2026-05-15 18:45:39,2026-05-13 10:41:04
6520000,202665200000800122,제주특별자치도 서귀포시 안전총괄과,,제주특별자치도 서귀포시 동홍동 1008-6,재난재해,1,,시설 외부 360도,30,,064-760-3283,33.2706781977,126.5662040397,2025-05-12,I,2026-05-15 18:45:39,2026-05-13 10:40:59
6520000,202665200000800154,제주특별자치도 서귀포시 안전총괄과,,제주특별자치도 서귀포시 대정읍 가파리 585,재난재해,1,,시설 외부 360도,30,,064-760-3283,33.1223755219,126.2690703215,2025-05-12,I,2026-05-15 18:45:39,2026-05-13 10:40:59
6520000,202665200000800593,제주특별자치도 서귀포시 동홍동,제주특별자치도 서귀포시 중산간동로 7971,제주특별자치도 서귀포시 동홍동 1288,시설물관리,3,,"반경 10M(정면,후면,좌우)",30,,064-760-4697,33.26430131,126.5647208,2025-05-12,I,2026-05-15 18:45:39,2026-05-13 10:41:03
6520000,202665200000800580,제주특별자치도 서귀포시 효돈동,,제주특별자치도 서귀포시 하효동 11-2,시설물관리,2,,반경5m,30,,064-760-4642,33.2663452066,126.620901995,2025-05-12,I,2026-05-15 18:45:39,2026-05-13 10:41:03
6520000,202665200000800588,제주특별자치도 서귀포시 영천동,제주특별자치도 서귀포시 토평로 18-1,제주특별자치도 서귀포시 토평동 2240,시설물관리,8,,반경 5m(정면),30,,064-760-4665,33.2683157786,126.5873789978,2025-05-12,I,2026-05-15 18:45:39,2026-05-13 10:41:03
6520000,202665200000800437,제주특별자치도 서귀포시 안덕면,제주특별자치도 서귀포시 안덕면 신화역사로 688,제주특별자치도 서귀포시 안덕면 동광리 5-157,시설물관리,2,,반경10m,30,,064-760-4366,33.31342752,126.3595886,2025-05-12,I,2026-05-15 18:45:39,2026-05-13 10:41:01
6520000,202665200000800262,제주특별자치도 서귀포시 동부보건소,제주특별자치도 서귀포시 표선면 성읍정의현로 88-10,제주특별자치도 서귀포시 표선면 성읍리 553,시설물관리,4,,성읍보건진료소 외부 청사,30,,064-760-6115,33.39046,126.8019732,2025-05-12,I,2026-05-15 18:45:39,2026-05-13 10:41:00
6520000,202665200000800165,제주특별자치도 서귀포시 안전총괄과,제주특별자치도 서귀포시 예래해안로 256,제주특별자치도 서귀포시 하예동 532-3,재난재해,1,,시설 외부 360도,30,,064-760-3283,33.23654976,126.3887523,2025-05-12,I,2026-05-15 18:45:39,2026-05-13 10:40:59
6520000,202665200000800425,제주특별자치도 서귀포시 안덕면,,제주특별자치도 서귀포시 안덕면 덕수리 1474,시설물관리,2,,반경10m,30,,064-760-4366,33.2782454037,126.3139196065,2025-05-12,I,2026-05-15 18:45:39,2026-05-13 10:41:01
6520000,202665200000800514,제주특별자치도 서귀포시 표선면,제주특별자치도 서귀포시 표선면 표선중앙로 13,제주특별자치도 서귀포시 표선면 표선리 311-2,시설물관리,9,,시설 내외부,30,,064-760-4493,33.33157252,126.8304339,2025-05-12,I,2026-05-15 18:45:39,2026-05-13 10:41:02
6520000,202665200000800405,제주특별자치도 서귀포시 성산읍,,제주특별자치도 서귀포시 성산읍 수산리 2889-4,생활방범,4,,수산리 2889-4 카메라주변,30,,064-760-4271,33.4510094375,126.8603935062,2025-05-12,I,2026-05-15 18:45:39,2026-05-13 10:41:01
6520000,202665200000800224,제주특별자치도 서귀포시 교통행정과,,제주특별자치도 서귀포시 대정읍 하모리 1512-1,시설물관리,8,,"하모리 1512-1, 대정하모 공영노외3주차장",30,,064-760-3138,33.2238771924,126.2524395385,2025-05-12,I,2026-05-15 18:45:39,2026-05-13 10:41:00
6520000,202665200000800659,제주특별자치도 서귀포시 중문동,제주특별자치도 서귀포시 중문로41번길 3,제주특별자치도 서귀포시 중문동 1552-1,생활방범,3,,중문동 1552-1번지 일원,30,,064-760-4837,33.255152987,126.4245790941,2025-05-12,I,2026-05-15 18:45:39,2026-05-13 10:41:04
6520000,202665200000800651,제주특별자치도 서귀포시 대륜동,,제주특별자치도 서귀포시 호근동 1770,시설물관리,3,,반경 5m,30,,064-760-4762,33.255912041,126.5266027552,2025-05-12,I,2026-05-15 18:45:39,2026-05-13 10:41:04
6520000,202665200000800461,제주특별자치도 서귀포시 안덕면,,제주특별자치도 서귀포시 안덕면 화순리 2026-37,시설물관리,4,,반경10m,30,,064-760-4363,33.2612027,126.3266595,2025-05-12,I,2026-05-15 18:45:39,2026-05-13 10:41:02
6520000,202665200000800469,제주특별자치도 서귀포시 안덕면,,제주특별자치도 서귀포시 안덕면 상창리 387,시설물관리,3,,반경10m,30,,064-760-4363,33.2767200365,126.3679692736,2025-05-12,I,2026-05-15 18:45:39,2026-05-13 10:41:02
6520000,202665200000800221,제주특별자치도 서귀포시 교통행정과,제주특별자치도 서귀포시 장수로 57,제주특별자치도 서귀포시 동홍동 1480-6,시설물관리,50,,"서귀포시 동홍동 1480-6
(홍로공영주차장)",30,,064-760-3138,33.2559569806,126.5613023497,2025-05-12,I,2026-05-15 18:45:39,2026-05-13 10:41:00
6520000,202665200000800229,제주특별자치도 서귀포시 교통행정과,,제주특별자치도 서귀포시 성산읍 성산리 399-123,시설물관리,10,,"성산리 399-123, 성산공영노외2주차장",30,,064-760-3138,33.4589710078,126.9297498043,2025-05-12,I,2026-05-15 18:45:39,2026-05-13 10:41:00
6520000,202665200000800164,제주특별자치도 서귀포시 안전총괄과,,제주특별자치도 서귀포시 동홍동 1285-1,재난재해,1,,시설 외부 360도,30,,064-760-3283,33.2643794753,126.5650294089,2025-05-12,I,2026-05-15 18:45:39,2026-05-13 10:40:59
6520000,202665200000800495,제주특별자치도 서귀포시 표선면,,제주특별자치도 서귀포시 표선면 하천리 2176-1,시설물관리,4,,반경10M,30,,064-760-4462,33.3532755695,126.8102198915,2025-05-12,I,2026-05-15 18:45:39,2026-05-13 10:41:02
6520000,202665200000800407,제주특별자치도 서귀포시 성산읍,제주특별자치도 서귀포시 성산읍 고성오조로 93,제주특별자치도 서귀포시 성산읍 고성리 1180-34,시설물관리,4,,고성오일시장 내 설치장소 주변,30,,064-760-4283,33.4518623236,126.9128147254,2025-05-12,I,2026-05-15 18:45:39,2026-05-13 10:41:01
6520000,202665200000800335,제주특별자치도 서귀포시 성산읍,제주특별자치도 서귀포시 성산읍 성산등용로 65,제주특별자치도 서귀포시 성산읍 성산리 400-18,시설물관리,9,,재활용도움센터 내외부,30,,064-760-4263,33.46790579,126.9291398,2025-05-12,I,2026-05-15 18:45:39,2026-05-13 10:41:01
6520000,202665200000800535,제주특별자치도 서귀포시 정방동,,제주특별자치도 서귀포시 서귀동 463-1,쓰레기단속,5,,"서귀동 463-1 (정방동중형재활용도움센터) 도움센터 앞 정면 5m, 내부(반경5m)",30,,064-760-4536,33.2450402268,126.5623012557,2025-05-12,I,2026-05-15 18:45:39,2026-05-13 10:41:02
6520000,202665200000800680,제주특별자치도 서귀포시 중문동,제주특별자치도 서귀포시 1100로 30,제주특별자치도 서귀포시 중문동 1871-8,시설물관리,13,,"민원실, 주차장, 승강기 등",30,,064-760-4812,33.2533313767,126.4336390687,2025-05-12,I,2026-05-15 18:45:39,2026-05-13 10:41:10
6520000,202665200000800025,제주특별자치도 서귀포시 여성가족과,제주특별자치도 서귀포시 강정통물로 112,제주특별자치도 서귀포시 강정동 4417,시설물관리,8,,시설전반,30,,064-760-4901,33.23718815,126.4776858,2025-05-12,I,2026-05-15 18:45:39,2026-05-13 10:40:58
6520000,202665200000800494,제주특별자치도 서귀포시 표선면,,제주특별자치도 서귀포시 표선면 표선리 1282-3,시설물관리,3,,반경10M,30,,064-760-4462,33.3108284332,126.8331622055,2025-05-12,I,2026-05-15 18:45:39,2026-05-13 10:41:02
6520000,202665200000800206,제주특별자치도 서귀포시 건설과,,제주특별자치도 서귀포시 강정동 1486-7,기타,1,,강정동 1486-7번지 일원,,,064-760-3094,33.2620534321,126.4979732822,2025-05-12,I,2026-05-15 18:45:39,2026-05-13 10:41:00
6520000,202665200000800208,제주특별자치도 서귀포시 도시과,제주특별자치도 서귀포시 대정읍 신영로 46,제주특별자치도 서귀포시 대정읍 하모리 1088-2,생활방범,6,,신영물행복센터,30,,064-760-2994,33.2214717059,126.2478058878,2025-05-12,I,2026-05-15 18:45:39,2026-05-13 10:41:00
6520000,202665200000800375,제주특별자치도 서귀포시 성산읍,제주특별자치도 서귀포시 성산읍 시흥하동로57번길 9,제주특별자치도 서귀포시 성산읍 시흥리 109-3,시설물관리,2,,클린하우스 주변,30,,064-760-4262,33.47392619,126.9041931,2025-05-12,I,2026-05-15 18:45:39,2026-05-13 10:41:01
6520000,202665200000800200,제주특별자치도 서귀포시 안전총괄과,,제주특별자치도 서귀포시 강정동 5344-1,재난재해,1,,소하천 제외지,30,,064-760-3924,33.2331491921,126.4748376619,2025-05-12,I,2026-05-15 18:45:39,2026-05-13 10:41:00
6520000,202665200000800575,제주특별자치도 서귀포시 효돈동,,제주특별자치도 서귀포시 신효동 226-7,시설물관리,2,,반경5m,30,,064-760-4642,33.2679845712,126.6159407556,2025-05-12,I,2026-05-15 18:45:39,2026-05-13 10:41:03
6520000,202665200000800196,제주특별자치도 서귀포시 안전총괄과,,제주특별자치도 서귀포시 표선면 하천리 1680,재난재해,1,,시설 외부 360도,30,,064-760-3154,33.3422678847,126.8234710257,2025-05-12,I,2026-05-15 18:45:39,2026-05-13 10:41:00
6520000,202665200000800157,제주특별자치도 서귀포시 안전총괄과,제주특별자치도 서귀포시 남성중로 2-15,제주특별자치도 서귀포시 서홍동 666-1,재난재해,1,,시설 외부 360도,30,,064-760-3283,33.24471684,126.5595511,2025-05-12,I,2026-05-15 18:45:39,2026-05-13 10:40:59
6520000,202665200000800303,제주특별자치도 서귀포시 대정읍,,제주특별자치도 서귀포시 대정읍 하모리 1401-2,시설물관리,3,,하모리 1401-2,30,,064-760-4062,33.227280556,126.2549640878,2025-05-12,I,2026-05-15 18:45:39,2026-05-13 10:41:00
6520000,202665200000800026,제주특별자치도 서귀포시 여성가족과,제주특별자치도 서귀포시 막숙포로 70-1,제주특별자치도 서귀포시 법환동 162-4,시설물관리,8,,시설전반,30,,064-760-4896,33.2355497914,126.5141275871,2025-05-12,I,2026-05-15 18:45:39,2026-05-13 10:40:58
6520000,202665200000800050,제주특별자치도 서귀포시 체육진흥과,제주특별자치도 서귀포시 하예로19번길 67,제주특별자치도 서귀포시 하예동 1172-1,시설물관리,4,,시설 내 외부,30,,064-760-3626,33.2450918,126.3805663,2025-05-12,I,2026-05-15 18:45:39,2026-05-13 10:40:59
6520000,202665200000800058,제주특별자치도 서귀포시 도서관운영사무소,제주특별자치도 서귀포시 김정문화로 32,제주특별자치도 서귀포시 강정동 176,시설물관리,14,,반경10m,30,,064-760-3682,33.2514162161,126.5076205608,2025-05-12,I,2026-05-15 18:45:39,2026-05-13 10:40:59
6520000,202665200000800021,제주특별자치도 서귀포시 여성가족과,제주특별자치도 서귀포시 남원읍 남원체육관로221번길 16,제주특별자치도 서귀포시 남원읍 남원리 1500,시설물관리,6,,시설전반,30,,064-760-3402,33.28096671,126.7090918,2025-05-12,I,2026-05-15 18:45:39,2026-05-13 10:40:58
6520000,202665200000800029,제주특별자치도 서귀포시 여성가족과,제주특별자치도 서귀포시 하효중앙로 132,제주특별자치도 서귀포시 하효동 236,시설물관리,8,,시설전반,30,,064-760-4888,33.26201946,126.6189108,2025-05-12,I,2026-05-15 18:45:39,2026-05-13 10:40:58
6520000,202665200000800329,제주특별자치도 서귀포시 대정읍,제주특별자치도 서귀포시 대정읍 가파로 72,제주특별자치도 서귀포시 대정읍 가파리 70-6,시설물관리,3,,가파리 70-6,30,,064-760-4062,33.1660185573,126.2737862008,2025-05-12,I,2026-05-15 18:45:39,2026-05-13 10:41:01
6520000,202665200000800321,제주특별자치도 서귀포시 대정읍,제주특별자치도 서귀포시 대정읍 보성상로 3-23,제주특별자치도 서귀포시 대정읍 보성리 1595-1,시설물관리,4,,보성상로 3-23,30,,064-760-4062,33.2506766596,126.2727240263,2025-05-12,I,2026-05-15 18:45:39,2026-05-13 10:41:01
6520000,202665200000800187,제주특별자치도 서귀포시 안전총괄과,,제주특별자치도 서귀포시 남원읍 태흥리 1225,재난재해,1,,시설 외부 360도,30,,064-760-3283,33.2820969907,126.7334208135,2025-05-12,I,2026-05-15 18:45:39,2026-05-13 10:40:59
6520000,202665200000800211,제주특별자치도 서귀포시 도시과,제주특별자치도 서귀포시 월평로 43,제주특별자치도 서귀포시 월평동 419-1,생활방범,8,,월평생활복지회관,30,,064-760-2994,33.24612152,126.4610664,2025-05-12,I,2026-05-15 18:45:39,2026-05-13 10:41:00
6520000,202665200000800219,제주특별자치도 서귀포시 교통행정과,,제주특별자치도 서귀포시 서귀동 301-2,시설물관리,49,,"서귀포시 서귀동 301-2
(중앙공영주차빌딩)",30,,064-760-3138,33.2527414131,126.5596621068,2025-05-12,I,2026-05-15 18:45:39,2026-05-13 10:41:00
6520000,202665200000800213,제주특별자치도 서귀포시 도시과,제주특별자치도 서귀포시 서호남로 25,제주특별자치도 서귀포시 서호동 1604,시설물관리,33,,시설전반,30,,064-760-2978,33.2511597674,126.5154807762,2025-05-12,I,2026-05-15 18:45:39,2026-05-13 10:41:00
6520000,202665200000800614,제주특별자치도 서귀포시 동홍동,제주특별자치도 서귀포시 일주동로 8633-5,제주특별자치도 서귀포시 동홍동 1541-5,시설물관리,5,,"재활용도움센터 내,외부",30,,064-760-4693,33.2534880298,126.5659716574,2025-05-12,I,2026-05-15 18:45:39,2026-05-13 10:41:03
6520000,202665200000800542,제주특별자치도 서귀포시 중앙동,,제주특별자치도 서귀포시 서귀동 267-13,시설물관리,1,,반경 30m,30,,064-760-4565,33.251612145,126.5649257246,2025-05-12,I,2026-05-15 18:45:39,2026-05-13 10:41:02
6520000,202665200000800660,제주특별자치도 서귀포시 중문동,,제주특별자치도 서귀포시 중문동 1684-2,생활방범,4,,중문동 1684-2번지 일원,30,,064-760-4837,33.2547677396,126.426905685,2025-05-12,I,2026-05-15 18:45:39,2026-05-13 10:41:04
6520000,202665200000800668,제주특별자치도 서귀포시 중문동,,제주특별자치도 서귀포시 회수동 808-4,생활방범,3,,회수동 808-4번지 일원,30,,064-760-4837,33.2626391611,126.4402334392,2025-05-12,I,2026-05-15 18:45:39,2026-05-13 10:41:10
6520000,202665200000800522,제주특별자치도 서귀포시 송산동,,제주특별자치도 서귀포시 보목동 1312-5,시설물관리,2,,보목동 660 일원,30,,064-760-4513,33.2430308215,126.5983438298,2025-05-12,I,2026-05-15 18:45:39,2026-05-13 10:41:02
6520000,202665200000800667,제주특별자치도 서귀포시 중문동,제주특별자치도 서귀포시 대포복개로 42,제주특별자치도 서귀포시 대포동 2026-1,생활방범,3,,대포동 2026-1번지 일원,30,,064-760-4837,33.2422890166,126.4346502147,2025-05-12,I,2026-05-15 18:45:39,2026-05-13 10:41:04
6520000,202665200000800563,제주특별자치도 서귀포시 효돈동,,제주특별자치도 서귀포시 하효동 990-4,생활방범,1,,반경10m,30,,064-760-4621,33.2528304404,126.6228343745,2025-05-12,I,2026-05-15 18:45:39,2026-05-13 10:41:03
6520000,202665200000800533,제주특별자치도 서귀포시 정방동,,제주특별자치도 서귀포시 서귀동 172,쓰레기단속,2,,서귀동172 (대건아파트 옆 클린하우스) 클린하우스 앞 정면 5m,30,,064-760-4536,33.2468572235,126.5675123131,2025-05-12,I,2026-05-15 18:45:39,2026-05-13 10:41:02
6520000,202665200000800192,제주특별자치도 서귀포시 안전총괄과,,제주특별자치도 서귀포시 대정읍 신도리 233-3,재난재해,1,,시설 외부 360도,30,,064-760-3283,33.284661372,126.2124386221,2025-05-12,I,2026-05-15 18:45:39,2026-05-13 10:41:00
6520000,202665200000800426,제주특별자치도 서귀포시 안덕면,,제주특별자치도 서귀포시 안덕면 서광리 2051-2,시설물관리,2,,반경10m,30,,064-760-4366,33.282869387,126.2979734935,2025-05-12,I,2026-05-15 18:45:39,2026-05-13 10:41:01
6520000,202665200000800231,제주특별자치도 서귀포시 교통행정과,제주특별자치도 서귀포시 동문동로 28,제주특별자치도 서귀포시 서귀동 268-17,시설물관리,8,,"서귀동 268-17, 중앙 공영노외1주차장",30,,064-760-3138,33.25111435,126.565442,2025-05-12,I,2026-05-15 18:45:39,2026-05-13 10:41:00
6520000,202665200000800239,제주특별자치도 서귀포시 교통행정과,,제주특별자치도 서귀포시 서호동 1603,시설물관리,16,,"서호동 1603, 서호공영노외1주차장",30,,064-760-3138,33.2521538209,126.5156989961,2025-05-12,I,2026-05-15 18:45:39,2026-05-13 10:41:00
6520000,202665200000800159,제주특별자치도 서귀포시 안전총괄과,,제주특별자치도 서귀포시 서귀동 332-86,재난재해,1,,시설 외부 360도,30,,064-760-3283,33.2517118733,126.5551425231,2025-05-12,I,2026-05-15 18:45:39,2026-05-13 10:40:59
6520000,202665200000800235,제주특별자치도 서귀포시 교통행정과,제주특별자치도 서귀포시 쇠소깍로 104,제주특별자치도 서귀포시 하효동 990-1,시설물관리,17,,"하효동 990-1, 쇠소깍 공영주차장",30,,064-760-3138,33.2542467911,126.6224066418,2025-05-12,I,2026-05-15 18:45:39,2026-05-13 10:41:00
6520000,202665200000800344,제주특별자치도 서귀포시 성산읍,제주특별자치도 서귀포시 성산읍 온평애향로23번길 6,제주특별자치도 서귀포시 성산읍 온평리 840-1,시설물관리,4,,재활용도움센터 내외부,30,,064-760-4263,33.40812252,126.9001736,2025-05-12,I,2026-05-15 18:45:39,2026-05-13 10:41:01
6520000,202665200000800396,제주특별자치도 서귀포시 성산읍,제주특별자치도 서귀포시 성산읍 풍천로 271,제주특별자치도 서귀포시 성산읍 신풍리 699-1,생활방범,5,,신풍리 699-1 카메라주변,30,,064-760-4271,33.36433438,126.8352276,2025-05-12,I,2026-05-15 18:45:39,2026-05-13 10:41:01
6520000,202665200000800415,제주특별자치도 서귀포시 안덕면,제주특별자치도 서귀포시 안덕면 화순해안로 69,제주특별자치도 서귀포시 안덕면 화순리 833-2,시설물관리,2,,반경10m,30,,064-760-4366,33.2408567,126.3339459,2025-05-12,I,2026-05-15 18:45:39,2026-05-13 10:41:01
6520000,202665200000800625,제주특별자치도 서귀포시 서홍동,제주특별자치도 서귀포시 중앙로 125,제주특별자치도 서귀포시 서홍동 397-24,시설물관리,2,,클린하우스 인근,30,,064-760-4748,33.25607801,126.5599846,2025-05-12,I,2026-05-15 18:45:39,2026-05-13 10:41:04
6520000,202665200000800151,제주특별자치도 서귀포시 안전총괄과,,제주특별자치도 서귀포시 하원동 산 76-4,재난재해,1,,시설 외부 360도,30,,064-760-3283,33.290708857,126.4602136063,2025-05-12,I,2026-05-15 18:45:39,2026-05-13 10:40:59
6520000,202665200000800142,제주특별자치도 서귀포시 안전총괄과,,제주특별자치도 서귀포시 남원읍 위미리 789-2,재난재해,1,,시설 외부 360도,30,,064-760-3283,33.2686541494,126.6741585608,2025-05-12,I,2026-05-15 18:45:39,2026-05-13 10:40:59
6520000,202665200000800538,제주특별자치도 서귀포시 중앙동,제주특별자치도 서귀포시 동홍로 31,제주특별자치도 서귀포시 동홍동 453-1,시설물관리,8,,"클린하우스 내,외부",30,,064-760-4565,33.2510259892,126.5671753347,2025-05-12,I,2026-05-15 18:45:39,2026-05-13 10:41:02
6520000,202665200000800530,제주특별자치도 서귀포시 정방동,,제주특별자치도 서귀포시 서귀동 961-31,쓰레기단속,2,,서귀동961-31 (명지아파트 앞 클린하우스) 클린하우스 앞 정면 5m,30,,064-760-4536,33.2459830208,126.5696379616,2025-05-12,I,2026-05-15 18:45:39,2026-05-13 10:41:02
6520000,202665200000800676,제주특별자치도 서귀포시 중문동,제주특별자치도 서귀포시 1100로49번길 28-3,제주특별자치도 서귀포시 중문동 2774,생활방범,2,,중문동 2774번지 일원,30,,064-760-4837,33.2549066325,126.4316104563,2025-05-12,I,2026-05-15 18:45:39,2026-05-13 10:41:10
6520000,202665200000800016,제주특별자치도 서귀포시 노인복지과,제주특별자치도 서귀포시 서호남로 29,제주특별자치도 서귀포시 서호동 1604,시설물관리,25,,정면,30,,064-760-2511,33.2511597674,126.5154807762,2025-05-12,I,2026-05-15 18:45:39,2026-05-13 10:40:58
6520000,202665200000800017,제주특별자치도 서귀포시 여성가족과,제주특별자치도 서귀포시 중산간서로 97-1,제주특별자치도 서귀포시 강정동 1481-3,시설물관리,14,,시설전반,30,,064-760-6412,33.26053675,126.4984486,2025-05-12,I,2026-05-15 18:45:39,2026-05-13 10:40:58
6520000,202665200000800610,제주특별자치도 서귀포시 동홍동,,제주특별자치도 서귀포시 동홍동 420-1,시설물관리,2,,클린하우스 인근,30,,064-760-4693,33.2563351556,126.5756345131,2025-05-12,I,2026-05-15 18:45:39,2026-05-13 10:41:03
6520000,202665200000800180,제주특별자치도 서귀포시 안전총괄과,,제주특별자치도 서귀포시 하원동 산 76-4,재난재해,1,,시설 외부 360도,30,,064-760-3283,33.290708857,126.4602136063,2025-05-12,I,2026-05-15 18:45:39,2026-05-13 10:40:59
6520000,202665200000800188,제주특별자치도 서귀포시 안전총괄과,제주특별자치도 서귀포시 대정읍 무릉사장로23번길 16,제주특별자치도 서귀포시 대정읍 무릉리 4097,재난재해,1,,시설 외부 360도,30,,064-760-3283,33.266399,126.2002601,2025-05-12,I,2026-05-15 18:45:39,2026-05-13 10:40:59
6520000,202665200000800618,제주특별자치도 서귀포시 동홍동,,제주특별자치도 서귀포시 동홍동 364-5,시설물관리,5,,사거리 인근,30,,064-760-4693,33.2482793407,126.5741231831,2025-05-12,I,2026-05-15 18:45:39,2026-05-13 10:41:04
6520000,202665200000800457,제주특별자치도 서귀포시 안덕면,,제주특별자치도 서귀포시 안덕면 덕수리 2216,시설물관리,7,,반경10m,30,,064-760-4366,33.2547432928,126.3068676475,2025-05-12,I,2026-05-15 18:45:39,2026-05-13 10:41:02
6520000,202665200000800134,제주특별자치도 서귀포시 안전총괄과,,제주특별자치도 서귀포시 성산읍 삼달리 2249,재난재해,1,,시설 외부 360도,30,,064-760-3283,33.3897224173,126.8086596051,2025-05-12,I,2026-05-15 18:45:39,2026-05-13 10:40:59
6520000,202665200000800544,제주특별자치도 서귀포시 중앙동,,제주특별자치도 서귀포시 서귀동 265-1,시설물관리,1,,반경 30m,30,,064-760-4565,33.2528275091,126.5656294241,2025-05-12,I,2026-05-15 18:45:39,2026-05-13 10:41:02
6520000,202665200000800500,제주특별자치도 서귀포시 표선면,,제주특별자치도 서귀포시 표선면 표선리 317-4,시설물관리,2,,반경10M,30,,064-760-4462,33.3299841026,126.8305166941,2025-05-12,I,2026-05-15 18:45:39,2026-05-13 10:41:02
6520000,202665200000800508,제주특별자치도 서귀포시 표선면,제주특별자치도 서귀포시 표선면 번영로3445번길 120-5,제주특별자치도 서귀포시 표선면 하천리 233,시설물관리,2,,반경10M,30,,064-760-4462,33.34092146,126.8388138,2025-05-12,I,2026-05-15 18:45:39,2026-05-13 10:41:02
6520000,202665200000800108,제주특별자치도 서귀포시 산림휴양관리소,제주특별자치도 서귀포시 표선면 남조로 1487-73,제주특별자치도 서귀포시 표선면 가시리 산 158,시설물관리,16,,반경 1.2M,30,,064-760-3552,33.40142876,126.6756706,2025-05-12,I,2026-05-15 18:45:39,2026-05-13 10:40:59
6520000,202665200000800100,제주특별자치도 서귀포시 생활환경과,제주특별자치도 서귀포시 산록남로1241번길 145,제주특별자치도 서귀포시 색달동 산 8-2,시설물관리,4,,정면,30,,064-760-3853,33.3069474346,126.4189701447,2025-05-12,I,2026-05-15 18:45:39,2026-05-13 10:40:59
6520000,202665200000800139,제주특별자치도 서귀포시 안전총괄과,제주특별자치도 서귀포시 대포로 160,제주특별자치도 서귀포시 대포동 2184-1,재난재해,1,,시설 외부 360도,30,,064-760-3283,33.2389181756,126.4378868523,2025-05-12,I,2026-05-15 18:45:39,2026-05-13 10:40:59
6520000,202665200000800391,제주특별자치도 서귀포시 성산읍,,제주특별자치도 서귀포시 성산읍 수산리 3039-1,생활방범,5,,수산리 3039-1 카메라주변,30,,064-760-4271,33.4501073782,126.851253161,2025-05-12,I,2026-05-15 18:45:39,2026-05-13 10:41:01
6520000,202665200000800399,제주특별자치도 서귀포시 성산읍,제주특별자치도 서귀포시 성산읍 온평애향로 72,제주특별자치도 서귀포시 성산읍 온평리 1001-6,생활방범,5,,온평리 1001-6 카메라주변,30,,064-760-4271,33.4053166942,126.9039622007,2025-05-12,I,2026-05-15 18:45:39,2026-05-13 10:41:01
6520000,202665200000800131,제주특별자치도 서귀포시 안전총괄과,제주특별자치도 서귀포시 남원읍 중산간동로 5752,제주특별자치도 서귀포시 남원읍 신흥리 1242,재난재해,1,,시설 외부 360도,30,,064-760-3283,33.3212343002,126.7500255038,2025-05-12,I,2026-05-15 18:45:39,2026-05-13 10:40:59
6520000,202665200000800506,제주특별자치도 서귀포시 표선면,,제주특별자치도 서귀포시 표선면 성읍리 8,시설물관리,4,,반경10M,30,,064-760-4462,33.4278960569,126.8185162533,2025-05-12,I,2026-05-15 18:45:39,2026-05-13 10:41:02
6520000,202665200000800006,제주특별자치도 서귀포시 평생교육과,제주특별자치도 서귀포시 동홍중앙로7번길 19,제주특별자치도 서귀포시 동홍동 402-3,시설물관리,26,,센터 내부 및 외부,30,,064-760-3962,33.251295222,126.5703232173,2025-05-12,I,2026-05-15 18:45:39,2026-05-13 10:40:58
6520000,202665200000800117,제주특별자치도 서귀포시 안전총괄과,,제주특별자치도 서귀포시 강정동 1905-19,재난재해,1,,시설 외부 360도,30,,064-760-3283,33.26100937,126.4938405,2025-05-12,I,2026-05-15 18:45:39,2026-05-13 10:40:59
6520000,202665200000800452,제주특별자치도 서귀포시 안덕면,제주특별자치도 서귀포시 안덕면 서안골로 14,제주특별자치도 서귀포시 안덕면 감산리 440,시설물관리,2,,반경10m,30,,064-760-4366,33.2558846027,126.351606923,2025-05-12,I,2026-05-15 18:45:39,2026-05-13 10:41:02
6520000,202665200000800678,제주특별자치도 서귀포시 중문동,,제주특별자치도 서귀포시 하원동 1836-3,생활방범,2,,하원동 1836-3번지 일원,30,,064-760-4837,33.2612648276,126.4527205535,2025-05-12,I,2026-05-15 18:45:39,2026-05-13 10:41:10
6520000,202665200000800670,제주특별자치도 서귀포시 중문동,,제주특별자치도 서귀포시 하원동 1202-1,생활방범,2,,하원동 1202-1번지 일원,30,,064-760-4837,33.2588634687,126.4554105965,2025-05-12,I,2026-05-15 18:45:39,2026-05-13 10:41:10
6520000,202665200000800147,제주특별자치도 서귀포시 안전총괄과,제주특별자치도 서귀포시 성산읍 성산등용로 130-21,제주특별자치도 서귀포시 성산읍 성산리 347-9,재난재해,1,,시설 외부 360도,30,,064-760-3283,33.47292799,126.9345061,2025-05-12,I,2026-05-15 18:45:39,2026-05-13 10:40:59
6520000,202665200000800527,제주특별자치도 서귀포시 송산동,제주특별자치도 서귀포시 소암로 4,제주특별자치도 서귀포시 서귀동 556-2,생활방범,6,,주민센터 내부 및 외부,30,,064-760-4507,33.24503292,126.5660061,2025-05-12,I,2026-05-15 18:45:39,2026-05-13 10:41:02
6520000,202665200000800632,제주특별자치도 서귀포시 대륜동,제주특별자치도 서귀포시 호근로26번길 10,제주특별자치도 서귀포시 호근동 1729-2,시설물관리,5,,반경 5m,30,,064-760-4762,33.2540349215,126.5268329416,2025-05-12,I,2026-05-15 18:45:39,2026-05-13 10:41:04
6520000,202665200000800293,제주특별자치도 서귀포시 대정읍,,제주특별자치도 서귀포시 대정읍 상모리 3675-2,시설물관리,2,,상모리 3675-2,30,,064-760-4062,33.2301269468,126.2590698493,2025-05-12,I,2026-05-15 18:45:39,2026-05-13 10:41:00
6520000,202665200000800047,제주특별자치도 서귀포시 체육진흥과,,제주특별자치도 서귀포시 대포동 2499,시설물관리,5,,시설 내 외부,30,,064-760-3626,33.2345948364,126.4329629354,2025-05-12,I,2026-05-15 18:45:39,2026-05-13 10:40:59
6520000,202665200000800185,제주특별자치도 서귀포시 안전총괄과,제주특별자치도 서귀포시 성산읍 환해장성로 208,제주특별자치도 서귀포시 성산읍 신산리 565-7,재난재해,1,,시설 외부 360도,30,,064-760-3283,33.38595131,126.8882659,2025-05-12,I,2026-05-15 18:45:39,2026-05-13 10:40:59
6520000,202665200000800539,제주특별자치도 서귀포시 중앙동,,제주특별자치도 서귀포시 서귀동 250-6,시설물관리,7,,"클린하우스 내,외부",30,,064-760-4565,33.2493974731,126.5694935336,2025-05-12,I,2026-05-15 18:45:39,2026-05-13 10:41:02
6520000,202665200000800531,제주특별자치도 서귀포시 정방동,제주특별자치도 서귀포시 태평로371번길 8,제주특별자치도 서귀포시 서귀동 449,쓰레기단속,2,,서귀동449 (엄마손맛 식당 옆 클린하우스) 클린하우스 앞 정면 5m,30,,064-760-4536,33.2455780453,126.5614042095,2025-05-12,I,2026-05-15 18:45:39,2026-05-13 10:41:02
6520000,202665200000800473,제주특별자치도 서귀포시 표선면,,제주특별자치도 서귀포시 표선면 표선리 699-7,시설물관리,2,,반경10M,30,,064-760-4462,33.3261287983,126.8321024056,2025-05-12,I,2026-05-15 18:45:39,2026-05-13 10:41:02
6520000,202665200000800661,제주특별자치도 서귀포시 중문동,,제주특별자치도 서귀포시 중문동 2116-4,생활방범,4,,중문동 2116-4번지 일원,30,,064-760-4837,33.2514960429,126.4229752155,2025-05-12,I,2026-05-15 18:45:39,2026-05-13 10:41:04
6520000,202665200000800669,제주특별자치도 서귀포시 중문동,,제주특별자치도 서귀포시 회수동 355-1,생활방범,2,,회수동 355-1번지 일원,30,,064-760-4837,33.2631968278,126.4472175652,2025-05-12,I,2026-05-15 18:45:39,2026-05-13 10:41:10
6520000,202665200000800564,제주특별자치도 서귀포시 효돈동,제주특별자치도 서귀포시 신효중앙로4번길 1,제주특별자치도 서귀포시 신효동 700-2,생활방범,1,,반경10m,30,,064-760-4621,33.2645979,126.614334,2025-05-12,I,2026-05-15 18:45:39,2026-05-13 10:41:03
6520000,202665200000800603,제주특별자치도 서귀포시 동홍동,제주특별자치도 서귀포시 태평로537번길 40-9,제주특별자치도 서귀포시 동홍동 646-1,시설물관리,7,,"재활용도움센터 내,외부",30,,064-760-4693,33.25398806,126.570696,2025-05-12,I,2026-05-15 18:45:39,2026-05-13 10:41:03
6520000,202665200000800404,제주특별자치도 서귀포시 성산읍,,제주특별자치도 서귀포시 성산읍 수산리 2570,생활방범,5,,수산리 2570 카메라주변,30,,064-760-4271,33.4315482649,126.8629548019,2025-05-12,I,2026-05-15 18:45:39,2026-05-13 10:41:01
6520000,202665200000800326,제주특별자치도 서귀포시 대정읍,제주특별자치도 서귀포시 대정읍 중산간서로 2302-6,제주특별자치도 서귀포시 대정읍 구억리 788-3,시설물관리,3,,구억리 788-3,30,,064-760-4062,33.27898539,126.2830572,2025-05-12,I,2026-05-15 18:45:39,2026-05-13 10:41:01
6520000,202665200000800203,제주특별자치도 서귀포시 안전총괄과,,제주특별자치도 서귀포시 색달동 3386,재난재해,1,,소하천 제외지,30,,064-760-3924,33.2616165875,126.4076313137,2025-05-12,I,2026-05-15 18:45:39,2026-05-13 10:41:00
6520000,202665200000800653,제주특별자치도 서귀포시 대륜동,,제주특별자치도 서귀포시 법환동 1654-27,시설물관리,2,,반경 5m,30,,064-760-4762,33.2426240117,126.5170938093,2025-05-12,I,2026-05-15 18:45:39,2026-05-13 10:41:04
6520000,202665200000800355,제주특별자치도 서귀포시 성산읍,,제주특별자치도 서귀포시 성산읍 신풍리 496-2,시설물관리,2,,클린하우스 주변,30,,064-760-4262,33.3615414573,126.8403879239,2025-05-12,I,2026-05-15 18:45:39,2026-05-13 10:41:01
6520000,202665200000800376,제주특별자치도 서귀포시 성산읍,,제주특별자치도 서귀포시 성산읍 시흥리 575-4,시설물관리,2,,클린하우스 주변,30,,064-760-4262,33.4731375389,126.8958264513,2025-05-12,I,2026-05-15 18:45:39,2026-05-13 10:41:01
6520000,202665200000800075,제주특별자치도 서귀포시 경제일자리과,,제주특별자치도 서귀포시 서귀동 340,시설물관리,26,,반경10m,30,,064-760-2635,33.2500438423,126.5644442293,2025-05-12,I,2026-05-15 18:45:39,2026-05-13 10:40:59
6520000,202665200000800004,제주특별자치도 서귀포시 총무과,제주특별자치도 서귀포시 중앙로 105,제주특별자치도 서귀포시 서홍동 440-1,생활방범,16,,어린이집 내외부,90,,064-760-2044,33.25420363,126.5602182,2025-05-12,I,2026-05-15 18:45:39,2026-05-13 10:40:58
6520000,202665200000800311,제주특별자치도 서귀포시 대정읍,,제주특별자치도 서귀포시 대정읍 일과리 1303-9,시설물관리,2,,일과리 1303-9,30,,064-760-4062,33.238991268,126.2302993755,2025-05-12,I,2026-05-15 18:45:39,2026-05-13 10:41:00
6520000,202665200000800319,제주특별자치도 서귀포시 대정읍,제주특별자치도 서귀포시 대정읍 도원남로 171-7,제주특별자치도 서귀포시 대정읍 신도리 1408-1,시설물관리,6,,도원남로 171-7,30,,064-760-4062,33.2781559694,126.1917271458,2025-05-12,I,2026-05-15 18:45:39,2026-05-13 10:41:01
6520000,202665200000800552,제주특별자치도 서귀포시 천지동,,제주특별자치도 서귀포시 서귀동 332-7,시설물관리,3,,"서귀포시 서귀동 332-7, 골드 슈퍼 서쪽 클린하우스",30,,064-760-4603,33.2515829245,126.5562208153,2025-05-12,I,2026-05-15 18:45:39,2026-05-13 10:41:02
6520000,202665200000800204,제주특별자치도 서귀포시 건설과,,제주특별자치도 서귀포시 안덕면 동광리 367-1,기타,1,,안덕면 동광리 367-1번지 일원,,,064-760-3094,33.3206119881,126.349354336,2025-05-12,I,2026-05-15 18:45:39,2026-05-13 10:41:00
6520000,202665200000800285,제주특별자치도 서귀포시 서부보건소,제주특별자치도 서귀포시 안덕면 화순중앙로12번길 30-9,제주특별자치도 서귀포시 안덕면 화순리 1158-11,시설물관리,7,,반경 10m,30,,064-760-6212,33.2505864546,126.3313995951,2025-05-12,I,2026-05-15 18:45:39,2026-05-13 10:41:00
6520000,202665200000800381,제주특별자치도 서귀포시 성산읍,,제주특별자치도 서귀포시 성산읍 오조리 870,시설물관리,2,,클린하우스 주변,30,,064-760-4262,33.4586513795,126.9140463162,2025-05-12,I,2026-05-15 18:45:39,2026-05-13 10:41:01
6520000,202665200000800389,제주특별자치도 서귀포시 성산읍,제주특별자치도 서귀포시 성산읍 일주동로 5252,제주특별자치도 서귀포시 성산읍 삼달리 29-2,생활방범,5,,삼달리 29-2 카메라주변,30,,064-760-4271,33.36940843,126.8687192,2025-05-12,I,2026-05-15 18:45:39,2026-05-13 10:41:01
6520000,202665200000800454,제주특별자치도 서귀포시 안덕면,제주특별자치도 서귀포시 안덕면 감산로 38,제주특별자치도 서귀포시 안덕면 감산리 265,시설물관리,2,,반경10m,30,,064-760-4366,33.26141463,126.351635,2025-05-12,I,2026-05-15 18:45:39,2026-05-13 10:41:02
6520000,202665200000800613,제주특별자치도 서귀포시 동홍동,제주특별자치도 서귀포시 태평로536번길 27,제주특별자치도 서귀포시 동홍동 205-2,시설물관리,2,,클린하우스 인근,30,,064-760-4693,33.25097053,126.5761267,2025-05-12,I,2026-05-15 18:45:39,2026-05-13 10:41:03
6520000,202665200000800561,제주특별자치도 서귀포시 천지동,제주특별자치도 서귀포시 천지로 2,제주특별자치도 서귀포시 서귀동 341,시설물관리,3,,서귀포시 312-5 아랑조을거리 재활용도움센터 내외,30,,064-760-4603,33.24775958,126.5611085,2025-05-12,I,2026-05-15 18:45:39,2026-05-13 10:41:03
6520000,202665200000800569,제주특별자치도 서귀포시 효돈동,,제주특별자치도 서귀포시 하효동 724-1,생활방범,1,,반경10m,30,,064-760-4621,33.2591217872,126.6167117403,2025-05-12,I,2026-05-15 18:45:39,2026-05-13 10:41:03
6520000,202665200000800284,제주특별자치도 서귀포시 서부보건소,제주특별자치도 서귀포시 대정읍 최남단해안로15번길 12,제주특별자치도 서귀포시 대정읍 하모리 767-8,시설물관리,5,,반경 10m,30,,064-760-6212,33.21867194,126.2532449,2025-05-12,I,2026-05-15 18:45:39,2026-05-13 10:41:00
6520000,202665200000800573,제주특별자치도 서귀포시 효돈동,,제주특별자치도 서귀포시 신효동 627-3,생활방범,1,,360도 회전,30,,064-760-4621,33.2653305088,126.6122940729,2025-05-12,I,2026-05-15 18:45:39,2026-05-13 10:41:03
6520000,202665200000800606,제주특별자치도 서귀포시 동홍동,,제주특별자치도 서귀포시 동홍동 577-7,시설물관리,2,,클린하우스 인근,30,,064-760-4693,33.2577707255,126.5692695961,2025-05-12,I,2026-05-15 18:45:39,2026-05-13 10:41:03
6520000,202665200000800044,제주특별자치도 서귀포시 체육진흥과,제주특별자치도 서귀포시 남원읍 서성로 955-210,제주특별자치도 서귀포시 남원읍 수망리 산 158-1,시설물관리,5,,시설 내 외부,30,,064-760-3626,33.34607842,126.684354,2025-05-12,I,2026-05-15 18:45:39,2026-05-13 10:40:58
6520000,202665200000800275,제주특별자치도 서귀포시 서부보건소,제주특별자치도 서귀포시 대정읍 도원로 37,제주특별자치도 서귀포시 대정읍 신도리 2979-3,시설물관리,4,,반경 10m,30,,064-760-6212,33.27748562,126.1742632,2025-05-12,I,2026-05-15 18:45:39,2026-05-13 10:41:00
6520000,202665200000800496,제주특별자치도 서귀포시 표선면,,제주특별자치도 서귀포시 표선면 가시리 2168-2,시설물관리,3,,반경10M,30,,064-760-4462,33.3452171166,126.7733966948,2025-05-12,I,2026-05-15 18:45:39,2026-05-13 10:41:02
6520000,202665200000800174,제주특별자치도 서귀포시 안전총괄과,제주특별자치도 서귀포시 대정읍 최남단해안로 160,제주특별자치도 서귀포시 대정읍 하모리 279-2,재난재해,1,,시설 외부 360도,30,,064-760-3283,33.21133327,126.2610124,2025-05-12,I,2026-05-15 18:45:39,2026-05-13 10:40:59
6520000,202665200000800306,제주특별자치도 서귀포시 대정읍,,제주특별자치도 서귀포시 대정읍 하모리 1331,시설물관리,2,,히모리 1331 도,30,,064-760-4062,33.2303689183,126.2525374403,2025-05-12,I,2026-05-15 18:45:39,2026-05-13 10:41:00
6520000,202665200000800672,제주특별자치도 서귀포시 중문동,제주특별자치도 서귀포시 법화로 9,제주특별자치도 서귀포시 하원동 406-5,생활방범,3,,하원동 406-5번지 일원,30,,064-760-4837,33.2550249433,126.4590864817,2025-05-12,I,2026-05-15 18:45:39,2026-05-13 10:41:10
6520000,202665200000800499,제주특별자치도 서귀포시 표선면,제주특별자치도 서귀포시 표선면 표선중앙로43번길 14-6,제주특별자치도 서귀포시 표선면 표선리 2954,시설물관리,2,,반경10M,30,,064-760-4462,33.3286531395,126.831762235,2025-05-12,I,2026-05-15 18:45:39,2026-05-13 10:41:02
6520000,202665200000800491,제주특별자치도 서귀포시 표선면,,제주특별자치도 서귀포시 표선면 토산리 456-2,시설물관리,2,,반경10M,30,,064-760-4462,33.3073983033,126.7765625827,2025-05-12,I,2026-05-15 18:45:39,2026-05-13 10:41:02
6520000,202665200000800261,제주특별자치도 서귀포시 동부보건소,제주특별자치도 서귀포시 표선면 세성로 302-1,제주특별자치도 서귀포시 표선면 세화리 1122-1,시설물관리,4,,세화보건진료소 외부 청사,30,,064-760-6115,33.33178797,126.7982581,2025-05-12,I,2026-05-15 18:45:39,2026-05-13 10:41:00
6520000,202665200000800269,제주특별자치도 서귀포시 동부보건소,제주특별자치도 서귀포시 성산읍 온평애향로23번길 6,제주특별자치도 서귀포시 성산읍 온평리 840-1,시설물관리,4,,온평보건진료소 외부 청사,30,,064-760-6115,33.40812252,126.9001736,2025-05-12,I,2026-05-15 18:45:39,2026-05-13 10:41:00
6520000,202665200000800462,제주특별자치도 서귀포시 안덕면,,제주특별자치도 서귀포시 안덕면 사계리 1603,시설물관리,3,,반경10m,30,,064-760-4363,33.2348023001,126.2983385043,2025-05-12,I,2026-05-15 18:45:39,2026-05-13 10:41:02
6520000,202665200000800489,제주특별자치도 서귀포시 표선면,제주특별자치도 서귀포시 표선면 중산간동로 4672-1,제주특별자치도 서귀포시 표선면 성읍리 1468-1,시설물관리,2,,반경10M,30,,064-760-4462,33.38930113,126.7962805,2025-05-12,I,2026-05-15 18:45:39,2026-05-13 10:41:02
6520000,202665200000800481,제주특별자치도 서귀포시 표선면,제주특별자치도 서귀포시 표선면 토산망동로 2,제주특별자치도 서귀포시 표선면 토산리 332-12,시설물관리,2,,반경10M,30,,064-760-4462,33.3093849231,126.7830264606,2025-05-12,I,2026-05-15 18:45:39,2026-05-13 10:41:02
6520000,202665200000800609,제주특별자치도 서귀포시 동홍동,,제주특별자치도 서귀포시 토평동 3265-8,시설물관리,2,,클린하우스 인근,30,,064-760-4693,33.2576856991,126.5784614223,2025-05-12,I,2026-05-15 18:45:39,2026-05-13 10:41:03
6520000,202665200000800601,제주특별자치도 서귀포시 동홍동,,제주특별자치도 서귀포시 동홍동 529-8,시설물관리,2,,클린하우스 인근,30,,064-760-4693,33.2563130438,126.5663363659,2025-05-12,I,2026-05-15 18:45:39,2026-05-13 10:41:03
6520000,202665200000800282,제주특별자치도 서귀포시 서부보건소,제주특별자치도 서귀포시 안덕면 한창로145번길 11,제주특별자치도 서귀포시 안덕면 상창리 625-1,시설물관리,4,,반경 10m,30,,064-760-6212,33.27441825,126.3626164,2025-05-12,I,2026-05-15 18:45:39,2026-05-13 10:41:00
6520000,202665200000800064,제주특별자치도 서귀포시 도서관운영사무소,제주특별자치도 서귀포시 성산읍 고성오조로 133,제주특별자치도 서귀포시 성산읍 오조리 1138-2,시설물관리,4,,반경10M,30,,064-760-3764,33.4552735635,126.9122970617,2025-05-12,I,2026-05-15 18:45:39,2026-05-13 10:40:59
6520000,202665200000800516,제주특별자치도 서귀포시 송산동,,제주특별자치도 서귀포시 보목동 853,시설물관리,2,,보목동 853번지선,30,,064-760-4513,33.2459038624,126.6015627428,2025-05-12,I,2026-05-15 18:45:39,2026-05-13 10:41:02
6520000,202665200000800358,제주특별자치도 서귀포시 성산읍,제주특별자치도 서귀포시 성산읍 한도로 141-16,제주특별자치도 서귀포시 성산읍 오조리 3-9,시설물관리,2,,클린하우스 주변,30,,064-760-4262,33.47000562,126.9227775,2025-05-12,I,2026-05-15 18:45:39,2026-05-13 10:41:01
6520000,202665200000800350,제주특별자치도 서귀포시 성산읍,제주특별자치도 서귀포시 성산읍 신풍상동로 4,제주특별자치도 서귀포시 성산읍 신풍리 723,시설물관리,2,,영농폐기물집하장 주변,30,,064-760-4262,33.3613989265,126.835269125,2025-05-12,I,2026-05-15 18:45:39,2026-05-13 10:41:01
6520000,202665200000800628,제주특별자치도 서귀포시 서홍동,제주특별자치도 서귀포시 지장샘로 107-44,제주특별자치도 서귀포시 서홍동 2565,시설물관리,2,,클린하우스 인근,30,,064-760-4748,33.2751136312,126.5558268675,2025-05-12,I,2026-05-15 18:45:39,2026-05-13 10:41:04
6520000,202665200000800620,제주특별자치도 서귀포시 서홍동,,제주특별자치도 서귀포시 동홍동 1596-2,시설물관리,2,,클린하우스 인근,30,,064-760-4748,33.2675661146,126.5591269354,2025-05-12,I,2026-05-15 18:45:39,2026-05-13 10:41:04
6520000,202665200000800294,제주특별자치도 서귀포시 대정읍,,제주특별자치도 서귀포시 대정읍 상모리 3970-2,시설물관리,3,,상모리 3970-2,30,,064-760-4062,33.2225601172,126.2572262025,2025-05-12,I,2026-05-15 18:45:39,2026-05-13 10:41:00
6520000,202665200000800629,제주특별자치도 서귀포시 서홍동,제주특별자치도 서귀포시 홍중로 28,제주특별자치도 서귀포시 서홍동 397-33,시설물관리,4,,재활용도움센터 내·외부,30,,064-760-4748,33.255263378,126.5583026272,2025-05-12,I,2026-05-15 18:45:39,2026-05-13 10:41:04
6520000,202665200000800621,제주특별자치도 서귀포시 서홍동,제주특별자치도 서귀포시 홍중로 92,제주특별자치도 서귀포시 서홍동 299-1,시설물관리,2,,클린하우스 인근,30,,064-760-4748,33.26071072,126.5558653,2025-05-12,I,2026-05-15 18:45:39,2026-05-13 10:41:04
6520000,202665200000800450,제주특별자치도 서귀포시 안덕면,,제주특별자치도 서귀포시 안덕면 상창리 2449-4,시설물관리,2,,반경10m,30,,064-760-4366,33.2646720907,126.3466919291,2025-05-12,I,2026-05-15 18:45:39,2026-05-13 10:41:01
6520000,202665200000800458,제주특별자치도 서귀포시 안덕면,제주특별자치도 서귀포시 안덕면 사계중앙로3번길 14,제주특별자치도 서귀포시 안덕면 사계리 2249-2,시설물관리,6,,반경10m,30,,064-760-4366,33.2306589438,126.2990413946,2025-05-12,I,2026-05-15 18:45:39,2026-05-13 10:41:02
6520000,202665200000800008,제주특별자치도 서귀포시 주민복지과,제주특별자치도 서귀포시 대정읍 신영로 23,제주특별자치도 서귀포시 대정읍 하모리 1191-1,시설물관리,24,,복지관 전체,30,,064-760-2524,33.2239028744,126.247879056,2025-05-12,I,2026-05-15 18:45:39,2026-05-13 10:40:58
6520000,202665200000800424,제주특별자치도 서귀포시 안덕면,,제주특별자치도 서귀포시 안덕면 덕수리 792-3,시설물관리,2,,반경10m,30,,064-760-4366,33.2543094585,126.3112545792,2025-05-12,I,2026-05-15 18:45:39,2026-05-13 10:41:01
6520000,202665200000800485,제주특별자치도 서귀포시 표선면,제주특별자치도 서귀포시 표선면 민속해안로 30,제주특별자치도 서귀포시 표선면 세화리 200-1,시설물관리,2,,반경10M,30,,064-760-4462,33.3044051,126.8060972,2025-05-12,I,2026-05-15 18:45:39,2026-05-13 10:41:02
6520000,202665200000800069,제주특별자치도 서귀포시 관광지관리소,제주특별자치도 서귀포시 천제연로 132,제주특별자치도 서귀포시 중문동 2232,시설물관리,2,,반경 10M,30,,064-760-6331,33.2526754971,126.4183742424,2025-05-12,I,2026-05-15 18:45:39,2026-05-13 10:40:59
6520000,202665200000800061,제주특별자치도 서귀포시 도서관운영사무소,제주특별자치도 서귀포시 중문관광로 346,제주특별자치도 서귀포시 중문동 1921-1,시설물관리,3,,반경 10m,30,,064-760-3713,33.2509474673,126.4321520265,2025-05-12,I,2026-05-15 18:45:39,2026-05-13 10:40:59
6520000,202665200000800521,제주특별자치도 서귀포시 송산동,,제주특별자치도 서귀포시 보목동 420,시설물관리,2,,보목동 420일원,30,,064-760-4513,33.2426583199,126.6045161176,2025-05-12,I,2026-05-15 18:45:39,2026-05-13 10:41:02
6520000,202665200000800529,제주특별자치도 서귀포시 정방동,제주특별자치도 서귀포시 태평로439번길 20,제주특별자치도 서귀포시 서귀동 412-14,쓰레기단속,2,,서귀동412-14 (동사무소 앞 클린하우스) 클린하우스 앞 정면 5m,30,,064-760-4536,33.24677585,126.5650994,2025-05-12,I,2026-05-15 18:45:39,2026-05-13 10:41:02
6520000,202665200000800102,제주특별자치도 서귀포시 생활환경과,제주특별자치도 서귀포시 산록남로1241번길 145,제주특별자치도 서귀포시 색달동 산 8-2,시설물관리,1,,정면,30,,064-760-3853,33.3069474346,126.4189701447,2025-05-12,I,2026-05-15 18:45:39,2026-05-13 10:40:59
6520000,202665200000800673,제주특별자치도 서귀포시 중문동,,제주특별자치도 서귀포시 하원동 493,생활방범,3,,하원동 493번지 일원,30,,064-760-4837,33.2573924861,126.460001457,2025-05-12,I,2026-05-15 18:45:39,2026-05-13 10:41:10
6520000,202665200000800093,제주특별자치도 서귀포시 해양수산과,제주특별자치도 서귀포시 대정읍 최남단해안로 120,제주특별자치도 서귀포시 대정읍 하모리 646-20,시설물관리,7,,서귀포시 대정읍 하모리 646-20 등 운진항 일원,30,,064-760-2754,33.21006508,126.2583798,2025-05-12,I,2026-05-15 18:45:39,2026-05-13 10:40:59
6520000,202665200000800247,제주특별자치도 서귀포시 교통행정과,제주특별자치도 서귀포시 솜반천로6번길 17,제주특별자치도 서귀포시 서홍동 397-14,시설물관리,35,,"서홍동 397-14, 통합주차관제센터 및 서홍공영주차장",30,,064-760-3138,33.256053321,126.5593009763,2025-05-12,I,2026-05-15 18:45:39,2026-05-13 10:41:00
6520000,202665200000800181,제주특별자치도 서귀포시 안전총괄과,,제주특별자치도 서귀포시 남원읍 하례리 산 53-1,재난재해,1,,시설 외부 360도,30,,064-760-3283,33.3166918762,126.5974151698,2025-05-12,I,2026-05-15 18:45:39,2026-05-13 10:40:59
6520000,202665200000800189,제주특별자치도 서귀포시 안전총괄과,,제주특별자치도 서귀포시 대정읍 무릉리 4097-38,재난재해,1,,시설 외부 360도,30,,064-760-3283,33.2536821214,126.1940556904,2025-05-12,I,2026-05-15 18:45:39,2026-05-13 10:40:59
6520000,202665200000800436,제주특별자치도 서귀포시 안덕면,,제주특별자치도 서귀포시 안덕면 동광리 491-8,시설물관리,3,,반경10m,30,,064-760-4366,33.3101482288,126.3493638251,2025-05-12,I,2026-05-15 18:45:39,2026-05-13 10:41:01
6520000,202665200000800040,제주특별자치도 서귀포시 체육진흥과,제주특별자치도 서귀포시 서호남로 19-30,제주특별자치도 서귀포시 서호동 1602,시설물관리,18,,시설 내 외부,30,,064-760-3626,33.2525461361,126.5161895225,2025-05-12,I,2026-05-15 18:45:39,2026-05-13 10:40:58
6520000,202665200000800048,제주특별자치도 서귀포시 체육진흥과,제주특별자치도 서귀포시 효돈순환로 311-29,제주특별자치도 서귀포시 신효동 910,시설물관리,5,,시설 내 외부,30,,064-760-3626,33.25836456,126.6103691,2025-05-12,I,2026-05-15 18:45:39,2026-05-13 10:40:59
6520000,202665200000800041,제주특별자치도 서귀포시 체육진흥과,제주특별자치도 서귀포시 남원읍 신례로 96,제주특별자치도 서귀포시 남원읍 신례리 544-2,시설물관리,15,,시설 내 외부,30,,064-760-3626,33.27680424,126.6409078,2025-05-12,I,2026-05-15 18:45:39,2026-05-13 10:40:58
6520000,202665200000800049,제주특별자치도 서귀포시 체육진흥과,,제주특별자치도 서귀포시 하예동 1160-1,시설물관리,5,,시설 내 외부,30,,064-760-3626,33.2443547932,126.3818127618,2025-05-12,I,2026-05-15 18:45:39,2026-05-13 10:40:59
6520000,202665200000800076,제주특별자치도 서귀포시 경제일자리과,제주특별자치도 서귀포시 토평서로11번길 142,제주특별자치도 서귀포시 동홍동 779-1,시설물관리,53,,반경10m,30,,064-760-2635,33.26778949,126.5737419,2025-05-12,I,2026-05-15 18:45:39,2026-05-13 10:40:59
6520000,202665200000800037,제주특별자치도 서귀포시 관광진흥과,제주특별자치도 서귀포시 칠십리로214번길 17-17,제주특별자치도 서귀포시 동홍동 234-8,시설물관리,9,,소라의성 내·외부,30,,064-760-3944,33.2451792,126.5769551,2025-05-12,I,2026-05-15 18:45:39,2026-05-13 10:40:58
6520000,202665200000800068,제주특별자치도 서귀포시 관광지관리소,제주특별자치도 서귀포시 이어도로 36-24,제주특별자치도 서귀포시 중문동 2757-10,시설물관리,8,,반경 10M,30,,064-760-6351,33.2389016322,126.4264613924,2025-05-12,I,2026-05-15 18:45:39,2026-05-13 10:40:59
6520000,202665200000800292,제주특별자치도 서귀포시 대정읍,제주특별자치도 서귀포시 대정읍 상모로191번길 10,제주특별자치도 서귀포시 대정읍 상모리 2669-3,시설물관리,2,,상모리 2669-3,30,,064-760-4062,33.22464967,126.2681191,2025-05-12,I,2026-05-15 18:45:39,2026-05-13 10:41:00
6520000,202665200000800517,제주특별자치도 서귀포시 송산동,,제주특별자치도 서귀포시 서귀동 633-6,시설물관리,2,,서귀동 633-6 일원,30,,064-760-4513,33.2433950761,126.5627024824,2025-05-12,I,2026-05-15 18:45:39,2026-05-13 10:41:02
6520000,202665200000800060,제주특별자치도 서귀포시 도서관운영사무소,제주특별자치도 서귀포시 일주동로 8232,제주특별자치도 서귀포시 신효동 1120-1,시설물관리,8,,반경10M,30,,064-760-3694,33.2617578,126.6083181,2025-05-12,I,2026-05-15 18:45:39,2026-05-13 10:40:59
6520000,202665200000800190,제주특별자치도 서귀포시 안전총괄과,,제주특별자치도 서귀포시 대정읍 상모리 2759-1,재난재해,1,,시설 외부 360도,30,,064-760-3283,33.2209899512,126.2696683658,2025-05-12,I,2026-05-15 18:45:39,2026-05-13 10:41:00
6520000,202665200000800198,제주특별자치도 서귀포시 안전총괄과,,제주특별자치도 서귀포시 표선면 하천리 1709-3,재난재해,1,,시설 외부 360도,30,,064-760-3154,33.3422326996,126.8187736227,2025-05-12,I,2026-05-15 18:45:39,2026-05-13 10:41:00
6520000,202665200000800443,제주특별자치도 서귀포시 안덕면,제주특별자치도 서귀포시 안덕면 창천중앙로 55,제주특별자치도 서귀포시 안덕면 창천리 106-4,시설물관리,2,,반경10m,30,,064-760-4366,33.2673617939,126.3691999447,2025-05-12,I,2026-05-15 18:45:39,2026-05-13 10:41:01
6520000,202665200000800012,제주특별자치도 서귀포시 장애인복지과,제주특별자치도 서귀포시 표선면 표선중앙로 9-8,제주특별자치도 서귀포시 표선면 표선리 311-6,시설물관리,10,,"공간 전체, 생활영상",30,,064-760-4933,33.33181217,126.8300407,2025-05-12,I,2026-05-15 18:45:39,2026-05-13 10:40:58
6520000,202665200000800488,제주특별자치도 서귀포시 표선면,제주특별자치도 서귀포시 표선면 성읍민속로 55-10,제주특별자치도 서귀포시 표선면 성읍리 1332-14,시설물관리,2,,반경10M,30,,064-760-4462,33.38109381,126.7978384,2025-05-12,I,2026-05-15 18:45:39,2026-05-13 10:41:02
6520000,202665200000800480,제주특별자치도 서귀포시 표선면,,제주특별자치도 서귀포시 표선면 표선리 763-1,시설물관리,2,,반경10M,30,,064-760-4462,33.323304979,126.8289923749,2025-05-12,I,2026-05-15 18:45:39,2026-05-13 10:41:02
6520000,202665200000800279,제주특별자치도 서귀포시 서부보건소,제주특별자치도 서귀포시 안덕면 산방로 349,제주특별자치도 서귀포시 안덕면 사계리 1772-14,시설물관리,3,,반경 10m,30,,064-760-6212,33.23202822,126.2994392,2025-05-12,I,2026-05-15 18:45:39,2026-05-13 10:41:00
6520000,202665200000800207,제주특별자치도 서귀포시 도시과,,제주특별자치도 서귀포시 남원읍 수망리 산 210,생활방범,6,,대정몽생이센터,30,,064-760-2994,33.345863261,126.69997534,2025-05-12,I,2026-05-15 18:45:39,2026-05-13 10:41:00
6520000,202665200000800167,제주특별자치도 서귀포시 안전총괄과,,제주특별자치도 서귀포시 토평동 3246,재난재해,1,,시설 외부 360도,30,,064-760-3283,33.2983204002,126.5886351393,2025-05-12,I,2026-05-15 18:45:39,2026-05-13 10:40:59
6520000,202665200000800222,제주특별자치도 서귀포시 교통행정과,제주특별자치도 서귀포시 중정로73번길 22,제주특별자치도 서귀포시 서귀동 271-38,시설물관리,20,,"서귀포시 서귀동 271-38
(매일올레시장 공영주차장)",30,,064-760-3138,33.25001991,126.5639634,2025-05-12,I,2026-05-15 18:45:39,2026-05-13 10:41:00
6520000,202665200000800526,제주특별자치도 서귀포시 송산동,제주특별자치도 서귀포시 마소물로120번길 12-27,제주특별자치도 서귀포시 보목동 1095-2,시설물관리,2,,마소물로120번길 12-27 일원,30,,064-760-4513,33.2501772,126.5977668,2025-05-12,I,2026-05-15 18:45:39,2026-05-13 10:41:02
6520000,202665200000800096,제주특별자치도 서귀포시 해양수산과,제주특별자치도 서귀포시 안덕면 형제해안로 13,제주특별자치도 서귀포시 안덕면 사계리 2147-32,시설물관리,4,,서귀포시 안덕면 사계리 2147-32 등 사계항 일원,30,,064-760-2754,33.22806467,126.3053971,2025-05-12,I,2026-05-15 18:45:39,2026-05-13 10:40:59
6520000,202665200000800271,제주특별자치도 서귀포시 서부보건소,제주특별자치도 서귀포시 대정읍 최남단해안로15번길 12,제주특별자치도 서귀포시 대정읍 하모리 767-8,시설물관리,2,,반경 10m,30,,064-760-6212,33.21867194,126.2532449,2025-05-12,I,2026-05-15 18:45:39,2026-05-13 10:41:00
6520000,202665200000800194,제주특별자치도 서귀포시 안전총괄과,,제주특별자치도 서귀포시 표선면 하천리 2601,재난재해,1,,시설 외부 360도,30,,064-760-3283,33.3549566477,126.838655084,2025-05-12,I,2026-05-15 18:45:39,2026-05-13 10:41:00
6520000,202665200000800334,제주특별자치도 서귀포시 성산읍,제주특별자치도 서귀포시 성산읍 일주동로 4330,제주특별자치도 서귀포시 성산읍 고성리 1023-2,시설물관리,8,,설치장소 주변,30,,064-760-4212,33.44264183,126.9110601,2025-05-12,I,2026-05-15 18:45:39,2026-05-13 10:41:01
6520000,202665200000800394,제주특별자치도 서귀포시 성산읍,,제주특별자치도 서귀포시 성산읍 시흥리 692,생활방범,4,,시흥리 692 카메라주변,30,,064-760-4271,33.471241794,126.8996339591,2025-05-12,I,2026-05-15 18:45:39,2026-05-13 10:41:01
6520000,202665200000800217,제주특별자치도 서귀포시 교통행정과,제주특별자치도 서귀포시 서문로 7,제주특별자치도 서귀포시 서귀동 298-2,시설물관리,57,,"서귀포시 서귀동 298-2
(중앙로터리 공영주차장)",30,,064-760-3138,33.2516786918,126.5604947602,2025-05-12,I,2026-05-15 18:45:39,2026-05-13 10:41:00
6520000,202665200000800383,제주특별자치도 서귀포시 성산읍,,제주특별자치도 서귀포시 성산읍 오조리 709,시설물관리,3,,클린하우스 주변,30,,064-760-4262,33.4629324845,126.9147306249,2025-05-12,I,2026-05-15 18:45:39,2026-05-13 10:41:01
6520000,202665200000800486,제주특별자치도 서귀포시 표선면,제주특별자치도 서귀포시 표선면 민속해안로 566-1,제주특별자치도 서귀포시 표선면 표선리 40-10,시설물관리,2,,반경10M,30,,064-760-4462,33.32475391,126.8451083,2025-05-12,I,2026-05-15 18:45:39,2026-05-13 10:41:02
6520000,202665200000800354,제주특별자치도 서귀포시 성산읍,제주특별자치도 서귀포시 성산읍 삼달로 166,제주특별자치도 서귀포시 성산읍 삼달리 455-1,시설물관리,2,,클린하우스 주변,30,,064-760-4262,33.37343762,126.8519128,2025-05-12,I,2026-05-15 18:45:39,2026-05-13 10:41:01
6520000,202665200000800422,제주특별자치도 서귀포시 안덕면,제주특별자치도 서귀포시 안덕면 사계신항로17번길 14,제주특별자치도 서귀포시 안덕면 사계리 3596,시설물관리,4,,반경10m,30,,064-760-4366,33.2500278439,126.3227612783,2025-05-12,I,2026-05-15 18:45:39,2026-05-13 10:41:01
6520000,202665200000800182,제주특별자치도 서귀포시 안전총괄과,,제주특별자치도 서귀포시 표선면 성읍리 2197-3,재난재해,1,,시설 외부 360도,30,,064-760-3283,33.3822597524,126.7922843526,2025-05-12,I,2026-05-15 18:45:39,2026-05-13 10:40:59
6520000,202665200000800062,제주특별자치도 서귀포시 도서관운영사무소,제주특별자치도 서귀포시 일주동로 8593,제주특별자치도 서귀포시 동홍동 646-1,시설물관리,12,,반경10M,30,,064-760-3723,33.25431516,126.5699892,2025-05-12,I,2026-05-15 18:45:39,2026-05-13 10:40:59
6520000,202665200000800057,제주특별자치도 서귀포시 서귀포예술의전당,제주특별자치도 서귀포시 태평로 270,제주특별자치도 서귀포시 서홍동 551-1,시설물관리,16,,반영 10m,30,,064-760-3362,33.24633342,126.5507911,2025-05-12,I,2026-05-15 18:45:39,2026-05-13 10:40:59
6520000,202665200000800233,제주특별자치도 서귀포시 교통행정과,,제주특별자치도 서귀포시 동홍동 429,시설물관리,8,,"동홍동 429, 동홍 공영노외2주차장",30,,064-760-3138,33.2518156407,126.5694960537,2025-05-12,I,2026-05-15 18:45:39,2026-05-13 10:41:00
6520000,202665200000800382,제주특별자치도 서귀포시 성산읍,제주특별자치도 서귀포시 성산읍 오조로70번길 16-2,제주특별자치도 서귀포시 성산읍 오조리 90-23,시설물관리,5,,클린하우스 주변,30,,064-760-4262,33.4603568228,126.9169842514,2025-05-12,I,2026-05-15 18:45:39,2026-05-13 10:41:01
6520000,202665200000800304,제주특별자치도 서귀포시 대정읍,,제주특별자치도 서귀포시 대정읍 하모리 765-7,시설물관리,3,,하모리 765-7,30,,064-760-4062,33.2184281141,126.2530394388,2025-05-12,I,2026-05-15 18:45:39,2026-05-13 10:41:00
6520000,202665200000800124,제주특별자치도 서귀포시 안전총괄과,,제주특별자치도 서귀포시 상효동 산 108-13,재난재해,1,,시설 외부 360도,30,,064-760-3283,33.3163238223,126.5968839749,2025-05-12,I,2026-05-15 18:45:39,2026-05-13 10:40:59
6520000,202665200000800393,제주특별자치도 서귀포시 성산읍,,제주특별자치도 서귀포시 성산읍 시흥리 1432-2,생활방범,5,,시흥리 1432-2 카메라주변,30,,064-760-4271,33.4732505566,126.8902770382,2025-05-12,I,2026-05-15 18:45:39,2026-05-13 10:41:01
6520000,202665200000800289,제주특별자치도 서귀포시 대정읍,,제주특별자치도 서귀포시 대정읍 신도리 2936,시설물관리,2,,영농폐기물 집하장 주변,30,,064-760-4068,33.2831746788,126.1699273595,2025-05-12,I,2026-05-15 18:45:39,2026-05-13 10:41:00
6520000,202665200000800281,제주특별자치도 서귀포시 서부보건소,제주특별자치도 서귀포시 안덕면 중산간서로 2118,제주특별자치도 서귀포시 안덕면 서광리 2059-3,시설물관리,4,,반경 10m,30,,064-760-6212,33.284225714,126.2991502168,2025-05-12,I,2026-05-15 18:45:39,2026-05-13 10:41:00
6520000,202665200000800331,제주특별자치도 서귀포시 대정읍,제주특별자치도 서귀포시 대정읍 마라로 127,제주특별자치도 서귀포시 대정읍 가파리 583-10,시설물관리,4,,마라로 127,30,,064-760-4062,33.11396044,126.2677849,2025-05-12,I,2026-05-15 18:45:39,2026-05-13 10:41:01
6520000,202665200000800339,제주특별자치도 서귀포시 성산읍,제주특별자치도 서귀포시 성산읍 신풍상동로 4,제주특별자치도 서귀포시 성산읍 신풍리 723,시설물관리,5,,재활용도움센터 내외부,30,,064-760-4263,33.3613989265,126.835269125,2025-05-12,I,2026-05-15 18:45:39,2026-05-13 10:41:01
6520000,202665200000800536,제주특별자치도 서귀포시 정방동,,제주특별자치도 서귀포시 서귀동 485-10,쓰레기단속,2,,서귀동 485-10 (계림시티빌 옆 클린하우스) 클린하우스 앞 정면 5m,30,,064-760-4536,33.2457197093,126.5633931717,2025-05-12,I,2026-05-15 18:45:39,2026-05-13 10:41:02
6520000,202665200000800574,제주특별자치도 서귀포시 효돈동,제주특별자치도 서귀포시 남선동산로 26,제주특별자치도 서귀포시 하효동 152-1,시설물관리,1,,반경10m,30,,064-760-4621,33.263302,126.6155615,2025-05-12,I,2026-05-15 18:45:39,2026-05-13 10:41:03
6520000,202665200000800067,제주특별자치도 서귀포시 관광지관리소,제주특별자치도 서귀포시 칠십리로214번길 35-1,제주특별자치도 서귀포시 동홍동 277,시설물관리,5,,반경 10M,30,,064-760-6341,33.24460583,126.5732259,2025-05-12,I,2026-05-15 18:45:39,2026-05-13 10:40:59
6520000,202665200000800161,제주특별자치도 서귀포시 안전총괄과,제주특별자치도 서귀포시 돈내코로 137,제주특별자치도 서귀포시 상효동 1463,재난재해,1,,시설 외부 360도,30,,064-760-3283,33.3005023955,126.5819505342,2025-05-12,I,2026-05-15 18:45:39,2026-05-13 10:40:59
6520000,202665200000800347,제주특별자치도 서귀포시 성산읍,제주특별자치도 서귀포시 성산읍 금백조로 53,제주특별자치도 서귀포시 성산읍 수산리 1992-9,시설물관리,6,,재활용도움센터 내외부,30,,064-760-4263,33.4393997746,126.8672954631,2025-05-12,I,2026-05-15 18:45:39,2026-05-13 10:41:01
6520000,202665200000800162,제주특별자치도 서귀포시 안전총괄과,,제주특별자치도 서귀포시 강정동 3055,재난재해,1,,시설 외부 360도,30,,064-760-3283,33.2365604541,126.490375379,2025-05-12,I,2026-05-15 18:45:39,2026-05-13 10:40:59
6520000,202665200000800169,제주특별자치도 서귀포시 안전총괄과,제주특별자치도 서귀포시 안덕면 사계남로84번길 4-9,제주특별자치도 서귀포시 안덕면 사계리 2294-34,재난재해,1,,시설 외부 360도,30,,064-760-3283,33.22595579,126.2984566,2025-05-12,I,2026-05-15 18:45:39,2026-05-13 10:40:59
6520000,202665200000800119,제주특별자치도 서귀포시 안전총괄과,,제주특별자치도 서귀포시 강정동 2672-6,재난재해,1,,시설 외부 360도,30,,064-760-3283,33.2338795356,126.4869926485,2025-05-12,I,2026-05-15 18:45:39,2026-05-13 10:40:59
6520000,202665200000800111,제주특별자치도 서귀포시 안전총괄과,제주특별자치도 서귀포시 안덕면 감산로44번길 50,제주특별자치도 서귀포시 안덕면 감산리 1947,재난재해,1,,시설 외부 360도,30,,064-760-3283,33.2623799626,126.3560534519,2025-05-12,I,2026-05-15 18:45:39,2026-05-13 10:40:59
6520000,202665200000800466,제주특별자치도 서귀포시 안덕면,,제주특별자치도 서귀포시 안덕면 서광리 128,시설물관리,5,,반경10m,30,,064-760-4363,33.2853281121,126.3328247931,2025-05-12,I,2026-05-15 18:45:39,2026-05-13 10:41:02
6520000,202665200000800079,제주특별자치도 서귀포시 경제일자리과,제주특별자치도 서귀포시 대정읍 영서중로13번길 9-8,제주특별자치도 서귀포시 대정읍 하모리 824-8,시설물관리,12,,반경10m,30,,064-760-2635,33.2219796367,126.2545143592,2025-05-12,I,2026-05-15 18:45:39,2026-05-13 10:40:59
6520000,202665200000800360,제주특별자치도 서귀포시 성산읍,,제주특별자치도 서귀포시 성산읍 고성리 1065-4,시설물관리,3,,클린하우스 주변,30,,064-760-4262,33.4479502629,126.9113072047,2025-05-12,I,2026-05-15 18:45:39,2026-05-13 10:41:01
6520000,202665200000800368,제주특별자치도 서귀포시 성산읍,,제주특별자치도 서귀포시 성산읍 고성리 1152-8,시설물관리,2,,클린하우스 주변,30,,064-760-4262,33.4523723526,126.9113501704,2025-05-12,I,2026-05-15 18:45:39,2026-05-13 10:41:01
6520000,202665200000800585,제주특별자치도 서귀포시 효돈동,제주특별자치도 서귀포시 칠십리로 736,제주특별자치도 서귀포시 하효동 910,시설물관리,6,,반경5m,30,,064-760-4642,33.2576359922,126.6176727904,2025-05-12,I,2026-05-15 18:45:39,2026-05-13 10:41:03
6520000,202665200000800662,제주특별자치도 서귀포시 중문동,제주특별자치도 서귀포시 천제연로208번길 16,제주특별자치도 서귀포시 중문동 2036,생활방범,3,,중문동 2036번지 일원,30,,064-760-4837,33.25032301,126.426495,2025-05-12,I,2026-05-15 18:45:39,2026-05-13 10:41:04
6520000,202665200000800636,제주특별자치도 서귀포시 대륜동,,제주특별자치도 서귀포시 법환동 451-2,시설물관리,3,,반경 5m,30,,064-760-4762,33.2405970464,126.5168021041,2025-05-12,I,2026-05-15 18:45:39,2026-05-13 10:41:04
6520000,202665200000800656,제주특별자치도 서귀포시 대천동,제주특별자치도 서귀포시 도순로 44,제주특별자치도 서귀포시 도순동 272-1,시설물관리,9,,대천동주민센터 2M 내,30,,064-760-4782,33.25076206,126.4775399,2025-05-12,I,2026-05-15 18:45:39,2026-05-13 10:41:04
6520000,202665200000800170,제주특별자치도 서귀포시 안전총괄과,,제주특별자치도 서귀포시 법환동 286-4,재난재해,1,,시설 외부 360도,30,,064-760-3283,33.2367254984,126.5161013693,2025-05-12,I,2026-05-15 18:45:39,2026-05-13 10:40:59
6520000,202665200000800178,제주특별자치도 서귀포시 안전총괄과,,제주특별자치도 서귀포시 안덕면 동광리 산 98,재난재해,1,,시설 외부 360도,30,,064-760-3283,33.3259852594,126.3646599529,2025-05-12,I,2026-05-15 18:45:39,2026-05-13 10:40:59
6520000,202665200000800071,제주특별자치도 서귀포시 관광지관리소,제주특별자치도 서귀포시 효돈순환로 441,제주특별자치도 서귀포시 신효동 1200-6,시설물관리,12,,반경 10M,30,,064-760-6402,33.27159304,126.6074285,2025-05-12,I,2026-05-15 18:45:39,2026-05-13 10:40:59
6520000,202665200000800332,제주특별자치도 서귀포시 남원읍,제주특별자치도 서귀포시 남원읍 태위로 695,제주특별자치도 서귀포시 남원읍 남원리 205-1,시설물관리,27,,청사 내외부,30,,064-760-4118,33.2798959048,126.7206770109,2025-05-12,I,2026-05-15 18:45:39,2026-05-13 10:41:01
6520000,202665200000800583,제주특별자치도 서귀포시 효돈동,제주특별자치도 서귀포시 쇠소깍로48번길 9,제주특별자치도 서귀포시 하효동 429,시설물관리,2,,반경5m,30,,064-760-4642,33.2599210322,126.6233881449,2025-05-12,I,2026-05-15 18:45:39,2026-05-13 10:41:03
6520000,202665200000800205,제주특별자치도 서귀포시 건설과,,제주특별자치도 서귀포시 상예동 280-1,기타,1,,상예동 280-1번지 일원,,,064-760-3094,33.2597655659,126.4022308607,2025-05-12,I,2026-05-15 18:45:39,2026-05-13 10:41:00
6520000,202665200000800677,제주특별자치도 서귀포시 중문동,제주특별자치도 서귀포시 대포중앙로 53,제주특별자치도 서귀포시 대포동 2607,생활방범,2,,대포동 2607번지 일원,30,,064-760-4837,33.2463387747,126.4326556789,2025-05-12,I,2026-05-15 18:45:39,2026-05-13 10:41:10
6520000,202665200000800372,제주특별자치도 서귀포시 성산읍,제주특별자치도 서귀포시 성산읍 난산로 29,제주특별자치도 서귀포시 성산읍 난산리 1108,시설물관리,4,,클린하우스 주변,30,,064-760-4262,33.40077459,126.8713598,2025-05-12,I,2026-05-15 18:45:39,2026-05-13 10:41:01
6520000,202665200000800290,제주특별자치도 서귀포시 대정읍,제주특별자치도 서귀포시 대정읍 비자낭로28번길 17,제주특별자치도 서귀포시 대정읍 신도리 2048-1,시설물관리,2,,영농폐기물 집하장 주변,30,,064-760-4068,33.286418222,126.1819253396,2025-05-12,I,2026-05-15 18:45:39,2026-05-13 10:41:00
6520000,202665200000800298,제주특별자치도 서귀포시 대정읍,,제주특별자치도 서귀포시 대정읍 하모리 814-2,시설물관리,3,,하모리 814-2,30,,064-760-4062,33.2214496609,126.255745153,2025-05-12,I,2026-05-15 18:45:39,2026-05-13 10:41:00
6520000,202665200000800259,제주특별자치도 서귀포시 동부보건소,제주특별자치도 서귀포시 남원읍 중산간동로 5774,제주특별자치도 서귀포시 남원읍 신흥리 1770-20,시설물관리,4,,신흥보건진료소 외부 청사,30,,064-760-6115,33.31984285,126.7479063,2025-05-12,I,2026-05-15 18:45:39,2026-05-13 10:41:00
6520000,202665200000800251,제주특별자치도 서귀포시 보건행정과,제주특별자치도 서귀포시 강정통물로 125-11,제주특별자치도 서귀포시 강정동 4362-10,시설물관리,7,,정면,30,,064-760-6591,33.2376001636,126.4772283136,2025-05-12,I,2026-05-15 18:45:39,2026-05-13 10:41:00
6520000,202665200000800635,제주특별자치도 서귀포시 대륜동,,제주특별자치도 서귀포시 강정동 475-2,시설물관리,4,,반경 5m,30,,064-760-4762,33.2364956368,126.5072023268,2025-05-12,I,2026-05-15 18:45:39,2026-05-13 10:41:04
6520000,202665200000800246,제주특별자치도 서귀포시 교통행정과,,제주특별자치도 서귀포시 안덕면 창천리 930-5,시설물관리,7,,"창천리 930-5, 대평 공영주차장",30,,064-760-3138,33.2384865025,126.3657016957,2025-05-12,I,2026-05-15 18:45:39,2026-05-13 10:41:00
6520000,202665200000800463,제주특별자치도 서귀포시 안덕면,제주특별자치도 서귀포시 안덕면 사계남로 75-26,제주특별자치도 서귀포시 안덕면 사계리 2185-1,시설물관리,1,,반경10m,30,,064-760-4363,33.2287882325,126.3001397382,2025-05-12,I,2026-05-15 18:45:39,2026-05-13 10:41:02
6520000,202665200000800113,제주특별자치도 서귀포시 안전총괄과,,제주특별자치도 서귀포시 안덕면 상천리 176-3,재난재해,1,,시설 외부 360도,30,,064-760-3283,33.3011122166,126.4025342972,2025-05-12,I,2026-05-15 18:45:39,2026-05-13 10:40:59
6520000,202665200000800236,제주특별자치도 서귀포시 교통행정과,제주특별자치도 서귀포시 중정로 35,제주특별자치도 서귀포시 서귀동 312-5,시설물관리,55,,"서귀동 312-5, 아랑조을거리 공영주차장",30,,064-760-3138,33.2479106972,126.5604204801,2025-05-12,I,2026-05-15 18:45:39,2026-05-13 10:41:00
6520000,202665200000800090,제주특별자치도 서귀포시 해양수산과,제주특별자치도 서귀포시 쇠소깍로 151-7,제주특별자치도 서귀포시 하효동 999-3,시설물관리,4,,서귀포시 하효동 999-3 등 하효항 일원,30,,064-760-2754,33.2501665619,126.6209605045,2025-05-12,I,2026-05-15 18:45:39,2026-05-13 10:40:59
6520000,202665200000800098,제주특별자치도 서귀포시 생활환경과,제주특별자치도 서귀포시 산록남로1241번길 145,제주특별자치도 서귀포시 색달동 산 8-2,시설물관리,4,,정면,30,,064-760-3853,33.3069474346,126.4189701447,2025-05-12,I,2026-05-15 18:45:39,2026-05-13 10:40:59
6520000,202665200000800264,제주특별자치도 서귀포시 동부보건소,제주특별자치도 서귀포시 성산읍 풍천로192번길 40-1,제주특별자치도 서귀포시 성산읍 신풍리 824,시설물관리,4,,신풍보건진료소 외부 청사,30,,064-760-6115,33.36121113,126.8388508,2025-05-12,I,2026-05-15 18:45:39,2026-05-13 10:41:00
6520000,202665200000800467,제주특별자치도 서귀포시 안덕면,,제주특별자치도 서귀포시 안덕면 동광리 747,시설물관리,2,,반경10m,30,,064-760-4363,33.3029541289,126.3426113066,2025-05-12,I,2026-05-15 18:45:39,2026-05-13 10:41:02
6520000,202665200000800023,제주특별자치도 서귀포시 여성가족과,제주특별자치도 서귀포시 열리로 80,제주특별자치도 서귀포시 상예동 1253-1,시설물관리,4,,시설전반,30,,064-760-4896,33.24702788,126.390262,2025-05-12,I,2026-05-15 18:45:39,2026-05-13 10:40:58
6520000,202665200000800626,제주특별자치도 서귀포시 서홍동,제주특별자치도 서귀포시 중앙로 105,제주특별자치도 서귀포시 서홍동 440-1,시설물관리,2,,클린하우스 인근,30,,064-760-4748,33.25420363,126.5602182,2025-05-12,I,2026-05-15 18:45:39,2026-05-13 10:41:04
6520000,202665200000800263,제주특별자치도 서귀포시 동부보건소,제주특별자치도 서귀포시 표선면 가시로613번길 56-1,제주특별자치도 서귀포시 표선면 가시리 1875,시설물관리,4,,가시보건진료소 외부 청사,30,,064-760-6115,33.35410337,126.7712611,2025-05-12,I,2026-05-15 18:45:39,2026-05-13 10:41:00
